# Converted from gba.s3d
# normalized_size 1.000000 0.574522
# triangles 1092
v -0.00000002 0.03078980 0.04827632
v 0.35515872 0.21998146 0.04827631
v 0.36134303 0.21584930 0.04827631
v -0.00000002 0.03078980 0.04827632
v 0.34786391 0.22143255 0.04827631
v 0.35515872 0.21998146 0.04827631
v -0.00000002 0.03078980 0.04827632
v 0.36134303 0.21584930 0.04827631
v 0.36547521 0.20966500 0.04827631
v -0.00000002 0.03078980 0.04827632
v -0.00000002 0.22143255 0.04827631
v 0.34786391 0.22143255 0.04827631
v -0.00000002 0.03078980 0.04827632
v 0.36547521 0.20966500 0.04827631
v 0.36692625 0.20237014 0.04827631
v -0.00000002 0.03078980 0.04827632
v -0.34786391 0.22143255 0.04827631
v -0.00000002 0.22143255 0.04827631
v -0.00000002 0.03078980 0.04827632
v 0.36692625 0.20237014 0.04827631
v 0.36692625 -0.14079057 0.04827633
v -0.00000002 0.03078980 0.04827632
v -0.35515881 0.21998146 0.04827631
v -0.34786391 0.22143255 0.04827631
v -0.00000002 0.03078980 0.04827632
v 0.36692625 -0.14079057 0.04827633
v 0.36547521 -0.14808543 0.04827634
v -0.00000002 0.03078980 0.04827632
v -0.36134303 0.21584930 0.04827631
v -0.35515881 0.21998146 0.04827631
v -0.00000002 0.03078980 0.04827632
v 0.36547521 -0.14808543 0.04827634
v 0.36134303 -0.15426968 0.04827634
v -0.00000002 0.03078980 0.04827632
v -0.36547527 0.20966500 0.04827631
v -0.36134303 0.21584930 0.04827631
v -0.00000002 0.03078980 0.04827632
v 0.36134303 -0.15426968 0.04827634
v 0.35515872 -0.15840188 0.04827634
v -0.00000002 0.03078980 0.04827632
v -0.36692625 0.20237014 0.04827631
v -0.36547527 0.20966500 0.04827631
v -0.00000002 0.03078980 0.04827632
v 0.35515872 -0.15840188 0.04827634
v 0.34786391 -0.15985291 0.04827634
v -0.00000002 0.03078980 0.04827632
v -0.36692625 -0.14079057 0.04827633
v -0.36692625 0.20237014 0.04827631
v -0.00000002 0.03078980 0.04827632
v 0.34786391 -0.15985291 0.04827634
v -0.00000002 -0.15985291 0.04827634
v -0.00000002 0.03078980 0.04827632
v -0.36547527 -0.14808543 0.04827634
v -0.36692625 -0.14079057 0.04827633
v -0.00000002 0.03078980 0.04827632
v -0.00000002 -0.15985291 0.04827634
v -0.34786391 -0.15985291 0.04827634
v -0.00000002 0.03078980 0.04827632
v -0.36134303 -0.15426968 0.04827634
v -0.36547527 -0.14808543 0.04827634
v -0.00000002 0.03078980 0.04827632
v -0.34786391 -0.15985291 0.04827634
v -0.35515881 -0.15840188 0.04827634
v -0.00000002 0.03078980 0.04827632
v -0.35515881 -0.15840188 0.04827634
v -0.36134303 -0.15426968 0.04827634
v 0.49571037 -0.25475132 -0.07809075
v 0.49999991 -0.25517380 -0.07380121
v 0.49999991 -0.17962125 -0.07380122
v 0.49999991 -0.17962125 -0.07380122
v 0.49571037 -0.17962125 -0.07809075
v 0.49571037 -0.25475132 -0.07809075
v 0.49999991 -0.25517380 -0.07380121
v 0.49571037 -0.25475132 -0.07809075
v 0.49351677 -0.26577950 -0.07809075
v 0.49351677 -0.26577950 -0.07809075
v 0.49755740 -0.26745316 -0.07380121
v 0.49999991 -0.25517380 -0.07380121
v 0.49057165 -0.27783173 -0.07378001
v 0.49755740 -0.26745316 -0.07380121
v 0.49351677 -0.26577950 -0.07809075
v 0.49351677 -0.26577950 -0.07809075
v 0.48749375 -0.27475497 -0.07809075
v 0.49057165 -0.27783173 -0.07378001
v 0.49057165 -0.27783173 -0.07378001
v 0.48749375 -0.27475497 -0.07809075
v 0.47851807 -0.28077802 -0.07809075
v 0.47851807 -0.28077802 -0.07809075
v 0.48019186 -0.28481871 -0.07380121
v 0.49057165 -0.27783173 -0.07378001
v 0.46791250 -0.28726125 -0.07380121
v 0.48019186 -0.28481871 -0.07380121
v 0.47851807 -0.28077802 -0.07809075
v 0.47851807 -0.28077802 -0.07809075
v 0.46748999 -0.28297171 -0.07809075
v 0.46791250 -0.28726125 -0.07380121
v 0.32219785 -0.28726125 -0.07380328
v 0.46791250 -0.28726125 -0.07380121
v 0.46748999 -0.28297171 -0.07809075
v 0.46748999 -0.28297171 -0.07809075
v 0.32238609 -0.28296959 -0.07809075
v 0.32219785 -0.28726125 -0.07380328
v 0.32219785 -0.28726125 -0.07380328
v 0.32238609 -0.28296959 -0.07809075
v 0.00000020 -0.28297180 -0.07809075
v 0.00000020 -0.28297180 -0.07809075
v 0.00000020 -0.28726125 -0.07380121
v 0.32219785 -0.28726125 -0.07380328
v -0.32219744 -0.28726125 -0.07380328
v 0.00000020 -0.28726125 -0.07380121
v 0.00000020 -0.28297180 -0.07809075
v 0.00000020 -0.28297180 -0.07809075
v -0.32238567 -0.28296959 -0.07809075
v -0.32219744 -0.28726125 -0.07380328
v -0.32219744 -0.28726125 -0.07380328
v -0.32238567 -0.28296959 -0.07809075
v -0.46748999 -0.28297171 -0.07809075
v -0.46748999 -0.28297171 -0.07809075
v -0.46791250 -0.28726125 -0.07380121
v -0.32219744 -0.28726125 -0.07380328
v -0.46791250 -0.28726125 -0.07380121
v -0.46748999 -0.28297171 -0.07809075
v -0.47851816 -0.28077802 -0.07809075
v -0.47851816 -0.28077802 -0.07809075
v -0.48019186 -0.28481871 -0.07380121
v -0.46791250 -0.28726125 -0.07380121
v -0.49057165 -0.27783173 -0.07378018
v -0.48019186 -0.28481871 -0.07380121
v -0.47851816 -0.28077802 -0.07809075
v -0.47851816 -0.28077802 -0.07809075
v -0.48749390 -0.27475512 -0.07809075
v -0.49057165 -0.27783173 -0.07378018
v -0.49057165 -0.27783173 -0.07378018
v -0.48749390 -0.27475512 -0.07809075
v -0.49351677 -0.26577950 -0.07809075
v -0.49351677 -0.26577950 -0.07809075
v -0.49755749 -0.26745316 -0.07380121
v -0.49057165 -0.27783173 -0.07378018
v -0.50000000 -0.25517380 -0.07380121
v -0.49755749 -0.26745316 -0.07380121
v -0.49351677 -0.26577950 -0.07809075
v -0.49351677 -0.26577950 -0.07809075
v -0.49571046 -0.25475132 -0.07809075
v -0.50000000 -0.25517380 -0.07380121
v -0.50000000 -0.17962125 -0.07380122
v -0.50000000 -0.25517380 -0.07380121
v -0.49571046 -0.25475132 -0.07809075
v -0.49571046 -0.25475132 -0.07809075
v -0.49571046 -0.17962125 -0.07809075
v -0.50000000 -0.17962125 -0.07380122
v 0.49571037 -0.17533171 -0.07380122
v 0.49999991 -0.17962125 -0.07380122
v 0.50000000 -0.17974678 0.01620676
v 0.50000000 -0.17974678 0.01620676
v 0.49591067 -0.17533159 0.01801400
v 0.49571037 -0.17533171 -0.07380122
v 0.49591067 -0.17533159 0.01801400
v 0.50000000 -0.17974678 0.01620676
v 0.49784961 -0.17968395 0.02202150
v -0.43546987 0.28297168 -0.07809079
v 0.43546999 0.28297168 -0.07809079
v 0.43546999 0.28726125 -0.07380125
v 0.43546999 0.28726125 -0.07380125
v -0.43546987 0.28726125 -0.07380125
v -0.43546987 0.28297168 -0.07809079
v 0.44748798 -0.17533159 0.04726888
v 0.44162202 -0.18000562 0.05016385
v 0.44142354 0.28291270 0.05016382
v 0.44142354 0.28291270 0.05016382
v 0.44709730 0.28285375 0.04768543
v 0.44748798 -0.17533159 0.04726888
v 0.44162202 -0.18000562 0.05016385
v 0.36547521 -0.14808543 0.05016386
v 0.36692625 -0.14079057 0.05016385
v 0.36134303 -0.15426968 0.05016386
v 0.36547521 -0.14808543 0.05016386
v 0.44162202 -0.18000562 0.05016385
v 0.44162202 -0.18000562 0.05016385
v 0.36692625 -0.14079057 0.05016385
v 0.36692625 0.20237014 0.05016383
v 0.36692625 0.20237014 0.05016383
v 0.44142354 0.28291270 0.05016382
v 0.44162202 -0.18000562 0.05016385
v 0.36692625 0.20237014 0.05016383
v 0.36547521 0.20966500 0.05016383
v 0.44142354 0.28291270 0.05016382
v 0.36547521 0.20966500 0.05016383
v 0.36134303 0.21584930 0.05016383
v 0.44142354 0.28291270 0.05016382
v 0.36134303 0.21584930 0.05016383
v 0.35515872 0.21998146 0.05016383
v 0.44142354 0.28291270 0.05016382
v 0.35515872 0.21998146 0.05016383
v 0.34786391 0.22143255 0.05016383
v 0.44142354 0.28291270 0.05016382
v 0.34786391 0.22143255 0.05016383
v 0.09447563 0.23652640 0.05016382
v 0.44142354 0.28291270 0.05016382
v -0.00000391 0.28288320 0.05016382
v 0.44142354 0.28291270 0.05016382
v 0.09447563 0.23652640 0.05016382
v 0.09447563 0.23652640 0.05016382
v 0.34786391 0.22143255 0.05016383
v -0.00000002 0.22143255 0.05016382
v 0.09447563 0.23652640 0.05016382
v -0.00000160 0.27173182 0.05016382
v -0.00000391 0.28288320 0.05016382
v -0.00000002 0.22143255 0.05016382
v -0.00000049 0.23652640 0.05016382
v 0.09447563 0.23652640 0.05016382
v -0.00000391 0.28288320 0.05016382
v -0.00000160 0.27173182 0.05016382
v -0.09447563 0.23652640 0.05016382
v -0.09447563 0.23652640 0.05016382
v -0.00000049 0.23652640 0.05016382
v -0.00000002 0.22143255 0.05016382
v -0.00000002 0.22143255 0.05016382
v -0.34786391 0.22143255 0.05016382
v -0.09447563 0.23652640 0.05016382
v -0.09447563 0.23652640 0.05016382
v -0.44137841 0.28285375 0.05016382
v -0.00000391 0.28288320 0.05016382
v -0.09447563 0.23652640 0.05016382
v -0.34786391 0.22143255 0.05016382
v -0.44137841 0.28285375 0.05016382
v -0.34786391 0.22143255 0.05016382
v -0.35515881 0.21998146 0.05016382
v -0.44137841 0.28285375 0.05016382
v -0.35515881 0.21998146 0.05016382
v -0.36134303 0.21584930 0.05016382
v -0.44137841 0.28285375 0.05016382
v -0.36134303 0.21584930 0.05016382
v -0.36547527 0.20966500 0.05016382
v -0.44137841 0.28285375 0.05016382
v -0.36547527 0.20966500 0.05016382
v -0.36692625 0.20237014 0.05016382
v -0.44137841 0.28285375 0.05016382
v -0.44760850 -0.17533159 0.04714011
v -0.44706655 0.28291270 0.04771858
v -0.44137841 0.28285375 0.05016382
v -0.44137841 0.28285375 0.05016382
v -0.44148219 -0.18021254 0.05016386
v -0.44760850 -0.17533159 0.04714011
v -0.44148219 -0.18021254 0.05016386
v -0.44137841 0.28285375 0.05016382
v -0.36692625 0.20237014 0.05016382
v -0.36692625 0.20237014 0.05016382
v -0.36692625 -0.14079057 0.05016385
v -0.44148219 -0.18021254 0.05016386
v -0.36692625 -0.14079057 0.05016385
v -0.36547527 -0.14808543 0.05016385
v -0.44148219 -0.18021254 0.05016386
v -0.36547527 -0.14808543 0.05016385
v -0.36134303 -0.15426968 0.05016385
v -0.44148219 -0.18021254 0.05016386
v -0.36134303 -0.15426968 0.05016385
v -0.35515881 -0.15840188 0.05016385
v -0.36844099 -0.21488483 0.05016386
v -0.36844099 -0.21488483 0.05016386
v -0.44148219 -0.18021254 0.05016386
v -0.36134303 -0.15426968 0.05016385
v -0.45946410 -0.25565597 0.05016387
v -0.44148219 -0.18021254 0.05016386
v -0.36844099 -0.21488483 0.05016386
v -0.36844099 -0.21488483 0.05016386
v -0.36835787 -0.25568482 0.05016633
v -0.45946410 -0.25565597 0.05016387
v -0.36835787 -0.25568482 0.05016633
v -0.36844099 -0.21488483 0.05016386
v -0.31199157 -0.22884208 0.05184297
v -0.31199157 -0.22884208 0.05184297
v -0.32136545 -0.25810820 0.05150246
v -0.36835787 -0.25568482 0.05016633
v -0.27614293 -0.26037270 0.05518668
v -0.32136545 -0.25810820 0.05150246
v -0.31199157 -0.22884208 0.05184297
v -0.31199157 -0.22884208 0.05184297
v -0.26200923 -0.23840562 0.05653925
v -0.27614293 -0.26037270 0.05518668
v -0.18445337 -0.26640791 0.06534545
v -0.27614293 -0.26037270 0.05518668
v -0.26200923 -0.23840562 0.05653925
v -0.32136545 -0.25810820 0.05150246
v -0.27614293 -0.26037270 0.05518668
v -0.27625367 -0.26599708 0.05291640
v -0.27625367 -0.26599708 0.05291640
v -0.27614293 -0.26037270 0.05518668
v -0.18445337 -0.26640791 0.06534545
v -0.26200923 -0.23840562 0.05653925
v -0.18562531 -0.24996491 0.06540919
v -0.18445337 -0.26640791 0.06534545
v -0.36835787 -0.25568482 0.05016633
v -0.32136545 -0.25810820 0.05150246
v -0.32196203 -0.26368833 0.04916810
v -0.27625367 -0.26599708 0.05291640
v -0.32196203 -0.26368833 0.04916810
v -0.32136545 -0.25810820 0.05150246
v -0.32196203 -0.26368833 0.04916810
v -0.36844081 -0.26131871 0.04791417
v -0.36835787 -0.25568482 0.05016633
v -0.45946410 -0.25565597 0.05016387
v -0.36835787 -0.25568482 0.05016633
v -0.36844081 -0.26131871 0.04791417
v -0.31820890 -0.28490391 0.02881655
v -0.32196203 -0.26368833 0.04916810
v -0.27625367 -0.26599708 0.05291640
v -0.32196203 -0.26368833 0.04916810
v -0.31820890 -0.28490391 0.02881655
v -0.36844081 -0.28486648 0.02554141
v -0.36844081 -0.28486648 0.02554141
v -0.36844081 -0.26131871 0.04791417
v -0.32196203 -0.26368833 0.04916810
v -0.27625367 -0.26599708 0.05291640
v -0.25645864 -0.28489184 0.03778203
v -0.31820890 -0.28490391 0.02881655
v -0.46044582 -0.26116633 0.04776729
v -0.36844081 -0.26131871 0.04791417
v -0.36844081 -0.28486648 0.02554141
v -0.36844081 -0.26131871 0.04791417
v -0.46044582 -0.26116633 0.04776729
v -0.45946410 -0.25565597 0.05016387
v -0.36844081 -0.28486648 0.02554141
v -0.46728483 -0.28506771 0.02191158
v -0.46044582 -0.26116633 0.04776729
v -0.25645864 -0.28489184 0.03778203
v -0.27625367 -0.26599708 0.05291640
v -0.18422043 -0.27203891 0.06306180
v -0.18445337 -0.26640791 0.06534545
v -0.18422043 -0.27203891 0.06306180
v -0.27625367 -0.26599708 0.05291640
v -0.18422043 -0.27203891 0.06306180
v -0.18422051 -0.28485471 0.05074295
v -0.25645864 -0.28489184 0.03778203
v -0.11517359 -0.28491083 0.06253389
v -0.18422051 -0.28485471 0.05074295
v -0.18422043 -0.27203891 0.06306180
v -0.46604013 -0.25992492 0.04782898
v -0.46044582 -0.26116633 0.04776729
v -0.46728483 -0.28506771 0.02191158
v -0.46728483 -0.28506771 0.02191158
v -0.47902274 -0.28276220 0.02187582
v -0.46604013 -0.25992492 0.04782898
v -0.18422043 -0.27203891 0.06306180
v -0.11266238 -0.27725604 0.07004245
v -0.11517359 -0.28491083 0.06253389
v -0.11266238 -0.27725604 0.07004245
v -0.18422043 -0.27203891 0.06306180
v -0.18445337 -0.26640791 0.06534545
v -0.05464823 -0.28476459 0.06891746
v -0.11517359 -0.28491083 0.06253389
v -0.11266238 -0.27725604 0.07004245
v -0.46604013 -0.25992492 0.04782898
v -0.47902274 -0.28276220 0.02187582
v -0.48836213 -0.27545404 0.02187310
v -0.46044582 -0.26116633 0.04776729
v -0.46604013 -0.25992492 0.04782898
v -0.46359006 -0.25480330 0.05016387
v -0.46359006 -0.25480330 0.05016387
v -0.45946410 -0.25565597 0.05016387
v -0.46044582 -0.26116633 0.04776729
v -0.48836213 -0.27545404 0.02187310
v -0.47104621 -0.25656199 0.04780784
v -0.46604013 -0.25992492 0.04782898
v -0.47104621 -0.25656199 0.04780784
v -0.48836213 -0.27545404 0.02187310
v -0.49565434 -0.26613387 0.02191215
v -0.46722782 -0.25238237 0.05016387
v -0.46359006 -0.25480330 0.05016387
v -0.46604013 -0.25992492 0.04782898
v -0.46604013 -0.25992492 0.04782898
v -0.47104621 -0.25656199 0.04780784
v -0.46722782 -0.25238237 0.05016387
v -0.45946410 -0.25565597 0.05016387
v -0.46359006 -0.25480330 0.05016387
v -0.47008950 -0.24478962 0.05016387
v -0.47008950 -0.24478962 0.05016387
v -0.46359006 -0.25480330 0.05016387
v -0.46722782 -0.25238237 0.05016387
v -0.47008950 -0.24478962 0.05016387
v -0.44148219 -0.18021254 0.05016386
v -0.45946410 -0.25565597 0.05016387
v -0.49565434 -0.26613387 0.02191215
v -0.47495639 -0.25178584 0.04772506
v -0.47104621 -0.25656199 0.04780784
v -0.47495639 -0.25178584 0.04772506
v -0.49565434 -0.26613387 0.02191215
v -0.49791828 -0.25437030 0.02194219
v -0.46983722 -0.24916641 0.05016387
v -0.46722782 -0.25238237 0.05016387
v -0.47104621 -0.25656199 0.04780784
v -0.47104621 -0.25656199 0.04780784
v -0.47495639 -0.25178584 0.04772506
v -0.46983722 -0.24916641 0.05016387
v -0.46722782 -0.25238237 0.05016387
v -0.46983722 -0.24916641 0.05016387
v -0.47008950 -0.24478962 0.05016387
v -0.47014025 -0.21013355 0.05016386
v -0.44148219 -0.18021254 0.05016386
v -0.47008950 -0.24478962 0.05016387
v -0.47005114 -0.17973581 0.05016386
v -0.44148219 -0.18021254 0.05016386
v -0.47014025 -0.21013355 0.05016386
v -0.47005114 -0.17973581 0.05016386
v -0.47014025 -0.21013355 0.05016386
v -0.47565818 -0.21013355 0.04764321
v -0.47565818 -0.21013355 0.04764321
v -0.47014025 -0.21013355 0.05016386
v -0.47008950 -0.24478962 0.05016387
v -0.47565818 -0.21013355 0.04764321
v -0.47571650 -0.17973581 0.04757583
v -0.47005114 -0.17973581 0.05016386
v -0.47565818 -0.21013355 0.04764321
v -0.49781853 -0.17974678 0.02205733
v -0.47571650 -0.17973581 0.04757583
v -0.47565818 -0.21013355 0.04764321
v -0.49791828 -0.25437030 0.02194219
v -0.49781853 -0.17974678 0.02205733
v -0.47561464 -0.24576131 0.04769348
v -0.47008950 -0.24478962 0.05016387
v -0.46983722 -0.24916641 0.05016387
v -0.47008950 -0.24478962 0.05016387
v -0.47561464 -0.24576131 0.04769348
v -0.47565818 -0.21013355 0.04764321
v -0.47565818 -0.21013355 0.04764321
v -0.47561464 -0.24576131 0.04769348
v -0.49791828 -0.25437030 0.02194219
v -0.46983722 -0.24916641 0.05016387
v -0.47495639 -0.25178584 0.04772506
v -0.47561464 -0.24576131 0.04769348
v -0.49791828 -0.25437030 0.02194219
v -0.47561464 -0.24576131 0.04769348
v -0.47495639 -0.25178584 0.04772506
v 0.44201636 0.28726125 0.02935867
v -0.00000443 0.28726125 0.02935867
v 0.44201636 -0.23646595 0.02935871
v 0.44201636 -0.23646595 0.02935871
v -0.00000443 0.28726125 0.02935867
v -0.44201642 -0.23646595 0.02935871
v -0.44201642 -0.23646595 0.02935871
v -0.00000443 0.28726125 0.02935867
v -0.44201642 0.28726125 0.02935867
v 0.44142354 0.28291270 0.05016382
v -0.00000391 0.28288320 0.05016382
v -0.00000366 0.28726125 0.04606150
v -0.00000366 0.28726125 0.04606150
v -0.00000391 0.28288320 0.05016382
v -0.44137841 0.28285375 0.05016382
v -0.00000366 0.28726125 0.04606150
v 0.44299698 0.28726125 0.04606150
v 0.44142354 0.28291270 0.05016382
v 0.44299698 0.28726125 0.04606150
v 0.44709730 0.28285375 0.04768543
v 0.44142354 0.28291270 0.05016382
v -0.44137841 0.28285375 0.05016382
v -0.44299725 0.28726125 0.04606150
v -0.00000366 0.28726125 0.04606150
v -0.44299725 0.28726125 0.04606150
v -0.44137841 0.28285375 0.05016382
v -0.44706655 0.28291270 0.04771858
v 0.49571037 -0.17533171 -0.07380122
v 0.49571037 -0.17962125 -0.07809075
v 0.49999991 -0.17962125 -0.07380122
v 0.49571037 -0.17962125 -0.07809075
v 0.49571037 -0.17533171 -0.07380122
v 0.47347486 -0.17533171 -0.07380122
v 0.47347486 -0.17533171 -0.07380122
v 0.46918538 -0.17962125 -0.07809075
v 0.49571037 -0.17962125 -0.07809075
v 0.44429681 0.08138732 -0.07809077
v 0.43805531 0.08397266 -0.07809077
v 0.13300438 -0.15352038 -0.07809075
v 0.13300438 -0.15352038 -0.07809075
v 0.43805531 0.08397266 -0.07809077
v 0.43546999 0.09021422 -0.07809077
v 0.43546999 0.09021422 -0.07809077
v 0.43546999 0.28297168 -0.07809079
v -0.43546987 0.28297168 -0.07809079
v -0.43546987 0.28297168 -0.07809079
v -0.43546987 0.09021422 -0.07809077
v 0.43546999 0.09021422 -0.07809077
v -0.00010880 -0.15352038 -0.07809075
v 0.43546999 0.09021422 -0.07809077
v -0.43546987 0.09021422 -0.07809077
v 0.43546999 0.09021422 -0.07809077
v -0.00010880 -0.15352038 -0.07809075
v 0.13300438 -0.15352038 -0.07809075
v -0.13319215 -0.15352038 -0.07809075
v -0.00010880 -0.15352038 -0.07809075
v -0.43546987 0.09021422 -0.07809077
v -0.43546987 0.09021422 -0.07809077
v -0.43805522 0.08397266 -0.07809077
v -0.13319215 -0.15352038 -0.07809075
v -0.44429681 0.08138732 -0.07809077
v -0.13319215 -0.15352038 -0.07809075
v -0.43805522 0.08397266 -0.07809077
v -0.44429681 0.08138732 -0.07809077
v -0.46918544 0.08138732 -0.07809077
v -0.46918544 -0.17962125 -0.07809075
v -0.46918544 -0.17962125 -0.07809075
v -0.13319215 -0.15352038 -0.07809075
v -0.44429681 0.08138732 -0.07809077
v -0.13319215 -0.15352038 -0.07809075
v -0.46918544 -0.17962125 -0.07809075
v -0.03755936 -0.24236348 -0.07809075
v -0.03755936 -0.24236348 -0.07809075
v -0.04064501 -0.22685090 -0.07809075
v -0.13319215 -0.15352038 -0.07809075
v -0.04064501 -0.22685090 -0.07809075
v -0.03755937 -0.21133836 -0.07809075
v -0.13319215 -0.15352038 -0.07809075
v -0.03755937 -0.21133836 -0.07809075
v -0.02877223 -0.19818743 -0.07809075
v -0.13319215 -0.15352038 -0.07809075
v -0.00010880 -0.15352038 -0.07809075
v -0.13319215 -0.15352038 -0.07809075
v -0.02877223 -0.19818743 -0.07809075
v -0.02877223 -0.19818743 -0.07809075
v -0.01562133 -0.18940030 -0.07809075
v -0.00010880 -0.15352038 -0.07809075
v -0.00010878 -0.18631463 -0.07809075
v -0.00010880 -0.15352038 -0.07809075
v -0.01562133 -0.18940030 -0.07809075
v 0.01540376 -0.18940030 -0.07809075
v -0.00010880 -0.15352038 -0.07809075
v -0.00010878 -0.18631463 -0.07809075
v -0.00010880 -0.15352038 -0.07809075
v 0.01540376 -0.18940030 -0.07809075
v 0.02855466 -0.19818743 -0.07809075
v 0.02855466 -0.19818743 -0.07809075
v 0.13300438 -0.15352038 -0.07809075
v -0.00010880 -0.15352038 -0.07809075
v 0.03734182 -0.21133833 -0.07809075
v 0.13300438 -0.15352038 -0.07809075
v 0.02855466 -0.19818743 -0.07809075
v 0.04042746 -0.22685090 -0.07809075
v 0.13300438 -0.15352038 -0.07809075
v 0.03734182 -0.21133833 -0.07809075
v 0.13300438 -0.15352038 -0.07809075
v 0.04042746 -0.22685090 -0.07809075
v 0.03734183 -0.24236344 -0.07809075
v 0.03734183 -0.24236344 -0.07809075
v 0.46918538 -0.17962125 -0.07809075
v 0.13300438 -0.15352038 -0.07809075
v 0.44429681 0.08138732 -0.07809077
v 0.13300438 -0.15352038 -0.07809075
v 0.46918538 -0.17962125 -0.07809075
v 0.46918538 -0.17962125 -0.07809075
v 0.46918538 0.08138732 -0.07809077
v 0.44429681 0.08138732 -0.07809077
v 0.47240785 -0.25895086 -0.07809075
v 0.46918538 -0.17962125 -0.07809075
v 0.03734183 -0.24236344 -0.07809075
v 0.03734183 -0.24236344 -0.07809075
v 0.02855469 -0.25551426 -0.07809075
v 0.47240785 -0.25895086 -0.07809075
v 0.49571037 -0.25475132 -0.07809075
v 0.49571037 -0.17962125 -0.07809075
v 0.46918538 -0.17962125 -0.07809075
v 0.46918538 -0.17962125 -0.07809075
v 0.47240785 -0.25895086 -0.07809075
v 0.49571037 -0.25475132 -0.07809075
v 0.47240785 -0.25895086 -0.07809075
v 0.49351677 -0.26577950 -0.07809075
v 0.49571037 -0.25475132 -0.07809075
v 0.47240785 -0.25895086 -0.07809075
v 0.48749375 -0.27475497 -0.07809075
v 0.49351677 -0.26577950 -0.07809075
v 0.47851807 -0.28077802 -0.07809075
v 0.48749375 -0.27475497 -0.07809075
v 0.47240785 -0.25895086 -0.07809075
v 0.46748999 -0.28297171 -0.07809075
v 0.47851807 -0.28077802 -0.07809075
v 0.47240785 -0.25895086 -0.07809075
v 0.46748999 -0.28297171 -0.07809075
v 0.47240785 -0.25895086 -0.07809075
v 0.32238609 -0.28296959 -0.07809075
v 0.32238609 -0.28296959 -0.07809075
v 0.47240785 -0.25895086 -0.07809075
v 0.02855469 -0.25551426 -0.07809075
v 0.02855469 -0.25551426 -0.07809075
v 0.01540379 -0.26430148 -0.07809075
v 0.32238609 -0.28296959 -0.07809075
v 0.00000020 -0.28297180 -0.07809075
v 0.32238609 -0.28296959 -0.07809075
v 0.01540379 -0.26430148 -0.07809075
v 0.01540379 -0.26430148 -0.07809075
v -0.00010876 -0.26738712 -0.07809075
v 0.00000020 -0.28297180 -0.07809075
v 0.00000020 -0.28297180 -0.07809075
v -0.00010876 -0.26738712 -0.07809075
v -0.01562130 -0.26430148 -0.07809075
v -0.01562130 -0.26430148 -0.07809075
v -0.32238567 -0.28296959 -0.07809075
v 0.00000020 -0.28297180 -0.07809075
v -0.32238567 -0.28296959 -0.07809075
v -0.01562130 -0.26430148 -0.07809075
v -0.02877221 -0.25551435 -0.07809075
v -0.02877221 -0.25551435 -0.07809075
v -0.47300854 -0.25539601 -0.07809075
v -0.32238567 -0.28296959 -0.07809075
v -0.46748999 -0.28297171 -0.07809075
v -0.32238567 -0.28296959 -0.07809075
v -0.47300854 -0.25539601 -0.07809075
v -0.47300854 -0.25539601 -0.07809075
v -0.02877221 -0.25551435 -0.07809075
v -0.03755936 -0.24236348 -0.07809075
v -0.47300854 -0.25539601 -0.07809075
v -0.47851816 -0.28077802 -0.07809075
v -0.46748999 -0.28297171 -0.07809075
v -0.03755936 -0.24236348 -0.07809075
v -0.46918544 -0.17962125 -0.07809075
v -0.47300854 -0.25539601 -0.07809075
v -0.47300854 -0.25539601 -0.07809075
v -0.48749390 -0.27475512 -0.07809075
v -0.47851816 -0.28077802 -0.07809075
v -0.47300854 -0.25539601 -0.07809075
v -0.46918544 -0.17962125 -0.07809075
v -0.49571046 -0.17962125 -0.07809075
v -0.49351677 -0.26577950 -0.07809075
v -0.48749390 -0.27475512 -0.07809075
v -0.47300854 -0.25539601 -0.07809075
v -0.49571046 -0.17962125 -0.07809075
v -0.49571046 -0.25475132 -0.07809075
v -0.47300854 -0.25539601 -0.07809075
v -0.49571046 -0.25475132 -0.07809075
v -0.49351677 -0.26577950 -0.07809075
v -0.47300854 -0.25539601 -0.07809075
v 0.47347486 0.28284878 0.01618363
v 0.47347498 -0.17533159 0.01843318
v 0.46991071 -0.17533159 0.02334202
v 0.46991071 -0.17533159 0.02334202
v 0.47121269 0.28291023 0.02195265
v 0.47347486 0.28284878 0.01618363
v 0.47347486 0.08138733 -0.03282047
v 0.47347498 -0.17533159 0.01843318
v 0.47347486 0.28284878 0.01618363
v 0.47347486 0.28284878 0.01618363
v 0.47347486 0.28297168 -0.03282049
v 0.47347486 0.08138733 -0.03282047
v 0.47347486 -0.17533171 -0.07380122
v 0.47347498 -0.17533159 0.01843318
v 0.47347486 0.08138733 -0.03282047
v 0.47347486 0.08138733 -0.03282047
v 0.47347486 0.08138732 -0.07380124
v 0.47347486 -0.17533171 -0.07380122
v 0.44201636 -0.23646595 -0.00877258
v 0.44201636 0.28726125 -0.00877262
v 0.44201636 0.28726125 0.02935867
v 0.44201636 0.28726125 0.02935867
v 0.44201636 -0.23646595 0.02935871
v 0.44201636 -0.23646595 -0.00877258
v 0.44201636 0.28726125 0.02935867
v 0.44299698 0.28726125 0.04606150
v -0.00000366 0.28726125 0.04606150
v 0.46938094 0.28726125 0.01792018
v 0.44299698 0.28726125 0.04606150
v 0.44201636 0.28726125 0.02935867
v -0.00000366 0.28726125 0.04606150
v -0.00000443 0.28726125 0.02935867
v 0.44201636 0.28726125 0.02935867
v 0.46938094 0.28726125 0.01792018
v 0.44201636 0.28726125 0.02935867
v 0.44201636 0.28726125 -0.00877262
v -0.44201642 0.28726125 0.02935867
v -0.00000443 0.28726125 0.02935867
v -0.00000366 0.28726125 0.04606150
v 0.44201636 0.28726125 -0.00877262
v 0.46918538 0.28726125 -0.03282049
v 0.46938094 0.28726125 0.01792018
v -0.00000366 0.28726125 0.04606150
v -0.44299725 0.28726125 0.04606150
v -0.44201642 0.28726125 0.02935867
v 0.43546999 0.28726125 -0.03282049
v 0.46918538 0.28726125 -0.03282049
v 0.44201636 0.28726125 -0.00877262
v -0.44201642 0.28726125 0.02935867
v -0.44299725 0.28726125 0.04606150
v -0.46938100 0.28726125 0.01792019
v 0.44201636 0.28726125 -0.00877262
v 0.42946383 0.28726125 -0.02164393
v 0.43546999 0.28726125 -0.03282049
v -0.44201642 0.28726125 -0.00877262
v -0.44201642 0.28726125 0.02935867
v -0.46938100 0.28726125 0.01792019
v 0.43546999 0.28726125 -0.03282049
v 0.42946383 0.28726125 -0.02164393
v 0.42946383 0.28726125 -0.05707473
v -0.46938100 0.28726125 0.01792019
v -0.46918544 0.28726125 -0.03282049
v -0.44201642 0.28726125 -0.00877262
v 0.42946383 0.28726125 -0.05707473
v 0.43546999 0.28726125 -0.07380125
v 0.43546999 0.28726125 -0.03282049
v -0.44201642 0.28726125 -0.00877262
v -0.46918544 0.28726125 -0.03282049
v -0.43546987 0.28726125 -0.03282049
v -0.43546987 0.28726125 -0.07380125
v 0.43546999 0.28726125 -0.07380125
v 0.42946383 0.28726125 -0.05707473
v -0.43546987 0.28726125 -0.03282049
v -0.42946383 0.28726125 -0.02164393
v -0.44201642 0.28726125 -0.00877262
v 0.42946383 0.28726125 -0.05707473
v -0.42946383 0.28726125 -0.05707473
v -0.43546987 0.28726125 -0.07380125
v -0.42946383 0.28726125 -0.05707473
v -0.42946383 0.28726125 -0.02164393
v -0.43546987 0.28726125 -0.03282049
v -0.43546987 0.28726125 -0.03282049
v -0.43546987 0.28726125 -0.07380125
v -0.42946383 0.28726125 -0.05707473
v 0.42946383 -0.23646595 -0.02164389
v 0.42946383 0.28726125 -0.02164393
v 0.44201636 0.28726125 -0.00877262
v 0.44201636 0.28726125 -0.00877262
v 0.44201636 -0.23646595 -0.00877258
v 0.42946383 -0.23646595 -0.02164389
v 0.44709730 0.28285375 0.04768543
v 0.47121269 0.28291023 0.02195265
v 0.46991071 -0.17533159 0.02334202
v 0.46991071 -0.17533159 0.02334202
v 0.44748798 -0.17533159 0.04726888
v 0.44709730 0.28285375 0.04768543
v 0.42946383 -0.23646595 -0.05707470
v 0.42946383 0.28726125 -0.05707473
v 0.42946383 0.28726125 -0.02164393
v 0.42946383 0.28726125 -0.02164393
v 0.42946383 -0.23646595 -0.02164389
v 0.42946383 -0.23646595 -0.05707470
v 0.46918538 0.08138732 -0.07809077
v 0.46918538 -0.17962125 -0.07809075
v 0.47347486 -0.17533171 -0.07380122
v 0.47347486 -0.17533171 -0.07380122
v 0.47347486 0.08138732 -0.07380124
v 0.46918538 0.08138732 -0.07809077
v 0.46918538 0.08138732 -0.07809077
v 0.47347486 0.08138732 -0.07380124
v 0.46918538 0.08567686 -0.07380124
v 0.36547521 0.20966500 0.04723269
v 0.36547521 0.20966500 0.05016383
v 0.36692625 0.20237014 0.05016383
v 0.36547521 0.20966500 0.05016383
v 0.36547521 0.20966500 0.04723269
v 0.36134303 0.21584930 0.04723269
v 0.36692625 0.20237014 0.05016383
v 0.36692625 0.20237014 0.04723269
v 0.36547521 0.20966500 0.04723269
v 0.36134303 0.21584930 0.04723269
v 0.36134303 0.21584930 0.05016383
v 0.36547521 0.20966500 0.05016383
v 0.36134303 0.21584930 0.05016383
v 0.36134303 0.21584930 0.04723269
v 0.35515872 0.21998146 0.04723269
v 0.35515872 0.21998146 0.04723269
v 0.35515872 0.21998146 0.05016383
v 0.36134303 0.21584930 0.05016383
v 0.36692625 0.20237014 0.04723269
v 0.36692625 0.20237014 0.05016383
v 0.36692625 -0.14079057 0.05016385
v 0.36692625 -0.14079057 0.05016385
v 0.36692625 -0.14079057 0.04723272
v 0.36692625 0.20237014 0.04723269
v 0.36692625 -0.14079057 0.04723272
v 0.36692625 -0.14079057 0.05016385
v 0.36547521 -0.14808543 0.05016386
v 0.36547521 -0.14808543 0.05016386
v 0.36547521 -0.14808543 0.04723272
v 0.36692625 -0.14079057 0.04723272
v 0.36547521 -0.14808543 0.04723272
v 0.36547521 -0.14808543 0.05016386
v 0.36134303 -0.15426968 0.05016386
v 0.36134303 -0.15426968 0.05016386
v 0.36134303 -0.15426968 0.04723272
v 0.36547521 -0.14808543 0.04723272
v 0.36134303 -0.15426968 0.04723272
v 0.36134303 -0.15426968 0.05016386
v 0.35515872 -0.15840188 0.05016386
v 0.35515872 -0.15840188 0.05016386
v 0.35515872 -0.15840188 0.04723272
v 0.36134303 -0.15426968 0.04723272
v 0.34786391 0.22143255 0.04723269
v 0.34786391 0.22143255 0.05016383
v 0.35515872 0.21998146 0.05016383
v 0.35515872 0.21998146 0.05016383
v 0.35515872 0.21998146 0.04723269
v 0.34786391 0.22143255 0.04723269
v -0.00000002 0.22143255 0.05016382
v 0.34786391 0.22143255 0.05016383
v 0.34786391 0.22143255 0.04723269
v 0.34786391 0.22143255 0.04723269
v -0.00000002 0.22143255 0.04723269
v -0.00000002 0.22143255 0.05016382
v -0.34786391 0.22143255 0.05016382
v -0.00000002 0.22143255 0.05016382
v -0.00000002 0.22143255 0.04723269
v -0.00000002 0.22143255 0.04723269
v -0.34786391 0.22143255 0.04723269
v -0.34786391 0.22143255 0.05016382
v -0.34786391 0.22143255 0.05016382
v -0.34786391 0.22143255 0.04723269
v -0.35515881 0.21998146 0.04723269
v -0.35515881 0.21998146 0.04723269
v -0.35515881 0.21998146 0.05016382
v -0.34786391 0.22143255 0.05016382
v 0.47121269 0.28291023 0.02195265
v 0.44709730 0.28285375 0.04768543
v 0.44299698 0.28726125 0.04606150
v 0.44299698 0.28726125 0.04606150
v 0.46938094 0.28726125 0.01792018
v 0.47121269 0.28291023 0.02195265
v 0.46938094 0.28726125 0.01792018
v 0.47347486 0.28284878 0.01618363
v 0.47121269 0.28291023 0.02195265
v 0.47347486 0.28284878 0.01618363
v 0.46938094 0.28726125 0.01792018
v 0.46918538 0.28726125 -0.03282049
v 0.46918538 0.28726125 -0.03282049
v 0.47347486 0.28297168 -0.03282049
v 0.47347486 0.28284878 0.01618363
v 0.44858634 0.08567686 -0.03711001
v 0.46918538 0.08567686 -0.03711001
v 0.43975946 0.09450375 -0.03711001
v 0.43975946 0.09450375 -0.03711001
v 0.44234484 0.08826220 -0.03711001
v 0.44858634 0.08567686 -0.03711001
v 0.43975946 0.09450375 -0.03711001
v 0.46918538 0.08567686 -0.03711001
v 0.46918538 0.28297168 -0.03711003
v 0.46918538 0.28297168 -0.03711003
v 0.43975946 0.28297168 -0.03711003
v 0.43975946 0.09450375 -0.03711001
v 0.43975946 0.09450375 -0.03711001
v 0.43975946 0.09450374 -0.07380124
v 0.44234484 0.08826219 -0.07380124
v 0.44234484 0.08826219 -0.07380124
v 0.44234484 0.08826220 -0.03711001
v 0.43975946 0.09450375 -0.03711001
v 0.43975946 0.09450374 -0.07380124
v 0.43975946 0.09450375 -0.03711001
v 0.43975946 0.28297168 -0.03711003
v 0.43975946 0.28297168 -0.03711003
v 0.43975946 0.28297168 -0.07380125
v 0.43975946 0.09450374 -0.07380124
v 0.44234484 0.08826220 -0.03711001
v 0.44234484 0.08826219 -0.07380124
v 0.44858634 0.08567686 -0.07380124
v 0.44858634 0.08567686 -0.07380124
v 0.44858634 0.08567686 -0.03711001
v 0.44234484 0.08826220 -0.03711001
v 0.46918538 0.08567686 -0.03711001
v 0.44858634 0.08567686 -0.03711001
v 0.44858634 0.08567686 -0.07380124
v 0.44858634 0.08567686 -0.07380124
v 0.46918538 0.08567686 -0.07380124
v 0.46918538 0.08567686 -0.03711001
v 0.46918538 0.28726125 -0.03282049
v 0.46918538 0.28297168 -0.03711003
v 0.47347486 0.28297168 -0.03282049
v 0.43546999 0.28726125 -0.07380125
v 0.43546999 0.28297168 -0.07809079
v 0.43975946 0.28297168 -0.07380125
v 0.43546999 0.09021422 -0.07809077
v 0.43805531 0.08397266 -0.07809077
v 0.44234484 0.08826219 -0.07380124
v 0.44234484 0.08826219 -0.07380124
v 0.43805531 0.08397266 -0.07809077
v 0.44429681 0.08138732 -0.07809077
v 0.44234484 0.08826219 -0.07380124
v 0.43975946 0.09450374 -0.07380124
v 0.43546999 0.09021422 -0.07809077
v 0.43546999 0.28297168 -0.07809079
v 0.43546999 0.09021422 -0.07809077
v 0.43975946 0.09450374 -0.07380124
v 0.43975946 0.09450374 -0.07380124
v 0.43975946 0.28297168 -0.07380125
v 0.43546999 0.28297168 -0.07809079
v 0.44429681 0.08138732 -0.07809077
v 0.44858634 0.08567686 -0.07380124
v 0.44234484 0.08826219 -0.07380124
v 0.44858634 0.08567686 -0.07380124
v 0.44429681 0.08138732 -0.07809077
v 0.46918538 0.08138732 -0.07809077
v 0.46918538 0.08138732 -0.07809077
v 0.46918538 0.08567686 -0.07380124
v 0.44858634 0.08567686 -0.07380124
v 0.46918538 0.08567686 -0.03711001
v 0.46918538 0.08567686 -0.07380124
v 0.47347486 0.08138732 -0.07380124
v 0.47347486 0.08138732 -0.07380124
v 0.47347486 0.08138733 -0.03282047
v 0.46918538 0.08567686 -0.03711001
v 0.47347486 0.28297168 -0.03282049
v 0.46918538 0.28297168 -0.03711003
v 0.46918538 0.08567686 -0.03711001
v 0.46918538 0.08567686 -0.03711001
v 0.47347486 0.08138733 -0.03282047
v 0.47347486 0.28297168 -0.03282049
v 0.43975946 0.28297168 -0.03711003
v 0.46918538 0.28297168 -0.03711003
v 0.46918538 0.28726125 -0.03282049
v 0.46918538 0.28726125 -0.03282049
v 0.43546999 0.28726125 -0.03282049
v 0.43975946 0.28297168 -0.03711003
v 0.43546999 0.28726125 -0.07380125
v 0.43975946 0.28297168 -0.07380125
v 0.43975946 0.28297168 -0.03711003
v 0.43975946 0.28297168 -0.03711003
v 0.43546999 0.28726125 -0.03282049
v 0.43546999 0.28726125 -0.07380125
v 0.49591067 -0.17533159 0.01801400
v 0.47347498 -0.17533159 0.01843318
v 0.47347486 -0.17533171 -0.07380122
v 0.47347486 -0.17533171 -0.07380122
v 0.49571037 -0.17533171 -0.07380122
v 0.49591067 -0.17533159 0.01801400
v 0.46991071 -0.17533159 0.02334202
v 0.47347498 -0.17533159 0.01843318
v 0.49591067 -0.17533159 0.01801400
v 0.49591067 -0.17533159 0.01801400
v 0.47159839 -0.17533159 0.04605603
v 0.46991071 -0.17533159 0.02334202
v 0.44748798 -0.17533159 0.04726888
v 0.46991071 -0.17533159 0.02334202
v 0.47159839 -0.17533159 0.04605603
v 0.47159839 -0.17533159 0.04605603
v 0.49591067 -0.17533159 0.01801400
v 0.49784961 -0.17968395 0.02202150
v 0.49784961 -0.17968395 0.02202150
v 0.47571641 -0.17973581 0.04757583
v 0.47159839 -0.17533159 0.04605603
v 0.47005111 -0.17973581 0.05016386
v 0.47159839 -0.17533159 0.04605603
v 0.47571641 -0.17973581 0.04757583
v 0.44748798 -0.17533159 0.04726888
v 0.47159839 -0.17533159 0.04605603
v 0.47005111 -0.17973581 0.05016386
v 0.47005111 -0.17973581 0.05016386
v 0.44162202 -0.18000562 0.05016385
v 0.44748798 -0.17533159 0.04726888
v 0.49999991 -0.25517380 -0.07380121
v 0.50000000 -0.25517380 0.01626609
v 0.50000000 -0.17974678 0.01620676
v 0.50000000 -0.17974678 0.01620676
v 0.49999991 -0.17962125 -0.07380122
v 0.49999991 -0.25517380 -0.07380121
v 0.50000000 -0.25517380 0.01626609
v 0.49999991 -0.25517380 -0.07380121
v 0.49755740 -0.26745316 -0.07380121
v 0.50000000 -0.17974678 0.01620676
v 0.50000000 -0.25517380 0.01626609
v 0.49792534 -0.25437301 0.02193405
v 0.49792534 -0.25437301 0.02193405
v 0.49784961 -0.17968395 0.02202150
v 0.50000000 -0.17974678 0.01620676
v 0.49565434 -0.26613387 0.02191216
v 0.49792534 -0.25437301 0.02193405
v 0.50000000 -0.25517380 0.01626609
v 0.49755740 -0.26745316 -0.07380121
v 0.49755749 -0.26745316 0.01626618
v 0.50000000 -0.25517380 0.01626609
v 0.50000000 -0.25517380 0.01626609
v 0.49755749 -0.26745316 0.01626618
v 0.49565434 -0.26613387 0.02191216
v 0.49755749 -0.26745316 0.01626618
v 0.49755740 -0.26745316 -0.07380121
v 0.49057165 -0.27783173 -0.07378001
v 0.48836213 -0.27545404 0.02187311
v 0.49565434 -0.26613387 0.02191216
v 0.49755749 -0.26745316 0.01626618
v 0.49755749 -0.26745316 0.01626618
v 0.48994356 -0.27717829 0.01626838
v 0.48836213 -0.27545404 0.02187311
v 0.49057165 -0.27783173 -0.07378001
v 0.48994356 -0.27717829 0.01626838
v 0.49755749 -0.26745316 0.01626618
v 0.47902274 -0.28276220 0.02187582
v 0.48836213 -0.27545404 0.02187311
v 0.48994356 -0.27717829 0.01626838
v 0.48994356 -0.27717829 0.01626838
v 0.48019186 -0.28481871 0.01625925
v 0.47902274 -0.28276220 0.02187582
v 0.48019186 -0.28481871 0.01625925
v 0.48994356 -0.27717829 0.01626838
v 0.49057165 -0.27783173 -0.07378001
v 0.49057165 -0.27783173 -0.07378001
v 0.48019186 -0.28481871 -0.07380121
v 0.48019186 -0.28481871 0.01625925
v 0.00000000 0.27173245 0.04754492
v 0.09447563 0.23652640 0.04754492
v 0.00000000 0.23652640 0.04754492
v 0.00000000 0.23652640 0.04754492
v -0.09447563 0.23652640 0.04754492
v 0.00000000 0.27173245 0.04754492
v 0.49792534 -0.25437301 0.02193405
v 0.49565434 -0.26613387 0.02191216
v 0.47495630 -0.25178593 0.04772506
v 0.47104621 -0.25656208 0.04780784
v 0.47495630 -0.25178593 0.04772506
v 0.49565434 -0.26613387 0.02191216
v 0.49565434 -0.26613387 0.02191216
v 0.48836213 -0.27545404 0.02187311
v 0.47104621 -0.25656208 0.04780784
v 0.47495630 -0.25178593 0.04772506
v 0.47560447 -0.24575740 0.04770521
v 0.49792534 -0.25437301 0.02193405
v 0.49784961 -0.17968395 0.02202150
v 0.49792534 -0.25437301 0.02193405
v 0.47560447 -0.24575740 0.04770521
v 0.47560447 -0.24575740 0.04770521
v 0.47571641 -0.17973581 0.04757583
v 0.49784961 -0.17968395 0.02202150
v 0.46604013 -0.25992501 0.04782897
v 0.47104621 -0.25656208 0.04780784
v 0.48836213 -0.27545404 0.02187311
v 0.48836213 -0.27545404 0.02187311
v 0.47902274 -0.28276220 0.02187582
v 0.46604013 -0.25992501 0.04782897
v 0.46983722 -0.24916649 0.05016387
v 0.47495630 -0.25178593 0.04772506
v 0.47104621 -0.25656208 0.04780784
v 0.47560447 -0.24575740 0.04770521
v 0.47495630 -0.25178593 0.04772506
v 0.46983722 -0.24916649 0.05016387
v 0.47571641 -0.17973581 0.04757583
v 0.47560447 -0.24575740 0.04770521
v 0.47012144 -0.24479106 0.05016387
v 0.46983722 -0.24916649 0.05016387
v 0.47012144 -0.24479106 0.05016387
v 0.47560447 -0.24575740 0.04770521
v 0.47012144 -0.24479106 0.05016387
v 0.47005111 -0.17973581 0.05016386
v 0.47571641 -0.17973581 0.04757583
v 0.47104621 -0.25656208 0.04780784
v 0.46722773 -0.25238246 0.05016387
v 0.46983722 -0.24916649 0.05016387
v 0.47012144 -0.24479106 0.05016387
v 0.46983722 -0.24916649 0.05016387
v 0.46722773 -0.25238246 0.05016387
v 0.46722773 -0.25238246 0.05016387
v 0.47104621 -0.25656208 0.04780784
v 0.46604013 -0.25992501 0.04782897
v 0.47012144 -0.24479106 0.05016387
v 0.44162202 -0.18000562 0.05016385
v 0.47005111 -0.17973581 0.05016386
v 0.46604013 -0.25992501 0.04782897
v 0.47902274 -0.28276220 0.02187582
v 0.46728483 -0.28506771 0.02191159
v 0.46722773 -0.25238246 0.05016387
v 0.46356931 -0.25475377 0.05016387
v 0.47012144 -0.24479106 0.05016387
v 0.46604013 -0.25992501 0.04782897
v 0.46356931 -0.25475377 0.05016387
v 0.46722773 -0.25238246 0.05016387
v 0.45945963 -0.25561401 0.05016387
v 0.44162202 -0.18000562 0.05016385
v 0.47012144 -0.24479106 0.05016387
v 0.47012144 -0.24479106 0.05016387
v 0.46356931 -0.25475377 0.05016387
v 0.45945963 -0.25561401 0.05016387
v 0.46356931 -0.25475377 0.05016387
v 0.46604013 -0.25992501 0.04782897
v 0.46044579 -0.26116633 0.04776729
v 0.46728483 -0.28506771 0.02191159
v 0.46044579 -0.26116633 0.04776729
v 0.46604013 -0.25992501 0.04782897
v 0.46044579 -0.26116633 0.04776729
v 0.45945963 -0.25561401 0.05016387
v 0.46356931 -0.25475377 0.05016387
v 0.46044579 -0.26116633 0.04776729
v 0.46728483 -0.28506771 0.02191159
v 0.36844090 -0.28486758 0.02554031
v 0.36844108 -0.21488483 0.05016386
v 0.44162202 -0.18000562 0.05016385
v 0.45945963 -0.25561401 0.05016387
v 0.36134303 -0.15426968 0.05016386
v 0.44162202 -0.18000562 0.05016385
v 0.36844108 -0.21488483 0.05016386
v 0.36844108 -0.21488483 0.05016386
v 0.35515872 -0.15840188 0.05016386
v 0.36134303 -0.15426968 0.05016386
v 0.45945963 -0.25561401 0.05016387
v 0.36835831 -0.25568539 0.05016633
v 0.36844108 -0.21488483 0.05016386
v 0.45945963 -0.25561401 0.05016387
v 0.46044579 -0.26116633 0.04776729
v 0.36844122 -0.26131830 0.04791455
v 0.36844090 -0.28486758 0.02554031
v 0.36844122 -0.26131830 0.04791455
v 0.46044579 -0.26116633 0.04776729
v 0.36844122 -0.26131830 0.04791455
v 0.36835831 -0.25568539 0.05016633
v 0.45945963 -0.25561401 0.05016387
v 0.31199166 -0.22884201 0.05184297
v 0.36844108 -0.21488483 0.05016386
v 0.36835831 -0.25568539 0.05016633
v 0.32196185 -0.26369178 0.04916480
v 0.36844122 -0.26131830 0.04791455
v 0.36844090 -0.28486758 0.02554031
v 0.36835831 -0.25568539 0.05016633
v 0.36844122 -0.26131830 0.04791455
v 0.32196185 -0.26369178 0.04916480
v 0.36844090 -0.28486758 0.02554031
v 0.31821024 -0.28489885 0.02882143
v 0.32196185 -0.26369178 0.04916480
v 0.36835831 -0.25568539 0.05016633
v 0.32136434 -0.25810361 0.05150251
v 0.31199166 -0.22884201 0.05184297
v 0.32196185 -0.26369178 0.04916480
v 0.32136434 -0.25810361 0.05150251
v 0.36835831 -0.25568539 0.05016633
v 0.27625400 -0.26599708 0.05291640
v 0.32196185 -0.26369178 0.04916480
v 0.31821024 -0.28489885 0.02882143
v 0.32136434 -0.25810361 0.05150251
v 0.32196185 -0.26369178 0.04916480
v 0.27625400 -0.26599708 0.05291640
v 0.31821024 -0.28489885 0.02882143
v 0.25645912 -0.28489184 0.03778204
v 0.27625400 -0.26599708 0.05291640
v 0.31199166 -0.22884201 0.05184297
v 0.32136434 -0.25810361 0.05150251
v 0.27614331 -0.26037270 0.05518668
v 0.27625400 -0.26599708 0.05291640
v 0.27614331 -0.26037270 0.05518668
v 0.32136434 -0.25810361 0.05150251
v 0.27614331 -0.26037270 0.05518668
v 0.26200938 -0.23840562 0.05653925
v 0.31199166 -0.22884201 0.05184297
v 0.26200938 -0.23840562 0.05653925
v 0.27614331 -0.26037270 0.05518668
v 0.18445340 -0.26641035 0.06534545
v 0.18445340 -0.26641035 0.06534545
v 0.27614331 -0.26037270 0.05518668
v 0.27625400 -0.26599708 0.05291640
v 0.18445340 -0.26641035 0.06534545
v 0.18562543 -0.24996491 0.06540919
v 0.26200938 -0.23840562 0.05653925
v 0.18422061 -0.27203706 0.06306357
v 0.27625400 -0.26599708 0.05291640
v 0.25645912 -0.28489184 0.03778204
v 0.27625400 -0.26599708 0.05291640
v 0.18422061 -0.27203706 0.06306357
v 0.18445340 -0.26641035 0.06534545
v 0.25645912 -0.28489184 0.03778204
v 0.18422045 -0.28485242 0.05074522
v 0.18422061 -0.27203706 0.06306357
v 0.18422061 -0.27203706 0.06306357
v 0.18422045 -0.28485242 0.05074522
v 0.11516540 -0.28488508 0.06255908
v 0.11516540 -0.28488508 0.06255908
v 0.11266251 -0.27725604 0.07004245
v 0.18422061 -0.27203706 0.06306357
v 0.18445340 -0.26641035 0.06534545
v 0.18422061 -0.27203706 0.06306357
v 0.11266251 -0.27725604 0.07004245
v 0.11266251 -0.27725604 0.07004245
v 0.11516540 -0.28488508 0.06255908
v 0.05464858 -0.28476459 0.06891745
v 0.18562543 -0.24996491 0.06540919
v 0.18445340 -0.26641035 0.06534545
v 0.11176331 -0.27166829 0.07242116
v 0.11266251 -0.27725604 0.07004245
v 0.11176331 -0.27166829 0.07242116
v 0.18445340 -0.26641035 0.06534545
v 0.11176331 -0.27166829 0.07242116
v 0.10789966 -0.25751245 0.07331584
v 0.18562543 -0.24996491 0.06540919
v 0.05464858 -0.28476459 0.06891745
v 0.05523304 -0.27866548 0.07426279
v 0.11266251 -0.27725604 0.07004245
v 0.11176331 -0.27166829 0.07242116
v 0.11266251 -0.27725604 0.07004245
v 0.05523304 -0.27866548 0.07426279
v 0.10789966 -0.25751245 0.07331584
v 0.11176331 -0.27166829 0.07242116
v 0.05519618 -0.27300945 0.07645668
v 0.05523304 -0.27866548 0.07426279
v 0.05519618 -0.27300945 0.07645668
v 0.11176331 -0.27166829 0.07242116
v 0.05519618 -0.27300945 0.07645668
v 0.05405483 -0.25941804 0.07672092
v 0.10789966 -0.25751245 0.07331584
v 0.05405483 -0.25941804 0.07672092
v 0.05519618 -0.27300945 0.07645668
v -0.00000001 -0.27460781 0.07790977
v -0.00000001 -0.27460781 0.07790977
v 0.05519618 -0.27300945 0.07645668
v 0.05523304 -0.27866548 0.07426279
v -0.00000001 -0.27460781 0.07790977
v 0.00000003 -0.26133108 0.07809079
v 0.05405483 -0.25941804 0.07672092
v 0.00000004 -0.28028250 0.07576281
v 0.05523304 -0.27866548 0.07426279
v 0.05464858 -0.28476459 0.06891745
v 0.05523304 -0.27866548 0.07426279
v 0.00000004 -0.28028250 0.07576281
v -0.00000001 -0.27460781 0.07790977
v 0.05464858 -0.28476459 0.06891745
v 0.00000014 -0.28472769 0.07194281
v 0.00000004 -0.28028250 0.07576281
v -0.05405475 -0.25941804 0.07672092
v 0.00000003 -0.26133108 0.07809079
v -0.00000001 -0.27460781 0.07790977
v 0.00000004 -0.28028250 0.07576281
v 0.00000014 -0.28472769 0.07194281
v -0.05464823 -0.28476459 0.06891746
v -0.05464823 -0.28476459 0.06891746
v -0.05523294 -0.27866542 0.07426278
v 0.00000004 -0.28028250 0.07576281
v -0.00000001 -0.27460781 0.07790977
v 0.00000004 -0.28028250 0.07576281
v -0.05523294 -0.27866542 0.07426278
v -0.11266238 -0.27725604 0.07004245
v -0.05523294 -0.27866542 0.07426278
v -0.05464823 -0.28476459 0.06891746
v -0.00000001 -0.27460781 0.07790977
v -0.05519610 -0.27300945 0.07645668
v -0.05405475 -0.25941804 0.07672092
v -0.05523294 -0.27866542 0.07426278
v -0.05519610 -0.27300945 0.07645668
v -0.00000001 -0.27460781 0.07790977
v -0.10789956 -0.25751245 0.07331584
v -0.05405475 -0.25941804 0.07672092
v -0.05519610 -0.27300945 0.07645668
v -0.05523294 -0.27866542 0.07426278
v -0.11266238 -0.27725604 0.07004245
v -0.11176322 -0.27166829 0.07242116
v -0.11176322 -0.27166829 0.07242116
v -0.05519610 -0.27300945 0.07645668
v -0.05523294 -0.27866542 0.07426278
v -0.05519610 -0.27300945 0.07645668
v -0.11176322 -0.27166829 0.07242116
v -0.10789956 -0.25751245 0.07331584
v -0.18445337 -0.26640791 0.06534545
v -0.11176322 -0.27166829 0.07242116
v -0.11266238 -0.27725604 0.07004245
v -0.18562531 -0.24996491 0.06540919
v -0.10789956 -0.25751245 0.07331584
v -0.11176322 -0.27166829 0.07242116
v -0.11176322 -0.27166829 0.07242116
v -0.18445337 -0.26640791 0.06534545
v -0.18562531 -0.24996491 0.06540919
v 0.00000000 0.27173245 0.04754492
v -0.00000160 0.27173182 0.05016382
v 0.09447563 0.23652640 0.05016382
v 0.09447563 0.23652640 0.05016382
v 0.09447563 0.23652640 0.04754492
v 0.00000000 0.27173245 0.04754492
v 0.47902274 -0.28276220 0.02187582
v 0.48019186 -0.28481871 0.01625925
v 0.46791250 -0.28726125 0.01625768
v 0.46791250 -0.28726125 0.01625768
v 0.48019186 -0.28481871 0.01625925
v 0.48019186 -0.28481871 -0.07380121
v 0.46791250 -0.28726125 0.01625768
v 0.46728483 -0.28506771 0.02191159
v 0.47902274 -0.28276220 0.02187582
v 0.48019186 -0.28481871 -0.07380121
v 0.46791250 -0.28726125 -0.07380121
v 0.46791250 -0.28726125 0.01625768
v 0.46728483 -0.28506771 0.02191159
v 0.46791250 -0.28726125 0.01625768
v 0.36827204 -0.28726125 0.01996859
v 0.36827204 -0.28726125 0.01996859
v 0.46791250 -0.28726125 0.01625768
v 0.46791250 -0.28726125 -0.07380121
v 0.36827204 -0.28726125 0.01996859
v 0.36844090 -0.28486758 0.02554031
v 0.46728483 -0.28506771 0.02191159
v 0.31821024 -0.28489885 0.02882143
v 0.36844090 -0.28486758 0.02554031
v 0.36827204 -0.28726125 0.01996859
v 0.46791250 -0.28726125 -0.07380121
v 0.32219785 -0.28726125 -0.07380328
v 0.36827204 -0.28726125 0.01996859
v 0.36827204 -0.28726125 0.01996859
v 0.31744769 -0.28726125 0.02327175
v 0.31821024 -0.28489885 0.02882143
v 0.36827204 -0.28726125 0.01996859
v 0.32219785 -0.28726125 -0.07380328
v 0.31744769 -0.28726125 0.02327175
v 0.25645912 -0.28489184 0.03778204
v 0.31821024 -0.28489885 0.02882143
v 0.31744769 -0.28726125 0.02327175
v 0.31744769 -0.28726125 0.02327175
v 0.32219785 -0.28726125 -0.07380328
v 0.25556344 -0.28726125 0.03226907
v 0.31744769 -0.28726125 0.02327175
v 0.25556344 -0.28726125 0.03226907
v 0.25645912 -0.28489184 0.03778204
v 0.18422043 -0.28726125 0.04508857
v 0.25556344 -0.28726125 0.03226907
v 0.32219785 -0.28726125 -0.07380328
v 0.25645912 -0.28489184 0.03778204
v 0.25556344 -0.28726125 0.03226907
v 0.18422043 -0.28726125 0.04508857
v 0.18422043 -0.28726125 0.04508857
v 0.18422045 -0.28485242 0.05074522
v 0.25645912 -0.28489184 0.03778204
v 0.32219785 -0.28726125 -0.07380328
v 0.00000020 -0.28726125 -0.07380121
v 0.18422043 -0.28726125 0.04508857
v 0.18422045 -0.28485242 0.05074522
v 0.18422043 -0.28726125 0.04508857
v 0.11547392 -0.28726125 0.05684143
v 0.18422043 -0.28726125 0.04508857
v 0.00000020 -0.28726125 -0.07380121
v 0.11547392 -0.28726125 0.05684143
v 0.11547392 -0.28726125 0.05684143
v 0.11516540 -0.28488508 0.06255908
v 0.18422045 -0.28485242 0.05074522
v 0.11516540 -0.28488508 0.06255908
v 0.11547392 -0.28726125 0.05684143
v 0.05420347 -0.28726125 0.06340495
v 0.11547392 -0.28726125 0.05684143
v 0.00000020 -0.28726125 -0.07380121
v 0.05420347 -0.28726125 0.06340495
v 0.05420347 -0.28726125 0.06340495
v 0.05464858 -0.28476459 0.06891745
v 0.11516540 -0.28488508 0.06255908
v 0.05464858 -0.28476459 0.06891745
v 0.05420347 -0.28726125 0.06340495
v 0.00000020 -0.28726125 0.06642225
v 0.05420347 -0.28726125 0.06340495
v 0.00000020 -0.28726125 -0.07380121
v 0.00000020 -0.28726125 0.06642225
v 0.00000020 -0.28726125 0.06642225
v 0.00000014 -0.28472769 0.07194281
v 0.05464858 -0.28476459 0.06891745
v -0.05464823 -0.28476459 0.06891746
v 0.00000014 -0.28472769 0.07194281
v 0.00000020 -0.28726125 0.06642225
v 0.00000020 -0.28726125 0.06642225
v -0.05420312 -0.28726125 0.06340494
v -0.05464823 -0.28476459 0.06891746
v 0.00000020 -0.28726125 0.06642225
v 0.00000020 -0.28726125 -0.07380121
v -0.05420312 -0.28726125 0.06340494
v -0.11517359 -0.28491083 0.06253389
v -0.05464823 -0.28476459 0.06891746
v -0.05420312 -0.28726125 0.06340494
v -0.05420312 -0.28726125 0.06340494
v -0.11547874 -0.28726125 0.05687805
v -0.11517359 -0.28491083 0.06253389
v -0.05420312 -0.28726125 0.06340494
v 0.00000020 -0.28726125 -0.07380121
v -0.11547874 -0.28726125 0.05687805
v -0.18422051 -0.28485471 0.05074295
v -0.11517359 -0.28491083 0.06253389
v -0.11547874 -0.28726125 0.05687805
v -0.11547874 -0.28726125 0.05687805
v 0.00000020 -0.28726125 -0.07380121
v -0.18422054 -0.28726125 0.04509183
v -0.11547874 -0.28726125 0.05687805
v -0.18422054 -0.28726125 0.04509183
v -0.18422051 -0.28485471 0.05074295
v -0.25645864 -0.28489184 0.03778203
v -0.18422051 -0.28485471 0.05074295
v -0.18422054 -0.28726125 0.04509183
v -0.18422054 -0.28726125 0.04509183
v 0.00000020 -0.28726125 -0.07380121
v -0.32219744 -0.28726125 -0.07380328
v -0.18422054 -0.28726125 0.04509183
v -0.25556296 -0.28726125 0.03226909
v -0.25645864 -0.28489184 0.03778203
v -0.32219744 -0.28726125 -0.07380328
v -0.25556296 -0.28726125 0.03226909
v -0.18422054 -0.28726125 0.04509183
v -0.25645864 -0.28489184 0.03778203
v -0.25556296 -0.28726125 0.03226909
v -0.31744799 -0.28726125 0.02327883
v -0.25556296 -0.28726125 0.03226909
v -0.32219744 -0.28726125 -0.07380328
v -0.31744799 -0.28726125 0.02327883
v -0.31744799 -0.28726125 0.02327883
v -0.31820890 -0.28490391 0.02881655
v -0.25645864 -0.28489184 0.03778203
v -0.31744799 -0.28726125 0.02327883
v -0.32219744 -0.28726125 -0.07380328
v -0.36827195 -0.28726125 0.01996700
v -0.31820890 -0.28490391 0.02881655
v -0.31744799 -0.28726125 0.02327883
v -0.36827195 -0.28726125 0.01996700
v -0.36827195 -0.28726125 0.01996700
v -0.36844081 -0.28486648 0.02554141
v -0.31820890 -0.28490391 0.02881655
v -0.36827195 -0.28726125 0.01996700
v -0.32219744 -0.28726125 -0.07380328
v -0.46791250 -0.28726125 -0.07380121
v -0.46728483 -0.28506771 0.02191158
v -0.36844081 -0.28486648 0.02554141
v -0.36827195 -0.28726125 0.01996700
v -0.46791250 -0.28726125 -0.07380121
v -0.46791250 -0.28726125 0.01625767
v -0.36827195 -0.28726125 0.01996700
v -0.36827195 -0.28726125 0.01996700
v -0.46791250 -0.28726125 0.01625767
v -0.46728483 -0.28506771 0.02191158
v -0.46791250 -0.28726125 0.01625767
v -0.46791250 -0.28726125 -0.07380121
v -0.48019186 -0.28481871 -0.07380121
v -0.47902274 -0.28276220 0.02187582
v -0.46728483 -0.28506771 0.02191158
v -0.46791250 -0.28726125 0.01625767
v -0.48019186 -0.28481871 -0.07380121
v -0.48019186 -0.28481871 0.01625924
v -0.46791250 -0.28726125 0.01625767
v -0.46791250 -0.28726125 0.01625767
v -0.48019186 -0.28481871 0.01625924
v -0.47902274 -0.28276220 0.02187582
v 0.00000000 0.23652640 0.04754492
v 0.09447563 0.23652640 0.04754492
v 0.09447563 0.23652640 0.05016382
v 0.09447563 0.23652640 0.05016382
v -0.00000049 0.23652640 0.05016382
v 0.00000000 0.23652640 0.04754492
v -0.09447563 0.23652640 0.04754492
v 0.00000000 0.23652640 0.04754492
v -0.00000049 0.23652640 0.05016382
v -0.00000049 0.23652640 0.05016382
v -0.09447563 0.23652640 0.05016382
v -0.09447563 0.23652640 0.04754492
v 0.31147337 -0.22583409 0.05016386
v 0.36844108 -0.21488483 0.05016386
v 0.31199166 -0.22884201 0.05184297
v 0.31147337 -0.22583409 0.05016386
v 0.31199166 -0.22884201 0.05184297
v 0.26200938 -0.23840562 0.05653925
v 0.26200938 -0.23840562 0.05653925
v 0.26047578 -0.23403810 0.05016387
v 0.31147337 -0.22583409 0.05016386
v 0.26047578 -0.23403810 0.05016387
v 0.26200938 -0.23840562 0.05653925
v 0.18562543 -0.24996491 0.06540919
v 0.18562543 -0.24996491 0.06540919
v 0.18161173 -0.24134594 0.05016387
v 0.26047578 -0.23403810 0.05016387
v 0.18161173 -0.24134594 0.05016387
v 0.18562543 -0.24996491 0.06540919
v 0.10789966 -0.25751245 0.07331584
v 0.10789966 -0.25751245 0.07331584
v 0.10291252 -0.24433328 0.05016387
v 0.18161173 -0.24134594 0.05016387
v 0.10291252 -0.24433328 0.05016387
v 0.10789966 -0.25751245 0.07331584
v 0.05405483 -0.25941804 0.07672092
v 0.05405483 -0.25941804 0.07672092
v 0.05241954 -0.24514154 0.05016387
v 0.10291252 -0.24433328 0.05016387
v 0.05241954 -0.24514154 0.05016387
v 0.05405483 -0.25941804 0.07672092
v 0.00000003 -0.26133108 0.07809079
v 0.00000003 -0.26133108 0.07809079
v 0.00000006 -0.24598072 0.05016387
v 0.05241954 -0.24514154 0.05016387
v -0.05241944 -0.24514163 0.05016387
v 0.00000006 -0.24598072 0.05016387
v 0.00000003 -0.26133108 0.07809079
v 0.00000003 -0.26133108 0.07809079
v -0.05405475 -0.25941804 0.07672092
v -0.05241944 -0.24514163 0.05016387
v -0.10291240 -0.24433328 0.05016387
v -0.05241944 -0.24514163 0.05016387
v -0.05405475 -0.25941804 0.07672092
v -0.05405475 -0.25941804 0.07672092
v -0.10789956 -0.25751245 0.07331584
v -0.10291240 -0.24433328 0.05016387
v -0.18161163 -0.24134594 0.05016387
v -0.10291240 -0.24433328 0.05016387
v -0.10789956 -0.25751245 0.07331584
v -0.10789956 -0.25751245 0.07331584
v -0.18562531 -0.24996491 0.06540919
v -0.18161163 -0.24134594 0.05016387
v -0.26047570 -0.23403810 0.05016387
v -0.18161163 -0.24134594 0.05016387
v -0.18562531 -0.24996491 0.06540919
v -0.18562531 -0.24996491 0.06540919
v -0.26200923 -0.23840562 0.05653925
v -0.26047570 -0.23403810 0.05016387
v -0.31147334 -0.22583415 0.05016386
v -0.26047570 -0.23403810 0.05016387
v -0.26200923 -0.23840562 0.05653925
v -0.26200923 -0.23840562 0.05653925
v -0.31199157 -0.22884208 0.05184297
v -0.31147334 -0.22583415 0.05016386
v -0.31147334 -0.22583415 0.05016386
v -0.31199157 -0.22884208 0.05184297
v -0.36844099 -0.21488483 0.05016386
v 0.35515872 -0.15840188 0.04723272
v 0.35515872 -0.15840188 0.05016386
v 0.34786391 -0.15985291 0.05016386
v 0.34786391 -0.15985291 0.05016386
v 0.34786391 -0.15985291 0.04723272
v 0.35515872 -0.15840188 0.04723272
v -0.00000002 -0.15985291 0.04723272
v 0.34786391 -0.15985291 0.04723272
v 0.34786391 -0.15985291 0.05016386
v 0.34786391 -0.15985291 0.05016386
v -0.00000002 -0.15985291 0.05016386
v -0.00000002 -0.15985291 0.04723272
v -0.00000002 -0.15985291 0.04723272
v -0.00000002 -0.15985291 0.05016386
v -0.34786391 -0.15985291 0.05016385
v -0.34786391 -0.15985291 0.05016385
v -0.34786391 -0.15985291 0.04723272
v -0.00000002 -0.15985291 0.04723272
v -0.34786391 -0.15985291 0.04723272
v -0.34786391 -0.15985291 0.05016385
v -0.35515881 -0.15840188 0.05016385
v -0.35515881 -0.15840188 0.05016385
v -0.35515881 -0.15840188 0.04723272
v -0.34786391 -0.15985291 0.04723272
v -0.43546987 0.28726125 -0.07380125
v -0.43975940 0.28297168 -0.07380125
v -0.43546987 0.28297168 -0.07809079
v 0.36844108 -0.21488483 0.05016386
v 0.31147337 -0.22583409 0.05016386
v 0.34786391 -0.15985291 0.05016386
v 0.34786391 -0.15985291 0.05016386
v 0.35515872 -0.15840188 0.05016386
v 0.36844108 -0.21488483 0.05016386
v 0.34786391 -0.15985291 0.05016386
v 0.31147337 -0.22583409 0.05016386
v 0.26047578 -0.23403810 0.05016387
v 0.26047578 -0.23403810 0.05016387
v -0.00000002 -0.15985291 0.05016386
v 0.34786391 -0.15985291 0.05016386
v 0.26047578 -0.23403810 0.05016387
v 0.18161173 -0.24134594 0.05016387
v -0.00000002 -0.15985291 0.05016386
v 0.18161173 -0.24134594 0.05016387
v 0.10291252 -0.24433328 0.05016387
v -0.00000002 -0.15985291 0.05016386
v 0.10291252 -0.24433328 0.05016387
v 0.05241954 -0.24514154 0.05016387
v -0.00000002 -0.15985291 0.05016386
v 0.05241954 -0.24514154 0.05016387
v 0.00000006 -0.24598072 0.05016387
v -0.00000002 -0.15985291 0.05016386
v 0.00000006 -0.24598072 0.05016387
v -0.05241944 -0.24514163 0.05016387
v -0.00000002 -0.15985291 0.05016386
v -0.05241944 -0.24514163 0.05016387
v -0.10291240 -0.24433328 0.05016387
v -0.00000002 -0.15985291 0.05016386
v -0.10291240 -0.24433328 0.05016387
v -0.18161163 -0.24134594 0.05016387
v -0.00000002 -0.15985291 0.05016386
v -0.18161163 -0.24134594 0.05016387
v -0.26047570 -0.23403810 0.05016387
v -0.00000002 -0.15985291 0.05016386
v -0.26047570 -0.23403810 0.05016387
v -0.31147334 -0.22583415 0.05016386
v -0.00000002 -0.15985291 0.05016386
v -0.00000002 -0.15985291 0.05016386
v -0.31147334 -0.22583415 0.05016386
v -0.34786391 -0.15985291 0.05016385
v -0.34786391 -0.15985291 0.05016385
v -0.31147334 -0.22583415 0.05016386
v -0.36844099 -0.21488483 0.05016386
v -0.36844099 -0.21488483 0.05016386
v -0.35515881 -0.15840188 0.05016385
v -0.34786391 -0.15985291 0.05016385
v -0.42946383 -0.23646595 -0.05707470
v -0.42946383 0.28726125 -0.05707473
v 0.42946383 0.28726125 -0.05707473
v 0.42946383 0.28726125 -0.05707473
v 0.42946383 -0.23646595 -0.05707470
v -0.42946383 -0.23646595 -0.05707470
v 0.02615925 -0.20058286 -0.06375153
v -0.00080942 -0.22685090 -0.06375153
v 0.03421206 -0.21263473 -0.06375153
v 0.03421206 -0.21263473 -0.06375153
v -0.00080942 -0.22685090 -0.06375153
v 0.03703984 -0.22685090 -0.06375153
v 0.01410738 -0.19253005 -0.06375153
v -0.00080942 -0.22685090 -0.06375153
v 0.02615925 -0.20058286 -0.06375153
v 0.03703984 -0.22685090 -0.06375153
v -0.00080942 -0.22685090 -0.06375153
v 0.03421207 -0.24106704 -0.06375153
v -0.00010878 -0.18970227 -0.06375153
v -0.00080942 -0.22685090 -0.06375153
v 0.01410738 -0.19253005 -0.06375153
v 0.03421207 -0.24106704 -0.06375153
v -0.00080942 -0.22685090 -0.06375153
v 0.02615927 -0.25311890 -0.06375153
v -0.01432494 -0.19253005 -0.06375153
v -0.00080942 -0.22685090 -0.06375153
v -0.00010878 -0.18970227 -0.06375153
v 0.02615927 -0.25311890 -0.06375153
v -0.00080942 -0.22685090 -0.06375153
v 0.01410740 -0.26117173 -0.06375153
v -0.02637681 -0.20058286 -0.06375153
v -0.00080942 -0.22685090 -0.06375153
v -0.01432494 -0.19253005 -0.06375153
v 0.01410740 -0.26117173 -0.06375153
v -0.00080942 -0.22685090 -0.06375153
v -0.00010876 -0.26399949 -0.06375153
v -0.03442961 -0.21263476 -0.06375153
v -0.00080942 -0.22685090 -0.06375153
v -0.02637681 -0.20058286 -0.06375153
v -0.00010876 -0.26399949 -0.06375153
v -0.00080942 -0.22685090 -0.06375153
v -0.01432491 -0.26117173 -0.06375153
v -0.03725738 -0.22685090 -0.06375153
v -0.00080942 -0.22685090 -0.06375153
v -0.03442961 -0.21263476 -0.06375153
v -0.01432491 -0.26117173 -0.06375153
v -0.00080942 -0.22685090 -0.06375153
v -0.02637680 -0.25311896 -0.06375153
v -0.03442960 -0.24106708 -0.06375153
v -0.00080942 -0.22685090 -0.06375153
v -0.03725738 -0.22685090 -0.06375153
v -0.02637680 -0.25311896 -0.06375153
v -0.00080942 -0.22685090 -0.06375153
v -0.03442960 -0.24106708 -0.06375153
v -0.46918544 0.28726125 -0.03282049
v -0.47347498 0.28297168 -0.03282049
v -0.46918544 0.28297168 -0.03711003
v -0.09447563 0.23652640 0.04754492
v -0.09447563 0.23652640 0.05016382
v -0.00000160 0.27173182 0.05016382
v -0.00000160 0.27173182 0.05016382
v 0.00000000 0.27173245 0.04754492
v -0.09447563 0.23652640 0.04754492
v -0.47347498 0.28291023 0.01623036
v -0.47347498 0.28297168 -0.03282049
v -0.46918544 0.28726125 -0.03282049
v -0.46918544 0.28726125 -0.03282049
v -0.46938100 0.28726125 0.01792019
v -0.47347498 0.28291023 0.01623036
v -0.46938100 0.28726125 0.01792019
v -0.47118074 0.28284878 0.02198675
v -0.47347498 0.28291023 0.01623036
v -0.47118074 0.28284878 0.02198675
v -0.46938100 0.28726125 0.01792019
v -0.44299725 0.28726125 0.04606150
v -0.44299725 0.28726125 0.04606150
v -0.44706655 0.28291270 0.04771858
v -0.47118074 0.28284878 0.02198675
v -0.46918544 0.08138732 -0.07809077
v -0.46918544 0.08567686 -0.07380124
v -0.47347498 0.08138732 -0.07380124
v -0.47347498 -0.17533159 0.01843317
v -0.47347498 0.28291023 0.01623036
v -0.47118074 0.28284878 0.02198675
v -0.47118074 0.28284878 0.02198675
v -0.46991071 -0.17533159 0.02334200
v -0.47347498 -0.17533159 0.01843317
v -0.47347498 0.28291023 0.01623036
v -0.47347498 -0.17533159 0.01843317
v -0.47347498 0.08138733 -0.03282047
v -0.47347498 0.08138733 -0.03282047
v -0.47347498 0.28297168 -0.03282049
v -0.47347498 0.28291023 0.01623036
v -0.47347498 0.08138733 -0.03282047
v -0.47347498 -0.17533159 0.01843317
v -0.47347498 -0.17533171 -0.07380122
v -0.47347498 -0.17533171 -0.07380122
v -0.47347498 0.08138732 -0.07380124
v -0.47347498 0.08138733 -0.03282047
v 0.03734182 -0.21133833 -0.07809075
v 0.02855466 -0.19818743 -0.07809075
v 0.02615925 -0.20058286 -0.07476823
v 0.02615925 -0.20058286 -0.07476823
v 0.02855466 -0.19818743 -0.07809075
v 0.01540376 -0.18940030 -0.07809075
v 0.02615925 -0.20058286 -0.07476823
v 0.03421206 -0.21263473 -0.07476822
v 0.03734182 -0.21133833 -0.07809075
v 0.01540376 -0.18940030 -0.07809075
v 0.01410738 -0.19253005 -0.07476823
v 0.02615925 -0.20058286 -0.07476823
v 0.04042746 -0.22685090 -0.07809075
v 0.03734182 -0.21133833 -0.07809075
v 0.03421206 -0.21263473 -0.07476822
v -0.00010878 -0.18970227 -0.07476823
v 0.01410738 -0.19253005 -0.07476823
v 0.01540376 -0.18940030 -0.07809075
v 0.03421206 -0.21263473 -0.07476822
v 0.03703984 -0.22685090 -0.07476822
v 0.04042746 -0.22685090 -0.07809075
v 0.01540376 -0.18940030 -0.07809075
v -0.00010878 -0.18631463 -0.07809075
v -0.00010878 -0.18970227 -0.07476823
v 0.04042746 -0.22685090 -0.07809075
v 0.03703984 -0.22685090 -0.07476822
v 0.03421207 -0.24106704 -0.07476822
v -0.00010878 -0.18970227 -0.07476823
v -0.00010878 -0.18631463 -0.07809075
v -0.01562133 -0.18940030 -0.07809075
v 0.03421207 -0.24106704 -0.07476822
v 0.03734183 -0.24236344 -0.07809075
v 0.04042746 -0.22685090 -0.07809075
v -0.01562133 -0.18940030 -0.07809075
v -0.01432494 -0.19253005 -0.07476823
v -0.00010878 -0.18970227 -0.07476823
v 0.02855469 -0.25551426 -0.07809075
v 0.03734183 -0.24236344 -0.07809075
v 0.03421207 -0.24106704 -0.07476822
v -0.02637681 -0.20058286 -0.07476823
v -0.01432494 -0.19253005 -0.07476823
v -0.01562133 -0.18940030 -0.07809075
v 0.03421207 -0.24106704 -0.07476822
v 0.02615927 -0.25311890 -0.07476822
v 0.02855469 -0.25551426 -0.07809075
v -0.01562133 -0.18940030 -0.07809075
v -0.02877223 -0.19818743 -0.07809075
v -0.02637681 -0.20058286 -0.07476823
v 0.01540379 -0.26430148 -0.07809075
v 0.02855469 -0.25551426 -0.07809075
v 0.02615927 -0.25311890 -0.07476822
v -0.02637681 -0.20058286 -0.07476823
v -0.02877223 -0.19818743 -0.07809075
v -0.03755937 -0.21133836 -0.07809075
v 0.02615927 -0.25311890 -0.07476822
v 0.01410740 -0.26117173 -0.07476822
v 0.01540379 -0.26430148 -0.07809075
v -0.03755937 -0.21133836 -0.07809075
v -0.03442961 -0.21263476 -0.07476822
v -0.02637681 -0.20058286 -0.07476823
v -0.00010876 -0.26738712 -0.07809075
v 0.01540379 -0.26430148 -0.07809075
v 0.01410740 -0.26117173 -0.07476822
v -0.03442961 -0.21263476 -0.07476822
v -0.03755937 -0.21133836 -0.07809075
v -0.04064501 -0.22685090 -0.07809075
v 0.01410740 -0.26117173 -0.07476822
v -0.00010876 -0.26399949 -0.07476822
v -0.00010876 -0.26738712 -0.07809075
v -0.04064501 -0.22685090 -0.07809075
v -0.03725738 -0.22685090 -0.07476822
v -0.03442961 -0.21263476 -0.07476822
v -0.00010876 -0.26738712 -0.07809075
v -0.00010876 -0.26399949 -0.07476822
v -0.01432491 -0.26117173 -0.07476822
v -0.03442960 -0.24106708 -0.07476822
v -0.03725738 -0.22685090 -0.07476822
v -0.04064501 -0.22685090 -0.07809075
v -0.01432491 -0.26117173 -0.07476822
v -0.01562130 -0.26430148 -0.07809075
v -0.00010876 -0.26738712 -0.07809075
v -0.04064501 -0.22685090 -0.07809075
v -0.03755936 -0.24236348 -0.07809075
v -0.03442960 -0.24106708 -0.07476822
v -0.01562130 -0.26430148 -0.07809075
v -0.01432491 -0.26117173 -0.07476822
v -0.02637680 -0.25311896 -0.07476822
v -0.03442960 -0.24106708 -0.07476822
v -0.03755936 -0.24236348 -0.07809075
v -0.02877221 -0.25551435 -0.07809075
v -0.02637680 -0.25311896 -0.07476822
v -0.02877221 -0.25551435 -0.07809075
v -0.01562130 -0.26430148 -0.07809075
v -0.02877221 -0.25551435 -0.07809075
v -0.02637680 -0.25311896 -0.07476822
v -0.03442960 -0.24106708 -0.07476822
v -0.43546987 0.28726125 -0.07380125
v -0.43546987 0.28726125 -0.03282049
v -0.43975940 0.28297168 -0.03711003
v -0.43975940 0.28297168 -0.03711003
v -0.43975940 0.28297168 -0.07380125
v -0.43546987 0.28726125 -0.07380125
v 0.03421206 -0.21263473 -0.06375153
v 0.03421206 -0.21263473 -0.07476822
v 0.02615925 -0.20058286 -0.07476823
v 0.02615925 -0.20058286 -0.07476823
v 0.02615925 -0.20058286 -0.06375153
v 0.03421206 -0.21263473 -0.06375153
v 0.03421206 -0.21263473 -0.07476822
v 0.03421206 -0.21263473 -0.06375153
v 0.03703984 -0.22685090 -0.06375153
v 0.02615925 -0.20058286 -0.06375153
v 0.02615925 -0.20058286 -0.07476823
v 0.01410738 -0.19253005 -0.07476823
v 0.03703984 -0.22685090 -0.06375153
v 0.03703984 -0.22685090 -0.07476822
v 0.03421206 -0.21263473 -0.07476822
v 0.01410738 -0.19253005 -0.07476823
v 0.01410738 -0.19253005 -0.06375153
v 0.02615925 -0.20058286 -0.06375153
v 0.01410738 -0.19253005 -0.06375153
v 0.01410738 -0.19253005 -0.07476823
v -0.00010878 -0.18970227 -0.07476823
v -0.00010878 -0.18970227 -0.07476823
v -0.00010878 -0.18970227 -0.06375153
v 0.01410738 -0.19253005 -0.06375153
v 0.03421207 -0.24106704 -0.07476822
v 0.03703984 -0.22685090 -0.07476822
v 0.03703984 -0.22685090 -0.06375153
v 0.03703984 -0.22685090 -0.06375153
v 0.03421207 -0.24106704 -0.06375153
v 0.03421207 -0.24106704 -0.07476822
v 0.02615927 -0.25311890 -0.07476822
v 0.03421207 -0.24106704 -0.07476822
v 0.03421207 -0.24106704 -0.06375153
v 0.03421207 -0.24106704 -0.06375153
v 0.02615927 -0.25311890 -0.06375153
v 0.02615927 -0.25311890 -0.07476822
v 0.01410740 -0.26117173 -0.07476822
v 0.02615927 -0.25311890 -0.07476822
v 0.02615927 -0.25311890 -0.06375153
v 0.02615927 -0.25311890 -0.06375153
v 0.01410740 -0.26117173 -0.06375153
v 0.01410740 -0.26117173 -0.07476822
v -0.00010876 -0.26399949 -0.07476822
v 0.01410740 -0.26117173 -0.07476822
v 0.01410740 -0.26117173 -0.06375153
v 0.01410740 -0.26117173 -0.06375153
v -0.00010876 -0.26399949 -0.06375153
v -0.00010876 -0.26399949 -0.07476822
v -0.00010876 -0.26399949 -0.07476822
v -0.00010876 -0.26399949 -0.06375153
v -0.01432491 -0.26117173 -0.06375153
v -0.01432491 -0.26117173 -0.06375153
v -0.01432491 -0.26117173 -0.07476822
v -0.00010876 -0.26399949 -0.07476822
v -0.02637680 -0.25311896 -0.07476822
v -0.01432491 -0.26117173 -0.07476822
v -0.01432491 -0.26117173 -0.06375153
v -0.01432491 -0.26117173 -0.06375153
v -0.02637680 -0.25311896 -0.06375153
v -0.02637680 -0.25311896 -0.07476822
v -0.03442960 -0.24106708 -0.07476822
v -0.02637680 -0.25311896 -0.07476822
v -0.02637680 -0.25311896 -0.06375153
v -0.02637680 -0.25311896 -0.06375153
v -0.03442960 -0.24106708 -0.06375153
v -0.03442960 -0.24106708 -0.07476822
v -0.03725738 -0.22685090 -0.07476822
v -0.03442960 -0.24106708 -0.07476822
v -0.03442960 -0.24106708 -0.06375153
v -0.03442960 -0.24106708 -0.06375153
v -0.03725738 -0.22685090 -0.06375153
v -0.03725738 -0.22685090 -0.07476822
v -0.03725738 -0.22685090 -0.07476822
v -0.03725738 -0.22685090 -0.06375153
v -0.03442961 -0.21263476 -0.06375153
v -0.03442961 -0.21263476 -0.06375153
v -0.03442961 -0.21263476 -0.07476822
v -0.03725738 -0.22685090 -0.07476822
v -0.03442961 -0.21263476 -0.07476822
v -0.03442961 -0.21263476 -0.06375153
v -0.02637681 -0.20058286 -0.06375153
v -0.02637681 -0.20058286 -0.06375153
v -0.02637681 -0.20058286 -0.07476823
v -0.03442961 -0.21263476 -0.07476822
v -0.02637681 -0.20058286 -0.07476823
v -0.02637681 -0.20058286 -0.06375153
v -0.01432494 -0.19253005 -0.06375153
v -0.01432494 -0.19253005 -0.06375153
v -0.01432494 -0.19253005 -0.07476823
v -0.02637681 -0.20058286 -0.07476823
v -0.01432494 -0.19253005 -0.07476823
v -0.01432494 -0.19253005 -0.06375153
v -0.00010878 -0.18970227 -0.06375153
v -0.00010878 -0.18970227 -0.06375153
v -0.00010878 -0.18970227 -0.07476823
v -0.01432494 -0.19253005 -0.07476823
v -0.46918544 0.28726125 -0.03282049
v -0.46918544 0.28297168 -0.03711003
v -0.43975940 0.28297168 -0.03711003
v -0.43975940 0.28297168 -0.03711003
v -0.43546987 0.28726125 -0.03282049
v -0.46918544 0.28726125 -0.03282049
v -0.43975940 0.09450374 -0.07380124
v -0.43546987 0.09021422 -0.07809077
v -0.43546987 0.28297168 -0.07809079
v -0.43546987 0.28297168 -0.07809079
v -0.43975940 0.28297168 -0.07380125
v -0.43975940 0.09450374 -0.07380124
v -0.43546987 0.09021422 -0.07809077
v -0.43975940 0.09450374 -0.07380124
v -0.44234475 0.08826219 -0.07380124
v -0.44234475 0.08826219 -0.07380124
v -0.43805522 0.08397266 -0.07809077
v -0.43546987 0.09021422 -0.07809077
v -0.44429681 0.08138732 -0.07809077
v -0.43805522 0.08397266 -0.07809077
v -0.44234475 0.08826219 -0.07380124
v -0.44234475 0.08826219 -0.07380124
v -0.44858634 0.08567686 -0.07380124
v -0.44429681 0.08138732 -0.07809077
v -0.46918544 0.08138732 -0.07809077
v -0.44429681 0.08138732 -0.07809077
v -0.44858634 0.08567686 -0.07380124
v -0.44858634 0.08567686 -0.07380124
v -0.46918544 0.08567686 -0.07380124
v -0.46918544 0.08138732 -0.07809077
v -0.50000000 -0.17962125 -0.07380122
v -0.49571046 -0.17962125 -0.07809075
v -0.49571046 -0.17533171 -0.07380122
v -0.36134303 0.21584930 0.04723269
v -0.36134303 0.21584930 0.05016382
v -0.35515881 0.21998146 0.05016382
v -0.35515881 0.21998146 0.05016382
v -0.35515881 0.21998146 0.04723269
v -0.36134303 0.21584930 0.04723269
v -0.36134303 0.21584930 0.05016382
v -0.36134303 0.21584930 0.04723269
v -0.36547527 0.20966500 0.04723269
v -0.36547527 0.20966500 0.04723269
v -0.36547527 0.20966500 0.05016382
v -0.36134303 0.21584930 0.05016382
v -0.36547527 0.20966500 0.05016382
v -0.36547527 0.20966500 0.04723269
v -0.36692625 0.20237014 0.04723269
v -0.36692625 0.20237014 0.04723269
v -0.36692625 0.20237014 0.05016382
v -0.36547527 0.20966500 0.05016382
v -0.36692625 0.20237014 0.05016382
v -0.36692625 0.20237014 0.04723269
v -0.36692625 -0.14079057 0.04723272
v -0.36692625 -0.14079057 0.04723272
v -0.36692625 -0.14079057 0.05016385
v -0.36692625 0.20237014 0.05016382
v -0.36692625 -0.14079057 0.05016385
v -0.36692625 -0.14079057 0.04723272
v -0.36547527 -0.14808543 0.04723272
v -0.36547527 -0.14808543 0.04723272
v -0.36547527 -0.14808543 0.05016385
v -0.36692625 -0.14079057 0.05016385
v -0.36547527 -0.14808543 0.05016385
v -0.36547527 -0.14808543 0.04723272
v -0.36134303 -0.15426968 0.04723272
v -0.36134303 -0.15426968 0.04723272
v -0.36134303 -0.15426968 0.05016385
v -0.36547527 -0.14808543 0.05016385
v -0.36134303 -0.15426968 0.05016385
v -0.36134303 -0.15426968 0.04723272
v -0.35515881 -0.15840188 0.04723272
v -0.35515881 -0.15840188 0.04723272
v -0.35515881 -0.15840188 0.05016385
v -0.36134303 -0.15426968 0.05016385
v -0.43975940 0.09450374 -0.07380124
v -0.43975940 0.28297168 -0.07380125
v -0.43975940 0.28297168 -0.03711003
v -0.43975940 0.28297168 -0.03711003
v -0.43975940 0.09450375 -0.03711001
v -0.43975940 0.09450374 -0.07380124
v -0.43975940 0.09450374 -0.07380124
v -0.43975940 0.09450375 -0.03711001
v -0.44234475 0.08826220 -0.03711001
v -0.44234475 0.08826220 -0.03711001
v -0.44234475 0.08826219 -0.07380124
v -0.43975940 0.09450374 -0.07380124
v 0.42946383 -0.23646595 -0.02164389
v -0.42946383 -0.23646595 -0.02164389
v -0.42946383 -0.23646595 -0.05707470
v -0.42946383 -0.23646595 -0.05707470
v 0.42946383 -0.23646595 -0.05707470
v 0.42946383 -0.23646595 -0.02164389
v -0.42946383 -0.23646595 -0.02164389
v 0.42946383 -0.23646595 -0.02164389
v 0.44201636 -0.23646595 -0.00877258
v 0.44201636 -0.23646595 -0.00877258
v -0.44201642 -0.23646595 -0.00877258
v -0.42946383 -0.23646595 -0.02164389
v -0.44201642 -0.23646595 -0.00877258
v 0.44201636 -0.23646595 -0.00877258
v 0.44201636 -0.23646595 0.02935871
v 0.44201636 -0.23646595 0.02935871
v -0.44201642 -0.23646595 0.02935871
v -0.44201642 -0.23646595 -0.00877258
v -0.50000000 -0.17974678 0.01620675
v -0.50000000 -0.17962125 -0.07380122
v -0.49571046 -0.17533171 -0.07380122
v -0.49571046 -0.17533171 -0.07380122
v -0.49591067 -0.17533159 0.01801399
v -0.50000000 -0.17974678 0.01620675
v -0.50000000 -0.17974678 0.01620675
v -0.49591067 -0.17533159 0.01801399
v -0.49781853 -0.17974678 0.02205733
v -0.44760850 -0.17533159 0.04714011
v -0.47159839 -0.17533159 0.04605603
v -0.46991071 -0.17533159 0.02334200
v -0.46991071 -0.17533159 0.02334200
v -0.47159839 -0.17533159 0.04605603
v -0.49591067 -0.17533159 0.01801399
v -0.49591067 -0.17533159 0.01801399
v -0.47347498 -0.17533159 0.01843317
v -0.46991071 -0.17533159 0.02334200
v -0.47347498 -0.17533171 -0.07380122
v -0.47347498 -0.17533159 0.01843317
v -0.49591067 -0.17533159 0.01801399
v -0.49591067 -0.17533159 0.01801399
v -0.49571046 -0.17533171 -0.07380122
v -0.47347498 -0.17533171 -0.07380122
v -0.44760850 -0.17533159 0.04714011
v -0.44148219 -0.18021254 0.05016386
v -0.47005114 -0.17973581 0.05016386
v -0.47005114 -0.17973581 0.05016386
v -0.47159839 -0.17533159 0.04605603
v -0.44760850 -0.17533159 0.04714011
v -0.47571650 -0.17973581 0.04757583
v -0.47159839 -0.17533159 0.04605603
v -0.47005114 -0.17973581 0.05016386
v -0.47159839 -0.17533159 0.04605603
v -0.47571650 -0.17973581 0.04757583
v -0.49781853 -0.17974678 0.02205733
v -0.49781853 -0.17974678 0.02205733
v -0.49591067 -0.17533159 0.01801399
v -0.47159839 -0.17533159 0.04605603
v -0.46918544 0.28297168 -0.03711003
v -0.46918544 0.08567686 -0.03711001
v -0.43975940 0.09450375 -0.03711001
v -0.43975940 0.09450375 -0.03711001
v -0.43975940 0.28297168 -0.03711003
v -0.46918544 0.28297168 -0.03711003
v -0.43975940 0.09450375 -0.03711001
v -0.46918544 0.08567686 -0.03711001
v -0.44858634 0.08567686 -0.03711001
v -0.44858634 0.08567686 -0.03711001
v -0.44234475 0.08826220 -0.03711001
v -0.43975940 0.09450375 -0.03711001
v -0.48019186 -0.28481871 0.01625924
v -0.48019186 -0.28481871 -0.07380121
v -0.49057165 -0.27783173 -0.07378018
v -0.49057165 -0.27783173 -0.07378018
v -0.48994356 -0.27717829 0.01626837
v -0.48019186 -0.28481871 0.01625924
v -0.47902274 -0.28276220 0.02187582
v -0.48019186 -0.28481871 0.01625924
v -0.48994356 -0.27717829 0.01626837
v -0.48994356 -0.27717829 0.01626837
v -0.48836213 -0.27545404 0.02187310
v -0.47902274 -0.28276220 0.02187582
v -0.49755749 -0.26745316 0.01626617
v -0.48994356 -0.27717829 0.01626837
v -0.49057165 -0.27783173 -0.07378018
v -0.48836213 -0.27545404 0.02187310
v -0.48994356 -0.27717829 0.01626837
v -0.49755749 -0.26745316 0.01626617
v -0.49057165 -0.27783173 -0.07378018
v -0.49755749 -0.26745316 -0.07380121
v -0.49755749 -0.26745316 0.01626617
v -0.49755749 -0.26745316 0.01626617
v -0.49565434 -0.26613387 0.02191215
v -0.48836213 -0.27545404 0.02187310
v -0.50000000 -0.25517380 0.01626608
v -0.49755749 -0.26745316 0.01626617
v -0.49755749 -0.26745316 -0.07380121
v -0.49565434 -0.26613387 0.02191215
v -0.49755749 -0.26745316 0.01626617
v -0.50000000 -0.25517380 0.01626608
v -0.49755749 -0.26745316 -0.07380121
v -0.50000000 -0.25517380 -0.07380121
v -0.50000000 -0.25517380 0.01626608
v -0.50000000 -0.25517380 0.01626608
v -0.49791828 -0.25437030 0.02194219
v -0.49565434 -0.26613387 0.02191215
v -0.50000000 -0.17974678 0.01620675
v -0.50000000 -0.25517380 0.01626608
v -0.50000000 -0.25517380 -0.07380121
v -0.49791828 -0.25437030 0.02194219
v -0.50000000 -0.25517380 0.01626608
v -0.50000000 -0.17974678 0.01620675
v -0.50000000 -0.25517380 -0.07380121
v -0.50000000 -0.17962125 -0.07380122
v -0.50000000 -0.17974678 0.01620675
v -0.50000000 -0.17974678 0.01620675
v -0.49781853 -0.17974678 0.02205733
v -0.49791828 -0.25437030 0.02194219
v -0.47347498 0.28297168 -0.03282049
v -0.47347498 0.08138733 -0.03282047
v -0.46918544 0.08567686 -0.03711001
v -0.46918544 0.08567686 -0.03711001
v -0.46918544 0.28297168 -0.03711003
v -0.47347498 0.28297168 -0.03282049
v -0.44858634 0.08567686 -0.03711001
v -0.44858634 0.08567686 -0.07380124
v -0.44234475 0.08826219 -0.07380124
v -0.44234475 0.08826219 -0.07380124
v -0.44234475 0.08826220 -0.03711001
v -0.44858634 0.08567686 -0.03711001
v -0.44858634 0.08567686 -0.07380124
v -0.44858634 0.08567686 -0.03711001
v -0.46918544 0.08567686 -0.03711001
v -0.46918544 0.08567686 -0.03711001
v -0.46918544 0.08567686 -0.07380124
v -0.44858634 0.08567686 -0.07380124
v -0.47347498 0.08138732 -0.07380124
v -0.46918544 0.08567686 -0.07380124
v -0.46918544 0.08567686 -0.03711001
v -0.46918544 0.08567686 -0.03711001
v -0.47347498 0.08138733 -0.03282047
v -0.47347498 0.08138732 -0.07380124
v -0.42946383 -0.23646595 -0.02164389
v -0.42946383 0.28726125 -0.02164393
v -0.42946383 0.28726125 -0.05707473
v -0.42946383 0.28726125 -0.05707473
v -0.42946383 -0.23646595 -0.05707470
v -0.42946383 -0.23646595 -0.02164389
v -0.44201642 -0.23646595 -0.00877258
v -0.44201642 0.28726125 -0.00877262
v -0.42946383 0.28726125 -0.02164393
v -0.42946383 0.28726125 -0.02164393
v -0.42946383 -0.23646595 -0.02164389
v -0.44201642 -0.23646595 -0.00877258
v -0.44201642 0.28726125 -0.00877262
v -0.44201642 -0.23646595 -0.00877258
v -0.44201642 -0.23646595 0.02935871
v -0.44201642 -0.23646595 0.02935871
v -0.44201642 0.28726125 0.02935867
v -0.44201642 0.28726125 -0.00877262
v -0.46991071 -0.17533159 0.02334200
v -0.47118074 0.28284878 0.02198675
v -0.44706655 0.28291270 0.04771858
v -0.44706655 0.28291270 0.04771858
v -0.44760850 -0.17533159 0.04714011
v -0.46991071 -0.17533159 0.02334200
v -0.47347498 -0.17533171 -0.07380122
v -0.46918544 -0.17962125 -0.07809075
v -0.46918544 0.08138732 -0.07809077
v -0.46918544 0.08138732 -0.07809077
v -0.47347498 0.08138732 -0.07380124
v -0.47347498 -0.17533171 -0.07380122
v -0.49571046 -0.17962125 -0.07809075
v -0.46918544 -0.17962125 -0.07809075
v -0.47347498 -0.17533171 -0.07380122
v -0.47347498 -0.17533171 -0.07380122
v -0.49571046 -0.17533171 -0.07380122
v -0.49571046 -0.17962125 -0.07809075
v -0.00000002 0.03078980 0.04899177
v 0.35515872 0.21998146 0.04899175
v 0.36134303 0.21584930 0.04899175
v -0.00000002 0.03078980 0.04899177
v 0.34786391 0.22143255 0.04899175
v 0.35515872 0.21998146 0.04899175
v -0.00000002 0.03078980 0.04899177
v 0.36134303 0.21584930 0.04899175
v 0.36547521 0.20966500 0.04899175
v -0.00000002 0.03078980 0.04899177
v -0.00000002 0.22143255 0.04899175
v 0.34786391 0.22143255 0.04899175
v -0.00000002 0.03078980 0.04899177
v 0.36547521 0.20966500 0.04899175
v 0.36692625 0.20237014 0.04899175
v -0.00000002 0.03078980 0.04899177
v -0.34786391 0.22143255 0.04899175
v -0.00000002 0.22143255 0.04899175
v -0.00000002 0.03078980 0.04899177
v 0.36692625 0.20237014 0.04899175
v 0.36692625 -0.14079057 0.04899178
v -0.00000002 0.03078980 0.04899177
v -0.35515881 0.21998146 0.04899175
v -0.34786391 0.22143255 0.04899175
v -0.00000002 0.03078980 0.04899177
v 0.36692625 -0.14079057 0.04899178
v 0.36547521 -0.14808543 0.04899178
v -0.00000002 0.03078980 0.04899177
v -0.36134303 0.21584930 0.04899175
v -0.35515881 0.21998146 0.04899175
v -0.00000002 0.03078980 0.04899177
v 0.36547521 -0.14808543 0.04899178
v 0.36134303 -0.15426968 0.04899178
v -0.00000002 0.03078980 0.04899177
v -0.36547527 0.20966500 0.04899175
v -0.36134303 0.21584930 0.04899175
v -0.00000002 0.03078980 0.04899177
v 0.36134303 -0.15426968 0.04899178
v 0.35515872 -0.15840188 0.04899178
v -0.00000002 0.03078980 0.04899177
v -0.36692625 0.20237014 0.04899175
v -0.36547527 0.20966500 0.04899175
v -0.00000002 0.03078980 0.04899177
v 0.35515872 -0.15840188 0.04899178
v 0.34786391 -0.15985291 0.04899178
v -0.00000002 0.03078980 0.04899177
v -0.36692625 -0.14079057 0.04899178
v -0.36692625 0.20237014 0.04899175
v -0.00000002 0.03078980 0.04899177
v 0.34786391 -0.15985291 0.04899178
v -0.00000002 -0.15985291 0.04899178
v -0.00000002 0.03078980 0.04899177
v -0.36547527 -0.14808543 0.04899178
v -0.36692625 -0.14079057 0.04899178
v -0.00000002 0.03078980 0.04899177
v -0.00000002 -0.15985291 0.04899178
v -0.34786391 -0.15985291 0.04899178
v -0.00000002 0.03078980 0.04899177
v -0.36134303 -0.15426968 0.04899178
v -0.36547527 -0.14808543 0.04899178
v -0.00000002 0.03078980 0.04899177
v -0.34786391 -0.15985291 0.04899178
v -0.35515881 -0.15840188 0.04899178
v -0.00000002 0.03078980 0.04899177
v -0.35515881 -0.15840188 0.04899178
v -0.36134303 -0.15426968 0.04899178
v 0.40655974 -0.24089748 -0.04713132
v 0.40655974 0.28267667 -0.04713136
v 0.41096973 0.28267667 -0.05154133
v 0.41096973 0.28267667 -0.05154133
v 0.41096973 -0.24089748 -0.05154129
v 0.40655974 -0.24089748 -0.04713132
v 0.40655974 0.28267667 -0.04713136
v 0.40655974 0.28708664 -0.05154133
v 0.41096973 0.28267667 -0.05154133
v -0.40655988 0.28708664 -0.05154133
v 0.40655974 0.28708664 -0.05154133
v 0.40655974 0.28267667 -0.04713136
v -0.40655988 0.28267667 -0.04713136
v 0.40655974 0.28267667 -0.04713136
v 0.40655974 -0.24089748 -0.04713132
v 0.40655974 0.28267667 -0.04713136
v -0.40655988 0.28267667 -0.04713136
v -0.40655988 0.28708664 -0.05154133
v 0.40655974 -0.24089748 -0.04713132
v -0.40655988 -0.24089748 -0.04713132
v -0.40655988 0.28267667 -0.04713136
v -0.41096982 0.28267667 -0.05154133
v -0.40655988 0.28708664 -0.05154133
v -0.40655988 0.28267667 -0.04713136
v -0.40655988 0.28267667 -0.04713136
v -0.40655988 -0.24089748 -0.04713132
v -0.41096982 -0.24089748 -0.05154129
v -0.41096982 -0.24089748 -0.05154129
v -0.41096982 0.28267667 -0.05154133
v -0.40655988 0.28267667 -0.04713136
v 0.41096973 -0.24089748 -0.05815739
v 0.41096973 -0.24089748 -0.05154129
v 0.41096973 0.28267667 -0.05154133
v 0.41096973 0.28267667 -0.05154133
v 0.41096973 0.28267667 -0.05815743
v 0.41096973 -0.24089748 -0.05815739
v 0.41096973 0.28267667 -0.05815743
v 0.41096973 0.28267667 -0.05154133
v 0.40655974 0.28708664 -0.05154133
v 0.40655974 0.28708664 -0.05154133
v 0.40655974 0.28708664 -0.05815743
v 0.41096973 0.28267667 -0.05815743
v 0.40655974 0.28708664 -0.05815743
v 0.40655974 0.28708664 -0.05154133
v -0.40655988 0.28708664 -0.05154133
v -0.40655988 0.28708664 -0.05154133
v -0.40655988 0.28708664 -0.05815743
v 0.40655974 0.28708664 -0.05815743
v 0.00630044 -0.20968634 -0.07779272
v -0.00080940 -0.22685090 -0.07779271
v 0.01232782 -0.21371371 -0.07779271
v 0.01232782 -0.21371371 -0.07779271
v -0.00080940 -0.22685090 -0.07779271
v 0.01635516 -0.21974114 -0.07779271
v 0.01232782 -0.21371371 -0.07779271
v 0.01635516 -0.21974114 -0.07779271
v 0.02286730 -0.21704367 -0.07492916
v 0.00630044 -0.20968634 -0.07779272
v 0.01232782 -0.21371371 -0.07779271
v 0.01731200 -0.20872954 -0.07492917
v 0.02286730 -0.21704367 -0.07492916
v 0.01731200 -0.20872954 -0.07492917
v 0.01232782 -0.21371371 -0.07779271
v 0.01731200 -0.20872954 -0.07492917
v 0.00899780 -0.20317420 -0.07492917
v 0.00630044 -0.20968634 -0.07779272
v 0.00630044 -0.20968634 -0.07779272
v 0.00899780 -0.20317420 -0.07492917
v -0.00080940 -0.20122346 -0.07492917
v -0.00080940 -0.20827216 -0.07779272
v -0.00080940 -0.22685090 -0.07779271
v 0.00630044 -0.20968634 -0.07779272
v -0.00080940 -0.20122346 -0.07492917
v -0.00080940 -0.20827216 -0.07779272
v 0.00630044 -0.20968634 -0.07779272
v -0.00080940 -0.19830379 -0.06801590
v -0.00080940 -0.20122346 -0.07492917
v 0.00899780 -0.20317420 -0.07492917
v -0.00791915 -0.20968634 -0.07779272
v -0.00080940 -0.20827216 -0.07779272
v -0.00080940 -0.20122346 -0.07492917
v -0.00791915 -0.20968634 -0.07779272
v -0.00080940 -0.22685090 -0.07779271
v -0.00080940 -0.20827216 -0.07779272
v -0.00080940 -0.20122346 -0.07492917
v -0.01061663 -0.20317420 -0.07492917
v -0.00791915 -0.20968634 -0.07779272
v -0.01061663 -0.20317420 -0.07492917
v -0.00080940 -0.20122346 -0.07492917
v -0.00080940 -0.19830379 -0.06801590
v 0.01011510 -0.20047681 -0.06801590
v 0.00899780 -0.20317420 -0.07492917
v 0.01731200 -0.20872954 -0.07492917
v 0.00899780 -0.20317420 -0.07492917
v 0.01011510 -0.20047681 -0.06801590
v -0.00080940 -0.19830379 -0.06801590
v 0.01731200 -0.20872954 -0.07492917
v 0.01937650 -0.20666508 -0.06801590
v 0.01011510 -0.20047681 -0.06801590
v 0.01937650 -0.20666508 -0.06801590
v 0.01731200 -0.20872954 -0.07492917
v 0.02286730 -0.21704367 -0.07492916
v -0.00080940 -0.20225547 -0.06194641
v -0.00080940 -0.19830379 -0.06801590
v 0.01011510 -0.20047681 -0.06801590
v 0.01011510 -0.20047681 -0.06801590
v 0.00860288 -0.20412771 -0.06194641
v -0.00080940 -0.20225547 -0.06194641
v 0.00860288 -0.20412771 -0.06194641
v 0.01011510 -0.20047681 -0.06801590
v 0.01937650 -0.20666508 -0.06801590
v -0.00080940 -0.19830379 -0.06801590
v -0.00080940 -0.20225547 -0.06194641
v -0.01022168 -0.20412771 -0.06194641
v 0.01937650 -0.20666508 -0.06801590
v 0.01658222 -0.20945935 -0.06194641
v 0.00860288 -0.20412771 -0.06194641
v -0.01022168 -0.20412771 -0.06194641
v -0.01173394 -0.20047681 -0.06801590
v -0.00080940 -0.19830379 -0.06801590
v -0.00080940 -0.19830379 -0.06801590
v -0.01173394 -0.20047681 -0.06801590
v -0.01061663 -0.20317420 -0.07492917
v -0.02099521 -0.20666508 -0.06801590
v -0.01173394 -0.20047681 -0.06801590
v -0.01022168 -0.20412771 -0.06194641
v -0.01061663 -0.20317420 -0.07492917
v -0.01173394 -0.20047681 -0.06801590
v -0.02099521 -0.20666508 -0.06801590
v -0.01022168 -0.20412771 -0.06194641
v -0.01820098 -0.20945935 -0.06194641
v -0.02099521 -0.20666508 -0.06801590
v 0.01658222 -0.20945935 -0.06194641
v 0.01937650 -0.20666508 -0.06801590
v 0.02556470 -0.21592636 -0.06801590
v 0.02286730 -0.21704367 -0.07492916
v 0.02556470 -0.21592636 -0.06801590
v 0.01937650 -0.20666508 -0.06801590
v 0.02556470 -0.21592636 -0.06801590
v 0.02191383 -0.21743861 -0.06194641
v 0.01658222 -0.20945935 -0.06194641
v 0.02191383 -0.21743861 -0.06194641
v 0.02556470 -0.21592636 -0.06801590
v 0.02773771 -0.22685090 -0.06801590
v 0.02773771 -0.22685090 -0.06801590
v 0.02556470 -0.21592636 -0.06801590
v 0.02286730 -0.21704367 -0.07492916
v 0.02773771 -0.22685090 -0.06801590
v 0.02378603 -0.22685090 -0.06194641
v 0.02191383 -0.21743861 -0.06194641
v -0.02718349 -0.21592641 -0.06801590
v -0.02099521 -0.20666508 -0.06801590
v -0.01820098 -0.20945935 -0.06194641
v -0.01820098 -0.20945935 -0.06194641
v -0.02353263 -0.21743865 -0.06194641
v -0.02718349 -0.21592641 -0.06801590
v 0.02286730 -0.21704367 -0.07492916
v 0.02481810 -0.22685090 -0.07492916
v 0.02773771 -0.22685090 -0.06801590
v 0.02481810 -0.22685090 -0.07492916
v 0.02286730 -0.21704367 -0.07492916
v 0.01635516 -0.21974114 -0.07779271
v 0.02378603 -0.22685090 -0.06194641
v 0.02773771 -0.22685090 -0.06801590
v 0.02556470 -0.23777543 -0.06801590
v 0.02556470 -0.23777543 -0.06801590
v 0.02191383 -0.23626320 -0.06194641
v 0.02378603 -0.22685090 -0.06194641
v 0.01658222 -0.24424252 -0.06194641
v 0.02191383 -0.23626320 -0.06194641
v 0.02556470 -0.23777543 -0.06801590
v 0.02286730 -0.23665814 -0.07492916
v 0.02556470 -0.23777543 -0.06801590
v 0.02773771 -0.22685090 -0.06801590
v 0.02773771 -0.22685090 -0.06801590
v 0.02481810 -0.22685090 -0.07492916
v 0.02286730 -0.23665814 -0.07492916
v 0.02556470 -0.23777543 -0.06801590
v 0.01937650 -0.24703680 -0.06801590
v 0.01658222 -0.24424252 -0.06194641
v 0.01937650 -0.24703680 -0.06801590
v 0.02556470 -0.23777543 -0.06801590
v 0.02286730 -0.23665814 -0.07492916
v 0.01658222 -0.24424252 -0.06194641
v 0.01937650 -0.24703680 -0.06801590
v 0.01011510 -0.25322500 -0.06801590
v 0.01011510 -0.25322500 -0.06801590
v 0.00860288 -0.24957414 -0.06194641
v 0.01658222 -0.24424252 -0.06194641
v -0.00080940 -0.25144634 -0.06194641
v 0.00860288 -0.24957414 -0.06194641
v 0.01011510 -0.25322500 -0.06801590
v 0.01635516 -0.21974114 -0.07779271
v 0.01776942 -0.22685090 -0.07779271
v 0.02481810 -0.22685090 -0.07492916
v 0.02286730 -0.23665814 -0.07492916
v 0.02481810 -0.22685090 -0.07492916
v 0.01776942 -0.22685090 -0.07779271
v 0.01635516 -0.21974114 -0.07779271
v -0.00080940 -0.22685090 -0.07779271
v 0.01776942 -0.22685090 -0.07779271
v 0.01776942 -0.22685090 -0.07779271
v 0.01635516 -0.23396070 -0.07779271
v 0.02286730 -0.23665814 -0.07492916
v 0.01776942 -0.22685090 -0.07779271
v -0.00080940 -0.22685090 -0.07779271
v 0.01635516 -0.23396070 -0.07779271
v 0.02286730 -0.23665814 -0.07492916
v 0.01635516 -0.23396070 -0.07779271
v 0.01232782 -0.23998807 -0.07779271
v 0.01635516 -0.23396070 -0.07779271
v -0.00080940 -0.22685090 -0.07779271
v 0.01232782 -0.23998807 -0.07779271
v 0.02286730 -0.23665814 -0.07492916
v 0.01731200 -0.24497235 -0.07492916
v 0.01937650 -0.24703680 -0.06801590
v 0.01232782 -0.23998807 -0.07779271
v 0.01731200 -0.24497235 -0.07492916
v 0.02286730 -0.23665814 -0.07492916
v 0.01011510 -0.25322500 -0.06801590
v 0.01937650 -0.24703680 -0.06801590
v 0.01731200 -0.24497235 -0.07492916
v 0.01731200 -0.24497235 -0.07492916
v 0.01232782 -0.23998807 -0.07779271
v 0.00630044 -0.24401546 -0.07779271
v 0.01232782 -0.23998807 -0.07779271
v -0.00080940 -0.22685090 -0.07779271
v 0.00630044 -0.24401546 -0.07779271
v 0.01731200 -0.24497235 -0.07492916
v 0.00899780 -0.25052759 -0.07492916
v 0.01011510 -0.25322500 -0.06801590
v 0.00630044 -0.24401546 -0.07779271
v 0.00899780 -0.25052759 -0.07492916
v 0.01731200 -0.24497235 -0.07492916
v -0.00080940 -0.25539801 -0.06801590
v 0.01011510 -0.25322500 -0.06801590
v 0.00899780 -0.25052759 -0.07492916
v 0.01011510 -0.25322500 -0.06801590
v -0.00080940 -0.25539801 -0.06801590
v -0.00080940 -0.25144634 -0.06194641
v -0.00080940 -0.25247830 -0.07492916
v 0.00899780 -0.25052759 -0.07492916
v 0.00630044 -0.24401546 -0.07779271
v 0.00899780 -0.25052759 -0.07492916
v -0.00080940 -0.25247830 -0.07492916
v -0.00080940 -0.25539801 -0.06801590
v 0.00630044 -0.24401546 -0.07779271
v -0.00080940 -0.24542964 -0.07779271
v -0.00080940 -0.25247830 -0.07492916
v 0.00630044 -0.24401546 -0.07779271
v -0.00080940 -0.22685090 -0.07779271
v -0.00080940 -0.24542964 -0.07779271
v -0.00080940 -0.25247830 -0.07492916
v -0.00080940 -0.24542964 -0.07779271
v -0.00791915 -0.24401546 -0.07779271
v -0.00080940 -0.24542964 -0.07779271
v -0.00080940 -0.22685090 -0.07779271
v -0.00791915 -0.24401546 -0.07779271
v -0.00080940 -0.25539801 -0.06801590
v -0.00080940 -0.25247830 -0.07492916
v -0.01061659 -0.25052759 -0.07492916
v -0.00791915 -0.24401546 -0.07779271
v -0.01061659 -0.25052759 -0.07492916
v -0.00080940 -0.25247830 -0.07492916
v -0.00080940 -0.25144634 -0.06194641
v -0.00080940 -0.25539801 -0.06801590
v -0.01173390 -0.25322500 -0.06801590
v -0.01061659 -0.25052759 -0.07492916
v -0.01173390 -0.25322500 -0.06801590
v -0.00080940 -0.25539801 -0.06801590
v -0.01173390 -0.25322500 -0.06801590
v -0.01022168 -0.24957414 -0.06194641
v -0.00080940 -0.25144634 -0.06194641
v -0.01061659 -0.25052759 -0.07492916
v -0.00791915 -0.24401546 -0.07779271
v -0.01394654 -0.23998807 -0.07779271
v -0.00791915 -0.24401546 -0.07779271
v -0.00080940 -0.22685090 -0.07779271
v -0.01394654 -0.23998807 -0.07779271
v -0.01173390 -0.25322500 -0.06801590
v -0.01061659 -0.25052759 -0.07492916
v -0.01893072 -0.24497235 -0.07492916
v -0.01394654 -0.23998807 -0.07779271
v -0.01893072 -0.24497235 -0.07492916
v -0.01061659 -0.25052759 -0.07492916
v -0.01022168 -0.24957414 -0.06194641
v -0.01173390 -0.25322500 -0.06801590
v -0.02099521 -0.24703680 -0.06801590
v -0.01893072 -0.24497235 -0.07492916
v -0.02099521 -0.24703680 -0.06801590
v -0.01173390 -0.25322500 -0.06801590
v -0.02099521 -0.24703680 -0.06801590
v -0.01820098 -0.24424252 -0.06194641
v -0.01022168 -0.24957414 -0.06194641
v -0.02353263 -0.23626320 -0.06194641
v -0.01820098 -0.24424252 -0.06194641
v -0.02099521 -0.24703680 -0.06801590
v -0.02099521 -0.24703680 -0.06801590
v -0.01893072 -0.24497235 -0.07492916
v -0.02448609 -0.23665814 -0.07492916
v -0.02448609 -0.23665814 -0.07492916
v -0.01893072 -0.24497235 -0.07492916
v -0.01394654 -0.23998807 -0.07779271
v -0.02099521 -0.24703680 -0.06801590
v -0.02718349 -0.23777543 -0.06801590
v -0.02353263 -0.23626320 -0.06194641
v -0.02448609 -0.23665814 -0.07492916
v -0.02718349 -0.23777543 -0.06801590
v -0.02099521 -0.24703680 -0.06801590
v -0.02540483 -0.22685090 -0.06194641
v -0.02353263 -0.23626320 -0.06194641
v -0.02718349 -0.23777543 -0.06801590
v -0.02718349 -0.23777543 -0.06801590
v -0.02935651 -0.22685090 -0.06801590
v -0.02540483 -0.22685090 -0.06194641
v -0.02935651 -0.22685090 -0.06801590
v -0.02718349 -0.23777543 -0.06801590
v -0.02448609 -0.23665814 -0.07492916
v -0.02353263 -0.21743865 -0.06194641
v -0.02540483 -0.22685090 -0.06194641
v -0.02935651 -0.22685090 -0.06801590
v -0.02935651 -0.22685090 -0.06801590
v -0.02718349 -0.21592641 -0.06801590
v -0.02353263 -0.21743865 -0.06194641
v -0.01394654 -0.23998807 -0.07779271
v -0.01797396 -0.23396070 -0.07779271
v -0.02448609 -0.23665814 -0.07492916
v -0.01394654 -0.23998807 -0.07779271
v -0.00080940 -0.22685090 -0.07779271
v -0.01797396 -0.23396070 -0.07779271
v -0.02448609 -0.23665814 -0.07492916
v -0.02643682 -0.22685090 -0.07492916
v -0.02935651 -0.22685090 -0.06801590
v -0.02643682 -0.22685090 -0.07492916
v -0.02448609 -0.23665814 -0.07492916
v -0.01797396 -0.23396070 -0.07779271
v -0.02448609 -0.21704370 -0.07492916
v -0.02718349 -0.21592641 -0.06801590
v -0.02935651 -0.22685090 -0.06801590
v -0.02935651 -0.22685090 -0.06801590
v -0.02643682 -0.22685090 -0.07492916
v -0.02448609 -0.21704370 -0.07492916
v -0.02099521 -0.20666508 -0.06801590
v -0.02718349 -0.21592641 -0.06801590
v -0.02448609 -0.21704370 -0.07492916
v -0.01797396 -0.23396070 -0.07779271
v -0.01938814 -0.22685090 -0.07779271
v -0.02643682 -0.22685090 -0.07492916
v -0.01797396 -0.23396070 -0.07779271
v -0.00080940 -0.22685090 -0.07779271
v -0.01938814 -0.22685090 -0.07779271
v -0.02643682 -0.22685090 -0.07492916
v -0.01938814 -0.22685090 -0.07779271
v -0.01797396 -0.21974114 -0.07779271
v -0.01797396 -0.21974114 -0.07779271
v -0.02448609 -0.21704370 -0.07492916
v -0.02643682 -0.22685090 -0.07492916
v -0.01938814 -0.22685090 -0.07779271
v -0.00080940 -0.22685090 -0.07779271
v -0.01797396 -0.21974114 -0.07779271
v -0.02448609 -0.21704370 -0.07492916
v -0.01893072 -0.20872954 -0.07492917
v -0.02099521 -0.20666508 -0.06801590
v -0.01893072 -0.20872954 -0.07492917
v -0.02448609 -0.21704370 -0.07492916
v -0.01797396 -0.21974114 -0.07779271
v -0.02099521 -0.20666508 -0.06801590
v -0.01893072 -0.20872954 -0.07492917
v -0.01061663 -0.20317420 -0.07492917
v -0.01797396 -0.21974114 -0.07779271
v -0.00080940 -0.22685090 -0.07779271
v -0.01394654 -0.21371371 -0.07779271
v -0.01797396 -0.21974114 -0.07779271
v -0.01394654 -0.21371371 -0.07779271
v -0.01893072 -0.20872954 -0.07492917
v -0.01061663 -0.20317420 -0.07492917
v -0.01893072 -0.20872954 -0.07492917
v -0.01394654 -0.21371371 -0.07779271
v -0.01394654 -0.21371371 -0.07779271
v -0.00080940 -0.22685090 -0.07779271
v -0.00791915 -0.20968634 -0.07779272
v -0.01394654 -0.21371371 -0.07779271
v -0.00791915 -0.20968634 -0.07779272
v -0.01061663 -0.20317420 -0.07492917
v -0.40655988 0.28708664 -0.05815743
v -0.40655988 0.28708664 -0.05154133
v -0.41096982 0.28267667 -0.05154133
v -0.41096982 0.28267667 -0.05154133
v -0.41096982 0.28267667 -0.05815743
v -0.40655988 0.28708664 -0.05815743
v -0.41096982 0.28267667 -0.05815743
v -0.41096982 0.28267667 -0.05154133
v -0.41096982 -0.24089748 -0.05154129
v -0.41096982 -0.24089748 -0.05154129
v -0.41096982 -0.24089748 -0.05815739
v -0.41096982 0.28267667 -0.05815743
v -0.40920419 0.17117380 -0.03462055
v -0.41265041 0.17185928 -0.03806679
v -0.41265050 0.25272790 -0.03806681
v -0.41601470 0.16373724 -0.03806680
v -0.41265041 0.17185928 -0.03806679
v -0.40920419 0.17117380 -0.03462055
v -0.41265050 0.25272790 -0.03806681
v -0.40580869 0.25972900 -0.03443125
v -0.40920419 0.17117380 -0.03462055
v -0.41265050 0.25272790 -0.03806681
v -0.40840334 0.26257345 -0.03828863
v -0.40580869 0.25972900 -0.03443125
v -0.40840334 0.26257345 -0.03828863
v -0.39795968 0.26605594 -0.03806681
v -0.40580869 0.25972900 -0.03443125
v -0.00000002 0.26260969 -0.03462055
v -0.40580869 0.25972900 -0.03443125
v -0.39795968 0.26605594 -0.03806681
v -0.40920419 0.17117380 -0.03462055
v -0.40580869 0.25972900 -0.03443125
v -0.00000002 0.26260969 -0.03462055
v -0.39795968 0.26605594 -0.03806681
v -0.00000002 0.26605594 -0.03806681
v -0.00000002 0.26260969 -0.03462055
v -0.40920419 0.17117380 -0.03462055
v -0.41337705 0.16109960 -0.03462055
v -0.41601470 0.16373724 -0.03806680
v -0.00000002 0.26260969 -0.03462055
v -0.00000002 0.26605594 -0.03806681
v 0.39795962 0.26605594 -0.03806681
v -0.00000002 -0.23825707 -0.03462052
v -0.41337705 0.16109960 -0.03462055
v -0.40920419 0.17117380 -0.03462055
v -0.00000002 0.26260969 -0.03462055
v -0.00000002 -0.23825707 -0.03462052
v -0.40920419 0.17117380 -0.03462055
v -0.41601470 0.16373724 -0.03806680
v -0.41337705 0.16109960 -0.03462055
v -0.42345113 0.15692675 -0.03462055
v -0.42345113 0.15692675 -0.03462055
v -0.41337705 0.16109960 -0.03462055
v -0.00000002 -0.23825707 -0.03462052
v -0.42345113 0.15692675 -0.03462055
v -0.42413676 0.16037297 -0.03806680
v -0.41601470 0.16373724 -0.03806680
v 0.39795962 0.26605594 -0.03806681
v 0.40580860 0.25972900 -0.03443125
v -0.00000002 0.26260969 -0.03462055
v 0.39795962 0.26605594 -0.03806681
v 0.40840334 0.26257345 -0.03828863
v 0.40580860 0.25972900 -0.03443125
v 0.40840334 0.26257345 -0.03828863
v 0.41265041 0.25272790 -0.03806681
v 0.40580860 0.25972900 -0.03443125
v -0.00000002 0.26260969 -0.03462055
v 0.40580860 0.25972900 -0.03443125
v 0.40920410 0.17117380 -0.03462055
v 0.40920410 0.17117380 -0.03462055
v 0.40580860 0.25972900 -0.03443125
v 0.41265041 0.25272790 -0.03806681
v 0.40920410 0.17117380 -0.03462055
v -0.00000002 -0.23825707 -0.03462052
v -0.00000002 0.26260969 -0.03462055
v 0.41265041 0.25272790 -0.03806681
v 0.41265041 0.17185928 -0.03806679
v 0.40920410 0.17117380 -0.03462055
v 0.40920410 0.17117380 -0.03462055
v 0.41265041 0.17185928 -0.03806679
v 0.41601476 0.16373724 -0.03806679
v 0.40920410 0.17117380 -0.03462055
v 0.41337696 0.16109960 -0.03462055
v -0.00000002 -0.23825707 -0.03462052
v 0.41601476 0.16373724 -0.03806679
v 0.41337696 0.16109960 -0.03462055
v 0.40920410 0.17117380 -0.03462055
v 0.42345122 0.15692675 -0.03462055
v 0.41337696 0.16109960 -0.03462055
v 0.41601476 0.16373724 -0.03806679
v -0.00000002 -0.23825707 -0.03462052
v 0.41337696 0.16109960 -0.03462055
v 0.42345122 0.15692675 -0.03462055
v 0.41601476 0.16373724 -0.03806679
v 0.42413682 0.16037297 -0.03806679
v 0.42345122 0.15692675 -0.03462055
v 0.43217912 -0.23825707 -0.03462052
v -0.00000002 -0.23825707 -0.03462052
v 0.42345122 0.15692675 -0.03462055
v -0.42345113 0.15692675 -0.03462055
v -0.00000002 -0.23825707 -0.03462052
v -0.43217912 -0.23825707 -0.03462052
v 0.42345122 0.15692675 -0.03462055
v 0.43217912 0.15692675 -0.03462055
v 0.43217912 -0.23825707 -0.03462052
v 0.43217912 0.15692675 -0.03462055
v 0.42345122 0.15692675 -0.03462055
v 0.42413682 0.16037297 -0.03806679
v 0.43562531 -0.23825707 -0.03806677
v 0.43217912 -0.23825707 -0.03462052
v 0.43217912 0.15692675 -0.03462055
v 0.42413682 0.16037297 -0.03806679
v 0.43562531 0.16037297 -0.03806680
v 0.43217912 0.15692675 -0.03462055
v 0.43217912 0.15692675 -0.03462055
v 0.43562531 0.16037297 -0.03806680
v 0.43562531 -0.23825707 -0.03806677
v -0.43217912 -0.23825707 -0.03462052
v -0.43217906 0.15692675 -0.03462055
v -0.42345113 0.15692675 -0.03462055
v -0.42413676 0.16037297 -0.03806680
v -0.42345113 0.15692675 -0.03462055
v -0.43217906 0.15692675 -0.03462055
v -0.43217906 0.15692675 -0.03462055
v -0.43217912 -0.23825707 -0.03462052
v -0.43562543 -0.23825707 -0.03806677
v -0.43217906 0.15692675 -0.03462055
v -0.43562531 0.16037297 -0.03806680
v -0.42413676 0.16037297 -0.03806680
v -0.43562543 -0.23825707 -0.03806677
v -0.43562531 0.16037297 -0.03806680
v -0.43217906 0.15692675 -0.03462055
v -0.40829435 0.26204777 -0.04824242
v -0.40840334 0.26257345 -0.03828863
v -0.41265050 0.25272790 -0.03806681
v -0.41265050 0.25272790 -0.03806681
v -0.41265050 0.25272790 -0.04804957
v -0.40829435 0.26204777 -0.04824242
v -0.41265050 0.17185928 -0.04804956
v -0.41265050 0.25272790 -0.04804957
v -0.41265050 0.25272790 -0.03806681
v -0.41265050 0.25272790 -0.03806681
v -0.41265041 0.17185928 -0.03806679
v -0.41265050 0.17185928 -0.04804956
v -0.41265050 0.17185928 -0.04804956
v -0.41265041 0.17185928 -0.03806679
v -0.41601470 0.16373724 -0.03806680
v -0.41601470 0.16373724 -0.03806680
v -0.41601470 0.16373724 -0.04804956
v -0.41265050 0.17185928 -0.04804956
v -0.41601470 0.16373724 -0.04804956
v -0.41601470 0.16373724 -0.03806680
v -0.42413676 0.16037297 -0.03806680
v -0.42413676 0.16037297 -0.03806680
v -0.42413676 0.16037297 -0.04804956
v -0.41601470 0.16373724 -0.04804956
v -0.42413676 0.16037297 -0.04804956
v -0.42413676 0.16037297 -0.03806680
v -0.43562531 0.16037297 -0.03806680
v -0.43562531 0.16037297 -0.03806680
v -0.43562543 0.16037297 -0.04804956
v -0.42413676 0.16037297 -0.04804956
v 0.39795962 0.26605594 -0.04804957
v 0.40829435 0.26204777 -0.04824242
v 0.40840334 0.26257345 -0.03828863
v 0.40840334 0.26257345 -0.03828863
v 0.39795962 0.26605594 -0.03806681
v 0.39795962 0.26605594 -0.04804957
v -0.00000002 0.26605594 -0.04804957
v 0.39795962 0.26605594 -0.04804957
v 0.39795962 0.26605594 -0.03806681
v 0.39795962 0.26605594 -0.03806681
v -0.00000002 0.26605594 -0.03806681
v -0.00000002 0.26605594 -0.04804957
v -0.00000002 0.26605594 -0.04804957
v -0.00000002 0.26605594 -0.03806681
v -0.39795968 0.26605594 -0.03806681
v -0.39795968 0.26605594 -0.03806681
v -0.39795968 0.26605594 -0.04804957
v -0.00000002 0.26605594 -0.04804957
v -0.39795968 0.26605594 -0.04804957
v -0.39795968 0.26605594 -0.03806681
v -0.40840334 0.26257345 -0.03828863
v -0.40840334 0.26257345 -0.03828863
v -0.40829435 0.26204777 -0.04824242
v -0.39795968 0.26605594 -0.04804957
v 0.41265041 0.17185928 -0.04804956
v 0.41265041 0.17185928 -0.03806679
v 0.41265041 0.25272790 -0.03806681
v 0.41265041 0.17185928 -0.03806679
v 0.41265041 0.17185928 -0.04804956
v 0.41601476 0.16373724 -0.04804956
v 0.41265041 0.25272790 -0.03806681
v 0.41265041 0.25272790 -0.04804957
v 0.41265041 0.17185928 -0.04804956
v 0.40829435 0.26204777 -0.04824242
v 0.41265041 0.25272790 -0.04804957
v 0.41265041 0.25272790 -0.03806681
v 0.41265041 0.25272790 -0.03806681
v 0.40840334 0.26257345 -0.03828863
v 0.40829435 0.26204777 -0.04824242
v 0.41601476 0.16373724 -0.04804956
v 0.41601476 0.16373724 -0.03806679
v 0.41265041 0.17185928 -0.03806679
v 0.41601476 0.16373724 -0.03806679
v 0.41601476 0.16373724 -0.04804956
v 0.42413682 0.16037297 -0.04804956
v 0.42413682 0.16037297 -0.04804956
v 0.42413682 0.16037297 -0.03806679
v 0.41601476 0.16373724 -0.03806679
v 0.43562531 0.16037297 -0.03806680
v 0.42413682 0.16037297 -0.03806679
v 0.42413682 0.16037297 -0.04804956
v 0.42413682 0.16037297 -0.04804956
v 0.43562531 0.16037297 -0.04804956
v 0.43562531 0.16037297 -0.03806680
v -0.43562543 -0.23825707 -0.03806677
v -0.43562543 -0.23825707 -0.04804953
v -0.43562543 0.16037297 -0.04804956
v -0.43562543 0.16037297 -0.04804956
v -0.43562531 0.16037297 -0.03806680
v -0.43562543 -0.23825707 -0.03806677
v 0.43562531 0.16037297 -0.03806680
v 0.43562531 0.16037297 -0.04804956
v 0.43562531 -0.23825707 -0.04804953
v 0.43562531 -0.23825707 -0.04804953
v 0.43562531 -0.23825707 -0.03806677
v 0.43562531 0.16037297 -0.03806680
v -0.43562543 -0.23825707 -0.04804953
v -0.00000001 -0.23825707 -0.04804953
v -0.41601470 0.16373724 -0.04804956
v -0.41601470 0.16373724 -0.04804956
v -0.42413676 0.16037297 -0.04804956
v -0.43562543 -0.23825707 -0.04804953
v -0.41265050 0.17185928 -0.04804956
v -0.41601470 0.16373724 -0.04804956
v -0.00000001 -0.23825707 -0.04804953
v -0.41265050 0.17185928 -0.04804956
v -0.00000001 -0.23825707 -0.04804953
v -0.00000002 0.26605594 -0.04804957
v -0.00000002 0.26605594 -0.04804957
v -0.41265050 0.25272790 -0.04804957
v -0.41265050 0.17185928 -0.04804956
v -0.41265050 0.25272790 -0.04804957
v -0.00000002 0.26605594 -0.04804957
v -0.39795968 0.26605594 -0.04804957
v -0.39795968 0.26605594 -0.04804957
v -0.40829435 0.26204777 -0.04824242
v -0.41265050 0.25272790 -0.04804957
v -0.00000002 0.26605594 -0.04804957
v -0.00000001 -0.23825707 -0.04804953
v 0.41265041 0.17185928 -0.04804956
v 0.41601476 0.16373724 -0.04804956
v 0.41265041 0.17185928 -0.04804956
v -0.00000001 -0.23825707 -0.04804953
v 0.41265041 0.17185928 -0.04804956
v 0.41265041 0.25272790 -0.04804957
v -0.00000002 0.26605594 -0.04804957
v 0.39795962 0.26605594 -0.04804957
v -0.00000002 0.26605594 -0.04804957
v 0.41265041 0.25272790 -0.04804957
v 0.41265041 0.25272790 -0.04804957
v 0.40829435 0.26204777 -0.04824242
v 0.39795962 0.26605594 -0.04804957
v 0.41601476 0.16373724 -0.04804956
v -0.00000001 -0.23825707 -0.04804953
v 0.43562531 -0.23825707 -0.04804953
v 0.43562531 -0.23825707 -0.04804953
v 0.42413682 0.16037297 -0.04804956
v 0.41601476 0.16373724 -0.04804956
v 0.42413682 0.16037297 -0.04804956
v 0.43562531 -0.23825707 -0.04804953
v 0.43562531 0.16037297 -0.04804956
v -0.43562543 -0.23825707 -0.04804953
v -0.42413676 0.16037297 -0.04804956
v -0.43562543 0.16037297 -0.04804956
v -0.36847922 0.10670196 -0.03116004
v -0.36847922 0.00700457 -0.03116003
v -0.36516428 0.00700457 -0.02619881
v -0.36847922 0.00700457 -0.03116003
v -0.36847922 0.10670196 -0.03116004
v -0.37344047 0.10670196 -0.03447502
v -0.36516428 0.00700457 -0.02619881
v -0.36516428 0.10670196 -0.02619882
v -0.36847922 0.10670196 -0.03116004
v -0.37344047 0.10670196 -0.03447502
v -0.37344047 0.00700457 -0.03447502
v -0.36847922 0.00700457 -0.03116003
v -0.37344047 0.00700457 -0.03447502
v -0.37344047 0.10670196 -0.03447502
v -0.37929264 0.10670196 -0.03563910
v -0.37929264 0.10670196 -0.03563910
v -0.37929264 0.00700457 -0.03563909
v -0.37344047 0.00700457 -0.03447502
v -0.36516428 0.10670196 -0.02619882
v -0.36516428 0.00700457 -0.02619881
v -0.36400020 0.00700457 -0.02034666
v -0.36400020 0.00700457 -0.02034666
v -0.36400020 0.10670196 -0.02034667
v -0.36516428 0.10670196 -0.02619882
v -0.36400020 0.10670196 -0.02034667
v -0.36400020 0.00700457 -0.02034666
v -0.36516428 0.00700457 -0.01449451
v -0.36516428 0.00700457 -0.01449451
v -0.36516428 0.10670196 -0.01449451
v -0.36400020 0.10670196 -0.02034667
v -0.36516428 0.10670196 -0.01449451
v -0.36516428 0.00700457 -0.01449451
v -0.36847922 0.00700457 -0.00953328
v -0.36847922 0.00700457 -0.00953328
v -0.36847922 0.10670196 -0.00953329
v -0.36516428 0.10670196 -0.01449451
v -0.36847922 0.10670196 -0.00953329
v -0.36847922 0.00700457 -0.00953328
v -0.37344047 0.00700457 -0.00621830
v -0.37344047 0.00700457 -0.00621830
v -0.37344047 0.10670196 -0.00621830
v -0.36847922 0.10670196 -0.00953329
v -0.37344047 0.10670196 -0.00621830
v -0.37344047 0.00700457 -0.00621830
v -0.37929264 0.00700457 -0.00505423
v -0.37929264 0.00700457 -0.00505423
v -0.37929264 0.10670196 -0.00505424
v -0.37344047 0.10670196 -0.00621830
v -0.37929264 0.10670196 -0.00505424
v -0.37929264 0.00700457 -0.00505423
v -0.38514480 0.00700457 -0.00621830
v -0.38514480 0.00700457 -0.00621830
v -0.38514480 0.10670196 -0.00621831
v -0.37929264 0.10670196 -0.00505424
v -0.38514480 0.10670196 -0.00621831
v -0.38514480 0.00700457 -0.00621830
v -0.39010599 0.00700457 -0.00953328
v -0.39010599 0.00700457 -0.00953328
v -0.39010599 0.10670196 -0.00953329
v -0.38514480 0.10670196 -0.00621831
v -0.39010599 0.10670196 -0.00953329
v -0.39010599 0.00700457 -0.00953328
v -0.39342099 0.00700457 -0.01449451
v -0.39342099 0.00700457 -0.01449451
v -0.39342099 0.10670196 -0.01449451
v -0.39010599 0.10670196 -0.00953329
v -0.39342099 0.10670196 -0.01449451
v -0.39342099 0.00700457 -0.01449451
v -0.39458507 0.00700457 -0.02034667
v -0.39458507 0.00700457 -0.02034667
v -0.39458507 0.10670196 -0.02034668
v -0.39342099 0.10670196 -0.01449451
v -0.39458507 0.10670196 -0.02034668
v -0.39458507 0.00700457 -0.02034667
v -0.39342099 0.00700457 -0.02619883
v -0.39342099 0.00700457 -0.02619883
v -0.39342099 0.10670196 -0.02619884
v -0.39458507 0.10670196 -0.02034668
v -0.39342099 0.10670196 -0.02619884
v -0.39342099 0.00700457 -0.02619883
v -0.39010599 0.00700457 -0.03116005
v -0.39010599 0.00700457 -0.03116005
v -0.39010599 0.10670196 -0.03116006
v -0.39342099 0.10670196 -0.02619884
v -0.39010599 0.10670196 -0.03116006
v -0.39010599 0.00700457 -0.03116005
v -0.38514474 0.00700457 -0.03447502
v -0.38514474 0.00700457 -0.03447502
v -0.38514474 0.10670196 -0.03447503
v -0.39010599 0.10670196 -0.03116006
v -0.38514474 0.10670196 -0.03447503
v -0.38514474 0.00700457 -0.03447502
v -0.37929264 0.00700457 -0.03563909
v -0.37929264 0.00700457 -0.03563909
v -0.37929264 0.10670196 -0.03563910
v -0.38514474 0.10670196 -0.03447503
v -0.37929264 0.00700457 -0.02034666
v -0.36516428 0.00700457 -0.02619881
v -0.36847922 0.00700457 -0.03116003
v -0.37929264 0.00700457 -0.02034666
v -0.36400020 0.00700457 -0.02034666
v -0.36516428 0.00700457 -0.02619881
v -0.37929264 0.00700457 -0.02034666
v -0.36847922 0.00700457 -0.03116003
v -0.37344047 0.00700457 -0.03447502
v -0.37929264 0.00700457 -0.02034666
v -0.36516428 0.00700457 -0.01449451
v -0.36400020 0.00700457 -0.02034666
v -0.37929264 0.00700457 -0.02034666
v -0.37344047 0.00700457 -0.03447502
v -0.37929264 0.00700457 -0.03563909
v -0.37929264 0.00700457 -0.02034666
v -0.36847922 0.00700457 -0.00953328
v -0.36516428 0.00700457 -0.01449451
v -0.37929264 0.00700457 -0.02034666
v -0.37929264 0.00700457 -0.03563909
v -0.38514474 0.00700457 -0.03447502
v -0.37929264 0.00700457 -0.02034666
v -0.37344047 0.00700457 -0.00621830
v -0.36847922 0.00700457 -0.00953328
v -0.37929264 0.00700457 -0.02034666
v -0.38514474 0.00700457 -0.03447502
v -0.39010599 0.00700457 -0.03116005
v -0.37929264 0.00700457 -0.02034666
v -0.37929264 0.00700457 -0.00505423
v -0.37344047 0.00700457 -0.00621830
v -0.37929264 0.00700457 -0.02034666
v -0.39010599 0.00700457 -0.03116005
v -0.39342099 0.00700457 -0.02619883
v -0.37929264 0.00700457 -0.02034666
v -0.38514480 0.00700457 -0.00621830
v -0.37929264 0.00700457 -0.00505423
v -0.37929264 0.00700457 -0.02034666
v -0.39342099 0.00700457 -0.02619883
v -0.39458507 0.00700457 -0.02034667
v -0.37929264 0.00700457 -0.02034666
v -0.39010599 0.00700457 -0.00953328
v -0.38514480 0.00700457 -0.00621830
v -0.37929264 0.00700457 -0.02034666
v -0.39458507 0.00700457 -0.02034667
v -0.39342099 0.00700457 -0.01449451
v -0.37929264 0.00700457 -0.02034666
v -0.39342099 0.00700457 -0.01449451
v -0.39010599 0.00700457 -0.00953328
v -0.37929264 0.10670196 -0.02034667
v -0.36847922 0.10670196 -0.03116004
v -0.36516428 0.10670196 -0.02619882
v -0.37929264 0.10670196 -0.02034667
v -0.37344047 0.10670196 -0.03447502
v -0.36847922 0.10670196 -0.03116004
v -0.37929264 0.10670196 -0.02034667
v -0.36516428 0.10670196 -0.02619882
v -0.36400020 0.10670196 -0.02034667
v -0.37929264 0.10670196 -0.02034667
v -0.37929264 0.10670196 -0.03563910
v -0.37344047 0.10670196 -0.03447502
v -0.37929264 0.10670196 -0.02034667
v -0.36400020 0.10670196 -0.02034667
v -0.36516428 0.10670196 -0.01449451
v -0.37929264 0.10670196 -0.02034667
v -0.38514474 0.10670196 -0.03447503
v -0.37929264 0.10670196 -0.03563910
v -0.37929264 0.10670196 -0.02034667
v -0.36516428 0.10670196 -0.01449451
v -0.36847922 0.10670196 -0.00953329
v -0.37929264 0.10670196 -0.02034667
v -0.39010599 0.10670196 -0.03116006
v -0.38514474 0.10670196 -0.03447503
v -0.37929264 0.10670196 -0.02034667
v -0.36847922 0.10670196 -0.00953329
v -0.37344047 0.10670196 -0.00621830
v -0.37929264 0.10670196 -0.02034667
v -0.39342099 0.10670196 -0.02619884
v -0.39010599 0.10670196 -0.03116006
v -0.37929264 0.10670196 -0.02034667
v -0.37344047 0.10670196 -0.00621830
v -0.37929264 0.10670196 -0.00505424
v -0.37929264 0.10670196 -0.02034667
v -0.39458507 0.10670196 -0.02034668
v -0.39342099 0.10670196 -0.02619884
v -0.37929264 0.10670196 -0.02034667
v -0.37929264 0.10670196 -0.00505424
v -0.38514480 0.10670196 -0.00621831
v -0.37929264 0.10670196 -0.02034667
v -0.39342099 0.10670196 -0.01449451
v -0.39458507 0.10670196 -0.02034668
v -0.37929264 0.10670196 -0.02034667
v -0.38514480 0.10670196 -0.00621831
v -0.39010599 0.10670196 -0.00953329
v -0.37929264 0.10670196 -0.02034667
v -0.39010599 0.10670196 -0.00953329
v -0.39342099 0.10670196 -0.01449451
v -0.13481078 0.11187562 -0.03560229
v -0.13481078 0.11187562 -0.01430874
v -0.30900729 0.11187562 -0.01430874
v -0.30900729 0.11187562 -0.01430874
v -0.30900729 0.11187562 -0.03560229
v -0.13481078 0.11187562 -0.03560229
v -0.13481078 -0.06232093 -0.01430873
v -0.13481078 -0.06232093 -0.03560228
v -0.30900729 -0.06232093 -0.03560228
v -0.30900729 -0.06232093 -0.03560228
v -0.30900729 -0.06232093 -0.01430873
v -0.13481078 -0.06232093 -0.01430873
v -0.13481078 0.11187562 -0.01430874
v -0.13481078 -0.06232093 -0.01430873
v -0.30900729 -0.06232093 -0.01430873
v -0.30900729 -0.06232093 -0.01430873
v -0.30900729 0.11187562 -0.01430874
v -0.13481078 0.11187562 -0.01430874
v -0.13481078 -0.06232093 -0.03560228
v -0.13481078 -0.06232093 -0.01430873
v -0.13481078 0.11187562 -0.01430874
v -0.13481078 0.11187562 -0.01430874
v -0.13481078 0.11187562 -0.03560229
v -0.13481078 -0.06232093 -0.03560228
v -0.30900729 0.11187562 -0.03560229
v -0.30900729 0.11187562 -0.01430874
v -0.30900729 -0.06232093 -0.01430873
v -0.30900729 -0.06232093 -0.01430873
v -0.30900729 -0.06232093 -0.03560228
v -0.30900729 0.11187562 -0.03560229
v -0.24985254 -0.15124540 -0.03560226
v -0.24985254 -0.15124540 -0.01430872
v -0.34526300 -0.15124540 -0.01430872
v -0.34526300 -0.15124540 -0.01430872
v -0.34526300 -0.15124540 -0.03560226
v -0.24985254 -0.15124540 -0.03560226
v -0.24985254 -0.22939919 -0.01430871
v -0.24985254 -0.22939919 -0.03560226
v -0.34526300 -0.22939919 -0.03560226
v -0.34526300 -0.22939919 -0.03560226
v -0.34526300 -0.22939919 -0.01430871
v -0.24985254 -0.22939919 -0.01430871
v -0.24985254 -0.15124540 -0.01430872
v -0.24985254 -0.22939919 -0.01430871
v -0.34526300 -0.22939919 -0.01430871
v -0.34526300 -0.22939919 -0.01430871
v -0.34526300 -0.15124540 -0.01430872
v -0.24985254 -0.15124540 -0.01430872
v -0.24985254 -0.22939919 -0.03560226
v -0.24985254 -0.22939919 -0.01430871
v -0.24985254 -0.15124540 -0.01430872
v -0.24985254 -0.15124540 -0.01430872
v -0.24985254 -0.15124540 -0.03560226
v -0.24985254 -0.22939919 -0.03560226
v -0.34526300 -0.15124540 -0.03560226
v -0.34526300 -0.15124540 -0.01430872
v -0.34526300 -0.22939919 -0.01430871
v -0.34526300 -0.22939919 -0.01430871
v -0.34526300 -0.22939919 -0.03560226
v -0.34526300 -0.15124540 -0.03560226
v 0.05799459 0.15332952 -0.03560229
v 0.05799459 0.15332952 -0.01430874
v -0.07124089 0.15332952 -0.01430874
v -0.07124089 0.15332952 -0.01430874
v -0.07124089 0.15332952 -0.03560229
v 0.05799459 0.15332952 -0.03560229
v 0.05799459 0.05830595 -0.01430874
v 0.05799459 0.05830595 -0.03560228
v -0.07124089 0.05830595 -0.03560228
v -0.07124089 0.05830595 -0.03560228
v -0.07124089 0.05830595 -0.01430874
v 0.05799459 0.05830595 -0.01430874
v 0.05799459 0.15332952 -0.01430874
v 0.05799459 0.05830595 -0.01430874
v -0.07124089 0.05830595 -0.01430874
v -0.07124089 0.05830595 -0.01430874
v -0.07124089 0.15332952 -0.01430874
v 0.05799459 0.15332952 -0.01430874
v 0.05799459 0.05830595 -0.03560228
v 0.05799459 0.05830595 -0.01430874
v 0.05799459 0.15332952 -0.01430874
v 0.05799459 0.15332952 -0.01430874
v 0.05799459 0.15332952 -0.03560229
v 0.05799459 0.05830595 -0.03560228
v -0.07124089 0.15332952 -0.03560229
v -0.07124089 0.15332952 -0.01430874
v -0.07124089 0.05830595 -0.01430874
v -0.07124089 0.05830595 -0.01430874
v -0.07124089 0.05830595 -0.03560228
v -0.07124089 0.15332952 -0.03560229
v 0.32956526 -0.17020153 -0.03529579
v 0.32956526 -0.17020153 -0.01461520
v 0.36569518 -0.11612916 -0.01461520
v 0.32956526 -0.17020153 -0.01461520
v 0.32956526 -0.17020153 -0.03529579
v 0.27549294 -0.20633152 -0.03529578
v 0.36569518 -0.11612916 -0.01461520
v 0.36569518 -0.11612916 -0.03529579
v 0.32956526 -0.17020153 -0.03529579
v 0.27549294 -0.20633152 -0.03529578
v 0.27549294 -0.20633152 -0.01461519
v 0.32956526 -0.17020153 -0.01461520
v 0.27549294 -0.20633152 -0.01461519
v 0.27549294 -0.20633152 -0.03529578
v 0.21171027 -0.21901876 -0.03529578
v 0.21171027 -0.21901876 -0.03529578
v 0.21171027 -0.21901876 -0.01461519
v 0.27549294 -0.20633152 -0.01461519
v 0.36569518 -0.11612916 -0.03529579
v 0.36569518 -0.11612916 -0.01461520
v 0.37838233 -0.05234660 -0.01461521
v 0.37838233 -0.05234660 -0.01461521
v 0.37838233 -0.05234660 -0.03529580
v 0.36569518 -0.11612916 -0.03529579
v 0.37838233 -0.05234660 -0.03529580
v 0.37838233 -0.05234660 -0.01461521
v 0.36569518 0.01143608 -0.01461521
v 0.36569518 0.01143608 -0.01461521
v 0.36569518 0.01143608 -0.03529580
v 0.37838233 -0.05234660 -0.03529580
v 0.36569518 0.01143608 -0.03529580
v 0.36569518 0.01143608 -0.01461521
v 0.32956520 0.06550841 -0.01461521
v 0.32956520 0.06550841 -0.01461521
v 0.32956520 0.06550841 -0.03529581
v 0.36569518 0.01143608 -0.03529580
v 0.32956520 0.06550841 -0.03529581
v 0.32956520 0.06550841 -0.01461521
v 0.27549285 0.10163840 -0.01461522
v 0.27549285 0.10163840 -0.01461522
v 0.27549285 0.10163840 -0.03529581
v 0.32956520 0.06550841 -0.03529581
v 0.27549285 0.10163840 -0.03529581
v 0.27549285 0.10163840 -0.01461522
v 0.21171017 0.11432555 -0.01461522
v 0.21171017 0.11432555 -0.01461522
v 0.21171017 0.11432555 -0.03529581
v 0.27549285 0.10163840 -0.03529581
v 0.14792761 -0.20633161 -0.03529578
v 0.14792761 -0.20633161 -0.01461519
v 0.21171027 -0.21901876 -0.01461519
v 0.21171027 -0.21901876 -0.01461519
v 0.21171027 -0.21901876 -0.03529578
v 0.14792761 -0.20633161 -0.03529578
v 0.14792761 -0.20633161 -0.01461519
v 0.14792761 -0.20633161 -0.03529578
v 0.09385525 -0.17020164 -0.03529579
v 0.09385525 -0.17020164 -0.03529579
v 0.09385525 -0.17020164 -0.01461520
v 0.14792761 -0.20633161 -0.01461519
v 0.09385525 -0.17020164 -0.01461520
v 0.09385525 -0.17020164 -0.03529579
v 0.05772524 -0.11612933 -0.03529579
v 0.05772524 -0.11612933 -0.03529579
v 0.05772524 -0.11612933 -0.01461520
v 0.09385525 -0.17020164 -0.01461520
v 0.05772524 -0.11612933 -0.01461520
v 0.05772524 -0.11612933 -0.03529579
v 0.04503806 -0.05234668 -0.03529580
v 0.04503806 -0.05234668 -0.03529580
v 0.04503806 -0.05234668 -0.01461521
v 0.05772524 -0.11612933 -0.01461520
v 0.04503806 -0.05234668 -0.01461521
v 0.04503806 -0.05234668 -0.03529580
v 0.05772520 0.01143600 -0.03529580
v 0.05772520 0.01143600 -0.03529580
v 0.05772520 0.01143600 -0.01461521
v 0.04503806 -0.05234668 -0.01461521
v 0.05772520 0.01143600 -0.01461521
v 0.05772520 0.01143600 -0.03529580
v 0.09385516 0.06550837 -0.03529581
v 0.09385516 0.06550837 -0.03529581
v 0.09385516 0.06550837 -0.01461521
v 0.05772520 0.01143600 -0.01461521
v 0.09385516 0.06550837 -0.01461521
v 0.09385516 0.06550837 -0.03529581
v 0.14792749 0.10163836 -0.03529581
v 0.14792749 0.10163836 -0.03529581
v 0.14792749 0.10163836 -0.01461522
v 0.09385516 0.06550837 -0.01461521
v 0.14792749 0.10163836 -0.01461522
v 0.14792749 0.10163836 -0.03529581
v 0.21171017 0.11432555 -0.03529581
v 0.21171017 0.11432555 -0.03529581
v 0.21171017 0.11432555 -0.01461522
v 0.14792749 0.10163836 -0.01461522
v 0.21171020 -0.05234660 -0.01461521
v 0.36569518 -0.11612916 -0.01461520
v 0.32956526 -0.17020153 -0.01461520
v 0.21171020 -0.05234660 -0.01461521
v 0.37838233 -0.05234660 -0.01461521
v 0.36569518 -0.11612916 -0.01461520
v 0.21171020 -0.05234660 -0.01461521
v 0.32956526 -0.17020153 -0.01461520
v 0.27549294 -0.20633152 -0.01461519
v 0.21171020 -0.05234660 -0.01461521
v 0.36569518 0.01143608 -0.01461521
v 0.37838233 -0.05234660 -0.01461521
v 0.21171020 -0.05234660 -0.01461521
v 0.27549294 -0.20633152 -0.01461519
v 0.21171027 -0.21901876 -0.01461519
v 0.21171020 -0.05234660 -0.01461521
v 0.32956520 0.06550841 -0.01461521
v 0.36569518 0.01143608 -0.01461521
v 0.21171020 -0.05234660 -0.01461521
v 0.21171027 -0.21901876 -0.01461519
v 0.14792761 -0.20633161 -0.01461519
v 0.21171020 -0.05234660 -0.01461521
v 0.27549285 0.10163840 -0.01461522
v 0.32956520 0.06550841 -0.01461521
v 0.21171020 -0.05234660 -0.01461521
v 0.14792761 -0.20633161 -0.01461519
v 0.09385525 -0.17020164 -0.01461520
v 0.21171020 -0.05234660 -0.01461521
v 0.21171017 0.11432555 -0.01461522
v 0.27549285 0.10163840 -0.01461522
v 0.21171020 -0.05234660 -0.01461521
v 0.09385525 -0.17020164 -0.01461520
v 0.05772524 -0.11612933 -0.01461520
v 0.21171020 -0.05234660 -0.01461521
v 0.14792749 0.10163836 -0.01461522
v 0.21171017 0.11432555 -0.01461522
v 0.21171020 -0.05234660 -0.01461521
v 0.05772524 -0.11612933 -0.01461520
v 0.04503806 -0.05234668 -0.01461521
v 0.21171020 -0.05234660 -0.01461521
v 0.09385516 0.06550837 -0.01461521
v 0.14792749 0.10163836 -0.01461522
v 0.21171020 -0.05234660 -0.01461521
v 0.04503806 -0.05234668 -0.01461521
v 0.05772520 0.01143600 -0.01461521
v 0.21171020 -0.05234660 -0.01461521
v 0.05772520 0.01143600 -0.01461521
v 0.09385516 0.06550837 -0.01461521
vt 0.50234187 0.50333321
vt 0.02520508 0.01576501
vt 0.01689702 0.02641350
vt 0.50234187 0.50333321
vt 0.03500587 0.01202470
vt 0.02520508 0.01576501
vt 0.50234187 0.50333321
vt 0.01689702 0.02641350
vt 0.01134580 0.04235178
vt 0.50234187 0.50333321
vt 0.50234193 0.01202476
vt 0.03500587 0.01202470
vt 0.50234187 0.50333321
vt 0.01134580 0.04235178
vt 0.00939560 0.06115139
vt 0.50234187 0.50333321
vt 0.96967721 0.01202482
vt 0.50234193 0.01202476
vt 0.50234187 0.50333321
vt 0.00939560 0.06115139
vt 0.00939661 0.94551301
vt 0.50234187 0.50333321
vt 0.97947669 0.01576406
vt 0.96967721 0.01202482
vt 0.50234187 0.50333321
vt 0.00939661 0.94551301
vt 0.01134586 0.96431458
vt 0.50234187 0.50333321
vt 0.98778588 0.02641225
vt 0.97947669 0.01576406
vt 0.50234187 0.50333321
vt 0.01134586 0.96431458
vt 0.01689762 0.98024988
vt 0.50234187 0.50333321
vt 0.99333751 0.04235047
vt 0.98778588 0.02641225
vt 0.50234187 0.50333321
vt 0.01689762 0.98024988
vt 0.02520496 0.99089980
vt 0.50234187 0.50333321
vt 0.99528694 0.06114978
vt 0.99333751 0.04235047
vt 0.50234187 0.50333321
vt 0.02520496 0.99089980
vt 0.03500515 0.99463993
vt 0.50234187 0.50333321
vt 0.99528682 0.94551277
vt 0.99528694 0.06114978
vt 0.50234187 0.50333321
vt 0.03500515 0.99463993
vt 0.50234067 0.99463964
vt 0.50234187 0.50333321
vt 0.99333739 0.96431416
vt 0.99528682 0.94551277
vt 0.50234187 0.50333321
vt 0.50234067 0.99463964
vt 0.96967709 0.99463916
vt 0.50234187 0.50333321
vt 0.98778576 0.98025000
vt 0.99333739 0.96431416
vt 0.50234187 0.50333321
vt 0.96967709 0.99463916
vt 0.97947824 0.99090064
vt 0.50234187 0.50333321
vt 0.97947824 0.99090064
vt 0.98778576 0.98025000
vt 1.98533225 0.61575234
vt 1.98921764 0.61640018
vt 1.99182677 0.56873578
vt 1.99182677 0.56873578
vt 1.98791313 0.56876165
vt 1.98533225 0.61575234
vt 1.98921764 0.61640018
vt 1.98533225 0.61575234
vt 1.98370230 0.62260461
vt 1.98370230 0.62260461
vt 1.98722744 0.62431854
vt 1.98921764 0.61640018
vt 1.98248911 0.63097137
vt 1.98722744 0.62431854
vt 1.98370230 0.62260461
vt 1.98370230 0.62260461
vt 1.97976387 0.62805784
vt 1.98248911 0.63097137
vt 1.98248911 0.63097137
vt 1.97976387 0.62805784
vt 1.97409189 0.63170266
vt 1.97409189 0.63170266
vt 1.97557056 0.63533390
vt 1.98248911 0.63097137
vt 1.96751106 0.63690639
vt 1.97557056 0.63533390
vt 1.97409189 0.63170266
vt 1.97409189 0.63170266
vt 1.96715045 0.63298708
vt 1.96751106 0.63690639
vt 1.87383342 0.63681698
vt 1.96751106 0.63690639
vt 1.96715045 0.63298708
vt 1.96715045 0.63298708
vt 1.87395704 0.63289660
vt 1.87383342 0.63681698
vt 1.87383342 0.63681698
vt 1.87395704 0.63289660
vt 1.66556656 0.63281965
vt 1.66556656 0.63281965
vt 1.66557014 0.63673884
vt 1.87383342 0.63681698
vt 1.45743370 0.63695383
vt 1.66557014 0.63673884
vt 1.66556656 0.63281965
vt 1.66556656 0.63281965
vt 1.45730305 0.63303369
vt 1.45743370 0.63695383
vt 1.45743370 0.63695383
vt 1.45730305 0.63303369
vt 1.36393797 0.63320106
vt 1.36393797 0.63320106
vt 1.36358237 0.63712025
vt 1.45743370 0.63695383
vt 1.36358237 0.63712025
vt 1.36393797 0.63320106
vt 1.35694563 0.63190615
vt 1.35694563 0.63190615
vt 1.35546994 0.63553846
vt 1.36358237 0.63712025
vt 1.34848928 0.63115221
vt 1.35546994 0.63553846
vt 1.35694563 0.63190615
vt 1.35694563 0.63190615
vt 1.35121703 0.62823856
vt 1.34848928 0.63115221
vt 1.34848928 0.63115221
vt 1.35121703 0.62823856
vt 1.34721565 0.62276250
vt 1.34721565 0.62276250
vt 1.34368503 0.62446994
vt 1.34848928 0.63115221
vt 1.34160471 0.61652780
vt 1.34368503 0.62446994
vt 1.34721565 0.62276250
vt 1.34721565 0.62276250
vt 1.34548974 0.61590099
vt 1.34160471 0.61652780
vt 1.33951151 0.56884903
vt 1.34160471 0.61652780
vt 1.34548974 0.61590099
vt 1.34548974 0.61590099
vt 1.34342682 0.56889433
vt 1.33951151 0.56884903
vt 1.05249715 0.11616743
vt 1.05440462 0.11624730
vt 1.05510640 0.08827150
vt 1.05510640 0.08827150
vt 1.05325353 0.08755738
vt 1.05249715 0.11616743
vt 1.05325353 0.08755738
vt 1.05510640 0.08827150
vt 1.05500460 0.08633953
vt 1.39205396 0.26556551
vt 1.93990421 0.26943612
vt 1.94021952 0.26553309
vt 1.94021952 0.26553309
vt 1.39178813 0.26165497
vt 1.39205396 0.26556551
vt 1.30507767 0.04034752
vt 1.30302465 0.03884923
vt 1.30230105 0.18383634
vt 1.30230105 0.18383634
vt 1.30423582 0.18394452
vt 1.30507767 0.04034752
vt 1.30302465 0.03884923
vt 1.27902031 0.04849762
vt 1.27946806 0.05080128
vt 1.27772570 0.04654056
vt 1.27902031 0.04849762
vt 1.30302465 0.03884923
vt 1.30302465 0.03884923
vt 1.27946806 0.05080128
vt 1.27905965 0.15858632
vt 1.27905965 0.15858632
vt 1.30230105 0.18383634
vt 1.30302465 0.03884923
vt 1.27905965 0.15858632
vt 1.27859700 0.16086382
vt 1.30230105 0.18383634
vt 1.27859700 0.16086382
vt 1.27729595 0.16279078
vt 1.30230105 0.18383634
vt 1.27729595 0.16279078
vt 1.27536464 0.16408587
vt 1.30230105 0.18383634
vt 1.27536464 0.16408587
vt 1.27308595 0.16454005
vt 1.30230105 0.18383634
vt 1.27308595 0.16454005
vt 1.19378948 0.16924721
vt 1.30230105 0.18383634
vt 1.16416180 0.18378115
vt 1.30230105 0.18383634
vt 1.19378948 0.16924721
vt 1.19378948 0.16924721
vt 1.27308595 0.16454005
vt 1.16414165 0.16450840
vt 1.19378948 0.16924721
vt 1.16416061 0.18028146
vt 1.16416180 0.18378115
vt 1.16414165 0.16450840
vt 1.16414893 0.16924453
vt 1.19378948 0.16924721
vt 1.16416180 0.18378115
vt 1.16416061 0.18028146
vt 1.13456380 0.16920459
vt 1.13456380 0.16920459
vt 1.16414893 0.16924453
vt 1.16414165 0.16450840
vt 1.16414165 0.16450840
vt 1.05549157 0.16438764
vt 1.13456380 0.16920459
vt 1.13456380 0.16920459
vt 1.02642500 0.18359202
vt 1.16416180 0.18378115
vt 1.13456380 0.16920459
vt 1.05549157 0.16438764
vt 1.02642500 0.18359202
vt 1.05549157 0.16438764
vt 1.05322003 0.16393077
vt 1.02642500 0.18359202
vt 1.05322003 0.16393077
vt 1.05129433 0.16263455
vt 1.02642500 0.18359202
vt 1.05129433 0.16263455
vt 1.05000818 0.16069603
vt 1.02642500 0.18359202
vt 1.05000818 0.16069603
vt 1.04955721 0.15840971
vt 1.02642500 0.18359202
vt 1.02280807 0.04100013
vt 1.02449095 0.18374377
vt 1.02642500 0.18359202
vt 1.02642500 0.18359202
vt 1.02494395 0.03942120
vt 1.02280807 0.04100013
vt 1.02494395 0.03942120
vt 1.02642500 0.18359202
vt 1.04955721 0.15840971
vt 1.04955721 0.15840971
vt 1.04850948 0.05128992
vt 1.02494395 0.03942120
vt 1.04850948 0.05128992
vt 1.04894316 0.04899919
vt 1.02494395 0.03942120
vt 1.04894316 0.04899919
vt 1.05022299 0.04703867
vt 1.02494395 0.03942120
vt 1.05022299 0.04703867
vt 1.05215538 0.04571164
vt 1.04788673 0.02810550
vt 1.04788673 0.02810550
vt 1.02494395 0.03942120
vt 1.05022299 0.04703867
vt 1.01970530 0.01615024
vt 1.02494395 0.03942120
vt 1.04788673 0.02810550
vt 1.04788673 0.02810550
vt 1.04763412 0.01516634
vt 1.01970530 0.01615024
vt 1.04763412 0.01516634
vt 1.04788673 0.02810550
vt 1.06548893 0.02340156
vt 1.06548893 0.02340156
vt 1.06237006 0.01416606
vt 1.04763412 0.01516634
vt 1.07668793 0.01330101
vt 1.06237006 0.01416606
vt 1.06548893 0.02340156
vt 1.06548893 0.02340156
vt 1.08124375 0.02018416
vt 1.07668793 0.01330101
vt 1.10574663 0.01119643
vt 1.07668793 0.01330101
vt 1.08124375 0.02018416
vt 1.06237006 0.01416606
vt 1.07668793 0.01330101
vt 1.07655334 0.01139545
vt 1.07655334 0.01139545
vt 1.07668793 0.01330101
vt 1.10574663 0.01119643
vt 1.08124375 0.02018416
vt 1.10543406 0.01636046
vt 1.10574663 0.01119643
vt 1.04763412 0.01516634
vt 1.06237006 0.01416606
vt 1.06209612 0.01225924
vt 1.07655334 0.01139545
vt 1.06209612 0.01225924
vt 1.06237006 0.01416606
vt 1.06209612 0.01225924
vt 1.04752111 0.01324093
vt 1.04763412 0.01516634
vt 1.01970530 0.01615024
vt 1.04763412 0.01516634
vt 1.04752111 0.01324093
vt 1.06254673 0.00294399
vt 1.06209612 0.01225924
vt 1.07655334 0.01139545
vt 1.06209612 0.01225924
vt 1.06254673 0.00294399
vt 1.04685771 0.00294858
vt 1.04685771 0.00294858
vt 1.04752111 0.01324093
vt 1.06209612 0.01225924
vt 1.07655334 0.01139545
vt 1.08205020 0.00325900
vt 1.06254673 0.00294399
vt 1.01928663 0.01432467
vt 1.04752111 0.01324093
vt 1.04685771 0.00294858
vt 1.04752111 0.01324093
vt 1.01928663 0.01432467
vt 1.01970530 0.01615024
vt 1.04685771 0.00294858
vt 1.01549768 0.00388086
vt 1.01928663 0.01432467
vt 1.08205020 0.00325900
vt 1.07655334 0.01139545
vt 1.10571647 0.00928914
vt 1.10574663 0.01119643
vt 1.10571647 0.00928914
vt 1.07655334 0.01139545
vt 1.10571647 0.00928914
vt 1.10514748 0.00374317
vt 1.08205020 0.00325900
vt 1.12727356 0.00410038
vt 1.10514748 0.00374317
vt 1.10571647 0.00928914
vt 1.01765013 0.01476943
vt 1.01928663 0.01432467
vt 1.01549768 0.00388086
vt 1.01549768 0.00388086
vt 1.01170516 0.00522113
vt 1.01765013 0.01476943
vt 1.10571647 0.00928914
vt 1.12834001 0.00738508
vt 1.12727356 0.00410038
vt 1.12834001 0.00738508
vt 1.10571647 0.00928914
vt 1.10574663 0.01119643
vt 1.14653516 0.00432336
vt 1.12727356 0.00410038
vt 1.12834001 0.00738508
vt 1.01765013 0.01476943
vt 1.01170516 0.00522113
vt 1.00861251 0.00770927
vt 1.01928663 0.01432467
vt 1.01765013 0.01476943
vt 1.01846468 0.01639962
vt 1.01846468 0.01639962
vt 1.01970530 0.01615024
vt 1.01928663 0.01432467
vt 1.00861251 0.00770927
vt 1.01616812 0.01577896
vt 1.01765013 0.01476943
vt 1.01616812 0.01577896
vt 1.00861251 0.00770927
vt 1.00606728 0.01076937
vt 1.01736748 0.01710570
vt 1.01846468 0.01639962
vt 1.01765013 0.01476943
vt 1.01765013 0.01476943
vt 1.01616812 0.01577896
vt 1.01736748 0.01710570
vt 1.01970530 0.01615024
vt 1.01846468 0.01639962
vt 1.01643908 0.01932704
vt 1.01643908 0.01932704
vt 1.01846468 0.01639962
vt 1.01736748 0.01710570
vt 1.01643908 0.01932704
vt 1.02494395 0.03942120
vt 1.01970530 0.01615024
vt 1.00606728 0.01076937
vt 1.01498103 0.01715952
vt 1.01616812 0.01577896
vt 1.01498103 0.01715952
vt 1.00606728 0.01076937
vt 1.00467265 0.01457846
vt 1.01656759 0.01803720
vt 1.01736748 0.01710570
vt 1.01616812 0.01577896
vt 1.01616812 0.01577896
vt 1.01498103 0.01715952
vt 1.01656759 0.01803720
vt 1.01736748 0.01710570
vt 1.01656759 0.01803720
vt 1.01643908 0.01932704
vt 1.01609290 0.02974945
vt 1.02494395 0.03942120
vt 1.01643908 0.01932704
vt 1.01570582 0.03890681
vt 1.02494395 0.03942120
vt 1.01609290 0.02974945
vt 1.01570582 0.03890681
vt 1.01609290 0.02974945
vt 1.01415837 0.02966154
vt 1.01415837 0.02966154
vt 1.01609290 0.02974945
vt 1.01643908 0.01932704
vt 1.01415837 0.02966154
vt 1.01384771 0.03881633
vt 1.01570582 0.03890681
vt 1.01415837 0.02966154
vt 1.00296724 0.03866428
vt 1.01384771 0.03881633
vt 1.01415837 0.02966154
vt 1.00467265 0.01457846
vt 1.00296724 0.03866428
vt 1.01462162 0.01889598
vt 1.01643908 0.01932704
vt 1.01656759 0.01803720
vt 1.01643908 0.01932704
vt 1.01462162 0.01889598
vt 1.01415837 0.02966154
vt 1.01415837 0.02966154
vt 1.01462162 0.01889598
vt 1.00467265 0.01457846
vt 1.01656759 0.01803720
vt 1.01498103 0.01715952
vt 1.01462162 0.01889598
vt 1.00467265 0.01457846
vt 1.01462162 0.01889598
vt 1.01498103 0.01715952
vt 1.27960670 0.18787760
vt 1.14102268 0.18787760
vt 1.27960682 0.35207850
vt 1.27960682 0.35207850
vt 1.14102268 0.18787760
vt 1.00244141 0.35207844
vt 1.00244141 0.35207844
vt 1.14102268 0.18787760
vt 1.00244141 0.18787760
vt 1.30230105 0.18383634
vt 1.16416180 0.18378115
vt 1.16416276 0.18566370
vt 1.16416276 0.18566370
vt 1.16416180 0.18378115
vt 1.02642500 0.18359202
vt 1.16416276 0.18566370
vt 1.30289543 0.18570495
vt 1.30230105 0.18383634
vt 1.30289543 0.18570495
vt 1.30423582 0.18394452
vt 1.30230105 0.18383634
vt 1.02642500 0.18359202
vt 1.02582312 0.18547368
vt 1.16416276 0.18566370
vt 1.02582312 0.18547368
vt 1.02642500 0.18359202
vt 1.02449095 0.18374377
vt 1.98913479 0.56521881
vt 1.98791313 0.56876165
vt 1.99182677 0.56873578
vt 1.98791313 0.56876165
vt 1.98913479 0.56521881
vt 1.97444880 0.56284887
vt 1.97444880 0.56284887
vt 1.97053921 0.56592190
vt 1.98791313 0.56876165
vt 1.95387936 0.39734578
vt 1.94989800 0.39564049
vt 1.75177407 0.54923564
vt 1.75177407 0.54923564
vt 1.94989800 0.39564049
vt 1.94814384 0.39166123
vt 1.94814384 0.39166123
vt 1.93990421 0.26943612
vt 1.39205396 0.26556551
vt 1.39205396 0.26556551
vt 1.38260710 0.39166039
vt 1.94814384 0.39166123
vt 1.66548574 0.54910976
vt 1.94814384 0.39166123
vt 1.38260710 0.39166039
vt 1.94814384 0.39166123
vt 1.66548574 0.54910976
vt 1.75177407 0.54923564
vt 1.57919359 0.54927433
vt 1.66548574 0.54910976
vt 1.38260710 0.39166039
vt 1.38260710 0.39166039
vt 1.38085699 0.39564431
vt 1.57919359 0.54927433
vt 1.37687564 0.39735311
vt 1.57919359 0.54927433
vt 1.38085699 0.39564431
vt 1.37687564 0.39735311
vt 1.36080432 0.39832413
vt 1.36045718 0.56609559
vt 1.36045718 0.56609559
vt 1.57919359 0.54927433
vt 1.37687564 0.39735311
vt 1.57919359 0.54927433
vt 1.36045718 0.56609559
vt 1.64104736 0.60653025
vt 1.64104736 0.60653025
vt 1.63900173 0.59651351
vt 1.57919359 0.54927433
vt 1.63900173 0.59651351
vt 1.64099729 0.58642155
vt 1.57919359 0.54927433
vt 1.64099729 0.58642155
vt 1.64673066 0.57786441
vt 1.57919359 0.54927433
vt 1.66548574 0.54910976
vt 1.57919359 0.54927433
vt 1.64673066 0.57786441
vt 1.64673066 0.57786441
vt 1.65531754 0.57214069
vt 1.66548574 0.54910976
vt 1.66547596 0.57011133
vt 1.66548574 0.54910976
vt 1.65531754 0.57214069
vt 1.67563212 0.57214385
vt 1.66548574 0.54910976
vt 1.66547596 0.57011133
vt 1.66548574 0.54910976
vt 1.67563212 0.57214385
vt 1.68421376 0.57786971
vt 1.68421376 0.57786971
vt 1.75177407 0.54923564
vt 1.66548574 0.54910976
vt 1.68995345 0.58641869
vt 1.75177407 0.54923564
vt 1.68421376 0.57786971
vt 1.69195473 0.59650624
vt 1.75177407 0.54923564
vt 1.68995345 0.58641869
vt 1.75177407 0.54923564
vt 1.69195473 0.59650624
vt 1.68991959 0.60652387
vt 1.68991959 0.60652387
vt 1.97053921 0.56592190
vt 1.75177407 0.54923564
vt 1.95387936 0.39734578
vt 1.75177407 0.54923564
vt 1.97053921 0.56592190
vt 1.97053921 0.56592190
vt 1.96994984 0.39828062
vt 1.95387936 0.39734578
vt 1.97047544 0.61743373
vt 1.97053921 0.56592190
vt 1.68991959 0.60652387
vt 1.68991959 0.60652387
vt 1.68419099 0.61506033
vt 1.97047544 0.61743373
vt 1.98533225 0.61575234
vt 1.98791313 0.56876165
vt 1.97053921 0.56592190
vt 1.97053921 0.56592190
vt 1.97047544 0.61743373
vt 1.98533225 0.61575234
vt 1.97047544 0.61743373
vt 1.98370230 0.62260461
vt 1.98533225 0.61575234
vt 1.97047544 0.61743373
vt 1.97976387 0.62805784
vt 1.98370230 0.62260461
vt 1.97409189 0.63170266
vt 1.97976387 0.62805784
vt 1.97047544 0.61743373
vt 1.96715045 0.63298708
vt 1.97409189 0.63170266
vt 1.97047544 0.61743373
vt 1.96715045 0.63298708
vt 1.97047544 0.61743373
vt 1.87395704 0.63289660
vt 1.87395704 0.63289660
vt 1.97047544 0.61743373
vt 1.68419099 0.61506033
vt 1.68419099 0.61506033
vt 1.67563522 0.62075865
vt 1.87395704 0.63289660
vt 1.66556656 0.63281965
vt 1.87395704 0.63289660
vt 1.67563522 0.62075865
vt 1.67563522 0.62075865
vt 1.66549218 0.62282306
vt 1.66556656 0.63281965
vt 1.66556656 0.63281965
vt 1.66549218 0.62282306
vt 1.65534830 0.62075877
vt 1.65534830 0.62075877
vt 1.45730305 0.63303369
vt 1.66556656 0.63281965
vt 1.45730305 0.63303369
vt 1.65534830 0.62075877
vt 1.64678729 0.61506206
vt 1.64678729 0.61506206
vt 1.36017787 0.61534715
vt 1.45730305 0.63303369
vt 1.36393797 0.63320106
vt 1.45730305 0.63303369
vt 1.36017787 0.61534715
vt 1.36017787 0.61534715
vt 1.64678729 0.61506206
vt 1.64104736 0.60653025
vt 1.36017787 0.61534715
vt 1.35694563 0.63190615
vt 1.36393797 0.63320106
vt 1.64104736 0.60653025
vt 1.36045718 0.56609559
vt 1.36017787 0.61534715
vt 1.36017787 0.61534715
vt 1.35121703 0.62823856
vt 1.35694563 0.63190615
vt 1.36017787 0.61534715
vt 1.36045718 0.56609559
vt 1.34342682 0.56889433
vt 1.34721565 0.62276250
vt 1.35121703 0.62823856
vt 1.36017787 0.61534715
vt 1.34342682 0.56889433
vt 1.34548974 0.61590099
vt 1.36017787 0.61534715
vt 1.34548974 0.61590099
vt 1.34721565 0.62276250
vt 1.36017787 0.61534715
vt 1.33108306 0.03531241
vt 1.47438323 0.03522539
vt 1.47436905 0.03332227
vt 1.47436905 0.03332227
vt 1.33098137 0.03337294
vt 1.33108306 0.03531241
vt 1.39385164 0.05102599
vt 1.47438323 0.03522539
vt 1.33108306 0.03531241
vt 1.33108306 0.03531241
vt 1.33057964 0.05059409
vt 1.39385164 0.05102599
vt 1.47455764 0.06405330
vt 1.47438323 0.03522539
vt 1.39385164 0.05102599
vt 1.39385164 0.05102599
vt 1.39393926 0.06389362
vt 1.47455764 0.06405330
vt 1.24604261 0.03932303
vt 1.08184171 0.03933775
vt 1.08184266 0.05129272
vt 1.08184266 0.05129272
vt 1.24604344 0.05127805
vt 1.24604261 0.03932303
vt 1.28818560 0.90497726
vt 1.28849304 0.89974058
vt 1.14960217 0.89974058
vt 1.29676509 0.90856344
vt 1.28849304 0.89974058
vt 1.28818560 0.90497726
vt 1.14960217 0.89974058
vt 1.14960194 0.90497726
vt 1.28818560 0.90497726
vt 1.29676509 0.90856344
vt 1.28818560 0.90497726
vt 1.28818560 0.91693240
vt 1.01102090 0.90497726
vt 1.14960194 0.90497726
vt 1.14960217 0.89974058
vt 1.28818560 0.91693240
vt 1.29670370 0.92447197
vt 1.29676509 0.90856344
vt 1.14960217 0.89974058
vt 1.01071346 0.89974052
vt 1.01102090 0.90497726
vt 1.28613317 0.92447197
vt 1.29670370 0.92447197
vt 1.28818560 0.91693240
vt 1.01102090 0.90497726
vt 1.01071346 0.89974052
vt 1.00244141 0.90856349
vt 1.28818560 0.91693240
vt 1.28425002 0.92096788
vt 1.28613317 0.92447197
vt 1.01102102 0.91693223
vt 1.01102090 0.90497726
vt 1.00244141 0.90856349
vt 1.28613317 0.92447197
vt 1.28425002 0.92096788
vt 1.28425002 0.93207610
vt 1.00244141 0.90856349
vt 1.00250268 0.92447197
vt 1.01102102 0.91693223
vt 1.28425002 0.93207610
vt 1.28613317 0.93732047
vt 1.28613317 0.92447197
vt 1.01102102 0.91693223
vt 1.00250268 0.92447197
vt 1.01307333 0.92447197
vt 1.01307333 0.93732047
vt 1.28613317 0.93732047
vt 1.28425002 0.93207610
vt 1.01307333 0.92447197
vt 1.01495636 0.92096782
vt 1.01102102 0.91693223
vt 1.28425002 0.93207610
vt 1.01495659 0.93207633
vt 1.01307333 0.93732047
vt 1.01495659 0.93207633
vt 1.01495636 0.92096782
vt 1.01307333 0.92447197
vt 1.01307333 0.92447197
vt 1.01307333 0.93732047
vt 1.01495659 0.93207633
vt 1.24604213 0.03368628
vt 1.08184099 0.03370100
vt 1.08184171 0.03933775
vt 1.08184171 0.03933775
vt 1.24604261 0.03932303
vt 1.24604213 0.03368628
vt 1.31502151 0.07952058
vt 1.31500518 0.09057760
vt 1.45867443 0.08996052
vt 1.45867443 0.08996052
vt 1.45867336 0.07967967
vt 1.31502151 0.07952058
vt 1.24604106 0.02257782
vt 1.08184016 0.02259248
vt 1.08184099 0.03370100
vt 1.08184099 0.03370100
vt 1.24604213 0.03368628
vt 1.24604106 0.02257782
vt 1.96994984 0.39828062
vt 1.97053921 0.56592190
vt 1.97444880 0.56284887
vt 1.97444880 0.56284887
vt 1.97383618 0.39789367
vt 1.96994984 0.39828062
vt 1.96994984 0.39828062
vt 1.97383618 0.39789367
vt 1.97080696 0.39462978
vt 1.31261790 0.11733598
vt 1.31261754 0.11825508
vt 1.31494951 0.11825550
vt 1.31261754 0.11825508
vt 1.31261790 0.11733598
vt 1.31028605 0.11733568
vt 1.31494951 0.11825550
vt 1.31494963 0.11733633
vt 1.31261790 0.11733598
vt 1.31028605 0.11733568
vt 1.31028569 0.11825460
vt 1.31261754 0.11825508
vt 1.31028569 0.11825460
vt 1.31028605 0.11733568
vt 1.30795407 0.11733520
vt 1.30795407 0.11733520
vt 1.30795383 0.11825407
vt 1.31028569 0.11825460
vt 1.31494963 0.11733633
vt 1.31494951 0.11825550
vt 1.42253566 0.11827570
vt 1.42253566 0.11827570
vt 1.42253590 0.11735690
vt 1.31494963 0.11733633
vt 1.42253590 0.11735690
vt 1.42253566 0.11827570
vt 1.42486739 0.11827624
vt 1.42486739 0.11827624
vt 1.42486763 0.11735713
vt 1.42253590 0.11735690
vt 1.42486763 0.11735713
vt 1.42486739 0.11827624
vt 1.42719924 0.11827648
vt 1.42719924 0.11827648
vt 1.42719960 0.11735773
vt 1.42486763 0.11735713
vt 1.42719960 0.11735773
vt 1.42719924 0.11827648
vt 1.42953110 0.11827713
vt 1.42953110 0.11827713
vt 1.42953134 0.11735803
vt 1.42719960 0.11735773
vt 1.23326707 0.90715629
vt 1.23326731 0.90807527
vt 1.23559940 0.90807521
vt 1.23559940 0.90807521
vt 1.23559940 0.90715617
vt 1.23326707 0.90715629
vt 1.12419868 0.90808195
vt 1.23326731 0.90807527
vt 1.23326707 0.90715629
vt 1.23326707 0.90715629
vt 1.12419856 0.90716308
vt 1.12419868 0.90808195
vt 1.01512992 0.90808868
vt 1.12419868 0.90808195
vt 1.12419856 0.90716308
vt 1.12419856 0.90716308
vt 1.01512980 0.90716964
vt 1.01512992 0.90808868
vt 1.01512992 0.90808868
vt 1.01512980 0.90716964
vt 1.01279783 0.90716982
vt 1.01279783 0.90716982
vt 1.01279783 0.90808880
vt 1.01512992 0.90808868
vt 1.31500518 0.09057760
vt 1.31502151 0.07952058
vt 1.31313372 0.07901263
vt 1.31313372 0.07901263
vt 1.31313205 0.09110665
vt 1.31500518 0.09057760
vt 1.32924891 0.03458643
vt 1.33108306 0.03531241
vt 1.33098137 0.03337294
vt 1.33108306 0.03531241
vt 1.32924891 0.03458643
vt 1.32866669 0.05048275
vt 1.32866669 0.05048275
vt 1.33057964 0.05059409
vt 1.33108306 0.03531241
vt 1.38519287 0.09524697
vt 1.38522172 0.10171294
vt 1.38795376 0.09245288
vt 1.38795376 0.09245288
vt 1.38599443 0.09328091
vt 1.38519287 0.09524697
vt 1.38795376 0.09245288
vt 1.38522172 0.10171294
vt 1.44678688 0.10266161
vt 1.44678688 0.10266161
vt 1.44743645 0.09351999
vt 1.38795376 0.09245288
vt 1.37930179 0.09407669
vt 1.37930417 0.10558027
vt 1.38142228 0.10557991
vt 1.38142228 0.10557991
vt 1.38141990 0.09407634
vt 1.37930179 0.09407669
vt 1.37930417 0.10558027
vt 1.37930179 0.09407669
vt 1.32021248 0.09408927
vt 1.32021248 0.09408927
vt 1.32021499 0.10559279
vt 1.37930417 0.10558027
vt 1.26077271 0.02534288
vt 1.24926925 0.02534145
vt 1.24926901 0.02745950
vt 1.24926901 0.02745950
vt 1.26077259 0.02746093
vt 1.26077271 0.02534288
vt 1.26077151 0.03391933
vt 1.26077259 0.02746093
vt 1.24926901 0.02745950
vt 1.24926901 0.02745950
vt 1.24926805 0.03391773
vt 1.26077151 0.03391933
vt 1.44860005 0.10308075
vt 1.44678688 0.10266161
vt 1.44695842 0.10455346
vt 1.94021952 0.26553309
vt 1.93990421 0.26943612
vt 1.94370449 0.26858741
vt 1.94814384 0.39166123
vt 1.94989800 0.39564049
vt 1.95338655 0.39209795
vt 1.95338655 0.39209795
vt 1.94989800 0.39564049
vt 1.95387936 0.39734578
vt 1.95338655 0.39209795
vt 1.95183277 0.38831246
vt 1.94814384 0.39166123
vt 1.93990421 0.26943612
vt 1.94814384 0.39166123
vt 1.95183277 0.38831246
vt 1.95183277 0.38831246
vt 1.94370449 0.26858741
vt 1.93990421 0.26943612
vt 1.95387936 0.39734578
vt 1.95724833 0.39360642
vt 1.95338655 0.39209795
vt 1.95724833 0.39360642
vt 1.95387936 0.39734578
vt 1.96994984 0.39828062
vt 1.96994984 0.39828062
vt 1.97080696 0.39462978
vt 1.95724833 0.39360642
vt 1.26077151 0.03391933
vt 1.24926805 0.03391773
vt 1.24926782 0.03581977
vt 1.24926782 0.03581977
vt 1.26211631 0.03582144
vt 1.26077151 0.03391933
vt 1.44695842 0.10455346
vt 1.44678688 0.10266161
vt 1.38522172 0.10171294
vt 1.38522172 0.10171294
vt 1.38390052 0.10359842
vt 1.44695842 0.10455346
vt 1.44743645 0.09351999
vt 1.44678688 0.10266161
vt 1.44860005 0.10308075
vt 1.44860005 0.10308075
vt 1.44945359 0.09243339
vt 1.44743645 0.09351999
vt 1.31831288 0.10559350
vt 1.32021499 0.10559279
vt 1.32021248 0.09408927
vt 1.32021248 0.09408927
vt 1.31831026 0.09274489
vt 1.31831288 0.10559350
vt 1.48453021 0.07910722
vt 1.48613155 0.07225668
vt 1.45785451 0.06620222
vt 1.45785451 0.06620222
vt 1.45639491 0.07301903
vt 1.48453021 0.07910722
vt 1.48787034 0.07148606
vt 1.48613155 0.07225668
vt 1.48453021 0.07910722
vt 1.48453021 0.07910722
vt 1.49472332 0.07349455
vt 1.48787034 0.07148606
vt 1.49667776 0.06618237
vt 1.48787034 0.07148606
vt 1.49472332 0.07349455
vt 1.31322491 0.03993648
vt 1.32539582 0.03999907
vt 1.32493222 0.03811091
vt 1.32493222 0.03811091
vt 1.31406009 0.03809726
vt 1.31322491 0.03993648
vt 1.31215143 0.03818798
vt 1.31322491 0.03993648
vt 1.31406009 0.03809726
vt 1.30507767 0.04034752
vt 1.31322491 0.03993648
vt 1.31215143 0.03818798
vt 1.31215143 0.03818798
vt 1.30302465 0.03884923
vt 1.30507767 0.04034752
vt 1.07836652 0.11681539
vt 1.07850242 0.08842248
vt 1.05510640 0.08827150
vt 1.05510640 0.08827150
vt 1.05440462 0.11624730
vt 1.07836652 0.11681539
vt 1.07850242 0.08842248
vt 1.07836652 0.11681539
vt 1.08233023 0.11679018
vt 1.05510640 0.08827150
vt 1.07850242 0.08842248
vt 1.07832038 0.08652258
vt 1.07832038 0.08652258
vt 1.05500460 0.08633953
vt 1.05510640 0.08827150
vt 1.08223844 0.08659649
vt 1.07832038 0.08652258
vt 1.07850242 0.08842248
vt 1.08233023 0.11679018
vt 1.08238184 0.08848530
vt 1.07850242 0.08842248
vt 1.07850242 0.08842248
vt 1.08238184 0.08848530
vt 1.08223844 0.08659649
vt 1.08238184 0.08848530
vt 1.08233023 0.11679018
vt 1.08627653 0.11675197
vt 1.08608484 0.08650523
vt 1.08223844 0.08659649
vt 1.08238184 0.08848530
vt 1.08238184 0.08848530
vt 1.08622324 0.08840698
vt 1.08608484 0.08650523
vt 1.08627653 0.11675197
vt 1.08622324 0.08840698
vt 1.08238184 0.08848530
vt 1.08985984 0.08633375
vt 1.08608484 0.08650523
vt 1.08622324 0.08840698
vt 1.08622324 0.08840698
vt 1.09009838 0.08826870
vt 1.08985984 0.08633375
vt 1.09009838 0.08826870
vt 1.08622324 0.08840698
vt 1.08627653 0.11675197
vt 1.08627653 0.11675197
vt 1.09020352 0.11671698
vt 1.09009838 0.08826870
vt 1.12699509 0.11107618
vt 1.15661526 0.10003823
vt 1.12699509 0.10003823
vt 1.12699509 0.10003823
vt 1.09737468 0.10003823
vt 1.12699509 0.11107618
vt 1.32321215 0.01392543
vt 1.32180142 0.01012033
vt 1.31290960 0.01653171
vt 1.31171083 0.01515180
vt 1.31290960 0.01653171
vt 1.32180142 0.01012033
vt 1.32180142 0.01012033
vt 1.31924522 0.00706530
vt 1.31171083 0.01515180
vt 1.31290960 0.01653171
vt 1.31328273 0.01827234
vt 1.32321215 0.01392543
vt 1.32493222 0.03811091
vt 1.32321215 0.01392543
vt 1.31328273 0.01827234
vt 1.31328273 0.01827234
vt 1.31406009 0.03809726
vt 1.32493222 0.03811091
vt 1.31022096 0.01414376
vt 1.31171083 0.01515180
vt 1.31924522 0.00706530
vt 1.31924522 0.00706530
vt 1.31614268 0.00458366
vt 1.31022096 0.01414376
vt 1.31130421 0.01740688
vt 1.31290960 0.01653171
vt 1.31171083 0.01515180
vt 1.31328273 0.01827234
vt 1.31290960 0.01653171
vt 1.31130421 0.01740688
vt 1.31406009 0.03809726
vt 1.31328273 0.01827234
vt 1.31143403 0.01869285
vt 1.31130421 0.01740688
vt 1.31143403 0.01869285
vt 1.31328273 0.01827234
vt 1.31143403 0.01869285
vt 1.31215143 0.03818798
vt 1.31406009 0.03809726
vt 1.31171083 0.01515180
vt 1.31050205 0.01647675
vt 1.31130421 0.01740688
vt 1.31143403 0.01869285
vt 1.31130421 0.01740688
vt 1.31050205 0.01647675
vt 1.31050205 0.01647675
vt 1.31171083 0.01515180
vt 1.31022096 0.01414376
vt 1.31143403 0.01869285
vt 1.30302465 0.03884923
vt 1.31215143 0.03818798
vt 1.31022096 0.01414376
vt 1.31614268 0.00458366
vt 1.31234312 0.00325161
vt 1.31050205 0.01647675
vt 1.30939603 0.01578671
vt 1.31143403 0.01869285
vt 1.31022096 0.01414376
vt 1.30939603 0.01578671
vt 1.31050205 0.01647675
vt 1.30816102 0.01553839
vt 1.30302465 0.03884923
vt 1.31143403 0.01869285
vt 1.31143403 0.01869285
vt 1.30939603 0.01578671
vt 1.30816102 0.01553839
vt 1.30939603 0.01578671
vt 1.31022096 0.01414376
vt 1.30857873 0.01370209
vt 1.31234312 0.00325161
vt 1.30857873 0.01370209
vt 1.31022096 0.01414376
vt 1.30857873 0.01370209
vt 1.30816102 0.01553839
vt 1.30939603 0.01578671
vt 1.30857873 0.01370209
vt 1.31234312 0.00325161
vt 1.28095245 0.00244141
vt 1.27999198 0.02759337
vt 1.30302465 0.03884923
vt 1.30816102 0.01553839
vt 1.27772570 0.04654056
vt 1.30302465 0.03884923
vt 1.27999198 0.02759337
vt 1.27999198 0.02759337
vt 1.27579248 0.04522556
vt 1.27772570 0.04654056
vt 1.30816102 0.01553839
vt 1.28021097 0.01466030
vt 1.27999198 0.02759337
vt 1.30816102 0.01553839
vt 1.30857873 0.01370209
vt 1.28031886 0.01273543
vt 1.28095245 0.00244141
vt 1.28031886 0.01273543
vt 1.30857873 0.01370209
vt 1.28031886 0.01273543
vt 1.28021097 0.01466030
vt 1.30816102 0.01553839
vt 1.26236892 0.02298051
vt 1.27999198 0.02759337
vt 1.28021097 0.01466030
vt 1.26573431 0.01183003
vt 1.28031886 0.01273543
vt 1.28095245 0.00244141
vt 1.28021097 0.01466030
vt 1.28031886 0.01273543
vt 1.26573431 0.01183003
vt 1.28095245 0.00244141
vt 1.26525617 0.00252455
vt 1.26573431 0.01183003
vt 1.28021097 0.01466030
vt 1.26546526 0.01373976
vt 1.26236892 0.02298051
vt 1.26573431 0.01183003
vt 1.26546526 0.01373976
vt 1.28021097 0.01466030
vt 1.25127625 0.01105565
vt 1.26573431 0.01183003
vt 1.26525617 0.00252455
vt 1.26546526 0.01373976
vt 1.26573431 0.01183003
vt 1.25127625 0.01105565
vt 1.26525617 0.00252455
vt 1.24577034 0.00295240
vt 1.25127625 0.01105565
vt 1.26236892 0.02298051
vt 1.26546526 0.01373976
vt 1.25114489 0.01296049
vt 1.25127625 0.01105565
vt 1.25114489 0.01296049
vt 1.26546526 0.01373976
vt 1.25114489 0.01296049
vt 1.24660087 0.01986349
vt 1.26236892 0.02298051
vt 1.24660087 0.01986349
vt 1.25114489 0.01296049
vt 1.22208071 0.01100838
vt 1.22208071 0.01100838
vt 1.25114489 0.01296049
vt 1.25127625 0.01105565
vt 1.22208071 0.01100838
vt 1.22236812 0.01618707
vt 1.24660087 0.01986349
vt 1.22212112 0.00909942
vt 1.25127625 0.01105565
vt 1.24577034 0.00295240
vt 1.25127625 0.01105565
vt 1.22212112 0.00909942
vt 1.22208071 0.01100838
vt 1.24577034 0.00295240
vt 1.22271931 0.00354832
vt 1.22212112 0.00909942
vt 1.22212112 0.00909942
vt 1.22271931 0.00354832
vt 1.20063484 0.00367034
vt 1.20063484 0.00367034
vt 1.19953704 0.00693101
vt 1.22212112 0.00909942
vt 1.22208071 0.01100838
vt 1.22212112 0.00909942
vt 1.19953704 0.00693101
vt 1.19953704 0.00693101
vt 1.20063484 0.00367034
vt 1.18128383 0.00368661
vt 1.22236812 0.01618707
vt 1.22208071 0.01100838
vt 1.19914758 0.00881356
vt 1.19953704 0.00693101
vt 1.19914758 0.00881356
vt 1.22208071 0.01100838
vt 1.19914758 0.00881356
vt 1.19782341 0.01322013
vt 1.22236812 0.01618707
vt 1.18128383 0.00368661
vt 1.18135822 0.00623828
vt 1.19953704 0.00693101
vt 1.19914758 0.00881356
vt 1.19953704 0.00693101
vt 1.18135822 0.00623828
vt 1.19782341 0.01322013
vt 1.19914758 0.00881356
vt 1.18130302 0.00813997
vt 1.18135822 0.00623828
vt 1.18130302 0.00813997
vt 1.19914758 0.00881356
vt 1.18130302 0.00813997
vt 1.18092644 0.01239491
vt 1.19782341 0.01322013
vt 1.18092644 0.01239491
vt 1.18130302 0.00813997
vt 1.16391277 0.00783533
vt 1.16391277 0.00783533
vt 1.18130302 0.00813997
vt 1.18135822 0.00623828
vt 1.16391277 0.00783533
vt 1.16397595 0.01199412
vt 1.18092644 0.01239491
vt 1.16388690 0.00593591
vt 1.18135822 0.00623828
vt 1.18128383 0.00368661
vt 1.18135822 0.00623828
vt 1.16388690 0.00593591
vt 1.16391277 0.00783533
vt 1.18128383 0.00368661
vt 1.16386139 0.00410253
vt 1.16388690 0.00593591
vt 1.14697480 0.01306498
vt 1.16397595 0.01199412
vt 1.16391277 0.00783533
vt 1.16388690 0.00593591
vt 1.16386139 0.00410253
vt 1.14653516 0.00432336
vt 1.14653516 0.00432336
vt 1.14648509 0.00687826
vt 1.16388690 0.00593591
vt 1.16391277 0.00783533
vt 1.16388690 0.00593591
vt 1.14648509 0.00687826
vt 1.12834001 0.00738508
vt 1.14648509 0.00687826
vt 1.14653516 0.00432336
vt 1.16391277 0.00783533
vt 1.14655900 0.00878519
vt 1.14697480 0.01306498
vt 1.14648509 0.00687826
vt 1.14655900 0.00878519
vt 1.16391277 0.00783533
vt 1.12998676 0.01369143
vt 1.14697480 0.01306498
vt 1.14655900 0.00878519
vt 1.14648509 0.00687826
vt 1.12834001 0.00738508
vt 1.12871003 0.00927132
vt 1.12871003 0.00927132
vt 1.14655900 0.00878519
vt 1.14648509 0.00687826
vt 1.14655900 0.00878519
vt 1.12871003 0.00927132
vt 1.12998676 0.01369143
vt 1.10574663 0.01119643
vt 1.12871003 0.00927132
vt 1.12834001 0.00738508
vt 1.10543406 0.01636046
vt 1.12998676 0.01369143
vt 1.12871003 0.00927132
vt 1.12871003 0.00927132
vt 1.10574663 0.01119643
vt 1.10543406 0.01636046
vt 1.24802232 0.08408672
vt 1.24789441 0.08495879
vt 1.27595520 0.09780836
vt 1.27595520 0.09780836
vt 1.27680123 0.09795916
vt 1.24802232 0.08408672
vt 1.30342865 0.88192803
vt 1.30372334 0.88002402
vt 1.29980791 0.87994927
vt 1.29980791 0.87994927
vt 1.30372334 0.88002402
vt 1.30381954 0.85175025
vt 1.29980791 0.87994927
vt 1.29964840 0.88184863
vt 1.30342865 0.88192803
vt 1.30381954 0.85175025
vt 1.29988658 0.85171860
vt 1.29980791 0.87994927
vt 1.29964840 0.88184863
vt 1.29980791 0.87994927
vt 1.26859879 0.88110852
vt 1.26859879 0.88110852
vt 1.29980791 0.87994927
vt 1.29988658 0.85171860
vt 1.26859879 0.88110852
vt 1.26866603 0.88300943
vt 1.29964840 0.88184863
vt 1.25292277 0.88404202
vt 1.26866603 0.88300943
vt 1.26859879 0.88110852
vt 1.29988658 0.85171860
vt 1.25416481 0.85171098
vt 1.26859879 0.88110852
vt 1.26859879 0.88110852
vt 1.25266707 0.88215280
vt 1.25292277 0.88404202
vt 1.26859879 0.88110852
vt 1.25416481 0.85171098
vt 1.25266707 0.88215280
vt 1.23356569 0.88684273
vt 1.25292277 0.88404202
vt 1.25266707 0.88215280
vt 1.25266707 0.88215280
vt 1.25416481 0.85171098
vt 1.23326182 0.88496506
vt 1.25266707 0.88215280
vt 1.23326182 0.88496506
vt 1.23356569 0.88684273
vt 1.21089399 0.88897592
vt 1.23326182 0.88496506
vt 1.25416481 0.85171098
vt 1.23356569 0.88684273
vt 1.23326182 0.88496506
vt 1.21089399 0.88897592
vt 1.21089399 0.88897592
vt 1.21091974 0.89090335
vt 1.23356569 0.88684273
vt 1.25416481 0.85171098
vt 1.15312648 0.85169059
vt 1.21089399 0.88897592
vt 1.21091974 0.89090335
vt 1.21089399 0.88897592
vt 1.18933988 0.89265466
vt 1.21089399 0.88897592
vt 1.15312648 0.85169059
vt 1.18933988 0.89265466
vt 1.18933988 0.89265466
vt 1.18926322 0.89459693
vt 1.21091974 0.89090335
vt 1.18926322 0.89459693
vt 1.18933988 0.89265466
vt 1.17013848 0.89471292
vt 1.18933988 0.89265466
vt 1.15312648 0.85169059
vt 1.17013848 0.89471292
vt 1.17013848 0.89471292
vt 1.17029107 0.89660960
vt 1.18926322 0.89459693
vt 1.17029107 0.89660960
vt 1.17013848 0.89471292
vt 1.15315580 0.89565796
vt 1.17013848 0.89471292
vt 1.15312648 0.85169059
vt 1.15315580 0.89565796
vt 1.15315580 0.89565796
vt 1.15315723 0.89756191
vt 1.17029107 0.89660960
vt 1.13602197 0.89663267
vt 1.15315723 0.89756191
vt 1.15315580 0.89565796
vt 1.15315580 0.89565796
vt 1.13617206 0.89473605
vt 1.13602197 0.89663267
vt 1.15315580 0.89565796
vt 1.15312648 0.85169059
vt 1.13617206 0.89473605
vt 1.11704457 0.89463556
vt 1.13602197 0.89663267
vt 1.13617206 0.89473605
vt 1.13617206 0.89473605
vt 1.11696649 0.89271414
vt 1.11704457 0.89463556
vt 1.13617206 0.89473605
vt 1.15312648 0.85169059
vt 1.11696649 0.89271414
vt 1.09538555 0.89097977
vt 1.11704457 0.89463556
vt 1.11696649 0.89271414
vt 1.11696649 0.89271414
vt 1.15312648 0.85169059
vt 1.09540892 0.88905400
vt 1.11696649 0.89271414
vt 1.09540892 0.88905400
vt 1.09538555 0.89097977
vt 1.07273436 0.88695002
vt 1.09538555 0.89097977
vt 1.09540892 0.88905400
vt 1.09540892 0.88905400
vt 1.15312648 0.85169059
vt 1.05208850 0.85184538
vt 1.09540892 0.88905400
vt 1.07303572 0.88507181
vt 1.07273436 0.88695002
vt 1.05208850 0.85184538
vt 1.07303572 0.88507181
vt 1.09540892 0.88905400
vt 1.07273436 0.88695002
vt 1.07303572 0.88507181
vt 1.05362642 0.88228786
vt 1.07303572 0.88507181
vt 1.05208850 0.85184538
vt 1.05362642 0.88228786
vt 1.05362642 0.88228786
vt 1.05337358 0.88417327
vt 1.07273436 0.88695002
vt 1.05362642 0.88228786
vt 1.05208850 0.85184538
vt 1.03769362 0.88126206
vt 1.05337358 0.88417327
vt 1.05362642 0.88228786
vt 1.03769362 0.88126206
vt 1.03769362 0.88126206
vt 1.03762841 0.88316399
vt 1.05337358 0.88417327
vt 1.03769362 0.88126206
vt 1.05208850 0.85184538
vt 1.00636923 0.85191143
vt 1.00664210 0.88203931
vt 1.03762841 0.88316399
vt 1.03769362 0.88126206
vt 1.00636923 0.85191143
vt 1.00648057 0.88013995
vt 1.03769362 0.88126206
vt 1.03769362 0.88126206
vt 1.00648057 0.88013995
vt 1.00664210 0.88203931
vt 1.00648057 0.88013995
vt 1.00636923 0.85191143
vt 1.00244141 0.85194790
vt 1.00285816 0.88212138
vt 1.00664210 0.88203931
vt 1.00648057 0.88013995
vt 1.00244141 0.85194790
vt 1.00256085 0.88021743
vt 1.00648057 0.88013995
vt 1.00648057 0.88013995
vt 1.00256085 0.88021743
vt 1.00285816 0.88212138
vt 1.24598956 0.09796107
vt 1.27680123 0.09795916
vt 1.27595520 0.09780836
vt 1.27595520 0.09780836
vt 1.24612200 0.09705633
vt 1.24598956 0.09796107
vt 1.21647274 0.08912003
vt 1.24598956 0.09796107
vt 1.24612200 0.09705633
vt 1.24612200 0.09705633
vt 1.21732664 0.08921820
vt 1.21647274 0.08912003
vt 1.32248592 0.96324474
vt 1.32017040 0.98128438
vt 1.32357109 0.96336561
vt 1.32248592 0.96324474
vt 1.32357109 0.96336561
vt 1.32630086 0.94757694
vt 1.32630086 0.94757694
vt 1.32387519 0.94710994
vt 1.32248592 0.96324474
vt 1.32387519 0.94710994
vt 1.32630086 0.94757694
vt 1.33051527 0.92356420
vt 1.33051527 0.92356420
vt 1.32502460 0.92230499
vt 1.32387519 0.94710994
vt 1.32502460 0.92230499
vt 1.33051527 0.92356420
vt 1.33384466 0.89918190
vt 1.33384466 0.89918190
vt 1.32549214 0.89761752
vt 1.32502460 0.92230499
vt 1.32549214 0.89761752
vt 1.33384466 0.89918190
vt 1.33506894 0.88230032
vt 1.33506894 0.88230032
vt 1.32561612 0.88178539
vt 1.32549214 0.89761752
vt 1.32561612 0.88178539
vt 1.33506894 0.88230032
vt 1.33573532 0.86534983
vt 1.33573532 0.86534983
vt 1.32574415 0.86534911
vt 1.32561612 0.88178539
vt 1.32561874 0.84891272
vt 1.32574415 0.86534911
vt 1.33573532 0.86534983
vt 1.33573532 0.86534983
vt 1.33507192 0.84839940
vt 1.32561874 0.84891272
vt 1.32549763 0.83308047
vt 1.32561874 0.84891272
vt 1.33507192 0.84839940
vt 1.33507192 0.84839940
vt 1.33385015 0.83151793
vt 1.32549763 0.83308047
vt 1.32503438 0.80839306
vt 1.32549763 0.83308047
vt 1.33385015 0.83151793
vt 1.33385015 0.83151793
vt 1.33052516 0.80713487
vt 1.32503438 0.80839306
vt 1.32388926 0.78358793
vt 1.32503438 0.80839306
vt 1.33052516 0.80713487
vt 1.33052516 0.80713487
vt 1.32631493 0.78312123
vt 1.32388926 0.78358793
vt 1.32250261 0.76745272
vt 1.32388926 0.78358793
vt 1.32631493 0.78312123
vt 1.32631493 0.78312123
vt 1.32358813 0.76733243
vt 1.32250261 0.76745272
vt 1.32250261 0.76745272
vt 1.32358813 0.76733243
vt 1.32018995 0.74941289
vt 1.23696923 0.98458809
vt 1.23696923 0.98366892
vt 1.23463738 0.98366940
vt 1.23463738 0.98366940
vt 1.23463750 0.98458844
vt 1.23696923 0.98458809
vt 1.12557960 0.98460042
vt 1.23463750 0.98458844
vt 1.23463738 0.98366940
vt 1.23463738 0.98366940
vt 1.12557960 0.98368138
vt 1.12557960 0.98460042
vt 1.12557960 0.98460042
vt 1.12557960 0.98368138
vt 1.01652181 0.98369354
vt 1.01652181 0.98369354
vt 1.01652193 0.98461258
vt 1.12557960 0.98460042
vt 1.01652193 0.98461258
vt 1.01652181 0.98369354
vt 1.01418996 0.98369372
vt 1.01418996 0.98369372
vt 1.01419020 0.98461294
vt 1.01652193 0.98461258
vt 1.39178813 0.26165497
vt 1.38825929 0.26469600
vt 1.39205396 0.26556551
vt 1.32506084 0.51685160
vt 1.32990050 0.49167269
vt 1.30073774 0.50775677
vt 1.30073774 0.50775677
vt 1.30009627 0.51098102
vt 1.32506084 0.51685160
vt 1.30073774 0.50775677
vt 1.32990050 0.49167269
vt 1.33352637 0.46913272
vt 1.33352637 0.46913272
vt 1.30073762 0.35400629
vt 1.30073774 0.50775677
vt 1.33352637 0.46913272
vt 1.33675623 0.43427587
vt 1.30073762 0.35400629
vt 1.33675623 0.43427587
vt 1.33807659 0.39949220
vt 1.30073762 0.35400629
vt 1.33807659 0.39949220
vt 1.33843386 0.37717497
vt 1.30073762 0.35400629
vt 1.33843386 0.37717497
vt 1.33880472 0.35400629
vt 1.30073762 0.35400629
vt 1.33880472 0.35400629
vt 1.33843398 0.33083773
vt 1.30073762 0.35400629
vt 1.33843398 0.33083773
vt 1.33807647 0.30852044
vt 1.30073762 0.35400629
vt 1.33807647 0.30852044
vt 1.33675647 0.27373660
vt 1.30073762 0.35400629
vt 1.33675647 0.27373660
vt 1.33352625 0.23888004
vt 1.30073762 0.35400629
vt 1.33352625 0.23888004
vt 1.32990050 0.21633995
vt 1.30073762 0.35400629
vt 1.30073762 0.35400629
vt 1.32990050 0.21633995
vt 1.30073762 0.20025575
vt 1.30073762 0.20025575
vt 1.32990050 0.21633995
vt 1.32506084 0.19116127
vt 1.32506084 0.19116127
vt 1.30009627 0.19703174
vt 1.30073762 0.20025575
vt 1.05594933 0.52501589
vt 1.05594921 0.68921667
vt 1.32524371 0.68921667
vt 1.32524371 0.68921667
vt 1.32524371 0.52501589
vt 1.05594933 0.52501589
vt 1.07879567 0.03567648
vt 1.06718993 0.03782678
vt 1.07879567 0.04022098
vt 1.07879567 0.04022098
vt 1.06718993 0.03782678
vt 1.07705677 0.04441947
vt 1.07705653 0.03147817
vt 1.06718993 0.03782678
vt 1.07879567 0.03567648
vt 1.07705677 0.04441947
vt 1.06718993 0.03782678
vt 1.07384324 0.04763293
vt 1.07384324 0.02826476
vt 1.06718993 0.03782678
vt 1.07705653 0.03147817
vt 1.07384324 0.04763293
vt 1.06718993 0.03782678
vt 1.06964457 0.04937202
vt 1.06964457 0.02652568
vt 1.06718993 0.03782678
vt 1.07384324 0.02826476
vt 1.06964457 0.04937202
vt 1.06718993 0.03782678
vt 1.06510019 0.04937202
vt 1.06510019 0.02652574
vt 1.06718993 0.03782678
vt 1.06964457 0.02652568
vt 1.06510019 0.04937202
vt 1.06718993 0.03782678
vt 1.06090164 0.04763293
vt 1.06090164 0.02826476
vt 1.06718993 0.03782678
vt 1.06510019 0.02652574
vt 1.06090164 0.04763293
vt 1.06718993 0.03782678
vt 1.05768847 0.04441953
vt 1.05768847 0.03147811
vt 1.06718993 0.03782678
vt 1.06090164 0.02826476
vt 1.05768847 0.04441953
vt 1.06718993 0.03782678
vt 1.05594921 0.04022104
vt 1.05594921 0.03567660
vt 1.06718993 0.03782678
vt 1.05768847 0.03147811
vt 1.05594921 0.04022104
vt 1.06718993 0.03782678
vt 1.05594921 0.03567660
vt 1.23111665 0.09742212
vt 1.22947502 0.09594971
vt 1.22930336 0.09784174
vt 1.21647274 0.08912003
vt 1.21732664 0.08921820
vt 1.24789441 0.08495879
vt 1.24789441 0.08495879
vt 1.24802232 0.08408672
vt 1.21647274 0.08912003
vt 1.05318332 0.08220321
vt 1.05268455 0.06690979
vt 1.05077100 0.06702423
vt 1.05077100 0.06702423
vt 1.05136371 0.08291888
vt 1.05318332 0.08220321
vt 1.05136371 0.08291888
vt 1.05311716 0.08414298
vt 1.05318332 0.08220321
vt 1.30984294 0.06578225
vt 1.30795598 0.06523758
vt 1.30795383 0.07733160
vt 1.30795383 0.07733160
vt 1.30982804 0.07683861
vt 1.30984294 0.06578225
vt 1.36080432 0.39832413
vt 1.35993707 0.39467597
vt 1.35691714 0.39794469
vt 1.19648623 0.08228487
vt 1.05318332 0.08220321
vt 1.05311716 0.08414298
vt 1.05311716 0.08414298
vt 1.19647193 0.08418727
vt 1.19648623 0.08228487
vt 1.05318332 0.08220321
vt 1.19648623 0.08228487
vt 1.11595583 0.06647539
vt 1.11595583 0.06647539
vt 1.05268455 0.06690979
vt 1.05318332 0.08220321
vt 1.11595583 0.06647539
vt 1.19648623 0.08228487
vt 1.19667673 0.05346155
vt 1.19667673 0.05346155
vt 1.11605120 0.05360764
vt 1.11595583 0.06647539
vt 1.68995345 0.58641869
vt 1.68421376 0.57786971
vt 1.68207181 0.57997668
vt 1.68207181 0.57997668
vt 1.68421376 0.57786971
vt 1.67563212 0.57214385
vt 1.68207181 0.57997668
vt 1.68716347 0.58754975
vt 1.68995345 0.58641869
vt 1.67563212 0.57214385
vt 1.67445719 0.57490516
vt 1.68207181 0.57997668
vt 1.69195473 0.59650624
vt 1.68995345 0.58641869
vt 1.68716347 0.58754975
vt 1.66546428 0.57312077
vt 1.67445719 0.57490516
vt 1.67563212 0.57214385
vt 1.68716347 0.58754975
vt 1.68894660 0.59647632
vt 1.69195473 0.59650624
vt 1.67563212 0.57214385
vt 1.66547596 0.57011133
vt 1.66546428 0.57312077
vt 1.69195473 0.59650624
vt 1.68894660 0.59647632
vt 1.68715692 0.60538280
vt 1.66546428 0.57312077
vt 1.66547596 0.57011133
vt 1.65531754 0.57214069
vt 1.68715692 0.60538280
vt 1.68991959 0.60652387
vt 1.69195473 0.59650624
vt 1.65531754 0.57214069
vt 1.65647078 0.57491064
vt 1.66546428 0.57312077
vt 1.68419099 0.61506033
vt 1.68991959 0.60652387
vt 1.68715692 0.60538280
vt 1.64885700 0.57998437
vt 1.65647078 0.57491064
vt 1.65531754 0.57214069
vt 1.68715692 0.60538280
vt 1.68207955 0.61294472
vt 1.68419099 0.61506033
vt 1.65531754 0.57214069
vt 1.64673066 0.57786441
vt 1.64885700 0.57998437
vt 1.67563522 0.62075865
vt 1.68419099 0.61506033
vt 1.68207955 0.61294472
vt 1.64885700 0.57998437
vt 1.64673066 0.57786441
vt 1.64099729 0.58642155
vt 1.68207955 0.61294472
vt 1.67448294 0.61800498
vt 1.67563522 0.62075865
vt 1.64099729 0.58642155
vt 1.64377856 0.58756804
vt 1.64885700 0.57998437
vt 1.66549218 0.62282306
vt 1.67563522 0.62075865
vt 1.67448294 0.61800498
vt 1.64377856 0.58756804
vt 1.64099729 0.58642155
vt 1.63900173 0.59651351
vt 1.67448294 0.61800498
vt 1.66550207 0.61980408
vt 1.66549218 0.62282306
vt 1.63900173 0.59651351
vt 1.64200950 0.59650111
vt 1.64377856 0.58756804
vt 1.66549218 0.62282306
vt 1.66550207 0.61980408
vt 1.65651834 0.61801440
vt 1.64381552 0.60540700
vt 1.64200950 0.59650111
vt 1.63900173 0.59651351
vt 1.65651834 0.61801440
vt 1.65534830 0.62075877
vt 1.66549218 0.62282306
vt 1.63900173 0.59651351
vt 1.64104736 0.60653025
vt 1.64381552 0.60540700
vt 1.65534830 0.62075877
vt 1.65651834 0.61801440
vt 1.64890933 0.61296308
vt 1.64381552 0.60540700
vt 1.64104736 0.60653025
vt 1.64678729 0.61506206
vt 1.64890933 0.61296308
vt 1.64678729 0.61506206
vt 1.65534830 0.62075877
vt 1.64678729 0.61506206
vt 1.64890933 0.61296308
vt 1.64381552 0.60540700
vt 1.09220028 0.08633542
vt 1.09219646 0.09918410
vt 1.09409869 0.09783959
vt 1.09409869 0.09783959
vt 1.09410214 0.08633614
vt 1.09220028 0.08633542
vt 1.14207709 0.01967847
vt 1.14207697 0.01622438
vt 1.13753247 0.01622462
vt 1.13753247 0.01622462
vt 1.13753271 0.01967853
vt 1.14207709 0.01967847
vt 1.14207697 0.01622438
vt 1.14207709 0.01967847
vt 1.14662147 0.01967818
vt 1.13753271 0.01967853
vt 1.13753247 0.01622462
vt 1.13298821 0.01622474
vt 1.14662147 0.01967818
vt 1.14662147 0.01622421
vt 1.14207697 0.01622438
vt 1.13298821 0.01622474
vt 1.13298845 0.01967865
vt 1.13753271 0.01967853
vt 1.13298845 0.01967865
vt 1.13298821 0.01622474
vt 1.12844384 0.01622498
vt 1.12844384 0.01622498
vt 1.12844372 0.01967889
vt 1.13298845 0.01967865
vt 1.15116572 0.01622397
vt 1.14662147 0.01622421
vt 1.14662147 0.01967818
vt 1.14662147 0.01967818
vt 1.15116596 0.01967788
vt 1.15116572 0.01622397
vt 1.15571022 0.01622355
vt 1.15116572 0.01622397
vt 1.15116596 0.01967788
vt 1.15116596 0.01967788
vt 1.15571046 0.01967776
vt 1.15571022 0.01622355
vt 1.16025472 0.01622337
vt 1.15571022 0.01622355
vt 1.15571046 0.01967776
vt 1.15571046 0.01967776
vt 1.16025496 0.01967752
vt 1.16025472 0.01622337
vt 1.16479921 0.01622319
vt 1.16025472 0.01622337
vt 1.16025496 0.01967752
vt 1.16025496 0.01967752
vt 1.16479921 0.01967728
vt 1.16479921 0.01622319
vt 1.16479921 0.01622319
vt 1.16479921 0.01967728
vt 1.16934395 0.01967692
vt 1.16934395 0.01967692
vt 1.16934347 0.01622295
vt 1.16479921 0.01622319
vt 1.17388797 0.01622266
vt 1.16934347 0.01622295
vt 1.16934395 0.01967692
vt 1.16934395 0.01967692
vt 1.17388821 0.01967686
vt 1.17388797 0.01622266
vt 1.17843235 0.01622254
vt 1.17388797 0.01622266
vt 1.17388821 0.01967686
vt 1.17388821 0.01967686
vt 1.17843246 0.01967657
vt 1.17843235 0.01622254
vt 1.18297684 0.01622230
vt 1.17843235 0.01622254
vt 1.17843246 0.01967657
vt 1.17843246 0.01967657
vt 1.18297696 0.01967627
vt 1.18297684 0.01622230
vt 1.18297684 0.01622230
vt 1.18297696 0.01967627
vt 1.18752146 0.01967609
vt 1.18752146 0.01967609
vt 1.18752122 0.01622218
vt 1.18297684 0.01622230
vt 1.18752122 0.01622218
vt 1.18752146 0.01967609
vt 1.19206583 0.01967591
vt 1.19206583 0.01967591
vt 1.19206560 0.01622206
vt 1.18752122 0.01622218
vt 1.19206560 0.01622206
vt 1.19206583 0.01967591
vt 1.19661021 0.01967579
vt 1.19661021 0.01967579
vt 1.19661021 0.01622188
vt 1.19206560 0.01622206
vt 1.19661021 0.01622188
vt 1.19661021 0.01967579
vt 1.20115447 0.01967549
vt 1.20115447 0.01967549
vt 1.20115447 0.01622158
vt 1.19661021 0.01622188
vt 1.23111665 0.09742212
vt 1.22930336 0.09784174
vt 1.22995412 0.10698318
vt 1.22995412 0.10698318
vt 1.23197138 0.10806936
vt 1.23111665 0.09742212
vt 1.37894082 0.38824105
vt 1.38260710 0.39166039
vt 1.39205396 0.26556551
vt 1.39205396 0.26556551
vt 1.38825929 0.26469600
vt 1.37894082 0.38824105
vt 1.38260710 0.39166039
vt 1.37894082 0.38824105
vt 1.37736487 0.39209104
vt 1.37736487 0.39209104
vt 1.38085699 0.39564431
vt 1.38260710 0.39166039
vt 1.37687564 0.39735311
vt 1.38085699 0.39564431
vt 1.37736487 0.39209104
vt 1.37736487 0.39209104
vt 1.37349319 0.39362240
vt 1.37687564 0.39735311
vt 1.36080432 0.39832413
vt 1.37687564 0.39735311
vt 1.37349319 0.39362240
vt 1.37349319 0.39362240
vt 1.35993707 0.39467597
vt 1.36080432 0.39832413
vt 1.33951151 0.56884903
vt 1.34342682 0.56889433
vt 1.34218550 0.56535554
vt 1.05482912 0.12071764
vt 1.05482912 0.11979854
vt 1.05249727 0.11979812
vt 1.05249727 0.11979812
vt 1.05249715 0.12071729
vt 1.05482912 0.12071764
vt 1.05482912 0.11979854
vt 1.05482912 0.12071764
vt 1.05716109 0.12071794
vt 1.05716109 0.12071794
vt 1.05716133 0.11979884
vt 1.05482912 0.11979854
vt 1.05716133 0.11979884
vt 1.05716109 0.12071794
vt 1.05949342 0.12071818
vt 1.05949342 0.12071818
vt 1.05949342 0.11979920
vt 1.05716133 0.11979884
vt 1.05949342 0.11979920
vt 1.05949342 0.12071818
vt 1.16709065 0.12073356
vt 1.16709065 0.12073356
vt 1.16709065 0.11981475
vt 1.05949342 0.11979920
vt 1.16709065 0.11981475
vt 1.16709065 0.12073356
vt 1.16942263 0.12073410
vt 1.16942263 0.12073410
vt 1.16942286 0.11981505
vt 1.16709065 0.11981475
vt 1.16942286 0.11981505
vt 1.16942263 0.12073410
vt 1.17175484 0.12073445
vt 1.17175484 0.12073445
vt 1.17175484 0.11981535
vt 1.16942286 0.11981505
vt 1.17175484 0.11981535
vt 1.17175484 0.12073445
vt 1.17408681 0.12073493
vt 1.17408681 0.12073493
vt 1.17408681 0.11981571
vt 1.17175484 0.11981535
vt 1.15319180 0.08635390
vt 1.09410214 0.08633614
vt 1.09409869 0.09783959
vt 1.09409869 0.09783959
vt 1.15318811 0.09785748
vt 1.15319180 0.08635390
vt 1.15319180 0.08635390
vt 1.15318811 0.09785748
vt 1.15530622 0.09785819
vt 1.15530622 0.09785819
vt 1.15530980 0.08635443
vt 1.15319180 0.08635390
vt 1.27567089 0.95548993
vt 1.00637698 0.95548987
vt 1.00637686 0.96659827
vt 1.00637686 0.96659827
vt 1.27567089 0.96659827
vt 1.27567089 0.95548993
vt 1.00637698 0.95548987
vt 1.27567089 0.95548993
vt 1.27960658 0.95145440
vt 1.27960658 0.95145440
vt 1.00244141 0.95145440
vt 1.00637698 0.95548987
vt 1.00244141 0.95145440
vt 1.27960658 0.95145440
vt 1.27960646 0.93949932
vt 1.27960646 0.93949932
vt 1.00244141 0.93949932
vt 1.00244141 0.95145440
vt 1.23431611 0.05541253
vt 1.23502684 0.08338106
vt 1.23693442 0.08330023
vt 1.23693442 0.08330023
vt 1.23616862 0.05469656
vt 1.23431611 0.05541253
vt 1.23431611 0.05541253
vt 1.23616862 0.05469656
vt 1.23440051 0.05346692
vt 1.49662793 0.10008222
vt 1.49472356 0.09279782
vt 1.48786998 0.09480351
vt 1.48786998 0.09480351
vt 1.49472356 0.09279782
vt 1.48453259 0.08718115
vt 1.48453259 0.08718115
vt 1.48613143 0.09403229
vt 1.48786998 0.09480351
vt 1.45785213 0.10007608
vt 1.48613143 0.09403229
vt 1.48453259 0.08718115
vt 1.48453259 0.08718115
vt 1.45639491 0.09325874
vt 1.45785213 0.10007608
vt 1.02280807 0.04100013
vt 1.02494395 0.03942120
vt 1.01570582 0.03890681
vt 1.01570582 0.03890681
vt 1.01465130 0.04066473
vt 1.02280807 0.04100013
vt 1.01384771 0.03881633
vt 1.01465130 0.04066473
vt 1.01570582 0.03890681
vt 1.01465130 0.04066473
vt 1.01384771 0.03881633
vt 1.00296724 0.03866428
vt 1.00296724 0.03866428
vt 1.00244141 0.04055744
vt 1.01465130 0.04066473
vt 1.22930336 0.09784174
vt 1.16773868 0.09879661
vt 1.17047143 0.10805631
vt 1.17047143 0.10805631
vt 1.22995412 0.10698318
vt 1.22930336 0.09784174
vt 1.17047143 0.10805631
vt 1.16773868 0.09879661
vt 1.16771007 0.10526252
vt 1.16771007 0.10526252
vt 1.16851234 0.10722846
vt 1.17047143 0.10805631
vt 1.19933856 0.05539584
vt 1.19921207 0.08386952
vt 1.20315170 0.08390701
vt 1.20315170 0.08390701
vt 1.20320225 0.05553484
vt 1.19933856 0.05539584
vt 1.19957542 0.05346090
vt 1.19933856 0.05539584
vt 1.20320225 0.05553484
vt 1.20320225 0.05553484
vt 1.20334315 0.05363375
vt 1.19957542 0.05346090
vt 1.20703650 0.05562115
vt 1.20320225 0.05553484
vt 1.20315170 0.08390701
vt 1.20334315 0.05363375
vt 1.20320225 0.05553484
vt 1.20703650 0.05562115
vt 1.20315170 0.08390701
vt 1.20710611 0.08393776
vt 1.20703650 0.05562115
vt 1.20703650 0.05562115
vt 1.20718431 0.05373287
vt 1.20334315 0.05363375
vt 1.21092236 0.05556673
vt 1.20703650 0.05562115
vt 1.20710611 0.08393776
vt 1.20718431 0.05373287
vt 1.20703650 0.05562115
vt 1.21092236 0.05556673
vt 1.20710611 0.08393776
vt 1.21106291 0.08395243
vt 1.21092236 0.05556673
vt 1.21092236 0.05556673
vt 1.21110606 0.05366379
vt 1.20718431 0.05373287
vt 1.23431611 0.05541253
vt 1.21092236 0.05556673
vt 1.21106291 0.08395243
vt 1.21110606 0.05366379
vt 1.21092236 0.05556673
vt 1.23431611 0.05541253
vt 1.21106291 0.08395243
vt 1.23502684 0.08338106
vt 1.23431611 0.05541253
vt 1.23431611 0.05541253
vt 1.23440051 0.05346692
vt 1.21110606 0.05366379
vt 1.22947502 0.09594971
vt 1.16641712 0.09691113
vt 1.16773868 0.09879661
vt 1.16773868 0.09879661
vt 1.22930336 0.09784174
vt 1.22947502 0.09594971
vt 1.15742445 0.09785879
vt 1.15742803 0.08635515
vt 1.15530980 0.08635443
vt 1.15530980 0.08635443
vt 1.15530622 0.09785819
vt 1.15742445 0.09785879
vt 1.15742803 0.08635515
vt 1.15742445 0.09785879
vt 1.16388261 0.09786069
vt 1.16388261 0.09786069
vt 1.16388607 0.08635712
vt 1.15742803 0.08635515
vt 1.11605120 0.05360764
vt 1.11414897 0.05359441
vt 1.11406374 0.06511450
vt 1.11406374 0.06511450
vt 1.11595583 0.06647539
vt 1.11605120 0.05360764
vt 1.49114251 0.02003324
vt 1.32694221 0.02004808
vt 1.32694292 0.03115654
vt 1.32694292 0.03115654
vt 1.49114358 0.03114170
vt 1.49114251 0.02003324
vt 1.49114203 0.01439649
vt 1.32694149 0.01441127
vt 1.32694221 0.02004808
vt 1.32694221 0.02004808
vt 1.49114251 0.02003324
vt 1.49114203 0.01439649
vt 1.32694149 0.01441127
vt 1.49114203 0.01439649
vt 1.49114108 0.00244141
vt 1.49114108 0.00244141
vt 1.32694054 0.00245619
vt 1.32694149 0.01441127
vt 1.45349407 0.06629825
vt 1.30984294 0.06578225
vt 1.30982804 0.07683861
vt 1.30982804 0.07683861
vt 1.45349884 0.07652390
vt 1.45349407 0.06629825
vt 1.35654724 0.56304657
vt 1.36045718 0.56609559
vt 1.36080432 0.39832413
vt 1.36080432 0.39832413
vt 1.35691714 0.39794469
vt 1.35654724 0.56304657
vt 1.34342682 0.56889433
vt 1.36045718 0.56609559
vt 1.35654724 0.56304657
vt 1.35654724 0.56304657
vt 1.34218550 0.56535554
vt 1.34342682 0.56889433
vt 0.50234187 0.50333321
vt 0.02520508 0.01576501
vt 0.01689702 0.02641350
vt 0.50234187 0.50333321
vt 0.03500587 0.01202470
vt 0.02520508 0.01576501
vt 0.50234187 0.50333321
vt 0.01689702 0.02641350
vt 0.01134580 0.04235178
vt 0.50234187 0.50333321
vt 0.50234193 0.01202476
vt 0.03500587 0.01202470
vt 0.50234187 0.50333321
vt 0.01134580 0.04235178
vt 0.00939560 0.06115139
vt 0.50234187 0.50333321
vt 0.96967721 0.01202482
vt 0.50234193 0.01202476
vt 0.50234187 0.50333321
vt 0.00939560 0.06115139
vt 0.00939661 0.94551301
vt 0.50234187 0.50333321
vt 0.97947669 0.01576406
vt 0.96967721 0.01202482
vt 0.50234187 0.50333321
vt 0.00939661 0.94551301
vt 0.01134586 0.96431458
vt 0.50234187 0.50333321
vt 0.98778588 0.02641225
vt 0.97947669 0.01576406
vt 0.50234187 0.50333321
vt 0.01134586 0.96431458
vt 0.01689762 0.98024988
vt 0.50234187 0.50333321
vt 0.99333751 0.04235047
vt 0.98778588 0.02641225
vt 0.50234187 0.50333321
vt 0.01689762 0.98024988
vt 0.02520496 0.99089980
vt 0.50234187 0.50333321
vt 0.99528694 0.06114978
vt 0.99333751 0.04235047
vt 0.50234187 0.50333321
vt 0.02520496 0.99089980
vt 0.03500515 0.99463993
vt 0.50234187 0.50333321
vt 0.99528682 0.94551277
vt 0.99528694 0.06114978
vt 0.50234187 0.50333321
vt 0.03500515 0.99463993
vt 0.50234067 0.99463964
vt 0.50234187 0.50333321
vt 0.99333739 0.96431416
vt 0.99528682 0.94551277
vt 0.50234187 0.50333321
vt 0.50234067 0.99463964
vt 0.96967709 0.99463916
vt 0.50234187 0.50333321
vt 0.98778576 0.98025000
vt 0.99333739 0.96431416
vt 0.50234187 0.50333321
vt 0.96967709 0.99463916
vt 0.97947824 0.99090064
vt 0.50234187 0.50333321
vt 0.97947824 0.99090064
vt 0.98778576 0.98025000
vt 1.26558244 0.35434842
vt 1.26173329 0.51476508
vt 1.26365983 0.51508749
vt 1.26365983 0.51508749
vt 1.26753712 0.35451227
vt 1.26558244 0.35434842
vt 1.26173329 0.51476508
vt 1.26193953 0.51671261
vt 1.26365983 0.51508749
vt 1.01279998 0.52405858
vt 1.26193953 0.51671261
vt 1.26173329 0.51476508
vt 1.01292384 0.52210701
vt 1.26173329 0.51476508
vt 1.26558244 0.35434842
vt 1.26173329 0.51476508
vt 1.01292384 0.52210701
vt 1.01279998 0.52405858
vt 1.26558244 0.35434842
vt 1.00439000 0.35425729
vt 1.01292384 0.52210701
vt 1.01100445 0.52247661
vt 1.01279998 0.52405858
vt 1.01292384 0.52210701
vt 1.01292384 0.52210701
vt 1.00439000 0.35425729
vt 1.00244141 0.35446364
vt 1.00244141 0.35446364
vt 1.01100445 0.52247661
vt 1.01292384 0.52210701
vt 1.25830591 0.11762583
vt 1.25830579 0.11555147
vt 1.09415185 0.11555064
vt 1.09415185 0.11555064
vt 1.09415185 0.11762482
vt 1.25830591 0.11762583
vt 1.09415185 0.11762482
vt 1.09415185 0.11555064
vt 1.09219646 0.11555064
vt 1.09219646 0.11555064
vt 1.09219646 0.11762482
vt 1.09415185 0.11762482
vt 1.31593776 0.95601904
vt 1.31801200 0.95601904
vt 1.31801200 0.70108330
vt 1.31801200 0.70108330
vt 1.31593776 0.70108330
vt 1.31593776 0.95601904
vt 1.37412834 0.19492078
vt 1.40168619 0.18968225
vt 1.37422037 0.18397760
vt 1.37422037 0.18397760
vt 1.40168619 0.18968225
vt 1.37849379 0.17390156
vt 1.37422037 0.18397760
vt 1.37849379 0.17390156
vt 1.36896157 0.16748136
vt 1.37412834 0.19492078
vt 1.37422037 0.18397760
vt 1.36295724 0.18169302
vt 1.36896157 0.16748136
vt 1.36295724 0.18169302
vt 1.37422037 0.18397760
vt 1.36295724 0.18169302
vt 1.36284757 0.19712019
vt 1.37412834 0.19492078
vt 1.37412834 0.19492078
vt 1.36284757 0.19712019
vt 1.36865091 0.21141732
vt 1.37823176 0.20506805
vt 1.40168619 0.18968225
vt 1.37412834 0.19492078
vt 1.36865091 0.21141732
vt 1.37823176 0.20506805
vt 1.37412834 0.19492078
vt 1.35929048 0.21781588
vt 1.36865091 0.21141732
vt 1.36284757 0.19712019
vt 1.38590455 0.21287167
vt 1.37823176 0.20506805
vt 1.36865091 0.21141732
vt 1.38590455 0.21287167
vt 1.40168619 0.18968225
vt 1.37823176 0.20506805
vt 1.36865091 0.21141732
vt 1.37948275 0.22240472
vt 1.38590455 0.21287167
vt 1.37948275 0.22240472
vt 1.36865091 0.21141732
vt 1.35929048 0.21781588
vt 1.35175371 0.19945186
vt 1.36284757 0.19712019
vt 1.36295724 0.18169302
vt 1.36284757 0.19712019
vt 1.35175371 0.19945186
vt 1.35929048 0.21781588
vt 1.36295724 0.18169302
vt 1.35181451 0.17960066
vt 1.35175371 0.19945186
vt 1.35181451 0.17960066
vt 1.36295724 0.18169302
vt 1.36896157 0.16748136
vt 1.35042548 0.22392738
vt 1.35929048 0.21781588
vt 1.35175371 0.19945186
vt 1.35175371 0.19945186
vt 1.34122288 0.20170581
vt 1.35042548 0.22392738
vt 1.34122288 0.20170581
vt 1.35175371 0.19945186
vt 1.35181451 0.17960066
vt 1.35929048 0.21781588
vt 1.35042548 0.22392738
vt 1.36743307 0.24093688
vt 1.35181451 0.17960066
vt 1.34122229 0.17765450
vt 1.34122288 0.20170581
vt 1.36743307 0.24093688
vt 1.37328422 0.23189723
vt 1.35929048 0.21781588
vt 1.35929048 0.21781588
vt 1.37328422 0.23189723
vt 1.37948275 0.22240472
vt 1.39160275 0.23955256
vt 1.37328422 0.23189723
vt 1.36743307 0.24093688
vt 1.37948275 0.22240472
vt 1.37328422 0.23189723
vt 1.39160275 0.23955256
vt 1.36743307 0.24093688
vt 1.38965607 0.25014329
vt 1.39160275 0.23955256
vt 1.34122229 0.17765450
vt 1.35181451 0.17960066
vt 1.35946703 0.16128576
vt 1.36896157 0.16748136
vt 1.35946703 0.16128576
vt 1.35181451 0.17960066
vt 1.35946703 0.16128576
vt 1.35042548 0.15543449
vt 1.34122229 0.17765450
vt 1.35042548 0.15543449
vt 1.35946703 0.16128576
vt 1.37354696 0.14729154
vt 1.37354696 0.14729154
vt 1.35946703 0.16128576
vt 1.36896157 0.16748136
vt 1.37354696 0.14729154
vt 1.36743093 0.13842720
vt 1.35042548 0.15543449
vt 1.41145670 0.23961389
vt 1.39160275 0.23955256
vt 1.38965607 0.25014329
vt 1.38965607 0.25014329
vt 1.41371298 0.25014341
vt 1.41145670 0.23961389
vt 1.36896157 0.16748136
vt 1.37994719 0.15664959
vt 1.37354696 0.14729154
vt 1.37994719 0.15664959
vt 1.36896157 0.16748136
vt 1.37849379 0.17390156
vt 1.36743093 0.13842720
vt 1.37354696 0.14729154
vt 1.39190745 0.13974971
vt 1.39190745 0.13974971
vt 1.38964868 0.12922102
vt 1.36743093 0.13842720
vt 1.41370082 0.12921661
vt 1.38964868 0.12922102
vt 1.39190745 0.13974971
vt 1.39424086 0.15084469
vt 1.39190745 0.13974971
vt 1.37354696 0.14729154
vt 1.37354696 0.14729154
vt 1.37994719 0.15664959
vt 1.39424086 0.15084469
vt 1.39190745 0.13974971
vt 1.41175735 0.13980860
vt 1.41370082 0.12921661
vt 1.41175735 0.13980860
vt 1.39190745 0.13974971
vt 1.39424086 0.15084469
vt 1.41370082 0.12921661
vt 1.41175735 0.13980860
vt 1.43007612 0.14745998
vt 1.43007612 0.14745998
vt 1.43592310 0.13841653
vt 1.41370082 0.12921661
vt 1.45293546 0.15542114
vt 1.43592310 0.13841653
vt 1.43007612 0.14745998
vt 1.37849379 0.17390156
vt 1.38629866 0.16622823
vt 1.37994719 0.15664959
vt 1.39424086 0.15084469
vt 1.37994719 0.15664959
vt 1.38629866 0.16622823
vt 1.37849379 0.17390156
vt 1.40168619 0.18968225
vt 1.38629866 0.16622823
vt 1.38629866 0.16622823
vt 1.39644432 0.16212511
vt 1.39424086 0.15084469
vt 1.38629866 0.16622823
vt 1.40168619 0.18968225
vt 1.39644432 0.16212511
vt 1.39424086 0.15084469
vt 1.39644432 0.16212511
vt 1.40738654 0.16221631
vt 1.39644432 0.16212511
vt 1.40168619 0.18968225
vt 1.40738654 0.16221631
vt 1.39424086 0.15084469
vt 1.40966964 0.15095234
vt 1.41175735 0.13980860
vt 1.40738654 0.16221631
vt 1.40966964 0.15095234
vt 1.39424086 0.15084469
vt 1.43007612 0.14745998
vt 1.41175735 0.13980860
vt 1.40966964 0.15095234
vt 1.40966964 0.15095234
vt 1.40738654 0.16221631
vt 1.41746378 0.16648936
vt 1.40738654 0.16221631
vt 1.40168619 0.18968225
vt 1.41746378 0.16648936
vt 1.40966964 0.15095234
vt 1.42388153 0.15695637
vt 1.43007612 0.14745998
vt 1.41746378 0.16648936
vt 1.42388153 0.15695637
vt 1.40966964 0.15095234
vt 1.44407260 0.16153860
vt 1.43007612 0.14745998
vt 1.42388153 0.15695637
vt 1.43007612 0.14745998
vt 1.44407260 0.16153860
vt 1.45293546 0.15542114
vt 1.43471622 0.16794032
vt 1.42388153 0.15695637
vt 1.41746378 0.16648936
vt 1.42388153 0.15695637
vt 1.43471622 0.16794032
vt 1.44407260 0.16153860
vt 1.41746378 0.16648936
vt 1.42513800 0.17429209
vt 1.43471622 0.16794032
vt 1.41746378 0.16648936
vt 1.40168619 0.18968225
vt 1.42513800 0.17429209
vt 1.43471622 0.16794032
vt 1.42513800 0.17429209
vt 1.42924201 0.18443930
vt 1.42513800 0.17429209
vt 1.40168619 0.18968225
vt 1.42924201 0.18443930
vt 1.44407260 0.16153860
vt 1.43471622 0.16794032
vt 1.44052148 0.18223691
vt 1.42924201 0.18443930
vt 1.44052148 0.18223691
vt 1.43471622 0.16794032
vt 1.45293546 0.15542114
vt 1.44407260 0.16153860
vt 1.45161676 0.17990273
vt 1.44052148 0.18223691
vt 1.45161676 0.17990273
vt 1.44407260 0.16153860
vt 1.45161676 0.17990273
vt 1.46214557 0.17764258
vt 1.45293546 0.15542114
vt 1.44052148 0.18223691
vt 1.42924201 0.18443930
vt 1.42915058 0.19538414
vt 1.42924201 0.18443930
vt 1.40168619 0.18968225
vt 1.42915058 0.19538414
vt 1.45161676 0.17990273
vt 1.44052148 0.18223691
vt 1.44041586 0.19766700
vt 1.42915058 0.19538414
vt 1.44041586 0.19766700
vt 1.44052148 0.18223691
vt 1.46214557 0.17764258
vt 1.45161676 0.17990273
vt 1.45155787 0.19975597
vt 1.44041586 0.19766700
vt 1.45155787 0.19975597
vt 1.45161676 0.17990273
vt 1.45155787 0.19975597
vt 1.46214890 0.20169902
vt 1.46214557 0.17764258
vt 1.45294559 0.22392571
vt 1.46214890 0.20169902
vt 1.45155787 0.19975597
vt 1.45155787 0.19975597
vt 1.44041586 0.19766700
vt 1.43441105 0.21187985
vt 1.43441105 0.21187985
vt 1.44041586 0.19766700
vt 1.42915058 0.19538414
vt 1.45155787 0.19975597
vt 1.44390464 0.21807647
vt 1.45294559 0.22392571
vt 1.43441105 0.21187985
vt 1.44390464 0.21807647
vt 1.45155787 0.19975597
vt 1.43593740 0.24093723
vt 1.45294559 0.22392571
vt 1.44390464 0.21807647
vt 1.44390464 0.21807647
vt 1.42982411 0.23207289
vt 1.43593740 0.24093723
vt 1.42982411 0.23207289
vt 1.44390464 0.21807647
vt 1.43441105 0.21187985
vt 1.41371298 0.25014341
vt 1.43593740 0.24093723
vt 1.42982411 0.23207289
vt 1.42982411 0.23207289
vt 1.41145670 0.23961389
vt 1.41371298 0.25014341
vt 1.42915058 0.19538414
vt 1.42487788 0.20546067
vt 1.43441105 0.21187985
vt 1.42915058 0.19538414
vt 1.40168619 0.18968225
vt 1.42487788 0.20546067
vt 1.43441105 0.21187985
vt 1.42342257 0.22271448
vt 1.42982411 0.23207289
vt 1.42342257 0.22271448
vt 1.43441105 0.21187985
vt 1.42487788 0.20546067
vt 1.40912616 0.22851992
vt 1.41145670 0.23961389
vt 1.42982411 0.23207289
vt 1.42982411 0.23207289
vt 1.42342257 0.22271448
vt 1.40912616 0.22851992
vt 1.39160275 0.23955256
vt 1.41145670 0.23961389
vt 1.40912616 0.22851992
vt 1.42487788 0.20546067
vt 1.41707313 0.21313500
vt 1.42342257 0.22271448
vt 1.42487788 0.20546067
vt 1.40168619 0.18968225
vt 1.41707313 0.21313500
vt 1.42342257 0.22271448
vt 1.41707313 0.21313500
vt 1.40692484 0.21724015
vt 1.40692484 0.21724015
vt 1.40912616 0.22851992
vt 1.42342257 0.22271448
vt 1.41707313 0.21313500
vt 1.40168619 0.18968225
vt 1.40692484 0.21724015
vt 1.40912616 0.22851992
vt 1.39369607 0.22841007
vt 1.39160275 0.23955256
vt 1.39369607 0.22841007
vt 1.40912616 0.22851992
vt 1.40692484 0.21724015
vt 1.39160275 0.23955256
vt 1.39369607 0.22841007
vt 1.37948275 0.22240472
vt 1.40692484 0.21724015
vt 1.40168619 0.18968225
vt 1.39597917 0.21714640
vt 1.40692484 0.21724015
vt 1.39597917 0.21714640
vt 1.39369607 0.22841007
vt 1.37948275 0.22240472
vt 1.39369607 0.22841007
vt 1.39597917 0.21714640
vt 1.39597917 0.21714640
vt 1.40168619 0.18968225
vt 1.38590455 0.21287167
vt 1.39597917 0.21714640
vt 1.38590455 0.21287167
vt 1.37948275 0.22240472
vt 1.30795431 0.11308104
vt 1.30795383 0.11515534
vt 1.30990911 0.11515582
vt 1.30990911 0.11515582
vt 1.30990958 0.11308140
vt 1.30795431 0.11308104
vt 1.30990958 0.11308140
vt 1.30990911 0.11515582
vt 1.47406387 0.11518705
vt 1.47406387 0.11518705
vt 1.47406411 0.11311287
vt 1.30990958 0.11308140
vt 1.53114104 0.20973790
vt 1.52940297 0.20973796
vt 1.52940285 0.25072116
vt 1.52940297 0.20506245
vt 1.52940297 0.20973796
vt 1.53114104 0.20973790
vt 1.52940285 0.25072116
vt 1.53114104 0.25278366
vt 1.53114104 0.20973790
vt 1.52940285 0.25072116
vt 1.52940297 0.25577009
vt 1.53114104 0.25278366
vt 1.52940297 0.25577009
vt 1.53813529 0.25577009
vt 1.53114104 0.25278366
vt 1.73258603 0.25278354
vt 1.53114104 0.25278366
vt 1.53813529 0.25577009
vt 1.53114104 0.20973790
vt 1.53114104 0.25278366
vt 1.73258603 0.25278354
vt 1.53813529 0.25577009
vt 1.73258603 0.25577009
vt 1.73258603 0.25278354
vt 1.53114104 0.20973790
vt 1.53114080 0.20323497
vt 1.52940297 0.20506245
vt 1.73258603 0.25278354
vt 1.73258603 0.25577009
vt 1.92705452 0.25577009
vt 1.73258591 0.00551647
vt 1.53114080 0.20323497
vt 1.53114104 0.20973790
vt 1.73258603 0.25278354
vt 1.73258591 0.00551647
vt 1.53114104 0.20973790
vt 1.52940297 0.20506245
vt 1.53114080 0.20323497
vt 1.52255738 0.20323497
vt 1.52255738 0.20323497
vt 1.53114080 0.20323497
vt 1.73258591 0.00551647
vt 1.52255738 0.20323497
vt 1.52255750 0.20506245
vt 1.52940297 0.20506245
vt 1.92705452 0.25577009
vt 1.93404484 0.25278354
vt 1.73258603 0.25278354
vt 1.92705452 0.25577009
vt 1.93578291 0.25577009
vt 1.93404484 0.25278354
vt 1.93578291 0.25577009
vt 1.93578291 0.25069380
vt 1.93404484 0.25278354
vt 1.73258603 0.25278354
vt 1.93404484 0.25278354
vt 1.93404496 0.20971030
vt 1.93404496 0.20971030
vt 1.93404484 0.25278354
vt 1.93578291 0.25069380
vt 1.93404496 0.20971030
vt 1.73258591 0.00551647
vt 1.73258603 0.25278354
vt 1.93578291 0.25069380
vt 1.93578279 0.20971036
vt 1.93404496 0.20971030
vt 1.93404496 0.20971030
vt 1.93578279 0.20971036
vt 1.93578291 0.20503372
vt 1.93404496 0.20971030
vt 1.93404472 0.20320660
vt 1.73258591 0.00551647
vt 1.93578291 0.20503372
vt 1.93404472 0.20320660
vt 1.93404496 0.20971030
vt 1.94262493 0.20320660
vt 1.93404472 0.20320660
vt 1.93578291 0.20503372
vt 1.73258591 0.00551647
vt 1.93404472 0.20320660
vt 1.94262493 0.20320660
vt 1.93578291 0.20503372
vt 1.94262493 0.20503372
vt 1.94262493 0.20320660
vt 1.94700861 0.00551647
vt 1.73258591 0.00551647
vt 1.94262493 0.20320660
vt 1.52255738 0.20323497
vt 1.73258591 0.00551647
vt 1.51815987 0.00551647
vt 1.94262493 0.20320660
vt 1.94700861 0.20320660
vt 1.94700861 0.00551647
vt 1.94700861 0.20320660
vt 1.94262493 0.20320660
vt 1.94262493 0.20503372
vt 1.94941521 0.00551647
vt 1.94700861 0.00551647
vt 1.94700861 0.20320660
vt 1.94262493 0.20503372
vt 1.94941521 0.20503372
vt 1.94700861 0.20320660
vt 1.94700861 0.20320660
vt 1.94941521 0.20503372
vt 1.94941521 0.00551647
vt 1.51815987 0.00551647
vt 1.51815987 0.20323515
vt 1.52255738 0.20323497
vt 1.52255750 0.20506245
vt 1.52255738 0.20323497
vt 1.51815987 0.20323515
vt 1.51815987 0.20323515
vt 1.51815987 0.00551647
vt 1.51575339 0.00551647
vt 1.51815987 0.20323515
vt 1.51575339 0.20506245
vt 1.52255750 0.20506245
vt 1.51575339 0.00551647
vt 1.51575339 0.20506245
vt 1.51815987 0.20323515
vt 1.05090284 0.05346668
vt 1.05077100 0.05658925
vt 1.05413294 0.05665231
vt 1.05413294 0.05665231
vt 1.05412841 0.05352241
vt 1.05090284 0.05346668
vt 1.07948256 0.05348480
vt 1.05412841 0.05352241
vt 1.05413294 0.05665231
vt 1.05413294 0.05665231
vt 1.07948732 0.05661458
vt 1.07948256 0.05348480
vt 1.07948256 0.05348480
vt 1.07948732 0.05661458
vt 1.08224344 0.05661058
vt 1.08224344 0.05661058
vt 1.08223891 0.05348068
vt 1.07948256 0.05348480
vt 1.08223891 0.05348068
vt 1.08224344 0.05661058
vt 1.08499980 0.05660647
vt 1.08499980 0.05660647
vt 1.08499515 0.05347657
vt 1.08223891 0.05348068
vt 1.08499515 0.05347657
vt 1.08499980 0.05660647
vt 1.08860171 0.05660111
vt 1.08860171 0.05660111
vt 1.08859706 0.05347127
vt 1.08499515 0.05347657
vt 1.29654539 0.98145258
vt 1.30002069 0.98151737
vt 1.29999709 0.97839230
vt 1.29999709 0.97839230
vt 1.29654551 0.97832257
vt 1.29654539 0.98145258
vt 1.17177677 0.98144943
vt 1.29654539 0.98145258
vt 1.29654551 0.97832257
vt 1.29654551 0.97832257
vt 1.17177689 0.97831964
vt 1.17177677 0.98144943
vt 1.17177677 0.98144943
vt 1.17177689 0.97831964
vt 1.04700828 0.97831672
vt 1.04700828 0.97831672
vt 1.04700828 0.98144662
vt 1.17177677 0.98144943
vt 1.04700828 0.98144662
vt 1.04700828 0.97831672
vt 1.04355669 0.97838622
vt 1.04355669 0.97838622
vt 1.04353309 0.98151141
vt 1.04700828 0.98144662
vt 1.33666563 0.05600852
vt 1.33667016 0.05287868
vt 1.31131589 0.05284238
vt 1.33667016 0.05287868
vt 1.33666563 0.05600852
vt 1.33942199 0.05601239
vt 1.31131589 0.05284238
vt 1.31131136 0.05597210
vt 1.33666563 0.05600852
vt 1.30808592 0.05602795
vt 1.31131136 0.05597210
vt 1.31131589 0.05284238
vt 1.31131589 0.05284238
vt 1.30795383 0.05290550
vt 1.30808592 0.05602795
vt 1.33942199 0.05601239
vt 1.33942652 0.05288255
vt 1.33667016 0.05287868
vt 1.33942652 0.05288255
vt 1.33942199 0.05601239
vt 1.34217834 0.05601633
vt 1.34217834 0.05601633
vt 1.34218287 0.05288649
vt 1.33942652 0.05288255
vt 1.34578478 0.05289173
vt 1.34218287 0.05288649
vt 1.34217834 0.05601633
vt 1.34217834 0.05601633
vt 1.34578037 0.05602157
vt 1.34578478 0.05289173
vt 1.43293285 0.11090219
vt 1.43293285 0.10777235
vt 1.30795383 0.10777235
vt 1.30795383 0.10777235
vt 1.30795383 0.11090219
vt 1.43293285 0.11090219
vt 1.13707399 0.11024213
vt 1.13707399 0.11337197
vt 1.26205492 0.11337197
vt 1.26205492 0.11337197
vt 1.26205492 0.11024219
vt 1.13707399 0.11024213
vt 1.00244141 0.84951180
vt 1.13902032 0.84951174
vt 1.00858974 0.72347713
vt 1.00858974 0.72347713
vt 1.00604331 0.72453183
vt 1.00244141 0.84951180
vt 1.00964451 0.72093070
vt 1.00858974 0.72347713
vt 1.13902032 0.84951174
vt 1.00964451 0.72093070
vt 1.13902032 0.84951174
vt 1.13902020 0.69139767
vt 1.13902020 0.69139767
vt 1.00964451 0.69557643
vt 1.00964451 0.72093070
vt 1.00964451 0.69557643
vt 1.13902020 0.69139767
vt 1.01425040 0.69139570
vt 1.01425040 0.69139570
vt 1.01101029 0.69265378
vt 1.00964451 0.69557643
vt 1.13902020 0.69139767
vt 1.13902032 0.84951174
vt 1.26839602 0.72093052
vt 1.26945090 0.72347695
vt 1.26839602 0.72093052
vt 1.13902032 0.84951174
vt 1.26839602 0.72093052
vt 1.26839590 0.69557625
vt 1.13902020 0.69139767
vt 1.26379013 0.69139552
vt 1.13902020 0.69139767
vt 1.26839590 0.69557625
vt 1.26839590 0.69557625
vt 1.26703024 0.69265366
vt 1.26379013 0.69139552
vt 1.26945090 0.72347695
vt 1.13902032 0.84951174
vt 1.27559936 0.84951174
vt 1.27559936 0.84951174
vt 1.27199721 0.72453165
vt 1.26945090 0.72347695
vt 1.27199721 0.72453165
vt 1.27559936 0.84951174
vt 1.27559924 0.72453165
vt 1.00244141 0.84951180
vt 1.00604331 0.72453183
vt 1.00244141 0.72453183
vt 1.00595474 0.63703036
vt 1.02826738 0.63702750
vt 1.02826715 0.63569212
vt 1.02826738 0.63702750
vt 1.00595474 0.63703036
vt 1.00595486 0.63836569
vt 1.02826715 0.63569212
vt 1.00595450 0.63569492
vt 1.00595474 0.63703036
vt 1.00595486 0.63836569
vt 1.02826762 0.63836282
vt 1.02826738 0.63702750
vt 1.02826762 0.63836282
vt 1.00595486 0.63836569
vt 1.00595522 0.63970113
vt 1.00595522 0.63970113
vt 1.02826786 0.63969827
vt 1.02826762 0.63836282
vt 1.00595450 0.63569492
vt 1.02826715 0.63569212
vt 1.02826715 0.63435668
vt 1.02826715 0.63435668
vt 1.00595438 0.63435960
vt 1.00595450 0.63569492
vt 1.00595438 0.63435960
vt 1.02826715 0.63435668
vt 1.02826691 0.63302135
vt 1.02826691 0.63302135
vt 1.00595427 0.63302398
vt 1.00595438 0.63435960
vt 1.00595427 0.63302398
vt 1.02826691 0.63302135
vt 1.02826667 0.63168591
vt 1.02826667 0.63168591
vt 1.00595403 0.63168877
vt 1.00595427 0.63302398
vt 1.00595403 0.63168877
vt 1.02826667 0.63168591
vt 1.02826667 0.63035059
vt 1.02826667 0.63035059
vt 1.00595391 0.63035333
vt 1.00595403 0.63168877
vt 1.00595391 0.63035333
vt 1.02826667 0.63035059
vt 1.02826643 0.62901521
vt 1.02826643 0.62901521
vt 1.00595367 0.62901789
vt 1.00595391 0.63035333
vt 1.00595367 0.62901789
vt 1.02826643 0.62901521
vt 1.02826619 0.62767977
vt 1.02826619 0.62767977
vt 1.00595355 0.62768257
vt 1.00595367 0.62901789
vt 1.00595355 0.62768257
vt 1.02826619 0.62767977
vt 1.02826595 0.62634444
vt 1.02826595 0.62634444
vt 1.00595331 0.62634706
vt 1.00595355 0.62768257
vt 1.00595331 0.62634706
vt 1.02826595 0.62634444
vt 1.02826595 0.62500900
vt 1.02826595 0.62500900
vt 1.00595319 0.62501174
vt 1.00595331 0.62634706
vt 1.00595319 0.62501174
vt 1.02826595 0.62500900
vt 1.02826571 0.62367356
vt 1.02826571 0.62367356
vt 1.00595307 0.62367642
vt 1.00595319 0.62501174
vt 1.00595307 0.62367642
vt 1.02826571 0.62367356
vt 1.02826548 0.62233812
vt 1.02826548 0.62233812
vt 1.00595295 0.62234098
vt 1.00595307 0.62367642
vt 1.00595295 0.62234098
vt 1.02826548 0.62233812
vt 1.02826536 0.62100273
vt 1.02826536 0.62100273
vt 1.00595272 0.62100565
vt 1.00595295 0.62234098
vt 1.00595272 0.62100565
vt 1.02826536 0.62100273
vt 1.02826512 0.61966741
vt 1.02826512 0.61966741
vt 1.00595248 0.61967015
vt 1.00595272 0.62100565
vt 1.00595248 0.61967015
vt 1.02826512 0.61966741
vt 1.02826500 0.61833197
vt 1.02826500 0.61833197
vt 1.00595248 0.61833471
vt 1.00595248 0.61967015
vt 1.46454167 0.13433433
vt 1.46170259 0.12006068
vt 1.45645618 0.12223375
vt 1.46454167 0.13433433
vt 1.46738076 0.12006068
vt 1.46170259 0.12006068
vt 1.46454167 0.13433433
vt 1.45645618 0.12223375
vt 1.45244086 0.12624896
vt 1.46454167 0.13433433
vt 1.47262704 0.12223375
vt 1.46738076 0.12006068
vt 1.46454167 0.13433433
vt 1.45244086 0.12624896
vt 1.45026767 0.13149524
vt 1.46454167 0.13433433
vt 1.47664237 0.12624896
vt 1.47262704 0.12223375
vt 1.46454167 0.13433433
vt 1.45026767 0.13149524
vt 1.45026767 0.13717365
vt 1.46454167 0.13433433
vt 1.47881532 0.13149524
vt 1.47664237 0.12624896
vt 1.46454167 0.13433433
vt 1.45026767 0.13717365
vt 1.45244086 0.14241993
vt 1.46454167 0.13433433
vt 1.47881532 0.13717365
vt 1.47881532 0.13149524
vt 1.46454167 0.13433433
vt 1.45244086 0.14241993
vt 1.45645607 0.14643514
vt 1.46454167 0.13433433
vt 1.47664237 0.14241993
vt 1.47881532 0.13717365
vt 1.46454167 0.13433433
vt 1.45645607 0.14643514
vt 1.46170223 0.14860833
vt 1.46454167 0.13433433
vt 1.47262692 0.14643502
vt 1.47664237 0.14241993
vt 1.46454167 0.13433433
vt 1.46170223 0.14860833
vt 1.46738064 0.14860821
vt 1.46454167 0.13433433
vt 1.46738064 0.14860821
vt 1.47262692 0.14643502
vt 1.49533772 0.13433444
vt 1.48725224 0.12223375
vt 1.48323703 0.12624907
vt 1.49533772 0.13433444
vt 1.49249840 0.12006068
vt 1.48725224 0.12223375
vt 1.49533772 0.13433444
vt 1.48323703 0.12624907
vt 1.48106396 0.13149524
vt 1.49533772 0.13433444
vt 1.49817681 0.12006068
vt 1.49249840 0.12006068
vt 1.49533772 0.13433444
vt 1.48106396 0.13149524
vt 1.48106396 0.13717377
vt 1.49533772 0.13433444
vt 1.50342298 0.12223375
vt 1.49817681 0.12006068
vt 1.49533772 0.13433444
vt 1.48106396 0.13717377
vt 1.48323715 0.14241982
vt 1.49533772 0.13433444
vt 1.50743830 0.12624907
vt 1.50342298 0.12223375
vt 1.49533772 0.13433444
vt 1.48323715 0.14241982
vt 1.48725212 0.14643514
vt 1.49533772 0.13433444
vt 1.50961137 0.13149524
vt 1.50743830 0.12624907
vt 1.49533772 0.13433444
vt 1.48725212 0.14643514
vt 1.49249828 0.14860833
vt 1.49533772 0.13433444
vt 1.50961137 0.13717377
vt 1.50961137 0.13149524
vt 1.49533772 0.13433444
vt 1.49249828 0.14860833
vt 1.49817681 0.14860833
vt 1.49533772 0.13433444
vt 1.50743830 0.14241993
vt 1.50961137 0.13717377
vt 1.49533772 0.13433444
vt 1.49817681 0.14860833
vt 1.50342298 0.14643514
vt 1.49533772 0.13433444
vt 1.50342298 0.14643514
vt 1.50743830 0.14241993
vt 1.04808700 0.65002704
vt 1.04808700 0.64526141
vt 1.00910115 0.64526141
vt 1.00910115 0.64526141
vt 1.00910115 0.65002716
vt 1.04808700 0.65002704
vt 1.04714251 0.64486396
vt 1.04714251 0.64009827
vt 1.00815654 0.64009833
vt 1.00815654 0.64009833
vt 1.00815654 0.64486396
vt 1.04714251 0.64486396
vt 1.04505992 0.61127961
vt 1.04505968 0.57229388
vt 1.00607383 0.57229388
vt 1.00607383 0.57229388
vt 1.00607395 0.61127979
vt 1.04505992 0.61127961
vt 1.04808712 0.66035306
vt 1.04808700 0.65558755
vt 1.00910127 0.65558749
vt 1.00910127 0.65558749
vt 1.00910115 0.66035300
vt 1.04808712 0.66035306
vt 1.00910115 0.65042448
vt 1.00910115 0.65519005
vt 1.04808712 0.65519011
vt 1.04808712 0.65519011
vt 1.04808712 0.65042448
vt 1.00910115 0.65042448
vt 1.02699077 0.67584229
vt 1.02699089 0.67107666
vt 1.00563753 0.67107677
vt 1.00563753 0.67107677
vt 1.00563753 0.67584229
vt 1.02699077 0.67584229
vt 1.04871762 0.67584229
vt 1.04871750 0.67107666
vt 1.02736437 0.67107660
vt 1.02736437 0.67107660
vt 1.02736437 0.67584211
vt 1.04871762 0.67584229
vt 1.04997718 0.63582313
vt 1.04997718 0.61833203
vt 1.02862394 0.61833203
vt 1.02862394 0.61833203
vt 1.02862394 0.63582313
vt 1.04997718 0.63582313
vt 1.03351974 0.68616843
vt 1.03351986 0.68140280
vt 1.01602864 0.68140274
vt 1.01602864 0.68140274
vt 1.01602852 0.68616837
vt 1.03351974 0.68616843
vt 1.01747596 0.53916895
vt 1.01747596 0.54393458
vt 1.03496706 0.54393458
vt 1.03496706 0.54393458
vt 1.03496706 0.53916895
vt 1.01747596 0.53916895
vt 1.03645015 0.67067921
vt 1.03645015 0.66591370
vt 1.00752676 0.66591370
vt 1.00752676 0.66591370
vt 1.00752676 0.67067921
vt 1.03645015 0.67067921
vt 1.03802454 0.66551614
vt 1.03802454 0.66075063
vt 1.00910115 0.66075063
vt 1.00910115 0.66075063
vt 1.00910115 0.66551614
vt 1.03802454 0.66551614
vt 1.03879929 0.57093233
vt 1.03879905 0.54966575
vt 1.00987566 0.54966587
vt 1.00987566 0.54966587
vt 1.00987566 0.57093233
vt 1.03879929 0.57093233
vt 1.02469981 0.68100536
vt 1.02469981 0.67623973
vt 1.00343347 0.67623967
vt 1.00343347 0.67623967
vt 1.00343347 0.68100530
vt 1.02469981 0.68100536
vt 1.02516019 0.67623967
vt 1.02516019 0.68100530
vt 1.04642677 0.68100536
vt 1.04642677 0.68100536
vt 1.04642677 0.67623973
vt 1.02516019 0.67623967
vt 1.28849530 0.80845702
vt 1.29451430 0.80845773
vt 1.29451621 0.78952998
vt 1.29451430 0.80845773
vt 1.28849530 0.80845702
vt 1.28849328 0.82738471
vt 1.29451621 0.78952998
vt 1.28849697 0.78952950
vt 1.28849530 0.80845702
vt 1.28849328 0.82738471
vt 1.29451239 0.82738519
vt 1.29451430 0.80845773
vt 1.29451239 0.82738519
vt 1.28849328 0.82738471
vt 1.28849149 0.84631217
vt 1.28849149 0.84631217
vt 1.29451060 0.84631276
vt 1.29451239 0.82738519
vt 1.28849697 0.78952950
vt 1.29451621 0.78952998
vt 1.29451799 0.77060235
vt 1.29451799 0.77060235
vt 1.28849888 0.77060175
vt 1.28849697 0.78952950
vt 1.28849888 0.77060175
vt 1.29451799 0.77060235
vt 1.29451966 0.75167483
vt 1.29451966 0.75167483
vt 1.28850055 0.75167423
vt 1.28849888 0.77060175
vt 1.28850055 0.75167423
vt 1.29451966 0.75167483
vt 1.29452157 0.73274714
vt 1.29452157 0.73274714
vt 1.28850245 0.73274654
vt 1.28850055 0.75167423
vt 1.28850245 0.73274654
vt 1.29452157 0.73274714
vt 1.29452348 0.71381962
vt 1.29452348 0.71381962
vt 1.28850436 0.71381897
vt 1.28850245 0.73274654
vt 1.28850436 0.71381897
vt 1.29452348 0.71381962
vt 1.29452527 0.69489193
vt 1.29452527 0.69489193
vt 1.28850615 0.69489133
vt 1.28850436 0.71381897
vt 1.30005383 0.71381897
vt 1.30607271 0.71381944
vt 1.30607462 0.69489193
vt 1.30607462 0.69489193
vt 1.30005550 0.69489133
vt 1.30005383 0.71381897
vt 1.30607271 0.71381944
vt 1.30005383 0.71381897
vt 1.30005193 0.73274654
vt 1.30005193 0.73274654
vt 1.30607104 0.73274714
vt 1.30607271 0.71381944
vt 1.30607104 0.73274714
vt 1.30005193 0.73274654
vt 1.30005026 0.75167394
vt 1.30005026 0.75167394
vt 1.30606925 0.75167465
vt 1.30607104 0.73274714
vt 1.30606925 0.75167465
vt 1.30005026 0.75167394
vt 1.30004823 0.77060175
vt 1.30004823 0.77060175
vt 1.30606735 0.77060235
vt 1.30606925 0.75167465
vt 1.30606735 0.77060235
vt 1.30004823 0.77060175
vt 1.30004668 0.78952950
vt 1.30004668 0.78952950
vt 1.30606544 0.78952998
vt 1.30606735 0.77060235
vt 1.30606544 0.78952998
vt 1.30004668 0.78952950
vt 1.30004466 0.80845702
vt 1.30004466 0.80845702
vt 1.30606365 0.80845755
vt 1.30606544 0.78952998
vt 1.30606365 0.80845755
vt 1.30004466 0.80845702
vt 1.30004299 0.82738465
vt 1.30004299 0.82738465
vt 1.30606210 0.82738513
vt 1.30606365 0.80845755
vt 1.30606210 0.82738513
vt 1.30004299 0.82738465
vt 1.30004108 0.84631217
vt 1.30004108 0.84631217
vt 1.30606019 0.84631288
vt 1.30606210 0.82738513
vt 1.49086797 0.22872996
vt 1.52057672 0.22282058
vt 1.51605356 0.21190143
vt 1.49086797 0.22872996
vt 1.52057636 0.23463929
vt 1.52057672 0.22282058
vt 1.49086797 0.22872996
vt 1.51605356 0.21190143
vt 1.50769639 0.20354438
vt 1.49086797 0.22872996
vt 1.51605356 0.24555838
vt 1.52057636 0.23463929
vt 1.49086797 0.22872996
vt 1.50769639 0.20354438
vt 1.49677730 0.19902152
vt 1.49086797 0.22872996
vt 1.50769639 0.25391531
vt 1.51605356 0.24555838
vt 1.49086797 0.22872996
vt 1.49677730 0.19902152
vt 1.48495865 0.19902152
vt 1.49086797 0.22872996
vt 1.49677730 0.25843823
vt 1.50769639 0.25391531
vt 1.49086797 0.22872996
vt 1.48495865 0.19902152
vt 1.47403955 0.20354438
vt 1.49086797 0.22872996
vt 1.48495865 0.25843847
vt 1.49677730 0.25843823
vt 1.49086797 0.22872996
vt 1.47403955 0.20354438
vt 1.46568251 0.21190155
vt 1.49086797 0.22872996
vt 1.47403955 0.25391525
vt 1.48495865 0.25843847
vt 1.49086797 0.22872996
vt 1.46568251 0.21190155
vt 1.46115959 0.22282040
vt 1.49086797 0.22872996
vt 1.46568227 0.24555838
vt 1.47403955 0.25391525
vt 1.49086797 0.22872996
vt 1.46115959 0.22282040
vt 1.46115959 0.23463929
vt 1.49086797 0.22872996
vt 1.46115959 0.23463929
vt 1.46568227 0.24555838
vn 0.00000000 0.00001533 1.00000000
vn -0.00001526 -0.00001518 1.00000000
vn -0.00001526 -0.00001518 1.00000000
vn 0.00000000 0.00001533 1.00000000
vn 0.00000000 0.00001533 1.00000000
vn -0.00001526 -0.00001518 1.00000000
vn 0.00000000 0.00001533 1.00000000
vn -0.00001526 -0.00001518 1.00000000
vn 0.00000000 0.00001533 1.00000000
vn 0.00000000 0.00001533 1.00000000
vn 0.00000000 0.00001533 1.00000000
vn 0.00000000 0.00001533 1.00000000
vn 0.00000000 0.00001533 1.00000000
vn 0.00000000 0.00001533 1.00000000
vn 0.00000000 0.00001533 1.00000000
vn 0.00000000 0.00001533 1.00000000
vn 0.00000000 0.00001533 1.00000000
vn 0.00000000 0.00001533 1.00000000
vn 0.00000000 0.00001533 1.00000000
vn 0.00000000 0.00001533 1.00000000
vn 0.00000000 0.00001533 1.00000000
vn 0.00000000 0.00001533 1.00000000
vn 0.00000000 0.00001533 1.00000000
vn 0.00000000 0.00001533 1.00000000
vn 0.00000000 0.00001533 1.00000000
vn 0.00000000 0.00001533 1.00000000
vn 0.00000000 0.00001533 1.00000000
vn 0.00000000 0.00001533 1.00000000
vn 0.00000000 0.00001533 1.00000000
vn 0.00000000 0.00001533 1.00000000
vn 0.00000000 0.00001533 1.00000000
vn 0.00000000 0.00001533 1.00000000
vn 0.00000000 0.00001533 1.00000000
vn 0.00000000 0.00001533 1.00000000
vn 0.00000000 0.00001533 1.00000000
vn 0.00000000 0.00001533 1.00000000
vn 0.00000000 0.00001533 1.00000000
vn 0.00000000 0.00001533 1.00000000
vn 0.00000000 0.00001533 1.00000000
vn 0.00000000 0.00001533 1.00000000
vn 0.00000000 0.00001533 1.00000000
vn 0.00000000 0.00001533 1.00000000
vn 0.00000000 0.00001533 1.00000000
vn 0.00000000 0.00001533 1.00000000
vn 0.00000000 0.00001533 1.00000000
vn 0.00000000 0.00001533 1.00000000
vn 0.00000000 0.00001533 1.00000000
vn 0.00000000 0.00001533 1.00000000
vn 0.00000000 0.00001533 1.00000000
vn 0.00000000 0.00001533 1.00000000
vn 0.00000000 0.00001533 1.00000000
vn 0.00000000 0.00001533 1.00000000
vn 0.00000000 0.00001533 1.00000000
vn 0.00000000 0.00001533 1.00000000
vn 0.00000000 0.00001533 1.00000000
vn 0.00000000 0.00001533 1.00000000
vn 0.00000000 0.00001533 1.00000000
vn 0.00000000 0.00001533 1.00000000
vn 0.00000000 0.00001533 1.00000000
vn 0.00000000 0.00001533 1.00000000
vn 0.00000000 0.00001533 1.00000000
vn 0.00000000 0.00001533 1.00000000
vn 0.00000000 0.00001533 1.00000000
vn 0.00000000 0.00001533 1.00000000
vn 0.00000000 0.00001533 1.00000000
vn 0.00000000 0.00001533 1.00000000
vn 0.70601892 -0.01882407 -0.70794272
vn 0.70601892 -0.01882407 -0.70794272
vn 0.70708519 0.00002153 -0.70712835
vn 0.70708519 0.00002153 -0.70712835
vn 0.70708519 0.00002153 -0.70712835
vn 0.70601892 -0.01882407 -0.70794272
vn 0.70601892 -0.01882407 -0.70794272
vn 0.70601892 -0.01882407 -0.70794272
vn 0.64754128 -0.26834846 -0.71321762
vn 0.64754128 -0.26834846 -0.71321762
vn 0.64754128 -0.26834846 -0.71321762
vn 0.70601892 -0.01882407 -0.70794272
vn 0.49654105 -0.49654120 -0.71196479
vn 0.64754128 -0.26834846 -0.71321762
vn 0.64754128 -0.26834846 -0.71321762
vn 0.64754128 -0.26834846 -0.71321762
vn 0.49654105 -0.49654120 -0.71196479
vn 0.49654105 -0.49654120 -0.71196479
vn 0.49654105 -0.49654120 -0.71196479
vn 0.49654105 -0.49654120 -0.71196479
vn 0.26834840 -0.64754134 -0.71321756
vn 0.26834840 -0.64754134 -0.71321756
vn 0.26851359 -0.64748061 -0.71321052
vn 0.49654105 -0.49654120 -0.71196479
vn 0.01045593 -0.70637226 -0.70776325
vn 0.26851359 -0.64748061 -0.71321052
vn 0.26834840 -0.64754134 -0.71321756
vn 0.26834840 -0.64754134 -0.71321756
vn 0.01045593 -0.70637226 -0.70776325
vn 0.01045593 -0.70637226 -0.70776325
vn -0.00002158 -0.70689106 -0.70732248
vn 0.01045593 -0.70637226 -0.70776325
vn 0.01045593 -0.70637226 -0.70776325
vn 0.01045593 -0.70637226 -0.70776325
vn -0.00002158 -0.70689106 -0.70732248
vn -0.00002158 -0.70689106 -0.70732248
vn -0.00002158 -0.70689106 -0.70732248
vn -0.00002158 -0.70689106 -0.70732248
vn -0.00002158 -0.70689106 -0.70732248
vn -0.00002158 -0.70689106 -0.70732248
vn -0.00002158 -0.70689106 -0.70732248
vn -0.00002158 -0.70689106 -0.70732248
vn -0.00002158 -0.70689106 -0.70732248
vn -0.00002158 -0.70689106 -0.70732248
vn -0.00002158 -0.70689106 -0.70732248
vn -0.00002158 -0.70689106 -0.70732248
vn -0.00002158 -0.70689106 -0.70732248
vn -0.00002158 -0.70689106 -0.70732248
vn -0.00002158 -0.70689106 -0.70732248
vn -0.00002158 -0.70689106 -0.70732248
vn -0.01049972 -0.70635015 -0.70778471
vn -0.01049972 -0.70635015 -0.70778471
vn -0.01049972 -0.70635015 -0.70778471
vn -0.00002158 -0.70689106 -0.70732248
vn -0.01049972 -0.70635015 -0.70778471
vn -0.01049972 -0.70635015 -0.70778471
vn -0.26856837 -0.64744312 -0.71322393
vn -0.26856837 -0.64744312 -0.71322393
vn -0.26840320 -0.64750385 -0.71323103
vn -0.01049972 -0.70635015 -0.70778471
vn -0.49659318 -0.49648905 -0.71196479
vn -0.26840320 -0.64750385 -0.71323103
vn -0.26856837 -0.64744312 -0.71322393
vn -0.26856837 -0.64744312 -0.71322393
vn -0.49659318 -0.49648905 -0.71196479
vn -0.49659318 -0.49648905 -0.71196479
vn -0.49659318 -0.49648905 -0.71196479
vn -0.49659318 -0.49648905 -0.71196479
vn -0.64750379 -0.26840326 -0.71323109
vn -0.64750379 -0.26840326 -0.71323109
vn -0.64757878 -0.26829368 -0.71320415
vn -0.49659318 -0.49648905 -0.71196479
vn -0.70604140 -0.01877978 -0.70792150
vn -0.64757878 -0.26829368 -0.71320415
vn -0.64750379 -0.26840326 -0.71323109
vn -0.64750379 -0.26840326 -0.71323109
vn -0.70604140 -0.01877978 -0.70792150
vn -0.70604140 -0.01877978 -0.70792150
vn -0.70710677 0.00006469 -0.70710677
vn -0.70604140 -0.01877978 -0.70792150
vn -0.70604140 -0.01877978 -0.70792150
vn -0.70604140 -0.01877978 -0.70792150
vn -0.70710677 0.00006469 -0.70710677
vn -0.70710677 0.00006469 -0.70710677
vn 0.72041315 0.69354510 -0.00034534
vn 0.72041315 0.69354510 -0.00034534
vn 0.72167444 0.69221795 0.00450169
vn 0.72167444 0.69221795 0.00450169
vn 0.69283372 0.70738107 0.13997684
vn 0.72041315 0.69354510 -0.00034534
vn 0.69283372 0.70738107 0.13997684
vn 0.72167444 0.69221795 0.00450169
vn 0.56152606 0.68062103 0.47057790
vn 0.00000000 0.70709592 -0.70711768
vn 0.00000000 0.70709592 -0.70711768
vn 0.00000000 0.70709592 -0.70711768
vn 0.00000000 0.70709592 -0.70711768
vn 0.00000000 0.70709592 -0.70711768
vn 0.00000000 0.70709592 -0.70711768
vn 0.67375904 -0.00010773 0.73895115
vn 0.02612511 -0.00004688 0.99965870
vn 0.06057258 -0.00011302 0.99816376
vn 0.06057258 -0.00011302 0.99816376
vn 0.68722570 -0.00006466 0.72644395
vn 0.67375904 -0.00010773 0.73895115
vn 0.02612511 -0.00004688 0.99965870
vn 0.00000000 0.00001533 1.00000000
vn 0.00000000 0.00001533 1.00000000
vn 0.00000000 0.00001533 1.00000000
vn 0.00000000 0.00001533 1.00000000
vn 0.02612511 -0.00004688 0.99965870
vn 0.02612511 -0.00004688 0.99965870
vn 0.00000000 0.00001533 1.00000000
vn -0.00001526 -0.00001518 1.00000000
vn -0.00001526 -0.00001518 1.00000000
vn 0.06057258 -0.00011302 0.99816376
vn 0.02612511 -0.00004688 0.99965870
vn -0.00001526 -0.00001518 1.00000000
vn -0.00001526 -0.00001518 1.00000000
vn 0.06057258 -0.00011302 0.99816376
vn -0.00001526 -0.00001518 1.00000000
vn 0.00000000 0.00001533 1.00000000
vn 0.06057258 -0.00011302 0.99816376
vn 0.00000000 0.00001533 1.00000000
vn -0.00001526 -0.00001518 1.00000000
vn 0.06057258 -0.00011302 0.99816376
vn -0.00001526 -0.00001518 1.00000000
vn -0.00001526 -0.00001518 1.00000000
vn 0.06057258 -0.00011302 0.99816376
vn -0.00001526 -0.00001518 1.00000000
vn -0.00001526 -0.00001518 1.00000000
vn 0.06057258 -0.00011302 0.99816376
vn 0.00000000 0.00001533 1.00000000
vn 0.06057258 -0.00011302 0.99816376
vn -0.00001526 -0.00001518 1.00000000
vn -0.00001526 -0.00001518 1.00000000
vn -0.00001526 -0.00001518 1.00000000
vn -0.00001526 -0.00001518 1.00000000
vn -0.00001526 -0.00001518 1.00000000
vn 0.00000000 0.00001533 1.00000000
vn 0.00000000 0.00001533 1.00000000
vn -0.00001526 -0.00001518 1.00000000
vn -0.00001526 -0.00001518 1.00000000
vn -0.00001526 -0.00001518 1.00000000
vn 0.00000000 0.00001533 1.00000000
vn 0.00000000 0.00001533 1.00000000
vn -0.00001526 -0.00001518 1.00000000
vn -0.00001526 -0.00001518 1.00000000
vn -0.00001526 -0.00001518 1.00000000
vn -0.00001526 -0.00001518 1.00000000
vn -0.00001526 -0.00001518 1.00000000
vn 0.00000000 0.00001533 1.00000000
vn -0.00001526 -0.00001518 1.00000000
vn -0.00001526 -0.00001518 1.00000000
vn -0.06224431 -0.00004853 0.99806094
vn 0.00000000 0.00001533 1.00000000
vn -0.00001526 -0.00001518 1.00000000
vn 0.00000000 0.00001533 1.00000000
vn -0.06224431 -0.00004853 0.99806094
vn 0.00000000 0.00001533 1.00000000
vn 0.00000000 0.00001533 1.00000000
vn -0.06224431 -0.00004853 0.99806094
vn 0.00000000 0.00001533 1.00000000
vn 0.00000000 0.00001533 1.00000000
vn -0.06224431 -0.00004853 0.99806094
vn 0.00000000 0.00001533 1.00000000
vn 0.00000000 0.00001533 1.00000000
vn -0.06224431 -0.00004853 0.99806094
vn 0.00000000 0.00001533 1.00000000
vn -0.00001526 -0.00001518 1.00000000
vn -0.06224431 -0.00004853 0.99806094
vn -0.67225105 -0.00006461 0.74032325
vn -0.68644536 -0.00036673 0.72718126
vn -0.06224431 -0.00004853 0.99806094
vn -0.06224431 -0.00004853 0.99806094
vn -0.02695964 -0.00001553 0.99963653
vn -0.67225105 -0.00006461 0.74032325
vn -0.02695964 -0.00001553 0.99963653
vn -0.06224431 -0.00004853 0.99806094
vn -0.00001526 -0.00001518 1.00000000
vn -0.00001526 -0.00001518 1.00000000
vn 0.00000000 0.00001533 1.00000000
vn -0.02695964 -0.00001553 0.99963653
vn 0.00000000 0.00001533 1.00000000
vn -0.00001526 -0.00001518 1.00000000
vn -0.02695964 -0.00001553 0.99963653
vn -0.00001526 -0.00001518 1.00000000
vn -0.00001526 -0.00001518 1.00000000
vn -0.02695964 -0.00001553 0.99963653
vn -0.00001526 -0.00001518 1.00000000
vn 0.00000000 0.00001533 1.00000000
vn -0.00386080 0.00019930 0.99999255
vn -0.00386080 0.00019930 0.99999255
vn -0.02695964 -0.00001553 0.99963653
vn -0.00001526 -0.00001518 1.00000000
vn -0.00062251 -0.04652914 0.99891675
vn -0.02695964 -0.00001553 0.99963653
vn -0.00386080 0.00019930 0.99999255
vn -0.00386080 0.00019930 0.99999255
vn -0.00915025 -0.04196932 0.99907702
vn -0.00062251 -0.04652914 0.99891675
vn -0.00915025 -0.04196932 0.99907702
vn -0.00386080 0.00019930 0.99999255
vn -0.03926218 0.07742043 0.99622518
vn -0.03926218 0.07742043 0.99622518
vn -0.05228846 -0.05491709 0.99712086
vn -0.00915025 -0.04196932 0.99907702
vn -0.10255849 -0.08217235 0.99132711
vn -0.05228846 -0.05491709 0.99712086
vn -0.03926218 0.07742043 0.99622518
vn -0.03926218 0.07742043 0.99622518
vn -0.10435341 0.00307723 0.99453551
vn -0.10255849 -0.08217235 0.99132711
vn -0.11271700 -0.10704140 0.98784465
vn -0.10255849 -0.08217235 0.99132711
vn -0.10435341 0.00307723 0.99453551
vn -0.05228846 -0.05491709 0.99712086
vn -0.10255849 -0.08217235 0.99132711
vn -0.11089574 -0.63254100 0.76654685
vn -0.11089574 -0.63254100 0.76654685
vn -0.10255849 -0.08217235 0.99132711
vn -0.11271700 -0.10704140 0.98784465
vn -0.10435341 0.00307723 0.99453551
vn -0.10836603 -0.00702565 0.99408621
vn -0.11271700 -0.10704140 0.98784465
vn -0.00915025 -0.04196932 0.99907702
vn -0.05228846 -0.05491709 0.99712086
vn -0.07311329 -0.64849347 0.75770092
vn -0.11089574 -0.63254100 0.76654685
vn -0.07311329 -0.64849347 0.75770092
vn -0.05228846 -0.05491709 0.99712086
vn -0.07311329 -0.64849347 0.75770092
vn -0.02429159 -0.66270763 0.74848419
vn -0.00915025 -0.04196932 0.99907702
vn -0.00062251 -0.04652914 0.99891675
vn -0.00915025 -0.04196932 0.99907702
vn -0.02429159 -0.66270763 0.74848419
vn -0.07037339 -0.74549782 0.66278249
vn -0.07311329 -0.64849347 0.75770092
vn -0.11089574 -0.63254100 0.76654685
vn -0.07311329 -0.64849347 0.75770092
vn -0.07037339 -0.74549782 0.66278249
vn -0.02420161 -0.74889296 0.66224891
vn -0.02420161 -0.74889296 0.66224891
vn -0.02429159 -0.66270763 0.74848419
vn -0.07311329 -0.64849347 0.75770092
vn -0.11089574 -0.63254100 0.76654685
vn -0.10865530 -0.74721009 0.65564561
vn -0.07037339 -0.74549782 0.66278249
vn -0.02204739 -0.67869610 0.73408818
vn -0.02429159 -0.66270763 0.74848419
vn -0.02420161 -0.74889296 0.66224891
vn -0.02429159 -0.66270763 0.74848419
vn -0.02204739 -0.67869610 0.73408818
vn -0.00062251 -0.04652914 0.99891675
vn -0.02420161 -0.74889296 0.66224891
vn -0.02840547 -0.76124460 0.64784241
vn -0.02204739 -0.67869610 0.73408818
vn -0.10865530 -0.74721009 0.65564561
vn -0.11089574 -0.63254100 0.76654685
vn -0.12514442 -0.61409044 0.77925080
vn -0.11271700 -0.10704140 0.98784465
vn -0.12514442 -0.61409044 0.77925080
vn -0.11089574 -0.63254100 0.76654685
vn -0.12514442 -0.61409044 0.77925080
vn -0.11275676 -0.75367528 0.64750254
vn -0.10865530 -0.74721009 0.65564561
vn -0.09300104 -0.77015984 0.63103461
vn -0.11275676 -0.75367528 0.64750254
vn -0.12514442 -0.61409044 0.77925080
vn -0.27467385 -0.62905967 0.72721267
vn -0.02204739 -0.67869610 0.73408818
vn -0.02840547 -0.76124460 0.64784241
vn -0.02840547 -0.76124460 0.64784241
vn -0.31738186 -0.69246262 0.64789218
vn -0.27467385 -0.62905967 0.72721267
vn -0.12514442 -0.61409044 0.77925080
vn -0.10228223 -0.58276951 0.80617493
vn -0.09300104 -0.77015984 0.63103461
vn -0.10228223 -0.58276951 0.80617493
vn -0.12514442 -0.61409044 0.77925080
vn -0.11271700 -0.10704140 0.98784465
vn -0.04920983 -0.78866273 0.61285353
vn -0.09300104 -0.77015984 0.63103461
vn -0.10228223 -0.58276951 0.80617493
vn -0.27467385 -0.62905967 0.72721267
vn -0.31738186 -0.69246262 0.64789218
vn -0.53136635 -0.54457873 0.64890975
vn -0.02204739 -0.67869610 0.73408818
vn -0.27467385 -0.62905967 0.72721267
vn -0.01201819 -0.02891024 0.99950975
vn -0.01201819 -0.02891024 0.99950975
vn -0.00062251 -0.04652914 0.99891675
vn -0.02204739 -0.67869610 0.73408818
vn -0.53136635 -0.54457873 0.64890975
vn -0.47920617 -0.49418858 0.72535443
vn -0.27467385 -0.62905967 0.72721267
vn -0.47920617 -0.49418858 0.72535443
vn -0.53136635 -0.54457873 0.64890975
vn -0.70069516 -0.32423776 0.63552833
vn -0.18869692 -0.20301983 0.96082067
vn -0.01201819 -0.02891024 0.99950975
vn -0.27467385 -0.62905967 0.72721267
vn -0.27467385 -0.62905967 0.72721267
vn -0.47920617 -0.49418858 0.72535443
vn -0.18869692 -0.20301983 0.96082067
vn -0.00062251 -0.04652914 0.99891675
vn -0.01201819 -0.02891024 0.99950975
vn -0.09972382 -0.00088604 0.99501479
vn -0.09972382 -0.00088604 0.99501479
vn -0.01201819 -0.02891024 0.99950975
vn -0.18869692 -0.20301983 0.96082067
vn -0.09972382 -0.00088604 0.99501479
vn -0.02695964 -0.00001553 0.99963653
vn -0.00062251 -0.04652914 0.99891675
vn -0.70069516 -0.32423776 0.63552833
vn -0.64700943 -0.27050141 0.71288699
vn -0.47920617 -0.49418858 0.72535443
vn -0.64700943 -0.27050141 0.71288699
vn -0.70069516 -0.32423776 0.63552833
vn -0.79780304 -0.01851228 0.60263389
vn -0.27562213 -0.10121521 0.95592254
vn -0.18869692 -0.20301983 0.96082067
vn -0.47920617 -0.49418858 0.72535443
vn -0.47920617 -0.49418858 0.72535443
vn -0.64700943 -0.27050141 0.71288699
vn -0.27562213 -0.10121521 0.95592254
vn -0.18869692 -0.20301983 0.96082067
vn -0.27562213 -0.10121521 0.95592254
vn -0.09972382 -0.00088604 0.99501479
vn -0.12383763 0.00018745 0.99230248
vn -0.02695964 -0.00001553 0.99963653
vn -0.09972382 -0.00088604 0.99501479
vn -0.12814060 0.00039318 0.99175596
vn -0.02695964 -0.00001553 0.99963653
vn -0.12383763 0.00018745 0.99230248
vn -0.12814060 0.00039318 0.99175596
vn -0.12383763 0.00018745 0.99230248
vn -0.73412842 0.00006483 0.67901063
vn -0.73412842 0.00006483 0.67901063
vn -0.12383763 0.00018745 0.99230248
vn -0.09972382 -0.00088604 0.99501479
vn -0.73412842 0.00006483 0.67901063
vn -0.73562652 0.00058243 0.67738712
vn -0.12814060 0.00039318 0.99175596
vn -0.73412842 0.00006483 0.67901063
vn -0.79233432 0.00006425 0.61008716
vn -0.73562652 0.00058243 0.67738712
vn -0.73412842 0.00006483 0.67901063
vn -0.79780304 -0.01851228 0.60263389
vn -0.79233432 0.00006425 0.61008716
vn -0.73511851 -0.01070989 0.67785400
vn -0.09972382 -0.00088604 0.99501479
vn -0.27562213 -0.10121521 0.95592254
vn -0.09972382 -0.00088604 0.99501479
vn -0.73511851 -0.01070989 0.67785400
vn -0.73412842 0.00006483 0.67901063
vn -0.73412842 0.00006483 0.67901063
vn -0.73511851 -0.01070989 0.67785400
vn -0.79780304 -0.01851228 0.60263389
vn -0.27562213 -0.10121521 0.95592254
vn -0.64700943 -0.27050141 0.71288699
vn -0.73511851 -0.01070989 0.67785400
vn -0.79780304 -0.01851228 0.60263389
vn -0.73511851 -0.01070989 0.67785400
vn -0.64700943 -0.27050141 0.71288699
vn 0.00000000 0.00001518 -1.00000000
vn 0.00000000 0.00001518 -1.00000000
vn 0.00000000 0.00001518 -1.00000000
vn 0.00000000 0.00001518 -1.00000000
vn 0.00000000 0.00001518 -1.00000000
vn 0.00000000 0.00001518 -1.00000000
vn 0.00000000 0.00001518 -1.00000000
vn 0.00000000 0.00001518 -1.00000000
vn 0.00000000 0.00001518 -1.00000000
vn 0.00133852 0.68470865 0.72881567
vn -0.00004314 0.68375182 0.72971463
vn -0.00004314 0.68375182 0.72971463
vn -0.00004314 0.68375182 0.72971463
vn -0.00004314 0.68375182 0.72971463
vn -0.00133838 0.68225855 0.73110980
vn -0.00004314 0.68375182 0.72971463
vn 0.04295632 0.69278681 0.71986192
vn 0.00133852 0.68470865 0.72881567
vn 0.04295632 0.69278681 0.71986192
vn 0.52520579 0.68046266 0.51100826
vn 0.00133852 0.68470865 0.72881567
vn -0.00133838 0.68225855 0.73110980
vn -0.04322780 0.69060028 0.72194362
vn -0.00004314 0.68375182 0.72971463
vn -0.04322780 0.69060028 0.72194362
vn -0.00133838 0.68225855 0.73110980
vn -0.52535248 0.68055379 0.51073611
vn 0.57732391 0.57735008 -0.57737684
vn 0.57732391 0.57735008 -0.57737684
vn 0.57732391 0.57735008 -0.57737684
vn 0.00000000 0.70709592 -0.70711768
vn 0.00000000 0.70709592 -0.70711768
vn 0.00000000 0.70709592 -0.70711768
vn 0.00000000 0.70709592 -0.70711768
vn 0.00000000 0.70709592 -0.70711768
vn 0.00000000 0.70709592 -0.70711768
vn 0.00000000 0.00001518 -1.00000000
vn 0.00000000 0.00001518 -1.00000000
vn 0.00000000 0.00001518 -1.00000000
vn 0.00000000 0.00001518 -1.00000000
vn 0.00000000 0.00001518 -1.00000000
vn 0.00000000 0.00001518 -1.00000000
vn 0.00000000 0.00001518 -1.00000000
vn 0.00000000 0.00001518 -1.00000000
vn 0.00000000 0.00001518 -1.00000000
vn 0.00000000 0.00001518 -1.00000000
vn 0.00000000 0.00001518 -1.00000000
vn 0.00000000 0.00001518 -1.00000000
vn 0.00000000 0.00001518 -1.00000000
vn 0.00000000 0.00001518 -1.00000000
vn 0.00000000 0.00001518 -1.00000000
vn 0.00000000 0.00001518 -1.00000000
vn 0.00000000 0.00001518 -1.00000000
vn 0.00000000 0.00001518 -1.00000000
vn 0.00000000 0.00001518 -1.00000000
vn 0.00000000 0.00001518 -1.00000000
vn 0.00000000 0.00001518 -1.00000000
vn 0.00000000 0.00001518 -1.00000000
vn 0.00000000 0.00001518 -1.00000000
vn 0.00000000 0.00001518 -1.00000000
vn 0.00000000 0.00001518 -1.00000000
vn 0.00000000 0.00001518 -1.00000000
vn 0.00000000 0.00001518 -1.00000000
vn 0.00000000 0.00001518 -1.00000000
vn 0.00000000 0.00001518 -1.00000000
vn 0.00000000 0.00001518 -1.00000000
vn 0.00000000 0.00001518 -1.00000000
vn 0.00000000 0.00001518 -1.00000000
vn 0.00000000 0.00001518 -1.00000000
vn 0.00000000 0.00001518 -1.00000000
vn 0.00000000 0.00001518 -1.00000000
vn 0.00000000 0.00001518 -1.00000000
vn 0.00000000 0.00001518 -1.00000000
vn 0.00000000 0.00001518 -1.00000000
vn 0.00000000 0.00001518 -1.00000000
vn 0.00000000 0.00001518 -1.00000000
vn 0.00000000 0.00001518 -1.00000000
vn 0.00000000 0.00001518 -1.00000000
vn 0.00000000 0.00001518 -1.00000000
vn 0.00000000 0.00001518 -1.00000000
vn 0.00000000 0.00001518 -1.00000000
vn 0.00000000 0.00001518 -1.00000000
vn 0.00000000 0.00001518 -1.00000000
vn 0.00000000 0.00001518 -1.00000000
vn 0.00000000 0.00001518 -1.00000000
vn 0.00000000 0.00001518 -1.00000000
vn 0.00000000 0.00001518 -1.00000000
vn 0.00000000 0.00001518 -1.00000000
vn 0.00000000 0.00001518 -1.00000000
vn 0.00000000 0.00001518 -1.00000000
vn 0.00000000 0.00001518 -1.00000000
vn 0.00000000 0.00001518 -1.00000000
vn 0.00000000 0.00001518 -1.00000000
vn 0.00000000 0.00001518 -1.00000000
vn 0.00000000 0.00001518 -1.00000000
vn 0.00000000 0.00001518 -1.00000000
vn 0.00000000 0.00001518 -1.00000000
vn 0.00000000 0.00001518 -1.00000000
vn 0.00000000 0.00001518 -1.00000000
vn 0.00000000 0.00001518 -1.00000000
vn 0.00000000 0.00001518 -1.00000000
vn 0.00000000 0.00001518 -1.00000000
vn 0.00000000 0.00001518 -1.00000000
vn 0.00000000 0.00001518 -1.00000000
vn 0.00000000 0.00001518 -1.00000000
vn 0.00000000 0.00001518 -1.00000000
vn 0.00000000 0.00001518 -1.00000000
vn 0.00000000 0.00001518 -1.00000000
vn 0.00000000 0.00001518 -1.00000000
vn 0.00000000 0.00001518 -1.00000000
vn 0.00000000 0.00001518 -1.00000000
vn 0.00000000 0.00001518 -1.00000000
vn 0.00000000 0.00001518 -1.00000000
vn 0.00000000 0.00001518 -1.00000000
vn 0.00000000 0.00001518 -1.00000000
vn 0.00000000 0.00001518 -1.00000000
vn 0.00000000 0.00001518 -1.00000000
vn 0.00000000 0.00001518 -1.00000000
vn 0.00000000 0.00001518 -1.00000000
vn 0.00000000 0.00001518 -1.00000000
vn 0.00000000 0.00001518 -1.00000000
vn 0.00000000 0.00001518 -1.00000000
vn 0.00000000 0.00001518 -1.00000000
vn 0.00000000 0.00001518 -1.00000000
vn 0.00000000 0.00001518 -1.00000000
vn 0.00000000 0.00001518 -1.00000000
vn 0.00000000 0.00001518 -1.00000000
vn 0.00000000 0.00001518 -1.00000000
vn 0.00000000 0.00001518 -1.00000000
vn 0.00000000 0.00001518 -1.00000000
vn 0.00000000 0.00001518 -1.00000000
vn 0.00000000 0.00001518 -1.00000000
vn 0.00000000 0.00001518 -1.00000000
vn 0.00000000 0.00001518 -1.00000000
vn 0.00000000 0.00001518 -1.00000000
vn 0.00000000 0.00001518 -1.00000000
vn 0.00000000 0.00001518 -1.00000000
vn 0.00000000 0.00001518 -1.00000000
vn 0.00000000 0.00001518 -1.00000000
vn 0.00000000 0.00001518 -1.00000000
vn 0.00000000 0.00001518 -1.00000000
vn 0.00000000 0.00001518 -1.00000000
vn 0.00000000 0.00001518 -1.00000000
vn 0.00000000 0.00001518 -1.00000000
vn 0.00000000 0.00001518 -1.00000000
vn 0.00000000 0.00001518 -1.00000000
vn 0.00000000 0.00001518 -1.00000000
vn 0.00000000 0.00001518 -1.00000000
vn 0.00000000 0.00001518 -1.00000000
vn 0.00000000 0.00001518 -1.00000000
vn 0.00000000 0.00001518 -1.00000000
vn 0.00000000 0.00001518 -1.00000000
vn 0.00000000 0.00001518 -1.00000000
vn 0.00000000 0.00001518 -1.00000000
vn 0.00000000 0.00001518 -1.00000000
vn 0.00000000 0.00001518 -1.00000000
vn 0.00000000 0.00001518 -1.00000000
vn 0.00000000 0.00001518 -1.00000000
vn 0.00000000 0.00001518 -1.00000000
vn 0.00000000 0.00001518 -1.00000000
vn 0.00000000 0.00001518 -1.00000000
vn 0.00000000 0.00001518 -1.00000000
vn 0.00000000 0.00001518 -1.00000000
vn 0.00000000 0.00001518 -1.00000000
vn 0.00000000 0.00001518 -1.00000000
vn 0.00000000 0.00001518 -1.00000000
vn 0.00000000 0.00001518 -1.00000000
vn 0.00000000 0.00001518 -1.00000000
vn 0.00000000 0.00001518 -1.00000000
vn 0.00000000 0.00001518 -1.00000000
vn 0.00000000 0.00001518 -1.00000000
vn 0.00000000 0.00001518 -1.00000000
vn 0.00000000 0.00001518 -1.00000000
vn 0.00000000 0.00001518 -1.00000000
vn 0.00000000 0.00001518 -1.00000000
vn 0.00000000 0.00001518 -1.00000000
vn 0.00000000 0.00001518 -1.00000000
vn 0.00000000 0.00001518 -1.00000000
vn 0.00000000 0.00001518 -1.00000000
vn 0.00000000 0.00001518 -1.00000000
vn 0.00000000 0.00001518 -1.00000000
vn 0.00000000 0.00001518 -1.00000000
vn 0.00000000 0.00001518 -1.00000000
vn 0.00000000 0.00001518 -1.00000000
vn 0.00000000 0.00001518 -1.00000000
vn 0.00000000 0.00001518 -1.00000000
vn 0.00000000 0.00001518 -1.00000000
vn 0.00000000 0.00001518 -1.00000000
vn 0.00000000 0.00001518 -1.00000000
vn 0.00000000 0.00001518 -1.00000000
vn 0.00000000 0.00001518 -1.00000000
vn 0.00000000 0.00001518 -1.00000000
vn 0.00000000 0.00001518 -1.00000000
vn 0.00000000 0.00001518 -1.00000000
vn 0.00000000 0.00001518 -1.00000000
vn 0.99748939 0.00004891 0.07081601
vn 0.99761915 0.00034188 0.06896296
vn 0.75512350 0.00006463 0.65558255
vn 0.75512350 0.00006463 0.65558255
vn 0.75524575 0.00015074 0.65544170
vn 0.99748939 0.00004891 0.07081601
vn 1.00000000 -0.00001526 -0.00001526
vn 0.99761915 0.00034188 0.06896296
vn 0.99748939 0.00004891 0.07081601
vn 0.99748939 0.00004891 0.07081601
vn 1.00000000 -0.00001526 -0.00001526
vn 1.00000000 -0.00001526 -0.00001526
vn 1.00000000 -0.00001526 -0.00001526
vn 0.99761915 0.00034188 0.06896296
vn 1.00000000 -0.00001526 -0.00001526
vn 1.00000000 -0.00001526 -0.00001526
vn 1.00000000 -0.00001526 -0.00001526
vn 1.00000000 -0.00001526 -0.00001526
vn -1.00000000 0.00001526 -0.00000000
vn -1.00000000 0.00001526 -0.00000000
vn -1.00000000 0.00001526 -0.00000000
vn -1.00000000 0.00001526 -0.00000000
vn -1.00000000 0.00001526 -0.00000000
vn -1.00000000 0.00001526 -0.00000000
vn -0.00003052 1.00000000 -0.00000008
vn 0.00000000 1.00000000 -0.00000008
vn 0.00000000 1.00000000 -0.00000008
vn -0.00003052 1.00000000 -0.00000008
vn 0.00000000 1.00000000 -0.00000008
vn -0.00003052 1.00000000 -0.00000008
vn 0.00000000 1.00000000 -0.00000008
vn 0.00000000 1.00000000 -0.00000008
vn -0.00003052 1.00000000 -0.00000008
vn -0.00003052 1.00000000 -0.00000008
vn -0.00003052 1.00000000 -0.00000008
vn -0.00003052 1.00000000 -0.00000008
vn 0.00003052 1.00000000 -0.00000008
vn 0.00000000 1.00000000 -0.00000008
vn 0.00000000 1.00000000 -0.00000008
vn -0.00003052 1.00000000 -0.00000008
vn -0.00003052 1.00000000 -0.00000008
vn -0.00003052 1.00000000 -0.00000008
vn 0.00000000 1.00000000 -0.00000008
vn 0.00003052 1.00000000 -0.00000008
vn 0.00003052 1.00000000 -0.00000008
vn -0.00003052 1.00000000 -0.00000008
vn -0.00003052 1.00000000 -0.00000008
vn -0.00003052 1.00000000 -0.00000008
vn 0.00003052 1.00000000 -0.00000008
vn 0.00003052 1.00000000 -0.00000008
vn 0.00003052 1.00000000 -0.00000008
vn -0.00003052 1.00000000 -0.00000008
vn -0.00003052 1.00000000 -0.00000008
vn -0.00003052 1.00000000 -0.00000008
vn 0.00003052 1.00000000 -0.00000008
vn 0.00003052 1.00000000 -0.00000008
vn 0.00003052 1.00000000 -0.00000008
vn -0.00003052 1.00000000 -0.00000008
vn -0.00003052 1.00000000 -0.00000008
vn -0.00003052 1.00000000 -0.00000008
vn 0.00003052 1.00000000 -0.00000008
vn 0.00003052 1.00000000 -0.00000008
vn 0.00003052 1.00000000 -0.00000008
vn -0.00003052 1.00000000 -0.00000008
vn -0.00003052 1.00000000 -0.00000008
vn -0.00003052 1.00000000 -0.00000008
vn 0.00003052 1.00000000 -0.00000008
vn 0.00003052 1.00000000 -0.00000008
vn 0.00003052 1.00000000 -0.00000008
vn 0.00003052 1.00000000 -0.00000008
vn -0.00003052 1.00000000 -0.00000008
vn -0.00003052 1.00000000 -0.00000008
vn 0.00003052 1.00000000 -0.00000008
vn 0.00003052 1.00000000 -0.00000008
vn 0.00003052 1.00000000 -0.00000008
vn -0.00003052 1.00000000 -0.00000008
vn 0.00003052 1.00000000 -0.00000008
vn 0.00003052 1.00000000 -0.00000008
vn 0.00003052 1.00000000 -0.00000008
vn 0.00003052 1.00000000 -0.00000008
vn 0.00003052 1.00000000 -0.00000008
vn 0.00003052 1.00000000 -0.00000008
vn 0.00003052 1.00000000 -0.00000008
vn 0.00003052 1.00000000 -0.00000008
vn -0.71594113 -0.00002152 0.69816071
vn -0.71594113 -0.00002152 0.69816071
vn -0.71594113 -0.00002152 0.69816071
vn -0.71594113 -0.00002152 0.69816071
vn -0.71594113 -0.00002152 0.69816071
vn -0.71594113 -0.00002152 0.69816071
vn 0.68722570 -0.00006466 0.72644395
vn 0.75524575 0.00015074 0.65544170
vn 0.75512350 0.00006463 0.65558255
vn 0.75512350 0.00006463 0.65558255
vn 0.67375904 -0.00010773 0.73895115
vn 0.68722570 -0.00006466 0.72644395
vn -1.00000000 0.00001526 -0.00000000
vn -1.00000000 0.00001526 -0.00000000
vn -1.00000000 0.00001526 -0.00000000
vn -1.00000000 0.00001526 -0.00000000
vn -1.00000000 0.00001526 -0.00000000
vn -1.00000000 0.00001526 -0.00000000
vn 0.70708519 0.00002153 -0.70712835
vn 0.70708519 0.00002153 -0.70712835
vn 0.70708519 0.00002153 -0.70712835
vn 0.70708519 0.00002153 -0.70712835
vn 0.70708519 0.00002153 -0.70712835
vn 0.70708519 0.00002153 -0.70712835
vn 0.57732391 0.57735008 -0.57737684
vn 0.57732391 0.57735008 -0.57737684
vn 0.57732391 0.57735008 -0.57737684
vn -0.92389411 -0.38264820 -0.00001991
vn -0.92389411 -0.38264820 -0.00001991
vn -0.99999088 -0.00427549 -0.00001532
vn -0.92389411 -0.38264820 -0.00001991
vn -0.92389411 -0.38264820 -0.00001991
vn -0.70714992 -0.70706367 -0.00002153
vn -0.99999088 -0.00427549 -0.00001532
vn -0.99999088 -0.00427549 -0.00001532
vn -0.92389411 -0.38264820 -0.00001991
vn -0.70714992 -0.70706367 -0.00002153
vn -0.70714992 -0.70706367 -0.00002153
vn -0.92389411 -0.38264820 -0.00001991
vn -0.70714992 -0.70706367 -0.00002153
vn -0.70714992 -0.70706367 -0.00002153
vn -0.38269633 -0.92387420 -0.00001987
vn -0.38269633 -0.92387420 -0.00001987
vn -0.38269633 -0.92387420 -0.00001987
vn -0.70714992 -0.70706367 -0.00002153
vn -0.99999088 -0.00427549 -0.00001532
vn -0.99999088 -0.00427549 -0.00001532
vn -0.99999046 0.00436790 -0.00003065
vn -0.99999046 0.00436790 -0.00003065
vn -0.99999070 0.00430626 -0.00000000
vn -0.99999088 -0.00427549 -0.00001532
vn -0.99999070 0.00430626 -0.00000000
vn -0.99999046 0.00436790 -0.00003065
vn -0.92389709 0.38264105 -0.00000003
vn -0.92389709 0.38264105 -0.00000003
vn -0.92389709 0.38264105 -0.00000003
vn -0.99999070 0.00430626 -0.00000000
vn -0.92389709 0.38264105 -0.00000003
vn -0.92389709 0.38264105 -0.00000003
vn -0.70711762 0.70709598 -0.00000005
vn -0.70711762 0.70709598 -0.00000005
vn -0.70711762 0.70709598 -0.00000005
vn -0.92389709 0.38264105 -0.00000003
vn -0.70711762 0.70709598 -0.00000005
vn -0.70711762 0.70709598 -0.00000005
vn -0.38271323 0.92386717 -0.00000007
vn -0.38271323 0.92386717 -0.00000007
vn -0.38271323 0.92386717 -0.00000007
vn -0.70711762 0.70709598 -0.00000005
vn -0.00424471 -0.99999100 -0.00001525
vn -0.00424471 -0.99999100 0.00001540
vn -0.38269633 -0.92387420 -0.00001987
vn -0.38269633 -0.92387420 -0.00001987
vn -0.38269633 -0.92387420 -0.00001987
vn -0.00424471 -0.99999100 -0.00001525
vn -0.00001526 -1.00000000 -0.00001518
vn -0.00424471 -0.99999100 0.00001540
vn -0.00424471 -0.99999100 -0.00001525
vn -0.00424471 -0.99999100 -0.00001525
vn -0.00001526 -1.00000000 -0.00001518
vn -0.00001526 -1.00000000 -0.00001518
vn 0.00424477 -0.99999100 -0.00001525
vn -0.00001526 -1.00000000 -0.00001518
vn -0.00001526 -1.00000000 -0.00001518
vn -0.00001526 -1.00000000 -0.00001518
vn 0.00424477 -0.99999100 -0.00001525
vn 0.00424477 -0.99999100 -0.00001525
vn 0.00424477 -0.99999100 -0.00001525
vn 0.00424477 -0.99999100 -0.00001525
vn 0.38264811 -0.92389417 -0.00001987
vn 0.38264811 -0.92389417 -0.00001987
vn 0.38264811 -0.92389417 -0.00001987
vn 0.00424477 -0.99999100 -0.00001525
vn 0.54289967 0.68061376 0.49196023
vn 0.52520579 0.68046266 0.51100826
vn 0.04295632 0.69278681 0.71986192
vn 0.04295632 0.69278681 0.71986192
vn 0.66675448 0.71164584 0.22135644
vn 0.54289967 0.68061376 0.49196023
vn 0.66675448 0.71164584 0.22135644
vn 0.72231191 0.69151562 0.00846407
vn 0.54289967 0.68061376 0.49196023
vn 0.72231191 0.69151562 0.00846407
vn 0.66675448 0.71164584 0.22135644
vn 0.72009754 0.69387263 -0.00056124
vn 0.72009754 0.69387263 -0.00056124
vn 0.72009754 0.69387263 -0.00056124
vn 0.72231191 0.69151562 0.00846407
vn 0.00000000 0.00001518 -1.00000000
vn 0.00000000 0.00001518 -1.00000000
vn 0.00000000 0.00001518 -1.00000000
vn 0.00000000 0.00001518 -1.00000000
vn 0.00000000 0.00001518 -1.00000000
vn 0.00000000 0.00001518 -1.00000000
vn 0.00000000 0.00001518 -1.00000000
vn 0.00000000 0.00001518 -1.00000000
vn 0.00000000 0.00001518 -1.00000000
vn 0.00000000 0.00001518 -1.00000000
vn 0.00000000 0.00001518 -1.00000000
vn 0.00000000 0.00001518 -1.00000000
vn 0.99990970 0.01343711 -0.00000000
vn 0.99990970 0.01343829 -0.00009278
vn 0.92389709 0.38264105 -0.00000003
vn 0.92389709 0.38264105 -0.00000003
vn 0.92389709 0.38264105 -0.00000003
vn 0.99990970 0.01343711 -0.00000000
vn 0.99990970 0.01343829 -0.00009278
vn 0.99990970 0.01343711 -0.00000000
vn 1.00000000 0.00001526 -0.00000000
vn 1.00000000 0.00001526 -0.00000000
vn 1.00000000 0.00001526 -0.00000000
vn 0.99990970 0.01343829 -0.00009278
vn 0.38271323 0.92386717 -0.00000007
vn 0.38271323 0.92386717 -0.00000007
vn 0.09606176 0.99537539 -0.00000007
vn 0.09606176 0.99537539 -0.00000007
vn 0.09606812 0.99537474 0.00006654
vn 0.38271323 0.92386717 -0.00000007
vn 0.00000000 1.00000000 -0.00000008
vn 0.09606812 0.99537474 0.00006654
vn 0.09606176 0.99537539 -0.00000007
vn 0.09606176 0.99537539 -0.00000007
vn 0.00000000 1.00000000 -0.00000008
vn 0.00000000 1.00000000 -0.00000008
vn 0.57732391 0.57735008 -0.57737684
vn 0.57732391 0.57735008 -0.57737684
vn 0.57732391 0.57735008 -0.57737684
vn 0.57732391 0.57735008 -0.57737684
vn 0.57732391 0.57735008 -0.57737684
vn 0.57732391 0.57735008 -0.57737684
vn 0.69807124 0.01771604 -0.71580911
vn 0.40820262 0.40827727 -0.81650490
vn 0.40820262 0.40827727 -0.81650490
vn 0.40820262 0.40827727 -0.81650490
vn 0.40820262 0.40827727 -0.81650490
vn 0.09534615 0.65458369 -0.74995285
vn 0.40820262 0.40827727 -0.81650490
vn 0.70431763 0.00552409 -0.70986348
vn 0.69807124 0.01771604 -0.71580911
vn 0.70708519 0.00002153 -0.70712835
vn 0.69807124 0.01771604 -0.71580911
vn 0.70431763 0.00552409 -0.70986348
vn 0.70431763 0.00552409 -0.70986348
vn 0.70708519 0.00002153 -0.70712835
vn 0.70708519 0.00002153 -0.70712835
vn 0.09534615 0.65458369 -0.74995285
vn 0.03866570 0.68696916 -0.72565722
vn 0.40820262 0.40827727 -0.81650490
vn 0.03866570 0.68696916 -0.72565722
vn 0.09534615 0.65458369 -0.74995285
vn 0.00000000 0.70709592 -0.70711768
vn 0.00000000 0.70709592 -0.70711768
vn 0.00000000 0.70709592 -0.70711768
vn 0.03866570 0.68696916 -0.72565722
vn 0.70711762 0.70709598 -0.00000005
vn 0.70711762 0.70709598 -0.00000005
vn 0.70711762 0.70709598 -0.00000005
vn 0.70711762 0.70709598 -0.00000005
vn 0.70711762 0.70709598 -0.00000005
vn 0.70711762 0.70709598 -0.00000005
vn 0.70708519 0.00002153 -0.70712835
vn 0.70708519 0.00002153 -0.70712835
vn 0.70708519 0.00002153 -0.70712835
vn 0.70708519 0.00002153 -0.70712835
vn 0.70708519 0.00002153 -0.70712835
vn 0.70708519 0.00002153 -0.70712835
vn 0.00000000 0.70709592 -0.70711768
vn 0.00000000 0.70709592 -0.70711768
vn 0.00000000 0.70709592 -0.70711768
vn 0.00000000 0.70709592 -0.70711768
vn 0.00000000 0.70709592 -0.70711768
vn 0.00000000 0.70709592 -0.70711768
vn 0.70711762 0.70709598 -0.00000005
vn 0.70711762 0.70709598 -0.00000005
vn 0.70711762 0.70709598 -0.00000005
vn 0.70711762 0.70709598 -0.00000005
vn 0.70711762 0.70709598 -0.00000005
vn 0.70711762 0.70709598 -0.00000005
vn 0.00000000 1.00000000 -0.00000008
vn 0.00000000 1.00000000 -0.00000008
vn 0.00000000 1.00000000 -0.00000008
vn 0.00000000 1.00000000 -0.00000008
vn 0.00000000 1.00000000 -0.00000008
vn 0.00000000 1.00000000 -0.00000008
vn 0.00000000 1.00000000 -0.00000008
vn 0.00000000 1.00000000 -0.00000008
vn 0.00000000 1.00000000 -0.00000008
vn 0.00000000 1.00000000 -0.00000008
vn 0.00000000 1.00000000 -0.00000008
vn 0.00000000 1.00000000 -0.00000008
vn 0.00000000 1.00000000 -0.00000008
vn 0.00000000 1.00000000 -0.00000008
vn 0.00000000 1.00000000 -0.00000008
vn 0.35096377 0.68028301 0.64345896
vn 0.69283372 0.70738107 0.13997684
vn 0.56152606 0.68062103 0.47057790
vn 0.56152606 0.68062103 0.47057790
vn 0.54363894 0.68035990 0.49149475
vn 0.35096377 0.68028301 0.64345896
vn 0.03516896 0.60293132 0.79701751
vn 0.35096377 0.68028301 0.64345896
vn 0.54363894 0.68035990 0.49149475
vn 0.01533950 0.60280174 0.79774350
vn 0.35096377 0.68028301 0.64345896
vn 0.03516896 0.60293132 0.79701751
vn 0.03516896 0.60293132 0.79701751
vn 0.01533950 0.60280174 0.79774350
vn 0.01533950 0.60280174 0.79774350
vn 0.99961179 -0.02786057 -0.00001568
vn 0.99939114 -0.02800651 0.02080905
vn 0.99975342 0.00001560 0.02220637
vn 0.99975342 0.00001560 0.02220637
vn 1.00000000 -0.00001526 -0.00001526
vn 0.99961179 -0.02786057 -0.00001568
vn 0.99939114 -0.02800651 0.02080905
vn 0.99961179 -0.02786057 -0.00001568
vn 0.91656178 -0.39988512 0.00251575
vn 0.99975342 0.00001560 0.02220637
vn 0.99939114 -0.02800651 0.02080905
vn 0.79777032 -0.01860014 0.60267454
vn 0.79777032 -0.01860014 0.60267454
vn 0.79218537 -0.00002135 0.61028051
vn 0.99975342 0.00001560 0.02220637
vn 0.70065778 -0.32429460 0.63554049
vn 0.79777032 -0.01860014 0.60267454
vn 0.99939114 -0.02800651 0.02080905
vn 0.91656178 -0.39988512 0.00251575
vn 0.91569477 -0.40111428 0.02470754
vn 0.99939114 -0.02800651 0.02080905
vn 0.99939114 -0.02800651 0.02080905
vn 0.91569477 -0.40111428 0.02470754
vn 0.70065778 -0.32429460 0.63554049
vn 0.91569477 -0.40111428 0.02470754
vn 0.91656178 -0.39988512 0.00251575
vn 0.70711958 -0.70707625 0.00500242
vn 0.53131324 -0.54463118 0.64890921
vn 0.70065778 -0.32429460 0.63554049
vn 0.91569477 -0.40111428 0.02470754
vn 0.91569477 -0.40111428 0.02470754
vn 0.70634180 -0.70730966 0.02818340
vn 0.53131324 -0.54463118 0.64890921
vn 0.70711958 -0.70707625 0.00500242
vn 0.70634180 -0.70730966 0.02818340
vn 0.91569477 -0.40111428 0.02470754
vn 0.31732538 -0.69250000 0.64787990
vn 0.53131324 -0.54463118 0.64890921
vn 0.70634180 -0.70730966 0.02818340
vn 0.70634180 -0.70730966 0.02818340
vn 0.40112129 -0.91567570 0.02529152
vn 0.31732538 -0.69250000 0.64787990
vn 0.40112129 -0.91567570 0.02529152
vn 0.70634180 -0.70730966 0.02818340
vn 0.70711958 -0.70707625 0.00500242
vn 0.70711958 -0.70707625 0.00500242
vn 0.40061373 -0.91624361 0.00251657
vn 0.40112129 -0.91567570 0.02529152
vn 0.00000000 0.00001533 1.00000000
vn 0.00000000 0.00001533 1.00000000
vn 0.00000000 0.00001533 1.00000000
vn 0.00000000 0.00001533 1.00000000
vn 0.00000000 0.00001533 1.00000000
vn 0.00000000 0.00001533 1.00000000
vn 0.79777032 -0.01860014 0.60267454
vn 0.70065778 -0.32429460 0.63554049
vn 0.64706123 -0.27050227 0.71283954
vn 0.47909024 -0.49417594 0.72543961
vn 0.64706123 -0.27050227 0.71283954
vn 0.70065778 -0.32429460 0.63554049
vn 0.70065778 -0.32429460 0.63554049
vn 0.53131324 -0.54463118 0.64890921
vn 0.47909024 -0.49417594 0.72543961
vn 0.64706123 -0.27050227 0.71283954
vn 0.72181910 -0.01019091 0.69200671
vn 0.79777032 -0.01860014 0.60267454
vn 0.79218537 -0.00002135 0.61028051
vn 0.79777032 -0.01860014 0.60267454
vn 0.72181910 -0.01019091 0.69200671
vn 0.72181910 -0.01019091 0.69200671
vn 0.71466196 0.00006479 0.69947004
vn 0.79218537 -0.00002135 0.61028051
vn 0.27445015 -0.62900287 0.72734624
vn 0.47909024 -0.49417594 0.72543961
vn 0.53131324 -0.54463118 0.64890921
vn 0.53131324 -0.54463118 0.64890921
vn 0.31732538 -0.69250000 0.64787990
vn 0.27445015 -0.62900287 0.72734624
vn 0.27475086 -0.10203750 0.95608592
vn 0.64706123 -0.27050227 0.71283954
vn 0.47909024 -0.49417594 0.72543961
vn 0.72181910 -0.01019091 0.69200671
vn 0.64706123 -0.27050227 0.71283954
vn 0.27475086 -0.10203750 0.95608592
vn 0.71466196 0.00006479 0.69947004
vn 0.72181910 -0.01019091 0.69200671
vn 0.13896877 -0.00053435 0.99029660
vn 0.27475086 -0.10203750 0.95608592
vn 0.13896877 -0.00053435 0.99029660
vn 0.72181910 -0.01019091 0.69200671
vn 0.13896877 -0.00053435 0.99029660
vn 0.12763682 -0.00046132 0.99182087
vn 0.71466196 0.00006479 0.69947004
vn 0.47909024 -0.49417594 0.72543961
vn 0.18802899 -0.20325603 0.96090168
vn 0.27475086 -0.10203750 0.95608592
vn 0.13896877 -0.00053435 0.99029660
vn 0.27475086 -0.10203750 0.95608592
vn 0.18802899 -0.20325603 0.96090168
vn 0.18802899 -0.20325603 0.96090168
vn 0.47909024 -0.49417594 0.72543961
vn 0.27445015 -0.62900287 0.72734624
vn 0.13896877 -0.00053435 0.99029660
vn 0.02612511 -0.00004688 0.99965870
vn 0.12763682 -0.00046132 0.99182087
vn 0.27445015 -0.62900287 0.72734624
vn 0.31732538 -0.69250000 0.64787990
vn 0.02840555 -0.76124460 0.64784241
vn 0.18802899 -0.20325603 0.96090168
vn 0.01179110 -0.02870818 0.99951828
vn 0.13896877 -0.00053435 0.99029660
vn 0.27445015 -0.62900287 0.72734624
vn 0.01179110 -0.02870818 0.99951828
vn 0.18802899 -0.20325603 0.96090168
vn 0.00059049 -0.04639432 0.99892300
vn 0.02612511 -0.00004688 0.99965870
vn 0.13896877 -0.00053435 0.99029660
vn 0.13896877 -0.00053435 0.99029660
vn 0.01179110 -0.02870818 0.99951828
vn 0.00059049 -0.04639432 0.99892300
vn 0.01179110 -0.02870818 0.99951828
vn 0.27445015 -0.62900287 0.72734624
vn 0.02200276 -0.67853844 0.73423529
vn 0.02840555 -0.76124460 0.64784241
vn 0.02200276 -0.67853844 0.73423529
vn 0.27445015 -0.62900287 0.72734624
vn 0.02200276 -0.67853844 0.73423529
vn 0.00059049 -0.04639432 0.99892300
vn 0.01179110 -0.02870818 0.99951828
vn 0.02200276 -0.67853844 0.73423529
vn 0.02840555 -0.76124460 0.64784241
vn 0.02415695 -0.74895388 0.66218168
vn 0.00382957 0.00007667 0.99999267
vn 0.02612511 -0.00004688 0.99965870
vn 0.00059049 -0.04639432 0.99892300
vn 0.00000000 0.00001533 1.00000000
vn 0.02612511 -0.00004688 0.99965870
vn 0.00382957 0.00007667 0.99999267
vn 0.00382957 0.00007667 0.99999267
vn 0.00000000 0.00001533 1.00000000
vn 0.00000000 0.00001533 1.00000000
vn 0.00059049 -0.04639432 0.99892300
vn 0.00911791 -0.04196798 0.99907738
vn 0.00382957 0.00007667 0.99999267
vn 0.00059049 -0.04639432 0.99892300
vn 0.02200276 -0.67853844 0.73423529
vn 0.02424682 -0.66259396 0.74858618
vn 0.02415695 -0.74895388 0.66218168
vn 0.02424682 -0.66259396 0.74858618
vn 0.02200276 -0.67853844 0.73423529
vn 0.02424682 -0.66259396 0.74858618
vn 0.00911791 -0.04196798 0.99907738
vn 0.00059049 -0.04639432 0.99892300
vn 0.03926217 0.07742035 0.99622518
vn 0.00382957 0.00007667 0.99999267
vn 0.00911791 -0.04196798 0.99907738
vn 0.07306616 -0.64852184 0.75768119
vn 0.02424682 -0.66259396 0.74858618
vn 0.02415695 -0.74895388 0.66218168
vn 0.00911791 -0.04196798 0.99907738
vn 0.02424682 -0.66259396 0.74858618
vn 0.07306616 -0.64852184 0.75768119
vn 0.02415695 -0.74895388 0.66218168
vn 0.07027832 -0.74562722 0.66264695
vn 0.07306616 -0.64852184 0.75768119
vn 0.00911791 -0.04196798 0.99907738
vn 0.05225476 -0.05495079 0.99712080
vn 0.03926217 0.07742035 0.99622518
vn 0.07306616 -0.64852184 0.75768119
vn 0.05225476 -0.05495079 0.99712080
vn 0.00911791 -0.04196798 0.99907738
vn 0.11084690 -0.63257188 0.76652843
vn 0.07306616 -0.64852184 0.75768119
vn 0.07027832 -0.74562722 0.66264695
vn 0.05225476 -0.05495079 0.99712080
vn 0.07306616 -0.64852184 0.75768119
vn 0.11084690 -0.63257188 0.76652843
vn 0.07027832 -0.74562722 0.66264695
vn 0.10855666 -0.74725831 0.65560693
vn 0.11084690 -0.63257188 0.76652843
vn 0.03926217 0.07742035 0.99622518
vn 0.05225476 -0.05495079 0.99712080
vn 0.10252266 -0.08220831 0.99132782
vn 0.11084690 -0.63257188 0.76652843
vn 0.10252266 -0.08220831 0.99132782
vn 0.05225476 -0.05495079 0.99712080
vn 0.10252266 -0.08220831 0.99132782
vn 0.10409617 0.00307651 0.99456251
vn 0.03926217 0.07742035 0.99622518
vn 0.10409617 0.00307651 0.99456251
vn 0.10252266 -0.08220831 0.99132782
vn 0.11267652 -0.10703795 0.98784965
vn 0.11267652 -0.10703795 0.98784965
vn 0.10252266 -0.08220831 0.99132782
vn 0.11084690 -0.63257188 0.76652843
vn 0.11267652 -0.10703795 0.98784965
vn 0.10830262 -0.00712758 0.99409240
vn 0.10409617 0.00307651 0.99456251
vn 0.12509537 -0.61412287 0.77923316
vn 0.11084690 -0.63257188 0.76652843
vn 0.10855666 -0.74725831 0.65560693
vn 0.11084690 -0.63257188 0.76652843
vn 0.12509537 -0.61412287 0.77923316
vn 0.11267652 -0.10703795 0.98784965
vn 0.10855666 -0.74725831 0.65560693
vn 0.11265557 -0.75389296 0.64726669
vn 0.12509537 -0.61412287 0.77923316
vn 0.12509537 -0.61412287 0.77923316
vn 0.11265557 -0.75389296 0.64726669
vn 0.09285033 -0.77059150 0.63052964
vn 0.09285033 -0.77059150 0.63052964
vn 0.10223240 -0.58269942 0.80623192
vn 0.12509537 -0.61412287 0.77923316
vn 0.11267652 -0.10703795 0.98784965
vn 0.12509537 -0.61412287 0.77923316
vn 0.10223240 -0.58269942 0.80623192
vn 0.10223240 -0.58269942 0.80623192
vn 0.09285033 -0.77059150 0.63052964
vn 0.04916117 -0.78894806 0.61249012
vn 0.10830262 -0.00712758 0.99409240
vn 0.11267652 -0.10703795 0.98784965
vn 0.09328941 -0.12614776 0.98761523
vn 0.10223240 -0.58269942 0.80623192
vn 0.09328941 -0.12614776 0.98761523
vn 0.11267652 -0.10703795 0.98784965
vn 0.09328941 -0.12614776 0.98761523
vn 0.08571534 -0.02559794 0.99599075
vn 0.10830262 -0.00712758 0.99409240
vn 0.04916117 -0.78894806 0.61249012
vn 0.05942201 -0.54795450 0.83439493
vn 0.10223240 -0.58269942 0.80623192
vn 0.09328941 -0.12614776 0.98761523
vn 0.10223240 -0.58269942 0.80623192
vn 0.05942201 -0.54795450 0.83439493
vn 0.08571534 -0.02559794 0.99599075
vn 0.09328941 -0.12614776 0.98761523
vn 0.05147901 -0.13019033 0.99015170
vn 0.05942201 -0.54795450 0.83439493
vn 0.05147901 -0.13019033 0.99015170
vn 0.09328941 -0.12614776 0.98761523
vn 0.05147901 -0.13019033 0.99015170
vn 0.04698490 -0.02240850 0.99864423
vn 0.08571534 -0.02559794 0.99599075
vn 0.04698490 -0.02240850 0.99864423
vn 0.05147901 -0.13019033 0.99015170
vn -0.00001707 -0.12648131 0.99196899
vn -0.00001707 -0.12648131 0.99196899
vn 0.05147901 -0.13019033 0.99015170
vn 0.05942201 -0.54795450 0.83439493
vn -0.00001707 -0.12648131 0.99196899
vn -0.00001549 -0.01544659 0.99988067
vn 0.04698490 -0.02240850 0.99864423
vn -0.00002101 -0.52684337 0.84996241
vn 0.05942201 -0.54795450 0.83439493
vn 0.04916117 -0.78894806 0.61249012
vn 0.05942201 -0.54795450 0.83439493
vn -0.00002101 -0.52684337 0.84996241
vn -0.00001707 -0.12648131 0.99196899
vn 0.04916117 -0.78894806 0.61249012
vn -0.00002142 -0.78850496 0.61502844
vn -0.00002101 -0.52684337 0.84996241
vn -0.04722326 -0.02241343 0.99863285
vn -0.00001549 -0.01544659 0.99988067
vn -0.00001707 -0.12648131 0.99196899
vn -0.00002101 -0.52684337 0.84996241
vn -0.00002142 -0.78850496 0.61502844
vn -0.04920983 -0.78866273 0.61285353
vn -0.04920983 -0.78866273 0.61285353
vn -0.05951415 -0.54799181 0.83436388
vn -0.00002101 -0.52684337 0.84996241
vn -0.00001707 -0.12648131 0.99196899
vn -0.00002101 -0.52684337 0.84996241
vn -0.05951415 -0.54799181 0.83436388
vn -0.10228223 -0.58276951 0.80617493
vn -0.05951415 -0.54799181 0.83436388
vn -0.04920983 -0.78866273 0.61285353
vn -0.00001707 -0.12648131 0.99196899
vn -0.05151484 -0.13015500 0.99015450
vn -0.04722326 -0.02241343 0.99863285
vn -0.05951415 -0.54799181 0.83436388
vn -0.05151484 -0.13015500 0.99015450
vn -0.00001707 -0.12648131 0.99196899
vn -0.08574896 -0.02556410 0.99598873
vn -0.04722326 -0.02241343 0.99863285
vn -0.05151484 -0.13015500 0.99015450
vn -0.05951415 -0.54799181 0.83436388
vn -0.10228223 -0.58276951 0.80617493
vn -0.09332637 -0.12611109 0.98761642
vn -0.09332637 -0.12611109 0.98761642
vn -0.05151484 -0.13015500 0.99015450
vn -0.05951415 -0.54799181 0.83436388
vn -0.05151484 -0.13015500 0.99015450
vn -0.09332637 -0.12611109 0.98761642
vn -0.08574896 -0.02556410 0.99598873
vn -0.11271700 -0.10704140 0.98784465
vn -0.09332637 -0.12611109 0.98761642
vn -0.10228223 -0.58276951 0.80617493
vn -0.10836603 -0.00702565 0.99408621
vn -0.08574896 -0.02556410 0.99598873
vn -0.09332637 -0.12611109 0.98761642
vn -0.09332637 -0.12611109 0.98761642
vn -0.11271700 -0.10704140 0.98784465
vn -0.10836603 -0.00702565 0.99408621
vn -0.34920156 -0.93704760 -0.00021586
vn -0.34920156 -0.93704760 -0.00021586
vn -0.34920156 -0.93704760 -0.00021586
vn -0.34920156 -0.93704760 -0.00021586
vn -0.34920156 -0.93704760 -0.00021586
vn -0.34920156 -0.93704760 -0.00021586
vn 0.31732538 -0.69250000 0.64787990
vn 0.40112129 -0.91567570 0.02529152
vn 0.01819194 -0.99967355 0.01793914
vn 0.01819194 -0.99967355 0.01793914
vn 0.40112129 -0.91567570 0.02529152
vn 0.40061373 -0.91624361 0.00251657
vn 0.01819194 -0.99967355 0.01793914
vn 0.02840555 -0.76124460 0.64784241
vn 0.31732538 -0.69250000 0.64787990
vn 0.40061373 -0.91624361 0.00251657
vn 0.01771706 -0.99984306 -0.00004651
vn 0.01819194 -0.99967355 0.01793914
vn 0.02840555 -0.76124460 0.64784241
vn 0.01819194 -0.99967355 0.01793914
vn 0.00091938 -0.99978894 0.02052292
vn 0.00091938 -0.99978894 0.02052292
vn 0.01819194 -0.99967355 0.01793914
vn 0.01771706 -0.99984306 -0.00004651
vn 0.00091938 -0.99978894 0.02052292
vn 0.02415695 -0.74895388 0.66218168
vn 0.02840555 -0.76124460 0.64784241
vn 0.07027832 -0.74562722 0.66264695
vn 0.02415695 -0.74895388 0.66218168
vn 0.00091938 -0.99978894 0.02052292
vn 0.01771706 -0.99984306 -0.00004651
vn -0.00001526 -1.00000000 -0.00001518
vn 0.00091938 -0.99978894 0.02052292
vn 0.00091938 -0.99978894 0.02052292
vn 0.00457869 -0.99911493 0.04181398
vn 0.07027832 -0.74562722 0.66264695
vn 0.00091938 -0.99978894 0.02052292
vn -0.00001526 -1.00000000 -0.00001518
vn 0.00457869 -0.99911493 0.04181398
vn 0.10855666 -0.74725831 0.65560693
vn 0.07027832 -0.74562722 0.66264695
vn 0.00457869 -0.99911493 0.04181398
vn 0.00457869 -0.99911493 0.04181398
vn -0.00001526 -1.00000000 -0.00001518
vn 0.00143384 -0.99995828 0.00901952
vn 0.00457869 -0.99911493 0.04181398
vn 0.00143384 -0.99995828 0.00901952
vn 0.10855666 -0.74725831 0.65560693
vn 0.00158855 -0.99995637 0.00920764
vn 0.00143384 -0.99995828 0.00901952
vn -0.00001526 -1.00000000 -0.00001518
vn 0.10855666 -0.74725831 0.65560693
vn 0.00143384 -0.99995828 0.00901952
vn 0.00158855 -0.99995637 0.00920764
vn 0.00158855 -0.99995637 0.00920764
vn 0.11265557 -0.75389296 0.64726669
vn 0.10855666 -0.74725831 0.65560693
vn -0.00001526 -1.00000000 -0.00001518
vn -0.00001526 -1.00000000 -0.00001518
vn 0.00158855 -0.99995637 0.00920764
vn 0.11265557 -0.75389296 0.64726669
vn 0.00158855 -0.99995637 0.00920764
vn 0.00440583 -0.99951071 0.03096685
vn 0.00158855 -0.99995637 0.00920764
vn -0.00001526 -1.00000000 -0.00001518
vn 0.00440583 -0.99951071 0.03096685
vn 0.00440583 -0.99951071 0.03096685
vn 0.09285033 -0.77059150 0.63052964
vn 0.11265557 -0.75389296 0.64726669
vn 0.09285033 -0.77059150 0.63052964
vn 0.00440583 -0.99951071 0.03096685
vn 0.00263762 -0.99945205 0.03299451
vn 0.00440583 -0.99951071 0.03096685
vn -0.00001526 -1.00000000 -0.00001518
vn 0.00263762 -0.99945205 0.03299451
vn 0.00263762 -0.99945205 0.03299451
vn 0.04916117 -0.78894806 0.61249012
vn 0.09285033 -0.77059150 0.63052964
vn 0.04916117 -0.78894806 0.61249012
vn 0.00263762 -0.99945205 0.03299451
vn -0.00001579 -0.99936330 0.03567860
vn 0.00263762 -0.99945205 0.03299451
vn -0.00001526 -1.00000000 -0.00001518
vn -0.00001579 -0.99936330 0.03567860
vn -0.00001579 -0.99936330 0.03567860
vn -0.00002142 -0.78850496 0.61502844
vn 0.04916117 -0.78894806 0.61249012
vn -0.04920983 -0.78866273 0.61285353
vn -0.00002142 -0.78850496 0.61502844
vn -0.00001579 -0.99936330 0.03567860
vn -0.00001579 -0.99936330 0.03567860
vn -0.00263752 -0.99945420 0.03292932
vn -0.04920983 -0.78866273 0.61285353
vn -0.00001579 -0.99936330 0.03567860
vn -0.00001526 -1.00000000 -0.00001518
vn -0.00263752 -0.99945420 0.03292932
vn -0.09300104 -0.77015984 0.63103461
vn -0.04920983 -0.78866273 0.61285353
vn -0.00263752 -0.99945420 0.03292932
vn -0.00263752 -0.99945420 0.03292932
vn -0.00443695 -0.99951458 0.03083772
vn -0.09300104 -0.77015984 0.63103461
vn -0.00263752 -0.99945420 0.03292932
vn -0.00001526 -1.00000000 -0.00001518
vn -0.00443695 -0.99951458 0.03083772
vn -0.11275676 -0.75367528 0.64750254
vn -0.09300104 -0.77015984 0.63103461
vn -0.00443695 -0.99951458 0.03083772
vn -0.00443695 -0.99951458 0.03083772
vn -0.00001526 -1.00000000 -0.00001518
vn -0.00161935 -0.99995685 0.00914567
vn -0.00443695 -0.99951458 0.03083772
vn -0.00161935 -0.99995685 0.00914567
vn -0.11275676 -0.75367528 0.64750254
vn -0.10865530 -0.74721009 0.65564561
vn -0.11275676 -0.75367528 0.64750254
vn -0.00161935 -0.99995685 0.00914567
vn -0.00161935 -0.99995685 0.00914567
vn -0.00001526 -1.00000000 -0.00001518
vn -0.00001526 -1.00000000 -0.00001518
vn -0.00161935 -0.99995685 0.00914567
vn -0.00149560 -0.99995822 0.00902008
vn -0.10865530 -0.74721009 0.65564561
vn -0.00001526 -1.00000000 -0.00001518
vn -0.00149560 -0.99995822 0.00902008
vn -0.00161935 -0.99995685 0.00914567
vn -0.10865530 -0.74721009 0.65564561
vn -0.00149560 -0.99995822 0.00902008
vn -0.00461054 -0.99911612 0.04178212
vn -0.00149560 -0.99995822 0.00902008
vn -0.00001526 -1.00000000 -0.00001518
vn -0.00461054 -0.99911612 0.04178212
vn -0.00461054 -0.99911612 0.04178212
vn -0.07037339 -0.74549782 0.66278249
vn -0.10865530 -0.74721009 0.65564561
vn -0.00461054 -0.99911612 0.04178212
vn -0.00001526 -1.00000000 -0.00001518
vn -0.00095058 -0.99978894 0.02052356
vn -0.07037339 -0.74549782 0.66278249
vn -0.00461054 -0.99911612 0.04178212
vn -0.00095058 -0.99978894 0.02052356
vn -0.00095058 -0.99978894 0.02052356
vn -0.02420161 -0.74889296 0.66224891
vn -0.07037339 -0.74549782 0.66278249
vn -0.00095058 -0.99978894 0.02052356
vn -0.00001526 -1.00000000 -0.00001518
vn -0.01774810 -0.99984246 -0.00001545
vn -0.02840547 -0.76124460 0.64784241
vn -0.02420161 -0.74889296 0.66224891
vn -0.00095058 -0.99978894 0.02052356
vn -0.01774810 -0.99984246 -0.00001545
vn -0.01822418 -0.99967295 0.01793970
vn -0.00095058 -0.99978894 0.02052356
vn -0.00095058 -0.99978894 0.02052356
vn -0.01822418 -0.99967295 0.01793970
vn -0.02840547 -0.76124460 0.64784241
vn -0.01822418 -0.99967295 0.01793970
vn -0.01774810 -0.99984246 -0.00001545
vn -0.40022513 -0.91641343 0.00251616
vn -0.31738186 -0.69246262 0.64789218
vn -0.02840547 -0.76124460 0.64784241
vn -0.01822418 -0.99967295 0.01793970
vn -0.40022513 -0.91641343 0.00251616
vn -0.40117082 -0.91565400 0.02529205
vn -0.01822418 -0.99967295 0.01793970
vn -0.01822418 -0.99967295 0.01793970
vn -0.40117082 -0.91565400 0.02529205
vn -0.31738186 -0.69246262 0.64789218
vn 0.00000000 1.00000000 -0.00000008
vn 0.00000000 1.00000000 -0.00000008
vn 0.00000000 1.00000000 -0.00000008
vn 0.00000000 1.00000000 -0.00000008
vn 0.00000000 1.00000000 -0.00000008
vn 0.00000000 1.00000000 -0.00000008
vn 0.00000000 1.00000000 -0.00000008
vn 0.00000000 1.00000000 -0.00000008
vn 0.00000000 1.00000000 -0.00000008
vn 0.00000000 1.00000000 -0.00000008
vn 0.00000000 1.00000000 -0.00000008
vn 0.00000000 1.00000000 -0.00000008
vn -0.09497675 0.66307437 0.74250376
vn 0.00382957 0.00007667 0.99999267
vn 0.03926217 0.07742035 0.99622518
vn -0.09497675 0.66307437 0.74250376
vn 0.03926217 0.07742035 0.99622518
vn -0.07807190 0.82163179 0.56464678
vn -0.07807190 0.82163179 0.56464678
vn -0.07742431 0.82495898 0.55986440
vn -0.09497675 0.66307437 0.74250376
vn -0.07742431 0.82495898 0.55986440
vn -0.07807190 0.82163179 0.56464678
vn -0.04844448 0.85870135 0.51018149
vn -0.04844448 0.85870135 0.51018149
vn -0.04542715 0.86011809 0.50806814
vn -0.07742431 0.82495898 0.55986440
vn -0.04542715 0.86011809 0.50806814
vn -0.04844448 0.85870135 0.51018149
vn -0.02171545 0.86990678 0.49273792
vn -0.02171545 0.86990678 0.49273792
vn -0.01956578 0.87065488 0.49150512
vn -0.04542715 0.86011809 0.50806814
vn -0.01956578 0.87065488 0.49150512
vn -0.02171545 0.86990678 0.49273792
vn -0.01178572 0.87659550 0.48108366
vn -0.01178572 0.87659550 0.48108366
vn -0.01191180 0.87664700 0.48098660
vn -0.01956578 0.87065488 0.49150512
vn -0.01191180 0.87664700 0.48098660
vn -0.01178572 0.87659550 0.48108366
vn -0.00004140 0.87831610 0.47808036
vn -0.00004140 0.87831610 0.47808036
vn -0.00004140 0.87831610 0.47808036
vn -0.01191180 0.87664700 0.48098660
vn 0.01191200 0.87661976 0.48103634
vn -0.00004140 0.87831610 0.47808036
vn -0.00004140 0.87831610 0.47808036
vn -0.00004140 0.87831610 0.47808036
vn 0.01178591 0.87656820 0.48113337
vn 0.01191200 0.87661976 0.48103634
vn 0.01965184 0.87060469 0.49159050
vn 0.01191200 0.87661976 0.48103634
vn 0.01178591 0.87656820 0.48113337
vn 0.01178591 0.87656820 0.48113337
vn 0.02171580 0.86987829 0.49278817
vn 0.01965184 0.87060469 0.49159050
vn 0.04538311 0.86010092 0.50810117
vn 0.01965184 0.87060469 0.49159050
vn 0.02171580 0.86987829 0.49278817
vn 0.02171580 0.86987829 0.49278817
vn 0.04844521 0.85867101 0.51023245
vn 0.04538311 0.86010092 0.50810117
vn 0.07742523 0.82492411 0.55991566
vn 0.04538311 0.86010092 0.50810117
vn 0.04844521 0.85867101 0.51023245
vn 0.04844521 0.85867101 0.51023245
vn 0.07807190 0.82163179 0.56464678
vn 0.07742523 0.82492411 0.55991566
vn 0.09497605 0.66297793 0.74258989
vn 0.07742523 0.82492411 0.55991566
vn 0.07807190 0.82163179 0.56464678
vn 0.07807190 0.82163179 0.56464678
vn -0.03926218 0.07742043 0.99622518
vn 0.09497605 0.66297793 0.74258989
vn 0.09497605 0.66297793 0.74258989
vn -0.03926218 0.07742043 0.99622518
vn -0.00386080 0.00019930 0.99999255
vn -0.38271323 0.92386717 -0.00000007
vn -0.38271323 0.92386717 -0.00000007
vn -0.00429087 0.99999082 -0.00000008
vn -0.00429087 0.99999082 -0.00000008
vn -0.00426017 0.99999094 -0.00003072
vn -0.38271323 0.92386717 -0.00000007
vn 0.00000000 1.00000000 -0.00000008
vn -0.00426017 0.99999094 -0.00003072
vn -0.00429087 0.99999082 -0.00000008
vn -0.00429087 0.99999082 -0.00000008
vn 0.00000000 1.00000000 -0.00000008
vn 0.00000000 1.00000000 -0.00000008
vn 0.00000000 1.00000000 -0.00000008
vn 0.00000000 1.00000000 -0.00000008
vn 0.00429114 0.99999082 0.00006123
vn 0.00429114 0.99999082 0.00006123
vn 0.00429087 0.99999082 -0.00000008
vn 0.00000000 1.00000000 -0.00000008
vn 0.00429087 0.99999082 -0.00000008
vn 0.00429114 0.99999082 0.00006123
vn 0.38271323 0.92386717 -0.00000007
vn 0.38271323 0.92386717 -0.00000007
vn 0.38271323 0.92386717 -0.00000007
vn 0.00429087 0.99999082 -0.00000008
vn -0.57732391 0.57740295 -0.57732397
vn -0.57732391 0.57740295 -0.57732397
vn -0.57732391 0.57740295 -0.57732397
vn 0.00382957 0.00007667 0.99999267
vn 0.00000000 0.00001533 1.00000000
vn 0.00000000 0.00001533 1.00000000
vn 0.00000000 0.00001533 1.00000000
vn 0.00000000 0.00001533 1.00000000
vn 0.00382957 0.00007667 0.99999267
vn 0.00000000 0.00001533 1.00000000
vn 0.00000000 0.00001533 1.00000000
vn 0.00000000 0.00001533 1.00000000
vn 0.00000000 0.00001533 1.00000000
vn 0.00000000 0.00001533 1.00000000
vn 0.00000000 0.00001533 1.00000000
vn 0.00000000 0.00001533 1.00000000
vn 0.00000000 0.00001533 1.00000000
vn 0.00000000 0.00001533 1.00000000
vn 0.00000000 0.00001533 1.00000000
vn 0.00000000 0.00001533 1.00000000
vn 0.00000000 0.00001533 1.00000000
vn 0.00000000 0.00001533 1.00000000
vn 0.00000000 0.00001533 1.00000000
vn 0.00000000 0.00001533 1.00000000
vn 0.00000000 0.00001533 1.00000000
vn 0.00000000 0.00001533 1.00000000
vn 0.00000000 0.00001533 1.00000000
vn 0.00000000 0.00001533 1.00000000
vn 0.00000000 0.00001533 1.00000000
vn 0.00000000 0.00001533 1.00000000
vn 0.00000000 0.00001533 1.00000000
vn 0.00000000 0.00001533 1.00000000
vn 0.00000000 0.00001533 1.00000000
vn 0.00000000 0.00001533 1.00000000
vn -0.00001526 -0.00001518 1.00000000
vn 0.00000000 0.00001533 1.00000000
vn -0.00001526 -0.00001518 1.00000000
vn 0.00000000 0.00001533 1.00000000
vn 0.00000000 0.00001533 1.00000000
vn 0.00000000 0.00001533 1.00000000
vn 0.00000000 0.00001533 1.00000000
vn 0.00000000 0.00001533 1.00000000
vn 0.00000000 0.00001533 1.00000000
vn 0.00000000 0.00001533 1.00000000
vn 0.00000000 0.00001533 1.00000000
vn 0.00000000 0.00001533 1.00000000
vn 0.00000000 0.00001533 1.00000000
vn -0.00386080 0.00019930 0.99999255
vn -0.00386080 0.00019930 0.99999255
vn 0.00000000 0.00001533 1.00000000
vn 0.00000000 0.00001533 1.00000000
vn 0.00000000 0.00001533 1.00000000
vn 0.00000000 0.00001533 1.00000000
vn 0.00000000 0.00001533 1.00000000
vn 0.00000000 0.00001533 1.00000000
vn 0.00000000 0.00001533 1.00000000
vn 0.00000000 0.00001533 1.00000000
vn 0.00000000 0.00001518 -1.00000000
vn 0.00000000 0.00001518 -1.00000000
vn 0.00000000 0.00001518 -1.00000000
vn 0.00000000 0.00001518 -1.00000000
vn 0.00000000 0.00001518 -1.00000000
vn 0.00000000 0.00001518 -1.00000000
vn 0.00000000 0.00001518 -1.00000000
vn 0.00000000 0.00001518 -1.00000000
vn 0.00000000 0.00001518 -1.00000000
vn 0.00000000 0.00001518 -1.00000000
vn 0.00000000 0.00001518 -1.00000000
vn 0.00000000 0.00001518 -1.00000000
vn 0.00000000 0.00001518 -1.00000000
vn 0.00000000 0.00001518 -1.00000000
vn 0.00000000 0.00001518 -1.00000000
vn 0.00000000 0.00001518 -1.00000000
vn 0.00000000 0.00001518 -1.00000000
vn 0.00000000 0.00001518 -1.00000000
vn 0.00000000 0.00001518 -1.00000000
vn 0.00000000 0.00001518 -1.00000000
vn 0.00000000 0.00001518 -1.00000000
vn 0.00000000 0.00001518 -1.00000000
vn 0.00000000 0.00001518 -1.00000000
vn 0.00000000 0.00001518 -1.00000000
vn 0.00000000 0.00001518 -1.00000000
vn 0.00000000 0.00001518 -1.00000000
vn 0.00000000 0.00001518 -1.00000000
vn 0.00000000 0.00001518 -1.00000000
vn 0.00000000 0.00001518 -1.00000000
vn 0.00000000 0.00001518 -1.00000000
vn 0.00000000 0.00001518 -1.00000000
vn 0.00000000 0.00001518 -1.00000000
vn 0.00000000 0.00001518 -1.00000000
vn 0.00000000 0.00001518 -1.00000000
vn 0.00000000 0.00001518 -1.00000000
vn 0.00000000 0.00001518 -1.00000000
vn 0.00000000 0.00001518 -1.00000000
vn 0.00000000 0.00001518 -1.00000000
vn 0.00000000 0.00001518 -1.00000000
vn 0.00000000 0.00001518 -1.00000000
vn 0.00000000 0.00001518 -1.00000000
vn 0.00000000 0.00001518 -1.00000000
vn 0.00000000 0.00001518 -1.00000000
vn 0.00000000 0.00001518 -1.00000000
vn 0.00000000 0.00001518 -1.00000000
vn 0.00000000 0.00001518 -1.00000000
vn 0.00000000 0.00001518 -1.00000000
vn 0.00000000 0.00001518 -1.00000000
vn -0.57732391 0.57740295 -0.57732397
vn -0.57732391 0.57740295 -0.57732397
vn -0.57732391 0.57740295 -0.57732397
vn 0.34918475 -0.93705392 -0.00001956
vn 0.34918475 -0.93705392 -0.00001956
vn 0.34918475 -0.93705392 -0.00001956
vn 0.34918475 -0.93705392 -0.00001956
vn 0.34918475 -0.93705392 -0.00001956
vn 0.34918475 -0.93705392 -0.00001956
vn -0.71982497 0.69410133 0.00868304
vn -0.71757525 0.69648033 -0.00095007
vn -0.71757525 0.69648033 -0.00095007
vn -0.71757525 0.69648033 -0.00095007
vn -0.66559321 0.71300316 0.22048162
vn -0.71982497 0.69410133 0.00868304
vn -0.66559321 0.71300316 0.22048162
vn -0.54317027 0.68046772 0.49186352
vn -0.71982497 0.69410133 0.00868304
vn -0.54317027 0.68046772 0.49186352
vn -0.66559321 0.71300316 0.22048162
vn -0.04322780 0.69060028 0.72194362
vn -0.04322780 0.69060028 0.72194362
vn -0.52535248 0.68055379 0.51073611
vn -0.54317027 0.68046772 0.49186352
vn -0.57732391 0.57740295 -0.57732397
vn -0.57732391 0.57740295 -0.57732397
vn -0.57732391 0.57740295 -0.57732397
vn -0.99759388 0.00011391 0.06932847
vn -0.99751616 0.00057072 0.07043593
vn -0.75526416 0.00010760 0.65542048
vn -0.75526416 0.00010760 0.65542048
vn -0.75495386 0.00036617 0.65577775
vn -0.99759388 0.00011391 0.06932847
vn -0.99751616 0.00057072 0.07043593
vn -0.99759388 0.00011391 0.06932847
vn -1.00000000 0.00001526 -0.00000000
vn -1.00000000 0.00001526 -0.00000000
vn -1.00000000 0.00001526 -0.00000000
vn -0.99751616 0.00057072 0.07043593
vn -1.00000000 0.00001526 -0.00000000
vn -0.99759388 0.00011391 0.06932847
vn -1.00000000 0.00001526 -0.00000000
vn -1.00000000 0.00001526 -0.00000000
vn -1.00000000 0.00001526 -0.00000000
vn -1.00000000 0.00001526 -0.00000000
vn -0.64690810 -0.26789439 -0.71396250
vn -0.49514458 -0.49509269 -0.71394330
vn -0.49514458 -0.49509269 -0.71394330
vn -0.49514458 -0.49509269 -0.71394330
vn -0.49514458 -0.49509269 -0.71394330
vn -0.26800388 -0.64683318 -0.71398932
vn -0.49514458 -0.49509269 -0.71394330
vn -0.64690810 -0.26789439 -0.71396250
vn -0.64690810 -0.26789439 -0.71396250
vn -0.26800388 -0.64683318 -0.71398932
vn -0.26800388 -0.64683318 -0.71398932
vn -0.49514458 -0.49509269 -0.71394330
vn -0.70021123 0.00006468 -0.71393573
vn -0.64690810 -0.26789439 -0.71396250
vn -0.64690810 -0.26789439 -0.71396250
vn -0.00002158 -0.70016795 -0.71397823
vn -0.26800388 -0.64683318 -0.71398932
vn -0.26800388 -0.64683318 -0.71398932
vn -0.64690810 -0.26789439 -0.71396250
vn -0.70021123 0.00006468 -0.71393573
vn -0.70021123 0.00006468 -0.71393573
vn -0.26800388 -0.64683318 -0.71398932
vn -0.00002158 -0.70016795 -0.71397823
vn -0.00002158 -0.70016795 -0.71397823
vn -0.70021123 0.00006468 -0.71393573
vn -0.70021123 0.00006468 -0.71393573
vn -0.64691097 0.26800516 -0.71391839
vn -0.00002158 -0.70016795 -0.71397823
vn -0.00002158 -0.70016795 -0.71397823
vn 0.26794913 -0.64687073 -0.71397585
vn -0.64691097 0.26800516 -0.71391839
vn -0.64691097 0.26800516 -0.71391839
vn -0.70021123 0.00006468 -0.71393573
vn 0.26794913 -0.64687073 -0.71397585
vn 0.26794913 -0.64687073 -0.71397585
vn -0.00002158 -0.70016795 -0.71397823
vn -0.49512142 0.49514753 -0.71392137
vn -0.64691097 0.26800516 -0.71391839
vn -0.64691097 0.26800516 -0.71391839
vn 0.49509257 -0.49514470 -0.71394330
vn 0.26794913 -0.64687073 -0.71397585
vn 0.26794913 -0.64687073 -0.71397585
vn -0.64691097 0.26800516 -0.71391839
vn -0.49512142 0.49514753 -0.71392137
vn -0.49512142 0.49514753 -0.71392137
vn 0.26794913 -0.64687073 -0.71397585
vn 0.49509257 -0.49514470 -0.71394330
vn 0.49509257 -0.49514470 -0.71394330
vn -0.26792309 0.64696711 -0.71389830
vn -0.49512142 0.49514753 -0.71392137
vn -0.49512142 0.49514753 -0.71392137
vn 0.49509257 -0.49514470 -0.71394330
vn 0.49509257 -0.49514470 -0.71394330
vn 0.64687061 -0.26794916 -0.71397591
vn -0.49512142 0.49514753 -0.71392137
vn -0.26792309 0.64696711 -0.71389830
vn -0.26792309 0.64696711 -0.71389830
vn 0.64687061 -0.26794916 -0.71397591
vn 0.64687061 -0.26794916 -0.71397591
vn 0.49509257 -0.49514470 -0.71394330
vn 0.00000000 0.70024413 -0.71390349
vn -0.26792309 0.64696711 -0.71389830
vn -0.26792309 0.64696711 -0.71389830
vn 0.64687061 -0.26794916 -0.71397591
vn 0.64687061 -0.26794916 -0.71397591
vn 0.70018959 0.00002144 -0.71395695
vn -0.26792309 0.64696711 -0.71389830
vn 0.00000000 0.70024413 -0.71390349
vn 0.00000000 0.70024413 -0.71390349
vn 0.70018959 0.00002144 -0.71395695
vn 0.70018959 0.00002144 -0.71395695
vn 0.64687061 -0.26794916 -0.71397591
vn 0.00000000 0.70024413 -0.71390349
vn 0.00000000 0.70024413 -0.71390349
vn 0.26792219 0.64691526 -0.71394557
vn 0.64689654 0.26794952 -0.71395230
vn 0.70018959 0.00002144 -0.71395695
vn 0.70018959 0.00002144 -0.71395695
vn 0.26792219 0.64691526 -0.71394557
vn 0.26792219 0.64691526 -0.71394557
vn 0.00000000 0.70024413 -0.71390349
vn 0.70018959 0.00002144 -0.71395695
vn 0.64689654 0.26794952 -0.71395230
vn 0.64689654 0.26794952 -0.71395230
vn 0.26792219 0.64691526 -0.71394557
vn 0.26792219 0.64691526 -0.71394557
vn 0.49511579 0.49508968 -0.71396536
vn 0.64689654 0.26794952 -0.71395230
vn 0.64689654 0.26794952 -0.71395230
vn 0.49511579 0.49508968 -0.71396536
vn 0.49511579 0.49508968 -0.71396536
vn 0.49511579 0.49508968 -0.71396536
vn 0.26792219 0.64691526 -0.71394557
vn 0.49511579 0.49508968 -0.71396536
vn 0.49511579 0.49508968 -0.71396536
vn 0.64689654 0.26794952 -0.71395230
vn -0.70711762 0.70709598 -0.00000005
vn -0.70711762 0.70709598 -0.00000005
vn -0.70711762 0.70709598 -0.00000005
vn -0.70711762 0.70709598 -0.00000005
vn -0.70711762 0.70709598 -0.00000005
vn -0.70711762 0.70709598 -0.00000005
vn -0.92389411 -0.38264820 -0.00001991
vn -0.92389411 -0.38264820 -0.00001991
vn -0.70714992 -0.70706367 -0.00002153
vn -0.70714992 -0.70706367 -0.00002153
vn -0.70714992 -0.70706367 -0.00002153
vn -0.92389411 -0.38264820 -0.00001991
vn -0.92389411 -0.38264820 -0.00001991
vn -0.92389411 -0.38264820 -0.00001991
vn -1.00000000 0.00001526 -0.00000000
vn -0.70714992 -0.70706367 -0.00002153
vn -0.70714992 -0.70706367 -0.00002153
vn -0.38269633 -0.92387420 -0.00001987
vn -1.00000000 0.00001526 -0.00000000
vn -1.00000000 0.00001526 -0.00000000
vn -0.92389411 -0.38264820 -0.00001991
vn -0.38269633 -0.92387420 -0.00001987
vn -0.38269633 -0.92387420 -0.00001987
vn -0.70714992 -0.70706367 -0.00002153
vn -0.38269633 -0.92387420 -0.00001987
vn -0.38269633 -0.92387420 -0.00001987
vn -0.00001526 -1.00000000 -0.00001518
vn -0.00001526 -1.00000000 -0.00001518
vn -0.00001526 -1.00000000 -0.00001518
vn -0.38269633 -0.92387420 -0.00001987
vn -0.92389709 0.38264105 -0.00000003
vn -1.00000000 0.00001526 -0.00000000
vn -1.00000000 0.00001526 -0.00000000
vn -1.00000000 0.00001526 -0.00000000
vn -0.92389709 0.38264105 -0.00000003
vn -0.92389709 0.38264105 -0.00000003
vn -0.70711762 0.70709598 -0.00000005
vn -0.92389709 0.38264105 -0.00000003
vn -0.92389709 0.38264105 -0.00000003
vn -0.92389709 0.38264105 -0.00000003
vn -0.70711762 0.70709598 -0.00000005
vn -0.70711762 0.70709598 -0.00000005
vn -0.38271323 0.92386717 -0.00000007
vn -0.70711762 0.70709598 -0.00000005
vn -0.70711762 0.70709598 -0.00000005
vn -0.70711762 0.70709598 -0.00000005
vn -0.38271323 0.92386717 -0.00000007
vn -0.38271323 0.92386717 -0.00000007
vn 0.00000000 1.00000000 -0.00000008
vn -0.38271323 0.92386717 -0.00000007
vn -0.38271323 0.92386717 -0.00000007
vn -0.38271323 0.92386717 -0.00000007
vn 0.00000000 1.00000000 -0.00000008
vn 0.00000000 1.00000000 -0.00000008
vn 0.00000000 1.00000000 -0.00000008
vn 0.00000000 1.00000000 -0.00000008
vn 0.38271323 0.92386717 -0.00000007
vn 0.38271323 0.92386717 -0.00000007
vn 0.38271323 0.92386717 -0.00000007
vn 0.00000000 1.00000000 -0.00000008
vn 0.70711762 0.70709598 -0.00000005
vn 0.38271323 0.92386717 -0.00000007
vn 0.38271323 0.92386717 -0.00000007
vn 0.38271323 0.92386717 -0.00000007
vn 0.70711762 0.70709598 -0.00000005
vn 0.70711762 0.70709598 -0.00000005
vn 0.92389709 0.38264105 -0.00000003
vn 0.70711762 0.70709598 -0.00000005
vn 0.70711762 0.70709598 -0.00000005
vn 0.70711762 0.70709598 -0.00000005
vn 0.92389709 0.38264105 -0.00000003
vn 0.92389709 0.38264105 -0.00000003
vn 1.00000000 0.00001526 -0.00000000
vn 0.92389709 0.38264105 -0.00000003
vn 0.92389709 0.38264105 -0.00000003
vn 0.92389709 0.38264105 -0.00000003
vn 1.00000000 0.00001526 -0.00000000
vn 1.00000000 0.00001526 -0.00000000
vn 1.00000000 0.00001526 -0.00000000
vn 1.00000000 0.00001526 -0.00000000
vn 0.92387426 -0.38269621 -0.00001991
vn 0.92387426 -0.38269621 -0.00001991
vn 0.92387426 -0.38269621 -0.00001991
vn 1.00000000 0.00001526 -0.00000000
vn 0.92387426 -0.38269621 -0.00001991
vn 0.92387426 -0.38269621 -0.00001991
vn 0.70710677 -0.70710677 -0.00002153
vn 0.70710677 -0.70710677 -0.00002153
vn 0.70710677 -0.70710677 -0.00002153
vn 0.92387426 -0.38269621 -0.00001991
vn 0.70710677 -0.70710677 -0.00002153
vn 0.70710677 -0.70710677 -0.00002153
vn 0.38264811 -0.92389417 -0.00001987
vn 0.38264811 -0.92389417 -0.00001987
vn 0.38264811 -0.92389417 -0.00001987
vn 0.70710677 -0.70710677 -0.00002153
vn 0.38264811 -0.92389417 -0.00001987
vn 0.38264811 -0.92389417 -0.00001987
vn -0.00001526 -1.00000000 -0.00001518
vn -0.00001526 -1.00000000 -0.00001518
vn -0.00001526 -1.00000000 -0.00001518
vn 0.38264811 -0.92389417 -0.00001987
vn 0.00000000 0.70709592 -0.70711768
vn 0.00000000 0.70709592 -0.70711768
vn 0.00000000 0.70709592 -0.70711768
vn 0.00000000 0.70709592 -0.70711768
vn 0.00000000 0.70709592 -0.70711768
vn 0.00000000 0.70709592 -0.70711768
vn -0.70433915 0.00556759 -0.70984185
vn -0.69809258 0.01776026 -0.71578723
vn -0.70710677 0.00006469 -0.70710677
vn -0.70710677 0.00006469 -0.70710677
vn -0.70710677 0.00006469 -0.70710677
vn -0.70433915 0.00556759 -0.70984185
vn -0.69809258 0.01776026 -0.71578723
vn -0.70433915 0.00556759 -0.70984185
vn -0.40821093 0.40833545 -0.81647170
vn -0.40821093 0.40833545 -0.81647170
vn -0.40821093 0.40833545 -0.81647170
vn -0.69809258 0.01776026 -0.71578723
vn -0.09539478 0.65460330 -0.74992955
vn -0.40821093 0.40833545 -0.81647170
vn -0.40821093 0.40833545 -0.81647170
vn -0.40821093 0.40833545 -0.81647170
vn -0.03866577 0.68701458 -0.72561413
vn -0.09539478 0.65460330 -0.74992955
vn 0.00000000 0.70709592 -0.70711768
vn -0.09539478 0.65460330 -0.74992955
vn -0.03866577 0.68701458 -0.72561413
vn -0.03866577 0.68701458 -0.72561413
vn 0.00000000 0.70709592 -0.70711768
vn 0.00000000 0.70709592 -0.70711768
vn -0.57732391 0.57740295 -0.57732397
vn -0.57732391 0.57740295 -0.57732397
vn -0.57732391 0.57740295 -0.57732397
vn 0.70710677 -0.70710677 -0.00002153
vn 0.70710677 -0.70710677 -0.00002153
vn 0.38264811 -0.92389417 -0.00001987
vn 0.38264811 -0.92389417 -0.00001987
vn 0.38264811 -0.92389417 -0.00001987
vn 0.70710677 -0.70710677 -0.00002153
vn 0.70710677 -0.70710677 -0.00002153
vn 0.70710677 -0.70710677 -0.00002153
vn 0.92387426 -0.38269621 -0.00001991
vn 0.92387426 -0.38269621 -0.00001991
vn 0.92387426 -0.38269621 -0.00001991
vn 0.70710677 -0.70710677 -0.00002153
vn 0.92387426 -0.38269621 -0.00001991
vn 0.92387426 -0.38269621 -0.00001991
vn 0.99999070 -0.00430633 -0.00001532
vn 0.99999070 -0.00430633 -0.00001532
vn 0.99999070 -0.00430633 -0.00001532
vn 0.92387426 -0.38269621 -0.00001991
vn 0.99999070 -0.00430633 -0.00001532
vn 0.99999070 -0.00430633 -0.00001532
vn 0.99999058 0.00433698 -0.00000000
vn 0.99999058 0.00433698 -0.00000000
vn 0.99999070 0.00430626 -0.00000000
vn 0.99999070 -0.00430633 -0.00001532
vn 0.99999070 0.00430626 -0.00000000
vn 0.99999058 0.00433698 -0.00000000
vn 0.92389709 0.38264105 -0.00000003
vn 0.92389709 0.38264105 -0.00000003
vn 0.92389709 0.38264105 -0.00000003
vn 0.99999070 0.00430626 -0.00000000
vn 0.92389709 0.38264105 -0.00000003
vn 0.92389709 0.38264105 -0.00000003
vn 0.70711762 0.70709598 -0.00000005
vn 0.70711762 0.70709598 -0.00000005
vn 0.70711762 0.70709598 -0.00000005
vn 0.92389709 0.38264105 -0.00000003
vn 0.70711762 0.70709598 -0.00000005
vn 0.70711762 0.70709598 -0.00000005
vn 0.38271323 0.92386717 -0.00000007
vn 0.38271323 0.92386717 -0.00000007
vn 0.38271323 0.92386717 -0.00000007
vn 0.70711762 0.70709598 -0.00000005
vn -0.99990970 0.01343711 -0.00000000
vn -1.00000000 0.00001526 -0.00000000
vn -1.00000000 0.00001526 -0.00000000
vn -1.00000000 0.00001526 -0.00000000
vn -0.99990970 0.01343794 0.00006185
vn -0.99990970 0.01343711 -0.00000000
vn -0.99990970 0.01343711 -0.00000000
vn -0.99990970 0.01343794 0.00006185
vn -0.92389709 0.38264105 -0.00000003
vn -0.92389709 0.38264105 -0.00000003
vn -0.92389709 0.38264105 -0.00000003
vn -0.99990970 0.01343711 -0.00000000
vn 0.00000000 1.00000000 -0.00000008
vn 0.00000000 1.00000000 -0.00000008
vn 0.00000000 1.00000000 -0.00000008
vn 0.00000000 1.00000000 -0.00000008
vn 0.00000000 1.00000000 -0.00000008
vn 0.00000000 1.00000000 -0.00000008
vn 0.00000000 1.00000000 -0.00000008
vn 0.00000000 1.00000000 -0.00000008
vn 0.00000000 1.00000000 -0.00000008
vn 0.00000000 1.00000000 -0.00000008
vn 0.00000000 1.00000000 -0.00000008
vn 0.00000000 1.00000000 -0.00000008
vn 0.00000000 1.00000000 -0.00000008
vn 0.00000000 1.00000000 -0.00000008
vn 0.00000000 1.00000000 -0.00000008
vn 0.00000000 1.00000000 -0.00000008
vn 0.00000000 1.00000000 -0.00000008
vn 0.00000000 1.00000000 -0.00000008
vn -0.72169721 0.69219285 0.00471892
vn -0.72039157 0.69356745 -0.00030217
vn -0.72039157 0.69356745 -0.00030217
vn -0.72039157 0.69356745 -0.00030217
vn -0.69353241 0.70662534 0.14033301
vn -0.72169721 0.69219285 0.00471892
vn -0.72169721 0.69219285 0.00471892
vn -0.69353241 0.70662534 0.14033301
vn -0.56355494 0.67799687 0.47193858
vn 0.00000000 1.00000000 -0.00000008
vn -0.00003052 1.00000000 -0.00000008
vn -0.00003052 1.00000000 -0.00000008
vn -0.00003052 1.00000000 -0.00000008
vn -0.00003052 1.00000000 -0.00000008
vn 0.00000000 1.00000000 -0.00003059
vn 0.00000000 1.00000000 -0.00003059
vn 0.00000000 1.00000000 -0.00000008
vn -0.00003052 1.00000000 -0.00000008
vn 0.00000000 1.00000000 -0.00003059
vn 0.00000000 1.00000000 -0.00000008
vn 0.00000000 1.00000000 -0.00003059
vn 0.00000000 1.00000000 -0.00003059
vn 0.00000000 1.00000000 -0.00003059
vn 0.00000000 1.00000000 -0.00003059
vn -0.01098640 0.60341185 0.79735404
vn -0.01098640 0.60341185 0.79735404
vn -0.03065623 0.60358191 0.79671144
vn -0.03065623 0.60358191 0.79671144
vn -0.34820837 0.67928195 0.64600849
vn -0.01098640 0.60341185 0.79735404
vn -0.54574215 0.67796135 0.49247730
vn -0.34820837 0.67928195 0.64600849
vn -0.03065623 0.60358191 0.79671144
vn -0.34820837 0.67928195 0.64600849
vn -0.54574215 0.67796135 0.49247730
vn -0.56355494 0.67799687 0.47193858
vn -0.56355494 0.67799687 0.47193858
vn -0.69353241 0.70662534 0.14033301
vn -0.34820837 0.67928195 0.64600849
vn 0.00000000 0.00001518 -1.00000000
vn 0.00000000 0.00001518 -1.00000000
vn 0.00000000 0.00001518 -1.00000000
vn 0.00000000 0.00001518 -1.00000000
vn 0.00000000 0.00001518 -1.00000000
vn 0.00000000 0.00001518 -1.00000000
vn 0.00000000 0.00001518 -1.00000000
vn 0.00000000 0.00001518 -1.00000000
vn 0.00000000 0.00001518 -1.00000000
vn 0.00000000 0.00001518 -1.00000000
vn 0.00000000 0.00001518 -1.00000000
vn 0.00000000 0.00001518 -1.00000000
vn -0.40117082 -0.91565400 0.02529205
vn -0.40022513 -0.91641343 0.00251616
vn -0.70716286 -0.70703298 0.00500242
vn -0.70716286 -0.70703298 0.00500242
vn -0.70638573 -0.70726579 0.02818341
vn -0.40117082 -0.91565400 0.02529205
vn -0.31738186 -0.69246262 0.64789218
vn -0.40117082 -0.91565400 0.02529205
vn -0.70638573 -0.70726579 0.02818341
vn -0.70638573 -0.70726579 0.02818341
vn -0.53136635 -0.54457873 0.64890975
vn -0.31738186 -0.69246262 0.64789218
vn -0.91570884 -0.40107951 0.02474886
vn -0.70638573 -0.70726579 0.02818341
vn -0.70716286 -0.70703298 0.00500242
vn -0.53136635 -0.54457873 0.64890975
vn -0.70638573 -0.70726579 0.02818341
vn -0.91570884 -0.40107951 0.02474886
vn -0.70716286 -0.70703298 0.00500242
vn -0.91666776 -0.39964226 0.00251549
vn -0.91570884 -0.40107951 0.02474886
vn -0.91570884 -0.40107951 0.02474886
vn -0.70069516 -0.32423776 0.63552833
vn -0.53136635 -0.54457873 0.64890975
vn -0.99938923 -0.02797715 0.02093897
vn -0.91570884 -0.40107951 0.02474886
vn -0.91666776 -0.39964226 0.00251549
vn -0.70069516 -0.32423776 0.63552833
vn -0.91570884 -0.40107951 0.02474886
vn -0.99938923 -0.02797715 0.02093897
vn -0.91666776 -0.39964226 0.00251549
vn -0.99961179 -0.02786063 0.00001568
vn -0.99938923 -0.02797715 0.02093897
vn -0.99938923 -0.02797715 0.02093897
vn -0.79780304 -0.01851228 0.60263389
vn -0.70069516 -0.32423776 0.63552833
vn -0.99975169 0.00045246 0.02227983
vn -0.99938923 -0.02797715 0.02093897
vn -0.99961179 -0.02786063 0.00001568
vn -0.79780304 -0.01851228 0.60263389
vn -0.99938923 -0.02797715 0.02093897
vn -0.99975169 0.00045246 0.02227983
vn -0.99961179 -0.02786063 0.00001568
vn -1.00000000 0.00001526 -0.00000000
vn -0.99975169 0.00045246 0.02227983
vn -0.99975169 0.00045246 0.02227983
vn -0.79233432 0.00006425 0.61008716
vn -0.79780304 -0.01851228 0.60263389
vn -0.70710677 0.00006469 -0.70710677
vn -0.70710677 0.00006469 -0.70710677
vn -0.70710677 0.00006469 -0.70710677
vn -0.70710677 0.00006469 -0.70710677
vn -0.70710677 0.00006469 -0.70710677
vn -0.70710677 0.00006469 -0.70710677
vn -0.09606176 0.99537539 -0.00000007
vn -0.09602557 0.99537885 -0.00000008
vn -0.38271323 0.92386717 -0.00000007
vn -0.38271323 0.92386717 -0.00000007
vn -0.38271323 0.92386717 -0.00000007
vn -0.09606176 0.99537539 -0.00000007
vn -0.09602557 0.99537885 -0.00000008
vn -0.09606176 0.99537539 -0.00000007
vn 0.00000000 1.00000000 -0.00000008
vn 0.00000000 1.00000000 -0.00000008
vn 0.00000000 1.00000000 -0.00000008
vn -0.09602557 0.99537885 -0.00000008
vn -0.70711762 0.70709598 -0.00000005
vn -0.70711762 0.70709598 -0.00000005
vn -0.70711762 0.70709598 -0.00000005
vn -0.70711762 0.70709598 -0.00000005
vn -0.70711762 0.70709598 -0.00000005
vn -0.70711762 0.70709598 -0.00000005
vn 1.00000000 0.00001526 -0.00000000
vn 1.00000000 0.00001526 -0.00000000
vn 1.00000000 0.00001526 -0.00000000
vn 1.00000000 0.00001526 -0.00000000
vn 1.00000000 0.00001526 -0.00000000
vn 1.00000000 0.00001526 -0.00000000
vn 0.71592009 -0.00006468 0.69818228
vn 0.71592009 -0.00006468 0.69818228
vn 0.71592009 -0.00006468 0.69818228
vn 0.71592009 -0.00006468 0.69818228
vn 0.71592009 -0.00006468 0.69818228
vn 0.71592009 -0.00006468 0.69818228
vn 1.00000000 0.00001526 -0.00000000
vn 1.00000000 0.00001526 -0.00000000
vn 1.00000000 0.00001526 -0.00000000
vn 1.00000000 0.00001526 -0.00000000
vn 1.00000000 0.00001526 -0.00000000
vn 1.00000000 0.00001526 -0.00000000
vn -0.75495386 0.00036617 0.65577775
vn -0.75526416 0.00010760 0.65542048
vn -0.68644536 -0.00036673 0.72718126
vn -0.68644536 -0.00036673 0.72718126
vn -0.67225105 -0.00006461 0.74032325
vn -0.75495386 0.00036617 0.65577775
vn -0.67321503 0.06356213 -0.73670983
vn -0.67316818 0.06356195 -0.73675269
vn -0.70710677 0.00006469 -0.70710677
vn -0.70710677 0.00006469 -0.70710677
vn -0.70710677 0.00006469 -0.70710677
vn -0.67321503 0.06356213 -0.73670983
vn 0.00000000 0.70709592 -0.70711768
vn -0.67316818 0.06356195 -0.73675269
vn -0.67321503 0.06356213 -0.73670983
vn -0.67321503 0.06356213 -0.73670983
vn 0.00000000 0.70709592 -0.70711768
vn 0.00000000 0.70709592 -0.70711768
vn 0.00000000 0.00001533 1.00000000
vn -0.00001526 -0.00001518 1.00000000
vn 0.00000000 0.00001533 1.00000000
vn 0.00000000 0.00001533 1.00000000
vn -0.00001526 -0.00001518 1.00000000
vn -0.00001526 -0.00001518 1.00000000
vn 0.00000000 0.00001533 1.00000000
vn 0.00000000 0.00001533 1.00000000
vn 0.00000000 0.00001533 1.00000000
vn 0.00000000 0.00001533 1.00000000
vn 0.00000000 0.00001533 1.00000000
vn -0.00001526 -0.00001518 1.00000000
vn 0.00000000 0.00001533 1.00000000
vn 0.00000000 0.00001533 1.00000000
vn 0.00000000 0.00001533 1.00000000
vn 0.00000000 0.00001533 1.00000000
vn 0.00000000 0.00001533 1.00000000
vn 0.00000000 0.00001533 1.00000000
vn 0.00000000 0.00001533 1.00000000
vn 0.00000000 0.00001533 1.00000000
vn 0.00000000 0.00001533 1.00000000
vn 0.00000000 0.00001533 1.00000000
vn 0.00000000 0.00001533 1.00000000
vn 0.00000000 0.00001533 1.00000000
vn 0.00000000 0.00001533 1.00000000
vn 0.00000000 0.00001533 1.00000000
vn 0.00000000 0.00001533 1.00000000
vn 0.00000000 0.00001533 1.00000000
vn 0.00000000 0.00001533 1.00000000
vn 0.00000000 0.00001533 1.00000000
vn 0.00000000 0.00001533 1.00000000
vn 0.00000000 0.00001533 1.00000000
vn 0.00000000 0.00001533 1.00000000
vn 0.00000000 0.00001533 1.00000000
vn 0.00000000 0.00001533 1.00000000
vn 0.00000000 0.00001533 1.00000000
vn 0.00000000 0.00001533 1.00000000
vn 0.00000000 0.00001533 1.00000000
vn 0.00000000 0.00001533 1.00000000
vn 0.00000000 0.00001533 1.00000000
vn 0.00000000 0.00001533 1.00000000
vn 0.00000000 0.00001533 1.00000000
vn 0.00000000 0.00001533 1.00000000
vn 0.00000000 0.00001533 1.00000000
vn 0.00000000 0.00001533 1.00000000
vn 0.00000000 0.00001533 1.00000000
vn 0.00000000 0.00001533 1.00000000
vn 0.00000000 0.00001533 1.00000000
vn 0.00000000 0.00001533 1.00000000
vn 0.00000000 0.00001533 1.00000000
vn 0.00000000 0.00001533 1.00000000
vn 0.00000000 0.00001533 1.00000000
vn 0.00000000 0.00001533 1.00000000
vn 0.00000000 0.00001533 1.00000000
vn 0.00000000 0.00001533 1.00000000
vn 0.00000000 0.00001533 1.00000000
vn 0.00000000 0.00001533 1.00000000
vn 0.00000000 0.00001533 1.00000000
vn 0.00000000 0.00001533 1.00000000
vn 0.00000000 0.00001533 1.00000000
vn 0.00000000 0.00001533 1.00000000
vn 0.00000000 0.00001533 1.00000000
vn 0.00000000 0.00001533 1.00000000
vn 0.00000000 0.00001533 1.00000000
vn 0.00000000 0.00001533 1.00000000
vn 0.00000000 0.00001533 1.00000000
vn 0.00560077 -0.00001527 0.99998432
vn 0.00541371 0.00830618 0.99995083
vn 0.92888308 0.00587481 0.37032646
vn 0.92888308 0.00587481 0.37032646
vn 0.92849988 -0.00005948 0.37133262
vn 0.00560077 -0.00001527 0.99998432
vn 0.00541371 0.00830618 0.99995083
vn 0.00393778 0.92875457 0.37067431
vn 0.92888308 0.00587481 0.37032646
vn -0.00393778 0.92875451 0.37067440
vn 0.00393778 0.92875457 0.37067431
vn 0.00541371 0.00830618 0.99995083
vn -0.00544481 0.00830638 0.99995071
vn 0.00541371 0.00830618 0.99995083
vn 0.00560077 -0.00001527 0.99998432
vn 0.00541371 0.00830618 0.99995083
vn -0.00544481 0.00830638 0.99995071
vn -0.00393778 0.92875451 0.37067440
vn 0.00560077 -0.00001527 0.99998432
vn -0.00563157 -0.00001533 0.99998415
vn -0.00544481 0.00830638 0.99995071
vn -0.92889655 0.00591473 0.37029201
vn -0.00393778 0.92875451 0.37067440
vn -0.00544481 0.00830638 0.99995071
vn -0.00544481 0.00830638 0.99995071
vn -0.00563157 -0.00001533 0.99998415
vn -0.92851496 0.00001994 0.37129495
vn -0.92851496 0.00001994 0.37129495
vn -0.92889655 0.00591473 0.37029201
vn -0.00544481 0.00830638 0.99995071
vn 1.00000000 0.00001526 -0.00000000
vn 0.92849988 -0.00005948 0.37133262
vn 0.92888308 0.00587481 0.37032646
vn 0.92888308 0.00587481 0.37032646
vn 0.99996322 0.00857313 -0.00015391
vn 1.00000000 0.00001526 -0.00000000
vn 0.99996322 0.00857313 -0.00015391
vn 0.92888308 0.00587481 0.37032646
vn 0.00393778 0.92875457 0.37067431
vn 0.00393778 0.92875457 0.37067431
vn 0.00561611 0.99998420 -0.00000008
vn 0.99996322 0.00857313 -0.00015391
vn 0.00561611 0.99998420 -0.00000008
vn 0.00393778 0.92875457 0.37067431
vn -0.00393778 0.92875451 0.37067440
vn -0.00393778 0.92875451 0.37067440
vn -0.00561605 0.99998420 -0.00000008
vn 0.00561611 0.99998420 -0.00000008
vn 0.08130136 0.19639827 -0.97714782
vn 0.00000000 0.00001518 -1.00000000
vn 0.15018071 0.15016116 -0.97718853
vn 0.15018071 0.15016116 -0.97718853
vn 0.00000000 0.00001518 -1.00000000
vn 0.19638643 0.08136161 -0.97714514
vn 0.15018071 0.15016116 -0.97718853
vn 0.19638643 0.08136161 -0.97714514
vn 0.69535309 0.28802696 -0.65842587
vn 0.08130136 0.19639827 -0.97714782
vn 0.15018071 0.15016116 -0.97718853
vn 0.53218764 0.53221393 -0.65842593
vn 0.69535309 0.28802696 -0.65842587
vn 0.53218764 0.53221393 -0.65842593
vn 0.15018071 0.15016116 -0.97718853
vn 0.53218764 0.53221393 -0.65842593
vn 0.28799888 0.69537097 -0.65841925
vn 0.08130136 0.19639827 -0.97714782
vn 0.08130136 0.19639827 -0.97714782
vn 0.28799888 0.69537097 -0.65841925
vn 0.00000000 0.75263661 -0.65843612
vn 0.00000000 0.21256298 -0.97714734
vn 0.00000000 0.00001518 -1.00000000
vn 0.08130136 0.19639827 -0.97714782
vn 0.00000000 0.75263661 -0.65843612
vn 0.00000000 0.21256298 -0.97714734
vn 0.08130136 0.19639827 -0.97714782
vn -0.00003254 0.99764216 0.06863000
vn 0.00000000 0.75263661 -0.65843612
vn 0.28799888 0.69537097 -0.65841925
vn -0.08129650 0.19631001 -0.97716594
vn 0.00000000 0.21256298 -0.97714734
vn 0.00000000 0.75263661 -0.65843612
vn -0.08129650 0.19631001 -0.97716594
vn 0.00000000 0.00001518 -1.00000000
vn 0.00000000 0.21256298 -0.97714734
vn 0.00000000 0.75263661 -0.65843612
vn -0.28799835 0.69541985 -0.65836781
vn -0.08129650 0.19631001 -0.97716594
vn -0.28799835 0.69541985 -0.65836781
vn 0.00000000 0.75263661 -0.65843612
vn -0.00003254 0.99764216 0.06863000
vn 0.38182881 0.92167795 0.06867711
vn 0.28799888 0.69537097 -0.65841925
vn 0.53218764 0.53221393 -0.65842593
vn 0.28799888 0.69537097 -0.65841925
vn 0.38182881 0.92167795 0.06867711
vn -0.00003254 0.99764216 0.06863000
vn 0.53218764 0.53221393 -0.65842593
vn 0.70547104 0.70540339 0.06867772
vn 0.38182881 0.92167795 0.06867711
vn 0.70547104 0.70540339 0.06867772
vn 0.53218764 0.53221393 -0.65842593
vn 0.69535309 0.28802696 -0.65842587
vn 0.00004223 0.83799821 0.54567295
vn -0.00003254 0.99764216 0.06863000
vn 0.38182881 0.92167795 0.06867711
vn 0.38182881 0.92167795 0.06867711
vn 0.32073206 0.77421790 0.54563504
vn 0.00004223 0.83799821 0.54567295
vn 0.32073206 0.77421790 0.54563504
vn 0.38182881 0.92167795 0.06867711
vn 0.70547104 0.70540339 0.06867772
vn -0.00003254 0.99764216 0.06863000
vn 0.00004223 0.83799821 0.54567295
vn -0.32072833 0.77425921 0.54557860
vn 0.70547104 0.70540339 0.06867772
vn 0.59258711 0.59256077 0.54563010
vn 0.32073206 0.77421790 0.54563504
vn -0.32072833 0.77425921 0.54557860
vn -0.38181520 0.92168689 0.06863286
vn -0.00003254 0.99764216 0.06863000
vn -0.00003254 0.99764216 0.06863000
vn -0.38181520 0.92168689 0.06863286
vn -0.28799835 0.69541985 -0.65836781
vn -0.70545077 0.70542824 0.06863061
vn -0.38181520 0.92168689 0.06863286
vn -0.32072833 0.77425921 0.54557860
vn -0.28799835 0.69541985 -0.65836781
vn -0.38181520 0.92168689 0.06863286
vn -0.70545077 0.70542824 0.06863061
vn -0.32072833 0.77425921 0.54557860
vn -0.59258574 0.59261215 0.54557586
vn -0.70545077 0.70542824 0.06863061
vn 0.59258711 0.59256077 0.54563010
vn 0.70547104 0.70540339 0.06867772
vn 0.92170948 0.38175300 0.06867482
vn 0.69535309 0.28802696 -0.65842587
vn 0.92170948 0.38175300 0.06867482
vn 0.70547104 0.70540339 0.06867772
vn 0.92170948 0.38175300 0.06867482
vn 0.77426660 0.32064608 0.54561645
vn 0.59258711 0.59256077 0.54563010
vn 0.77426660 0.32064608 0.54561645
vn 0.92170948 0.38175300 0.06867482
vn 0.99764109 -0.00001626 0.06864627
vn 0.99764109 -0.00001626 0.06864627
vn 0.92170948 0.38175300 0.06867482
vn 0.69535309 0.28802696 -0.65842587
vn 0.99764109 -0.00001626 0.06864627
vn 0.83803970 -0.00006330 0.54560930
vn 0.77426660 0.32064608 0.54561645
vn -0.92169744 0.38178983 0.06863213
vn -0.70545077 0.70542824 0.06863061
vn -0.59258574 0.59261215 0.54557586
vn -0.59258574 0.59261215 0.54557586
vn -0.77427530 0.32069984 0.54557252
vn -0.92169744 0.38178983 0.06863213
vn 0.69535309 0.28802696 -0.65842587
vn 0.75264740 -0.00002166 -0.65842384
vn 0.99764109 -0.00001626 0.06864627
vn 0.75264740 -0.00002166 -0.65842384
vn 0.69535309 0.28802696 -0.65842587
vn 0.19638643 0.08136161 -0.97714514
vn 0.83803970 -0.00006330 0.54560930
vn 0.99764109 -0.00001626 0.06864627
vn 0.92168081 -0.38183361 0.06861149
vn 0.92168081 -0.38183361 0.06861149
vn 0.77422220 -0.32075885 0.54561317
vn 0.83803970 -0.00006330 0.54560930
vn 0.59256005 -0.59261280 0.54560310
vn 0.77422220 -0.32075885 0.54561317
vn 0.92168081 -0.38183361 0.06861149
vn 0.69532859 -0.28802720 -0.65845156
vn 0.92168081 -0.38183361 0.06861149
vn 0.99764109 -0.00001626 0.06864627
vn 0.99764109 -0.00001626 0.06864627
vn 0.75264740 -0.00002166 -0.65842384
vn 0.69532859 -0.28802720 -0.65845156
vn 0.92168081 -0.38183361 0.06861149
vn 0.70537293 -0.70550835 0.06860714
vn 0.59256005 -0.59261280 0.54560310
vn 0.70537293 -0.70550835 0.06860714
vn 0.92168081 -0.38183361 0.06861149
vn 0.69532859 -0.28802720 -0.65845156
vn 0.59256005 -0.59261280 0.54560310
vn 0.70537293 -0.70550835 0.06860714
vn 0.38173255 -0.92172289 0.06860843
vn 0.38173255 -0.92172289 0.06860843
vn 0.32064417 -0.77428710 0.54558843
vn 0.59256005 -0.59261280 0.54560310
vn -0.00002111 -0.83805221 0.54559004
vn 0.32064417 -0.77428710 0.54558843
vn 0.38173255 -0.92172289 0.06860843
vn 0.19638643 0.08136161 -0.97714514
vn 0.21241911 0.00001808 -0.97717863
vn 0.75264740 -0.00002166 -0.65842384
vn 0.69532859 -0.28802720 -0.65845156
vn 0.75264740 -0.00002166 -0.65842384
vn 0.21241911 0.00001808 -0.97717863
vn 0.19638643 0.08136161 -0.97714514
vn 0.00000000 0.00001518 -1.00000000
vn 0.21241911 0.00001808 -0.97717863
vn 0.21241911 0.00001808 -0.97717863
vn 0.19640180 -0.08132198 -0.97714537
vn 0.69532859 -0.28802720 -0.65845156
vn 0.21241911 0.00001808 -0.97717863
vn 0.00000000 0.00001518 -1.00000000
vn 0.19640180 -0.08132198 -0.97714537
vn 0.69532859 -0.28802720 -0.65845156
vn 0.19640180 -0.08132198 -0.97714537
vn 0.15030485 -0.15030493 -0.97714734
vn 0.19640180 -0.08132198 -0.97714537
vn 0.00000000 0.00001518 -1.00000000
vn 0.15030485 -0.15030493 -0.97714734
vn 0.69532859 -0.28802720 -0.65845156
vn 0.53221232 -0.53215957 -0.65844989
vn 0.70537293 -0.70550835 0.06860714
vn 0.15030485 -0.15030493 -0.97714734
vn 0.53221232 -0.53215957 -0.65844989
vn 0.69532859 -0.28802720 -0.65845156
vn 0.38173255 -0.92172289 0.06860843
vn 0.70537293 -0.70550835 0.06860714
vn 0.53221232 -0.53215957 -0.65844989
vn 0.53221232 -0.53215957 -0.65844989
vn 0.15030485 -0.15030493 -0.97714734
vn 0.08131940 -0.19635779 -0.97715443
vn 0.15030485 -0.15030493 -0.97714734
vn 0.00000000 0.00001518 -1.00000000
vn 0.08131940 -0.19635779 -0.97715443
vn 0.53221232 -0.53215957 -0.65844989
vn 0.28797108 -0.69536465 -0.65843809
vn 0.38173255 -0.92172289 0.06860843
vn 0.08131940 -0.19635779 -0.97715443
vn 0.28797108 -0.69536465 -0.65843809
vn 0.53221232 -0.53215957 -0.65844989
vn -0.00001627 -0.99764109 0.06864635
vn 0.38173255 -0.92172289 0.06860843
vn 0.28797108 -0.69536465 -0.65843809
vn 0.38173255 -0.92172289 0.06860843
vn -0.00001627 -0.99764109 0.06864635
vn -0.00002111 -0.83805221 0.54559004
vn -0.00002153 -0.75264752 -0.65842366
vn 0.28797108 -0.69536465 -0.65843809
vn 0.08131940 -0.19635779 -0.97715443
vn 0.28797108 -0.69536465 -0.65843809
vn -0.00002153 -0.75264752 -0.65842366
vn -0.00001627 -0.99764109 0.06864635
vn 0.08131940 -0.19635779 -0.97715443
vn -0.00001815 -0.21244030 -0.97717404
vn -0.00002153 -0.75264752 -0.65842366
vn 0.08131940 -0.19635779 -0.97715443
vn 0.00000000 0.00001518 -1.00000000
vn -0.00001815 -0.21244030 -0.97717404
vn -0.00002153 -0.75264752 -0.65842366
vn -0.00001815 -0.21244030 -0.97717404
vn -0.08131218 -0.19622523 -0.97718167
vn -0.00001815 -0.21244030 -0.97717404
vn 0.00000000 0.00001518 -1.00000000
vn -0.08131218 -0.19622523 -0.97718167
vn -0.00001627 -0.99764109 0.06864635
vn -0.00002153 -0.75264752 -0.65842366
vn -0.28808314 -0.69529271 -0.65846497
vn -0.08131218 -0.19622523 -0.97718167
vn -0.28808314 -0.69529271 -0.65846497
vn -0.00002153 -0.75264752 -0.65842366
vn -0.00002111 -0.83805221 0.54559004
vn -0.00001627 -0.99764109 0.06864635
vn -0.38178298 -0.92170191 0.06860998
vn -0.28808314 -0.69529271 -0.65846497
vn -0.38178298 -0.92170191 0.06860998
vn -0.00001627 -0.99764109 0.06864635
vn -0.38178298 -0.92170191 0.06860998
vn -0.32070154 -0.77425468 0.54560083
vn -0.00002111 -0.83805221 0.54559004
vn -0.28808314 -0.69529271 -0.65846497
vn -0.08131218 -0.19622523 -0.97718167
vn -0.15024647 -0.15016857 -0.97717726
vn -0.08131218 -0.19622523 -0.97718167
vn 0.00000000 0.00001518 -1.00000000
vn -0.15024647 -0.15016857 -0.97717726
vn -0.38178298 -0.92170191 0.06860998
vn -0.28808314 -0.69529271 -0.65846497
vn -0.53226477 -0.53210711 -0.65844989
vn -0.15024647 -0.15016857 -0.97717726
vn -0.53226477 -0.53210711 -0.65844989
vn -0.28808314 -0.69529271 -0.65846497
vn -0.32070154 -0.77425468 0.54560083
vn -0.38178298 -0.92170191 0.06860998
vn -0.70541811 -0.70546323 0.06860714
vn -0.53226477 -0.53210711 -0.65844989
vn -0.70541811 -0.70546323 0.06860714
vn -0.38178298 -0.92170191 0.06860998
vn -0.70541811 -0.70546323 0.06860714
vn -0.59261286 -0.59255999 0.54560310
vn -0.32070154 -0.77425468 0.54560083
vn -0.77425480 -0.32070139 0.54560071
vn -0.59261286 -0.59255999 0.54560310
vn -0.70541811 -0.70546323 0.06860714
vn -0.70541811 -0.70546323 0.06860714
vn -0.53226477 -0.53210711 -0.65844989
vn -0.69536453 -0.28797123 -0.65843815
vn -0.69536453 -0.28797123 -0.65843815
vn -0.53226477 -0.53210711 -0.65844989
vn -0.15024647 -0.15016857 -0.97717726
vn -0.70541811 -0.70546323 0.06860714
vn -0.92170191 -0.38178307 0.06860995
vn -0.77425480 -0.32070139 0.54560071
vn -0.69536453 -0.28797123 -0.65843815
vn -0.92170191 -0.38178307 0.06860995
vn -0.70541811 -0.70546323 0.06860714
vn -0.83805221 -0.00002115 0.54559004
vn -0.77425480 -0.32070139 0.54560071
vn -0.92170191 -0.38178307 0.06860995
vn -0.92170191 -0.38178307 0.06860995
vn -0.99764228 0.00001628 0.06862896
vn -0.83805221 -0.00002115 0.54559004
vn -0.99764228 0.00001628 0.06862896
vn -0.92170191 -0.38178307 0.06860995
vn -0.69536453 -0.28797123 -0.65843815
vn -0.77427530 0.32069984 0.54557252
vn -0.83805221 -0.00002115 0.54559004
vn -0.99764228 0.00001628 0.06862896
vn -0.99764228 0.00001628 0.06862896
vn -0.92169744 0.38178983 0.06863213
vn -0.77427530 0.32069984 0.54557252
vn -0.15024647 -0.15016857 -0.97717726
vn -0.19630000 -0.08123495 -0.97717309
vn -0.69536453 -0.28797123 -0.65843815
vn -0.15024647 -0.15016857 -0.97717726
vn 0.00000000 0.00001518 -1.00000000
vn -0.19630000 -0.08123495 -0.97717309
vn -0.69536453 -0.28797123 -0.65843815
vn -0.75264871 0.00006446 -0.65842229
vn -0.99764228 0.00001628 0.06862896
vn -0.75264871 0.00006446 -0.65842229
vn -0.69536453 -0.28797123 -0.65843815
vn -0.19630000 -0.08123495 -0.97717309
vn -0.69536597 0.28808239 -0.65838796
vn -0.92169744 0.38178983 0.06863213
vn -0.99764228 0.00001628 0.06862896
vn -0.99764228 0.00001628 0.06862896
vn -0.75264871 0.00006446 -0.65842229
vn -0.69536597 0.28808239 -0.65838796
vn -0.70545077 0.70542824 0.06863061
vn -0.92169744 0.38178983 0.06863213
vn -0.69536597 0.28808239 -0.65838796
vn -0.19630000 -0.08123495 -0.97717309
vn -0.21254572 0.00001808 -0.97715110
vn -0.75264871 0.00006446 -0.65842229
vn -0.19630000 -0.08123495 -0.97717309
vn 0.00000000 0.00001518 -1.00000000
vn -0.21254572 0.00001808 -0.97715110
vn -0.75264871 0.00006446 -0.65842229
vn -0.21254572 0.00001808 -0.97715110
vn -0.19629811 0.08135683 -0.97716331
vn -0.19629811 0.08135683 -0.97716331
vn -0.69536597 0.28808239 -0.65838796
vn -0.75264871 0.00006446 -0.65842229
vn -0.21254572 0.00001808 -0.97715110
vn 0.00000000 0.00001518 -1.00000000
vn -0.19629811 0.08135683 -0.97716331
vn -0.69536597 0.28808239 -0.65838796
vn -0.53219122 0.53227001 -0.65837771
vn -0.70545077 0.70542824 0.06863061
vn -0.53219122 0.53227001 -0.65837771
vn -0.69536597 0.28808239 -0.65838796
vn -0.19629811 0.08135683 -0.97716331
vn -0.70545077 0.70542824 0.06863061
vn -0.53219122 0.53227001 -0.65837771
vn -0.28799835 0.69541985 -0.65836781
vn -0.19629811 0.08135683 -0.97716331
vn 0.00000000 0.00001518 -1.00000000
vn -0.15028293 0.15030235 -0.97715110
vn -0.19629811 0.08135683 -0.97716331
vn -0.15028293 0.15030235 -0.97715110
vn -0.53219122 0.53227001 -0.65837771
vn -0.28799835 0.69541985 -0.65836781
vn -0.53219122 0.53227001 -0.65837771
vn -0.15028293 0.15030235 -0.97715110
vn -0.15028293 0.15030235 -0.97715110
vn 0.00000000 0.00001518 -1.00000000
vn -0.08129650 0.19631001 -0.97716594
vn -0.15028293 0.15030235 -0.97715110
vn -0.08129650 0.19631001 -0.97716594
vn -0.28799835 0.69541985 -0.65836781
vn -0.00561605 0.99998420 -0.00000008
vn -0.00393778 0.92875451 0.37067440
vn -0.92889655 0.00591473 0.37029201
vn -0.92889655 0.00591473 0.37029201
vn -0.99996328 0.00857181 -0.00000000
vn -0.00561605 0.99998420 -0.00000008
vn -0.99996328 0.00857181 -0.00000000
vn -0.92889655 0.00591473 0.37029201
vn -0.92851496 0.00001994 0.37129495
vn -0.92851496 0.00001994 0.37129495
vn -1.00000000 0.00001526 -0.00000000
vn -0.99996328 0.00857181 -0.00000000
vn -0.00185004 -0.00016811 0.99999827
vn -0.58024478 0.03263258 0.81378812
vn -0.57296228 0.01401405 0.81946188
vn -0.47986087 0.47983515 0.73450106
vn -0.58024478 0.03263258 0.81378812
vn -0.00185004 -0.00016811 0.99999827
vn -0.57296228 0.01401405 0.81946188
vn -0.00138245 0.00529958 0.99998498
vn -0.00185004 -0.00016811 0.99999827
vn -0.57296228 0.01401405 0.81946188
vn -0.47518182 0.52456921 0.70642012
vn -0.00138245 0.00529958 0.99998498
vn -0.47518182 0.52456921 0.70642012
vn -0.00256247 0.58811778 0.80877119
vn -0.00138245 0.00529958 0.99998498
vn 0.00009262 0.01159268 0.99993283
vn -0.00138245 0.00529958 0.99998498
vn -0.00256247 0.58811778 0.80877119
vn -0.00185004 -0.00016811 0.99999827
vn -0.00138245 0.00529958 0.99998498
vn 0.00009262 0.01159268 0.99993283
vn -0.00256247 0.58811778 0.80877119
vn 0.00000000 0.58776999 0.80902809
vn 0.00009262 0.01159268 0.99993283
vn -0.00185004 -0.00016811 0.99999827
vn -0.00530265 0.00491731 0.99997383
vn -0.47986087 0.47983515 0.73450106
vn 0.00009262 0.01159268 0.99993283
vn 0.00000000 0.58776999 0.80902809
vn 0.00256245 0.58806956 0.80880630
vn -0.00001526 -0.00016780 1.00000000
vn -0.00530265 0.00491731 0.99997383
vn -0.00185004 -0.00016811 0.99999827
vn 0.00009262 0.01159268 0.99993283
vn -0.00001526 -0.00016780 1.00000000
vn -0.00185004 -0.00016811 0.99999827
vn -0.47986087 0.47983515 0.73450106
vn -0.00530265 0.00491731 0.99997383
vn -0.00009162 0.00065669 0.99999976
vn -0.00009162 0.00065669 0.99999976
vn -0.00530265 0.00491731 0.99997383
vn -0.00001526 -0.00016780 1.00000000
vn -0.00009162 0.00065669 0.99999976
vn -0.13485189 0.68712616 0.71391362
vn -0.47986087 0.47983515 0.73450106
vn 0.00256245 0.58806956 0.80880630
vn 0.00135168 0.00529941 0.99998504
vn 0.00009262 0.01159268 0.99993283
vn 0.00256245 0.58806956 0.80880630
vn 0.47523060 0.52446145 0.70646733
vn 0.00135168 0.00529941 0.99998504
vn 0.47523060 0.52446145 0.70646733
vn 0.57294250 0.01397056 0.81947649
vn 0.00135168 0.00529941 0.99998504
vn 0.00009262 0.01159268 0.99993283
vn 0.00135168 0.00529941 0.99998504
vn 0.00181940 -0.00016811 0.99999833
vn 0.00181940 -0.00016811 0.99999833
vn 0.00135168 0.00529941 0.99998504
vn 0.57294250 0.01397056 0.81947649
vn 0.00181940 -0.00016811 0.99999833
vn -0.00001526 -0.00016780 1.00000000
vn 0.00009262 0.01159268 0.99993283
vn 0.57294250 0.01397056 0.81947649
vn 0.58025467 0.03254362 0.81378460
vn 0.00181940 -0.00016811 0.99999833
vn 0.00181940 -0.00016811 0.99999833
vn 0.58025467 0.03254362 0.81378460
vn 0.47985455 0.47977725 0.73454297
vn 0.00181940 -0.00016811 0.99999833
vn 0.00511752 0.00507124 0.99997407
vn -0.00001526 -0.00016780 1.00000000
vn 0.47985455 0.47977725 0.73454297
vn 0.00511752 0.00507124 0.99997407
vn 0.00181940 -0.00016811 0.99999833
vn 0.00018325 0.00059563 0.99999982
vn 0.00511752 0.00507124 0.99997407
vn 0.47985455 0.47977725 0.73454297
vn -0.00001526 -0.00016780 1.00000000
vn 0.00511752 0.00507124 0.99997407
vn 0.00018325 0.00059563 0.99999982
vn 0.47985455 0.47977725 0.73454297
vn 0.13485171 0.68707836 0.71395963
vn 0.00018325 0.00059563 0.99999982
vn 0.01566934 -0.00017041 0.99987721
vn -0.00001526 -0.00016780 1.00000000
vn 0.00018325 0.00059563 0.99999982
vn -0.00009162 0.00065669 0.99999976
vn -0.00001526 -0.00016780 1.00000000
vn -0.01568265 0.00001557 0.99987704
vn 0.00018325 0.00059563 0.99999982
vn 0.02139052 0.00057692 0.99977106
vn 0.01566934 -0.00017041 0.99987721
vn 0.02139052 0.00057692 0.99977106
vn 0.00018325 0.00059563 0.99999982
vn 0.13485171 0.68707836 0.71395963
vn 0.70710677 -0.00002153 0.70710677
vn 0.01566934 -0.00017041 0.99987721
vn 0.02139052 0.00057692 0.99977106
vn 0.13485171 0.68707836 0.71395963
vn 0.69804990 0.01767200 0.71583104
vn 0.02139052 0.00057692 0.99977106
vn 0.02139052 0.00057692 0.99977106
vn 0.69804990 0.01767200 0.71583104
vn 0.70710677 -0.00002153 0.70710677
vn -0.01568265 0.00001557 0.99987704
vn -0.02142235 0.00057694 0.99977034
vn -0.00009162 0.00065669 0.99999976
vn -0.13485189 0.68712616 0.71391362
vn -0.00009162 0.00065669 0.99999976
vn -0.02142235 0.00057694 0.99977034
vn -0.02142235 0.00057694 0.99977034
vn -0.01568265 0.00001557 0.99987704
vn -0.70712835 0.00002163 0.70708519
vn -0.02142235 0.00057694 0.99977034
vn -0.69806951 0.01780468 0.71580863
vn -0.13485189 0.68712616 0.71391362
vn -0.70712835 0.00002163 0.70708519
vn -0.69806951 0.01780468 0.71580863
vn -0.02142235 0.00057694 0.99977034
vn -0.67675877 0.73584270 -0.02309029
vn -0.66671634 0.74494874 -0.02325301
vn -0.99888933 0.04708427 -0.00179062
vn -0.99888933 0.04708427 -0.00179062
vn -0.99883819 0.04815589 -0.00182442
vn -0.67675877 0.73584270 -0.02309029
vn -0.99927890 0.03796998 -0.00000000
vn -0.99883819 0.04815589 -0.00182442
vn -0.99888933 0.04708427 -0.00179062
vn -0.99888933 0.04708427 -0.00179062
vn -0.99928004 0.03793957 0.00006331
vn -0.99927890 0.03796998 -0.00000000
vn -0.99927890 0.03796998 -0.00000000
vn -0.99928004 0.03793957 0.00006331
vn -0.70711762 0.70709598 -0.00000005
vn -0.70711762 0.70709598 -0.00000005
vn -0.70711762 0.70709598 -0.00000005
vn -0.99927890 0.03796998 -0.00000000
vn -0.70711762 0.70709598 -0.00000005
vn -0.70711762 0.70709598 -0.00000005
vn -0.16911449 0.98559642 -0.00000007
vn -0.16911449 0.98559642 -0.00000007
vn -0.16907437 0.98560327 -0.00000007
vn -0.70711762 0.70709598 -0.00000005
vn -0.16907437 0.98560327 -0.00000007
vn -0.16911449 0.98559642 -0.00000007
vn -0.99959230 0.02854952 0.00043946
vn -0.99959230 0.02854952 0.00043946
vn -0.99959272 0.02853699 -0.00000000
vn -0.16907437 0.98560327 -0.00000007
vn 0.00943337 0.99995524 -0.00077077
vn 0.67677987 0.73582190 -0.02313482
vn 0.66669130 0.74496973 -0.02329745
vn 0.66669130 0.74496973 -0.02329745
vn 0.00921532 0.99995726 -0.00073976
vn 0.00943337 0.99995524 -0.00077077
vn 0.00000000 1.00000000 -0.00000008
vn 0.00943337 0.99995524 -0.00077077
vn 0.00921532 0.99995726 -0.00073976
vn 0.00921532 0.99995726 -0.00073976
vn 0.00000000 1.00000000 -0.00000008
vn 0.00000000 1.00000000 -0.00000008
vn 0.00000000 1.00000000 -0.00000008
vn 0.00000000 1.00000000 -0.00000008
vn -0.00921504 0.99995726 -0.00070892
vn -0.00921504 0.99995726 -0.00070892
vn -0.00943308 0.99995524 -0.00073992
vn 0.00000000 1.00000000 -0.00000008
vn -0.00943308 0.99995524 -0.00073992
vn -0.00921504 0.99995726 -0.00070892
vn -0.66671634 0.74494874 -0.02325301
vn -0.66671634 0.74494874 -0.02325301
vn -0.67675877 0.73584270 -0.02309029
vn -0.00943308 0.99995524 -0.00073992
vn 0.99928004 0.03793950 -0.00006331
vn 0.99928135 0.03790436 -0.00000000
vn 0.99889076 0.04705236 -0.00182259
vn 0.99928135 0.03790436 -0.00000000
vn 0.99928004 0.03793950 -0.00006331
vn 0.70711762 0.70709598 -0.00000005
vn 0.99889076 0.04705236 -0.00182259
vn 0.99884111 0.04809201 -0.00188845
vn 0.99928004 0.03793950 -0.00006331
vn 0.67677987 0.73582190 -0.02313482
vn 0.99884111 0.04809201 -0.00188845
vn 0.99889076 0.04705236 -0.00182259
vn 0.99889076 0.04705236 -0.00182259
vn 0.66669130 0.74496973 -0.02329745
vn 0.67677987 0.73582190 -0.02313482
vn 0.70711762 0.70709598 -0.00000005
vn 0.70711762 0.70709598 -0.00000005
vn 0.99928135 0.03790436 -0.00000000
vn 0.70711762 0.70709598 -0.00000005
vn 0.70711762 0.70709598 -0.00000005
vn 0.16911449 0.98559642 -0.00000007
vn 0.16911449 0.98559642 -0.00000007
vn 0.16911449 0.98559642 -0.00000007
vn 0.70711762 0.70709598 -0.00000005
vn 0.99959272 0.02853699 -0.00000000
vn 0.16911449 0.98559642 -0.00000007
vn 0.16911449 0.98559642 -0.00000007
vn 0.16911449 0.98559642 -0.00000007
vn 0.99959332 0.02851458 0.00034524
vn 0.99959272 0.02853699 -0.00000000
vn -1.00000000 0.00001526 -0.00000000
vn -1.00000000 0.00001526 -0.00000000
vn -0.99959272 0.02853699 -0.00000000
vn -0.99959272 0.02853699 -0.00000000
vn -0.99959230 0.02854952 0.00043946
vn -1.00000000 0.00001526 -0.00000000
vn 0.99959272 0.02853699 -0.00000000
vn 0.99959332 0.02851458 0.00034524
vn 1.00000000 0.00001526 -0.00000000
vn 1.00000000 0.00001526 -0.00000000
vn 1.00000000 0.00001526 -0.00000000
vn 0.99959272 0.02853699 -0.00000000
vn 0.00000000 0.00001518 -1.00000000
vn 0.00000000 0.00001518 -1.00000000
vn 0.00000000 0.00001518 -1.00000000
vn 0.00000000 0.00001518 -1.00000000
vn 0.00000000 0.00001518 -1.00000000
vn 0.00000000 0.00001518 -1.00000000
vn 0.00000000 0.00001518 -1.00000000
vn 0.00000000 0.00001518 -1.00000000
vn 0.00000000 0.00001518 -1.00000000
vn 0.00000000 0.00001518 -1.00000000
vn 0.00000000 0.00001518 -1.00000000
vn -0.00001527 -0.00047333 -0.99999988
vn -0.00001527 -0.00047333 -0.99999988
vn 0.00016791 -0.00022905 -0.99999994
vn 0.00000000 0.00001518 -1.00000000
vn 0.00016791 -0.00022905 -0.99999994
vn -0.00001527 -0.00047333 -0.99999988
vn 0.00047349 -0.00050411 -0.99999976
vn 0.00047349 -0.00050411 -0.99999976
vn 0.00047349 -0.00050411 -0.99999976
vn 0.00016791 -0.00022905 -0.99999994
vn -0.00001527 -0.00047333 -0.99999988
vn 0.00000000 0.00001518 -1.00000000
vn 0.00000000 0.00001518 -1.00000000
vn 0.00000000 0.00001518 -1.00000000
vn 0.00000000 0.00001518 -1.00000000
vn 0.00000000 0.00001518 -1.00000000
vn 0.00000000 0.00001518 -1.00000000
vn -0.00019844 -0.00019852 -0.99999994
vn -0.00001527 -0.00047333 -0.99999988
vn -0.00050403 -0.00047356 -0.99999976
vn -0.00001527 -0.00047333 -0.99999988
vn -0.00019844 -0.00019852 -0.99999994
vn -0.00019844 -0.00019852 -0.99999994
vn -0.00050403 -0.00047356 -0.99999976
vn -0.00050403 -0.00047356 -0.99999976
vn 0.00000000 0.00001518 -1.00000000
vn 0.00000000 0.00001518 -1.00000000
vn 0.00000000 0.00001518 -1.00000000
vn 0.00000000 0.00001518 -1.00000000
vn 0.00000000 0.00001518 -1.00000000
vn 0.00000000 0.00001518 -1.00000000
vn 0.00000000 0.00001518 -1.00000000
vn 0.00000000 0.00001518 -1.00000000
vn 0.00000000 0.00001518 -1.00000000
vn 0.00000000 0.00001518 -1.00000000
vn 0.00000000 0.00001518 -1.00000000
vn 0.00000000 0.00001518 -1.00000000
vn 0.70708519 0.00002153 -0.70712835
vn 0.70708519 0.00002153 -0.70712835
vn 0.92387420 -0.00001989 -0.38269630
vn 0.70708519 0.00002153 -0.70712835
vn 0.70708519 0.00002153 -0.70712835
vn 0.38264814 -0.00002008 -0.92389417
vn 0.92387420 -0.00001989 -0.38269630
vn 0.92387420 -0.00001989 -0.38269630
vn 0.70708519 0.00002153 -0.70712835
vn 0.38264814 -0.00002008 -0.92389417
vn 0.38264814 -0.00002008 -0.92389417
vn 0.70708519 0.00002153 -0.70712835
vn 0.38264814 -0.00002008 -0.92389417
vn 0.38264814 -0.00002008 -0.92389417
vn 0.00000000 0.00001518 -1.00000000
vn 0.00000000 0.00001518 -1.00000000
vn 0.00000000 0.00001518 -1.00000000
vn 0.38264814 -0.00002008 -0.92389417
vn 0.92387420 -0.00001989 -0.38269630
vn 0.92387420 -0.00001989 -0.38269630
vn 1.00000000 -0.00001526 -0.00001526
vn 1.00000000 -0.00001526 -0.00001526
vn 1.00000000 -0.00001526 -0.00001526
vn 0.92387420 -0.00001989 -0.38269630
vn 1.00000000 -0.00001526 -0.00001526
vn 1.00000000 -0.00001526 -0.00001526
vn 0.92388833 -0.00005978 0.38266218
vn 0.92388833 -0.00005978 0.38266218
vn 0.92388833 -0.00005978 0.38266218
vn 1.00000000 -0.00001526 -0.00001526
vn 0.92388833 -0.00005978 0.38266218
vn 0.92388833 -0.00005978 0.38266218
vn 0.70710677 -0.00002153 0.70710677
vn 0.70710677 -0.00002153 0.70710677
vn 0.70710677 -0.00002153 0.70710677
vn 0.92388833 -0.00005978 0.38266218
vn 0.70710677 -0.00002153 0.70710677
vn 0.70710677 -0.00002153 0.70710677
vn 0.38266218 -0.00005974 0.92388833
vn 0.38266218 -0.00005974 0.92388833
vn 0.38266218 -0.00005974 0.92388833
vn 0.70710677 -0.00002153 0.70710677
vn 0.38266218 -0.00005974 0.92388833
vn 0.38266218 -0.00005974 0.92388833
vn -0.00001526 -0.00001518 1.00000000
vn -0.00001526 -0.00001518 1.00000000
vn -0.00001526 -0.00001518 1.00000000
vn 0.38266218 -0.00005974 0.92388833
vn -0.00001526 -0.00001518 1.00000000
vn -0.00001526 -0.00001518 1.00000000
vn -0.38269630 -0.00001979 0.92387420
vn -0.38269630 -0.00001979 0.92387420
vn -0.38269630 -0.00001979 0.92387420
vn -0.00001526 -0.00001518 1.00000000
vn -0.38269630 -0.00001979 0.92387420
vn -0.38269630 -0.00001979 0.92387420
vn -0.70712835 0.00002163 0.70708519
vn -0.70712835 0.00002163 0.70708519
vn -0.70712835 0.00002163 0.70708519
vn -0.38269630 -0.00001979 0.92387420
vn -0.70712835 0.00002163 0.70708519
vn -0.70712835 0.00002163 0.70708519
vn -0.92389417 -0.00001999 0.38264814
vn -0.92389417 -0.00001999 0.38264814
vn -0.92389417 -0.00001999 0.38264814
vn -0.70712835 0.00002163 0.70708519
vn -0.92389417 -0.00001999 0.38264814
vn -0.92389417 -0.00001999 0.38264814
vn -1.00000000 0.00001526 -0.00000000
vn -1.00000000 0.00001526 -0.00000000
vn -1.00000000 0.00001526 -0.00000000
vn -0.92389417 -0.00001999 0.38264814
vn -1.00000000 0.00001526 -0.00000000
vn -1.00000000 0.00001526 -0.00000000
vn -0.92388415 0.00001991 -0.38267228
vn -0.92388415 0.00001991 -0.38267228
vn -0.92388415 0.00001991 -0.38267228
vn -1.00000000 0.00001526 -0.00000000
vn -0.92388415 0.00001991 -0.38267228
vn -0.92388415 0.00001991 -0.38267228
vn -0.70710677 0.00006469 -0.70710677
vn -0.70710677 0.00006469 -0.70710677
vn -0.70710677 0.00006469 -0.70710677
vn -0.92388415 0.00001991 -0.38267228
vn -0.70710677 0.00006469 -0.70710677
vn -0.70710677 0.00006469 -0.70710677
vn -0.38267228 0.00001987 -0.92388415
vn -0.38267228 0.00001987 -0.92388415
vn -0.38267228 0.00001987 -0.92388415
vn -0.70710677 0.00006469 -0.70710677
vn -0.38267228 0.00001987 -0.92388415
vn -0.38267228 0.00001987 -0.92388415
vn 0.00000000 0.00001518 -1.00000000
vn 0.00000000 0.00001518 -1.00000000
vn 0.00000000 0.00001518 -1.00000000
vn -0.38267228 0.00001987 -0.92388415
vn -0.00001526 -1.00000000 -0.00001518
vn -0.00001526 -1.00000000 -0.00001518
vn -0.00001526 -1.00000000 -0.00001518
vn -0.00001526 -1.00000000 -0.00001518
vn -0.00001526 -1.00000000 -0.00001518
vn -0.00001526 -1.00000000 -0.00001518
vn -0.00001526 -1.00000000 -0.00001518
vn -0.00001526 -1.00000000 -0.00001518
vn -0.00001526 -1.00000000 -0.00001518
vn -0.00001526 -1.00000000 -0.00001518
vn -0.00001526 -1.00000000 -0.00001518
vn -0.00001526 -1.00000000 -0.00001518
vn -0.00001526 -1.00000000 -0.00001518
vn -0.00001526 -1.00000000 -0.00001518
vn -0.00001526 -1.00000000 -0.00001518
vn -0.00001526 -1.00000000 -0.00001518
vn -0.00001526 -1.00000000 -0.00001518
vn -0.00001526 -1.00000000 -0.00001518
vn -0.00001526 -1.00000000 -0.00001518
vn -0.00001526 -1.00000000 -0.00001518
vn -0.00001526 -1.00000000 -0.00001518
vn -0.00001526 -1.00000000 -0.00001518
vn -0.00001526 -1.00000000 -0.00001518
vn -0.00001526 -1.00000000 -0.00001518
vn -0.00001526 -1.00000000 -0.00001518
vn -0.00001526 -1.00000000 -0.00001518
vn -0.00001526 -1.00000000 -0.00001518
vn -0.00001526 -1.00000000 -0.00001518
vn -0.00001526 -1.00000000 -0.00001518
vn -0.00001526 -1.00000000 -0.00001518
vn -0.00001526 -1.00000000 -0.00001518
vn -0.00001526 -1.00000000 -0.00001518
vn -0.00001526 -1.00000000 -0.00001518
vn -0.00001526 -1.00000000 -0.00001518
vn -0.00001526 -1.00000000 -0.00001518
vn -0.00001526 -1.00000000 -0.00001518
vn -0.00001526 -1.00000000 -0.00001518
vn -0.00001526 -1.00000000 -0.00001518
vn -0.00001526 -1.00000000 -0.00001518
vn -0.00001526 -1.00000000 -0.00001518
vn -0.00001526 -1.00000000 -0.00001518
vn -0.00001526 -1.00000000 -0.00001518
vn -0.00001526 -1.00000000 -0.00001518
vn -0.00001526 -1.00000000 -0.00001518
vn -0.00001526 -1.00000000 -0.00001518
vn -0.00001526 -1.00000000 -0.00001518
vn -0.00001526 -1.00000000 -0.00001518
vn -0.00001526 -1.00000000 -0.00001518
vn 0.00000000 1.00000000 -0.00000008
vn 0.00000000 1.00000000 -0.00000008
vn 0.00000000 1.00000000 -0.00000008
vn 0.00000000 1.00000000 -0.00000008
vn 0.00000000 1.00000000 -0.00000008
vn 0.00000000 1.00000000 -0.00000008
vn 0.00000000 1.00000000 -0.00000008
vn 0.00000000 1.00000000 -0.00000008
vn 0.00000000 1.00000000 -0.00000008
vn 0.00000000 1.00000000 -0.00000008
vn 0.00000000 1.00000000 -0.00000008
vn 0.00000000 1.00000000 -0.00000008
vn 0.00000000 1.00000000 -0.00000008
vn 0.00000000 1.00000000 -0.00000008
vn 0.00003052 1.00000000 -0.00000008
vn 0.00000000 1.00000000 -0.00000008
vn 0.00003052 1.00000000 -0.00000008
vn 0.00000000 1.00000000 -0.00000008
vn 0.00000000 1.00000000 -0.00000008
vn 0.00003052 1.00000000 -0.00000008
vn -0.00003052 1.00000000 -0.00000008
vn 0.00000000 1.00000000 -0.00000008
vn 0.00003052 1.00000000 -0.00000008
vn 0.00003052 1.00000000 -0.00000008
vn 0.00000000 1.00000000 -0.00000008
vn -0.00003052 1.00000000 -0.00000008
vn -0.00003052 1.00000000 -0.00000008
vn 0.00000000 1.00000000 -0.00000008
vn -0.00003052 1.00000000 -0.00000008
vn 0.00003052 1.00000000 -0.00000008
vn 0.00000000 1.00000000 -0.00000008
vn -0.00003052 1.00000000 -0.00000008
vn 0.00000000 1.00000000 -0.00000008
vn 0.00000000 1.00000000 -0.00000008
vn 0.00003052 1.00000000 -0.00000008
vn -0.00003052 1.00000000 -0.00000008
vn 0.00000000 1.00000000 -0.00000008
vn 0.00000000 1.00000000 -0.00000008
vn 0.00000000 1.00000000 -0.00000008
vn 0.00000000 1.00000000 -0.00000008
vn 0.00000000 1.00000000 -0.00000008
vn 0.00003052 1.00000000 -0.00000008
vn 0.00000000 1.00000000 -0.00000008
vn 0.00000000 1.00000000 -0.00000008
vn 0.00000000 1.00000000 -0.00000008
vn 0.00000000 1.00000000 -0.00000008
vn 0.00000000 1.00000000 -0.00000008
vn 0.00000000 1.00000000 -0.00000008
vn 0.00000000 1.00000000 -0.00000008
vn 0.00000000 1.00000000 -0.00000008
vn 0.00000000 1.00000000 -0.00000008
vn 0.00000000 1.00000000 -0.00000008
vn 0.00000000 1.00000000 -0.00000008
vn 0.00000000 1.00000000 -0.00000008
vn -0.00001526 -1.00000000 -0.00001518
vn -0.00001526 -1.00000000 -0.00001518
vn -0.00001526 -1.00000000 -0.00001518
vn -0.00001526 -1.00000000 -0.00001518
vn -0.00001526 -1.00000000 -0.00001518
vn -0.00001526 -1.00000000 -0.00001518
vn 0.00000000 0.00001533 1.00000000
vn 0.00000000 0.00001533 1.00000000
vn 0.00000000 0.00001533 1.00000000
vn 0.00000000 0.00001533 1.00000000
vn 0.00000000 0.00001533 1.00000000
vn 0.00000000 0.00001533 1.00000000
vn 1.00000000 0.00001526 -0.00000000
vn 1.00000000 0.00001526 -0.00000000
vn 1.00000000 0.00001526 -0.00000000
vn 1.00000000 0.00001526 -0.00000000
vn 1.00000000 0.00001526 -0.00000000
vn 1.00000000 0.00001526 -0.00000000
vn -1.00000000 0.00001526 -0.00000000
vn -1.00000000 0.00001526 -0.00000000
vn -1.00000000 0.00001526 -0.00000000
vn -1.00000000 0.00001526 -0.00000000
vn -1.00000000 0.00001526 -0.00000000
vn -1.00000000 0.00001526 -0.00000000
vn 0.00000000 1.00000000 -0.00000008
vn 0.00000000 1.00000000 -0.00000008
vn 0.00000000 1.00000000 -0.00000008
vn 0.00000000 1.00000000 -0.00000008
vn 0.00000000 1.00000000 -0.00000008
vn 0.00000000 1.00000000 -0.00000008
vn -0.00001526 -1.00000000 -0.00001518
vn -0.00001526 -1.00000000 -0.00001518
vn -0.00001526 -1.00000000 -0.00001518
vn -0.00001526 -1.00000000 -0.00001518
vn -0.00001526 -1.00000000 -0.00001518
vn -0.00001526 -1.00000000 -0.00001518
vn 0.00000000 0.00001533 1.00000000
vn 0.00000000 0.00001533 1.00000000
vn 0.00000000 0.00001533 1.00000000
vn 0.00000000 0.00001533 1.00000000
vn 0.00000000 0.00001533 1.00000000
vn 0.00000000 0.00001533 1.00000000
vn 1.00000000 0.00001526 -0.00000000
vn 1.00000000 0.00001526 -0.00000000
vn 1.00000000 0.00001526 -0.00000000
vn 1.00000000 0.00001526 -0.00000000
vn 1.00000000 0.00001526 -0.00000000
vn 1.00000000 0.00001526 -0.00000000
vn -1.00000000 0.00001526 -0.00000000
vn -1.00000000 0.00001526 -0.00000000
vn -1.00000000 0.00001526 -0.00000000
vn -1.00000000 0.00001526 -0.00000000
vn -1.00000000 0.00001526 -0.00000000
vn -1.00000000 0.00001526 -0.00000000
vn 0.00000000 1.00000000 -0.00000008
vn 0.00000000 1.00000000 -0.00000008
vn 0.00000000 1.00000000 -0.00000008
vn 0.00000000 1.00000000 -0.00000008
vn 0.00000000 1.00000000 -0.00000008
vn 0.00000000 1.00000000 -0.00000008
vn -0.00001526 -1.00000000 -0.00001518
vn -0.00001526 -1.00000000 -0.00001518
vn -0.00001526 -1.00000000 -0.00001518
vn -0.00001526 -1.00000000 -0.00001518
vn -0.00001526 -1.00000000 -0.00001518
vn -0.00001526 -1.00000000 -0.00001518
vn 0.00000000 0.00001533 1.00000000
vn 0.00000000 0.00001533 1.00000000
vn 0.00000000 0.00001533 1.00000000
vn 0.00000000 0.00001533 1.00000000
vn 0.00000000 0.00001533 1.00000000
vn 0.00000000 0.00001533 1.00000000
vn 1.00000000 0.00001526 -0.00000000
vn 1.00000000 0.00001526 -0.00000000
vn 1.00000000 0.00001526 -0.00000000
vn 1.00000000 0.00001526 -0.00000000
vn 1.00000000 0.00001526 -0.00000000
vn 1.00000000 0.00001526 -0.00000000
vn -1.00000000 0.00001526 -0.00000000
vn -1.00000000 0.00001526 -0.00000000
vn -1.00000000 0.00001526 -0.00000000
vn -1.00000000 0.00001526 -0.00000000
vn -1.00000000 0.00001526 -0.00000000
vn -1.00000000 0.00001526 -0.00000000
vn 0.70710677 -0.70710677 -0.00002153
vn 0.70710677 -0.70710677 -0.00002153
vn 0.92387426 -0.38269621 -0.00001991
vn 0.70710677 -0.70710677 -0.00002153
vn 0.70710677 -0.70710677 -0.00002153
vn 0.38264811 -0.92389417 -0.00001987
vn 0.92387426 -0.38269621 -0.00001991
vn 0.92387426 -0.38269621 -0.00001991
vn 0.70710677 -0.70710677 -0.00002153
vn 0.38264811 -0.92389417 -0.00001987
vn 0.38264811 -0.92389417 -0.00001987
vn 0.70710677 -0.70710677 -0.00002153
vn 0.38264811 -0.92389417 -0.00001987
vn 0.38264811 -0.92389417 -0.00001987
vn -0.00001526 -1.00000000 -0.00001518
vn -0.00001526 -1.00000000 -0.00001518
vn -0.00001526 -1.00000000 -0.00001518
vn 0.38264811 -0.92389417 -0.00001987
vn 0.92387426 -0.38269621 -0.00001991
vn 0.92387426 -0.38269621 -0.00001991
vn 1.00000000 -0.00001526 -0.00001526
vn 1.00000000 -0.00001526 -0.00001526
vn 1.00000000 -0.00001526 -0.00001526
vn 0.92387426 -0.38269621 -0.00001991
vn 1.00000000 -0.00001526 -0.00001526
vn 1.00000000 -0.00001526 -0.00001526
vn 0.92389709 0.38264105 -0.00000003
vn 0.92389709 0.38264105 -0.00000003
vn 0.92389709 0.38264105 -0.00000003
vn 1.00000000 -0.00001526 -0.00001526
vn 0.92389709 0.38264105 -0.00000003
vn 0.92389709 0.38264105 -0.00000003
vn 0.70711762 0.70709598 -0.00000005
vn 0.70711762 0.70709598 -0.00000005
vn 0.70711762 0.70709598 -0.00000005
vn 0.92389709 0.38264105 -0.00000003
vn 0.70711762 0.70709598 -0.00000005
vn 0.70711762 0.70709598 -0.00000005
vn 0.38271323 0.92386717 -0.00000007
vn 0.38271323 0.92386717 -0.00000007
vn 0.38271323 0.92386717 -0.00000007
vn 0.70711762 0.70709598 -0.00000005
vn 0.38271323 0.92386717 -0.00000007
vn 0.38271323 0.92386717 -0.00000007
vn -0.00003052 1.00000000 -0.00000008
vn -0.00003052 1.00000000 -0.00000008
vn -0.00003052 1.00000000 -0.00000008
vn 0.38271323 0.92386717 -0.00000007
vn -0.38269633 -0.92387420 -0.00001987
vn -0.38269633 -0.92387420 -0.00001987
vn -0.00001526 -1.00000000 -0.00001518
vn -0.00001526 -1.00000000 -0.00001518
vn -0.00001526 -1.00000000 -0.00001518
vn -0.38269633 -0.92387420 -0.00001987
vn -0.38269633 -0.92387420 -0.00001987
vn -0.38269633 -0.92387420 -0.00001987
vn -0.70714992 -0.70706367 -0.00002153
vn -0.70714992 -0.70706367 -0.00002153
vn -0.70714992 -0.70706367 -0.00002153
vn -0.38269633 -0.92387420 -0.00001987
vn -0.70714992 -0.70706367 -0.00002153
vn -0.70714992 -0.70706367 -0.00002153
vn -0.92389411 -0.38264820 -0.00001991
vn -0.92389411 -0.38264820 -0.00001991
vn -0.92389411 -0.38264820 -0.00001991
vn -0.70714992 -0.70706367 -0.00002153
vn -0.92389411 -0.38264820 -0.00001991
vn -0.92389411 -0.38264820 -0.00001991
vn -1.00000000 0.00001526 -0.00000000
vn -1.00000000 0.00001526 -0.00000000
vn -1.00000000 0.00001526 -0.00000000
vn -0.92389411 -0.38264820 -0.00001991
vn -1.00000000 0.00001526 -0.00000000
vn -1.00000000 0.00001526 -0.00000000
vn -0.92389709 0.38264105 -0.00000003
vn -0.92389709 0.38264105 -0.00000003
vn -0.92389709 0.38264105 -0.00000003
vn -1.00000000 0.00001526 -0.00000000
vn -0.92389709 0.38264105 -0.00000003
vn -0.92389709 0.38264105 -0.00000003
vn -0.70711762 0.70709598 -0.00000005
vn -0.70711762 0.70709598 -0.00000005
vn -0.70711762 0.70709598 -0.00000005
vn -0.92389709 0.38264105 -0.00000003
vn -0.70711762 0.70709598 -0.00000005
vn -0.70711762 0.70709598 -0.00000005
vn -0.38271323 0.92386717 -0.00000007
vn -0.38271323 0.92386717 -0.00000007
vn -0.38271323 0.92386717 -0.00000007
vn -0.70711762 0.70709598 -0.00000005
vn -0.38271323 0.92386717 -0.00000007
vn -0.38271323 0.92386717 -0.00000007
vn -0.00003052 1.00000000 -0.00000008
vn -0.00003052 1.00000000 -0.00000008
vn -0.00003052 1.00000000 -0.00000008
vn -0.38271323 0.92386717 -0.00000007
vn 0.00000000 0.00001533 1.00000000
vn 0.00000000 0.00001533 1.00000000
vn 0.00000000 0.00001533 1.00000000
vn 0.00000000 0.00001533 1.00000000
vn 0.00000000 0.00001533 1.00000000
vn 0.00000000 0.00001533 1.00000000
vn 0.00000000 0.00001533 1.00000000
vn 0.00000000 0.00001533 1.00000000
vn 0.00000000 0.00001533 1.00000000
vn 0.00000000 0.00001533 1.00000000
vn 0.00000000 0.00001533 1.00000000
vn 0.00000000 0.00001533 1.00000000
vn 0.00000000 0.00001533 1.00000000
vn 0.00000000 0.00001533 1.00000000
vn 0.00000000 0.00001533 1.00000000
vn 0.00000000 0.00001533 1.00000000
vn 0.00000000 0.00001533 1.00000000
vn 0.00000000 0.00001533 1.00000000
vn 0.00000000 0.00001533 1.00000000
vn 0.00000000 0.00001533 1.00000000
vn 0.00000000 0.00001533 1.00000000
vn 0.00000000 0.00001533 1.00000000
vn 0.00000000 0.00001533 1.00000000
vn 0.00000000 0.00001533 1.00000000
vn 0.00000000 0.00001533 1.00000000
vn 0.00000000 0.00001533 1.00000000
vn 0.00000000 0.00001533 1.00000000
vn 0.00000000 0.00001533 1.00000000
vn 0.00000000 0.00001533 1.00000000
vn 0.00000000 0.00001533 1.00000000
vn 0.00000000 0.00001533 1.00000000
vn 0.00000000 0.00001533 1.00000000
vn 0.00000000 0.00001533 1.00000000
vn 0.00000000 0.00001533 1.00000000
vn 0.00000000 0.00001533 1.00000000
vn 0.00000000 0.00001533 1.00000000
vn 0.00000000 0.00001533 1.00000000
vn 0.00000000 0.00001533 1.00000000
vn 0.00000000 0.00001533 1.00000000
vn 0.00000000 0.00001533 1.00000000
vn 0.00000000 0.00001533 1.00000000
vn 0.00000000 0.00001533 1.00000000
vn 0.00000000 0.00001533 1.00000000
vn 0.00000000 0.00001533 1.00000000
vn 0.00000000 0.00001533 1.00000000
vn 0.00000000 0.00001533 1.00000000
vn 0.00000000 0.00001533 1.00000000
vn 0.00000000 0.00001533 1.00000000
# material_color 0.400000 0.329412 0.631373 1.0
# s3d_label 0
f 1/1/1 2/2/2 3/3/3
# material_color 0.400000 0.329412 0.631373 1.0
# s3d_label 0
f 4/4/4 5/5/5 6/6/6
# material_color 0.400000 0.329412 0.631373 1.0
# s3d_label 0
f 7/7/7 8/8/8 9/9/9
# material_color 0.400000 0.329412 0.631373 1.0
# s3d_label 0
f 10/10/10 11/11/11 12/12/12
# material_color 0.400000 0.329412 0.631373 1.0
# s3d_label 0
f 13/13/13 14/14/14 15/15/15
# material_color 0.400000 0.329412 0.631373 1.0
# s3d_label 0
f 16/16/16 17/17/17 18/18/18
# material_color 0.400000 0.329412 0.631373 1.0
# s3d_label 0
f 19/19/19 20/20/20 21/21/21
# material_color 0.400000 0.329412 0.631373 1.0
# s3d_label 0
f 22/22/22 23/23/23 24/24/24
# material_color 0.400000 0.329412 0.631373 1.0
# s3d_label 0
f 25/25/25 26/26/26 27/27/27
# material_color 0.400000 0.329412 0.631373 1.0
# s3d_label 0
f 28/28/28 29/29/29 30/30/30
# material_color 0.400000 0.329412 0.631373 1.0
# s3d_label 0
f 31/31/31 32/32/32 33/33/33
# material_color 0.400000 0.329412 0.631373 1.0
# s3d_label 0
f 34/34/34 35/35/35 36/36/36
# material_color 0.400000 0.329412 0.631373 1.0
# s3d_label 0
f 37/37/37 38/38/38 39/39/39
# material_color 0.400000 0.329412 0.631373 1.0
# s3d_label 0
f 40/40/40 41/41/41 42/42/42
# material_color 0.400000 0.329412 0.631373 1.0
# s3d_label 0
f 43/43/43 44/44/44 45/45/45
# material_color 0.400000 0.329412 0.631373 1.0
# s3d_label 0
f 46/46/46 47/47/47 48/48/48
# material_color 0.400000 0.329412 0.631373 1.0
# s3d_label 0
f 49/49/49 50/50/50 51/51/51
# material_color 0.400000 0.329412 0.631373 1.0
# s3d_label 0
f 52/52/52 53/53/53 54/54/54
# material_color 0.400000 0.329412 0.631373 1.0
# s3d_label 0
f 55/55/55 56/56/56 57/57/57
# material_color 0.400000 0.329412 0.631373 1.0
# s3d_label 0
f 58/58/58 59/59/59 60/60/60
# material_color 0.400000 0.329412 0.631373 1.0
# s3d_label 0
f 61/61/61 62/62/62 63/63/63
# material_color 0.400000 0.329412 0.631373 1.0
# s3d_label 0
f 64/64/64 65/65/65 66/66/66
# material_color 0.400000 0.329412 0.631373 1.0
# s3d_label 0
f 67/67/67 68/68/68 69/69/69
# material_color 0.400000 0.329412 0.631373 1.0
# s3d_label 0
f 70/70/70 71/71/71 72/72/72
# material_color 0.400000 0.329412 0.631373 1.0
# s3d_label 0
f 73/73/73 74/74/74 75/75/75
# material_color 0.400000 0.329412 0.631373 1.0
# s3d_label 0
f 76/76/76 77/77/77 78/78/78
# material_color 0.400000 0.329412 0.631373 1.0
# s3d_label 0
f 79/79/79 80/80/80 81/81/81
# material_color 0.400000 0.329412 0.631373 1.0
# s3d_label 0
f 82/82/82 83/83/83 84/84/84
# material_color 0.400000 0.329412 0.631373 1.0
# s3d_label 0
f 85/85/85 86/86/86 87/87/87
# material_color 0.400000 0.329412 0.631373 1.0
# s3d_label 0
f 88/88/88 89/89/89 90/90/90
# material_color 0.400000 0.329412 0.631373 1.0
# s3d_label 0
f 91/91/91 92/92/92 93/93/93
# material_color 0.400000 0.329412 0.631373 1.0
# s3d_label 0
f 94/94/94 95/95/95 96/96/96
# material_color 0.400000 0.329412 0.631373 1.0
# s3d_label 0
f 97/97/97 98/98/98 99/99/99
# material_color 0.400000 0.329412 0.631373 1.0
# s3d_label 0
f 100/100/100 101/101/101 102/102/102
# material_color 0.400000 0.329412 0.631373 1.0
# s3d_label 0
f 103/103/103 104/104/104 105/105/105
# material_color 0.400000 0.329412 0.631373 1.0
# s3d_label 0
f 106/106/106 107/107/107 108/108/108
# material_color 0.400000 0.329412 0.631373 1.0
# s3d_label 0
f 109/109/109 110/110/110 111/111/111
# material_color 0.400000 0.329412 0.631373 1.0
# s3d_label 0
f 112/112/112 113/113/113 114/114/114
# material_color 0.400000 0.329412 0.631373 1.0
# s3d_label 0
f 115/115/115 116/116/116 117/117/117
# material_color 0.400000 0.329412 0.631373 1.0
# s3d_label 0
f 118/118/118 119/119/119 120/120/120
# material_color 0.400000 0.329412 0.631373 1.0
# s3d_label 0
f 121/121/121 122/122/122 123/123/123
# material_color 0.400000 0.329412 0.631373 1.0
# s3d_label 0
f 124/124/124 125/125/125 126/126/126
# material_color 0.400000 0.329412 0.631373 1.0
# s3d_label 0
f 127/127/127 128/128/128 129/129/129
# material_color 0.400000 0.329412 0.631373 1.0
# s3d_label 0
f 130/130/130 131/131/131 132/132/132
# material_color 0.400000 0.329412 0.631373 1.0
# s3d_label 0
f 133/133/133 134/134/134 135/135/135
# material_color 0.400000 0.329412 0.631373 1.0
# s3d_label 0
f 136/136/136 137/137/137 138/138/138
# material_color 0.400000 0.329412 0.631373 1.0
# s3d_label 0
f 139/139/139 140/140/140 141/141/141
# material_color 0.400000 0.329412 0.631373 1.0
# s3d_label 0
f 142/142/142 143/143/143 144/144/144
# material_color 0.400000 0.329412 0.631373 1.0
# s3d_label 0
f 145/145/145 146/146/146 147/147/147
# material_color 0.400000 0.329412 0.631373 1.0
# s3d_label 0
f 148/148/148 149/149/149 150/150/150
# material_color 0.400000 0.329412 0.631373 1.0
# s3d_label 0
f 151/151/151 152/152/152 153/153/153
# material_color 0.400000 0.329412 0.631373 1.0
# s3d_label 0
f 154/154/154 155/155/155 156/156/156
# material_color 0.400000 0.329412 0.631373 1.0
# s3d_label 0
f 157/157/157 158/158/158 159/159/159
# material_color 0.400000 0.329412 0.631373 1.0
# s3d_label 0
f 160/160/160 161/161/161 162/162/162
# material_color 0.400000 0.329412 0.631373 1.0
# s3d_label 0
f 163/163/163 164/164/164 165/165/165
# material_color 0.400000 0.329412 0.631373 1.0
# s3d_label 0
f 166/166/166 167/167/167 168/168/168
# material_color 0.400000 0.329412 0.631373 1.0
# s3d_label 0
f 169/169/169 170/170/170 171/171/171
# material_color 0.400000 0.329412 0.631373 1.0
# s3d_label 0
f 172/172/172 173/173/173 174/174/174
# material_color 0.400000 0.329412 0.631373 1.0
# s3d_label 0
f 175/175/175 176/176/176 177/177/177
# material_color 0.400000 0.329412 0.631373 1.0
# s3d_label 0
f 178/178/178 179/179/179 180/180/180
# material_color 0.400000 0.329412 0.631373 1.0
# s3d_label 0
f 181/181/181 182/182/182 183/183/183
# material_color 0.400000 0.329412 0.631373 1.0
# s3d_label 0
f 184/184/184 185/185/185 186/186/186
# material_color 0.400000 0.329412 0.631373 1.0
# s3d_label 0
f 187/187/187 188/188/188 189/189/189
# material_color 0.400000 0.329412 0.631373 1.0
# s3d_label 0
f 190/190/190 191/191/191 192/192/192
# material_color 0.400000 0.329412 0.631373 1.0
# s3d_label 0
f 193/193/193 194/194/194 195/195/195
# material_color 0.400000 0.329412 0.631373 1.0
# s3d_label 0
f 196/196/196 197/197/197 198/198/198
# material_color 0.400000 0.329412 0.631373 1.0
# s3d_label 0
f 199/199/199 200/200/200 201/201/201
# material_color 0.400000 0.329412 0.631373 1.0
# s3d_label 0
f 202/202/202 203/203/203 204/204/204
# material_color 0.400000 0.329412 0.631373 1.0
# s3d_label 0
f 205/205/205 206/206/206 207/207/207
# material_color 0.400000 0.329412 0.631373 1.0
# s3d_label 0
f 208/208/208 209/209/209 210/210/210
# material_color 0.400000 0.329412 0.631373 1.0
# s3d_label 0
f 211/211/211 212/212/212 213/213/213
# material_color 0.400000 0.329412 0.631373 1.0
# s3d_label 0
f 214/214/214 215/215/215 216/216/216
# material_color 0.400000 0.329412 0.631373 1.0
# s3d_label 0
f 217/217/217 218/218/218 219/219/219
# material_color 0.400000 0.329412 0.631373 1.0
# s3d_label 0
f 220/220/220 221/221/221 222/222/222
# material_color 0.400000 0.329412 0.631373 1.0
# s3d_label 0
f 223/223/223 224/224/224 225/225/225
# material_color 0.400000 0.329412 0.631373 1.0
# s3d_label 0
f 226/226/226 227/227/227 228/228/228
# material_color 0.400000 0.329412 0.631373 1.0
# s3d_label 0
f 229/229/229 230/230/230 231/231/231
# material_color 0.400000 0.329412 0.631373 1.0
# s3d_label 0
f 232/232/232 233/233/233 234/234/234
# material_color 0.400000 0.329412 0.631373 1.0
# s3d_label 0
f 235/235/235 236/236/236 237/237/237
# material_color 0.400000 0.329412 0.631373 1.0
# s3d_label 0
f 238/238/238 239/239/239 240/240/240
# material_color 0.400000 0.329412 0.631373 1.0
# s3d_label 0
f 241/241/241 242/242/242 243/243/243
# material_color 0.400000 0.329412 0.631373 1.0
# s3d_label 0
f 244/244/244 245/245/245 246/246/246
# material_color 0.400000 0.329412 0.631373 1.0
# s3d_label 0
f 247/247/247 248/248/248 249/249/249
# material_color 0.400000 0.329412 0.631373 1.0
# s3d_label 0
f 250/250/250 251/251/251 252/252/252
# material_color 0.400000 0.329412 0.631373 1.0
# s3d_label 0
f 253/253/253 254/254/254 255/255/255
# material_color 0.400000 0.329412 0.631373 1.0
# s3d_label 0
f 256/256/256 257/257/257 258/258/258
# material_color 0.400000 0.329412 0.631373 1.0
# s3d_label 0
f 259/259/259 260/260/260 261/261/261
# material_color 0.400000 0.329412 0.631373 1.0
# s3d_label 0
f 262/262/262 263/263/263 264/264/264
# material_color 0.400000 0.329412 0.631373 1.0
# s3d_label 0
f 265/265/265 266/266/266 267/267/267
# material_color 0.400000 0.329412 0.631373 1.0
# s3d_label 0
f 268/268/268 269/269/269 270/270/270
# material_color 0.400000 0.329412 0.631373 1.0
# s3d_label 0
f 271/271/271 272/272/272 273/273/273
# material_color 0.400000 0.329412 0.631373 1.0
# s3d_label 0
f 274/274/274 275/275/275 276/276/276
# material_color 0.400000 0.329412 0.631373 1.0
# s3d_label 0
f 277/277/277 278/278/278 279/279/279
# material_color 0.400000 0.329412 0.631373 1.0
# s3d_label 0
f 280/280/280 281/281/281 282/282/282
# material_color 0.400000 0.329412 0.631373 1.0
# s3d_label 0
f 283/283/283 284/284/284 285/285/285
# material_color 0.400000 0.329412 0.631373 1.0
# s3d_label 0
f 286/286/286 287/287/287 288/288/288
# material_color 0.400000 0.329412 0.631373 1.0
# s3d_label 0
f 289/289/289 290/290/290 291/291/291
# material_color 0.400000 0.329412 0.631373 1.0
# s3d_label 0
f 292/292/292 293/293/293 294/294/294
# material_color 0.400000 0.329412 0.631373 1.0
# s3d_label 0
f 295/295/295 296/296/296 297/297/297
# material_color 0.400000 0.329412 0.631373 1.0
# s3d_label 0
f 298/298/298 299/299/299 300/300/300
# material_color 0.400000 0.329412 0.631373 1.0
# s3d_label 0
f 301/301/301 302/302/302 303/303/303
# material_color 0.400000 0.329412 0.631373 1.0
# s3d_label 0
f 304/304/304 305/305/305 306/306/306
# material_color 0.400000 0.329412 0.631373 1.0
# s3d_label 0
f 307/307/307 308/308/308 309/309/309
# material_color 0.400000 0.329412 0.631373 1.0
# s3d_label 0
f 310/310/310 311/311/311 312/312/312
# material_color 0.400000 0.329412 0.631373 1.0
# s3d_label 0
f 313/313/313 314/314/314 315/315/315
# material_color 0.400000 0.329412 0.631373 1.0
# s3d_label 0
f 316/316/316 317/317/317 318/318/318
# material_color 0.400000 0.329412 0.631373 1.0
# s3d_label 0
f 319/319/319 320/320/320 321/321/321
# material_color 0.400000 0.329412 0.631373 1.0
# s3d_label 0
f 322/322/322 323/323/323 324/324/324
# material_color 0.400000 0.329412 0.631373 1.0
# s3d_label 0
f 325/325/325 326/326/326 327/327/327
# material_color 0.400000 0.329412 0.631373 1.0
# s3d_label 0
f 328/328/328 329/329/329 330/330/330
# material_color 0.400000 0.329412 0.631373 1.0
# s3d_label 0
f 331/331/331 332/332/332 333/333/333
# material_color 0.400000 0.329412 0.631373 1.0
# s3d_label 0
f 334/334/334 335/335/335 336/336/336
# material_color 0.400000 0.329412 0.631373 1.0
# s3d_label 0
f 337/337/337 338/338/338 339/339/339
# material_color 0.400000 0.329412 0.631373 1.0
# s3d_label 0
f 340/340/340 341/341/341 342/342/342
# material_color 0.400000 0.329412 0.631373 1.0
# s3d_label 0
f 343/343/343 344/344/344 345/345/345
# material_color 0.400000 0.329412 0.631373 1.0
# s3d_label 0
f 346/346/346 347/347/347 348/348/348
# material_color 0.400000 0.329412 0.631373 1.0
# s3d_label 0
f 349/349/349 350/350/350 351/351/351
# material_color 0.400000 0.329412 0.631373 1.0
# s3d_label 0
f 352/352/352 353/353/353 354/354/354
# material_color 0.400000 0.329412 0.631373 1.0
# s3d_label 0
f 355/355/355 356/356/356 357/357/357
# material_color 0.400000 0.329412 0.631373 1.0
# s3d_label 0
f 358/358/358 359/359/359 360/360/360
# material_color 0.400000 0.329412 0.631373 1.0
# s3d_label 0
f 361/361/361 362/362/362 363/363/363
# material_color 0.400000 0.329412 0.631373 1.0
# s3d_label 0
f 364/364/364 365/365/365 366/366/366
# material_color 0.400000 0.329412 0.631373 1.0
# s3d_label 0
f 367/367/367 368/368/368 369/369/369
# material_color 0.400000 0.329412 0.631373 1.0
# s3d_label 0
f 370/370/370 371/371/371 372/372/372
# material_color 0.400000 0.329412 0.631373 1.0
# s3d_label 0
f 373/373/373 374/374/374 375/375/375
# material_color 0.400000 0.329412 0.631373 1.0
# s3d_label 0
f 376/376/376 377/377/377 378/378/378
# material_color 0.400000 0.329412 0.631373 1.0
# s3d_label 0
f 379/379/379 380/380/380 381/381/381
# material_color 0.400000 0.329412 0.631373 1.0
# s3d_label 0
f 382/382/382 383/383/383 384/384/384
# material_color 0.400000 0.329412 0.631373 1.0
# s3d_label 0
f 385/385/385 386/386/386 387/387/387
# material_color 0.400000 0.329412 0.631373 1.0
# s3d_label 0
f 388/388/388 389/389/389 390/390/390
# material_color 0.400000 0.329412 0.631373 1.0
# s3d_label 0
f 391/391/391 392/392/392 393/393/393
# material_color 0.400000 0.329412 0.631373 1.0
# s3d_label 0
f 394/394/394 395/395/395 396/396/396
# material_color 0.400000 0.329412 0.631373 1.0
# s3d_label 0
f 397/397/397 398/398/398 399/399/399
# material_color 0.400000 0.329412 0.631373 1.0
# s3d_label 0
f 400/400/400 401/401/401 402/402/402
# material_color 0.400000 0.329412 0.631373 1.0
# s3d_label 0
f 403/403/403 404/404/404 405/405/405
# material_color 0.400000 0.329412 0.631373 1.0
# s3d_label 0
f 406/406/406 407/407/407 408/408/408
# material_color 0.400000 0.329412 0.631373 1.0
# s3d_label 0
f 409/409/409 410/410/410 411/411/411
# material_color 0.400000 0.329412 0.631373 1.0
# s3d_label 0
f 412/412/412 413/413/413 414/414/414
# material_color 0.400000 0.329412 0.631373 1.0
# s3d_label 0
f 415/415/415 416/416/416 417/417/417
# material_color 0.400000 0.329412 0.631373 1.0
# s3d_label 0
f 418/418/418 419/419/419 420/420/420
# material_color 0.400000 0.329412 0.631373 1.0
# s3d_label 0
f 421/421/421 422/422/422 423/423/423
# material_color 0.400000 0.329412 0.631373 1.0
# s3d_label 0
f 424/424/424 425/425/425 426/426/426
# material_color 0.400000 0.329412 0.631373 1.0
# s3d_label 0
f 427/427/427 428/428/428 429/429/429
# material_color 0.400000 0.329412 0.631373 1.0
# s3d_label 0
f 430/430/430 431/431/431 432/432/432
# material_color 0.400000 0.329412 0.631373 1.0
# s3d_label 0
f 433/433/433 434/434/434 435/435/435
# material_color 0.400000 0.329412 0.631373 1.0
# s3d_label 0
f 436/436/436 437/437/437 438/438/438
# material_color 0.400000 0.329412 0.631373 1.0
# s3d_label 0
f 439/439/439 440/440/440 441/441/441
# material_color 0.400000 0.329412 0.631373 1.0
# s3d_label 0
f 442/442/442 443/443/443 444/444/444
# material_color 0.400000 0.329412 0.631373 1.0
# s3d_label 0
f 445/445/445 446/446/446 447/447/447
# material_color 0.400000 0.329412 0.631373 1.0
# s3d_label 0
f 448/448/448 449/449/449 450/450/450
# material_color 0.400000 0.329412 0.631373 1.0
# s3d_label 0
f 451/451/451 452/452/452 453/453/453
# material_color 0.400000 0.329412 0.631373 1.0
# s3d_label 0
f 454/454/454 455/455/455 456/456/456
# material_color 0.400000 0.329412 0.631373 1.0
# s3d_label 0
f 457/457/457 458/458/458 459/459/459
# material_color 0.400000 0.329412 0.631373 1.0
# s3d_label 0
f 460/460/460 461/461/461 462/462/462
# material_color 0.400000 0.329412 0.631373 1.0
# s3d_label 0
f 463/463/463 464/464/464 465/465/465
# material_color 0.400000 0.329412 0.631373 1.0
# s3d_label 0
f 466/466/466 467/467/467 468/468/468
# material_color 0.400000 0.329412 0.631373 1.0
# s3d_label 0
f 469/469/469 470/470/470 471/471/471
# material_color 0.400000 0.329412 0.631373 1.0
# s3d_label 0
f 472/472/472 473/473/473 474/474/474
# material_color 0.400000 0.329412 0.631373 1.0
# s3d_label 0
f 475/475/475 476/476/476 477/477/477
# material_color 0.400000 0.329412 0.631373 1.0
# s3d_label 0
f 478/478/478 479/479/479 480/480/480
# material_color 0.400000 0.329412 0.631373 1.0
# s3d_label 0
f 481/481/481 482/482/482 483/483/483
# material_color 0.400000 0.329412 0.631373 1.0
# s3d_label 0
f 484/484/484 485/485/485 486/486/486
# material_color 0.400000 0.329412 0.631373 1.0
# s3d_label 0
f 487/487/487 488/488/488 489/489/489
# material_color 0.400000 0.329412 0.631373 1.0
# s3d_label 0
f 490/490/490 491/491/491 492/492/492
# material_color 0.400000 0.329412 0.631373 1.0
# s3d_label 0
f 493/493/493 494/494/494 495/495/495
# material_color 0.400000 0.329412 0.631373 1.0
# s3d_label 0
f 496/496/496 497/497/497 498/498/498
# material_color 0.400000 0.329412 0.631373 1.0
# s3d_label 0
f 499/499/499 500/500/500 501/501/501
# material_color 0.400000 0.329412 0.631373 1.0
# s3d_label 0
f 502/502/502 503/503/503 504/504/504
# material_color 0.400000 0.329412 0.631373 1.0
# s3d_label 0
f 505/505/505 506/506/506 507/507/507
# material_color 0.400000 0.329412 0.631373 1.0
# s3d_label 0
f 508/508/508 509/509/509 510/510/510
# material_color 0.400000 0.329412 0.631373 1.0
# s3d_label 0
f 511/511/511 512/512/512 513/513/513
# material_color 0.400000 0.329412 0.631373 1.0
# s3d_label 0
f 514/514/514 515/515/515 516/516/516
# material_color 0.400000 0.329412 0.631373 1.0
# s3d_label 0
f 517/517/517 518/518/518 519/519/519
# material_color 0.400000 0.329412 0.631373 1.0
# s3d_label 0
f 520/520/520 521/521/521 522/522/522
# material_color 0.400000 0.329412 0.631373 1.0
# s3d_label 0
f 523/523/523 524/524/524 525/525/525
# material_color 0.400000 0.329412 0.631373 1.0
# s3d_label 0
f 526/526/526 527/527/527 528/528/528
# material_color 0.400000 0.329412 0.631373 1.0
# s3d_label 0
f 529/529/529 530/530/530 531/531/531
# material_color 0.400000 0.329412 0.631373 1.0
# s3d_label 0
f 532/532/532 533/533/533 534/534/534
# material_color 0.400000 0.329412 0.631373 1.0
# s3d_label 0
f 535/535/535 536/536/536 537/537/537
# material_color 0.400000 0.329412 0.631373 1.0
# s3d_label 0
f 538/538/538 539/539/539 540/540/540
# material_color 0.400000 0.329412 0.631373 1.0
# s3d_label 0
f 541/541/541 542/542/542 543/543/543
# material_color 0.400000 0.329412 0.631373 1.0
# s3d_label 0
f 544/544/544 545/545/545 546/546/546
# material_color 0.400000 0.329412 0.631373 1.0
# s3d_label 0
f 547/547/547 548/548/548 549/549/549
# material_color 0.400000 0.329412 0.631373 1.0
# s3d_label 0
f 550/550/550 551/551/551 552/552/552
# material_color 0.400000 0.329412 0.631373 1.0
# s3d_label 0
f 553/553/553 554/554/554 555/555/555
# material_color 0.400000 0.329412 0.631373 1.0
# s3d_label 0
f 556/556/556 557/557/557 558/558/558
# material_color 0.400000 0.329412 0.631373 1.0
# s3d_label 0
f 559/559/559 560/560/560 561/561/561
# material_color 0.400000 0.329412 0.631373 1.0
# s3d_label 0
f 562/562/562 563/563/563 564/564/564
# material_color 0.400000 0.329412 0.631373 1.0
# s3d_label 0
f 565/565/565 566/566/566 567/567/567
# material_color 0.400000 0.329412 0.631373 1.0
# s3d_label 0
f 568/568/568 569/569/569 570/570/570
# material_color 0.400000 0.329412 0.631373 1.0
# s3d_label 0
f 571/571/571 572/572/572 573/573/573
# material_color 0.400000 0.329412 0.631373 1.0
# s3d_label 0
f 574/574/574 575/575/575 576/576/576
# material_color 0.400000 0.329412 0.631373 1.0
# s3d_label 0
f 577/577/577 578/578/578 579/579/579
# material_color 0.400000 0.329412 0.631373 1.0
# s3d_label 0
f 580/580/580 581/581/581 582/582/582
# material_color 0.400000 0.329412 0.631373 1.0
# s3d_label 0
f 583/583/583 584/584/584 585/585/585
# material_color 0.400000 0.329412 0.631373 1.0
# s3d_label 0
f 586/586/586 587/587/587 588/588/588
# material_color 0.400000 0.329412 0.631373 1.0
# s3d_label 0
f 589/589/589 590/590/590 591/591/591
# material_color 0.400000 0.329412 0.631373 1.0
# s3d_label 0
f 592/592/592 593/593/593 594/594/594
# material_color 0.400000 0.329412 0.631373 1.0
# s3d_label 0
f 595/595/595 596/596/596 597/597/597
# material_color 0.400000 0.329412 0.631373 1.0
# s3d_label 0
f 598/598/598 599/599/599 600/600/600
# material_color 0.400000 0.329412 0.631373 1.0
# s3d_label 0
f 601/601/601 602/602/602 603/603/603
# material_color 0.400000 0.329412 0.631373 1.0
# s3d_label 0
f 604/604/604 605/605/605 606/606/606
# material_color 0.400000 0.329412 0.631373 1.0
# s3d_label 0
f 607/607/607 608/608/608 609/609/609
# material_color 0.400000 0.329412 0.631373 1.0
# s3d_label 0
f 610/610/610 611/611/611 612/612/612
# material_color 0.400000 0.329412 0.631373 1.0
# s3d_label 0
f 613/613/613 614/614/614 615/615/615
# material_color 0.400000 0.329412 0.631373 1.0
# s3d_label 0
f 616/616/616 617/617/617 618/618/618
# material_color 0.400000 0.329412 0.631373 1.0
# s3d_label 0
f 619/619/619 620/620/620 621/621/621
# material_color 0.400000 0.329412 0.631373 1.0
# s3d_label 0
f 622/622/622 623/623/623 624/624/624
# material_color 0.400000 0.329412 0.631373 1.0
# s3d_label 0
f 625/625/625 626/626/626 627/627/627
# material_color 0.400000 0.329412 0.631373 1.0
# s3d_label 0
f 628/628/628 629/629/629 630/630/630
# material_color 0.400000 0.329412 0.631373 1.0
# s3d_label 0
f 631/631/631 632/632/632 633/633/633
# material_color 0.400000 0.329412 0.631373 1.0
# s3d_label 0
f 634/634/634 635/635/635 636/636/636
# material_color 0.400000 0.329412 0.631373 1.0
# s3d_label 0
f 637/637/637 638/638/638 639/639/639
# material_color 0.400000 0.329412 0.631373 1.0
# s3d_label 0
f 640/640/640 641/641/641 642/642/642
# material_color 0.400000 0.329412 0.631373 1.0
# s3d_label 0
f 643/643/643 644/644/644 645/645/645
# material_color 0.400000 0.329412 0.631373 1.0
# s3d_label 0
f 646/646/646 647/647/647 648/648/648
# material_color 0.400000 0.329412 0.631373 1.0
# s3d_label 0
f 649/649/649 650/650/650 651/651/651
# material_color 0.400000 0.329412 0.631373 1.0
# s3d_label 0
f 652/652/652 653/653/653 654/654/654
# material_color 0.400000 0.329412 0.631373 1.0
# s3d_label 0
f 655/655/655 656/656/656 657/657/657
# material_color 0.400000 0.329412 0.631373 1.0
# s3d_label 0
f 658/658/658 659/659/659 660/660/660
# material_color 0.400000 0.329412 0.631373 1.0
# s3d_label 0
f 661/661/661 662/662/662 663/663/663
# material_color 0.400000 0.329412 0.631373 1.0
# s3d_label 0
f 664/664/664 665/665/665 666/666/666
# material_color 0.400000 0.329412 0.631373 1.0
# s3d_label 0
f 667/667/667 668/668/668 669/669/669
# material_color 0.400000 0.329412 0.631373 1.0
# s3d_label 0
f 670/670/670 671/671/671 672/672/672
# material_color 0.400000 0.329412 0.631373 1.0
# s3d_label 0
f 673/673/673 674/674/674 675/675/675
# material_color 0.400000 0.329412 0.631373 1.0
# s3d_label 0
f 676/676/676 677/677/677 678/678/678
# material_color 0.400000 0.329412 0.631373 1.0
# s3d_label 0
f 679/679/679 680/680/680 681/681/681
# material_color 0.400000 0.329412 0.631373 1.0
# s3d_label 0
f 682/682/682 683/683/683 684/684/684
# material_color 0.400000 0.329412 0.631373 1.0
# s3d_label 0
f 685/685/685 686/686/686 687/687/687
# material_color 0.400000 0.329412 0.631373 1.0
# s3d_label 0
f 688/688/688 689/689/689 690/690/690
# material_color 0.400000 0.329412 0.631373 1.0
# s3d_label 0
f 691/691/691 692/692/692 693/693/693
# material_color 0.400000 0.329412 0.631373 1.0
# s3d_label 0
f 694/694/694 695/695/695 696/696/696
# material_color 0.400000 0.329412 0.631373 1.0
# s3d_label 0
f 697/697/697 698/698/698 699/699/699
# material_color 0.400000 0.329412 0.631373 1.0
# s3d_label 0
f 700/700/700 701/701/701 702/702/702
# material_color 0.400000 0.329412 0.631373 1.0
# s3d_label 0
f 703/703/703 704/704/704 705/705/705
# material_color 0.400000 0.329412 0.631373 1.0
# s3d_label 0
f 706/706/706 707/707/707 708/708/708
# material_color 0.400000 0.329412 0.631373 1.0
# s3d_label 0
f 709/709/709 710/710/710 711/711/711
# material_color 0.400000 0.329412 0.631373 1.0
# s3d_label 0
f 712/712/712 713/713/713 714/714/714
# material_color 0.400000 0.329412 0.631373 1.0
# s3d_label 0
f 715/715/715 716/716/716 717/717/717
# material_color 0.400000 0.329412 0.631373 1.0
# s3d_label 0
f 718/718/718 719/719/719 720/720/720
# material_color 0.400000 0.329412 0.631373 1.0
# s3d_label 0
f 721/721/721 722/722/722 723/723/723
# material_color 0.400000 0.329412 0.631373 1.0
# s3d_label 0
f 724/724/724 725/725/725 726/726/726
# material_color 0.400000 0.329412 0.631373 1.0
# s3d_label 0
f 727/727/727 728/728/728 729/729/729
# material_color 0.400000 0.329412 0.631373 1.0
# s3d_label 0
f 730/730/730 731/731/731 732/732/732
# material_color 0.400000 0.329412 0.631373 1.0
# s3d_label 0
f 733/733/733 734/734/734 735/735/735
# material_color 0.400000 0.329412 0.631373 1.0
# s3d_label 0
f 736/736/736 737/737/737 738/738/738
# material_color 0.400000 0.329412 0.631373 1.0
# s3d_label 0
f 739/739/739 740/740/740 741/741/741
# material_color 0.400000 0.329412 0.631373 1.0
# s3d_label 0
f 742/742/742 743/743/743 744/744/744
# material_color 0.400000 0.329412 0.631373 1.0
# s3d_label 0
f 745/745/745 746/746/746 747/747/747
# material_color 0.400000 0.329412 0.631373 1.0
# s3d_label 0
f 748/748/748 749/749/749 750/750/750
# material_color 0.400000 0.329412 0.631373 1.0
# s3d_label 0
f 751/751/751 752/752/752 753/753/753
# material_color 0.400000 0.329412 0.631373 1.0
# s3d_label 0
f 754/754/754 755/755/755 756/756/756
# material_color 0.400000 0.329412 0.631373 1.0
# s3d_label 0
f 757/757/757 758/758/758 759/759/759
# material_color 0.400000 0.329412 0.631373 1.0
# s3d_label 0
f 760/760/760 761/761/761 762/762/762
# material_color 0.400000 0.329412 0.631373 1.0
# s3d_label 0
f 763/763/763 764/764/764 765/765/765
# material_color 0.400000 0.329412 0.631373 1.0
# s3d_label 0
f 766/766/766 767/767/767 768/768/768
# material_color 0.400000 0.329412 0.631373 1.0
# s3d_label 0
f 769/769/769 770/770/770 771/771/771
# material_color 0.400000 0.329412 0.631373 1.0
# s3d_label 0
f 772/772/772 773/773/773 774/774/774
# material_color 0.400000 0.329412 0.631373 1.0
# s3d_label 0
f 775/775/775 776/776/776 777/777/777
# material_color 0.400000 0.329412 0.631373 1.0
# s3d_label 0
f 778/778/778 779/779/779 780/780/780
# material_color 0.400000 0.329412 0.631373 1.0
# s3d_label 0
f 781/781/781 782/782/782 783/783/783
# material_color 0.400000 0.329412 0.631373 1.0
# s3d_label 0
f 784/784/784 785/785/785 786/786/786
# material_color 0.400000 0.329412 0.631373 1.0
# s3d_label 0
f 787/787/787 788/788/788 789/789/789
# material_color 0.400000 0.329412 0.631373 1.0
# s3d_label 0
f 790/790/790 791/791/791 792/792/792
# material_color 0.400000 0.329412 0.631373 1.0
# s3d_label 0
f 793/793/793 794/794/794 795/795/795
# material_color 0.400000 0.329412 0.631373 1.0
# s3d_label 0
f 796/796/796 797/797/797 798/798/798
# material_color 0.400000 0.329412 0.631373 1.0
# s3d_label 0
f 799/799/799 800/800/800 801/801/801
# material_color 0.400000 0.329412 0.631373 1.0
# s3d_label 0
f 802/802/802 803/803/803 804/804/804
# material_color 0.400000 0.329412 0.631373 1.0
# s3d_label 0
f 805/805/805 806/806/806 807/807/807
# material_color 0.400000 0.329412 0.631373 1.0
# s3d_label 0
f 808/808/808 809/809/809 810/810/810
# material_color 0.400000 0.329412 0.631373 1.0
# s3d_label 0
f 811/811/811 812/812/812 813/813/813
# material_color 0.400000 0.329412 0.631373 1.0
# s3d_label 0
f 814/814/814 815/815/815 816/816/816
# material_color 0.400000 0.329412 0.631373 1.0
# s3d_label 0
f 817/817/817 818/818/818 819/819/819
# material_color 0.400000 0.329412 0.631373 1.0
# s3d_label 0
f 820/820/820 821/821/821 822/822/822
# material_color 0.400000 0.329412 0.631373 1.0
# s3d_label 0
f 823/823/823 824/824/824 825/825/825
# material_color 0.400000 0.329412 0.631373 1.0
# s3d_label 0
f 826/826/826 827/827/827 828/828/828
# material_color 0.400000 0.329412 0.631373 1.0
# s3d_label 0
f 829/829/829 830/830/830 831/831/831
# material_color 0.400000 0.329412 0.631373 1.0
# s3d_label 0
f 832/832/832 833/833/833 834/834/834
# material_color 0.400000 0.329412 0.631373 1.0
# s3d_label 0
f 835/835/835 836/836/836 837/837/837
# material_color 0.400000 0.329412 0.631373 1.0
# s3d_label 0
f 838/838/838 839/839/839 840/840/840
# material_color 0.400000 0.329412 0.631373 1.0
# s3d_label 0
f 841/841/841 842/842/842 843/843/843
# material_color 0.400000 0.329412 0.631373 1.0
# s3d_label 0
f 844/844/844 845/845/845 846/846/846
# material_color 0.400000 0.329412 0.631373 1.0
# s3d_label 0
f 847/847/847 848/848/848 849/849/849
# material_color 0.400000 0.329412 0.631373 1.0
# s3d_label 0
f 850/850/850 851/851/851 852/852/852
# material_color 0.400000 0.329412 0.631373 1.0
# s3d_label 0
f 853/853/853 854/854/854 855/855/855
# material_color 0.400000 0.329412 0.631373 1.0
# s3d_label 0
f 856/856/856 857/857/857 858/858/858
# material_color 0.400000 0.329412 0.631373 1.0
# s3d_label 0
f 859/859/859 860/860/860 861/861/861
# material_color 0.400000 0.329412 0.631373 1.0
# s3d_label 0
f 862/862/862 863/863/863 864/864/864
# material_color 0.400000 0.329412 0.631373 1.0
# s3d_label 0
f 865/865/865 866/866/866 867/867/867
# material_color 0.400000 0.329412 0.631373 1.0
# s3d_label 0
f 868/868/868 869/869/869 870/870/870
# material_color 0.400000 0.329412 0.631373 1.0
# s3d_label 0
f 871/871/871 872/872/872 873/873/873
# material_color 0.400000 0.329412 0.631373 1.0
# s3d_label 0
f 874/874/874 875/875/875 876/876/876
# material_color 0.400000 0.329412 0.631373 1.0
# s3d_label 0
f 877/877/877 878/878/878 879/879/879
# material_color 0.400000 0.329412 0.631373 1.0
# s3d_label 0
f 880/880/880 881/881/881 882/882/882
# material_color 0.400000 0.329412 0.631373 1.0
# s3d_label 0
f 883/883/883 884/884/884 885/885/885
# material_color 0.400000 0.329412 0.631373 1.0
# s3d_label 0
f 886/886/886 887/887/887 888/888/888
# material_color 0.400000 0.329412 0.631373 1.0
# s3d_label 0
f 889/889/889 890/890/890 891/891/891
# material_color 0.400000 0.329412 0.631373 1.0
# s3d_label 0
f 892/892/892 893/893/893 894/894/894
# material_color 0.400000 0.329412 0.631373 1.0
# s3d_label 0
f 895/895/895 896/896/896 897/897/897
# material_color 0.400000 0.329412 0.631373 1.0
# s3d_label 0
f 898/898/898 899/899/899 900/900/900
# material_color 0.400000 0.329412 0.631373 1.0
# s3d_label 0
f 901/901/901 902/902/902 903/903/903
# material_color 0.400000 0.329412 0.631373 1.0
# s3d_label 0
f 904/904/904 905/905/905 906/906/906
# material_color 0.400000 0.329412 0.631373 1.0
# s3d_label 0
f 907/907/907 908/908/908 909/909/909
# material_color 0.400000 0.329412 0.631373 1.0
# s3d_label 0
f 910/910/910 911/911/911 912/912/912
# material_color 0.400000 0.329412 0.631373 1.0
# s3d_label 0
f 913/913/913 914/914/914 915/915/915
# material_color 0.400000 0.329412 0.631373 1.0
# s3d_label 0
f 916/916/916 917/917/917 918/918/918
# material_color 0.400000 0.329412 0.631373 1.0
# s3d_label 0
f 919/919/919 920/920/920 921/921/921
# material_color 0.400000 0.329412 0.631373 1.0
# s3d_label 0
f 922/922/922 923/923/923 924/924/924
# material_color 0.400000 0.329412 0.631373 1.0
# s3d_label 0
f 925/925/925 926/926/926 927/927/927
# material_color 0.400000 0.329412 0.631373 1.0
# s3d_label 0
f 928/928/928 929/929/929 930/930/930
# material_color 0.400000 0.329412 0.631373 1.0
# s3d_label 0
f 931/931/931 932/932/932 933/933/933
# material_color 0.400000 0.329412 0.631373 1.0
# s3d_label 0
f 934/934/934 935/935/935 936/936/936
# material_color 0.400000 0.329412 0.631373 1.0
# s3d_label 0
f 937/937/937 938/938/938 939/939/939
# material_color 0.400000 0.329412 0.631373 1.0
# s3d_label 0
f 940/940/940 941/941/941 942/942/942
# material_color 0.400000 0.329412 0.631373 1.0
# s3d_label 0
f 943/943/943 944/944/944 945/945/945
# material_color 0.400000 0.329412 0.631373 1.0
# s3d_label 0
f 946/946/946 947/947/947 948/948/948
# material_color 0.400000 0.329412 0.631373 1.0
# s3d_label 0
f 949/949/949 950/950/950 951/951/951
# material_color 0.400000 0.329412 0.631373 1.0
# s3d_label 0
f 952/952/952 953/953/953 954/954/954
# material_color 0.400000 0.329412 0.631373 1.0
# s3d_label 0
f 955/955/955 956/956/956 957/957/957
# material_color 0.400000 0.329412 0.631373 1.0
# s3d_label 0
f 958/958/958 959/959/959 960/960/960
# material_color 0.400000 0.329412 0.631373 1.0
# s3d_label 0
f 961/961/961 962/962/962 963/963/963
# material_color 0.400000 0.329412 0.631373 1.0
# s3d_label 0
f 964/964/964 965/965/965 966/966/966
# material_color 0.400000 0.329412 0.631373 1.0
# s3d_label 0
f 967/967/967 968/968/968 969/969/969
# material_color 0.400000 0.329412 0.631373 1.0
# s3d_label 0
f 970/970/970 971/971/971 972/972/972
# material_color 0.400000 0.329412 0.631373 1.0
# s3d_label 0
f 973/973/973 974/974/974 975/975/975
# material_color 0.400000 0.329412 0.631373 1.0
# s3d_label 0
f 976/976/976 977/977/977 978/978/978
# material_color 0.400000 0.329412 0.631373 1.0
# s3d_label 0
f 979/979/979 980/980/980 981/981/981
# material_color 0.400000 0.329412 0.631373 1.0
# s3d_label 0
f 982/982/982 983/983/983 984/984/984
# material_color 0.400000 0.329412 0.631373 1.0
# s3d_label 0
f 985/985/985 986/986/986 987/987/987
# material_color 0.400000 0.329412 0.631373 1.0
# s3d_label 0
f 988/988/988 989/989/989 990/990/990
# material_color 0.400000 0.329412 0.631373 1.0
# s3d_label 0
f 991/991/991 992/992/992 993/993/993
# material_color 0.400000 0.329412 0.631373 1.0
# s3d_label 0
f 994/994/994 995/995/995 996/996/996
# material_color 0.400000 0.329412 0.631373 1.0
# s3d_label 0
f 997/997/997 998/998/998 999/999/999
# material_color 0.400000 0.329412 0.631373 1.0
# s3d_label 0
f 1000/1000/1000 1001/1001/1001 1002/1002/1002
# material_color 0.400000 0.329412 0.631373 1.0
# s3d_label 0
f 1003/1003/1003 1004/1004/1004 1005/1005/1005
# material_color 0.400000 0.329412 0.631373 1.0
# s3d_label 0
f 1006/1006/1006 1007/1007/1007 1008/1008/1008
# material_color 0.400000 0.329412 0.631373 1.0
# s3d_label 0
f 1009/1009/1009 1010/1010/1010 1011/1011/1011
# material_color 0.400000 0.329412 0.631373 1.0
# s3d_label 0
f 1012/1012/1012 1013/1013/1013 1014/1014/1014
# material_color 0.400000 0.329412 0.631373 1.0
# s3d_label 0
f 1015/1015/1015 1016/1016/1016 1017/1017/1017
# material_color 0.400000 0.329412 0.631373 1.0
# s3d_label 0
f 1018/1018/1018 1019/1019/1019 1020/1020/1020
# material_color 0.400000 0.329412 0.631373 1.0
# s3d_label 0
f 1021/1021/1021 1022/1022/1022 1023/1023/1023
# material_color 0.400000 0.329412 0.631373 1.0
# s3d_label 0
f 1024/1024/1024 1025/1025/1025 1026/1026/1026
# material_color 0.400000 0.329412 0.631373 1.0
# s3d_label 0
f 1027/1027/1027 1028/1028/1028 1029/1029/1029
# material_color 0.400000 0.329412 0.631373 1.0
# s3d_label 0
f 1030/1030/1030 1031/1031/1031 1032/1032/1032
# material_color 0.400000 0.329412 0.631373 1.0
# s3d_label 0
f 1033/1033/1033 1034/1034/1034 1035/1035/1035
# material_color 0.400000 0.329412 0.631373 1.0
# s3d_label 0
f 1036/1036/1036 1037/1037/1037 1038/1038/1038
# material_color 0.400000 0.329412 0.631373 1.0
# s3d_label 0
f 1039/1039/1039 1040/1040/1040 1041/1041/1041
# material_color 0.400000 0.329412 0.631373 1.0
# s3d_label 0
f 1042/1042/1042 1043/1043/1043 1044/1044/1044
# material_color 0.400000 0.329412 0.631373 1.0
# s3d_label 0
f 1045/1045/1045 1046/1046/1046 1047/1047/1047
# material_color 0.400000 0.329412 0.631373 1.0
# s3d_label 0
f 1048/1048/1048 1049/1049/1049 1050/1050/1050
# material_color 0.400000 0.329412 0.631373 1.0
# s3d_label 0
f 1051/1051/1051 1052/1052/1052 1053/1053/1053
# material_color 0.400000 0.329412 0.631373 1.0
# s3d_label 0
f 1054/1054/1054 1055/1055/1055 1056/1056/1056
# material_color 0.400000 0.329412 0.631373 1.0
# s3d_label 0
f 1057/1057/1057 1058/1058/1058 1059/1059/1059
# material_color 0.400000 0.329412 0.631373 1.0
# s3d_label 0
f 1060/1060/1060 1061/1061/1061 1062/1062/1062
# material_color 0.400000 0.329412 0.631373 1.0
# s3d_label 0
f 1063/1063/1063 1064/1064/1064 1065/1065/1065
# material_color 0.400000 0.329412 0.631373 1.0
# s3d_label 0
f 1066/1066/1066 1067/1067/1067 1068/1068/1068
# material_color 0.400000 0.329412 0.631373 1.0
# s3d_label 0
f 1069/1069/1069 1070/1070/1070 1071/1071/1071
# material_color 0.400000 0.329412 0.631373 1.0
# s3d_label 0
f 1072/1072/1072 1073/1073/1073 1074/1074/1074
# material_color 0.400000 0.329412 0.631373 1.0
# s3d_label 0
f 1075/1075/1075 1076/1076/1076 1077/1077/1077
# material_color 0.400000 0.329412 0.631373 1.0
# s3d_label 0
f 1078/1078/1078 1079/1079/1079 1080/1080/1080
# material_color 0.400000 0.329412 0.631373 1.0
# s3d_label 0
f 1081/1081/1081 1082/1082/1082 1083/1083/1083
# material_color 0.400000 0.329412 0.631373 1.0
# s3d_label 0
f 1084/1084/1084 1085/1085/1085 1086/1086/1086
# material_color 0.400000 0.329412 0.631373 1.0
# s3d_label 0
f 1087/1087/1087 1088/1088/1088 1089/1089/1089
# material_color 0.400000 0.329412 0.631373 1.0
# s3d_label 0
f 1090/1090/1090 1091/1091/1091 1092/1092/1092
# material_color 0.400000 0.329412 0.631373 1.0
# s3d_label 0
f 1093/1093/1093 1094/1094/1094 1095/1095/1095
# material_color 0.400000 0.329412 0.631373 1.0
# s3d_label 0
f 1096/1096/1096 1097/1097/1097 1098/1098/1098
# material_color 0.400000 0.329412 0.631373 1.0
# s3d_label 0
f 1099/1099/1099 1100/1100/1100 1101/1101/1101
# material_color 0.400000 0.329412 0.631373 1.0
# s3d_label 0
f 1102/1102/1102 1103/1103/1103 1104/1104/1104
# material_color 0.400000 0.329412 0.631373 1.0
# s3d_label 0
f 1105/1105/1105 1106/1106/1106 1107/1107/1107
# material_color 0.400000 0.329412 0.631373 1.0
# s3d_label 0
f 1108/1108/1108 1109/1109/1109 1110/1110/1110
# material_color 0.400000 0.329412 0.631373 1.0
# s3d_label 0
f 1111/1111/1111 1112/1112/1112 1113/1113/1113
# material_color 0.400000 0.329412 0.631373 1.0
# s3d_label 0
f 1114/1114/1114 1115/1115/1115 1116/1116/1116
# material_color 0.400000 0.329412 0.631373 1.0
# s3d_label 0
f 1117/1117/1117 1118/1118/1118 1119/1119/1119
# material_color 0.400000 0.329412 0.631373 1.0
# s3d_label 0
f 1120/1120/1120 1121/1121/1121 1122/1122/1122
# material_color 0.400000 0.329412 0.631373 1.0
# s3d_label 0
f 1123/1123/1123 1124/1124/1124 1125/1125/1125
# material_color 0.400000 0.329412 0.631373 1.0
# s3d_label 0
f 1126/1126/1126 1127/1127/1127 1128/1128/1128
# material_color 0.400000 0.329412 0.631373 1.0
# s3d_label 0
f 1129/1129/1129 1130/1130/1130 1131/1131/1131
# material_color 0.400000 0.329412 0.631373 1.0
# s3d_label 0
f 1132/1132/1132 1133/1133/1133 1134/1134/1134
# material_color 0.400000 0.329412 0.631373 1.0
# s3d_label 0
f 1135/1135/1135 1136/1136/1136 1137/1137/1137
# material_color 0.400000 0.329412 0.631373 1.0
# s3d_label 0
f 1138/1138/1138 1139/1139/1139 1140/1140/1140
# material_color 0.400000 0.329412 0.631373 1.0
# s3d_label 0
f 1141/1141/1141 1142/1142/1142 1143/1143/1143
# material_color 0.400000 0.329412 0.631373 1.0
# s3d_label 0
f 1144/1144/1144 1145/1145/1145 1146/1146/1146
# material_color 0.400000 0.329412 0.631373 1.0
# s3d_label 0
f 1147/1147/1147 1148/1148/1148 1149/1149/1149
# material_color 0.400000 0.329412 0.631373 1.0
# s3d_label 0
f 1150/1150/1150 1151/1151/1151 1152/1152/1152
# material_color 0.400000 0.329412 0.631373 1.0
# s3d_label 0
f 1153/1153/1153 1154/1154/1154 1155/1155/1155
# material_color 0.400000 0.329412 0.631373 1.0
# s3d_label 0
f 1156/1156/1156 1157/1157/1157 1158/1158/1158
# material_color 0.400000 0.329412 0.631373 1.0
# s3d_label 0
f 1159/1159/1159 1160/1160/1160 1161/1161/1161
# material_color 0.400000 0.329412 0.631373 1.0
# s3d_label 0
f 1162/1162/1162 1163/1163/1163 1164/1164/1164
# material_color 0.400000 0.329412 0.631373 1.0
# s3d_label 0
f 1165/1165/1165 1166/1166/1166 1167/1167/1167
# material_color 0.400000 0.329412 0.631373 1.0
# s3d_label 0
f 1168/1168/1168 1169/1169/1169 1170/1170/1170
# material_color 0.400000 0.329412 0.631373 1.0
# s3d_label 0
f 1171/1171/1171 1172/1172/1172 1173/1173/1173
# material_color 0.400000 0.329412 0.631373 1.0
# s3d_label 0
f 1174/1174/1174 1175/1175/1175 1176/1176/1176
# material_color 0.400000 0.329412 0.631373 1.0
# s3d_label 0
f 1177/1177/1177 1178/1178/1178 1179/1179/1179
# material_color 0.400000 0.329412 0.631373 1.0
# s3d_label 0
f 1180/1180/1180 1181/1181/1181 1182/1182/1182
# material_color 0.400000 0.329412 0.631373 1.0
# s3d_label 0
f 1183/1183/1183 1184/1184/1184 1185/1185/1185
# material_color 0.400000 0.329412 0.631373 1.0
# s3d_label 0
f 1186/1186/1186 1187/1187/1187 1188/1188/1188
# material_color 0.400000 0.329412 0.631373 1.0
# s3d_label 0
f 1189/1189/1189 1190/1190/1190 1191/1191/1191
# material_color 0.400000 0.329412 0.631373 1.0
# s3d_label 0
f 1192/1192/1192 1193/1193/1193 1194/1194/1194
# material_color 0.400000 0.329412 0.631373 1.0
# s3d_label 0
f 1195/1195/1195 1196/1196/1196 1197/1197/1197
# material_color 0.400000 0.329412 0.631373 1.0
# s3d_label 0
f 1198/1198/1198 1199/1199/1199 1200/1200/1200
# material_color 0.400000 0.329412 0.631373 1.0
# s3d_label 0
f 1201/1201/1201 1202/1202/1202 1203/1203/1203
# material_color 0.400000 0.329412 0.631373 1.0
# s3d_label 0
f 1204/1204/1204 1205/1205/1205 1206/1206/1206
# material_color 0.400000 0.329412 0.631373 1.0
# s3d_label 0
f 1207/1207/1207 1208/1208/1208 1209/1209/1209
# material_color 0.400000 0.329412 0.631373 1.0
# s3d_label 0
f 1210/1210/1210 1211/1211/1211 1212/1212/1212
# material_color 0.400000 0.329412 0.631373 1.0
# s3d_label 0
f 1213/1213/1213 1214/1214/1214 1215/1215/1215
# material_color 0.400000 0.329412 0.631373 1.0
# s3d_label 0
f 1216/1216/1216 1217/1217/1217 1218/1218/1218
# material_color 0.400000 0.329412 0.631373 1.0
# s3d_label 0
f 1219/1219/1219 1220/1220/1220 1221/1221/1221
# material_color 0.400000 0.329412 0.631373 1.0
# s3d_label 0
f 1222/1222/1222 1223/1223/1223 1224/1224/1224
# material_color 0.400000 0.329412 0.631373 1.0
# s3d_label 0
f 1225/1225/1225 1226/1226/1226 1227/1227/1227
# material_color 0.400000 0.329412 0.631373 1.0
# s3d_label 0
f 1228/1228/1228 1229/1229/1229 1230/1230/1230
# material_color 0.400000 0.329412 0.631373 1.0
# s3d_label 0
f 1231/1231/1231 1232/1232/1232 1233/1233/1233
# material_color 0.400000 0.329412 0.631373 1.0
# s3d_label 0
f 1234/1234/1234 1235/1235/1235 1236/1236/1236
# material_color 0.400000 0.329412 0.631373 1.0
# s3d_label 0
f 1237/1237/1237 1238/1238/1238 1239/1239/1239
# material_color 0.400000 0.329412 0.631373 1.0
# s3d_label 0
f 1240/1240/1240 1241/1241/1241 1242/1242/1242
# material_color 0.400000 0.329412 0.631373 1.0
# s3d_label 0
f 1243/1243/1243 1244/1244/1244 1245/1245/1245
# material_color 0.400000 0.329412 0.631373 1.0
# s3d_label 0
f 1246/1246/1246 1247/1247/1247 1248/1248/1248
# material_color 0.400000 0.329412 0.631373 1.0
# s3d_label 0
f 1249/1249/1249 1250/1250/1250 1251/1251/1251
# material_color 0.400000 0.329412 0.631373 1.0
# s3d_label 0
f 1252/1252/1252 1253/1253/1253 1254/1254/1254
# material_color 0.400000 0.329412 0.631373 1.0
# s3d_label 0
f 1255/1255/1255 1256/1256/1256 1257/1257/1257
# material_color 0.400000 0.329412 0.631373 1.0
# s3d_label 0
f 1258/1258/1258 1259/1259/1259 1260/1260/1260
# material_color 0.400000 0.329412 0.631373 1.0
# s3d_label 0
f 1261/1261/1261 1262/1262/1262 1263/1263/1263
# material_color 0.400000 0.329412 0.631373 1.0
# s3d_label 0
f 1264/1264/1264 1265/1265/1265 1266/1266/1266
# material_color 0.400000 0.329412 0.631373 1.0
# s3d_label 0
f 1267/1267/1267 1268/1268/1268 1269/1269/1269
# material_color 0.400000 0.329412 0.631373 1.0
# s3d_label 0
f 1270/1270/1270 1271/1271/1271 1272/1272/1272
# material_color 0.400000 0.329412 0.631373 1.0
# s3d_label 0
f 1273/1273/1273 1274/1274/1274 1275/1275/1275
# material_color 0.400000 0.329412 0.631373 1.0
# s3d_label 0
f 1276/1276/1276 1277/1277/1277 1278/1278/1278
# material_color 0.400000 0.329412 0.631373 1.0
# s3d_label 0
f 1279/1279/1279 1280/1280/1280 1281/1281/1281
# material_color 0.400000 0.329412 0.631373 1.0
# s3d_label 0
f 1282/1282/1282 1283/1283/1283 1284/1284/1284
# material_color 0.400000 0.329412 0.631373 1.0
# s3d_label 0
f 1285/1285/1285 1286/1286/1286 1287/1287/1287
# material_color 0.400000 0.329412 0.631373 1.0
# s3d_label 0
f 1288/1288/1288 1289/1289/1289 1290/1290/1290
# material_color 0.400000 0.329412 0.631373 1.0
# s3d_label 0
f 1291/1291/1291 1292/1292/1292 1293/1293/1293
# material_color 0.400000 0.329412 0.631373 1.0
# s3d_label 0
f 1294/1294/1294 1295/1295/1295 1296/1296/1296
# material_color 0.400000 0.329412 0.631373 1.0
# s3d_label 0
f 1297/1297/1297 1298/1298/1298 1299/1299/1299
# material_color 0.400000 0.329412 0.631373 1.0
# s3d_label 0
f 1300/1300/1300 1301/1301/1301 1302/1302/1302
# material_color 0.400000 0.329412 0.631373 1.0
# s3d_label 0
f 1303/1303/1303 1304/1304/1304 1305/1305/1305
# material_color 0.400000 0.329412 0.631373 1.0
# s3d_label 0
f 1306/1306/1306 1307/1307/1307 1308/1308/1308
# material_color 0.400000 0.329412 0.631373 1.0
# s3d_label 0
f 1309/1309/1309 1310/1310/1310 1311/1311/1311
# material_color 0.400000 0.329412 0.631373 1.0
# s3d_label 0
f 1312/1312/1312 1313/1313/1313 1314/1314/1314
# material_color 0.400000 0.329412 0.631373 1.0
# s3d_label 0
f 1315/1315/1315 1316/1316/1316 1317/1317/1317
# material_color 0.400000 0.329412 0.631373 1.0
# s3d_label 0
f 1318/1318/1318 1319/1319/1319 1320/1320/1320
# material_color 0.400000 0.329412 0.631373 1.0
# s3d_label 0
f 1321/1321/1321 1322/1322/1322 1323/1323/1323
# material_color 0.400000 0.329412 0.631373 1.0
# s3d_label 0
f 1324/1324/1324 1325/1325/1325 1326/1326/1326
# material_color 0.400000 0.329412 0.631373 1.0
# s3d_label 0
f 1327/1327/1327 1328/1328/1328 1329/1329/1329
# material_color 0.400000 0.329412 0.631373 1.0
# s3d_label 0
f 1330/1330/1330 1331/1331/1331 1332/1332/1332
# material_color 0.400000 0.329412 0.631373 1.0
# s3d_label 0
f 1333/1333/1333 1334/1334/1334 1335/1335/1335
# material_color 0.400000 0.329412 0.631373 1.0
# s3d_label 0
f 1336/1336/1336 1337/1337/1337 1338/1338/1338
# material_color 0.400000 0.329412 0.631373 1.0
# s3d_label 0
f 1339/1339/1339 1340/1340/1340 1341/1341/1341
# material_color 0.400000 0.329412 0.631373 1.0
# s3d_label 0
f 1342/1342/1342 1343/1343/1343 1344/1344/1344
# material_color 0.400000 0.329412 0.631373 1.0
# s3d_label 0
f 1345/1345/1345 1346/1346/1346 1347/1347/1347
# material_color 0.400000 0.329412 0.631373 1.0
# s3d_label 0
f 1348/1348/1348 1349/1349/1349 1350/1350/1350
# material_color 0.400000 0.329412 0.631373 1.0
# s3d_label 0
f 1351/1351/1351 1352/1352/1352 1353/1353/1353
# material_color 0.400000 0.329412 0.631373 1.0
# s3d_label 0
f 1354/1354/1354 1355/1355/1355 1356/1356/1356
# material_color 0.400000 0.329412 0.631373 1.0
# s3d_label 0
f 1357/1357/1357 1358/1358/1358 1359/1359/1359
# material_color 0.400000 0.329412 0.631373 1.0
# s3d_label 0
f 1360/1360/1360 1361/1361/1361 1362/1362/1362
# material_color 0.400000 0.329412 0.631373 1.0
# s3d_label 0
f 1363/1363/1363 1364/1364/1364 1365/1365/1365
# material_color 0.400000 0.329412 0.631373 1.0
# s3d_label 0
f 1366/1366/1366 1367/1367/1367 1368/1368/1368
# material_color 0.400000 0.329412 0.631373 1.0
# s3d_label 0
f 1369/1369/1369 1370/1370/1370 1371/1371/1371
# material_color 0.400000 0.329412 0.631373 1.0
# s3d_label 0
f 1372/1372/1372 1373/1373/1373 1374/1374/1374
# material_color 0.400000 0.329412 0.631373 1.0
# s3d_label 0
f 1375/1375/1375 1376/1376/1376 1377/1377/1377
# material_color 0.400000 0.329412 0.631373 1.0
# s3d_label 0
f 1378/1378/1378 1379/1379/1379 1380/1380/1380
# material_color 0.400000 0.329412 0.631373 1.0
# s3d_label 0
f 1381/1381/1381 1382/1382/1382 1383/1383/1383
# material_color 0.400000 0.329412 0.631373 1.0
# s3d_label 0
f 1384/1384/1384 1385/1385/1385 1386/1386/1386
# material_color 0.400000 0.329412 0.631373 1.0
# s3d_label 0
f 1387/1387/1387 1388/1388/1388 1389/1389/1389
# material_color 0.400000 0.329412 0.631373 1.0
# s3d_label 0
f 1390/1390/1390 1391/1391/1391 1392/1392/1392
# material_color 0.400000 0.329412 0.631373 1.0
# s3d_label 0
f 1393/1393/1393 1394/1394/1394 1395/1395/1395
# material_color 0.400000 0.329412 0.631373 1.0
# s3d_label 0
f 1396/1396/1396 1397/1397/1397 1398/1398/1398
# material_color 0.400000 0.329412 0.631373 1.0
# s3d_label 0
f 1399/1399/1399 1400/1400/1400 1401/1401/1401
# material_color 0.400000 0.329412 0.631373 1.0
# s3d_label 0
f 1402/1402/1402 1403/1403/1403 1404/1404/1404
# material_color 0.400000 0.329412 0.631373 1.0
# s3d_label 0
f 1405/1405/1405 1406/1406/1406 1407/1407/1407
# material_color 0.400000 0.329412 0.631373 1.0
# s3d_label 0
f 1408/1408/1408 1409/1409/1409 1410/1410/1410
# material_color 0.400000 0.329412 0.631373 1.0
# s3d_label 0
f 1411/1411/1411 1412/1412/1412 1413/1413/1413
# material_color 0.400000 0.329412 0.631373 1.0
# s3d_label 0
f 1414/1414/1414 1415/1415/1415 1416/1416/1416
# material_color 0.400000 0.329412 0.631373 1.0
# s3d_label 0
f 1417/1417/1417 1418/1418/1418 1419/1419/1419
# material_color 0.400000 0.329412 0.631373 1.0
# s3d_label 0
f 1420/1420/1420 1421/1421/1421 1422/1422/1422
# material_color 0.400000 0.329412 0.631373 1.0
# s3d_label 0
f 1423/1423/1423 1424/1424/1424 1425/1425/1425
# material_color 0.400000 0.329412 0.631373 1.0
# s3d_label 0
f 1426/1426/1426 1427/1427/1427 1428/1428/1428
# material_color 0.400000 0.329412 0.631373 1.0
# s3d_label 0
f 1429/1429/1429 1430/1430/1430 1431/1431/1431
# material_color 0.400000 0.329412 0.631373 1.0
# s3d_label 0
f 1432/1432/1432 1433/1433/1433 1434/1434/1434
# material_color 0.400000 0.329412 0.631373 1.0
# s3d_label 0
f 1435/1435/1435 1436/1436/1436 1437/1437/1437
# material_color 0.400000 0.329412 0.631373 1.0
# s3d_label 0
f 1438/1438/1438 1439/1439/1439 1440/1440/1440
# material_color 0.400000 0.329412 0.631373 1.0
# s3d_label 0
f 1441/1441/1441 1442/1442/1442 1443/1443/1443
# material_color 0.400000 0.329412 0.631373 1.0
# s3d_label 0
f 1444/1444/1444 1445/1445/1445 1446/1446/1446
# material_color 0.400000 0.329412 0.631373 1.0
# s3d_label 0
f 1447/1447/1447 1448/1448/1448 1449/1449/1449
# material_color 0.400000 0.329412 0.631373 1.0
# s3d_label 0
f 1450/1450/1450 1451/1451/1451 1452/1452/1452
# material_color 0.400000 0.329412 0.631373 1.0
# s3d_label 0
f 1453/1453/1453 1454/1454/1454 1455/1455/1455
# material_color 0.400000 0.329412 0.631373 1.0
# s3d_label 0
f 1456/1456/1456 1457/1457/1457 1458/1458/1458
# material_color 0.400000 0.329412 0.631373 1.0
# s3d_label 0
f 1459/1459/1459 1460/1460/1460 1461/1461/1461
# material_color 0.400000 0.329412 0.631373 1.0
# s3d_label 0
f 1462/1462/1462 1463/1463/1463 1464/1464/1464
# material_color 0.400000 0.329412 0.631373 1.0
# s3d_label 0
f 1465/1465/1465 1466/1466/1466 1467/1467/1467
# material_color 0.400000 0.329412 0.631373 1.0
# s3d_label 0
f 1468/1468/1468 1469/1469/1469 1470/1470/1470
# material_color 0.400000 0.329412 0.631373 1.0
# s3d_label 0
f 1471/1471/1471 1472/1472/1472 1473/1473/1473
# material_color 0.400000 0.329412 0.631373 1.0
# s3d_label 0
f 1474/1474/1474 1475/1475/1475 1476/1476/1476
# material_color 0.400000 0.329412 0.631373 1.0
# s3d_label 0
f 1477/1477/1477 1478/1478/1478 1479/1479/1479
# material_color 0.400000 0.329412 0.631373 1.0
# s3d_label 0
f 1480/1480/1480 1481/1481/1481 1482/1482/1482
# material_color 0.400000 0.329412 0.631373 1.0
# s3d_label 0
f 1483/1483/1483 1484/1484/1484 1485/1485/1485
# material_color 0.400000 0.329412 0.631373 1.0
# s3d_label 0
f 1486/1486/1486 1487/1487/1487 1488/1488/1488
# material_color 0.400000 0.329412 0.631373 1.0
# s3d_label 0
f 1489/1489/1489 1490/1490/1490 1491/1491/1491
# material_color 0.400000 0.329412 0.631373 1.0
# s3d_label 0
f 1492/1492/1492 1493/1493/1493 1494/1494/1494
# material_color 0.400000 0.329412 0.631373 1.0
# s3d_label 0
f 1495/1495/1495 1496/1496/1496 1497/1497/1497
# material_color 0.400000 0.329412 0.631373 1.0
# s3d_label 0
f 1498/1498/1498 1499/1499/1499 1500/1500/1500
# material_color 0.400000 0.329412 0.631373 1.0
# s3d_label 0
f 1501/1501/1501 1502/1502/1502 1503/1503/1503
# material_color 0.400000 0.329412 0.631373 1.0
# s3d_label 0
f 1504/1504/1504 1505/1505/1505 1506/1506/1506
# material_color 0.400000 0.329412 0.631373 1.0
# s3d_label 0
f 1507/1507/1507 1508/1508/1508 1509/1509/1509
# material_color 0.400000 0.329412 0.631373 1.0
# s3d_label 0
f 1510/1510/1510 1511/1511/1511 1512/1512/1512
# material_color 0.400000 0.329412 0.631373 1.0
# s3d_label 0
f 1513/1513/1513 1514/1514/1514 1515/1515/1515
# material_color 0.400000 0.329412 0.631373 1.0
# s3d_label 0
f 1516/1516/1516 1517/1517/1517 1518/1518/1518
# material_color 0.400000 0.329412 0.631373 1.0
# s3d_label 0
f 1519/1519/1519 1520/1520/1520 1521/1521/1521
# material_color 0.400000 0.329412 0.631373 1.0
# s3d_label 0
f 1522/1522/1522 1523/1523/1523 1524/1524/1524
# material_color 0.400000 0.329412 0.631373 1.0
# s3d_label 0
f 1525/1525/1525 1526/1526/1526 1527/1527/1527
# material_color 0.400000 0.329412 0.631373 1.0
# s3d_label 0
f 1528/1528/1528 1529/1529/1529 1530/1530/1530
# material_color 0.400000 0.329412 0.631373 1.0
# s3d_label 0
f 1531/1531/1531 1532/1532/1532 1533/1533/1533
# material_color 0.400000 0.329412 0.631373 1.0
# s3d_label 0
f 1534/1534/1534 1535/1535/1535 1536/1536/1536
# material_color 0.400000 0.329412 0.631373 1.0
# s3d_label 0
f 1537/1537/1537 1538/1538/1538 1539/1539/1539
# material_color 0.400000 0.329412 0.631373 1.0
# s3d_label 0
f 1540/1540/1540 1541/1541/1541 1542/1542/1542
# material_color 0.400000 0.329412 0.631373 1.0
# s3d_label 0
f 1543/1543/1543 1544/1544/1544 1545/1545/1545
# material_color 0.400000 0.329412 0.631373 1.0
# s3d_label 0
f 1546/1546/1546 1547/1547/1547 1548/1548/1548
# material_color 0.400000 0.329412 0.631373 1.0
# s3d_label 0
f 1549/1549/1549 1550/1550/1550 1551/1551/1551
# material_color 0.400000 0.329412 0.631373 1.0
# s3d_label 0
f 1552/1552/1552 1553/1553/1553 1554/1554/1554
# material_color 0.400000 0.329412 0.631373 1.0
# s3d_label 0
f 1555/1555/1555 1556/1556/1556 1557/1557/1557
# material_color 0.400000 0.329412 0.631373 1.0
# s3d_label 0
f 1558/1558/1558 1559/1559/1559 1560/1560/1560
# material_color 0.400000 0.329412 0.631373 1.0
# s3d_label 0
f 1561/1561/1561 1562/1562/1562 1563/1563/1563
# material_color 0.400000 0.329412 0.631373 1.0
# s3d_label 0
f 1564/1564/1564 1565/1565/1565 1566/1566/1566
# material_color 0.400000 0.329412 0.631373 1.0
# s3d_label 0
f 1567/1567/1567 1568/1568/1568 1569/1569/1569
# material_color 0.400000 0.329412 0.631373 1.0
# s3d_label 0
f 1570/1570/1570 1571/1571/1571 1572/1572/1572
# material_color 0.400000 0.329412 0.631373 1.0
# s3d_label 0
f 1573/1573/1573 1574/1574/1574 1575/1575/1575
# material_color 0.400000 0.329412 0.631373 1.0
# s3d_label 0
f 1576/1576/1576 1577/1577/1577 1578/1578/1578
# material_color 0.400000 0.329412 0.631373 1.0
# s3d_label 0
f 1579/1579/1579 1580/1580/1580 1581/1581/1581
# material_color 0.400000 0.329412 0.631373 1.0
# s3d_label 0
f 1582/1582/1582 1583/1583/1583 1584/1584/1584
# material_color 0.400000 0.329412 0.631373 1.0
# s3d_label 0
f 1585/1585/1585 1586/1586/1586 1587/1587/1587
# material_color 0.400000 0.329412 0.631373 1.0
# s3d_label 0
f 1588/1588/1588 1589/1589/1589 1590/1590/1590
# material_color 0.400000 0.329412 0.631373 1.0
# s3d_label 0
f 1591/1591/1591 1592/1592/1592 1593/1593/1593
# material_color 0.400000 0.329412 0.631373 1.0
# s3d_label 0
f 1594/1594/1594 1595/1595/1595 1596/1596/1596
# material_color 0.400000 0.329412 0.631373 1.0
# s3d_label 0
f 1597/1597/1597 1598/1598/1598 1599/1599/1599
# material_color 0.400000 0.329412 0.631373 1.0
# s3d_label 0
f 1600/1600/1600 1601/1601/1601 1602/1602/1602
# material_color 0.400000 0.329412 0.631373 1.0
# s3d_label 0
f 1603/1603/1603 1604/1604/1604 1605/1605/1605
# material_color 0.400000 0.329412 0.631373 1.0
# s3d_label 0
f 1606/1606/1606 1607/1607/1607 1608/1608/1608
# material_color 0.400000 0.329412 0.631373 1.0
# s3d_label 0
f 1609/1609/1609 1610/1610/1610 1611/1611/1611
# material_color 0.400000 0.329412 0.631373 1.0
# s3d_label 0
f 1612/1612/1612 1613/1613/1613 1614/1614/1614
# material_color 0.400000 0.329412 0.631373 1.0
# s3d_label 0
f 1615/1615/1615 1616/1616/1616 1617/1617/1617
# material_color 0.400000 0.329412 0.631373 1.0
# s3d_label 0
f 1618/1618/1618 1619/1619/1619 1620/1620/1620
# material_color 0.400000 0.329412 0.631373 1.0
# s3d_label 0
f 1621/1621/1621 1622/1622/1622 1623/1623/1623
# material_color 0.400000 0.329412 0.631373 1.0
# s3d_label 0
f 1624/1624/1624 1625/1625/1625 1626/1626/1626
# material_color 0.400000 0.329412 0.631373 1.0
# s3d_label 0
f 1627/1627/1627 1628/1628/1628 1629/1629/1629
# material_color 0.400000 0.329412 0.631373 1.0
# s3d_label 0
f 1630/1630/1630 1631/1631/1631 1632/1632/1632
# material_color 0.400000 0.329412 0.631373 1.0
# s3d_label 0
f 1633/1633/1633 1634/1634/1634 1635/1635/1635
# material_color 0.400000 0.329412 0.631373 1.0
# s3d_label 0
f 1636/1636/1636 1637/1637/1637 1638/1638/1638
# material_color 0.400000 0.329412 0.631373 1.0
# s3d_label 0
f 1639/1639/1639 1640/1640/1640 1641/1641/1641
# material_color 0.400000 0.329412 0.631373 1.0
# s3d_label 0
f 1642/1642/1642 1643/1643/1643 1644/1644/1644
# material_color 0.400000 0.329412 0.631373 1.0
# s3d_label 0
f 1645/1645/1645 1646/1646/1646 1647/1647/1647
# material_color 0.400000 0.329412 0.631373 1.0
# s3d_label 0
f 1648/1648/1648 1649/1649/1649 1650/1650/1650
# material_color 0.400000 0.329412 0.631373 1.0
# s3d_label 0
f 1651/1651/1651 1652/1652/1652 1653/1653/1653
# material_color 0.400000 0.329412 0.631373 1.0
# s3d_label 0
f 1654/1654/1654 1655/1655/1655 1656/1656/1656
# material_color 0.400000 0.329412 0.631373 1.0
# s3d_label 0
f 1657/1657/1657 1658/1658/1658 1659/1659/1659
# material_color 0.400000 0.329412 0.631373 1.0
# s3d_label 0
f 1660/1660/1660 1661/1661/1661 1662/1662/1662
# material_color 0.400000 0.329412 0.631373 1.0
# s3d_label 0
f 1663/1663/1663 1664/1664/1664 1665/1665/1665
# material_color 0.400000 0.329412 0.631373 1.0
# s3d_label 0
f 1666/1666/1666 1667/1667/1667 1668/1668/1668
# material_color 0.400000 0.329412 0.631373 1.0
# s3d_label 0
f 1669/1669/1669 1670/1670/1670 1671/1671/1671
# material_color 0.400000 0.329412 0.631373 1.0
# s3d_label 0
f 1672/1672/1672 1673/1673/1673 1674/1674/1674
# material_color 0.400000 0.329412 0.631373 1.0
# s3d_label 0
f 1675/1675/1675 1676/1676/1676 1677/1677/1677
# material_color 0.400000 0.329412 0.631373 1.0
# s3d_label 0
f 1678/1678/1678 1679/1679/1679 1680/1680/1680
# material_color 0.400000 0.329412 0.631373 1.0
# s3d_label 0
f 1681/1681/1681 1682/1682/1682 1683/1683/1683
# material_color 0.400000 0.329412 0.631373 1.0
# s3d_label 0
f 1684/1684/1684 1685/1685/1685 1686/1686/1686
# material_color 0.400000 0.329412 0.631373 1.0
# s3d_label 0
f 1687/1687/1687 1688/1688/1688 1689/1689/1689
# material_color 0.400000 0.329412 0.631373 1.0
# s3d_label 0
f 1690/1690/1690 1691/1691/1691 1692/1692/1692
# material_color 0.400000 0.329412 0.631373 1.0
# s3d_label 0
f 1693/1693/1693 1694/1694/1694 1695/1695/1695
# material_color 0.400000 0.329412 0.631373 1.0
# s3d_label 0
f 1696/1696/1696 1697/1697/1697 1698/1698/1698
# material_color 0.400000 0.329412 0.631373 1.0
# s3d_label 0
f 1699/1699/1699 1700/1700/1700 1701/1701/1701
# material_color 0.400000 0.329412 0.631373 1.0
# s3d_label 0
f 1702/1702/1702 1703/1703/1703 1704/1704/1704
# material_color 0.400000 0.329412 0.631373 1.0
# s3d_label 0
f 1705/1705/1705 1706/1706/1706 1707/1707/1707
# material_color 0.400000 0.329412 0.631373 1.0
# s3d_label 0
f 1708/1708/1708 1709/1709/1709 1710/1710/1710
# material_color 0.400000 0.329412 0.631373 1.0
# s3d_label 0
f 1711/1711/1711 1712/1712/1712 1713/1713/1713
# material_color 0.400000 0.329412 0.631373 1.0
# s3d_label 0
f 1714/1714/1714 1715/1715/1715 1716/1716/1716
# material_color 0.400000 0.329412 0.631373 1.0
# s3d_label 0
f 1717/1717/1717 1718/1718/1718 1719/1719/1719
# material_color 0.400000 0.329412 0.631373 1.0
# s3d_label 0
f 1720/1720/1720 1721/1721/1721 1722/1722/1722
# material_color 0.400000 0.329412 0.631373 1.0
# s3d_label 0
f 1723/1723/1723 1724/1724/1724 1725/1725/1725
# material_color 0.400000 0.329412 0.631373 1.0
# s3d_label 0
f 1726/1726/1726 1727/1727/1727 1728/1728/1728
# material_color 0.400000 0.329412 0.631373 1.0
# s3d_label 0
f 1729/1729/1729 1730/1730/1730 1731/1731/1731
# material_color 0.400000 0.329412 0.631373 1.0
# s3d_label 0
f 1732/1732/1732 1733/1733/1733 1734/1734/1734
# material_color 0.400000 0.329412 0.631373 1.0
# s3d_label 0
f 1735/1735/1735 1736/1736/1736 1737/1737/1737
# material_color 0.400000 0.329412 0.631373 1.0
# s3d_label 0
f 1738/1738/1738 1739/1739/1739 1740/1740/1740
# material_color 0.400000 0.329412 0.631373 1.0
# s3d_label 0
f 1741/1741/1741 1742/1742/1742 1743/1743/1743
# material_color 0.400000 0.329412 0.631373 1.0
# s3d_label 0
f 1744/1744/1744 1745/1745/1745 1746/1746/1746
# material_color 0.400000 0.329412 0.631373 1.0
# s3d_label 0
f 1747/1747/1747 1748/1748/1748 1749/1749/1749
# material_color 0.400000 0.329412 0.631373 1.0
# s3d_label 0
f 1750/1750/1750 1751/1751/1751 1752/1752/1752
# material_color 0.400000 0.329412 0.631373 1.0
# s3d_label 0
f 1753/1753/1753 1754/1754/1754 1755/1755/1755
# material_color 0.400000 0.329412 0.631373 1.0
# s3d_label 0
f 1756/1756/1756 1757/1757/1757 1758/1758/1758
# material_color 0.400000 0.329412 0.631373 1.0
# s3d_label 0
f 1759/1759/1759 1760/1760/1760 1761/1761/1761
# material_color 0.400000 0.329412 0.631373 1.0
# s3d_label 0
f 1762/1762/1762 1763/1763/1763 1764/1764/1764
# material_color 0.400000 0.329412 0.631373 1.0
# s3d_label 0
f 1765/1765/1765 1766/1766/1766 1767/1767/1767
# material_color 0.400000 0.329412 0.631373 1.0
# s3d_label 0
f 1768/1768/1768 1769/1769/1769 1770/1770/1770
# material_color 0.400000 0.329412 0.631373 1.0
# s3d_label 0
f 1771/1771/1771 1772/1772/1772 1773/1773/1773
# material_color 0.400000 0.329412 0.631373 1.0
# s3d_label 0
f 1774/1774/1774 1775/1775/1775 1776/1776/1776
# material_color 0.400000 0.329412 0.631373 1.0
# s3d_label 0
f 1777/1777/1777 1778/1778/1778 1779/1779/1779
# material_color 0.400000 0.329412 0.631373 1.0
# s3d_label 0
f 1780/1780/1780 1781/1781/1781 1782/1782/1782
# material_color 0.400000 0.329412 0.631373 1.0
# s3d_label 0
f 1783/1783/1783 1784/1784/1784 1785/1785/1785
# material_color 0.400000 0.329412 0.631373 1.0
# s3d_label 0
f 1786/1786/1786 1787/1787/1787 1788/1788/1788
# material_color 0.400000 0.329412 0.631373 1.0
# s3d_label 0
f 1789/1789/1789 1790/1790/1790 1791/1791/1791
# material_color 0.400000 0.329412 0.631373 1.0
# s3d_label 0
f 1792/1792/1792 1793/1793/1793 1794/1794/1794
# material_color 0.400000 0.329412 0.631373 1.0
# s3d_label 0
f 1795/1795/1795 1796/1796/1796 1797/1797/1797
# material_color 0.400000 0.329412 0.631373 1.0
# s3d_label 0
f 1798/1798/1798 1799/1799/1799 1800/1800/1800
# material_color 0.400000 0.329412 0.631373 1.0
# s3d_label 0
f 1801/1801/1801 1802/1802/1802 1803/1803/1803
# material_color 0.400000 0.329412 0.631373 1.0
# s3d_label 0
f 1804/1804/1804 1805/1805/1805 1806/1806/1806
# material_color 0.400000 0.329412 0.631373 1.0
# s3d_label 0
f 1807/1807/1807 1808/1808/1808 1809/1809/1809
# material_color 0.400000 0.329412 0.631373 1.0
# s3d_label 0
f 1810/1810/1810 1811/1811/1811 1812/1812/1812
# material_color 0.400000 0.329412 0.631373 1.0
# s3d_label 0
f 1813/1813/1813 1814/1814/1814 1815/1815/1815
# material_color 0.400000 0.329412 0.631373 1.0
# s3d_label 0
f 1816/1816/1816 1817/1817/1817 1818/1818/1818
# material_color 0.400000 0.329412 0.631373 1.0
# s3d_label 0
f 1819/1819/1819 1820/1820/1820 1821/1821/1821
# material_color 0.400000 0.329412 0.631373 1.0
# s3d_label 0
f 1822/1822/1822 1823/1823/1823 1824/1824/1824
# material_color 0.400000 0.329412 0.631373 1.0
# s3d_label 0
f 1825/1825/1825 1826/1826/1826 1827/1827/1827
# material_color 0.400000 0.329412 0.631373 1.0
# s3d_label 0
f 1828/1828/1828 1829/1829/1829 1830/1830/1830
# material_color 0.400000 0.329412 0.631373 1.0
# s3d_label 0
f 1831/1831/1831 1832/1832/1832 1833/1833/1833
# material_color 0.400000 0.329412 0.631373 1.0
# s3d_label 0
f 1834/1834/1834 1835/1835/1835 1836/1836/1836
# material_color 0.400000 0.329412 0.631373 1.0
# s3d_label 0
f 1837/1837/1837 1838/1838/1838 1839/1839/1839
# material_color 0.400000 0.329412 0.631373 1.0
# s3d_label 0
f 1840/1840/1840 1841/1841/1841 1842/1842/1842
# material_color 0.400000 0.329412 0.631373 1.0
# s3d_label 0
f 1843/1843/1843 1844/1844/1844 1845/1845/1845
# material_color 0.400000 0.329412 0.631373 1.0
# s3d_label 0
f 1846/1846/1846 1847/1847/1847 1848/1848/1848
# material_color 0.400000 0.329412 0.631373 1.0
# s3d_label 0
f 1849/1849/1849 1850/1850/1850 1851/1851/1851
# material_color 0.400000 0.329412 0.631373 1.0
# s3d_label 0
f 1852/1852/1852 1853/1853/1853 1854/1854/1854
# material_color 0.400000 0.329412 0.631373 1.0
# s3d_label 0
f 1855/1855/1855 1856/1856/1856 1857/1857/1857
# material_color 0.400000 0.329412 0.631373 1.0
# s3d_label 0
f 1858/1858/1858 1859/1859/1859 1860/1860/1860
# material_color 0.400000 0.329412 0.631373 1.0
# s3d_label 0
f 1861/1861/1861 1862/1862/1862 1863/1863/1863
# material_color 0.400000 0.329412 0.631373 1.0
# s3d_label 0
f 1864/1864/1864 1865/1865/1865 1866/1866/1866
# material_color 0.400000 0.329412 0.631373 1.0
# s3d_label 0
f 1867/1867/1867 1868/1868/1868 1869/1869/1869
# material_color 0.400000 0.329412 0.631373 1.0
# s3d_label 0
f 1870/1870/1870 1871/1871/1871 1872/1872/1872
# material_color 0.400000 0.329412 0.631373 1.0
# s3d_label 0
f 1873/1873/1873 1874/1874/1874 1875/1875/1875
# material_color 0.400000 0.329412 0.631373 1.0
# s3d_label 0
f 1876/1876/1876 1877/1877/1877 1878/1878/1878
# material_color 0.400000 0.329412 0.631373 1.0
# s3d_label 0
f 1879/1879/1879 1880/1880/1880 1881/1881/1881
# material_color 0.400000 0.329412 0.631373 1.0
# s3d_label 0
f 1882/1882/1882 1883/1883/1883 1884/1884/1884
# material_color 0.400000 0.329412 0.631373 1.0
# s3d_label 0
f 1885/1885/1885 1886/1886/1886 1887/1887/1887
# material_color 0.400000 0.329412 0.631373 1.0
# s3d_label 0
f 1888/1888/1888 1889/1889/1889 1890/1890/1890
# material_color 0.400000 0.329412 0.631373 1.0
# s3d_label 0
f 1891/1891/1891 1892/1892/1892 1893/1893/1893
# material_color 0.400000 0.329412 0.631373 1.0
# s3d_label 0
f 1894/1894/1894 1895/1895/1895 1896/1896/1896
# material_color 0.400000 0.329412 0.631373 1.0
# s3d_label 0
f 1897/1897/1897 1898/1898/1898 1899/1899/1899
# material_color 0.400000 0.329412 0.631373 1.0
# s3d_label 0
f 1900/1900/1900 1901/1901/1901 1902/1902/1902
# material_color 0.400000 0.329412 0.631373 1.0
# s3d_label 0
f 1903/1903/1903 1904/1904/1904 1905/1905/1905
# material_color 0.400000 0.329412 0.631373 1.0
# s3d_label 0
f 1906/1906/1906 1907/1907/1907 1908/1908/1908
# material_color 0.400000 0.329412 0.631373 1.0
# s3d_label 0
f 1909/1909/1909 1910/1910/1910 1911/1911/1911
# material_color 0.400000 0.329412 0.631373 1.0
# s3d_label 0
f 1912/1912/1912 1913/1913/1913 1914/1914/1914
# material_color 0.400000 0.329412 0.631373 1.0
# s3d_label 0
f 1915/1915/1915 1916/1916/1916 1917/1917/1917
# material_color 0.400000 0.329412 0.631373 1.0
# s3d_label 0
f 1918/1918/1918 1919/1919/1919 1920/1920/1920
# material_color 0.400000 0.329412 0.631373 1.0
# s3d_label 0
f 1921/1921/1921 1922/1922/1922 1923/1923/1923
# material_color 0.400000 0.329412 0.631373 1.0
# s3d_label 0
f 1924/1924/1924 1925/1925/1925 1926/1926/1926
# material_color 0.400000 0.329412 0.631373 1.0
# s3d_label 0
f 1927/1927/1927 1928/1928/1928 1929/1929/1929
# material_color 0.400000 0.329412 0.631373 1.0
# s3d_label 0
f 1930/1930/1930 1931/1931/1931 1932/1932/1932
# material_color 0.400000 0.329412 0.631373 1.0
# s3d_label 0
f 1933/1933/1933 1934/1934/1934 1935/1935/1935
# material_color 0.400000 0.329412 0.631373 1.0
# s3d_label 0
f 1936/1936/1936 1937/1937/1937 1938/1938/1938
# material_color 0.400000 0.329412 0.631373 1.0
# s3d_label 0
f 1939/1939/1939 1940/1940/1940 1941/1941/1941
# material_color 0.400000 0.329412 0.631373 1.0
# s3d_label 0
f 1942/1942/1942 1943/1943/1943 1944/1944/1944
# material_color 0.400000 0.329412 0.631373 1.0
# s3d_label 0
f 1945/1945/1945 1946/1946/1946 1947/1947/1947
# material_color 0.400000 0.329412 0.631373 1.0
# s3d_label 0
f 1948/1948/1948 1949/1949/1949 1950/1950/1950
# material_color 0.400000 0.329412 0.631373 1.0
# s3d_label 0
f 1951/1951/1951 1952/1952/1952 1953/1953/1953
# material_color 0.400000 0.329412 0.631373 1.0
# s3d_label 0
f 1954/1954/1954 1955/1955/1955 1956/1956/1956
# material_color 0.400000 0.329412 0.631373 1.0
# s3d_label 0
f 1957/1957/1957 1958/1958/1958 1959/1959/1959
# material_color 0.400000 0.329412 0.631373 1.0
# s3d_label 0
f 1960/1960/1960 1961/1961/1961 1962/1962/1962
# material_color 0.400000 0.329412 0.631373 1.0
# s3d_label 0
f 1963/1963/1963 1964/1964/1964 1965/1965/1965
# material_color 0.400000 0.329412 0.631373 1.0
# s3d_label 0
f 1966/1966/1966 1967/1967/1967 1968/1968/1968
# material_color 0.400000 0.329412 0.631373 1.0
# s3d_label 0
f 1969/1969/1969 1970/1970/1970 1971/1971/1971
# material_color 0.400000 0.329412 0.631373 1.0
# s3d_label 0
f 1972/1972/1972 1973/1973/1973 1974/1974/1974
# material_color 0.400000 0.329412 0.631373 1.0
# s3d_label 0
f 1975/1975/1975 1976/1976/1976 1977/1977/1977
# material_color 0.400000 0.329412 0.631373 1.0
# s3d_label 0
f 1978/1978/1978 1979/1979/1979 1980/1980/1980
# material_color 0.400000 0.329412 0.631373 1.0
# s3d_label 0
f 1981/1981/1981 1982/1982/1982 1983/1983/1983
# material_color 0.400000 0.329412 0.631373 1.0
# s3d_label 0
f 1984/1984/1984 1985/1985/1985 1986/1986/1986
# material_color 0.400000 0.329412 0.631373 1.0
# s3d_label 0
f 1987/1987/1987 1988/1988/1988 1989/1989/1989
# material_color 0.400000 0.329412 0.631373 1.0
# s3d_label 0
f 1990/1990/1990 1991/1991/1991 1992/1992/1992
# material_color 0.400000 0.329412 0.631373 1.0
# s3d_label 0
f 1993/1993/1993 1994/1994/1994 1995/1995/1995
# material_color 0.400000 0.329412 0.631373 1.0
# s3d_label 0
f 1996/1996/1996 1997/1997/1997 1998/1998/1998
# material_color 0.400000 0.329412 0.631373 1.0
# s3d_label 0
f 1999/1999/1999 2000/2000/2000 2001/2001/2001
# material_color 0.400000 0.329412 0.631373 1.0
# s3d_label 0
f 2002/2002/2002 2003/2003/2003 2004/2004/2004
# material_color 0.400000 0.329412 0.631373 1.0
# s3d_label 0
f 2005/2005/2005 2006/2006/2006 2007/2007/2007
# material_color 0.400000 0.329412 0.631373 1.0
# s3d_label 0
f 2008/2008/2008 2009/2009/2009 2010/2010/2010
# material_color 0.400000 0.329412 0.631373 1.0
# s3d_label 0
f 2011/2011/2011 2012/2012/2012 2013/2013/2013
# material_color 0.400000 0.329412 0.631373 1.0
# s3d_label 0
f 2014/2014/2014 2015/2015/2015 2016/2016/2016
# material_color 0.400000 0.329412 0.631373 1.0
# s3d_label 0
f 2017/2017/2017 2018/2018/2018 2019/2019/2019
# material_color 0.400000 0.329412 0.631373 1.0
# s3d_label 0
f 2020/2020/2020 2021/2021/2021 2022/2022/2022
# material_color 0.400000 0.329412 0.631373 1.0
# s3d_label 0
f 2023/2023/2023 2024/2024/2024 2025/2025/2025
# material_color 0.400000 0.329412 0.631373 1.0
# s3d_label 0
f 2026/2026/2026 2027/2027/2027 2028/2028/2028
# material_color 0.400000 0.329412 0.631373 1.0
# s3d_label 0
f 2029/2029/2029 2030/2030/2030 2031/2031/2031
# material_color 0.400000 0.329412 0.631373 1.0
# s3d_label 0
f 2032/2032/2032 2033/2033/2033 2034/2034/2034
# material_color 0.400000 0.329412 0.631373 1.0
# s3d_label 0
f 2035/2035/2035 2036/2036/2036 2037/2037/2037
# material_color 0.400000 0.329412 0.631373 1.0
# s3d_label 0
f 2038/2038/2038 2039/2039/2039 2040/2040/2040
# material_color 0.400000 0.329412 0.631373 1.0
# s3d_label 0
f 2041/2041/2041 2042/2042/2042 2043/2043/2043
# material_color 0.400000 0.329412 0.631373 1.0
# s3d_label 0
f 2044/2044/2044 2045/2045/2045 2046/2046/2046
# material_color 0.400000 0.329412 0.631373 1.0
# s3d_label 0
f 2047/2047/2047 2048/2048/2048 2049/2049/2049
# material_color 0.400000 0.329412 0.631373 1.0
# s3d_label 0
f 2050/2050/2050 2051/2051/2051 2052/2052/2052
# material_color 0.400000 0.329412 0.631373 1.0
# s3d_label 0
f 2053/2053/2053 2054/2054/2054 2055/2055/2055
# material_color 0.400000 0.329412 0.631373 1.0
# s3d_label 0
f 2056/2056/2056 2057/2057/2057 2058/2058/2058
# material_color 0.400000 0.329412 0.631373 1.0
# s3d_label 0
f 2059/2059/2059 2060/2060/2060 2061/2061/2061
# material_color 0.400000 0.329412 0.631373 1.0
# s3d_label 0
f 2062/2062/2062 2063/2063/2063 2064/2064/2064
# material_color 0.400000 0.329412 0.631373 1.0
# s3d_label 0
f 2065/2065/2065 2066/2066/2066 2067/2067/2067
# material_color 0.400000 0.329412 0.631373 1.0
# s3d_label 0
f 2068/2068/2068 2069/2069/2069 2070/2070/2070
# material_color 0.400000 0.329412 0.631373 1.0
# s3d_label 0
f 2071/2071/2071 2072/2072/2072 2073/2073/2073
# material_color 0.400000 0.329412 0.631373 1.0
# s3d_label 0
f 2074/2074/2074 2075/2075/2075 2076/2076/2076
# material_color 0.400000 0.329412 0.631373 1.0
# s3d_label 0
f 2077/2077/2077 2078/2078/2078 2079/2079/2079
# material_color 0.400000 0.329412 0.631373 1.0
# s3d_label 0
f 2080/2080/2080 2081/2081/2081 2082/2082/2082
# material_color 0.400000 0.329412 0.631373 1.0
# s3d_label 0
f 2083/2083/2083 2084/2084/2084 2085/2085/2085
# material_color 0.400000 0.329412 0.631373 1.0
# s3d_label 0
f 2086/2086/2086 2087/2087/2087 2088/2088/2088
# material_color 0.400000 0.329412 0.631373 1.0
# s3d_label 0
f 2089/2089/2089 2090/2090/2090 2091/2091/2091
# material_color 0.400000 0.329412 0.631373 1.0
# s3d_label 0
f 2092/2092/2092 2093/2093/2093 2094/2094/2094
# material_color 0.400000 0.329412 0.631373 1.0
# s3d_label 0
f 2095/2095/2095 2096/2096/2096 2097/2097/2097
# material_color 0.400000 0.329412 0.631373 1.0
# s3d_label 0
f 2098/2098/2098 2099/2099/2099 2100/2100/2100
# material_color 0.400000 0.329412 0.631373 1.0
# s3d_label 0
f 2101/2101/2101 2102/2102/2102 2103/2103/2103
# material_color 0.400000 0.329412 0.631373 1.0
# s3d_label 0
f 2104/2104/2104 2105/2105/2105 2106/2106/2106
# material_color 0.400000 0.329412 0.631373 1.0
# s3d_label 0
f 2107/2107/2107 2108/2108/2108 2109/2109/2109
# material_color 0.400000 0.329412 0.631373 1.0
# s3d_label 0
f 2110/2110/2110 2111/2111/2111 2112/2112/2112
# material_color 0.400000 0.329412 0.631373 1.0
# s3d_label 0
f 2113/2113/2113 2114/2114/2114 2115/2115/2115
# material_color 0.400000 0.329412 0.631373 1.0
# s3d_label 0
f 2116/2116/2116 2117/2117/2117 2118/2118/2118
# material_color 0.400000 0.329412 0.631373 1.0
# s3d_label 0
f 2119/2119/2119 2120/2120/2120 2121/2121/2121
# material_color 0.400000 0.329412 0.631373 1.0
# s3d_label 0
f 2122/2122/2122 2123/2123/2123 2124/2124/2124
# material_color 0.400000 0.329412 0.631373 1.0
# s3d_label 1
f 2125/2125/2125 2126/2126/2126 2127/2127/2127
# material_color 0.400000 0.329412 0.631373 1.0
# s3d_label 1
f 2128/2128/2128 2129/2129/2129 2130/2130/2130
# material_color 0.400000 0.329412 0.631373 1.0
# s3d_label 1
f 2131/2131/2131 2132/2132/2132 2133/2133/2133
# material_color 0.400000 0.329412 0.631373 1.0
# s3d_label 1
f 2134/2134/2134 2135/2135/2135 2136/2136/2136
# material_color 0.400000 0.329412 0.631373 1.0
# s3d_label 1
f 2137/2137/2137 2138/2138/2138 2139/2139/2139
# material_color 0.400000 0.329412 0.631373 1.0
# s3d_label 1
f 2140/2140/2140 2141/2141/2141 2142/2142/2142
# material_color 0.400000 0.329412 0.631373 1.0
# s3d_label 1
f 2143/2143/2143 2144/2144/2144 2145/2145/2145
# material_color 0.400000 0.329412 0.631373 1.0
# s3d_label 1
f 2146/2146/2146 2147/2147/2147 2148/2148/2148
# material_color 0.400000 0.329412 0.631373 1.0
# s3d_label 1
f 2149/2149/2149 2150/2150/2150 2151/2151/2151
# material_color 0.400000 0.329412 0.631373 1.0
# s3d_label 1
f 2152/2152/2152 2153/2153/2153 2154/2154/2154
# material_color 0.400000 0.329412 0.631373 1.0
# s3d_label 1
f 2155/2155/2155 2156/2156/2156 2157/2157/2157
# material_color 0.400000 0.329412 0.631373 1.0
# s3d_label 1
f 2158/2158/2158 2159/2159/2159 2160/2160/2160
# material_color 0.400000 0.329412 0.631373 1.0
# s3d_label 1
f 2161/2161/2161 2162/2162/2162 2163/2163/2163
# material_color 0.400000 0.329412 0.631373 1.0
# s3d_label 1
f 2164/2164/2164 2165/2165/2165 2166/2166/2166
# material_color 0.400000 0.329412 0.631373 1.0
# s3d_label 1
f 2167/2167/2167 2168/2168/2168 2169/2169/2169
# material_color 0.400000 0.329412 0.631373 1.0
# s3d_label 1
f 2170/2170/2170 2171/2171/2171 2172/2172/2172
# material_color 0.400000 0.329412 0.631373 1.0
# s3d_label 1
f 2173/2173/2173 2174/2174/2174 2175/2175/2175
# material_color 0.400000 0.329412 0.631373 1.0
# s3d_label 1
f 2176/2176/2176 2177/2177/2177 2178/2178/2178
# material_color 0.400000 0.329412 0.631373 1.0
# s3d_label 1
f 2179/2179/2179 2180/2180/2180 2181/2181/2181
# material_color 0.400000 0.329412 0.631373 1.0
# s3d_label 1
f 2182/2182/2182 2183/2183/2183 2184/2184/2184
# material_color 0.400000 0.329412 0.631373 1.0
# s3d_label 1
f 2185/2185/2185 2186/2186/2186 2187/2187/2187
# material_color 0.400000 0.329412 0.631373 1.0
# s3d_label 1
f 2188/2188/2188 2189/2189/2189 2190/2190/2190
# material_color 0.400000 0.329412 0.631373 1.0
# s3d_label 0
f 2191/2191/2191 2192/2192/2192 2193/2193/2193
# material_color 0.400000 0.329412 0.631373 1.0
# s3d_label 0
f 2194/2194/2194 2195/2195/2195 2196/2196/2196
# material_color 0.400000 0.329412 0.631373 1.0
# s3d_label 0
f 2197/2197/2197 2198/2198/2198 2199/2199/2199
# material_color 0.400000 0.329412 0.631373 1.0
# s3d_label 0
f 2200/2200/2200 2201/2201/2201 2202/2202/2202
# material_color 0.400000 0.329412 0.631373 1.0
# s3d_label 0
f 2203/2203/2203 2204/2204/2204 2205/2205/2205
# material_color 0.400000 0.329412 0.631373 1.0
# s3d_label 0
f 2206/2206/2206 2207/2207/2207 2208/2208/2208
# material_color 0.400000 0.329412 0.631373 1.0
# s3d_label 0
f 2209/2209/2209 2210/2210/2210 2211/2211/2211
# material_color 0.400000 0.329412 0.631373 1.0
# s3d_label 0
f 2212/2212/2212 2213/2213/2213 2214/2214/2214
# material_color 0.400000 0.329412 0.631373 1.0
# s3d_label 0
f 2215/2215/2215 2216/2216/2216 2217/2217/2217
# material_color 0.400000 0.329412 0.631373 1.0
# s3d_label 0
f 2218/2218/2218 2219/2219/2219 2220/2220/2220
# material_color 0.400000 0.329412 0.631373 1.0
# s3d_label 0
f 2221/2221/2221 2222/2222/2222 2223/2223/2223
# material_color 0.400000 0.329412 0.631373 1.0
# s3d_label 0
f 2224/2224/2224 2225/2225/2225 2226/2226/2226
# material_color 0.400000 0.329412 0.631373 1.0
# s3d_label 0
f 2227/2227/2227 2228/2228/2228 2229/2229/2229
# material_color 0.400000 0.329412 0.631373 1.0
# s3d_label 0
f 2230/2230/2230 2231/2231/2231 2232/2232/2232
# material_color 0.400000 0.329412 0.631373 1.0
# s3d_label 0
f 2233/2233/2233 2234/2234/2234 2235/2235/2235
# material_color 0.400000 0.329412 0.631373 1.0
# s3d_label 0
f 2236/2236/2236 2237/2237/2237 2238/2238/2238
# material_color 0.400000 0.329412 0.631373 1.0
# s3d_label 0
f 2239/2239/2239 2240/2240/2240 2241/2241/2241
# material_color 0.400000 0.329412 0.631373 1.0
# s3d_label 0
f 2242/2242/2242 2243/2243/2243 2244/2244/2244
# material_color 0.400000 0.329412 0.631373 1.0
# s3d_label 0
f 2245/2245/2245 2246/2246/2246 2247/2247/2247
# material_color 0.400000 0.329412 0.631373 1.0
# s3d_label 0
f 2248/2248/2248 2249/2249/2249 2250/2250/2250
# material_color 0.400000 0.329412 0.631373 1.0
# s3d_label 0
f 2251/2251/2251 2252/2252/2252 2253/2253/2253
# material_color 0.400000 0.329412 0.631373 1.0
# s3d_label 0
f 2254/2254/2254 2255/2255/2255 2256/2256/2256
# material_color 0.400000 0.329412 0.631373 1.0
# s3d_label 0
f 2257/2257/2257 2258/2258/2258 2259/2259/2259
# material_color 0.400000 0.329412 0.631373 1.0
# s3d_label 0
f 2260/2260/2260 2261/2261/2261 2262/2262/2262
# material_color 0.400000 0.329412 0.631373 1.0
# s3d_label 0
f 2263/2263/2263 2264/2264/2264 2265/2265/2265
# material_color 0.400000 0.329412 0.631373 1.0
# s3d_label 0
f 2266/2266/2266 2267/2267/2267 2268/2268/2268
# material_color 0.400000 0.329412 0.631373 1.0
# s3d_label 0
f 2269/2269/2269 2270/2270/2270 2271/2271/2271
# material_color 0.400000 0.329412 0.631373 1.0
# s3d_label 0
f 2272/2272/2272 2273/2273/2273 2274/2274/2274
# material_color 0.400000 0.329412 0.631373 1.0
# s3d_label 0
f 2275/2275/2275 2276/2276/2276 2277/2277/2277
# material_color 0.400000 0.329412 0.631373 1.0
# s3d_label 0
f 2278/2278/2278 2279/2279/2279 2280/2280/2280
# material_color 0.400000 0.329412 0.631373 1.0
# s3d_label 0
f 2281/2281/2281 2282/2282/2282 2283/2283/2283
# material_color 0.400000 0.329412 0.631373 1.0
# s3d_label 0
f 2284/2284/2284 2285/2285/2285 2286/2286/2286
# material_color 0.400000 0.329412 0.631373 1.0
# s3d_label 0
f 2287/2287/2287 2288/2288/2288 2289/2289/2289
# material_color 0.400000 0.329412 0.631373 1.0
# s3d_label 0
f 2290/2290/2290 2291/2291/2291 2292/2292/2292
# material_color 0.400000 0.329412 0.631373 1.0
# s3d_label 0
f 2293/2293/2293 2294/2294/2294 2295/2295/2295
# material_color 0.400000 0.329412 0.631373 1.0
# s3d_label 0
f 2296/2296/2296 2297/2297/2297 2298/2298/2298
# material_color 0.400000 0.329412 0.631373 1.0
# s3d_label 0
f 2299/2299/2299 2300/2300/2300 2301/2301/2301
# material_color 0.400000 0.329412 0.631373 1.0
# s3d_label 0
f 2302/2302/2302 2303/2303/2303 2304/2304/2304
# material_color 0.400000 0.329412 0.631373 1.0
# s3d_label 0
f 2305/2305/2305 2306/2306/2306 2307/2307/2307
# material_color 0.400000 0.329412 0.631373 1.0
# s3d_label 0
f 2308/2308/2308 2309/2309/2309 2310/2310/2310
# material_color 0.400000 0.329412 0.631373 1.0
# s3d_label 0
f 2311/2311/2311 2312/2312/2312 2313/2313/2313
# material_color 0.400000 0.329412 0.631373 1.0
# s3d_label 0
f 2314/2314/2314 2315/2315/2315 2316/2316/2316
# material_color 0.400000 0.329412 0.631373 1.0
# s3d_label 0
f 2317/2317/2317 2318/2318/2318 2319/2319/2319
# material_color 0.400000 0.329412 0.631373 1.0
# s3d_label 0
f 2320/2320/2320 2321/2321/2321 2322/2322/2322
# material_color 0.400000 0.329412 0.631373 1.0
# s3d_label 0
f 2323/2323/2323 2324/2324/2324 2325/2325/2325
# material_color 0.400000 0.329412 0.631373 1.0
# s3d_label 0
f 2326/2326/2326 2327/2327/2327 2328/2328/2328
# material_color 0.400000 0.329412 0.631373 1.0
# s3d_label 0
f 2329/2329/2329 2330/2330/2330 2331/2331/2331
# material_color 0.400000 0.329412 0.631373 1.0
# s3d_label 0
f 2332/2332/2332 2333/2333/2333 2334/2334/2334
# material_color 0.400000 0.329412 0.631373 1.0
# s3d_label 0
f 2335/2335/2335 2336/2336/2336 2337/2337/2337
# material_color 0.400000 0.329412 0.631373 1.0
# s3d_label 0
f 2338/2338/2338 2339/2339/2339 2340/2340/2340
# material_color 0.400000 0.329412 0.631373 1.0
# s3d_label 0
f 2341/2341/2341 2342/2342/2342 2343/2343/2343
# material_color 0.400000 0.329412 0.631373 1.0
# s3d_label 0
f 2344/2344/2344 2345/2345/2345 2346/2346/2346
# material_color 0.400000 0.329412 0.631373 1.0
# s3d_label 0
f 2347/2347/2347 2348/2348/2348 2349/2349/2349
# material_color 0.400000 0.329412 0.631373 1.0
# s3d_label 0
f 2350/2350/2350 2351/2351/2351 2352/2352/2352
# material_color 0.400000 0.329412 0.631373 1.0
# s3d_label 0
f 2353/2353/2353 2354/2354/2354 2355/2355/2355
# material_color 0.400000 0.329412 0.631373 1.0
# s3d_label 0
f 2356/2356/2356 2357/2357/2357 2358/2358/2358
# material_color 0.400000 0.329412 0.631373 1.0
# s3d_label 0
f 2359/2359/2359 2360/2360/2360 2361/2361/2361
# material_color 0.400000 0.329412 0.631373 1.0
# s3d_label 0
f 2362/2362/2362 2363/2363/2363 2364/2364/2364
# material_color 0.400000 0.329412 0.631373 1.0
# s3d_label 0
f 2365/2365/2365 2366/2366/2366 2367/2367/2367
# material_color 0.400000 0.329412 0.631373 1.0
# s3d_label 0
f 2368/2368/2368 2369/2369/2369 2370/2370/2370
# material_color 0.400000 0.329412 0.631373 1.0
# s3d_label 0
f 2371/2371/2371 2372/2372/2372 2373/2373/2373
# material_color 0.400000 0.329412 0.631373 1.0
# s3d_label 0
f 2374/2374/2374 2375/2375/2375 2376/2376/2376
# material_color 0.400000 0.329412 0.631373 1.0
# s3d_label 0
f 2377/2377/2377 2378/2378/2378 2379/2379/2379
# material_color 0.400000 0.329412 0.631373 1.0
# s3d_label 0
f 2380/2380/2380 2381/2381/2381 2382/2382/2382
# material_color 0.400000 0.329412 0.631373 1.0
# s3d_label 0
f 2383/2383/2383 2384/2384/2384 2385/2385/2385
# material_color 0.400000 0.329412 0.631373 1.0
# s3d_label 0
f 2386/2386/2386 2387/2387/2387 2388/2388/2388
# material_color 0.400000 0.329412 0.631373 1.0
# s3d_label 0
f 2389/2389/2389 2390/2390/2390 2391/2391/2391
# material_color 0.400000 0.329412 0.631373 1.0
# s3d_label 0
f 2392/2392/2392 2393/2393/2393 2394/2394/2394
# material_color 0.400000 0.329412 0.631373 1.0
# s3d_label 0
f 2395/2395/2395 2396/2396/2396 2397/2397/2397
# material_color 0.400000 0.329412 0.631373 1.0
# s3d_label 0
f 2398/2398/2398 2399/2399/2399 2400/2400/2400
# material_color 0.400000 0.329412 0.631373 1.0
# s3d_label 0
f 2401/2401/2401 2402/2402/2402 2403/2403/2403
# material_color 0.400000 0.329412 0.631373 1.0
# s3d_label 0
f 2404/2404/2404 2405/2405/2405 2406/2406/2406
# material_color 0.400000 0.329412 0.631373 1.0
# s3d_label 0
f 2407/2407/2407 2408/2408/2408 2409/2409/2409
# material_color 0.400000 0.329412 0.631373 1.0
# s3d_label 0
f 2410/2410/2410 2411/2411/2411 2412/2412/2412
# material_color 0.400000 0.329412 0.631373 1.0
# s3d_label 0
f 2413/2413/2413 2414/2414/2414 2415/2415/2415
# material_color 0.400000 0.329412 0.631373 1.0
# s3d_label 0
f 2416/2416/2416 2417/2417/2417 2418/2418/2418
# material_color 0.400000 0.329412 0.631373 1.0
# s3d_label 0
f 2419/2419/2419 2420/2420/2420 2421/2421/2421
# material_color 0.400000 0.329412 0.631373 1.0
# s3d_label 0
f 2422/2422/2422 2423/2423/2423 2424/2424/2424
# material_color 0.400000 0.329412 0.631373 1.0
# s3d_label 0
f 2425/2425/2425 2426/2426/2426 2427/2427/2427
# material_color 0.400000 0.329412 0.631373 1.0
# s3d_label 0
f 2428/2428/2428 2429/2429/2429 2430/2430/2430
# material_color 0.400000 0.329412 0.631373 1.0
# s3d_label 0
f 2431/2431/2431 2432/2432/2432 2433/2433/2433
# material_color 0.400000 0.329412 0.631373 1.0
# s3d_label 0
f 2434/2434/2434 2435/2435/2435 2436/2436/2436
# material_color 0.400000 0.329412 0.631373 1.0
# s3d_label 0
f 2437/2437/2437 2438/2438/2438 2439/2439/2439
# material_color 0.400000 0.329412 0.631373 1.0
# s3d_label 0
f 2440/2440/2440 2441/2441/2441 2442/2442/2442
# material_color 0.400000 0.329412 0.631373 1.0
# s3d_label 0
f 2443/2443/2443 2444/2444/2444 2445/2445/2445
# material_color 0.400000 0.329412 0.631373 1.0
# s3d_label 0
f 2446/2446/2446 2447/2447/2447 2448/2448/2448
# material_color 0.400000 0.329412 0.631373 1.0
# s3d_label 0
f 2449/2449/2449 2450/2450/2450 2451/2451/2451
# material_color 0.400000 0.329412 0.631373 1.0
# s3d_label 0
f 2452/2452/2452 2453/2453/2453 2454/2454/2454
# material_color 0.400000 0.329412 0.631373 1.0
# s3d_label 0
f 2455/2455/2455 2456/2456/2456 2457/2457/2457
# material_color 0.400000 0.329412 0.631373 1.0
# s3d_label 0
f 2458/2458/2458 2459/2459/2459 2460/2460/2460
# material_color 0.400000 0.329412 0.631373 1.0
# s3d_label 0
f 2461/2461/2461 2462/2462/2462 2463/2463/2463
# material_color 0.400000 0.329412 0.631373 1.0
# s3d_label 0
f 2464/2464/2464 2465/2465/2465 2466/2466/2466
# material_color 0.400000 0.329412 0.631373 1.0
# s3d_label 0
f 2467/2467/2467 2468/2468/2468 2469/2469/2469
# material_color 0.400000 0.329412 0.631373 1.0
# s3d_label 0
f 2470/2470/2470 2471/2471/2471 2472/2472/2472
# material_color 0.400000 0.329412 0.631373 1.0
# s3d_label 0
f 2473/2473/2473 2474/2474/2474 2475/2475/2475
# material_color 0.400000 0.329412 0.631373 1.0
# s3d_label 0
f 2476/2476/2476 2477/2477/2477 2478/2478/2478
# material_color 0.400000 0.329412 0.631373 1.0
# s3d_label 0
f 2479/2479/2479 2480/2480/2480 2481/2481/2481
# material_color 0.400000 0.329412 0.631373 1.0
# s3d_label 0
f 2482/2482/2482 2483/2483/2483 2484/2484/2484
# material_color 0.400000 0.329412 0.631373 1.0
# s3d_label 0
f 2485/2485/2485 2486/2486/2486 2487/2487/2487
# material_color 0.400000 0.329412 0.631373 1.0
# s3d_label 0
f 2488/2488/2488 2489/2489/2489 2490/2490/2490
# material_color 0.400000 0.329412 0.631373 1.0
# s3d_label 0
f 2491/2491/2491 2492/2492/2492 2493/2493/2493
# material_color 0.400000 0.329412 0.631373 1.0
# s3d_label 0
f 2494/2494/2494 2495/2495/2495 2496/2496/2496
# material_color 0.400000 0.329412 0.631373 1.0
# s3d_label 0
f 2497/2497/2497 2498/2498/2498 2499/2499/2499
# material_color 0.400000 0.329412 0.631373 1.0
# s3d_label 0
f 2500/2500/2500 2501/2501/2501 2502/2502/2502
# material_color 0.400000 0.329412 0.631373 1.0
# s3d_label 0
f 2503/2503/2503 2504/2504/2504 2505/2505/2505
# material_color 0.400000 0.329412 0.631373 1.0
# s3d_label 0
f 2506/2506/2506 2507/2507/2507 2508/2508/2508
# material_color 0.400000 0.329412 0.631373 1.0
# s3d_label 0
f 2509/2509/2509 2510/2510/2510 2511/2511/2511
# material_color 0.400000 0.329412 0.631373 1.0
# s3d_label 0
f 2512/2512/2512 2513/2513/2513 2514/2514/2514
# material_color 0.400000 0.329412 0.631373 1.0
# s3d_label 0
f 2515/2515/2515 2516/2516/2516 2517/2517/2517
# material_color 0.400000 0.329412 0.631373 1.0
# s3d_label 0
f 2518/2518/2518 2519/2519/2519 2520/2520/2520
# material_color 0.400000 0.329412 0.631373 1.0
# s3d_label 0
f 2521/2521/2521 2522/2522/2522 2523/2523/2523
# material_color 0.400000 0.329412 0.631373 1.0
# s3d_label 0
f 2524/2524/2524 2525/2525/2525 2526/2526/2526
# material_color 0.400000 0.329412 0.631373 1.0
# s3d_label 0
f 2527/2527/2527 2528/2528/2528 2529/2529/2529
# material_color 0.400000 0.329412 0.631373 1.0
# s3d_label 0
f 2530/2530/2530 2531/2531/2531 2532/2532/2532
# material_color 0.400000 0.329412 0.631373 1.0
# s3d_label 0
f 2533/2533/2533 2534/2534/2534 2535/2535/2535
# material_color 0.400000 0.329412 0.631373 1.0
# s3d_label 0
f 2536/2536/2536 2537/2537/2537 2538/2538/2538
# material_color 0.400000 0.329412 0.631373 1.0
# s3d_label 0
f 2539/2539/2539 2540/2540/2540 2541/2541/2541
# material_color 0.400000 0.329412 0.631373 1.0
# s3d_label 0
f 2542/2542/2542 2543/2543/2543 2544/2544/2544
# material_color 0.400000 0.329412 0.631373 1.0
# s3d_label 0
f 2545/2545/2545 2546/2546/2546 2547/2547/2547
# material_color 0.400000 0.329412 0.631373 1.0
# s3d_label 0
f 2548/2548/2548 2549/2549/2549 2550/2550/2550
# material_color 0.400000 0.329412 0.631373 1.0
# s3d_label 0
f 2551/2551/2551 2552/2552/2552 2553/2553/2553
# material_color 0.400000 0.329412 0.631373 1.0
# s3d_label 0
f 2554/2554/2554 2555/2555/2555 2556/2556/2556
# material_color 0.400000 0.329412 0.631373 1.0
# s3d_label 0
f 2557/2557/2557 2558/2558/2558 2559/2559/2559
# material_color 0.400000 0.329412 0.631373 1.0
# s3d_label 0
f 2560/2560/2560 2561/2561/2561 2562/2562/2562
# material_color 0.400000 0.329412 0.631373 1.0
# s3d_label 0
f 2563/2563/2563 2564/2564/2564 2565/2565/2565
# material_color 0.400000 0.329412 0.631373 1.0
# s3d_label 0
f 2566/2566/2566 2567/2567/2567 2568/2568/2568
# material_color 0.400000 0.329412 0.631373 1.0
# s3d_label 0
f 2569/2569/2569 2570/2570/2570 2571/2571/2571
# material_color 0.400000 0.329412 0.631373 1.0
# s3d_label 0
f 2572/2572/2572 2573/2573/2573 2574/2574/2574
# material_color 0.400000 0.329412 0.631373 1.0
# s3d_label 0
f 2575/2575/2575 2576/2576/2576 2577/2577/2577
# material_color 0.400000 0.329412 0.631373 1.0
# s3d_label 0
f 2578/2578/2578 2579/2579/2579 2580/2580/2580
# material_color 0.400000 0.329412 0.631373 1.0
# s3d_label 0
f 2581/2581/2581 2582/2582/2582 2583/2583/2583
# material_color 0.400000 0.329412 0.631373 1.0
# s3d_label 0
f 2584/2584/2584 2585/2585/2585 2586/2586/2586
# material_color 0.400000 0.329412 0.631373 1.0
# s3d_label 0
f 2587/2587/2587 2588/2588/2588 2589/2589/2589
# material_color 0.400000 0.329412 0.631373 1.0
# s3d_label 0
f 2590/2590/2590 2591/2591/2591 2592/2592/2592
# material_color 0.400000 0.329412 0.631373 1.0
# s3d_label 0
f 2593/2593/2593 2594/2594/2594 2595/2595/2595
# material_color 0.400000 0.329412 0.631373 1.0
# s3d_label 0
f 2596/2596/2596 2597/2597/2597 2598/2598/2598
# material_color 0.400000 0.329412 0.631373 1.0
# s3d_label 0
f 2599/2599/2599 2600/2600/2600 2601/2601/2601
# material_color 0.400000 0.329412 0.631373 1.0
# s3d_label 0
f 2602/2602/2602 2603/2603/2603 2604/2604/2604
# material_color 0.400000 0.329412 0.631373 1.0
# s3d_label 0
f 2605/2605/2605 2606/2606/2606 2607/2607/2607
# material_color 0.400000 0.329412 0.631373 1.0
# s3d_label 0
f 2608/2608/2608 2609/2609/2609 2610/2610/2610
# material_color 0.400000 0.329412 0.631373 1.0
# s3d_label 0
f 2611/2611/2611 2612/2612/2612 2613/2613/2613
# material_color 0.400000 0.329412 0.631373 1.0
# s3d_label 0
f 2614/2614/2614 2615/2615/2615 2616/2616/2616
# material_color 0.400000 0.329412 0.631373 1.0
# s3d_label 0
f 2617/2617/2617 2618/2618/2618 2619/2619/2619
# material_color 0.400000 0.329412 0.631373 1.0
# s3d_label 0
f 2620/2620/2620 2621/2621/2621 2622/2622/2622
# material_color 0.400000 0.329412 0.631373 1.0
# s3d_label 0
f 2623/2623/2623 2624/2624/2624 2625/2625/2625
# material_color 0.400000 0.329412 0.631373 1.0
# s3d_label 0
f 2626/2626/2626 2627/2627/2627 2628/2628/2628
# material_color 0.400000 0.329412 0.631373 1.0
# s3d_label 0
f 2629/2629/2629 2630/2630/2630 2631/2631/2631
# material_color 0.400000 0.329412 0.631373 1.0
# s3d_label 0
f 2632/2632/2632 2633/2633/2633 2634/2634/2634
# material_color 0.400000 0.329412 0.631373 1.0
# s3d_label 0
f 2635/2635/2635 2636/2636/2636 2637/2637/2637
# material_color 0.400000 0.329412 0.631373 1.0
# s3d_label 0
f 2638/2638/2638 2639/2639/2639 2640/2640/2640
# material_color 0.400000 0.329412 0.631373 1.0
# s3d_label 0
f 2641/2641/2641 2642/2642/2642 2643/2643/2643
# material_color 0.400000 0.329412 0.631373 1.0
# s3d_label 0
f 2644/2644/2644 2645/2645/2645 2646/2646/2646
# material_color 0.400000 0.329412 0.631373 1.0
# s3d_label 0
f 2647/2647/2647 2648/2648/2648 2649/2649/2649
# material_color 0.400000 0.329412 0.631373 1.0
# s3d_label 0
f 2650/2650/2650 2651/2651/2651 2652/2652/2652
# material_color 0.400000 0.329412 0.631373 1.0
# s3d_label 0
f 2653/2653/2653 2654/2654/2654 2655/2655/2655
# material_color 0.400000 0.329412 0.631373 1.0
# s3d_label 0
f 2656/2656/2656 2657/2657/2657 2658/2658/2658
# material_color 0.400000 0.329412 0.631373 1.0
# s3d_label 0
f 2659/2659/2659 2660/2660/2660 2661/2661/2661
# material_color 0.400000 0.329412 0.631373 1.0
# s3d_label 0
f 2662/2662/2662 2663/2663/2663 2664/2664/2664
# material_color 0.400000 0.329412 0.631373 1.0
# s3d_label 0
f 2665/2665/2665 2666/2666/2666 2667/2667/2667
# material_color 0.400000 0.329412 0.631373 1.0
# s3d_label 0
f 2668/2668/2668 2669/2669/2669 2670/2670/2670
# material_color 0.400000 0.329412 0.631373 1.0
# s3d_label 0
f 2671/2671/2671 2672/2672/2672 2673/2673/2673
# material_color 0.400000 0.329412 0.631373 1.0
# s3d_label 0
f 2674/2674/2674 2675/2675/2675 2676/2676/2676
# material_color 0.400000 0.329412 0.631373 1.0
# s3d_label 0
f 2677/2677/2677 2678/2678/2678 2679/2679/2679
# material_color 0.400000 0.329412 0.631373 1.0
# s3d_label 0
f 2680/2680/2680 2681/2681/2681 2682/2682/2682
# material_color 0.400000 0.329412 0.631373 1.0
# s3d_label 0
f 2683/2683/2683 2684/2684/2684 2685/2685/2685
# material_color 0.400000 0.329412 0.631373 1.0
# s3d_label 0
f 2686/2686/2686 2687/2687/2687 2688/2688/2688
# material_color 0.400000 0.329412 0.631373 1.0
# s3d_label 0
f 2689/2689/2689 2690/2690/2690 2691/2691/2691
# material_color 0.400000 0.329412 0.631373 1.0
# s3d_label 0
f 2692/2692/2692 2693/2693/2693 2694/2694/2694
# material_color 0.400000 0.329412 0.631373 1.0
# s3d_label 0
f 2695/2695/2695 2696/2696/2696 2697/2697/2697
# material_color 0.400000 0.329412 0.631373 1.0
# s3d_label 0
f 2698/2698/2698 2699/2699/2699 2700/2700/2700
# material_color 0.400000 0.329412 0.631373 1.0
# s3d_label 0
f 2701/2701/2701 2702/2702/2702 2703/2703/2703
# material_color 0.400000 0.329412 0.631373 1.0
# s3d_label 0
f 2704/2704/2704 2705/2705/2705 2706/2706/2706
# material_color 0.400000 0.329412 0.631373 1.0
# s3d_label 0
f 2707/2707/2707 2708/2708/2708 2709/2709/2709
# material_color 0.400000 0.329412 0.631373 1.0
# s3d_label 0
f 2710/2710/2710 2711/2711/2711 2712/2712/2712
# material_color 0.400000 0.329412 0.631373 1.0
# s3d_label 0
f 2713/2713/2713 2714/2714/2714 2715/2715/2715
# material_color 0.400000 0.329412 0.631373 1.0
# s3d_label 0
f 2716/2716/2716 2717/2717/2717 2718/2718/2718
# material_color 0.400000 0.329412 0.631373 1.0
# s3d_label 0
f 2719/2719/2719 2720/2720/2720 2721/2721/2721
# material_color 0.400000 0.329412 0.631373 1.0
# s3d_label 0
f 2722/2722/2722 2723/2723/2723 2724/2724/2724
# material_color 0.400000 0.329412 0.631373 1.0
# s3d_label 0
f 2725/2725/2725 2726/2726/2726 2727/2727/2727
# material_color 0.400000 0.329412 0.631373 1.0
# s3d_label 0
f 2728/2728/2728 2729/2729/2729 2730/2730/2730
# material_color 0.400000 0.329412 0.631373 1.0
# s3d_label 0
f 2731/2731/2731 2732/2732/2732 2733/2733/2733
# material_color 0.400000 0.329412 0.631373 1.0
# s3d_label 0
f 2734/2734/2734 2735/2735/2735 2736/2736/2736
# material_color 0.400000 0.329412 0.631373 1.0
# s3d_label 0
f 2737/2737/2737 2738/2738/2738 2739/2739/2739
# material_color 0.400000 0.329412 0.631373 1.0
# s3d_label 0
f 2740/2740/2740 2741/2741/2741 2742/2742/2742
# material_color 0.400000 0.329412 0.631373 1.0
# s3d_label 0
f 2743/2743/2743 2744/2744/2744 2745/2745/2745
# material_color 0.400000 0.329412 0.631373 1.0
# s3d_label 0
f 2746/2746/2746 2747/2747/2747 2748/2748/2748
# material_color 0.400000 0.329412 0.631373 1.0
# s3d_label 0
f 2749/2749/2749 2750/2750/2750 2751/2751/2751
# material_color 0.400000 0.329412 0.631373 1.0
# s3d_label 0
f 2752/2752/2752 2753/2753/2753 2754/2754/2754
# material_color 0.400000 0.329412 0.631373 1.0
# s3d_label 0
f 2755/2755/2755 2756/2756/2756 2757/2757/2757
# material_color 0.400000 0.329412 0.631373 1.0
# s3d_label 0
f 2758/2758/2758 2759/2759/2759 2760/2760/2760
# material_color 0.400000 0.329412 0.631373 1.0
# s3d_label 0
f 2761/2761/2761 2762/2762/2762 2763/2763/2763
# material_color 0.400000 0.329412 0.631373 1.0
# s3d_label 0
f 2764/2764/2764 2765/2765/2765 2766/2766/2766
# material_color 0.400000 0.329412 0.631373 1.0
# s3d_label 0
f 2767/2767/2767 2768/2768/2768 2769/2769/2769
# material_color 0.400000 0.329412 0.631373 1.0
# s3d_label 0
f 2770/2770/2770 2771/2771/2771 2772/2772/2772
# material_color 0.400000 0.329412 0.631373 1.0
# s3d_label 0
f 2773/2773/2773 2774/2774/2774 2775/2775/2775
# material_color 0.400000 0.329412 0.631373 1.0
# s3d_label 0
f 2776/2776/2776 2777/2777/2777 2778/2778/2778
# material_color 0.400000 0.329412 0.631373 1.0
# s3d_label 0
f 2779/2779/2779 2780/2780/2780 2781/2781/2781
# material_color 0.400000 0.329412 0.631373 1.0
# s3d_label 0
f 2782/2782/2782 2783/2783/2783 2784/2784/2784
# material_color 0.400000 0.329412 0.631373 1.0
# s3d_label 0
f 2785/2785/2785 2786/2786/2786 2787/2787/2787
# material_color 0.400000 0.329412 0.631373 1.0
# s3d_label 0
f 2788/2788/2788 2789/2789/2789 2790/2790/2790
# material_color 0.400000 0.329412 0.631373 1.0
# s3d_label 0
f 2791/2791/2791 2792/2792/2792 2793/2793/2793
# material_color 0.400000 0.329412 0.631373 1.0
# s3d_label 0
f 2794/2794/2794 2795/2795/2795 2796/2796/2796
# material_color 0.400000 0.329412 0.631373 1.0
# s3d_label 0
f 2797/2797/2797 2798/2798/2798 2799/2799/2799
# material_color 0.400000 0.329412 0.631373 1.0
# s3d_label 0
f 2800/2800/2800 2801/2801/2801 2802/2802/2802
# material_color 0.400000 0.329412 0.631373 1.0
# s3d_label 0
f 2803/2803/2803 2804/2804/2804 2805/2805/2805
# material_color 0.400000 0.329412 0.631373 1.0
# s3d_label 0
f 2806/2806/2806 2807/2807/2807 2808/2808/2808
# material_color 0.400000 0.329412 0.631373 1.0
# s3d_label 0
f 2809/2809/2809 2810/2810/2810 2811/2811/2811
# material_color 0.400000 0.329412 0.631373 1.0
# s3d_label 0
f 2812/2812/2812 2813/2813/2813 2814/2814/2814
# material_color 0.400000 0.329412 0.631373 1.0
# s3d_label 0
f 2815/2815/2815 2816/2816/2816 2817/2817/2817
# material_color 0.400000 0.329412 0.631373 1.0
# s3d_label 0
f 2818/2818/2818 2819/2819/2819 2820/2820/2820
# material_color 0.400000 0.329412 0.631373 1.0
# s3d_label 0
f 2821/2821/2821 2822/2822/2822 2823/2823/2823
# material_color 0.400000 0.329412 0.631373 1.0
# s3d_label 0
f 2824/2824/2824 2825/2825/2825 2826/2826/2826
# material_color 0.400000 0.329412 0.631373 1.0
# s3d_label 0
f 2827/2827/2827 2828/2828/2828 2829/2829/2829
# material_color 0.400000 0.329412 0.631373 1.0
# s3d_label 0
f 2830/2830/2830 2831/2831/2831 2832/2832/2832
# material_color 0.400000 0.329412 0.631373 1.0
# s3d_label 0
f 2833/2833/2833 2834/2834/2834 2835/2835/2835
# material_color 0.400000 0.329412 0.631373 1.0
# s3d_label 0
f 2836/2836/2836 2837/2837/2837 2838/2838/2838
# material_color 0.400000 0.329412 0.631373 1.0
# s3d_label 0
f 2839/2839/2839 2840/2840/2840 2841/2841/2841
# material_color 0.400000 0.329412 0.631373 1.0
# s3d_label 0
f 2842/2842/2842 2843/2843/2843 2844/2844/2844
# material_color 0.400000 0.329412 0.631373 1.0
# s3d_label 0
f 2845/2845/2845 2846/2846/2846 2847/2847/2847
# material_color 0.400000 0.329412 0.631373 1.0
# s3d_label 0
f 2848/2848/2848 2849/2849/2849 2850/2850/2850
# material_color 0.400000 0.329412 0.631373 1.0
# s3d_label 0
f 2851/2851/2851 2852/2852/2852 2853/2853/2853
# material_color 0.400000 0.329412 0.631373 1.0
# s3d_label 0
f 2854/2854/2854 2855/2855/2855 2856/2856/2856
# material_color 0.400000 0.329412 0.631373 1.0
# s3d_label 0
f 2857/2857/2857 2858/2858/2858 2859/2859/2859
# material_color 0.400000 0.329412 0.631373 1.0
# s3d_label 0
f 2860/2860/2860 2861/2861/2861 2862/2862/2862
# material_color 0.400000 0.329412 0.631373 1.0
# s3d_label 0
f 2863/2863/2863 2864/2864/2864 2865/2865/2865
# material_color 0.400000 0.329412 0.631373 1.0
# s3d_label 0
f 2866/2866/2866 2867/2867/2867 2868/2868/2868
# material_color 0.400000 0.329412 0.631373 1.0
# s3d_label 0
f 2869/2869/2869 2870/2870/2870 2871/2871/2871
# material_color 0.400000 0.329412 0.631373 1.0
# s3d_label 0
f 2872/2872/2872 2873/2873/2873 2874/2874/2874
# material_color 0.400000 0.329412 0.631373 1.0
# s3d_label 0
f 2875/2875/2875 2876/2876/2876 2877/2877/2877
# material_color 0.400000 0.329412 0.631373 1.0
# s3d_label 0
f 2878/2878/2878 2879/2879/2879 2880/2880/2880
# material_color 0.400000 0.329412 0.631373 1.0
# s3d_label 0
f 2881/2881/2881 2882/2882/2882 2883/2883/2883
# material_color 0.400000 0.329412 0.631373 1.0
# s3d_label 0
f 2884/2884/2884 2885/2885/2885 2886/2886/2886
# material_color 0.400000 0.329412 0.631373 1.0
# s3d_label 0
f 2887/2887/2887 2888/2888/2888 2889/2889/2889
# material_color 0.400000 0.329412 0.631373 1.0
# s3d_label 0
f 2890/2890/2890 2891/2891/2891 2892/2892/2892
# material_color 0.400000 0.329412 0.631373 1.0
# s3d_label 0
f 2893/2893/2893 2894/2894/2894 2895/2895/2895
# material_color 0.400000 0.329412 0.631373 1.0
# s3d_label 0
f 2896/2896/2896 2897/2897/2897 2898/2898/2898
# material_color 0.400000 0.329412 0.631373 1.0
# s3d_label 0
f 2899/2899/2899 2900/2900/2900 2901/2901/2901
# material_color 0.400000 0.329412 0.631373 1.0
# s3d_label 0
f 2902/2902/2902 2903/2903/2903 2904/2904/2904
# material_color 0.400000 0.329412 0.631373 1.0
# s3d_label 0
f 2905/2905/2905 2906/2906/2906 2907/2907/2907
# material_color 0.400000 0.329412 0.631373 1.0
# s3d_label 0
f 2908/2908/2908 2909/2909/2909 2910/2910/2910
# material_color 0.400000 0.329412 0.631373 1.0
# s3d_label 0
f 2911/2911/2911 2912/2912/2912 2913/2913/2913
# material_color 0.400000 0.329412 0.631373 1.0
# s3d_label 0
f 2914/2914/2914 2915/2915/2915 2916/2916/2916
# material_color 0.400000 0.329412 0.631373 1.0
# s3d_label 0
f 2917/2917/2917 2918/2918/2918 2919/2919/2919
# material_color 0.400000 0.329412 0.631373 1.0
# s3d_label 0
f 2920/2920/2920 2921/2921/2921 2922/2922/2922
# material_color 0.400000 0.329412 0.631373 1.0
# s3d_label 0
f 2923/2923/2923 2924/2924/2924 2925/2925/2925
# material_color 0.400000 0.329412 0.631373 1.0
# s3d_label 0
f 2926/2926/2926 2927/2927/2927 2928/2928/2928
# material_color 0.400000 0.329412 0.631373 1.0
# s3d_label 0
f 2929/2929/2929 2930/2930/2930 2931/2931/2931
# material_color 0.400000 0.329412 0.631373 1.0
# s3d_label 0
f 2932/2932/2932 2933/2933/2933 2934/2934/2934
# material_color 0.400000 0.329412 0.631373 1.0
# s3d_label 0
f 2935/2935/2935 2936/2936/2936 2937/2937/2937
# material_color 0.400000 0.329412 0.631373 1.0
# s3d_label 0
f 2938/2938/2938 2939/2939/2939 2940/2940/2940
# material_color 0.400000 0.329412 0.631373 1.0
# s3d_label 0
f 2941/2941/2941 2942/2942/2942 2943/2943/2943
# material_color 0.400000 0.329412 0.631373 1.0
# s3d_label 0
f 2944/2944/2944 2945/2945/2945 2946/2946/2946
# material_color 0.400000 0.329412 0.631373 1.0
# s3d_label 0
f 2947/2947/2947 2948/2948/2948 2949/2949/2949
# material_color 0.400000 0.329412 0.631373 1.0
# s3d_label 0
f 2950/2950/2950 2951/2951/2951 2952/2952/2952
# material_color 0.400000 0.329412 0.631373 1.0
# s3d_label 0
f 2953/2953/2953 2954/2954/2954 2955/2955/2955
# material_color 0.400000 0.329412 0.631373 1.0
# s3d_label 0
f 2956/2956/2956 2957/2957/2957 2958/2958/2958
# material_color 0.400000 0.329412 0.631373 1.0
# s3d_label 0
f 2959/2959/2959 2960/2960/2960 2961/2961/2961
# material_color 0.400000 0.329412 0.631373 1.0
# s3d_label 0
f 2962/2962/2962 2963/2963/2963 2964/2964/2964
# material_color 0.400000 0.329412 0.631373 1.0
# s3d_label 0
f 2965/2965/2965 2966/2966/2966 2967/2967/2967
# material_color 0.400000 0.329412 0.631373 1.0
# s3d_label 0
f 2968/2968/2968 2969/2969/2969 2970/2970/2970
# material_color 0.400000 0.329412 0.631373 1.0
# s3d_label 0
f 2971/2971/2971 2972/2972/2972 2973/2973/2973
# material_color 0.400000 0.329412 0.631373 1.0
# s3d_label 0
f 2974/2974/2974 2975/2975/2975 2976/2976/2976
# material_color 0.400000 0.329412 0.631373 1.0
# s3d_label 0
f 2977/2977/2977 2978/2978/2978 2979/2979/2979
# material_color 0.400000 0.329412 0.631373 1.0
# s3d_label 0
f 2980/2980/2980 2981/2981/2981 2982/2982/2982
# material_color 0.400000 0.329412 0.631373 1.0
# s3d_label 0
f 2983/2983/2983 2984/2984/2984 2985/2985/2985
# material_color 0.400000 0.329412 0.631373 1.0
# s3d_label 0
f 2986/2986/2986 2987/2987/2987 2988/2988/2988
# material_color 0.400000 0.329412 0.631373 1.0
# s3d_label 0
f 2989/2989/2989 2990/2990/2990 2991/2991/2991
# material_color 0.400000 0.329412 0.631373 1.0
# s3d_label 0
f 2992/2992/2992 2993/2993/2993 2994/2994/2994
# material_color 0.400000 0.329412 0.631373 1.0
# s3d_label 0
f 2995/2995/2995 2996/2996/2996 2997/2997/2997
# material_color 0.400000 0.329412 0.631373 1.0
# s3d_label 0
f 2998/2998/2998 2999/2999/2999 3000/3000/3000
# material_color 0.400000 0.329412 0.631373 1.0
# s3d_label 0
f 3001/3001/3001 3002/3002/3002 3003/3003/3003
# material_color 0.400000 0.329412 0.631373 1.0
# s3d_label 0
f 3004/3004/3004 3005/3005/3005 3006/3006/3006
# material_color 0.400000 0.329412 0.631373 1.0
# s3d_label 0
f 3007/3007/3007 3008/3008/3008 3009/3009/3009
# material_color 0.400000 0.329412 0.631373 1.0
# s3d_label 0
f 3010/3010/3010 3011/3011/3011 3012/3012/3012
# material_color 0.400000 0.329412 0.631373 1.0
# s3d_label 0
f 3013/3013/3013 3014/3014/3014 3015/3015/3015
# material_color 0.400000 0.329412 0.631373 1.0
# s3d_label 0
f 3016/3016/3016 3017/3017/3017 3018/3018/3018
# material_color 0.400000 0.329412 0.631373 1.0
# s3d_label 0
f 3019/3019/3019 3020/3020/3020 3021/3021/3021
# material_color 0.400000 0.329412 0.631373 1.0
# s3d_label 0
f 3022/3022/3022 3023/3023/3023 3024/3024/3024
# material_color 0.400000 0.329412 0.631373 1.0
# s3d_label 0
f 3025/3025/3025 3026/3026/3026 3027/3027/3027
# material_color 0.400000 0.329412 0.631373 1.0
# s3d_label 0
f 3028/3028/3028 3029/3029/3029 3030/3030/3030
# material_color 0.400000 0.329412 0.631373 1.0
# s3d_label 0
f 3031/3031/3031 3032/3032/3032 3033/3033/3033
# material_color 0.400000 0.329412 0.631373 1.0
# s3d_label 0
f 3034/3034/3034 3035/3035/3035 3036/3036/3036
# material_color 0.400000 0.329412 0.631373 1.0
# s3d_label 0
f 3037/3037/3037 3038/3038/3038 3039/3039/3039
# material_color 0.400000 0.329412 0.631373 1.0
# s3d_label 0
f 3040/3040/3040 3041/3041/3041 3042/3042/3042
# material_color 0.400000 0.329412 0.631373 1.0
# s3d_label 0
f 3043/3043/3043 3044/3044/3044 3045/3045/3045
# material_color 0.400000 0.329412 0.631373 1.0
# s3d_label 0
f 3046/3046/3046 3047/3047/3047 3048/3048/3048
# material_color 0.400000 0.329412 0.631373 1.0
# s3d_label 0
f 3049/3049/3049 3050/3050/3050 3051/3051/3051
# material_color 0.400000 0.329412 0.631373 1.0
# s3d_label 0
f 3052/3052/3052 3053/3053/3053 3054/3054/3054
# material_color 0.400000 0.329412 0.631373 1.0
# s3d_label 0
f 3055/3055/3055 3056/3056/3056 3057/3057/3057
# material_color 0.400000 0.329412 0.631373 1.0
# s3d_label 0
f 3058/3058/3058 3059/3059/3059 3060/3060/3060
# material_color 0.400000 0.329412 0.631373 1.0
# s3d_label 0
f 3061/3061/3061 3062/3062/3062 3063/3063/3063
# material_color 0.400000 0.329412 0.631373 1.0
# s3d_label 0
f 3064/3064/3064 3065/3065/3065 3066/3066/3066
# material_color 0.400000 0.329412 0.631373 1.0
# s3d_label 0
f 3067/3067/3067 3068/3068/3068 3069/3069/3069
# material_color 0.400000 0.329412 0.631373 1.0
# s3d_label 0
f 3070/3070/3070 3071/3071/3071 3072/3072/3072
# material_color 0.400000 0.329412 0.631373 1.0
# s3d_label 0
f 3073/3073/3073 3074/3074/3074 3075/3075/3075
# material_color 0.400000 0.329412 0.631373 1.0
# s3d_label 0
f 3076/3076/3076 3077/3077/3077 3078/3078/3078
# material_color 0.400000 0.329412 0.631373 1.0
# s3d_label 0
f 3079/3079/3079 3080/3080/3080 3081/3081/3081
# material_color 0.400000 0.329412 0.631373 1.0
# s3d_label 0
f 3082/3082/3082 3083/3083/3083 3084/3084/3084
# material_color 0.400000 0.329412 0.631373 1.0
# s3d_label 0
f 3085/3085/3085 3086/3086/3086 3087/3087/3087
# material_color 0.400000 0.329412 0.631373 1.0
# s3d_label 0
f 3088/3088/3088 3089/3089/3089 3090/3090/3090
# material_color 0.400000 0.329412 0.631373 1.0
# s3d_label 0
f 3091/3091/3091 3092/3092/3092 3093/3093/3093
# material_color 0.400000 0.329412 0.631373 1.0
# s3d_label 0
f 3094/3094/3094 3095/3095/3095 3096/3096/3096
# material_color 0.400000 0.329412 0.631373 1.0
# s3d_label 0
f 3097/3097/3097 3098/3098/3098 3099/3099/3099
# material_color 0.400000 0.329412 0.631373 1.0
# s3d_label 0
f 3100/3100/3100 3101/3101/3101 3102/3102/3102
# material_color 0.400000 0.329412 0.631373 1.0
# s3d_label 0
f 3103/3103/3103 3104/3104/3104 3105/3105/3105
# material_color 0.400000 0.329412 0.631373 1.0
# s3d_label 0
f 3106/3106/3106 3107/3107/3107 3108/3108/3108
# material_color 0.400000 0.329412 0.631373 1.0
# s3d_label 0
f 3109/3109/3109 3110/3110/3110 3111/3111/3111
# material_color 0.400000 0.329412 0.631373 1.0
# s3d_label 0
f 3112/3112/3112 3113/3113/3113 3114/3114/3114
# material_color 0.400000 0.329412 0.631373 1.0
# s3d_label 0
f 3115/3115/3115 3116/3116/3116 3117/3117/3117
# material_color 0.400000 0.329412 0.631373 1.0
# s3d_label 0
f 3118/3118/3118 3119/3119/3119 3120/3120/3120
# material_color 0.400000 0.329412 0.631373 1.0
# s3d_label 0
f 3121/3121/3121 3122/3122/3122 3123/3123/3123
# material_color 0.400000 0.329412 0.631373 1.0
# s3d_label 0
f 3124/3124/3124 3125/3125/3125 3126/3126/3126
# material_color 0.400000 0.329412 0.631373 1.0
# s3d_label 0
f 3127/3127/3127 3128/3128/3128 3129/3129/3129
# material_color 0.400000 0.329412 0.631373 1.0
# s3d_label 0
f 3130/3130/3130 3131/3131/3131 3132/3132/3132
# material_color 0.400000 0.329412 0.631373 1.0
# s3d_label 0
f 3133/3133/3133 3134/3134/3134 3135/3135/3135
# material_color 0.400000 0.329412 0.631373 1.0
# s3d_label 0
f 3136/3136/3136 3137/3137/3137 3138/3138/3138
# material_color 0.400000 0.329412 0.631373 1.0
# s3d_label 0
f 3139/3139/3139 3140/3140/3140 3141/3141/3141
# material_color 0.400000 0.329412 0.631373 1.0
# s3d_label 0
f 3142/3142/3142 3143/3143/3143 3144/3144/3144
# material_color 0.400000 0.329412 0.631373 1.0
# s3d_label 0
f 3145/3145/3145 3146/3146/3146 3147/3147/3147
# material_color 0.400000 0.329412 0.631373 1.0
# s3d_label 0
f 3148/3148/3148 3149/3149/3149 3150/3150/3150
# material_color 0.400000 0.329412 0.631373 1.0
# s3d_label 0
f 3151/3151/3151 3152/3152/3152 3153/3153/3153
# material_color 0.400000 0.329412 0.631373 1.0
# s3d_label 0
f 3154/3154/3154 3155/3155/3155 3156/3156/3156
# material_color 0.400000 0.329412 0.631373 1.0
# s3d_label 0
f 3157/3157/3157 3158/3158/3158 3159/3159/3159
# material_color 0.400000 0.329412 0.631373 1.0
# s3d_label 0
f 3160/3160/3160 3161/3161/3161 3162/3162/3162
# material_color 0.400000 0.329412 0.631373 1.0
# s3d_label 0
f 3163/3163/3163 3164/3164/3164 3165/3165/3165
# material_color 0.400000 0.329412 0.631373 1.0
# s3d_label 0
f 3166/3166/3166 3167/3167/3167 3168/3168/3168
# material_color 0.400000 0.329412 0.631373 1.0
# s3d_label 0
f 3169/3169/3169 3170/3170/3170 3171/3171/3171
# material_color 0.400000 0.329412 0.631373 1.0
# s3d_label 0
f 3172/3172/3172 3173/3173/3173 3174/3174/3174
# material_color 0.400000 0.329412 0.631373 1.0
# s3d_label 0
f 3175/3175/3175 3176/3176/3176 3177/3177/3177
# material_color 0.400000 0.329412 0.631373 1.0
# s3d_label 0
f 3178/3178/3178 3179/3179/3179 3180/3180/3180
# material_color 0.400000 0.329412 0.631373 1.0
# s3d_label 0
f 3181/3181/3181 3182/3182/3182 3183/3183/3183
# material_color 0.400000 0.329412 0.631373 1.0
# s3d_label 0
f 3184/3184/3184 3185/3185/3185 3186/3186/3186
# material_color 0.400000 0.329412 0.631373 1.0
# s3d_label 0
f 3187/3187/3187 3188/3188/3188 3189/3189/3189
# material_color 0.400000 0.329412 0.631373 1.0
# s3d_label 0
f 3190/3190/3190 3191/3191/3191 3192/3192/3192
# material_color 0.400000 0.329412 0.631373 1.0
# s3d_label 0
f 3193/3193/3193 3194/3194/3194 3195/3195/3195
# material_color 0.400000 0.329412 0.631373 1.0
# s3d_label 0
f 3196/3196/3196 3197/3197/3197 3198/3198/3198
# material_color 0.400000 0.329412 0.631373 1.0
# s3d_label 0
f 3199/3199/3199 3200/3200/3200 3201/3201/3201
# material_color 0.400000 0.329412 0.631373 1.0
# s3d_label 0
f 3202/3202/3202 3203/3203/3203 3204/3204/3204
# material_color 0.400000 0.329412 0.631373 1.0
# s3d_label 0
f 3205/3205/3205 3206/3206/3206 3207/3207/3207
# material_color 0.400000 0.329412 0.631373 1.0
# s3d_label 0
f 3208/3208/3208 3209/3209/3209 3210/3210/3210
# material_color 0.400000 0.329412 0.631373 1.0
# s3d_label 0
f 3211/3211/3211 3212/3212/3212 3213/3213/3213
# material_color 0.400000 0.329412 0.631373 1.0
# s3d_label 0
f 3214/3214/3214 3215/3215/3215 3216/3216/3216
# material_color 0.400000 0.329412 0.631373 1.0
# s3d_label 0
f 3217/3217/3217 3218/3218/3218 3219/3219/3219
# material_color 0.400000 0.329412 0.631373 1.0
# s3d_label 0
f 3220/3220/3220 3221/3221/3221 3222/3222/3222
# material_color 0.400000 0.329412 0.631373 1.0
# s3d_label 0
f 3223/3223/3223 3224/3224/3224 3225/3225/3225
# material_color 0.400000 0.329412 0.631373 1.0
# s3d_label 0
f 3226/3226/3226 3227/3227/3227 3228/3228/3228
# material_color 0.400000 0.329412 0.631373 1.0
# s3d_label 0
f 3229/3229/3229 3230/3230/3230 3231/3231/3231
# material_color 0.400000 0.329412 0.631373 1.0
# s3d_label 0
f 3232/3232/3232 3233/3233/3233 3234/3234/3234
# material_color 0.400000 0.329412 0.631373 1.0
# s3d_label 0
f 3235/3235/3235 3236/3236/3236 3237/3237/3237
# material_color 0.400000 0.329412 0.631373 1.0
# s3d_label 0
f 3238/3238/3238 3239/3239/3239 3240/3240/3240
# material_color 0.400000 0.329412 0.631373 1.0
# s3d_label 0
f 3241/3241/3241 3242/3242/3242 3243/3243/3243
# material_color 0.400000 0.329412 0.631373 1.0
# s3d_label 0
f 3244/3244/3244 3245/3245/3245 3246/3246/3246
# material_color 0.400000 0.329412 0.631373 1.0
# s3d_label 0
f 3247/3247/3247 3248/3248/3248 3249/3249/3249
# material_color 0.400000 0.329412 0.631373 1.0
# s3d_label 0
f 3250/3250/3250 3251/3251/3251 3252/3252/3252
# material_color 0.400000 0.329412 0.631373 1.0
# s3d_label 0
f 3253/3253/3253 3254/3254/3254 3255/3255/3255
# material_color 0.400000 0.329412 0.631373 1.0
# s3d_label 0
f 3256/3256/3256 3257/3257/3257 3258/3258/3258
# material_color 0.400000 0.329412 0.631373 1.0
# s3d_label 0
f 3259/3259/3259 3260/3260/3260 3261/3261/3261
# material_color 0.400000 0.329412 0.631373 1.0
# s3d_label 0
f 3262/3262/3262 3263/3263/3263 3264/3264/3264
# material_color 0.400000 0.329412 0.631373 1.0
# s3d_label 0
f 3265/3265/3265 3266/3266/3266 3267/3267/3267
# material_color 0.400000 0.329412 0.631373 1.0
# s3d_label 0
f 3268/3268/3268 3269/3269/3269 3270/3270/3270
# material_color 0.400000 0.329412 0.631373 1.0
# s3d_label 0
f 3271/3271/3271 3272/3272/3272 3273/3273/3273
# material_color 0.400000 0.329412 0.631373 1.0
# s3d_label 0
f 3274/3274/3274 3275/3275/3275 3276/3276/3276
