# Converted from gbc.s3d
# normalized_size 0.875565 1.000000
# triangles 1776
v -0.43253177 0.26668587 -0.04477818
v -0.43778250 0.26668587 -0.03210197
v -0.43778250 -0.49552593 -0.03210188
v -0.43778250 -0.49552593 -0.03210188
v -0.43253177 -0.49552593 -0.04477809
v -0.43253177 0.26668587 -0.04477818
v -0.43778250 -0.49552593 -0.03210188
v -0.43778250 0.26668587 -0.03210197
v -0.43778250 0.26668587 0.05405170
v -0.43778250 0.26668587 0.05405170
v -0.43778250 -0.49552593 0.05405180
v -0.43778250 -0.49552593 -0.03210188
v -0.43778250 -0.49552593 0.05405180
v -0.43778250 0.26668587 0.05405170
v -0.43253177 0.26668587 0.06672792
v -0.43253177 0.26668587 0.06672792
v -0.43253177 -0.49552593 0.06672801
v -0.43778250 -0.49552593 0.05405180
v -0.41463378 -0.49552593 0.04882998
v -0.00000000 -0.49552593 0.04882998
v -0.41463378 0.44701555 0.04882987
v -0.00000000 -0.49552593 0.04882998
v -0.39856410 0.46412414 0.04882986
v -0.41463378 0.44701555 0.04882987
v -0.41222355 0.45637444 0.04882987
v -0.41463378 0.44701555 0.04882987
v -0.39856410 0.46412414 0.04882986
v -0.39856410 0.46412414 0.04882986
v -0.40767059 0.46120179 0.04882986
v -0.41222355 0.45637444 0.04882987
v -0.20966545 0.47357979 0.04882986
v -0.39856410 0.46412414 0.04882986
v -0.00000000 -0.49552593 0.04882998
v -0.07008429 0.47685114 0.04882986
v -0.20966545 0.47357979 0.04882986
v -0.00000000 -0.49552593 0.04882998
v 0.06954295 0.47685748 0.04882986
v -0.07008429 0.47685114 0.04882986
v -0.00000000 -0.49552593 0.04882998
v 0.20905046 0.47360253 0.04882986
v 0.06954295 0.47685748 0.04882986
v -0.00000000 -0.49552593 0.04882998
v 0.39856410 0.46412414 0.04882986
v 0.20905046 0.47360253 0.04882986
v -0.00000000 -0.49552593 0.04882998
v -0.00000000 -0.49552593 0.04882998
v 0.41463378 0.44701546 0.04882987
v 0.39856410 0.46412414 0.04882986
v -0.00000000 -0.49552593 0.04882998
v 0.41463378 -0.49552593 0.04882998
v 0.41463378 0.44701546 0.04882987
v 0.39856410 0.46412414 0.04882986
v 0.41463378 0.44701546 0.04882987
v 0.41222361 0.45637435 0.04882987
v 0.41222361 0.45637435 0.04882987
v 0.40767059 0.46120170 0.04882986
v 0.39856410 0.46412414 0.04882986
v -0.43253177 0.26668587 -0.04477818
v -0.43253177 -0.49552593 -0.04477809
v -0.41985559 -0.49552593 -0.05002875
v -0.41985559 -0.49552593 -0.05002875
v -0.41985559 0.26668587 -0.05002884
v -0.43253177 0.26668587 -0.04477818
v -0.04839721 -0.24310088 0.07197863
v -0.04471312 -0.26162165 0.07197863
v -0.41985559 -0.49552593 0.07197866
v -0.04471312 -0.26162165 0.07197863
v -0.04839721 -0.24310088 0.07197863
v -0.04484918 -0.24310088 0.06849878
v -0.04484918 -0.24310088 0.06849878
v -0.04143517 -0.26026392 0.06849878
v -0.04471312 -0.26162165 0.07197863
v -0.04471312 -0.26162165 0.07197863
v -0.04143517 -0.26026392 0.06849878
v -0.03171314 -0.27481404 0.06849879
v -0.04484918 -0.24310088 0.06849878
v -0.04839721 -0.24310088 0.07197863
v -0.04471313 -0.22458008 0.07197863
v -0.04471313 -0.22458008 0.07197863
v -0.04143519 -0.22593784 0.06849878
v -0.04484918 -0.24310088 0.06849878
v -0.03171314 -0.21138771 0.06849878
v -0.04143519 -0.22593784 0.06849878
v -0.04471313 -0.22458008 0.07197863
v -0.04471313 -0.22458008 0.07197863
v -0.04839721 -0.24310088 0.07197863
v -0.41985559 0.26668587 0.07197857
v -0.41985559 -0.49552593 0.07197866
v -0.41985559 0.26668587 0.07197857
v -0.04839721 -0.24310088 0.07197863
v -0.04471313 -0.22458008 0.07197863
v -0.03422198 -0.20887890 0.07197862
v -0.03171314 -0.21138771 0.06849878
v -0.41985559 0.26668587 0.07197857
v -0.41985559 -0.49552593 0.07197866
v -0.43253177 -0.49552593 0.06672801
v -0.43253177 -0.49552593 0.06672801
v -0.43253177 0.26668587 0.06672792
v -0.41985559 0.26668587 0.07197857
v -0.04471312 -0.26162165 0.07197863
v -0.03422198 -0.27732286 0.07197864
v -0.41985559 -0.49552593 0.07197866
v -0.03171314 -0.27481404 0.06849879
v -0.03422198 -0.27732286 0.07197864
v -0.04471312 -0.26162165 0.07197863
v 0.00000000 -0.49552593 0.07197866
v -0.41985559 -0.49552593 0.07197866
v -0.03422198 -0.27732286 0.07197864
v -0.01852079 -0.28781396 0.07197864
v -0.03422198 -0.27732286 0.07197864
v -0.03171314 -0.27481404 0.06849879
v -0.03422198 -0.27732286 0.07197864
v -0.01852079 -0.28781396 0.07197864
v 0.00000000 -0.49552593 0.07197866
v -0.03171314 -0.27481404 0.06849879
v -0.01716302 -0.28453606 0.06849879
v -0.01852079 -0.28781396 0.07197864
v -0.01852079 -0.28781396 0.07197864
v -0.01716302 -0.28453606 0.06849879
v 0.00000001 -0.28795004 0.06849879
v -0.01852079 -0.28781396 0.07197864
v 0.00000001 -0.29149806 0.07197864
v 0.00000000 -0.49552593 0.07197866
v 0.00000001 -0.28795004 0.06849879
v 0.00000001 -0.29149806 0.07197864
v -0.01852079 -0.28781396 0.07197864
v 0.01852082 -0.28781396 0.07197864
v 0.00000001 -0.29149806 0.07197864
v 0.00000001 -0.28795004 0.06849879
v 0.00000001 -0.29149806 0.07197864
v 0.01852082 -0.28781396 0.07197864
v 0.00000000 -0.49552593 0.07197866
v 0.00000001 -0.28795004 0.06849879
v 0.01716305 -0.28453603 0.06849879
v 0.01852082 -0.28781396 0.07197864
v 0.01852082 -0.28781396 0.07197864
v 0.01716305 -0.28453603 0.06849879
v 0.03171315 -0.27481398 0.06849879
v 0.00000000 -0.49552593 0.07197866
v 0.01852082 -0.28781396 0.07197864
v 0.03422198 -0.27732280 0.07197864
v 0.03171315 -0.27481398 0.06849879
v 0.03422198 -0.27732280 0.07197864
v 0.01852082 -0.28781396 0.07197864
v 0.03422198 -0.27732280 0.07197864
v 0.41985559 -0.49552593 0.07197866
v 0.00000000 -0.49552593 0.07197866
v 0.04471313 -0.26162162 0.07197863
v 0.03422198 -0.27732280 0.07197864
v 0.03171315 -0.27481398 0.06849879
v 0.04471313 -0.26162162 0.07197863
v 0.41985559 -0.49552593 0.07197866
v 0.03422198 -0.27732280 0.07197864
v 0.03171315 -0.27481398 0.06849879
v 0.04143519 -0.26026383 0.06849878
v 0.04471313 -0.26162162 0.07197863
v 0.04471313 -0.26162162 0.07197863
v 0.04143519 -0.26026383 0.06849878
v 0.04484918 -0.24310084 0.06849878
v 0.43253177 0.26668587 0.06672792
v 0.43253177 -0.49552593 0.06672801
v 0.41985559 -0.49552593 0.07197866
v 0.41985559 -0.49552593 0.07197866
v 0.41985559 0.26668587 0.07197857
v 0.43253177 0.26668587 0.06672792
v 0.41985559 -0.49552593 0.07197866
v 0.04471313 -0.26162162 0.07197863
v 0.04839721 -0.24310084 0.07197863
v 0.04839721 -0.24310084 0.07197863
v 0.41985559 0.26668587 0.07197857
v 0.41985559 -0.49552593 0.07197866
v 0.04484918 -0.24310084 0.06849878
v 0.04839721 -0.24310084 0.07197863
v 0.04471313 -0.26162162 0.07197863
v 0.04471313 -0.22458008 0.07197863
v 0.04839721 -0.24310084 0.07197863
v 0.04484918 -0.24310084 0.06849878
v 0.04471313 -0.22458008 0.07197863
v 0.41985559 0.26668587 0.07197857
v 0.04839721 -0.24310084 0.07197863
v 0.04484918 -0.24310084 0.06849878
v 0.04143518 -0.22593784 0.06849878
v 0.04471313 -0.22458008 0.07197863
v 0.04471313 -0.22458008 0.07197863
v 0.04143518 -0.22593784 0.06849878
v 0.03171314 -0.21138771 0.06849878
v 0.00000000 0.27476847 0.07197857
v 0.41985559 0.26668587 0.07197857
v 0.04471313 -0.22458008 0.07197863
v 0.03171314 -0.21138771 0.06849878
v 0.03422198 -0.20887890 0.07197862
v 0.04471313 -0.22458008 0.07197863
v 0.04471313 -0.22458008 0.07197863
v 0.03422198 -0.20887890 0.07197862
v 0.00000000 0.27476847 0.07197857
v 0.01852079 -0.19838774 0.07197862
v 0.03422198 -0.20887890 0.07197862
v 0.03171314 -0.21138771 0.06849878
v 0.01852079 -0.19838774 0.07197862
v 0.00000000 0.27476847 0.07197857
v 0.03422198 -0.20887890 0.07197862
v 0.03171314 -0.21138771 0.06849878
v 0.01716302 -0.20166567 0.06849878
v 0.01852079 -0.19838774 0.07197862
v 0.01852079 -0.19838774 0.07197862
v 0.01716302 -0.20166567 0.06849878
v -0.00000000 -0.19825169 0.06849878
v -0.00000000 -0.19825169 0.06849878
v -0.00000000 -0.19470365 0.07197862
v 0.01852079 -0.19838774 0.07197862
v -0.00000000 -0.19470365 0.07197862
v 0.00000000 0.27476847 0.07197857
v 0.01852079 -0.19838774 0.07197862
v -0.01852080 -0.19838774 0.07197862
v -0.00000000 -0.19470365 0.07197862
v -0.00000000 -0.19825169 0.06849878
v -0.00000000 -0.19470365 0.07197862
v -0.01852080 -0.19838774 0.07197862
v 0.00000000 0.27476847 0.07197857
v -0.00000000 -0.19825169 0.06849878
v -0.01716303 -0.20166567 0.06849878
v -0.01852080 -0.19838774 0.07197862
v -0.01852080 -0.19838774 0.07197862
v -0.01716303 -0.20166567 0.06849878
v -0.03171314 -0.21138771 0.06849878
v -0.03171314 -0.21138771 0.06849878
v -0.03422198 -0.20887890 0.07197862
v -0.01852080 -0.19838774 0.07197862
v -0.01852080 -0.19838774 0.07197862
v -0.03422198 -0.20887890 0.07197862
v 0.00000000 0.27476847 0.07197857
v 0.00000000 0.27476847 0.07197857
v -0.03422198 -0.20887890 0.07197862
v -0.04471313 -0.22458008 0.07197863
v -0.04471313 -0.22458008 0.07197863
v -0.41985559 0.26668587 0.07197857
v 0.00000000 0.27476847 0.07197857
v -0.41985559 0.28285134 0.07197857
v 0.00000000 0.27476847 0.07197857
v -0.41985559 0.26668587 0.07197857
v 0.41985559 0.28285134 0.07197857
v 0.41985559 0.26668587 0.07197857
v 0.00000000 0.27476847 0.07197857
v 0.00000000 0.30709949 0.07197857
v 0.00000000 0.27476847 0.07197857
v -0.41985559 0.28285134 0.07197857
v 0.41985559 0.28285134 0.07197857
v 0.00000000 0.27476847 0.07197857
v 0.00000000 0.30709949 0.07197857
v 0.43253177 0.29901680 0.06672792
v 0.43253177 0.28285134 0.06672792
v 0.41985559 0.28285134 0.07197857
v 0.41985559 0.28285134 0.07197857
v 0.41985559 0.29901689 0.07197857
v 0.43253177 0.29901680 0.06672792
v 0.00000000 0.30709949 0.07197857
v 0.41985559 0.29901689 0.07197857
v 0.41985559 0.28285134 0.07197857
v -0.41985559 0.28285134 0.07197857
v -0.41985559 0.29901680 0.07197857
v 0.00000000 0.30709949 0.07197857
v -0.41985559 0.29901680 0.07197857
v -0.41985559 0.28285134 0.07197857
v -0.43253177 0.28285134 0.06672792
v -0.43253177 0.28285134 0.06672792
v -0.43253177 0.29901680 0.06672792
v -0.41985559 0.29901680 0.07197857
v -0.41985559 0.31518227 0.07197856
v 0.00000000 0.30709949 0.07197857
v -0.41985559 0.29901680 0.07197857
v 0.41985559 0.31518227 0.07197856
v 0.41985559 0.29901689 0.07197857
v 0.00000000 0.30709949 0.07197857
v 0.00000000 0.33943042 0.07197856
v 0.00000000 0.30709949 0.07197857
v -0.41985559 0.31518227 0.07197856
v 0.41985559 0.31518227 0.07197856
v 0.00000000 0.30709949 0.07197857
v 0.00000000 0.33943042 0.07197856
v -0.41985559 0.31518227 0.07197856
v -0.41985559 0.33134764 0.07197856
v 0.00000000 0.33943042 0.07197856
v -0.41985559 0.33134764 0.07197856
v -0.41985559 0.31518227 0.07197856
v -0.43253177 0.31518227 0.06672791
v -0.43253177 0.31518227 0.06672791
v -0.43253177 0.33134764 0.06672791
v -0.41985559 0.33134764 0.07197856
v -0.41985559 0.34751311 0.07197856
v 0.00000000 0.33943042 0.07197856
v -0.41985559 0.33134764 0.07197856
v 0.43253177 0.33134764 0.06672791
v 0.43253177 0.31518227 0.06672791
v 0.41985559 0.31518227 0.07197856
v 0.41985559 0.31518227 0.07197856
v 0.41985559 0.33134782 0.07197856
v 0.43253177 0.33134764 0.06672791
v 0.00000000 0.33943042 0.07197856
v 0.41985559 0.33134782 0.07197856
v 0.41985559 0.31518227 0.07197856
v 0.41985559 0.34751332 0.07197856
v 0.41985559 0.33134782 0.07197856
v 0.00000000 0.33943042 0.07197856
v 0.43253177 0.36367860 0.06672791
v 0.43253177 0.34751311 0.06672791
v 0.41985559 0.34751332 0.07197856
v 0.41985559 0.34751332 0.07197856
v 0.41985559 0.36367878 0.07197855
v 0.43253177 0.36367860 0.06672791
v 0.00000000 0.37176138 0.07197855
v 0.41985559 0.36367878 0.07197855
v 0.41985559 0.34751332 0.07197856
v 0.41985559 0.34751332 0.07197856
v 0.00000000 0.33943042 0.07197856
v 0.00000000 0.37176138 0.07197855
v 0.00000000 0.33943042 0.07197856
v -0.41985559 0.34751311 0.07197856
v -0.41985559 0.36367860 0.07197855
v -0.41985559 0.36367860 0.07197855
v 0.00000000 0.37176138 0.07197855
v 0.00000000 0.33943042 0.07197856
v -0.41985559 0.36367860 0.07197855
v -0.41985559 0.34751311 0.07197856
v -0.43253177 0.34751311 0.06672791
v -0.43253177 0.34751311 0.06672791
v -0.43253177 0.36367860 0.06672791
v -0.41985559 0.36367860 0.07197855
v -0.41985559 0.37984407 0.07197855
v 0.00000000 0.37176138 0.07197855
v -0.41985559 0.36367860 0.07197855
v 0.41985559 0.37984416 0.07197855
v 0.41985559 0.36367878 0.07197855
v 0.00000000 0.37176138 0.07197855
v 0.00000000 0.37176138 0.07197855
v -0.41985559 0.37984407 0.07197855
v -0.41985559 0.39600962 0.07197855
v -0.41985559 0.39600962 0.07197855
v -0.41985559 0.37984407 0.07197855
v -0.43253177 0.37984407 0.06672791
v -0.43253177 0.37984407 0.06672791
v -0.43253177 0.39600962 0.06672791
v -0.41985559 0.39600962 0.07197855
v -0.41985559 0.39600962 0.07197855
v 0.00000000 0.40409240 0.07197855
v 0.00000000 0.37176138 0.07197855
v 0.41985559 0.37984416 0.07197855
v 0.00000000 0.37176138 0.07197855
v 0.00000000 0.40409240 0.07197855
v -0.41985559 0.41217509 0.07197855
v 0.00000000 0.40409240 0.07197855
v -0.41985559 0.39600962 0.07197855
v 0.43253177 0.39600962 0.06672791
v 0.43253177 0.37984407 0.06672791
v 0.41985559 0.37984416 0.07197855
v 0.41985559 0.37984416 0.07197855
v 0.41985559 0.39600962 0.07197855
v 0.43253177 0.39600962 0.06672791
v 0.00000000 0.40409240 0.07197855
v 0.41985559 0.39600962 0.07197855
v 0.41985559 0.37984416 0.07197855
v 0.41985559 0.41217509 0.07197855
v 0.41985559 0.39600962 0.07197855
v 0.00000000 0.40409240 0.07197855
v -0.41985559 0.44767693 0.07197855
v 0.00000000 0.40409240 0.07197855
v -0.41985559 0.41217509 0.07197855
v -0.41985559 0.44767693 0.07197855
v -0.41985559 0.41217509 0.07197855
v -0.43253177 0.41217509 0.06672790
v -0.43253177 0.41217509 0.06672790
v -0.43253177 0.44928318 0.06672790
v -0.41985559 0.44767693 0.07197855
v -0.41694498 0.45897910 0.07197855
v -0.41985559 0.44767693 0.07197855
v -0.43253177 0.44928318 0.06672790
v -0.43253177 0.44928318 0.06672790
v -0.42840654 0.46530175 0.06672789
v -0.41694498 0.45897910 0.07197855
v -0.41694498 0.45897910 0.07197855
v -0.42840654 0.46530175 0.06672789
v -0.41752845 0.47683534 0.06672789
v -0.41752845 0.47683534 0.06672789
v -0.41054666 0.46576285 0.07197855
v -0.41694498 0.45897910 0.07197855
v -0.41054666 0.46576285 0.07197855
v -0.41752845 0.47683534 0.06672789
v -0.40180001 0.48188272 0.06672789
v -0.41694498 0.45897910 0.07197855
v -0.41054666 0.46576285 0.07197855
v -0.39950806 0.46930528 0.07197855
v -0.40180001 0.48188272 0.06672789
v -0.39950806 0.46930528 0.07197855
v -0.41054666 0.46576285 0.07197855
v -0.39950806 0.46930528 0.07197855
v -0.41985559 0.44767693 0.07197855
v -0.41694498 0.45897910 0.07197855
v -0.39950806 0.46930528 0.07197855
v -0.40180001 0.48188272 0.06672789
v -0.21001419 0.49147469 0.06672789
v -0.41985559 0.44767693 0.07197855
v -0.39950806 0.46930528 0.07197855
v -0.20954929 0.47880602 0.07197855
v -0.21001419 0.49147469 0.06672789
v -0.20954929 0.47880602 0.07197855
v -0.39950806 0.46930528 0.07197855
v -0.20954929 0.47880602 0.07197855
v 0.00000000 0.40409240 0.07197855
v -0.41985559 0.44767693 0.07197855
v -0.20954929 0.47880602 0.07197855
v -0.21001419 0.49147469 0.06672789
v -0.07002287 0.49474916 0.06672789
v -0.07002287 0.49474916 0.06672789
v -0.06987464 0.48207292 0.07197855
v -0.20954929 0.47880602 0.07197855
v -0.06987464 0.48207292 0.07197855
v 0.00000000 0.40409240 0.07197855
v -0.20954929 0.47880602 0.07197855
v 0.06987464 0.48207292 0.07197855
v -0.06987464 0.48207292 0.07197855
v -0.07002287 0.49474916 0.06672789
v 0.06987464 0.48207292 0.07197855
v 0.00000000 0.40409240 0.07197855
v -0.06987464 0.48207292 0.07197855
v -0.07002287 0.49474916 0.06672789
v 0.07002287 0.49474916 0.06672789
v 0.06987464 0.48207292 0.07197855
v 0.20954929 0.47880602 0.07197855
v 0.06987464 0.48207292 0.07197855
v 0.07002287 0.49474916 0.06672789
v 0.20954929 0.47880602 0.07197855
v 0.00000000 0.40409240 0.07197855
v 0.06987464 0.48207292 0.07197855
v 0.07002287 0.49474916 0.06672789
v 0.21001419 0.49147469 0.06672789
v 0.20954929 0.47880602 0.07197855
v 0.41985559 0.44767693 0.07197855
v 0.00000000 0.40409240 0.07197855
v 0.20954929 0.47880602 0.07197855
v 0.41985559 0.44767693 0.07197855
v 0.41985559 0.41217509 0.07197855
v 0.00000000 0.40409240 0.07197855
v 0.43253177 0.41217509 0.06672790
v 0.41985559 0.41217509 0.07197855
v 0.41985559 0.44767693 0.07197855
v 0.41985559 0.44767693 0.07197855
v 0.43253177 0.44928318 0.06672790
v 0.43253177 0.41217509 0.06672790
v 0.39950806 0.46930528 0.07197855
v 0.20954929 0.47880602 0.07197855
v 0.21001419 0.49147469 0.06672789
v 0.20954929 0.47880602 0.07197855
v 0.39950806 0.46930528 0.07197855
v 0.41985559 0.44767693 0.07197855
v 0.21001419 0.49147469 0.06672789
v 0.40180001 0.48188272 0.06672789
v 0.39950806 0.46930528 0.07197855
v 0.41054666 0.46576285 0.07197855
v 0.39950806 0.46930528 0.07197855
v 0.40180001 0.48188272 0.06672789
v 0.40180001 0.48188272 0.06672789
v 0.41752845 0.47683534 0.06672789
v 0.41054666 0.46576285 0.07197855
v 0.41694498 0.45897910 0.07197855
v 0.41985559 0.44767693 0.07197855
v 0.39950806 0.46930528 0.07197855
v 0.43253177 0.44928318 0.06672790
v 0.41985559 0.44767693 0.07197855
v 0.41694498 0.45897910 0.07197855
v 0.39950806 0.46930528 0.07197855
v 0.41054666 0.46576285 0.07197855
v 0.41694498 0.45897910 0.07197855
v 0.41694498 0.45897910 0.07197855
v 0.41054666 0.46576285 0.07197855
v 0.41752845 0.47683534 0.06672789
v 0.41694498 0.45897910 0.07197855
v 0.42840654 0.46530175 0.06672789
v 0.43253177 0.44928318 0.06672790
v 0.41752845 0.47683534 0.06672789
v 0.42840654 0.46530175 0.06672789
v 0.41694498 0.45897910 0.07197855
v -0.06648996 -0.41510260 -0.05002875
v -0.16976155 -0.40373442 -0.05002876
v -0.06524753 -0.41826135 -0.05002875
v -0.06515734 -0.41198087 -0.05002875
v -0.16976155 -0.40373442 -0.05002876
v -0.06648996 -0.41510260 -0.05002875
v -0.06201681 -0.41069326 -0.05002875
v -0.16976155 -0.40373442 -0.05002876
v -0.06515734 -0.41198087 -0.05002875
v 0.00000000 -0.40373442 -0.05002876
v -0.16976155 -0.40373442 -0.05002876
v -0.06201681 -0.41069326 -0.05002875
v -0.06201681 -0.41069326 -0.05002875
v 0.00000000 -0.41069326 -0.05002875
v 0.00000000 -0.40373442 -0.05002876
v -0.16976155 -0.40373442 -0.05002876
v -0.33952311 -0.40373442 -0.05002876
v -0.41985559 -0.49552593 -0.05002875
v -0.35551748 -0.39710936 -0.05002876
v -0.41985559 -0.49552593 -0.05002875
v -0.33952311 -0.40373442 -0.05002876
v -0.41985559 -0.49552593 -0.05002875
v 0.00000000 -0.49552593 -0.05002875
v -0.16976155 -0.40373442 -0.05002876
v -0.36214253 -0.38111496 -0.05002876
v -0.41985559 -0.49552593 -0.05002875
v -0.35551748 -0.39710936 -0.05002876
v -0.00151403 -0.48363763 -0.05002875
v -0.00411441 -0.48208609 -0.05002875
v 0.00000000 -0.49552593 -0.05002875
v -0.41985559 0.26668587 -0.05002884
v -0.41985559 -0.49552593 -0.05002875
v -0.36214253 -0.38111496 -0.05002876
v -0.36214253 -0.38111496 -0.05002876
v -0.36214253 0.17689079 -0.05002883
v -0.41985559 0.26668587 -0.05002884
v -0.35551748 0.19288507 -0.05002883
v -0.41985559 0.26668587 -0.05002884
v -0.36214253 0.17689079 -0.05002883
v -0.33952311 0.19951017 -0.05002883
v -0.41985559 0.26668587 -0.05002884
v -0.35551748 0.19288507 -0.05002883
v 0.00411441 -0.48208609 -0.05002875
v 0.00151403 -0.48363763 -0.05002875
v 0.00000000 -0.49552593 -0.05002875
v 0.00151403 -0.48363763 -0.05002875
v -0.00151403 -0.48363763 -0.05002875
v 0.00000000 -0.49552593 -0.05002875
v 0.00000000 -0.49552593 -0.02688007
v -0.41463378 -0.49552593 -0.02688007
v -0.41463378 0.44701546 -0.02688018
v 0.00000000 -0.49552593 -0.02688007
v -0.41463378 0.44701546 -0.02688018
v -0.39856410 0.46412414 -0.02688018
v -0.39856410 0.46412414 -0.02688018
v -0.41463378 0.44701546 -0.02688018
v -0.41222361 0.45637435 -0.02688018
v -0.41222361 0.45637435 -0.02688018
v -0.40767056 0.46120179 -0.02688018
v -0.39856410 0.46412414 -0.02688018
v -0.39856410 0.46412414 -0.02688018
v -0.20905046 0.47360253 -0.02688018
v 0.00000000 -0.49552593 -0.02688007
v -0.20905046 0.47360253 -0.02688018
v -0.06954295 0.47685748 -0.02688018
v 0.00000000 -0.49552593 -0.02688007
v -0.06954295 0.47685748 -0.02688018
v 0.07008429 0.47685114 -0.02688018
v 0.00000000 -0.49552593 -0.02688007
v 0.07008429 0.47685114 -0.02688018
v 0.20966545 0.47357979 -0.02688018
v 0.00000000 -0.49552593 -0.02688007
v 0.20966545 0.47357979 -0.02688018
v 0.39856383 0.46412414 -0.02688018
v 0.00000000 -0.49552593 -0.02688007
v 0.00000000 -0.49552593 -0.02688007
v 0.39856383 0.46412414 -0.02688018
v 0.41463378 0.44701555 -0.02688018
v 0.00000000 -0.49552593 -0.02688007
v 0.41463378 0.44701555 -0.02688018
v 0.41463378 -0.49552593 -0.02688007
v 0.41222355 0.45637465 -0.02688018
v 0.41463378 0.44701555 -0.02688018
v 0.39856383 0.46412414 -0.02688018
v 0.39856383 0.46412414 -0.02688018
v 0.40767059 0.46120179 -0.02688018
v 0.41222355 0.45637465 -0.02688018
v -0.06524753 -0.41826135 -0.05002875
v -0.16976155 -0.40373442 -0.05002876
v 0.00000000 -0.49552593 -0.05002875
v 0.00000000 -0.49552593 -0.05002875
v -0.00411441 -0.48208609 -0.05002875
v -0.06524753 -0.41826135 -0.05002875
v 0.00000000 -0.49552593 -0.05002875
v 0.16976155 -0.40373442 -0.05002876
v 0.06524753 -0.41826135 -0.05002875
v 0.06524753 -0.41826135 -0.05002875
v 0.00411441 -0.48208609 -0.05002875
v 0.00000000 -0.49552593 -0.05002875
v 0.00000000 -0.41069326 -0.04478461
v -0.00411441 -0.48208609 -0.04478459
v 0.00411441 -0.48208609 -0.04478459
v 0.00411441 -0.48208609 -0.04478459
v -0.00411441 -0.48208609 -0.04478459
v -0.00151403 -0.48363763 -0.04478459
v -0.00151403 -0.48363763 -0.04478459
v 0.00151403 -0.48363763 -0.04478459
v 0.00411441 -0.48208609 -0.04478459
v -0.06524753 -0.41826135 -0.04478461
v -0.00411441 -0.48208609 -0.04478459
v 0.00000000 -0.41069326 -0.04478461
v -0.06524753 -0.41826135 -0.04478461
v 0.00000000 -0.41069326 -0.04478461
v -0.06201681 -0.41069326 -0.04478461
v -0.06648996 -0.41510260 -0.04478461
v -0.06524753 -0.41826135 -0.04478461
v -0.06201681 -0.41069326 -0.04478461
v -0.06648996 -0.41510260 -0.04478461
v -0.06201681 -0.41069326 -0.04478461
v -0.06515734 -0.41198087 -0.04478461
v 0.06201681 -0.41069326 -0.04478461
v 0.00000000 -0.41069326 -0.04478461
v 0.00411441 -0.48208609 -0.04478459
v 0.06201681 -0.41069326 -0.04478461
v 0.00411441 -0.48208609 -0.04478459
v 0.06524753 -0.41826135 -0.04478461
v 0.06201681 -0.41069326 -0.04478461
v 0.06524753 -0.41826135 -0.04478461
v 0.06648996 -0.41510260 -0.04478461
v 0.06201681 -0.41069326 -0.04478461
v 0.06648996 -0.41510260 -0.04478461
v 0.06515734 -0.41198087 -0.04478461
v -0.41463378 0.44701546 -0.02688018
v -0.41463378 -0.49552593 -0.02688007
v -0.41463378 -0.49552593 0.04882998
v -0.41463378 -0.49552593 0.04882998
v -0.41463378 0.44701555 0.04882987
v -0.41463378 0.44701546 -0.02688018
v -0.41222361 0.45637435 -0.02688018
v -0.41463378 0.44701546 -0.02688018
v -0.41463378 0.44701555 0.04882987
v -0.41463378 0.44701555 0.04882987
v -0.41222355 0.45637444 0.04882987
v -0.41222361 0.45637435 -0.02688018
v -0.40767056 0.46120179 -0.02688018
v -0.41222361 0.45637435 -0.02688018
v -0.41222355 0.45637444 0.04882987
v -0.41222355 0.45637444 0.04882987
v -0.40767059 0.46120179 0.04882986
v -0.40767056 0.46120179 -0.02688018
v 0.00000000 -0.40373442 -0.04493112
v -0.16976155 -0.40373442 -0.04493112
v -0.16976155 -0.40373442 -0.05002876
v -0.16976155 -0.40373442 -0.05002876
v -0.16976155 -0.40373442 -0.04493112
v -0.33952311 -0.40373442 -0.04493112
v -0.16976155 -0.40373442 -0.05002876
v 0.00000000 -0.40373442 -0.05002876
v 0.00000000 -0.40373442 -0.04493112
v -0.33952311 -0.40373442 -0.04493112
v -0.33952311 -0.40373442 -0.05002876
v -0.16976155 -0.40373442 -0.05002876
v -0.33952311 -0.40373442 -0.05002876
v -0.33952311 -0.40373442 -0.04493112
v -0.35551748 -0.39710936 -0.04493112
v -0.35551748 -0.39710936 -0.04493112
v -0.35551748 -0.39710936 -0.05002876
v -0.33952311 -0.40373442 -0.05002876
v 0.16976155 -0.40373442 -0.04493112
v 0.00000000 -0.40373442 -0.04493112
v 0.00000000 -0.40373442 -0.05002876
v 0.00000000 -0.40373442 -0.05002876
v 0.16976155 -0.40373442 -0.05002876
v 0.16976155 -0.40373442 -0.04493112
v 0.33952311 -0.40373442 -0.04493112
v 0.16976155 -0.40373442 -0.04493112
v 0.16976155 -0.40373442 -0.05002876
v 0.16976155 -0.40373442 -0.05002876
v 0.33952311 -0.40373442 -0.05002876
v 0.33952311 -0.40373442 -0.04493112
v 0.33952311 -0.40373442 -0.04493112
v 0.33952311 -0.40373442 -0.05002876
v 0.35551748 -0.39710936 -0.05002876
v 0.35551748 -0.39710936 -0.05002876
v 0.35551748 -0.39710936 -0.04493112
v 0.33952311 -0.40373442 -0.04493112
v -0.00411441 -0.48208609 -0.04478459
v -0.00411441 -0.48208609 -0.05002875
v -0.00151403 -0.48363763 -0.05002875
v -0.00151403 -0.48363763 -0.05002875
v -0.00151403 -0.48363763 -0.04478459
v -0.00411441 -0.48208609 -0.04478459
v -0.00411441 -0.48208609 -0.05002875
v -0.00411441 -0.48208609 -0.04478459
v -0.06524753 -0.41826135 -0.04478461
v -0.06524753 -0.41826135 -0.04478461
v -0.06524753 -0.41826135 -0.05002875
v -0.00411441 -0.48208609 -0.05002875
v -0.06524753 -0.41826135 -0.05002875
v -0.06524753 -0.41826135 -0.04478461
v -0.06648996 -0.41510260 -0.04478461
v -0.06648996 -0.41510260 -0.04478461
v -0.06648996 -0.41510260 -0.05002875
v -0.06524753 -0.41826135 -0.05002875
v -0.00151403 -0.48363763 -0.04478459
v -0.00151403 -0.48363763 -0.05002875
v 0.00151403 -0.48363763 -0.05002875
v 0.00151403 -0.48363763 -0.05002875
v 0.00151403 -0.48363763 -0.04478459
v -0.00151403 -0.48363763 -0.04478459
v 0.00151403 -0.48363763 -0.04478459
v 0.00151403 -0.48363763 -0.05002875
v 0.00411441 -0.48208609 -0.05002875
v 0.00411441 -0.48208609 -0.05002875
v 0.00411441 -0.48208609 -0.04478459
v 0.00151403 -0.48363763 -0.04478459
v 0.00411441 -0.48208609 -0.04478459
v 0.00411441 -0.48208609 -0.05002875
v 0.06524753 -0.41826135 -0.05002875
v 0.06524753 -0.41826135 -0.05002875
v 0.06524753 -0.41826135 -0.04478461
v 0.00411441 -0.48208609 -0.04478459
v 0.06524753 -0.41826135 -0.04478461
v 0.06524753 -0.41826135 -0.05002875
v 0.06648996 -0.41510260 -0.05002875
v 0.06648996 -0.41510260 -0.05002875
v 0.06648996 -0.41510260 -0.04478461
v 0.06524753 -0.41826135 -0.04478461
v -0.06515734 -0.41198087 -0.04478461
v -0.06515734 -0.41198087 -0.05002875
v -0.06648996 -0.41510260 -0.05002875
v -0.06648996 -0.41510260 -0.05002875
v -0.06648996 -0.41510260 -0.04478461
v -0.06515734 -0.41198087 -0.04478461
v -0.06201681 -0.41069326 -0.04478461
v -0.06201681 -0.41069326 -0.05002875
v -0.06515734 -0.41198087 -0.05002875
v -0.06515734 -0.41198087 -0.05002875
v -0.06515734 -0.41198087 -0.04478461
v -0.06201681 -0.41069326 -0.04478461
v -0.06201681 -0.41069326 -0.05002875
v -0.06201681 -0.41069326 -0.04478461
v 0.00000000 -0.41069326 -0.04478461
v 0.00000000 -0.41069326 -0.04478461
v 0.00000000 -0.41069326 -0.05002875
v -0.06201681 -0.41069326 -0.05002875
v 0.06201681 -0.41069326 -0.05002875
v 0.00000000 -0.41069326 -0.05002875
v 0.00000000 -0.41069326 -0.04478461
v 0.00000000 -0.41069326 -0.04478461
v 0.06201681 -0.41069326 -0.04478461
v 0.06201681 -0.41069326 -0.05002875
v 0.06201681 -0.41069326 -0.05002875
v 0.06201681 -0.41069326 -0.04478461
v 0.06515734 -0.41198087 -0.04478461
v 0.06515734 -0.41198087 -0.04478461
v 0.06515734 -0.41198087 -0.05002875
v 0.06201681 -0.41069326 -0.05002875
v -0.36214253 0.17689079 -0.04493119
v -0.36214253 0.17689079 -0.05002883
v -0.36214253 -0.38111496 -0.05002876
v -0.36214253 0.17689079 -0.05002883
v -0.36214253 0.17689079 -0.04493119
v -0.35551748 0.19288507 -0.04493119
v -0.35551748 0.19288507 -0.04493119
v -0.35551748 0.19288507 -0.05002883
v -0.36214253 0.17689079 -0.05002883
v -0.36214253 -0.38111496 -0.05002876
v -0.36214253 -0.38111496 -0.04493112
v -0.36214253 0.17689079 -0.04493119
v -0.36214253 -0.38111496 -0.04493112
v -0.36214253 -0.38111496 -0.05002876
v -0.35551748 -0.39710936 -0.05002876
v -0.35551748 -0.39710936 -0.05002876
v -0.35551748 -0.39710936 -0.04493112
v -0.36214253 -0.38111496 -0.04493112
v -0.03171314 -0.27481404 0.05457764
v 0.00000000 -0.24310084 0.05457763
v -0.01716302 -0.28453606 0.05457764
v -0.01716302 -0.28453606 0.05457764
v 0.00000000 -0.24310084 0.05457763
v 0.00000002 -0.28795004 0.05457764
v -0.04143517 -0.26026392 0.05457763
v 0.00000000 -0.24310084 0.05457763
v -0.03171314 -0.27481404 0.05457764
v 0.00000002 -0.28795004 0.05457764
v 0.00000000 -0.24310084 0.05457763
v 0.01716305 -0.28453603 0.05457764
v -0.04484918 -0.24310088 0.05457763
v 0.00000000 -0.24310084 0.05457763
v -0.04143517 -0.26026392 0.05457763
v 0.01716305 -0.28453603 0.05457764
v 0.00000000 -0.24310084 0.05457763
v 0.03171315 -0.27481398 0.05457764
v -0.04143519 -0.22593784 0.05457763
v 0.00000000 -0.24310084 0.05457763
v -0.04484918 -0.24310088 0.05457763
v 0.03171315 -0.27481398 0.05457764
v 0.00000000 -0.24310084 0.05457763
v 0.04143519 -0.26026383 0.05457763
v -0.03171314 -0.21138771 0.05457763
v 0.00000000 -0.24310084 0.05457763
v -0.04143519 -0.22593784 0.05457763
v 0.04143519 -0.26026383 0.05457763
v 0.00000000 -0.24310084 0.05457763
v 0.04484918 -0.24310084 0.05457763
v -0.01716303 -0.20166567 0.05457763
v 0.00000000 -0.24310084 0.05457763
v -0.03171314 -0.21138771 0.05457763
v 0.04484918 -0.24310084 0.05457763
v 0.00000000 -0.24310084 0.05457763
v 0.04143518 -0.22593784 0.05457763
v -0.00000001 -0.19825169 0.05457763
v 0.00000000 -0.24310084 0.05457763
v -0.01716303 -0.20166567 0.05457763
v 0.04143518 -0.22593784 0.05457763
v 0.00000000 -0.24310084 0.05457763
v 0.03171314 -0.21138771 0.05457763
v 0.01716302 -0.20166567 0.05457763
v 0.00000000 -0.24310084 0.05457763
v -0.00000001 -0.19825169 0.05457763
v 0.03171314 -0.21138771 0.05457763
v 0.00000000 -0.24310084 0.05457763
v 0.01716302 -0.20166567 0.05457763
v 0.06648996 -0.41510260 -0.05002875
v 0.06524753 -0.41826135 -0.05002875
v 0.16976155 -0.40373442 -0.05002876
v 0.06201681 -0.41069326 -0.05002875
v 0.06515734 -0.41198087 -0.05002875
v 0.16976155 -0.40373442 -0.05002876
v 0.06515734 -0.41198087 -0.05002875
v 0.06648996 -0.41510260 -0.05002875
v 0.16976155 -0.40373442 -0.05002876
v -0.01716302 -0.28453606 0.05457764
v -0.01716302 -0.28453606 0.06849879
v -0.03171314 -0.27481404 0.06849879
v -0.03171314 -0.27481404 0.06849879
v -0.03171314 -0.27481404 0.05457764
v -0.01716302 -0.28453606 0.05457764
v -0.03171314 -0.27481404 0.05457764
v -0.03171314 -0.27481404 0.06849879
v -0.04143517 -0.26026392 0.06849878
v -0.04143517 -0.26026392 0.06849878
v -0.04143517 -0.26026392 0.05457763
v -0.03171314 -0.27481404 0.05457764
v -0.04143517 -0.26026392 0.05457763
v -0.04143517 -0.26026392 0.06849878
v -0.04484918 -0.24310088 0.06849878
v -0.04484918 -0.24310088 0.06849878
v -0.04484918 -0.24310088 0.05457763
v -0.04143517 -0.26026392 0.05457763
v -0.04484918 -0.24310088 0.05457763
v -0.04484918 -0.24310088 0.06849878
v -0.04143519 -0.22593784 0.06849878
v -0.04143519 -0.22593784 0.06849878
v -0.04143519 -0.22593784 0.05457763
v -0.04484918 -0.24310088 0.05457763
v -0.04143519 -0.22593784 0.05457763
v -0.04143519 -0.22593784 0.06849878
v -0.03171314 -0.21138771 0.06849878
v -0.03171314 -0.21138771 0.06849878
v -0.03171314 -0.21138771 0.05457763
v -0.04143519 -0.22593784 0.05457763
v -0.03171314 -0.21138771 0.05457763
v -0.03171314 -0.21138771 0.06849878
v -0.01716303 -0.20166567 0.06849878
v -0.01716303 -0.20166567 0.06849878
v -0.01716303 -0.20166567 0.05457763
v -0.03171314 -0.21138771 0.05457763
v 0.41896570 -0.50000000 0.06750459
v 0.00000000 -0.50000000 0.06750459
v 0.00000000 -0.49552593 0.07197866
v 0.00000000 -0.49552593 0.07197866
v 0.00000000 -0.50000000 0.06750459
v -0.41896570 -0.50000000 0.06750459
v 0.00000000 -0.49552593 0.07197866
v 0.41985559 -0.49552593 0.07197866
v 0.41896570 -0.50000000 0.06750459
v 0.42910752 -0.50000000 0.06330371
v 0.41896570 -0.50000000 0.06750459
v 0.41985559 -0.49552593 0.07197866
v 0.41985559 -0.49552593 0.07197866
v 0.43253177 -0.49552593 0.06672801
v 0.42910752 -0.50000000 0.06330371
v -0.41896570 -0.50000000 0.06750459
v -0.41985559 -0.49552593 0.07197866
v 0.00000000 -0.49552593 0.07197866
v -0.41985559 -0.49552593 0.07197866
v -0.41896570 -0.50000000 0.06750459
v -0.42910752 -0.50000000 0.06330371
v -0.42910752 -0.50000000 0.06330371
v -0.43253177 -0.49552593 0.06672801
v -0.41985559 -0.49552593 0.07197866
v -0.01716302 -0.28453606 0.05457764
v 0.00000002 -0.28795004 0.05457764
v 0.00000001 -0.28795004 0.06849879
v 0.00000001 -0.28795004 0.06849879
v -0.01716302 -0.28453606 0.06849879
v -0.01716302 -0.28453606 0.05457764
v 0.01716305 -0.28453603 0.06849879
v 0.00000001 -0.28795004 0.06849879
v 0.00000002 -0.28795004 0.05457764
v 0.00000002 -0.28795004 0.05457764
v 0.01716305 -0.28453603 0.05457764
v 0.01716305 -0.28453603 0.06849879
v 0.41896570 -0.50000000 0.06750459
v 0.41910782 -0.50000000 0.05330404
v 0.00000000 -0.50000000 0.05330404
v 0.41896570 -0.50000000 0.06750459
v 0.42910752 -0.50000000 0.06330371
v 0.41910782 -0.50000000 0.05330404
v 0.00000000 -0.50000000 0.05330404
v 0.00000000 -0.50000000 0.06750459
v 0.41896570 -0.50000000 0.06750459
v 0.42910752 -0.50000000 0.06330371
v 0.43330839 -0.50000000 0.05316184
v 0.41910782 -0.50000000 0.05330404
v -0.41896570 -0.50000000 0.06750459
v 0.00000000 -0.50000000 0.06750459
v 0.00000000 -0.50000000 0.05330404
v 0.00000000 -0.50000000 0.05330404
v -0.41910782 -0.50000000 0.05330404
v -0.41896570 -0.50000000 0.06750459
v -0.42910752 -0.50000000 0.06330371
v -0.41896570 -0.50000000 0.06750459
v -0.41910782 -0.50000000 0.05330404
v -0.43330839 -0.50000000 0.05316184
v -0.42910752 -0.50000000 0.06330371
v -0.41910782 -0.50000000 0.05330404
v 0.41910782 -0.50000000 -0.03135413
v 0.41910782 -0.50000000 0.05330404
v 0.43330839 -0.50000000 0.05316184
v 0.43330839 -0.50000000 0.05316184
v 0.43330839 -0.50000000 -0.03121194
v 0.41910782 -0.50000000 -0.03135413
v 0.43330839 -0.50000000 -0.03121194
v 0.42910752 -0.50000000 -0.04135380
v 0.41910782 -0.50000000 -0.03135413
v 0.42910752 -0.50000000 -0.04135380
v 0.41896570 -0.50000000 -0.04555468
v 0.41910782 -0.50000000 -0.03135413
v 0.00000000 -0.50000000 -0.03135413
v 0.41910782 -0.50000000 -0.03135413
v 0.41896570 -0.50000000 -0.04555468
v 0.41896570 -0.50000000 -0.04555468
v 0.00000000 -0.50000000 -0.04555468
v 0.00000000 -0.50000000 -0.03135413
v 0.00000000 -0.50000000 -0.03135413
v 0.00000000 -0.50000000 -0.04555468
v -0.41896570 -0.50000000 -0.04555468
v -0.41896570 -0.50000000 -0.04555468
v -0.41910782 -0.50000000 -0.03135413
v 0.00000000 -0.50000000 -0.03135413
v -0.43330839 -0.50000000 0.05316184
v -0.41910782 -0.50000000 0.05330404
v -0.41910782 -0.50000000 -0.03135413
v -0.41896570 -0.50000000 -0.04555468
v -0.42910752 -0.50000000 -0.04135380
v -0.41910782 -0.50000000 -0.03135413
v -0.41910782 -0.50000000 -0.03135413
v -0.43330839 -0.50000000 -0.03121194
v -0.43330839 -0.50000000 0.05316184
v -0.42910752 -0.50000000 -0.04135380
v -0.43330839 -0.50000000 -0.03121194
v -0.41910782 -0.50000000 -0.03135413
v 0.00000000 -0.50000000 0.05330404
v 0.41910782 -0.50000000 0.05330404
v 0.41463378 -0.49552593 0.04882998
v 0.41463378 -0.49552593 0.04882998
v -0.00000000 -0.49552593 0.04882998
v 0.00000000 -0.50000000 0.05330404
v 0.00000000 -0.50000000 0.05330404
v -0.00000000 -0.49552593 0.04882998
v -0.41463378 -0.49552593 0.04882998
v -0.41463378 -0.49552593 0.04882998
v -0.41910782 -0.50000000 0.05330404
v 0.00000000 -0.50000000 0.05330404
v 0.03171315 -0.27481398 0.05457764
v 0.03171315 -0.27481398 0.06849879
v 0.01716305 -0.28453603 0.06849879
v 0.01716305 -0.28453603 0.06849879
v 0.01716305 -0.28453603 0.05457764
v 0.03171315 -0.27481398 0.05457764
v 0.03171315 -0.27481398 0.06849879
v 0.03171315 -0.27481398 0.05457764
v 0.04143519 -0.26026383 0.05457763
v 0.04143519 -0.26026383 0.05457763
v 0.04143519 -0.26026383 0.06849878
v 0.03171315 -0.27481398 0.06849879
v 0.04143519 -0.26026383 0.06849878
v 0.04143519 -0.26026383 0.05457763
v 0.04484918 -0.24310084 0.05457763
v 0.04484918 -0.24310084 0.05457763
v 0.04484918 -0.24310084 0.06849878
v 0.04143519 -0.26026383 0.06849878
v 0.04484918 -0.24310084 0.06849878
v 0.04484918 -0.24310084 0.05457763
v 0.04143518 -0.22593784 0.05457763
v 0.04143518 -0.22593784 0.05457763
v 0.04143518 -0.22593784 0.06849878
v 0.04484918 -0.24310084 0.06849878
v 0.04143518 -0.22593784 0.06849878
v 0.04143518 -0.22593784 0.05457763
v 0.03171314 -0.21138771 0.05457763
v 0.03171314 -0.21138771 0.05457763
v 0.03171314 -0.21138771 0.06849878
v 0.04143518 -0.22593784 0.06849878
v 0.03171314 -0.21138771 0.06849878
v 0.03171314 -0.21138771 0.05457763
v 0.01716302 -0.20166567 0.05457763
v 0.01716302 -0.20166567 0.05457763
v 0.01716302 -0.20166567 0.06849878
v 0.03171314 -0.21138771 0.06849878
v 0.06648996 -0.41510260 -0.04478461
v 0.06648996 -0.41510260 -0.05002875
v 0.06515734 -0.41198087 -0.05002875
v 0.06515734 -0.41198087 -0.05002875
v 0.06515734 -0.41198087 -0.04478461
v 0.06648996 -0.41510260 -0.04478461
v 0.00000000 -0.40373442 -0.05002876
v 0.00000000 -0.41069326 -0.05002875
v 0.06201681 -0.41069326 -0.05002875
v 0.06201681 -0.41069326 -0.05002875
v 0.16976155 -0.40373442 -0.05002876
v 0.00000000 -0.40373442 -0.05002876
v -0.00000001 -0.19825169 0.05457763
v -0.01716303 -0.20166567 0.05457763
v -0.01716303 -0.20166567 0.06849878
v -0.01716303 -0.20166567 0.06849878
v -0.00000000 -0.19825169 0.06849878
v -0.00000001 -0.19825169 0.05457763
v 0.01716302 -0.20166567 0.05457763
v -0.00000001 -0.19825169 0.05457763
v -0.00000000 -0.19825169 0.06849878
v -0.00000000 -0.19825169 0.06849878
v 0.01716302 -0.20166567 0.06849878
v 0.01716302 -0.20166567 0.05457763
v 0.00000000 -0.50000000 -0.03135413
v 0.00000000 -0.49552593 -0.02688007
v 0.41463378 -0.49552593 -0.02688007
v 0.41463378 -0.49552593 -0.02688007
v 0.41910782 -0.50000000 -0.03135413
v 0.00000000 -0.50000000 -0.03135413
v -0.41463378 -0.49552593 -0.02688007
v 0.00000000 -0.49552593 -0.02688007
v 0.00000000 -0.50000000 -0.03135413
v 0.00000000 -0.50000000 -0.03135413
v -0.41910782 -0.50000000 -0.03135413
v -0.41463378 -0.49552593 -0.02688007
v -0.35391298 0.23573814 -0.05002883
v -0.34491402 0.24602510 -0.05908249
v -0.35114697 0.24891655 -0.05709947
v -0.35114697 0.24891655 -0.05709947
v -0.35844627 0.24067661 -0.05002883
v -0.35391298 0.23573814 -0.05002883
v -0.34329185 0.26345232 -0.06470844
v -0.35114697 0.24891655 -0.05709947
v -0.34491402 0.24602510 -0.05908249
v -0.35844627 0.24067661 -0.05002883
v -0.35114697 0.24891655 -0.05709947
v -0.34329185 0.26345232 -0.06470844
v -0.34491402 0.24602510 -0.05908249
v -0.33700794 0.26177785 -0.06721624
v -0.34329185 0.26345232 -0.06470844
v -0.34329185 0.26345232 -0.06470844
v -0.34058073 0.28085580 -0.06733467
v -0.35844627 0.24067661 -0.05002883
v -0.34058073 0.28085580 -0.06733467
v -0.34329185 0.26345232 -0.06470844
v -0.33700794 0.26177785 -0.06721624
v -0.33700794 0.26177785 -0.06721624
v -0.33449405 0.28031495 -0.06981208
v -0.34058073 0.28085580 -0.06733467
v -0.35844627 0.34736639 -0.05002885
v -0.35844627 0.24067661 -0.05002883
v -0.34058073 0.28085580 -0.06733467
v -0.33837113 0.31504953 -0.06947500
v -0.34058073 0.28085580 -0.06733467
v -0.33449405 0.28031495 -0.06981208
v -0.34058073 0.28085580 -0.06733467
v -0.33837113 0.31504953 -0.06947500
v -0.35844627 0.34736639 -0.05002885
v -0.33449405 0.28031495 -0.06981208
v -0.33226556 0.31494257 -0.07197866
v -0.33837113 0.31504953 -0.06947500
v -0.33837113 0.31504953 -0.06947500
v -0.33226556 0.31494257 -0.07197866
v -0.33307576 0.34952751 -0.07118679
v -0.33307576 0.34952751 -0.07118679
v -0.33918512 0.34926000 -0.06868649
v -0.33837113 0.31504953 -0.06947500
v -0.35844627 0.34736639 -0.05002885
v -0.33837113 0.31504953 -0.06947500
v -0.33918512 0.34926000 -0.06868649
v -0.33918512 0.34926000 -0.06868649
v -0.33307576 0.34952751 -0.07118679
v -0.33581042 0.38439417 -0.06852075
v -0.33581042 0.38439417 -0.06852075
v -0.34187958 0.38355574 -0.06607648
v -0.33918512 0.34926000 -0.06868649
v -0.33918512 0.34926000 -0.06868649
v -0.34187958 0.38355574 -0.06607648
v -0.35844627 0.34736639 -0.05002885
v -0.34187958 0.38355574 -0.06607648
v -0.33581042 0.38439417 -0.06852075
v -0.33952841 0.41881162 -0.06491931
v -0.35844627 0.34736639 -0.05002885
v -0.34187958 0.38355574 -0.06607648
v -0.34560558 0.41804758 -0.06246727
v -0.33952841 0.41881162 -0.06491931
v -0.34560558 0.41804758 -0.06246727
v -0.34187958 0.38355574 -0.06607648
v -0.34560558 0.41804758 -0.06246727
v -0.35844627 0.45379981 -0.05002886
v -0.35844627 0.34736639 -0.05002885
v -0.34560558 0.41804758 -0.06246727
v -0.33952841 0.41881162 -0.06491931
v -0.34292126 0.43723446 -0.06151951
v -0.34292126 0.43723446 -0.06151951
v -0.34900016 0.43583262 -0.05917901
v -0.34560558 0.41804758 -0.06246727
v -0.35844627 0.45379981 -0.05002886
v -0.34560558 0.41804758 -0.06246727
v -0.34900016 0.43583262 -0.05917901
v -0.34900016 0.43583262 -0.05917901
v -0.34292126 0.43723446 -0.06151951
v -0.34789431 0.45079926 -0.05637620
v -0.34900016 0.43583262 -0.05917901
v -0.35395411 0.44840932 -0.05438029
v -0.35844627 0.45379981 -0.05002886
v -0.34789431 0.45079926 -0.05637620
v -0.35395411 0.44840932 -0.05438029
v -0.34900016 0.43583262 -0.05917901
v -0.35406590 0.45886439 -0.05002886
v -0.35844627 0.45379981 -0.05002886
v -0.35395411 0.44840932 -0.05438029
v -0.35395411 0.44840932 -0.05438029
v -0.34789431 0.45079926 -0.05637620
v -0.35406590 0.45886439 -0.05002886
v 0.41896570 -0.50000000 -0.04555468
v 0.41985559 -0.49552593 -0.05002875
v 0.00000000 -0.49552593 -0.05002875
v 0.41985559 -0.49552593 -0.05002875
v 0.41896570 -0.50000000 -0.04555468
v 0.42910752 -0.50000000 -0.04135380
v 0.42910752 -0.50000000 -0.04135380
v 0.43253177 -0.49552593 -0.04477809
v 0.41985559 -0.49552593 -0.05002875
v 0.00000000 -0.49552593 -0.05002875
v 0.00000000 -0.50000000 -0.04555468
v 0.41896570 -0.50000000 -0.04555468
v -0.41896570 -0.50000000 -0.04555468
v 0.00000000 -0.50000000 -0.04555468
v 0.00000000 -0.49552593 -0.05002875
v 0.00000000 -0.49552593 -0.05002875
v -0.41985559 -0.49552593 -0.05002875
v -0.41896570 -0.50000000 -0.04555468
v -0.42910752 -0.50000000 -0.04135380
v -0.41896570 -0.50000000 -0.04555468
v -0.41985559 -0.49552593 -0.05002875
v -0.41985559 -0.49552593 -0.05002875
v -0.43253177 -0.49552593 -0.04477809
v -0.42910752 -0.50000000 -0.04135380
v -0.20047776 0.23083127 -0.05002883
v -0.20047773 0.24157038 -0.05908249
v -0.34491402 0.24602510 -0.05908249
v -0.34491402 0.24602510 -0.05908249
v -0.35391298 0.23573814 -0.05002883
v -0.20047776 0.23083127 -0.05002883
v -0.33700794 0.26177785 -0.06721624
v -0.34491402 0.24602510 -0.05908249
v -0.20047773 0.24157038 -0.05908249
v -0.06262377 0.23808250 -0.05908249
v -0.20047773 0.24157038 -0.05908249
v -0.20047776 0.23083127 -0.05002883
v -0.20047776 0.23083127 -0.05002883
v -0.06262377 0.22698930 -0.05002883
v -0.06262377 0.23808250 -0.05908249
v -0.20047773 0.24157038 -0.05908249
v -0.20047773 0.25801557 -0.06721624
v -0.33700794 0.26177785 -0.06721624
v -0.33449405 0.28031495 -0.06981208
v -0.33700794 0.26177785 -0.06721624
v -0.20047773 0.25801557 -0.06721624
v -0.20047773 0.24157038 -0.05908249
v -0.06262377 0.23808250 -0.05908249
v -0.06262377 0.25506985 -0.06721624
v -0.06262377 0.25506985 -0.06721624
v -0.20047773 0.25801557 -0.06721624
v -0.20047773 0.24157038 -0.05908249
v 0.06262377 0.23808250 -0.05908249
v -0.06262377 0.23808250 -0.05908249
v -0.06262377 0.22698930 -0.05002883
v -0.06262377 0.22698930 -0.05002883
v 0.06262377 0.22698930 -0.05002883
v 0.06262377 0.23808250 -0.05908249
v 0.06262377 0.23808250 -0.05908249
v 0.06262377 0.22698930 -0.05002883
v 0.20047773 0.23083127 -0.05002883
v -0.06262377 0.23808250 -0.05908249
v 0.06262377 0.23808250 -0.05908249
v 0.06262377 0.25506985 -0.06721624
v 0.06262377 0.25506985 -0.06721624
v -0.06262377 0.25506985 -0.06721624
v -0.06262377 0.23808250 -0.05908249
v 0.20047773 0.23083127 -0.05002883
v 0.20047773 0.24157038 -0.05908249
v 0.06262377 0.23808250 -0.05908249
v 0.06262377 0.25506985 -0.06721624
v 0.06262377 0.23808250 -0.05908249
v 0.20047773 0.24157038 -0.05908249
v 0.34491402 0.24602510 -0.05908249
v 0.20047773 0.24157038 -0.05908249
v 0.20047773 0.23083127 -0.05002883
v 0.20047773 0.23083127 -0.05002883
v 0.35391298 0.23573814 -0.05002883
v 0.34491402 0.24602510 -0.05908249
v 0.20047773 0.24157038 -0.05908249
v 0.34491402 0.24602510 -0.05908249
v 0.33700794 0.26177785 -0.06721624
v 0.33700794 0.26177785 -0.06721624
v 0.20047773 0.25801557 -0.06721624
v 0.20047773 0.24157038 -0.05908249
v 0.20047773 0.24157038 -0.05908249
v 0.20047773 0.25801557 -0.06721624
v 0.06262377 0.25506985 -0.06721624
v 0.20047773 0.25801557 -0.06721624
v 0.33700794 0.26177785 -0.06721624
v 0.33449405 0.28031495 -0.06981208
v -0.06262377 0.27505988 -0.06981208
v -0.06262377 0.25506985 -0.06721624
v 0.06262377 0.25506985 -0.06721624
v -0.20047773 0.25801557 -0.06721624
v -0.06262377 0.25506985 -0.06721624
v -0.06262377 0.27505988 -0.06981208
v 0.06262377 0.27505988 -0.06981208
v 0.06262377 0.25506985 -0.06721624
v 0.20047773 0.25801557 -0.06721624
v 0.06262377 0.25506985 -0.06721624
v 0.06262377 0.27505988 -0.06981208
v -0.06262377 0.27505988 -0.06981208
v 0.33449405 0.28031495 -0.06981208
v 0.20047773 0.27736756 -0.06981208
v 0.20047773 0.25801557 -0.06721624
v 0.20047773 0.25801557 -0.06721624
v 0.20047773 0.27736756 -0.06981208
v 0.06262377 0.27505988 -0.06981208
v 0.20047773 0.27736756 -0.06981208
v 0.33449405 0.28031495 -0.06981208
v 0.33226556 0.31494257 -0.07197866
v -0.06262377 0.27505988 -0.06981208
v -0.20047776 0.27736756 -0.06981208
v -0.20047773 0.25801557 -0.06721624
v -0.20047773 0.25801557 -0.06721624
v -0.20047776 0.27736756 -0.06981208
v -0.33449405 0.28031495 -0.06981208
v -0.33226556 0.31494257 -0.07197866
v -0.33449405 0.28031495 -0.06981208
v -0.20047776 0.27736756 -0.06981208
v -0.20047776 0.27736756 -0.06981208
v -0.06262377 0.27505988 -0.06981208
v -0.06262377 0.31240147 -0.07197865
v -0.06262377 0.31240147 -0.07197865
v -0.06262377 0.27505988 -0.06981208
v 0.06262377 0.27505988 -0.06981208
v -0.20047776 0.27736756 -0.06981208
v -0.20047773 0.31351736 -0.07197866
v -0.33226556 0.31494257 -0.07197866
v -0.06262377 0.31240147 -0.07197865
v -0.20047773 0.31351736 -0.07197866
v -0.20047776 0.27736756 -0.06981208
v -0.33226556 0.31494257 -0.07197866
v -0.20047773 0.31351736 -0.07197866
v -0.20047773 0.34962261 -0.07118679
v -0.20047773 0.34962261 -0.07118679
v -0.33307576 0.34952751 -0.07118679
v -0.33226556 0.31494257 -0.07197866
v -0.20047773 0.31351736 -0.07197866
v -0.06262377 0.31240147 -0.07197865
v -0.06262377 0.34969711 -0.07118679
v -0.06262377 0.34969711 -0.07118679
v -0.20047773 0.34962261 -0.07118679
v -0.20047773 0.31351736 -0.07197866
v 0.06262377 0.27505988 -0.06981208
v 0.06262377 0.31240147 -0.07197865
v -0.06262377 0.31240147 -0.07197865
v 0.06262377 0.31240147 -0.07197865
v 0.06262377 0.27505988 -0.06981208
v 0.20047773 0.27736756 -0.06981208
v -0.06262377 0.31240147 -0.07197865
v 0.06262377 0.31240147 -0.07197865
v 0.06262377 0.34969711 -0.07118679
v 0.06262377 0.34969711 -0.07118679
v -0.06262377 0.34969711 -0.07118679
v -0.06262377 0.31240147 -0.07197865
v 0.20047773 0.27736756 -0.06981208
v 0.20047773 0.31351736 -0.07197866
v 0.06262377 0.31240147 -0.07197865
v 0.06262377 0.34969711 -0.07118679
v 0.06262377 0.31240147 -0.07197865
v 0.20047773 0.31351736 -0.07197866
v 0.33226556 0.31494257 -0.07197866
v 0.20047773 0.31351736 -0.07197866
v 0.20047773 0.27736756 -0.06981208
v -0.33307576 0.34952751 -0.07118679
v -0.20047773 0.34962261 -0.07118679
v -0.20047773 0.38602203 -0.06852075
v -0.20047773 0.38602203 -0.06852075
v -0.20047773 0.34962261 -0.07118679
v -0.06262377 0.34969711 -0.07118679
v -0.20047773 0.38602203 -0.06852075
v -0.33581042 0.38439417 -0.06852075
v -0.33307576 0.34952751 -0.07118679
v 0.20047773 0.34962261 -0.07118679
v 0.20047773 0.31351736 -0.07197866
v 0.33226556 0.31494257 -0.07197866
v 0.20047773 0.31351736 -0.07197866
v 0.20047773 0.34962261 -0.07118679
v 0.06262377 0.34969711 -0.07118679
v 0.33226556 0.31494257 -0.07197866
v 0.33307576 0.34952751 -0.07118679
v 0.20047773 0.34962261 -0.07118679
v 0.20047773 0.38602203 -0.06852075
v 0.20047773 0.34962261 -0.07118679
v 0.33307576 0.34952751 -0.07118679
v 0.06262377 0.34969711 -0.07118679
v 0.20047773 0.34962261 -0.07118679
v 0.20047773 0.38602203 -0.06852075
v 0.33307576 0.34952751 -0.07118679
v 0.33581042 0.38439417 -0.06852075
v 0.20047773 0.38602203 -0.06852075
v 0.20047773 0.38602203 -0.06852075
v 0.06262377 0.38729647 -0.06852075
v 0.06262377 0.34969711 -0.07118679
v -0.06262377 0.34969711 -0.07118679
v 0.06262377 0.34969711 -0.07118679
v 0.06262377 0.38729647 -0.06852075
v 0.20047773 0.42195234 -0.06491931
v 0.20047773 0.38602203 -0.06852075
v 0.33581042 0.38439417 -0.06852075
v 0.06262377 0.38729647 -0.06852075
v 0.20047773 0.38602203 -0.06852075
v 0.20047773 0.42195234 -0.06491931
v 0.33581042 0.38439417 -0.06852075
v 0.33952841 0.41881162 -0.06491931
v 0.20047773 0.42195234 -0.06491931
v 0.06262377 0.38729647 -0.06852075
v -0.06262377 0.38729647 -0.06852075
v -0.06262377 0.34969711 -0.07118679
v -0.06262377 0.34969711 -0.07118679
v -0.06262377 0.38729647 -0.06852075
v -0.20047773 0.38602203 -0.06852075
v 0.20047773 0.42195234 -0.06491931
v 0.06262377 0.42441154 -0.06491931
v 0.06262377 0.38729647 -0.06852075
v -0.06262377 0.38729647 -0.06852075
v 0.06262377 0.38729647 -0.06852075
v 0.06262377 0.42441154 -0.06491931
v 0.20047773 0.44118512 -0.06151953
v 0.20047773 0.42195234 -0.06491931
v 0.33952841 0.41881162 -0.06491931
v 0.06262377 0.42441154 -0.06491931
v 0.20047773 0.42195234 -0.06491931
v 0.20047773 0.44118512 -0.06151953
v 0.33952841 0.41881162 -0.06491931
v 0.34292126 0.43723446 -0.06151953
v 0.20047773 0.44118512 -0.06151953
v -0.20047776 0.42195234 -0.06491931
v -0.20047773 0.38602203 -0.06852075
v -0.06262377 0.38729647 -0.06852075
v -0.33581042 0.38439417 -0.06852075
v -0.20047773 0.38602203 -0.06852075
v -0.20047776 0.42195234 -0.06491931
v -0.20047776 0.42195234 -0.06491931
v -0.33952841 0.41881162 -0.06491931
v -0.33581042 0.38439417 -0.06852075
v -0.06262377 0.38729647 -0.06852075
v -0.06262377 0.42441154 -0.06491931
v -0.20047776 0.42195234 -0.06491931
v 0.06262377 0.42441154 -0.06491931
v -0.06262377 0.42441154 -0.06491931
v -0.06262377 0.38729647 -0.06852075
v -0.33952841 0.41881162 -0.06491931
v -0.20047776 0.42195234 -0.06491931
v -0.20047776 0.44118512 -0.06151952
v -0.20047776 0.44118512 -0.06151952
v -0.20047776 0.42195234 -0.06491931
v -0.06262377 0.42441154 -0.06491931
v -0.20047776 0.44118512 -0.06151952
v -0.34292126 0.43723446 -0.06151951
v -0.33952841 0.41881162 -0.06491931
v -0.06262377 0.44427830 -0.06151952
v -0.06262377 0.42441154 -0.06491931
v 0.06262377 0.42441154 -0.06491931
v -0.06262377 0.42441154 -0.06491931
v -0.06262377 0.44427830 -0.06151952
v -0.20047776 0.44118512 -0.06151952
v -0.34292126 0.43723446 -0.06151951
v -0.20047776 0.44118512 -0.06151952
v -0.20047776 0.45534626 -0.05637620
v -0.20047776 0.45534626 -0.05637620
v -0.20047776 0.44118512 -0.06151952
v -0.06262377 0.44427830 -0.06151952
v -0.20047776 0.45534626 -0.05637620
v -0.34789431 0.45079926 -0.05637620
v -0.34292126 0.43723446 -0.06151951
v -0.34789431 0.45079926 -0.05637620
v -0.20047776 0.45534626 -0.05637620
v -0.20047773 0.46376577 -0.05002886
v -0.20047773 0.46376577 -0.05002886
v -0.35406590 0.45886439 -0.05002886
v -0.34789431 0.45079926 -0.05637620
v -0.20047773 0.46376577 -0.05002886
v -0.20047776 0.45534626 -0.05637620
v -0.06262377 0.45890623 -0.05637621
v -0.06262377 0.44427830 -0.06151952
v -0.06262377 0.45890623 -0.05637621
v -0.20047776 0.45534626 -0.05637620
v -0.06262377 0.45890623 -0.05637621
v -0.06262377 0.46760356 -0.05002886
v -0.20047773 0.46376577 -0.05002886
v -0.06262377 0.46760356 -0.05002886
v -0.06262377 0.45890623 -0.05637621
v 0.06262377 0.45890623 -0.05637621
v 0.06262377 0.45890623 -0.05637621
v -0.06262377 0.45890623 -0.05637621
v -0.06262377 0.44427830 -0.06151952
v 0.06262377 0.45890623 -0.05637621
v 0.06262377 0.46760356 -0.05002886
v -0.06262377 0.46760356 -0.05002886
v 0.20047773 0.46376577 -0.05002886
v 0.06262377 0.46760356 -0.05002886
v 0.06262377 0.45890623 -0.05637621
v -0.06262377 0.44427830 -0.06151952
v 0.06262377 0.44427830 -0.06151952
v 0.06262377 0.45890623 -0.05637621
v 0.06262377 0.42441154 -0.06491931
v 0.06262377 0.44427830 -0.06151952
v -0.06262377 0.44427830 -0.06151952
v 0.20047773 0.44118512 -0.06151953
v 0.06262377 0.44427830 -0.06151952
v 0.06262377 0.42441154 -0.06491931
v 0.20047776 0.45534626 -0.05637620
v 0.06262377 0.45890623 -0.05637621
v 0.06262377 0.44427830 -0.06151952
v 0.06262377 0.44427830 -0.06151952
v 0.20047773 0.44118512 -0.06151953
v 0.20047776 0.45534626 -0.05637620
v 0.06262377 0.45890623 -0.05637621
v 0.20047776 0.45534626 -0.05637620
v 0.20047773 0.46376577 -0.05002886
v 0.20047776 0.45534626 -0.05637620
v 0.20047773 0.44118512 -0.06151953
v 0.34292126 0.43723446 -0.06151953
v 0.34292126 0.43723446 -0.06151953
v 0.34789431 0.45079926 -0.05637620
v 0.20047776 0.45534626 -0.05637620
v 0.20047773 0.46376577 -0.05002886
v 0.20047776 0.45534626 -0.05637620
v 0.34789431 0.45079926 -0.05637620
v 0.34789431 0.45079926 -0.05637620
v 0.35406590 0.45886439 -0.05002886
v 0.20047773 0.46376577 -0.05002886
v 0.35551748 -0.39710936 -0.05002876
v 0.33952311 -0.40373442 -0.05002876
v 0.41985559 -0.49552593 -0.05002875
v 0.36214253 -0.38111496 -0.05002876
v 0.41985559 -0.49552593 -0.05002875
v 0.41985559 0.26668587 -0.05002884
v 0.41985559 0.26668587 -0.05002884
v 0.36214253 0.17689079 -0.05002883
v 0.36214253 -0.38111496 -0.05002876
v 0.33952311 0.19951017 -0.05002883
v 0.35551748 0.19288507 -0.05002883
v 0.41985559 0.26668587 -0.05002884
v -0.41985559 0.26668587 0.06705289
v -0.41985559 0.26668587 0.07197857
v -0.43253177 0.26668587 0.06672792
v -0.43253177 0.26668587 0.06672792
v -0.42904884 0.26668587 0.06324492
v -0.41985559 0.26668587 0.06705289
v -0.42904884 0.26668587 0.06324492
v -0.43253177 0.26668587 0.06672792
v -0.43778250 0.26668587 0.05405170
v -0.43778250 0.26668587 0.05405170
v -0.43265390 0.26668587 0.05303156
v -0.42904884 0.26668587 0.06324492
v -0.43265390 0.26668587 -0.03108182
v -0.43265390 0.26668587 0.05303156
v -0.43778250 0.26668587 0.05405170
v -0.43778250 0.26668587 0.05405170
v -0.43778250 0.26668587 -0.03210197
v -0.43265390 0.26668587 -0.03108182
v -0.42904884 0.26668587 -0.04129519
v -0.43265390 0.26668587 -0.03108182
v -0.43778250 0.26668587 -0.03210197
v -0.43778250 0.26668587 -0.03210197
v -0.43253177 0.26668587 -0.04477818
v -0.42904884 0.26668587 -0.04129519
v -0.41985559 0.26668587 -0.04510316
v -0.42904884 0.26668587 -0.04129519
v -0.43253177 0.26668587 -0.04477818
v -0.43253177 0.26668587 -0.04477818
v -0.41985559 0.26668587 -0.05002884
v -0.41985559 0.26668587 -0.04510316
v 0.36214253 -0.38111496 -0.05002876
v 0.35551748 -0.39710936 -0.05002876
v 0.41985559 -0.49552593 -0.05002875
v -0.41985559 0.28285134 0.06705289
v -0.41985559 0.26668587 0.06705289
v -0.42904884 0.26668587 0.06324492
v -0.42904884 0.26668587 0.06324492
v -0.42904884 0.28285134 0.06324492
v -0.41985559 0.28285134 0.06705289
v -0.42904884 0.28285134 0.06324492
v -0.42904884 0.26668587 0.06324492
v -0.43265390 0.26668587 0.05303156
v -0.43265390 0.26668587 0.05303156
v -0.43265390 0.28285134 0.05303156
v -0.42904884 0.28285134 0.06324492
v -0.43265390 0.28285134 0.05303156
v -0.43265390 0.26668587 0.05303156
v -0.43265390 0.26668587 -0.03108182
v -0.43265390 0.26668587 -0.03108182
v -0.43265390 0.28285134 -0.03108183
v -0.43265390 0.28285134 0.05303156
v -0.43265390 0.28285134 -0.03108183
v -0.43265390 0.26668587 -0.03108182
v -0.42904884 0.26668587 -0.04129519
v -0.42904884 0.26668587 -0.04129519
v -0.42904884 0.28285134 -0.04129520
v -0.43265390 0.28285134 -0.03108183
v -0.42904884 0.28285134 -0.04129520
v -0.42904884 0.26668587 -0.04129519
v -0.41985559 0.26668587 -0.04510316
v -0.41985559 0.26668587 -0.04510316
v -0.41985559 0.28285134 -0.04510316
v -0.42904884 0.28285134 -0.04129520
v -0.41985559 0.28285134 0.06705289
v -0.41985559 0.28285134 0.07197857
v -0.41985559 0.26668587 0.07197857
v -0.41985559 0.26668587 0.07197857
v -0.41985559 0.26668587 0.06705289
v -0.41985559 0.28285134 0.06705289
v -0.41985559 0.28285134 0.06705289
v -0.42904884 0.28285134 0.06324492
v -0.43253177 0.28285134 0.06672792
v -0.43253177 0.28285134 0.06672792
v -0.41985559 0.28285134 0.07197857
v -0.41985559 0.28285134 0.06705289
v -0.43778250 0.28285134 0.05405170
v -0.43253177 0.28285134 0.06672792
v -0.42904884 0.28285134 0.06324492
v -0.42904884 0.28285134 0.06324492
v -0.43265390 0.28285134 0.05303156
v -0.43778250 0.28285134 0.05405170
v -0.43778250 0.28285134 0.05405170
v -0.43265390 0.28285134 0.05303156
v -0.43265390 0.28285134 -0.03108183
v -0.43265390 0.28285134 -0.03108183
v -0.43778250 0.28285134 -0.03210198
v -0.43778250 0.28285134 0.05405170
v -0.43778250 0.28285134 -0.03210198
v -0.43265390 0.28285134 -0.03108183
v -0.42904884 0.28285134 -0.04129520
v -0.42904884 0.28285134 -0.04129520
v -0.43253177 0.28285134 -0.04477818
v -0.43778250 0.28285134 -0.03210198
v -0.43253177 0.28285134 -0.04477818
v -0.42904884 0.28285134 -0.04129520
v -0.41985559 0.28285134 -0.04510316
v -0.41985559 0.28285134 -0.04510316
v -0.41985559 0.28285134 -0.05002884
v -0.43253177 0.28285134 -0.04477818
v -0.43253177 0.29901680 0.06672792
v -0.43253177 0.28285134 0.06672792
v -0.43778250 0.28285134 0.05405170
v -0.43778250 0.28285134 0.05405170
v -0.43778250 0.29901689 0.05405170
v -0.43253177 0.29901680 0.06672792
v -0.43778250 0.29901680 -0.03210198
v -0.43778250 0.29901689 0.05405170
v -0.43778250 0.28285134 0.05405170
v -0.43778250 0.28285134 0.05405170
v -0.43778250 0.28285134 -0.03210198
v -0.43778250 0.29901680 -0.03210198
v -0.43778250 0.29901680 -0.03210198
v -0.43778250 0.28285134 -0.03210198
v -0.43253177 0.28285134 -0.04477818
v -0.43253177 0.28285134 -0.04477818
v -0.43253177 0.29901680 -0.04477818
v -0.43778250 0.29901680 -0.03210198
v -0.41985559 0.29901680 0.06705289
v -0.41985559 0.29901680 0.07197857
v -0.43253177 0.29901680 0.06672792
v -0.43253177 0.29901680 0.06672792
v -0.42904884 0.29901680 0.06324492
v -0.41985559 0.29901680 0.06705289
v -0.42904884 0.29901680 0.06324492
v -0.43253177 0.29901680 0.06672792
v -0.43778250 0.29901689 0.05405170
v -0.43778250 0.29901689 0.05405170
v -0.43265390 0.29901689 0.05303156
v -0.42904884 0.29901680 0.06324492
v -0.43265390 0.29901689 0.05303156
v -0.43778250 0.29901689 0.05405170
v -0.43778250 0.29901680 -0.03210198
v -0.43778250 0.29901680 -0.03210198
v -0.43265390 0.29901680 -0.03108183
v -0.43265390 0.29901689 0.05303156
v -0.42904884 0.29901680 -0.04129520
v -0.43265390 0.29901680 -0.03108183
v -0.43778250 0.29901680 -0.03210198
v -0.43778250 0.29901680 -0.03210198
v -0.43253177 0.29901680 -0.04477818
v -0.42904884 0.29901680 -0.04129520
v -0.41985559 0.29901689 -0.04510316
v -0.42904884 0.29901680 -0.04129520
v -0.43253177 0.29901680 -0.04477818
v -0.43253177 0.29901680 -0.04477818
v -0.41985559 0.29901689 -0.05002884
v -0.41985559 0.29901689 -0.04510316
v -0.41985559 0.31518227 0.06705289
v -0.41985559 0.29901680 0.06705289
v -0.42904884 0.29901680 0.06324492
v -0.42904884 0.29901680 0.06324492
v -0.42904884 0.31518227 0.06324492
v -0.41985559 0.31518227 0.06705289
v -0.42904884 0.31518227 0.06324492
v -0.42904884 0.29901680 0.06324492
v -0.43265390 0.29901689 0.05303156
v -0.43265390 0.29901689 0.05303156
v -0.43265390 0.31518227 0.05303156
v -0.42904884 0.31518227 0.06324492
v -0.43265390 0.31518227 -0.03108183
v -0.43265390 0.31518227 0.05303156
v -0.43265390 0.29901689 0.05303156
v -0.43265390 0.29901689 0.05303156
v -0.43265390 0.29901680 -0.03108183
v -0.43265390 0.31518227 -0.03108183
v -0.43265390 0.31518227 -0.03108183
v -0.43265390 0.29901680 -0.03108183
v -0.42904884 0.29901680 -0.04129520
v -0.42904884 0.29901680 -0.04129520
v -0.42904884 0.31518227 -0.04129520
v -0.43265390 0.31518227 -0.03108183
v -0.42904884 0.31518227 -0.04129520
v -0.42904884 0.29901680 -0.04129520
v -0.41985559 0.29901689 -0.04510316
v -0.41985559 0.29901689 -0.04510316
v -0.41985559 0.31518227 -0.04510316
v -0.42904884 0.31518227 -0.04129520
v -0.41985559 0.31518227 0.06705289
v -0.41985559 0.31518227 0.07197856
v -0.41985559 0.29901680 0.07197857
v -0.41985559 0.29901680 0.07197857
v -0.41985559 0.29901680 0.06705289
v -0.41985559 0.31518227 0.06705289
v -0.41985559 0.31518227 0.06705289
v -0.42904884 0.31518227 0.06324492
v -0.43253177 0.31518227 0.06672791
v -0.43253177 0.31518227 0.06672791
v -0.41985559 0.31518227 0.07197856
v -0.41985559 0.31518227 0.06705289
v -0.43778250 0.31518227 0.05405170
v -0.43253177 0.31518227 0.06672791
v -0.42904884 0.31518227 0.06324492
v -0.42904884 0.31518227 0.06324492
v -0.43265390 0.31518227 0.05303156
v -0.43778250 0.31518227 0.05405170
v -0.43778250 0.31518227 0.05405170
v -0.43265390 0.31518227 0.05303156
v -0.43265390 0.31518227 -0.03108183
v -0.43265390 0.31518227 -0.03108183
v -0.43778250 0.31518227 -0.03210198
v -0.43778250 0.31518227 0.05405170
v -0.43778250 0.31518227 -0.03210198
v -0.43265390 0.31518227 -0.03108183
v -0.42904884 0.31518227 -0.04129520
v -0.42904884 0.31518227 -0.04129520
v -0.43253177 0.31518227 -0.04477818
v -0.43778250 0.31518227 -0.03210198
v -0.43253177 0.31518227 -0.04477818
v -0.42904884 0.31518227 -0.04129520
v -0.41985559 0.31518227 -0.04510316
v -0.41985559 0.31518227 -0.04510316
v -0.41985559 0.31518227 -0.05002885
v -0.43253177 0.31518227 -0.04477818
v -0.43253177 0.33134764 0.06672791
v -0.43253177 0.31518227 0.06672791
v -0.43778250 0.31518227 0.05405170
v -0.43778250 0.31518227 0.05405170
v -0.43778250 0.33134782 0.05405170
v -0.43253177 0.33134764 0.06672791
v -0.43778250 0.33134764 -0.03210199
v -0.43778250 0.33134782 0.05405170
v -0.43778250 0.31518227 0.05405170
v -0.43778250 0.31518227 0.05405170
v -0.43778250 0.31518227 -0.03210198
v -0.43778250 0.33134764 -0.03210199
v -0.43778250 0.33134764 -0.03210199
v -0.43778250 0.31518227 -0.03210198
v -0.43253177 0.31518227 -0.04477818
v -0.43253177 0.31518227 -0.04477818
v -0.43253177 0.33134764 -0.04477819
v -0.43778250 0.33134764 -0.03210199
v 0.41985559 -0.49552593 -0.05002875
v 0.33952311 -0.40373442 -0.05002876
v 0.16976155 -0.40373442 -0.05002876
v 0.16976155 -0.40373442 -0.05002876
v 0.00000000 -0.49552593 -0.05002875
v 0.41985559 -0.49552593 -0.05002875
v -0.39856410 0.46412414 -0.02688018
v -0.39856410 0.46412414 0.04882986
v -0.20966545 0.47357979 0.04882986
v -0.39856410 0.46412414 0.04882986
v -0.39856410 0.46412414 -0.02688018
v -0.40767056 0.46120179 -0.02688018
v -0.40767056 0.46120179 -0.02688018
v -0.40767059 0.46120179 0.04882986
v -0.39856410 0.46412414 0.04882986
v -0.20966545 0.47357979 0.04882986
v -0.20905046 0.47360253 -0.02688018
v -0.39856410 0.46412414 -0.02688018
v -0.20905046 0.47360253 -0.02688018
v -0.20966545 0.47357979 0.04882986
v -0.07008429 0.47685114 0.04882986
v -0.07008429 0.47685114 0.04882986
v -0.06954295 0.47685748 -0.02688018
v -0.20905046 0.47360253 -0.02688018
v -0.06954295 0.47685748 -0.02688018
v -0.07008429 0.47685114 0.04882986
v 0.06954295 0.47685748 0.04882986
v 0.06954295 0.47685748 0.04882986
v 0.07008429 0.47685114 -0.02688018
v -0.06954295 0.47685748 -0.02688018
v 0.07008429 0.47685114 -0.02688018
v 0.06954295 0.47685748 0.04882986
v 0.20905046 0.47360253 0.04882986
v 0.20905046 0.47360253 0.04882986
v 0.20966545 0.47357979 -0.02688018
v 0.07008429 0.47685114 -0.02688018
v 0.20966545 0.47357979 -0.02688018
v 0.20905046 0.47360253 0.04882986
v 0.39856410 0.46412414 0.04882986
v 0.39856410 0.46412414 0.04882986
v 0.39856383 0.46412414 -0.02688018
v 0.20966545 0.47357979 -0.02688018
v 0.40767059 0.46120179 -0.02688018
v 0.39856383 0.46412414 -0.02688018
v 0.39856410 0.46412414 0.04882986
v 0.39856410 0.46412414 0.04882986
v 0.40767059 0.46120170 0.04882986
v 0.40767059 0.46120179 -0.02688018
v -0.41985559 0.33134764 0.06705289
v -0.41985559 0.33134764 0.07197856
v -0.43253177 0.33134764 0.06672791
v -0.43253177 0.33134764 0.06672791
v -0.42904884 0.33134764 0.06324492
v -0.41985559 0.33134764 0.06705289
v -0.42904884 0.33134764 0.06324492
v -0.43253177 0.33134764 0.06672791
v -0.43778250 0.33134782 0.05405170
v -0.43778250 0.33134782 0.05405170
v -0.43265390 0.33134782 0.05303156
v -0.42904884 0.33134764 0.06324492
v -0.43265390 0.33134764 -0.03108183
v -0.43265390 0.33134782 0.05303156
v -0.43778250 0.33134782 0.05405170
v -0.43778250 0.33134782 0.05405170
v -0.43778250 0.33134764 -0.03210199
v -0.43265390 0.33134764 -0.03108183
v -0.42904884 0.33134764 -0.04129520
v -0.43265390 0.33134764 -0.03108183
v -0.43778250 0.33134764 -0.03210199
v -0.43778250 0.33134764 -0.03210199
v -0.43253177 0.33134764 -0.04477819
v -0.42904884 0.33134764 -0.04129520
v -0.41985559 0.33134782 -0.04510316
v -0.42904884 0.33134764 -0.04129520
v -0.43253177 0.33134764 -0.04477819
v -0.43253177 0.33134764 -0.04477819
v -0.41985559 0.33134782 -0.05002885
v -0.41985559 0.33134782 -0.04510316
v -0.41985559 0.34751311 0.06705289
v -0.41985559 0.33134764 0.06705289
v -0.42904884 0.33134764 0.06324492
v -0.42904884 0.33134764 0.06324492
v -0.42904884 0.34751311 0.06324492
v -0.41985559 0.34751311 0.06705289
v -0.42904884 0.34751311 0.06324492
v -0.42904884 0.33134764 0.06324492
v -0.43265390 0.33134782 0.05303156
v -0.43265390 0.33134782 0.05303156
v -0.43265390 0.34751332 0.05303156
v -0.42904884 0.34751311 0.06324492
v -0.43265390 0.34751311 -0.03108183
v -0.43265390 0.34751332 0.05303156
v -0.43265390 0.33134782 0.05303156
v -0.43265390 0.33134782 0.05303156
v -0.43265390 0.33134764 -0.03108183
v -0.43265390 0.34751311 -0.03108183
v -0.43265390 0.34751311 -0.03108183
v -0.43265390 0.33134764 -0.03108183
v -0.42904884 0.33134764 -0.04129520
v -0.42904884 0.33134764 -0.04129520
v -0.42904884 0.34751311 -0.04129520
v -0.43265390 0.34751311 -0.03108183
v -0.42904884 0.34751311 -0.04129520
v -0.42904884 0.33134764 -0.04129520
v -0.41985559 0.33134782 -0.04510316
v -0.41985559 0.33134782 -0.04510316
v -0.41985559 0.34751332 -0.04510316
v -0.42904884 0.34751311 -0.04129520
v -0.41985559 0.34751311 0.06705289
v -0.41985559 0.34751311 0.07197856
v -0.41985559 0.33134764 0.07197856
v -0.41985559 0.33134764 0.07197856
v -0.41985559 0.33134764 0.06705289
v -0.41985559 0.34751311 0.06705289
v -0.41985559 0.34751311 0.06705289
v -0.42904884 0.34751311 0.06324492
v -0.43253177 0.34751311 0.06672791
v -0.43253177 0.34751311 0.06672791
v -0.41985559 0.34751311 0.07197856
v -0.41985559 0.34751311 0.06705289
v -0.43778250 0.34751332 0.05405170
v -0.43253177 0.34751311 0.06672791
v -0.42904884 0.34751311 0.06324492
v -0.42904884 0.34751311 0.06324492
v -0.43265390 0.34751332 0.05303156
v -0.43778250 0.34751332 0.05405170
v -0.43778250 0.34751332 0.05405170
v -0.43265390 0.34751332 0.05303156
v -0.43265390 0.34751311 -0.03108183
v -0.43265390 0.34751311 -0.03108183
v -0.43778250 0.34751311 -0.03210199
v -0.43778250 0.34751332 0.05405170
v -0.43778250 0.34751311 -0.03210199
v -0.43265390 0.34751311 -0.03108183
v -0.42904884 0.34751311 -0.04129520
v -0.42904884 0.34751311 -0.04129520
v -0.43253177 0.34751311 -0.04477819
v -0.43778250 0.34751311 -0.03210199
v -0.43253177 0.34751311 -0.04477819
v -0.42904884 0.34751311 -0.04129520
v -0.41985559 0.34751332 -0.04510316
v -0.41985559 0.34751332 -0.04510316
v -0.41985559 0.34751332 -0.05002885
v -0.43253177 0.34751311 -0.04477819
v -0.43253177 0.36367860 0.06672791
v -0.43253177 0.34751311 0.06672791
v -0.43778250 0.34751332 0.05405170
v -0.43778250 0.34751332 0.05405170
v -0.43778250 0.36367878 0.05405169
v -0.43253177 0.36367860 0.06672791
v -0.43778250 0.36367860 -0.03210199
v -0.43778250 0.36367878 0.05405169
v -0.43778250 0.34751332 0.05405170
v -0.43778250 0.34751332 0.05405170
v -0.43778250 0.34751311 -0.03210199
v -0.43778250 0.36367860 -0.03210199
v -0.43778250 0.36367860 -0.03210199
v -0.43778250 0.34751311 -0.03210199
v -0.43253177 0.34751311 -0.04477819
v -0.43253177 0.34751311 -0.04477819
v -0.43253177 0.36367860 -0.04477819
v -0.43778250 0.36367860 -0.03210199
v -0.41985559 0.36367860 0.06705289
v -0.41985559 0.36367860 0.07197855
v -0.43253177 0.36367860 0.06672791
v -0.43253177 0.36367860 0.06672791
v -0.42904884 0.36367860 0.06324492
v -0.41985559 0.36367860 0.06705289
v -0.42904884 0.36367860 0.06324492
v -0.43253177 0.36367860 0.06672791
v -0.43778250 0.36367878 0.05405169
v -0.43778250 0.36367878 0.05405169
v -0.43265390 0.36367878 0.05303155
v -0.42904884 0.36367860 0.06324492
v -0.43265390 0.36367878 0.05303155
v -0.43778250 0.36367878 0.05405169
v -0.43778250 0.36367860 -0.03210199
v -0.43778250 0.36367860 -0.03210199
v -0.43265390 0.36367860 -0.03108185
v -0.43265390 0.36367878 0.05303155
v -0.42904884 0.36367860 -0.04129522
v -0.43265390 0.36367860 -0.03108185
v -0.43778250 0.36367860 -0.03210199
v -0.43778250 0.36367860 -0.03210199
v -0.43253177 0.36367860 -0.04477819
v -0.42904884 0.36367860 -0.04129522
v -0.41985559 0.36367878 -0.04510317
v -0.42904884 0.36367860 -0.04129522
v -0.43253177 0.36367860 -0.04477819
v -0.43253177 0.36367860 -0.04477819
v -0.41985559 0.36367878 -0.05002885
v -0.41985559 0.36367878 -0.04510317
v 0.42910752 -0.50000000 0.06330371
v 0.43253177 -0.49552593 0.06672801
v 0.43778250 -0.49552593 0.05405180
v 0.43778250 -0.49552593 0.05405180
v 0.43330839 -0.50000000 0.05316184
v 0.42910752 -0.50000000 0.06330371
v 0.43330839 -0.50000000 0.05316184
v 0.43778250 -0.49552593 0.05405180
v 0.43778250 -0.49552593 -0.03210188
v 0.43778250 -0.49552593 -0.03210188
v 0.43330839 -0.50000000 -0.03121194
v 0.43330839 -0.50000000 0.05316184
v 0.42910752 -0.50000000 -0.04135380
v 0.43330839 -0.50000000 -0.03121194
v 0.43778250 -0.49552593 -0.03210188
v 0.43778250 -0.49552593 -0.03210188
v 0.43253177 -0.49552593 -0.04477809
v 0.42910752 -0.50000000 -0.04135380
v -0.41985559 0.37984407 0.06705289
v -0.41985559 0.36367860 0.06705289
v -0.42904884 0.36367860 0.06324492
v -0.42904884 0.36367860 0.06324492
v -0.42904884 0.37984407 0.06324492
v -0.41985559 0.37984407 0.06705289
v -0.42904884 0.37984407 0.06324492
v -0.42904884 0.36367860 0.06324492
v -0.43265390 0.36367878 0.05303155
v -0.43265390 0.36367878 0.05303155
v -0.43265390 0.37984416 0.05303155
v -0.42904884 0.37984407 0.06324492
v -0.43265390 0.37984407 -0.03108185
v -0.43265390 0.37984416 0.05303155
v -0.43265390 0.36367878 0.05303155
v -0.43265390 0.36367878 0.05303155
v -0.43265390 0.36367860 -0.03108185
v -0.43265390 0.37984407 -0.03108185
v -0.43265390 0.37984407 -0.03108185
v -0.43265390 0.36367860 -0.03108185
v -0.42904884 0.36367860 -0.04129522
v -0.42904884 0.36367860 -0.04129522
v -0.42904884 0.37984407 -0.04129522
v -0.43265390 0.37984407 -0.03108185
v -0.42904884 0.37984407 -0.04129522
v -0.42904884 0.36367860 -0.04129522
v -0.41985559 0.36367878 -0.04510317
v -0.41985559 0.36367878 -0.04510317
v -0.41985559 0.37984416 -0.04510318
v -0.42904884 0.37984407 -0.04129522
v -0.41985559 0.37984407 0.06705289
v -0.41985559 0.37984407 0.07197855
v -0.41985559 0.36367860 0.07197855
v -0.41985559 0.36367860 0.07197855
v -0.41985559 0.36367860 0.06705289
v -0.41985559 0.37984407 0.06705289
v -0.41985559 0.37984407 0.06705289
v -0.42904884 0.37984407 0.06324492
v -0.43253177 0.37984407 0.06672791
v -0.43253177 0.37984407 0.06672791
v -0.41985559 0.37984407 0.07197855
v -0.41985559 0.37984407 0.06705289
v -0.43778250 0.37984416 0.05405169
v -0.43253177 0.37984407 0.06672791
v -0.42904884 0.37984407 0.06324492
v -0.42904884 0.37984407 0.06324492
v -0.43265390 0.37984416 0.05303155
v -0.43778250 0.37984416 0.05405169
v -0.43778250 0.37984407 -0.03210200
v -0.43778250 0.37984416 0.05405169
v -0.43265390 0.37984416 0.05303155
v -0.43265390 0.37984416 0.05303155
v -0.43265390 0.37984407 -0.03108185
v -0.43778250 0.37984407 -0.03210200
v -0.43778250 0.37984407 -0.03210200
v -0.43265390 0.37984407 -0.03108185
v -0.42904884 0.37984407 -0.04129522
v -0.42904884 0.37984407 -0.04129522
v -0.43253177 0.37984407 -0.04477819
v -0.43778250 0.37984407 -0.03210200
v -0.43253177 0.37984407 -0.04477819
v -0.42904884 0.37984407 -0.04129522
v -0.41985559 0.37984416 -0.04510318
v -0.41985559 0.37984416 -0.04510318
v -0.41985559 0.37984416 -0.05002885
v -0.43253177 0.37984407 -0.04477819
v -0.43253177 0.39600962 0.06672791
v -0.43253177 0.37984407 0.06672791
v -0.43778250 0.37984416 0.05405169
v -0.43778250 0.37984416 0.05405169
v -0.43778250 0.39600962 0.05405169
v -0.43253177 0.39600962 0.06672791
v -0.43778250 0.39600962 -0.03210200
v -0.43778250 0.39600962 0.05405169
v -0.43778250 0.37984416 0.05405169
v -0.43778250 0.37984416 0.05405169
v -0.43778250 0.37984407 -0.03210200
v -0.43778250 0.39600962 -0.03210200
v -0.43778250 0.39600962 -0.03210200
v -0.43778250 0.37984407 -0.03210200
v -0.43253177 0.37984407 -0.04477819
v -0.43253177 0.37984407 -0.04477819
v -0.43253177 0.39600962 -0.04477819
v -0.43778250 0.39600962 -0.03210200
v -0.33952311 0.19951017 -0.04493119
v -0.33952311 0.19951017 -0.05002883
v -0.35551748 0.19288507 -0.05002883
v -0.35551748 0.19288507 -0.05002883
v -0.35551748 0.19288507 -0.04493119
v -0.33952311 0.19951017 -0.04493119
v -0.33952311 0.19951017 -0.05002883
v -0.33952311 0.19951017 -0.04493119
v 0.00000000 0.19951017 -0.04493119
v 0.00000000 0.19951017 -0.04493119
v 0.00000000 0.19951017 -0.05002883
v -0.33952311 0.19951017 -0.05002883
v 0.33952311 0.19951017 -0.05002883
v 0.00000000 0.19951017 -0.05002883
v 0.00000000 0.19951017 -0.04493119
v 0.00000000 0.19951017 -0.04493119
v 0.33952311 0.19951017 -0.04493119
v 0.33952311 0.19951017 -0.05002883
v 0.33952311 0.19951017 -0.05002883
v 0.33952311 0.19951017 -0.04493119
v 0.35551748 0.19288507 -0.04493119
v 0.35551748 0.19288507 -0.04493119
v 0.35551748 0.19288507 -0.05002883
v 0.33952311 0.19951017 -0.05002883
v -0.41985559 0.26668587 -0.04510316
v -0.41985559 0.26668587 -0.05002884
v -0.41985559 0.28285134 -0.05002884
v -0.41985559 0.28285134 -0.05002884
v -0.41985559 0.28285134 -0.04510316
v -0.41985559 0.26668587 -0.04510316
v -0.41985559 0.39600962 0.06705289
v -0.41985559 0.39600962 0.07197855
v -0.43253177 0.39600962 0.06672791
v -0.43253177 0.39600962 0.06672791
v -0.42904884 0.39600962 0.06324492
v -0.41985559 0.39600962 0.06705289
v -0.42904884 0.39600962 0.06324492
v -0.43253177 0.39600962 0.06672791
v -0.43778250 0.39600962 0.05405169
v -0.43778250 0.39600962 0.05405169
v -0.43265390 0.39600962 0.05303155
v -0.42904884 0.39600962 0.06324492
v -0.43265390 0.39600962 -0.03108184
v -0.43265390 0.39600962 0.05303155
v -0.43778250 0.39600962 0.05405169
v -0.43778250 0.39600962 0.05405169
v -0.43778250 0.39600962 -0.03210200
v -0.43265390 0.39600962 -0.03108184
v -0.42904884 0.39600962 -0.04129522
v -0.43265390 0.39600962 -0.03108184
v -0.43778250 0.39600962 -0.03210200
v -0.43778250 0.39600962 -0.03210200
v -0.43253177 0.39600962 -0.04477819
v -0.42904884 0.39600962 -0.04129522
v -0.41985559 0.39600962 -0.04510318
v -0.42904884 0.39600962 -0.04129522
v -0.43253177 0.39600962 -0.04477819
v -0.43253177 0.39600962 -0.04477819
v -0.41985559 0.39600962 -0.05002885
v -0.41985559 0.39600962 -0.04510318
v 0.41910782 -0.50000000 -0.03135413
v 0.41463378 -0.49552593 -0.02688007
v 0.41463378 -0.49552593 0.04882998
v 0.41463378 -0.49552593 0.04882998
v 0.41910782 -0.50000000 0.05330404
v 0.41910782 -0.50000000 -0.03135413
v -0.43253177 0.29901680 -0.04477818
v -0.43253177 0.28285134 -0.04477818
v -0.41985559 0.28285134 -0.05002884
v -0.41985559 0.28285134 -0.05002884
v -0.41985559 0.29901689 -0.05002884
v -0.43253177 0.29901680 -0.04477818
v -0.41985559 0.41217509 0.06705288
v -0.41985559 0.39600962 0.06705289
v -0.42904884 0.39600962 0.06324492
v -0.42904884 0.39600962 0.06324492
v -0.42904884 0.41217509 0.06324491
v -0.41985559 0.41217509 0.06705288
v -0.42904884 0.41217509 0.06324491
v -0.42904884 0.39600962 0.06324492
v -0.43265390 0.39600962 0.05303155
v -0.43265390 0.39600962 0.05303155
v -0.43265390 0.41217509 0.05303155
v -0.42904884 0.41217509 0.06324491
v -0.43265390 0.41217509 0.05303155
v -0.43265390 0.39600962 0.05303155
v -0.43265390 0.39600962 -0.03108184
v -0.43265390 0.39600962 -0.03108184
v -0.43265390 0.41217509 -0.03108184
v -0.43265390 0.41217509 0.05303155
v -0.43265390 0.41217509 -0.03108184
v -0.43265390 0.39600962 -0.03108184
v -0.42904884 0.39600962 -0.04129522
v -0.42904884 0.39600962 -0.04129522
v -0.42904884 0.41217509 -0.04129522
v -0.43265390 0.41217509 -0.03108184
v -0.42904884 0.41217509 -0.04129522
v -0.42904884 0.39600962 -0.04129522
v -0.41985559 0.39600962 -0.04510318
v -0.41985559 0.39600962 -0.04510318
v -0.41985559 0.41217509 -0.04510318
v -0.42904884 0.41217509 -0.04129522
v -0.41985559 0.41217509 0.06705288
v -0.41985559 0.41217509 0.07197855
v -0.41985559 0.39600962 0.07197855
v -0.41985559 0.39600962 0.07197855
v -0.41985559 0.39600962 0.06705289
v -0.41985559 0.41217509 0.06705288
v -0.41985559 0.41217509 0.06705288
v -0.42904884 0.41217509 0.06324491
v -0.43253177 0.41217509 0.06672790
v -0.43253177 0.41217509 0.06672790
v -0.41985559 0.41217509 0.07197855
v -0.41985559 0.41217509 0.06705288
v -0.43778250 0.41217509 0.05405169
v -0.43253177 0.41217509 0.06672790
v -0.42904884 0.41217509 0.06324491
v -0.42904884 0.41217509 0.06324491
v -0.43265390 0.41217509 0.05303155
v -0.43778250 0.41217509 0.05405169
v -0.43778250 0.41217509 0.05405169
v -0.43265390 0.41217509 0.05303155
v -0.43265390 0.41217509 -0.03108184
v -0.43265390 0.41217509 -0.03108184
v -0.43778250 0.41217509 -0.03210200
v -0.43778250 0.41217509 0.05405169
v -0.43778250 0.41217509 -0.03210200
v -0.43265390 0.41217509 -0.03108184
v -0.42904884 0.41217509 -0.04129522
v -0.42904884 0.41217509 -0.04129522
v -0.43253177 0.41217509 -0.04477819
v -0.43778250 0.41217509 -0.03210200
v -0.43253177 0.41217509 -0.04477819
v -0.42904884 0.41217509 -0.04129522
v -0.41985559 0.41217509 -0.04510318
v -0.41985559 0.41217509 -0.04510318
v -0.41985559 0.41217509 -0.05002886
v -0.43253177 0.41217509 -0.04477819
v -0.41985559 0.29901689 -0.04510316
v -0.41985559 0.29901689 -0.05002884
v -0.41985559 0.31518227 -0.05002885
v -0.41985559 0.31518227 -0.05002885
v -0.41985559 0.31518227 -0.04510316
v -0.41985559 0.29901689 -0.04510316
v -0.43253177 0.44928318 0.06672790
v -0.43253177 0.41217509 0.06672790
v -0.43778250 0.41217509 0.05405169
v -0.43778250 0.41217509 0.05405169
v -0.43778250 0.44994840 0.05405169
v -0.43253177 0.44928318 0.06672790
v -0.42840654 0.46530175 0.06672789
v -0.43253177 0.44928318 0.06672790
v -0.43778250 0.44994840 0.05405169
v -0.43778250 0.44994840 0.05405169
v -0.43778250 0.41217509 0.05405169
v -0.43778250 0.41217509 -0.03210200
v -0.42042041 0.48142168 0.05405168
v -0.41752845 0.47683534 0.06672789
v -0.42840654 0.46530175 0.06672789
v -0.42840654 0.46530175 0.06672789
v -0.43315405 0.46792072 0.05405168
v -0.42042041 0.48142168 0.05405168
v -0.43778250 0.44994840 0.05405169
v -0.43315405 0.46792072 0.05405168
v -0.42840654 0.46530175 0.06672789
v -0.42042041 0.48142168 -0.03210201
v -0.42042041 0.48142168 0.05405168
v -0.43315405 0.46792072 0.05405168
v -0.43315405 0.46792072 -0.03210200
v -0.43315405 0.46792072 0.05405168
v -0.43778250 0.44994840 0.05405169
v -0.43315405 0.46792072 0.05405168
v -0.43315405 0.46792072 -0.03210200
v -0.42042041 0.48142168 -0.03210201
v -0.42042041 0.48142168 -0.03210201
v -0.43315405 0.46792072 -0.03210200
v -0.42840654 0.46530175 -0.04477820
v -0.42840654 0.46530175 -0.04477820
v -0.41752845 0.47683534 -0.04477821
v -0.42042041 0.48142168 -0.03210201
v -0.43778250 0.44994840 0.05405169
v -0.43778250 0.44994840 -0.03210200
v -0.43315405 0.46792072 -0.03210200
v -0.42840654 0.46530175 -0.04477820
v -0.43315405 0.46792072 -0.03210200
v -0.43778250 0.44994840 -0.03210200
v -0.43778250 0.41217509 -0.03210200
v -0.43778250 0.44994840 -0.03210200
v -0.43778250 0.44994840 0.05405169
v -0.43778250 0.44994840 -0.03210200
v -0.43253177 0.44928318 -0.04477820
v -0.42840654 0.46530175 -0.04477820
v -0.43253177 0.44928318 -0.04477820
v -0.43778250 0.44994840 -0.03210200
v -0.43778250 0.41217509 -0.03210200
v -0.43778250 0.41217509 -0.03210200
v -0.43253177 0.41217509 -0.04477819
v -0.43253177 0.44928318 -0.04477820
v -0.41985559 0.28285134 -0.05002884
v -0.41985559 0.26668587 -0.05002884
v -0.35844627 0.24067661 -0.05002883
v -0.41985559 0.29901689 -0.05002884
v -0.41985559 0.28285134 -0.05002884
v -0.35844627 0.24067661 -0.05002883
v -0.35844627 0.24067661 -0.05002883
v -0.41985559 0.26668587 -0.05002884
v -0.33952311 0.19951017 -0.05002883
v -0.33952311 0.19951017 -0.05002883
v -0.35391298 0.23573814 -0.05002883
v -0.35844627 0.24067661 -0.05002883
v -0.20047776 0.23083127 -0.05002883
v -0.35391298 0.23573814 -0.05002883
v -0.33952311 0.19951017 -0.05002883
v -0.41985559 0.29901689 -0.05002884
v -0.35844627 0.24067661 -0.05002883
v -0.35844627 0.34736639 -0.05002885
v -0.20047776 0.23083127 -0.05002883
v -0.33952311 0.19951017 -0.05002883
v 0.00000000 0.19951017 -0.05002883
v 0.00000000 0.19951017 -0.05002883
v -0.06262377 0.22698930 -0.05002883
v -0.20047776 0.23083127 -0.05002883
v 0.06262377 0.22698930 -0.05002883
v -0.06262377 0.22698930 -0.05002883
v 0.00000000 0.19951017 -0.05002883
v 0.20047773 0.23083127 -0.05002883
v 0.06262377 0.22698930 -0.05002883
v 0.00000000 0.19951017 -0.05002883
v 0.00000000 0.19951017 -0.05002883
v 0.33952311 0.19951017 -0.05002883
v 0.20047773 0.23083127 -0.05002883
v 0.20047773 0.23083127 -0.05002883
v 0.33952311 0.19951017 -0.05002883
v 0.35391298 0.23573814 -0.05002883
v -0.35844627 0.34736639 -0.05002885
v -0.41985559 0.31518227 -0.05002885
v -0.41985559 0.29901689 -0.05002884
v 0.35844627 0.24063213 -0.05002883
v 0.35391298 0.23573814 -0.05002883
v 0.33952311 0.19951017 -0.05002883
v 0.33952311 0.19951017 -0.05002883
v 0.41985559 0.26668587 -0.05002884
v 0.35844627 0.24063213 -0.05002883
v 0.41985559 0.26668587 -0.05002884
v 0.41985559 0.28285134 -0.05002884
v 0.35844627 0.24063213 -0.05002883
v 0.41985559 0.28285134 -0.05002884
v 0.41985559 0.29901680 -0.05002884
v 0.35844627 0.24063213 -0.05002883
v -0.41985559 0.33134782 -0.05002885
v -0.41985559 0.31518227 -0.05002885
v -0.35844627 0.34736639 -0.05002885
v 0.35844627 0.34736639 -0.05002885
v 0.35844627 0.24063213 -0.05002883
v 0.41985559 0.29901680 -0.05002884
v -0.41985559 0.34751332 -0.05002885
v -0.41985559 0.33134782 -0.05002885
v -0.35844627 0.34736639 -0.05002885
v -0.41985559 0.36367878 -0.05002885
v -0.41985559 0.34751332 -0.05002885
v -0.35844627 0.34736639 -0.05002885
v -0.41985559 0.37984416 -0.05002885
v -0.41985559 0.36367878 -0.05002885
v -0.35844627 0.34736639 -0.05002885
v -0.41985559 0.39600962 -0.05002885
v -0.41985559 0.37984416 -0.05002885
v -0.35844627 0.34736639 -0.05002885
v -0.35844627 0.34736639 -0.05002885
v -0.35844627 0.45379981 -0.05002886
v -0.41985559 0.39600962 -0.05002885
v 0.41985559 0.29901680 -0.05002884
v 0.41985559 0.31518227 -0.05002885
v 0.35844627 0.34736639 -0.05002885
v 0.41985559 0.31518227 -0.05002885
v 0.41985559 0.33134764 -0.05002885
v 0.35844627 0.34736639 -0.05002885
v -0.41985559 0.41217509 -0.05002886
v -0.41985559 0.39600962 -0.05002885
v -0.35844627 0.45379981 -0.05002886
v 0.41985559 0.34751311 -0.05002885
v 0.35844627 0.34736639 -0.05002885
v 0.41985559 0.33134764 -0.05002885
v 0.41985559 0.36367860 -0.05002885
v 0.35844627 0.34736639 -0.05002885
v 0.41985559 0.34751311 -0.05002885
v 0.41985559 0.36367860 -0.05002885
v 0.41985559 0.37984407 -0.05002885
v 0.35844627 0.34736639 -0.05002885
v 0.35844627 0.34736639 -0.05002885
v 0.41985559 0.37984407 -0.05002885
v 0.41985559 0.39600962 -0.05002885
v 0.41985559 0.39600962 -0.05002885
v 0.35844627 0.45371702 -0.05002886
v 0.35844627 0.34736639 -0.05002885
v 0.41985559 0.39600962 -0.05002885
v 0.41985559 0.41217509 -0.05002886
v 0.35844627 0.45371702 -0.05002886
v -0.41985559 0.44767693 -0.05002886
v -0.41985559 0.41217509 -0.05002886
v -0.35844627 0.45379981 -0.05002886
v -0.43253177 0.41217509 -0.04477819
v -0.41985559 0.41217509 -0.05002886
v -0.41985559 0.44767693 -0.05002886
v -0.35406590 0.45886439 -0.05002886
v -0.41985559 0.44767693 -0.05002886
v -0.35844627 0.45379981 -0.05002886
v -0.41985559 0.44767693 -0.05002886
v -0.43253177 0.44928318 -0.04477820
v -0.43253177 0.41217509 -0.04477819
v 0.41985559 0.41217509 -0.05002886
v 0.41985559 0.44767693 -0.05002886
v 0.35844627 0.45371702 -0.05002886
v 0.41985559 0.44767693 -0.05002886
v 0.41985559 0.41217509 -0.05002886
v 0.43253177 0.41217509 -0.04477819
v 0.35406590 0.45886439 -0.05002886
v 0.35844627 0.45371702 -0.05002886
v 0.41985559 0.44767693 -0.05002886
v 0.43253177 0.41217509 -0.04477819
v 0.43253177 0.44928318 -0.04477820
v 0.41985559 0.44767693 -0.05002886
v -0.43253177 0.44928318 -0.04477820
v -0.41985559 0.44767693 -0.05002886
v -0.41694498 0.45897910 -0.05002886
v -0.41694498 0.45897910 -0.05002886
v -0.42840654 0.46530175 -0.04477820
v -0.43253177 0.44928318 -0.04477820
v -0.41752845 0.47683534 -0.04477821
v -0.42840654 0.46530175 -0.04477820
v -0.41694498 0.45897910 -0.05002886
v -0.41694498 0.45897910 -0.05002886
v -0.41054666 0.46576285 -0.05002886
v -0.41752845 0.47683534 -0.04477821
v -0.40180001 0.48188272 -0.04477821
v -0.41752845 0.47683534 -0.04477821
v -0.41054666 0.46576285 -0.05002886
v -0.41694498 0.45897910 -0.05002886
v -0.41985559 0.44767693 -0.05002886
v -0.39950806 0.46930528 -0.05002886
v -0.39950806 0.46930528 -0.05002886
v -0.41054666 0.46576285 -0.05002886
v -0.41694498 0.45897910 -0.05002886
v -0.41054666 0.46576285 -0.05002886
v -0.39950806 0.46930528 -0.05002886
v -0.40180001 0.48188272 -0.04477821
v -0.35406590 0.45886439 -0.05002886
v -0.39950806 0.46930528 -0.05002886
v -0.41985559 0.44767693 -0.05002886
v -0.21001419 0.49147469 -0.04477821
v -0.40180001 0.48188272 -0.04477821
v -0.39950806 0.46930528 -0.05002886
v -0.35406590 0.45886439 -0.05002886
v -0.20954929 0.47880602 -0.05002886
v -0.39950806 0.46930528 -0.05002886
v -0.39950806 0.46930528 -0.05002886
v -0.20954929 0.47880602 -0.05002886
v -0.21001419 0.49147469 -0.04477821
v -0.35406590 0.45886439 -0.05002886
v -0.20047773 0.46376577 -0.05002886
v -0.20954929 0.47880602 -0.05002886
v -0.07002287 0.49474916 -0.04477821
v -0.21001419 0.49147469 -0.04477821
v -0.20954929 0.47880602 -0.05002886
v -0.06987464 0.48207292 -0.05002886
v -0.20954929 0.47880602 -0.05002886
v -0.20047773 0.46376577 -0.05002886
v -0.20954929 0.47880602 -0.05002886
v -0.06987464 0.48207292 -0.05002886
v -0.07002287 0.49474916 -0.04477821
v -0.20047773 0.46376577 -0.05002886
v -0.06262377 0.46760356 -0.05002886
v -0.06987464 0.48207292 -0.05002886
v 0.07002287 0.49474916 -0.04477821
v -0.07002287 0.49474916 -0.04477821
v -0.06987464 0.48207292 -0.05002886
v 0.06987464 0.48207292 -0.05002886
v -0.06987464 0.48207292 -0.05002886
v -0.06262377 0.46760356 -0.05002886
v -0.06987464 0.48207292 -0.05002886
v 0.06987464 0.48207292 -0.05002886
v 0.07002287 0.49474916 -0.04477821
v -0.06262377 0.46760356 -0.05002886
v 0.06262377 0.46760356 -0.05002886
v 0.06987464 0.48207292 -0.05002886
v 0.06987464 0.48207292 -0.05002886
v 0.06262377 0.46760356 -0.05002886
v 0.20047773 0.46376577 -0.05002886
v 0.07002287 0.49474916 -0.04477821
v 0.06987464 0.48207292 -0.05002886
v 0.20954929 0.47880602 -0.05002886
v 0.20047773 0.46376577 -0.05002886
v 0.20954929 0.47880602 -0.05002886
v 0.06987464 0.48207292 -0.05002886
v 0.20954929 0.47880602 -0.05002886
v 0.21001419 0.49147469 -0.04477821
v 0.07002287 0.49474916 -0.04477821
v 0.35406590 0.45886439 -0.05002886
v 0.20954929 0.47880602 -0.05002886
v 0.20047773 0.46376577 -0.05002886
v 0.21001419 0.49147469 -0.04477821
v 0.20954929 0.47880602 -0.05002886
v 0.39950806 0.46930528 -0.05002886
v 0.35406590 0.45886439 -0.05002886
v 0.39950806 0.46930528 -0.05002886
v 0.20954929 0.47880602 -0.05002886
v 0.39950806 0.46930528 -0.05002886
v 0.40180001 0.48188272 -0.04477821
v 0.21001419 0.49147469 -0.04477821
v 0.35406590 0.45886439 -0.05002886
v 0.41985559 0.44767693 -0.05002886
v 0.39950806 0.46930528 -0.05002886
v 0.40180001 0.48188272 -0.04477821
v 0.39950806 0.46930528 -0.05002886
v 0.41054666 0.46576285 -0.05002886
v 0.41054666 0.46576285 -0.05002886
v 0.41752845 0.47683534 -0.04477821
v 0.40180001 0.48188272 -0.04477821
v 0.39950806 0.46930528 -0.05002886
v 0.41985559 0.44767693 -0.05002886
v 0.41694498 0.45897910 -0.05002886
v 0.41694498 0.45897910 -0.05002886
v 0.41054666 0.46576285 -0.05002886
v 0.39950806 0.46930528 -0.05002886
v 0.41752845 0.47683534 -0.04477821
v 0.41054666 0.46576285 -0.05002886
v 0.41694498 0.45897910 -0.05002886
v 0.41694498 0.45897910 -0.05002886
v 0.41985559 0.44767693 -0.05002886
v 0.43253177 0.44928318 -0.04477820
v 0.41694498 0.45897910 -0.05002886
v 0.42840654 0.46530175 -0.04477820
v 0.41752845 0.47683534 -0.04477821
v 0.43253177 0.44928318 -0.04477820
v 0.42840654 0.46530175 -0.04477820
v 0.41694498 0.45897910 -0.05002886
v -0.43253177 0.33134764 -0.04477819
v -0.43253177 0.31518227 -0.04477818
v -0.41985559 0.31518227 -0.05002885
v -0.41985559 0.31518227 -0.05002885
v -0.41985559 0.33134782 -0.05002885
v -0.43253177 0.33134764 -0.04477819
v -0.41985559 0.33134782 -0.04510316
v -0.41985559 0.33134782 -0.05002885
v -0.41985559 0.34751332 -0.05002885
v -0.41985559 0.34751332 -0.05002885
v -0.41985559 0.34751332 -0.04510316
v -0.41985559 0.33134782 -0.04510316
v -0.43253177 0.36367860 -0.04477819
v -0.43253177 0.34751311 -0.04477819
v -0.41985559 0.34751332 -0.05002885
v -0.41985559 0.34751332 -0.05002885
v -0.41985559 0.36367878 -0.05002885
v -0.43253177 0.36367860 -0.04477819
v -0.41985559 0.36367878 -0.04510317
v -0.41985559 0.36367878 -0.05002885
v -0.41985559 0.37984416 -0.05002885
v -0.41985559 0.37984416 -0.05002885
v -0.41985559 0.37984416 -0.04510318
v -0.41985559 0.36367878 -0.04510317
v -0.43253177 0.39600962 -0.04477819
v -0.43253177 0.37984407 -0.04477819
v -0.41985559 0.37984416 -0.05002885
v -0.41985559 0.37984416 -0.05002885
v -0.41985559 0.39600962 -0.05002885
v -0.43253177 0.39600962 -0.04477819
v -0.41752845 0.47683534 0.06672789
v -0.42042041 0.48142168 0.05405168
v -0.40274936 0.48709252 0.05405168
v -0.40274936 0.48709252 0.05405168
v -0.40180001 0.48188272 0.06672789
v -0.41752845 0.47683534 0.06672789
v -0.40274936 0.48709252 -0.03210201
v -0.40274936 0.48709252 0.05405168
v -0.42042041 0.48142168 0.05405168
v -0.42042041 0.48142168 0.05405168
v -0.42042041 0.48142168 -0.03210201
v -0.40274936 0.48709252 -0.03210201
v -0.40274936 0.48709252 -0.03210201
v -0.42042041 0.48142168 -0.03210201
v -0.41752845 0.47683534 -0.04477821
v -0.41752845 0.47683534 -0.04477821
v -0.40180001 0.48188272 -0.04477821
v -0.40274936 0.48709252 -0.03210201
v -0.21020675 0.49672231 -0.03210201
v -0.40274936 0.48709252 -0.03210201
v -0.40180001 0.48188272 -0.04477821
v -0.40274936 0.48709252 0.05405168
v -0.40274936 0.48709252 -0.03210201
v -0.21020675 0.49672231 -0.03210201
v -0.40180001 0.48188272 -0.04477821
v -0.21001419 0.49147469 -0.04477821
v -0.21020675 0.49672231 -0.03210201
v -0.40180001 0.48188272 0.06672789
v -0.40274936 0.48709252 0.05405168
v -0.21020675 0.49672231 0.05405168
v -0.21020675 0.49672231 -0.03210201
v -0.21020675 0.49672231 0.05405168
v -0.40274936 0.48709252 0.05405168
v -0.21020675 0.49672231 0.05405168
v -0.21001419 0.49147469 0.06672789
v -0.40180001 0.48188272 0.06672789
v -0.07008429 0.50000000 -0.03210201
v -0.21020675 0.49672231 -0.03210201
v -0.21001419 0.49147469 -0.04477821
v -0.21020675 0.49672231 0.05405168
v -0.21020675 0.49672231 -0.03210201
v -0.07008429 0.50000000 -0.03210201
v -0.21001419 0.49147469 -0.04477821
v -0.07002287 0.49474916 -0.04477821
v -0.07008429 0.50000000 -0.03210201
v -0.21001419 0.49147469 0.06672789
v -0.21020675 0.49672231 0.05405168
v -0.07008429 0.50000000 0.05405168
v -0.07008429 0.50000000 -0.03210201
v -0.07008429 0.50000000 0.05405168
v -0.21020675 0.49672231 0.05405168
v -0.07008429 0.50000000 0.05405168
v -0.07002287 0.49474916 0.06672789
v -0.21001419 0.49147469 0.06672789
v 0.07002287 0.49474916 0.06672789
v -0.07002287 0.49474916 0.06672789
v -0.07008429 0.50000000 0.05405168
v 0.07008429 0.50000000 -0.03210201
v -0.07008429 0.50000000 -0.03210201
v -0.07002287 0.49474916 -0.04477821
v -0.07008429 0.50000000 0.05405168
v -0.07008429 0.50000000 -0.03210201
v 0.07008429 0.50000000 -0.03210201
v -0.07002287 0.49474916 -0.04477821
v 0.07002287 0.49474916 -0.04477821
v 0.07008429 0.50000000 -0.03210201
v 0.07008429 0.50000000 -0.03210201
v 0.07002287 0.49474916 -0.04477821
v 0.21001419 0.49147469 -0.04477821
v -0.07008429 0.50000000 0.05405168
v 0.07008429 0.50000000 0.05405168
v 0.07002287 0.49474916 0.06672789
v 0.07008429 0.50000000 -0.03210201
v 0.07008429 0.50000000 0.05405168
v -0.07008429 0.50000000 0.05405168
v 0.21001419 0.49147469 0.06672789
v 0.07002287 0.49474916 0.06672789
v 0.07008429 0.50000000 0.05405168
v 0.21001419 0.49147469 -0.04477821
v 0.21020675 0.49672231 -0.03210201
v 0.07008429 0.50000000 -0.03210201
v 0.07008429 0.50000000 0.05405168
v 0.07008429 0.50000000 -0.03210201
v 0.21020675 0.49672231 -0.03210201
v 0.21020675 0.49672231 -0.03210201
v 0.21001419 0.49147469 -0.04477821
v 0.40180001 0.48188272 -0.04477821
v 0.07008429 0.50000000 0.05405168
v 0.21020675 0.49672231 0.05405168
v 0.21001419 0.49147469 0.06672789
v 0.21020675 0.49672231 -0.03210201
v 0.21020675 0.49672231 0.05405168
v 0.07008429 0.50000000 0.05405168
v 0.40180001 0.48188272 0.06672789
v 0.21001419 0.49147469 0.06672789
v 0.21020675 0.49672231 0.05405168
v 0.40180001 0.48188272 -0.04477821
v 0.40274936 0.48709252 -0.03210201
v 0.21020675 0.49672231 -0.03210201
v 0.21020675 0.49672231 0.05405168
v 0.21020675 0.49672231 -0.03210201
v 0.40274936 0.48709252 -0.03210201
v 0.40274936 0.48709252 -0.03210201
v 0.40180001 0.48188272 -0.04477821
v 0.41752845 0.47683534 -0.04477821
v 0.41752845 0.47683534 -0.04477821
v 0.42042041 0.48142168 -0.03210201
v 0.40274936 0.48709252 -0.03210201
v 0.40274936 0.48709252 -0.03210201
v 0.40274936 0.48709252 0.05405168
v 0.21020675 0.49672231 0.05405168
v 0.21020675 0.49672231 0.05405168
v 0.40274936 0.48709252 0.05405168
v 0.40180001 0.48188272 0.06672789
v 0.40274936 0.48709252 0.05405168
v 0.40274936 0.48709252 -0.03210201
v 0.42042041 0.48142168 -0.03210201
v 0.41752845 0.47683534 0.06672789
v 0.40180001 0.48188272 0.06672789
v 0.40274936 0.48709252 0.05405168
v 0.42042041 0.48142168 -0.03210201
v 0.42042041 0.48142168 0.05405168
v 0.40274936 0.48709252 0.05405168
v 0.40274936 0.48709252 0.05405168
v 0.42042041 0.48142168 0.05405168
v 0.41752845 0.47683534 0.06672789
v 0.35551748 -0.39710936 -0.04493112
v 0.35551748 -0.39710936 -0.05002876
v 0.36214253 -0.38111496 -0.05002876
v 0.36214253 -0.38111496 -0.05002876
v 0.36214253 -0.38111496 -0.04493112
v 0.35551748 -0.39710936 -0.04493112
v 0.36214253 -0.38111496 -0.04493112
v 0.36214253 -0.38111496 -0.05002876
v 0.36214253 0.17689079 -0.05002883
v 0.36214253 0.17689079 -0.05002883
v 0.36214253 0.17689079 -0.04493119
v 0.36214253 -0.38111496 -0.04493112
v 0.36214253 0.17689079 -0.04493119
v 0.36214253 0.17689079 -0.05002883
v 0.35551748 0.19288507 -0.05002883
v 0.35551748 0.19288507 -0.05002883
v 0.35551748 0.19288507 -0.04493119
v 0.36214253 0.17689079 -0.04493119
v -0.41985559 0.39600962 -0.04510318
v -0.41985559 0.39600962 -0.05002885
v -0.41985559 0.41217509 -0.05002886
v -0.41985559 0.41217509 -0.05002886
v -0.41985559 0.41217509 -0.04510318
v -0.41985559 0.39600962 -0.04510318
v 0.35551748 0.19288507 -0.05002883
v 0.36214253 0.17689079 -0.05002883
v 0.41985559 0.26668587 -0.05002884
v 0.35391298 0.23573814 -0.05002883
v 0.35844627 0.24063213 -0.05002883
v 0.35099339 0.24869974 -0.05724823
v 0.35099339 0.24869974 -0.05724823
v 0.34491402 0.24602510 -0.05908249
v 0.35391298 0.23573814 -0.05002883
v 0.34491402 0.24602510 -0.05908249
v 0.35099339 0.24869974 -0.05724823
v 0.34311724 0.26333937 -0.06487757
v 0.34311724 0.26333937 -0.06487757
v 0.35099339 0.24869974 -0.05724823
v 0.35844627 0.24063213 -0.05002883
v 0.34311724 0.26333937 -0.06487757
v 0.33700794 0.26177785 -0.06721624
v 0.34491402 0.24602510 -0.05908249
v 0.35844627 0.24063213 -0.05002883
v 0.34058073 0.28085580 -0.06733467
v 0.34311724 0.26333937 -0.06487757
v 0.33700794 0.26177785 -0.06721624
v 0.34311724 0.26333937 -0.06487757
v 0.34058073 0.28085580 -0.06733467
v 0.34058073 0.28085580 -0.06733467
v 0.33449405 0.28031495 -0.06981208
v 0.33700794 0.26177785 -0.06721624
v 0.34058073 0.28085580 -0.06733467
v 0.35844627 0.24063213 -0.05002883
v 0.35844627 0.34736639 -0.05002885
v 0.33449405 0.28031495 -0.06981208
v 0.34058073 0.28085580 -0.06733467
v 0.33837113 0.31504953 -0.06947500
v 0.35844627 0.34736639 -0.05002885
v 0.33837113 0.31504953 -0.06947500
v 0.34058073 0.28085580 -0.06733467
v 0.33837113 0.31504953 -0.06947500
v 0.33226556 0.31494257 -0.07197866
v 0.33449405 0.28031495 -0.06981208
v 0.33307576 0.34952751 -0.07118679
v 0.33226556 0.31494257 -0.07197866
v 0.33837113 0.31504953 -0.06947500
v 0.33837113 0.31504953 -0.06947500
v 0.33918512 0.34926000 -0.06868649
v 0.33307576 0.34952751 -0.07118679
v 0.33837113 0.31504953 -0.06947500
v 0.35844627 0.34736639 -0.05002885
v 0.33918512 0.34926000 -0.06868649
v 0.33581042 0.38439417 -0.06852075
v 0.33307576 0.34952751 -0.07118679
v 0.33918512 0.34926000 -0.06868649
v 0.33918512 0.34926000 -0.06868649
v 0.34187958 0.38355574 -0.06607648
v 0.33581042 0.38439417 -0.06852075
v 0.34187958 0.38355574 -0.06607648
v 0.33918512 0.34926000 -0.06868649
v 0.35844627 0.34736639 -0.05002885
v 0.33952841 0.41881162 -0.06491931
v 0.33581042 0.38439417 -0.06852075
v 0.34187958 0.38355574 -0.06607648
v 0.34560558 0.41804758 -0.06246727
v 0.34187958 0.38355574 -0.06607648
v 0.35844627 0.34736639 -0.05002885
v 0.34187958 0.38355574 -0.06607648
v 0.34560558 0.41804758 -0.06246727
v 0.33952841 0.41881162 -0.06491931
v 0.35844627 0.34736639 -0.05002885
v 0.35844627 0.45371702 -0.05002886
v 0.34560558 0.41804758 -0.06246727
v 0.34292126 0.43723446 -0.06151953
v 0.33952841 0.41881162 -0.06491931
v 0.34560558 0.41804758 -0.06246727
v 0.34560558 0.41804758 -0.06246727
v 0.34908557 0.43578306 -0.05909627
v 0.34292126 0.43723446 -0.06151953
v 0.34908557 0.43578306 -0.05909627
v 0.34560558 0.41804758 -0.06246727
v 0.35844627 0.45371702 -0.05002886
v 0.34789431 0.45079926 -0.05637620
v 0.34292126 0.43723446 -0.06151953
v 0.34908557 0.43578306 -0.05909627
v 0.35844627 0.45371702 -0.05002886
v 0.35414654 0.44818616 -0.05419387
v 0.34908557 0.43578306 -0.05909627
v 0.34908557 0.43578306 -0.05909627
v 0.35414654 0.44818616 -0.05419387
v 0.34789431 0.45079926 -0.05637620
v 0.35414654 0.44818616 -0.05419387
v 0.35844627 0.45371702 -0.05002886
v 0.35406590 0.45886439 -0.05002886
v 0.35406590 0.45886439 -0.05002886
v 0.34789431 0.45079926 -0.05637620
v 0.35414654 0.44818616 -0.05419387
v 0.43253177 0.26668587 0.06672792
v 0.43778250 0.26668587 0.05405170
v 0.43778250 -0.49552593 0.05405180
v 0.43778250 -0.49552593 0.05405180
v 0.43253177 -0.49552593 0.06672801
v 0.43253177 0.26668587 0.06672792
v 0.43778250 -0.49552593 -0.03210188
v 0.43778250 -0.49552593 0.05405180
v 0.43778250 0.26668587 0.05405170
v 0.43778250 0.26668587 0.05405170
v 0.43778250 0.26668587 -0.03210197
v 0.43778250 -0.49552593 -0.03210188
v 0.43778250 -0.49552593 -0.03210188
v 0.43778250 0.26668587 -0.03210197
v 0.43253177 0.26668587 -0.04477818
v 0.43253177 0.26668587 -0.04477818
v 0.43253177 -0.49552593 -0.04477809
v 0.43778250 -0.49552593 -0.03210188
v 0.41985559 0.26668587 -0.05002884
v 0.41985559 -0.49552593 -0.05002875
v 0.43253177 -0.49552593 -0.04477809
v 0.43253177 -0.49552593 -0.04477809
v 0.43253177 0.26668587 -0.04477818
v 0.41985559 0.26668587 -0.05002884
v 0.41463378 0.44701546 0.04882987
v 0.41463378 -0.49552593 0.04882998
v 0.41463378 -0.49552593 -0.02688007
v 0.41463378 -0.49552593 -0.02688007
v 0.41463378 0.44701555 -0.02688018
v 0.41463378 0.44701546 0.04882987
v 0.41222361 0.45637435 0.04882987
v 0.41463378 0.44701546 0.04882987
v 0.41463378 0.44701555 -0.02688018
v 0.41463378 0.44701555 -0.02688018
v 0.41222355 0.45637465 -0.02688018
v 0.41222361 0.45637435 0.04882987
v 0.40767059 0.46120170 0.04882986
v 0.41222361 0.45637435 0.04882987
v 0.41222355 0.45637465 -0.02688018
v 0.41222355 0.45637465 -0.02688018
v 0.40767059 0.46120179 -0.02688018
v 0.40767059 0.46120170 0.04882986
v 0.41985559 0.26668587 0.06705289
v 0.42904884 0.26668587 0.06324492
v 0.43253177 0.26668587 0.06672792
v 0.43253177 0.26668587 0.06672792
v 0.41985559 0.26668587 0.07197857
v 0.41985559 0.26668587 0.06705289
v 0.43778250 0.26668587 0.05405170
v 0.43253177 0.26668587 0.06672792
v 0.42904884 0.26668587 0.06324492
v 0.42904884 0.26668587 0.06324492
v 0.43265390 0.26668587 0.05303156
v 0.43778250 0.26668587 0.05405170
v 0.43778250 0.26668587 0.05405170
v 0.43265390 0.26668587 0.05303156
v 0.43265390 0.26668587 -0.03108182
v 0.43265390 0.26668587 -0.03108182
v 0.43778250 0.26668587 -0.03210197
v 0.43778250 0.26668587 0.05405170
v 0.43778250 0.26668587 -0.03210197
v 0.43265390 0.26668587 -0.03108182
v 0.42904884 0.26668587 -0.04129519
v 0.42904884 0.26668587 -0.04129519
v 0.43253177 0.26668587 -0.04477818
v 0.43778250 0.26668587 -0.03210197
v 0.43253177 0.26668587 -0.04477818
v 0.42904884 0.26668587 -0.04129519
v 0.41985559 0.26668587 -0.04510316
v 0.41985559 0.26668587 -0.04510316
v 0.41985559 0.26668587 -0.05002884
v 0.43253177 0.26668587 -0.04477818
v 0.41985559 0.26668587 0.06705289
v 0.41985559 0.26668587 0.07197857
v 0.41985559 0.28285134 0.07197857
v 0.41985559 0.28285134 0.07197857
v 0.41985559 0.28285134 0.06705289
v 0.41985559 0.26668587 0.06705289
v 0.42904884 0.28285134 0.06324492
v 0.42904884 0.26668587 0.06324492
v 0.41985559 0.26668587 0.06705289
v 0.41985559 0.26668587 0.06705289
v 0.41985559 0.28285134 0.06705289
v 0.42904884 0.28285134 0.06324492
v 0.42904884 0.26668587 0.06324492
v 0.42904884 0.28285134 0.06324492
v 0.43265390 0.28285134 0.05303156
v 0.43265390 0.28285134 0.05303156
v 0.43265390 0.26668587 0.05303156
v 0.42904884 0.26668587 0.06324492
v 0.43265390 0.26668587 0.05303156
v 0.43265390 0.28285134 0.05303156
v 0.43265390 0.28285134 -0.03108183
v 0.43265390 0.28285134 -0.03108183
v 0.43265390 0.26668587 -0.03108182
v 0.43265390 0.26668587 0.05303156
v 0.43265390 0.26668587 -0.03108182
v 0.43265390 0.28285134 -0.03108183
v 0.42904884 0.28285134 -0.04129520
v 0.42904884 0.28285134 -0.04129520
v 0.42904884 0.26668587 -0.04129519
v 0.43265390 0.26668587 -0.03108182
v 0.42904884 0.26668587 -0.04129519
v 0.42904884 0.28285134 -0.04129520
v 0.41985559 0.28285134 -0.04510316
v 0.41985559 0.28285134 -0.04510316
v 0.41985559 0.26668587 -0.04510316
v 0.42904884 0.26668587 -0.04129519
v 0.41985559 0.28285134 0.06705289
v 0.41985559 0.28285134 0.07197857
v 0.43253177 0.28285134 0.06672792
v 0.43253177 0.28285134 0.06672792
v 0.42904884 0.28285134 0.06324492
v 0.41985559 0.28285134 0.06705289
v 0.42904884 0.28285134 0.06324492
v 0.43253177 0.28285134 0.06672792
v 0.43778250 0.28285134 0.05405170
v 0.43778250 0.28285134 0.05405170
v 0.43265390 0.28285134 0.05303156
v 0.42904884 0.28285134 0.06324492
v 0.43265390 0.28285134 -0.03108183
v 0.43265390 0.28285134 0.05303156
v 0.43778250 0.28285134 0.05405170
v 0.43778250 0.28285134 0.05405170
v 0.43778250 0.28285134 -0.03210198
v 0.43265390 0.28285134 -0.03108183
v 0.42904884 0.28285134 -0.04129520
v 0.43265390 0.28285134 -0.03108183
v 0.43778250 0.28285134 -0.03210198
v 0.43778250 0.28285134 -0.03210198
v 0.43253177 0.28285134 -0.04477818
v 0.42904884 0.28285134 -0.04129520
v 0.41985559 0.28285134 -0.04510316
v 0.42904884 0.28285134 -0.04129520
v 0.43253177 0.28285134 -0.04477818
v 0.43253177 0.28285134 -0.04477818
v 0.41985559 0.28285134 -0.05002884
v 0.41985559 0.28285134 -0.04510316
v 0.41985559 0.29901689 0.06705289
v 0.42904884 0.29901680 0.06324492
v 0.43253177 0.29901680 0.06672792
v 0.43253177 0.29901680 0.06672792
v 0.41985559 0.29901689 0.07197857
v 0.41985559 0.29901689 0.06705289
v 0.43778250 0.29901680 0.05405170
v 0.43253177 0.29901680 0.06672792
v 0.42904884 0.29901680 0.06324492
v 0.42904884 0.29901680 0.06324492
v 0.43265390 0.29901680 0.05303156
v 0.43778250 0.29901680 0.05405170
v 0.43778250 0.29901680 0.05405170
v 0.43265390 0.29901680 0.05303156
v 0.43265390 0.29901689 -0.03108183
v 0.43265390 0.29901689 -0.03108183
v 0.43778250 0.29901689 -0.03210198
v 0.43778250 0.29901680 0.05405170
v 0.43778250 0.29901689 -0.03210198
v 0.43265390 0.29901689 -0.03108183
v 0.42904884 0.29901680 -0.04129520
v 0.42904884 0.29901680 -0.04129520
v 0.43253177 0.29901680 -0.04477818
v 0.43778250 0.29901689 -0.03210198
v 0.43253177 0.29901680 -0.04477818
v 0.42904884 0.29901680 -0.04129520
v 0.41985559 0.29901680 -0.04510316
v 0.41985559 0.29901680 -0.04510316
v 0.41985559 0.29901680 -0.05002884
v 0.43253177 0.29901680 -0.04477818
v 0.41985559 0.29901689 0.06705289
v 0.41985559 0.29901689 0.07197857
v 0.41985559 0.31518227 0.07197856
v 0.41985559 0.31518227 0.07197856
v 0.41985559 0.31518227 0.06705289
v 0.41985559 0.29901689 0.06705289
v 0.43778250 0.29901680 0.05405170
v 0.43778250 0.28285134 0.05405170
v 0.43253177 0.28285134 0.06672792
v 0.43253177 0.28285134 0.06672792
v 0.43253177 0.29901680 0.06672792
v 0.43778250 0.29901680 0.05405170
v 0.43778250 0.28285134 -0.03210198
v 0.43778250 0.28285134 0.05405170
v 0.43778250 0.29901680 0.05405170
v 0.43778250 0.29901680 0.05405170
v 0.43778250 0.29901689 -0.03210198
v 0.43778250 0.28285134 -0.03210198
v 0.43778250 0.28285134 -0.03210198
v 0.43778250 0.29901689 -0.03210198
v 0.43253177 0.29901680 -0.04477818
v 0.43253177 0.29901680 -0.04477818
v 0.43253177 0.28285134 -0.04477818
v 0.43778250 0.28285134 -0.03210198
v 0.42904884 0.31518227 0.06324492
v 0.42904884 0.29901680 0.06324492
v 0.41985559 0.29901689 0.06705289
v 0.41985559 0.29901689 0.06705289
v 0.41985559 0.31518227 0.06705289
v 0.42904884 0.31518227 0.06324492
v 0.42904884 0.29901680 0.06324492
v 0.42904884 0.31518227 0.06324492
v 0.43265390 0.31518227 0.05303156
v 0.43265390 0.31518227 0.05303156
v 0.43265390 0.29901680 0.05303156
v 0.42904884 0.29901680 0.06324492
v 0.43265390 0.29901689 -0.03108183
v 0.43265390 0.29901680 0.05303156
v 0.43265390 0.31518227 0.05303156
v 0.43265390 0.31518227 0.05303156
v 0.43265390 0.31518227 -0.03108183
v 0.43265390 0.29901689 -0.03108183
v 0.43265390 0.29901689 -0.03108183
v 0.43265390 0.31518227 -0.03108183
v 0.42904884 0.31518227 -0.04129520
v 0.42904884 0.31518227 -0.04129520
v 0.42904884 0.29901680 -0.04129520
v 0.43265390 0.29901689 -0.03108183
v 0.42904884 0.29901680 -0.04129520
v 0.42904884 0.31518227 -0.04129520
v 0.41985559 0.31518227 -0.04510316
v 0.41985559 0.31518227 -0.04510316
v 0.41985559 0.29901680 -0.04510316
v 0.42904884 0.29901680 -0.04129520
v 0.41985559 0.31518227 0.06705289
v 0.41985559 0.31518227 0.07197856
v 0.43253177 0.31518227 0.06672791
v 0.43253177 0.31518227 0.06672791
v 0.42904884 0.31518227 0.06324492
v 0.41985559 0.31518227 0.06705289
v 0.42904884 0.31518227 0.06324492
v 0.43253177 0.31518227 0.06672791
v 0.43778250 0.31518227 0.05405170
v 0.43778250 0.31518227 0.05405170
v 0.43265390 0.31518227 0.05303156
v 0.42904884 0.31518227 0.06324492
v 0.43265390 0.31518227 -0.03108183
v 0.43265390 0.31518227 0.05303156
v 0.43778250 0.31518227 0.05405170
v 0.43778250 0.31518227 0.05405170
v 0.43778250 0.31518227 -0.03210198
v 0.43265390 0.31518227 -0.03108183
v 0.42904884 0.31518227 -0.04129520
v 0.43265390 0.31518227 -0.03108183
v 0.43778250 0.31518227 -0.03210198
v 0.43778250 0.31518227 -0.03210198
v 0.43253177 0.31518227 -0.04477818
v 0.42904884 0.31518227 -0.04129520
v 0.41985559 0.31518227 -0.04510316
v 0.42904884 0.31518227 -0.04129520
v 0.43253177 0.31518227 -0.04477818
v 0.43253177 0.31518227 -0.04477818
v 0.41985559 0.31518227 -0.05002885
v 0.41985559 0.31518227 -0.04510316
v 0.41985559 0.33134782 0.06705289
v 0.42904884 0.33134764 0.06324492
v 0.43253177 0.33134764 0.06672791
v 0.43253177 0.33134764 0.06672791
v 0.41985559 0.33134782 0.07197856
v 0.41985559 0.33134782 0.06705289
v 0.43778250 0.33134764 0.05405170
v 0.43253177 0.33134764 0.06672791
v 0.42904884 0.33134764 0.06324492
v 0.42904884 0.33134764 0.06324492
v 0.43265390 0.33134764 0.05303155
v 0.43778250 0.33134764 0.05405170
v 0.43778250 0.33134782 -0.03210199
v 0.43778250 0.33134764 0.05405170
v 0.43265390 0.33134764 0.05303155
v 0.43265390 0.33134764 0.05303155
v 0.43265390 0.33134782 -0.03108184
v 0.43778250 0.33134782 -0.03210199
v 0.43778250 0.33134782 -0.03210199
v 0.43265390 0.33134782 -0.03108184
v 0.42904884 0.33134764 -0.04129520
v 0.42904884 0.33134764 -0.04129520
v 0.43253177 0.33134764 -0.04477819
v 0.43778250 0.33134782 -0.03210199
v 0.43253177 0.33134764 -0.04477819
v 0.42904884 0.33134764 -0.04129520
v 0.41985559 0.33134764 -0.04510316
v 0.41985559 0.33134764 -0.04510316
v 0.41985559 0.33134764 -0.05002885
v 0.43253177 0.33134764 -0.04477819
v 0.41985559 0.33134782 0.06705289
v 0.41985559 0.33134782 0.07197856
v 0.41985559 0.34751332 0.07197856
v 0.41985559 0.34751332 0.07197856
v 0.41985559 0.34751332 0.06705289
v 0.41985559 0.33134782 0.06705289
v 0.43778250 0.33134764 0.05405170
v 0.43778250 0.31518227 0.05405170
v 0.43253177 0.31518227 0.06672791
v 0.43253177 0.31518227 0.06672791
v 0.43253177 0.33134764 0.06672791
v 0.43778250 0.33134764 0.05405170
v 0.43778250 0.31518227 -0.03210198
v 0.43778250 0.31518227 0.05405170
v 0.43778250 0.33134764 0.05405170
v 0.43778250 0.33134764 0.05405170
v 0.43778250 0.33134782 -0.03210199
v 0.43778250 0.31518227 -0.03210198
v 0.43778250 0.31518227 -0.03210198
v 0.43778250 0.33134782 -0.03210199
v 0.43253177 0.33134764 -0.04477819
v 0.43253177 0.33134764 -0.04477819
v 0.43253177 0.31518227 -0.04477818
v 0.43778250 0.31518227 -0.03210198
v 0.42904884 0.34751311 0.06324492
v 0.42904884 0.33134764 0.06324492
v 0.41985559 0.33134782 0.06705289
v 0.41985559 0.33134782 0.06705289
v 0.41985559 0.34751332 0.06705289
v 0.42904884 0.34751311 0.06324492
v 0.42904884 0.33134764 0.06324492
v 0.42904884 0.34751311 0.06324492
v 0.43265390 0.34751311 0.05303155
v 0.43265390 0.34751311 0.05303155
v 0.43265390 0.33134764 0.05303155
v 0.42904884 0.33134764 0.06324492
v 0.43265390 0.33134782 -0.03108184
v 0.43265390 0.33134764 0.05303155
v 0.43265390 0.34751311 0.05303155
v 0.43265390 0.34751311 0.05303155
v 0.43265390 0.34751332 -0.03108184
v 0.43265390 0.33134782 -0.03108184
v 0.43265390 0.33134782 -0.03108184
v 0.43265390 0.34751332 -0.03108184
v 0.42904884 0.34751311 -0.04129520
v 0.42904884 0.34751311 -0.04129520
v 0.42904884 0.33134764 -0.04129520
v 0.43265390 0.33134782 -0.03108184
v 0.42904884 0.33134764 -0.04129520
v 0.42904884 0.34751311 -0.04129520
v 0.41985559 0.34751311 -0.04510316
v 0.41985559 0.34751311 -0.04510316
v 0.41985559 0.33134764 -0.04510316
v 0.42904884 0.33134764 -0.04129520
v 0.41985559 0.34751332 0.06705289
v 0.41985559 0.34751332 0.07197856
v 0.43253177 0.34751311 0.06672791
v 0.43253177 0.34751311 0.06672791
v 0.42904884 0.34751311 0.06324492
v 0.41985559 0.34751332 0.06705289
v 0.42904884 0.34751311 0.06324492
v 0.43253177 0.34751311 0.06672791
v 0.43778250 0.34751311 0.05405170
v 0.43778250 0.34751311 0.05405170
v 0.43265390 0.34751311 0.05303155
v 0.42904884 0.34751311 0.06324492
v 0.43265390 0.34751311 0.05303155
v 0.43778250 0.34751311 0.05405170
v 0.43778250 0.34751332 -0.03210199
v 0.43778250 0.34751332 -0.03210199
v 0.43265390 0.34751332 -0.03108184
v 0.43265390 0.34751311 0.05303155
v 0.42904884 0.34751311 -0.04129520
v 0.43265390 0.34751332 -0.03108184
v 0.43778250 0.34751332 -0.03210199
v 0.43778250 0.34751332 -0.03210199
v 0.43253177 0.34751311 -0.04477819
v 0.42904884 0.34751311 -0.04129520
v 0.41985559 0.34751311 -0.04510316
v 0.42904884 0.34751311 -0.04129520
v 0.43253177 0.34751311 -0.04477819
v 0.43253177 0.34751311 -0.04477819
v 0.41985559 0.34751311 -0.05002885
v 0.41985559 0.34751311 -0.04510316
v 0.41985559 0.36367878 0.06705289
v 0.42904884 0.36367860 0.06324492
v 0.43253177 0.36367860 0.06672791
v 0.43253177 0.36367860 0.06672791
v 0.41985559 0.36367878 0.07197855
v 0.41985559 0.36367878 0.06705289
v 0.43778250 0.36367860 0.05405169
v 0.43253177 0.36367860 0.06672791
v 0.42904884 0.36367860 0.06324492
v 0.42904884 0.36367860 0.06324492
v 0.43265390 0.36367860 0.05303155
v 0.43778250 0.36367860 0.05405169
v 0.43778250 0.36367878 -0.03210199
v 0.43778250 0.36367860 0.05405169
v 0.43265390 0.36367860 0.05303155
v 0.43265390 0.36367860 0.05303155
v 0.43265390 0.36367878 -0.03108185
v 0.43778250 0.36367878 -0.03210199
v 0.43778250 0.36367878 -0.03210199
v 0.43265390 0.36367878 -0.03108185
v 0.42904884 0.36367860 -0.04129522
v 0.42904884 0.36367860 -0.04129522
v 0.43253177 0.36367860 -0.04477819
v 0.43778250 0.36367878 -0.03210199
v 0.43253177 0.36367860 -0.04477819
v 0.42904884 0.36367860 -0.04129522
v 0.41985559 0.36367860 -0.04510317
v 0.41985559 0.36367860 -0.04510317
v 0.41985559 0.36367860 -0.05002885
v 0.43253177 0.36367860 -0.04477819
v 0.41985559 0.36367878 0.06705289
v 0.41985559 0.36367878 0.07197855
v 0.41985559 0.37984416 0.07197855
v 0.41985559 0.37984416 0.07197855
v 0.41985559 0.37984416 0.06705289
v 0.41985559 0.36367878 0.06705289
v 0.43778250 0.36367860 0.05405169
v 0.43778250 0.34751311 0.05405170
v 0.43253177 0.34751311 0.06672791
v 0.43253177 0.34751311 0.06672791
v 0.43253177 0.36367860 0.06672791
v 0.43778250 0.36367860 0.05405169
v 0.43778250 0.34751332 -0.03210199
v 0.43778250 0.34751311 0.05405170
v 0.43778250 0.36367860 0.05405169
v 0.43778250 0.36367860 0.05405169
v 0.43778250 0.36367878 -0.03210199
v 0.43778250 0.34751332 -0.03210199
v 0.43778250 0.34751332 -0.03210199
v 0.43778250 0.36367878 -0.03210199
v 0.43253177 0.36367860 -0.04477819
v 0.43253177 0.36367860 -0.04477819
v 0.43253177 0.34751311 -0.04477819
v 0.43778250 0.34751332 -0.03210199
v 0.42904884 0.37984407 0.06324492
v 0.42904884 0.36367860 0.06324492
v 0.41985559 0.36367878 0.06705289
v 0.41985559 0.36367878 0.06705289
v 0.41985559 0.37984416 0.06705289
v 0.42904884 0.37984407 0.06324492
v 0.42904884 0.36367860 0.06324492
v 0.42904884 0.37984407 0.06324492
v 0.43265390 0.37984407 0.05303155
v 0.43265390 0.37984407 0.05303155
v 0.43265390 0.36367860 0.05303155
v 0.42904884 0.36367860 0.06324492
v 0.43265390 0.36367878 -0.03108185
v 0.43265390 0.36367860 0.05303155
v 0.43265390 0.37984407 0.05303155
v 0.43265390 0.37984407 0.05303155
v 0.43265390 0.37984416 -0.03108185
v 0.43265390 0.36367878 -0.03108185
v 0.43265390 0.36367878 -0.03108185
v 0.43265390 0.37984416 -0.03108185
v 0.42904884 0.37984407 -0.04129522
v 0.42904884 0.37984407 -0.04129522
v 0.42904884 0.36367860 -0.04129522
v 0.43265390 0.36367878 -0.03108185
v 0.42904884 0.36367860 -0.04129522
v 0.42904884 0.37984407 -0.04129522
v 0.41985559 0.37984407 -0.04510318
v 0.41985559 0.37984407 -0.04510318
v 0.41985559 0.36367860 -0.04510317
v 0.42904884 0.36367860 -0.04129522
v 0.41985559 0.37984416 0.06705289
v 0.41985559 0.37984416 0.07197855
v 0.43253177 0.37984407 0.06672791
v 0.43253177 0.37984407 0.06672791
v 0.42904884 0.37984407 0.06324492
v 0.41985559 0.37984416 0.06705289
v 0.42904884 0.37984407 0.06324492
v 0.43253177 0.37984407 0.06672791
v 0.43778250 0.37984407 0.05405169
v 0.43778250 0.37984407 0.05405169
v 0.43265390 0.37984407 0.05303155
v 0.42904884 0.37984407 0.06324492
v 0.43265390 0.37984407 0.05303155
v 0.43778250 0.37984407 0.05405169
v 0.43778250 0.37984416 -0.03210200
v 0.43778250 0.37984416 -0.03210200
v 0.43265390 0.37984416 -0.03108185
v 0.43265390 0.37984407 0.05303155
v 0.42904884 0.37984407 -0.04129522
v 0.43265390 0.37984416 -0.03108185
v 0.43778250 0.37984416 -0.03210200
v 0.43778250 0.37984416 -0.03210200
v 0.43253177 0.37984407 -0.04477819
v 0.42904884 0.37984407 -0.04129522
v 0.41985559 0.37984407 -0.04510318
v 0.42904884 0.37984407 -0.04129522
v 0.43253177 0.37984407 -0.04477819
v 0.43253177 0.37984407 -0.04477819
v 0.41985559 0.37984407 -0.05002885
v 0.41985559 0.37984407 -0.04510318
v 0.41985559 0.28285134 -0.04510316
v 0.41985559 0.28285134 -0.05002884
v 0.41985559 0.26668587 -0.05002884
v 0.41985559 0.26668587 -0.05002884
v 0.41985559 0.26668587 -0.04510316
v 0.41985559 0.28285134 -0.04510316
v 0.41985559 0.39600962 0.06705289
v 0.42904884 0.39600962 0.06324492
v 0.43253177 0.39600962 0.06672791
v 0.43253177 0.39600962 0.06672791
v 0.41985559 0.39600962 0.07197855
v 0.41985559 0.39600962 0.06705289
v 0.43778250 0.39600962 0.05405169
v 0.43253177 0.39600962 0.06672791
v 0.42904884 0.39600962 0.06324492
v 0.42904884 0.39600962 0.06324492
v 0.43265390 0.39600962 0.05303155
v 0.43778250 0.39600962 0.05405169
v 0.43778250 0.39600962 0.05405169
v 0.43265390 0.39600962 0.05303155
v 0.43265390 0.39600962 -0.03108184
v 0.43265390 0.39600962 -0.03108184
v 0.43778250 0.39600962 -0.03210200
v 0.43778250 0.39600962 0.05405169
v 0.43778250 0.39600962 -0.03210200
v 0.43265390 0.39600962 -0.03108184
v 0.42904884 0.39600962 -0.04129522
v 0.42904884 0.39600962 -0.04129522
v 0.43253177 0.39600962 -0.04477819
v 0.43778250 0.39600962 -0.03210200
v 0.43253177 0.39600962 -0.04477819
v 0.42904884 0.39600962 -0.04129522
v 0.41985559 0.39600962 -0.04510318
v 0.41985559 0.39600962 -0.04510318
v 0.41985559 0.39600962 -0.05002885
v 0.43253177 0.39600962 -0.04477819
v 0.41985559 0.39600962 0.06705289
v 0.41985559 0.39600962 0.07197855
v 0.41985559 0.41217509 0.07197855
v 0.41985559 0.41217509 0.07197855
v 0.41985559 0.41217509 0.06705288
v 0.41985559 0.39600962 0.06705289
v 0.43778250 0.39600962 0.05405169
v 0.43778250 0.37984407 0.05405169
v 0.43253177 0.37984407 0.06672791
v 0.43253177 0.37984407 0.06672791
v 0.43253177 0.39600962 0.06672791
v 0.43778250 0.39600962 0.05405169
v 0.43778250 0.37984416 -0.03210200
v 0.43778250 0.37984407 0.05405169
v 0.43778250 0.39600962 0.05405169
v 0.43778250 0.39600962 0.05405169
v 0.43778250 0.39600962 -0.03210200
v 0.43778250 0.37984416 -0.03210200
v 0.43778250 0.37984416 -0.03210200
v 0.43778250 0.39600962 -0.03210200
v 0.43253177 0.39600962 -0.04477819
v 0.43253177 0.39600962 -0.04477819
v 0.43253177 0.37984407 -0.04477819
v 0.43778250 0.37984416 -0.03210200
v 0.42904884 0.41217509 0.06324491
v 0.42904884 0.39600962 0.06324492
v 0.41985559 0.39600962 0.06705289
v 0.41985559 0.39600962 0.06705289
v 0.41985559 0.41217509 0.06705288
v 0.42904884 0.41217509 0.06324491
v 0.42904884 0.39600962 0.06324492
v 0.42904884 0.41217509 0.06324491
v 0.43265390 0.41217509 0.05303155
v 0.43265390 0.41217509 0.05303155
v 0.43265390 0.39600962 0.05303155
v 0.42904884 0.39600962 0.06324492
v 0.43265390 0.39600962 0.05303155
v 0.43265390 0.41217509 0.05303155
v 0.43265390 0.41217509 -0.03108184
v 0.43265390 0.41217509 -0.03108184
v 0.43265390 0.39600962 -0.03108184
v 0.43265390 0.39600962 0.05303155
v 0.43265390 0.39600962 -0.03108184
v 0.43265390 0.41217509 -0.03108184
v 0.42904884 0.41217509 -0.04129522
v 0.42904884 0.41217509 -0.04129522
v 0.42904884 0.39600962 -0.04129522
v 0.43265390 0.39600962 -0.03108184
v 0.42904884 0.39600962 -0.04129522
v 0.42904884 0.41217509 -0.04129522
v 0.41985559 0.41217509 -0.04510318
v 0.41985559 0.41217509 -0.04510318
v 0.41985559 0.39600962 -0.04510318
v 0.42904884 0.39600962 -0.04129522
v 0.41985559 0.29901680 -0.05002884
v 0.41985559 0.28285134 -0.05002884
v 0.43253177 0.28285134 -0.04477818
v 0.43253177 0.28285134 -0.04477818
v 0.43253177 0.29901680 -0.04477818
v 0.41985559 0.29901680 -0.05002884
v 0.41985559 0.41217509 0.06705288
v 0.41985559 0.41217509 0.07197855
v 0.43253177 0.41217509 0.06672790
v 0.43253177 0.41217509 0.06672790
v 0.42904884 0.41217509 0.06324491
v 0.41985559 0.41217509 0.06705288
v 0.42904884 0.41217509 0.06324491
v 0.43253177 0.41217509 0.06672790
v 0.43778250 0.41217509 0.05405169
v 0.43778250 0.41217509 0.05405169
v 0.43265390 0.41217509 0.05303155
v 0.42904884 0.41217509 0.06324491
v 0.43265390 0.41217509 -0.03108184
v 0.43265390 0.41217509 0.05303155
v 0.43778250 0.41217509 0.05405169
v 0.43778250 0.41217509 0.05405169
v 0.43778250 0.41217509 -0.03210200
v 0.43265390 0.41217509 -0.03108184
v 0.42904884 0.41217509 -0.04129522
v 0.43265390 0.41217509 -0.03108184
v 0.43778250 0.41217509 -0.03210200
v 0.43778250 0.41217509 -0.03210200
v 0.43253177 0.41217509 -0.04477819
v 0.42904884 0.41217509 -0.04129522
v 0.41985559 0.41217509 -0.04510318
v 0.42904884 0.41217509 -0.04129522
v 0.43253177 0.41217509 -0.04477819
v 0.43253177 0.41217509 -0.04477819
v 0.41985559 0.41217509 -0.05002886
v 0.41985559 0.41217509 -0.04510318
v 0.41985559 0.31518227 -0.04510316
v 0.41985559 0.31518227 -0.05002885
v 0.41985559 0.29901680 -0.05002884
v 0.41985559 0.29901680 -0.05002884
v 0.41985559 0.29901680 -0.04510316
v 0.41985559 0.31518227 -0.04510316
v 0.41985559 0.33134764 -0.05002885
v 0.41985559 0.31518227 -0.05002885
v 0.43253177 0.31518227 -0.04477818
v 0.43253177 0.31518227 -0.04477818
v 0.43253177 0.33134764 -0.04477819
v 0.41985559 0.33134764 -0.05002885
v 0.43253177 0.44928318 0.06672790
v 0.43778250 0.44994840 0.05405169
v 0.43778250 0.41217509 0.05405169
v 0.43778250 0.41217509 0.05405169
v 0.43253177 0.41217509 0.06672790
v 0.43253177 0.44928318 0.06672790
v 0.43778250 0.44994840 0.05405169
v 0.43253177 0.44928318 0.06672790
v 0.42840654 0.46530175 0.06672789
v 0.43778250 0.41217509 0.05405169
v 0.43778250 0.44994840 0.05405169
v 0.43778250 0.44994840 -0.03210200
v 0.43778250 0.44994840 -0.03210200
v 0.43778250 0.41217509 -0.03210200
v 0.43778250 0.41217509 0.05405169
v 0.42840654 0.46530175 0.06672789
v 0.43315405 0.46792072 0.05405168
v 0.43778250 0.44994840 0.05405169
v 0.43778250 0.44994840 -0.03210200
v 0.43778250 0.44994840 0.05405169
v 0.43315405 0.46792072 0.05405168
v 0.42042041 0.48142168 0.05405168
v 0.43315405 0.46792072 0.05405168
v 0.42840654 0.46530175 0.06672789
v 0.42840654 0.46530175 0.06672789
v 0.41752845 0.47683534 0.06672789
v 0.42042041 0.48142168 0.05405168
v 0.43778250 0.41217509 -0.03210200
v 0.43778250 0.44994840 -0.03210200
v 0.43253177 0.44928318 -0.04477820
v 0.43253177 0.44928318 -0.04477820
v 0.43253177 0.41217509 -0.04477819
v 0.43778250 0.41217509 -0.03210200
v 0.42840654 0.46530175 -0.04477820
v 0.43253177 0.44928318 -0.04477820
v 0.43778250 0.44994840 -0.03210200
v 0.43315405 0.46792072 -0.03210200
v 0.43315405 0.46792072 0.05405168
v 0.42042041 0.48142168 0.05405168
v 0.43315405 0.46792072 0.05405168
v 0.43315405 0.46792072 -0.03210200
v 0.43778250 0.44994840 -0.03210200
v 0.43778250 0.44994840 -0.03210200
v 0.43315405 0.46792072 -0.03210200
v 0.42840654 0.46530175 -0.04477820
v 0.42042041 0.48142168 0.05405168
v 0.42042041 0.48142168 -0.03210201
v 0.43315405 0.46792072 -0.03210200
v 0.42840654 0.46530175 -0.04477820
v 0.43315405 0.46792072 -0.03210200
v 0.42042041 0.48142168 -0.03210201
v 0.42042041 0.48142168 -0.03210201
v 0.41752845 0.47683534 -0.04477821
v 0.42840654 0.46530175 -0.04477820
v 0.41985559 0.34751311 -0.04510316
v 0.41985559 0.34751311 -0.05002885
v 0.41985559 0.33134764 -0.05002885
v 0.41985559 0.33134764 -0.05002885
v 0.41985559 0.33134764 -0.04510316
v 0.41985559 0.34751311 -0.04510316
v 0.41985559 0.36367860 -0.05002885
v 0.41985559 0.34751311 -0.05002885
v 0.43253177 0.34751311 -0.04477819
v 0.43253177 0.34751311 -0.04477819
v 0.43253177 0.36367860 -0.04477819
v 0.41985559 0.36367860 -0.05002885
v 0.41985559 0.37984407 -0.04510318
v 0.41985559 0.37984407 -0.05002885
v 0.41985559 0.36367860 -0.05002885
v 0.41985559 0.36367860 -0.05002885
v 0.41985559 0.36367860 -0.04510317
v 0.41985559 0.37984407 -0.04510318
v 0.41985559 0.39600962 -0.05002885
v 0.41985559 0.37984407 -0.05002885
v 0.43253177 0.37984407 -0.04477819
v 0.43253177 0.37984407 -0.04477819
v 0.43253177 0.39600962 -0.04477819
v 0.41985559 0.39600962 -0.05002885
v 0.41985559 0.41217509 -0.04510318
v 0.41985559 0.41217509 -0.05002886
v 0.41985559 0.39600962 -0.05002885
v 0.41985559 0.39600962 -0.05002885
v 0.41985559 0.39600962 -0.04510318
v 0.41985559 0.41217509 -0.04510318
v -0.42910752 -0.50000000 -0.04135380
v -0.43253177 -0.49552593 -0.04477809
v -0.43778250 -0.49552593 -0.03210188
v -0.43778250 -0.49552593 -0.03210188
v -0.43330839 -0.50000000 -0.03121194
v -0.42910752 -0.50000000 -0.04135380
v -0.43330839 -0.50000000 0.05316184
v -0.43330839 -0.50000000 -0.03121194
v -0.43778250 -0.49552593 -0.03210188
v -0.43778250 -0.49552593 -0.03210188
v -0.43778250 -0.49552593 0.05405180
v -0.43330839 -0.50000000 0.05316184
v -0.42910752 -0.50000000 0.06330371
v -0.43330839 -0.50000000 0.05316184
v -0.43778250 -0.49552593 0.05405180
v -0.43778250 -0.49552593 0.05405180
v -0.43253177 -0.49552593 0.06672801
v -0.42910752 -0.50000000 0.06330371
v -0.41910782 -0.50000000 -0.03135413
v -0.41910782 -0.50000000 0.05330404
v -0.41463378 -0.49552593 0.04882998
v -0.41463378 -0.49552593 0.04882998
v -0.41463378 -0.49552593 -0.02688007
v -0.41910782 -0.50000000 -0.03135413
v 0.00000000 0.19951017 -0.04493119
v -0.36214253 0.17689079 -0.04493119
v -0.36214253 -0.38111496 -0.04493112
v 0.00000000 0.19951017 -0.04493119
v -0.33952311 0.19951017 -0.04493119
v -0.36214253 0.17689079 -0.04493119
v -0.33952311 0.19951017 -0.04493119
v -0.35551748 0.19288507 -0.04493119
v -0.36214253 0.17689079 -0.04493119
v 0.33952311 0.19951017 -0.04493119
v 0.00000000 0.19951017 -0.04493119
v -0.36214253 -0.38111496 -0.04493112
v 0.33952311 0.19951017 -0.04493119
v -0.36214253 -0.38111496 -0.04493112
v -0.35551748 -0.39710936 -0.04493112
v 0.33952311 0.19951017 -0.04493119
v -0.35551748 -0.39710936 -0.04493112
v -0.33952311 -0.40373442 -0.04493112
v 0.33952311 0.19951017 -0.04493119
v -0.33952311 -0.40373442 -0.04493112
v -0.16976155 -0.40373442 -0.04493112
v 0.33952311 0.19951017 -0.04493119
v -0.16976155 -0.40373442 -0.04493112
v 0.00000000 -0.40373442 -0.04493112
v 0.33952311 0.19951017 -0.04493119
v 0.00000000 -0.40373442 -0.04493112
v 0.16976155 -0.40373442 -0.04493112
v 0.33952311 0.19951017 -0.04493119
v 0.16976155 -0.40373442 -0.04493112
v 0.33952311 -0.40373442 -0.04493112
v 0.35551748 0.19288507 -0.04493119
v 0.33952311 0.19951017 -0.04493119
v 0.33952311 -0.40373442 -0.04493112
v 0.35551748 0.19288507 -0.04493119
v 0.33952311 -0.40373442 -0.04493112
v 0.35551748 -0.39710936 -0.04493112
v 0.35551748 0.19288507 -0.04493119
v 0.35551748 -0.39710936 -0.04493112
v 0.36214253 -0.38111496 -0.04493112
v 0.35551748 0.19288507 -0.04493119
v 0.36214253 -0.38111496 -0.04493112
v 0.36214253 0.17689079 -0.04493119
v -0.37830028 -0.49168062 0.04847327
v 0.37830028 -0.49168062 0.04847327
v 0.37830028 -0.49168062 0.04128352
v 0.37830028 -0.49168062 0.04128352
v -0.37830028 -0.49168062 0.04128352
v -0.37830028 -0.49168062 0.04847327
v -0.39820874 -0.47177219 0.04128352
v -0.39820874 0.19822097 0.04128344
v -0.39820874 0.19822097 0.04847318
v -0.39820874 0.19822097 0.04847318
v -0.39820874 -0.47177219 0.04847327
v -0.39820874 -0.47177219 0.04128352
v -0.39820874 0.19822097 0.04847318
v -0.39820874 0.19822097 0.04128344
v -0.39237773 0.21229829 0.04128344
v -0.39237773 0.21229829 0.04128344
v -0.39237773 0.21229829 0.04847318
v -0.39820874 0.19822097 0.04847318
v 0.39820874 0.19822097 0.04128344
v 0.39820874 -0.47177219 0.04128352
v 0.39820874 -0.47177219 0.04847327
v 0.39820874 -0.47177219 0.04847327
v 0.39820874 0.19822097 0.04847318
v 0.39820874 0.19822097 0.04128344
v 0.39820874 0.19822097 0.04128344
v 0.39820874 0.19822097 0.04847318
v 0.39237773 0.21229829 0.04847318
v 0.39237773 0.21229829 0.04847318
v 0.39237773 0.21229829 0.04128344
v 0.39820874 0.19822097 0.04128344
v 0.39237773 -0.48584983 0.04128352
v 0.39237773 -0.48584983 0.04847327
v 0.39820874 -0.47177219 0.04847327
v 0.39820874 -0.47177219 0.04847327
v 0.39820874 -0.47177219 0.04128352
v 0.39237773 -0.48584983 0.04128352
v 0.37830028 -0.49168062 0.04128352
v 0.37830028 -0.49168062 0.04847327
v 0.39237773 -0.48584983 0.04847327
v 0.39237773 -0.48584983 0.04847327
v 0.39237773 -0.48584983 0.04128352
v 0.37830028 -0.49168062 0.04128352
v -0.39237773 -0.48584983 0.04128352
v -0.39237773 -0.48584983 0.04847327
v -0.37830028 -0.49168062 0.04847327
v -0.37830028 -0.49168062 0.04847327
v -0.37830028 -0.49168062 0.04128352
v -0.39237773 -0.48584983 0.04128352
v -0.39820874 -0.47177219 0.04128352
v -0.39820874 -0.47177219 0.04847327
v -0.39237773 -0.48584983 0.04847327
v -0.39237773 -0.48584983 0.04847327
v -0.39237773 -0.48584983 0.04128352
v -0.39820874 -0.47177219 0.04128352
v -0.39237773 -0.48584983 0.04128352
v -0.37830028 -0.49168062 0.04128352
v -0.39820874 -0.47177219 0.04128352
v 0.37830028 -0.49168062 0.04128352
v 0.39820874 -0.47177219 0.04128352
v -0.39820874 -0.47177219 0.04128352
v -0.39820874 -0.47177219 0.04128352
v -0.37830028 -0.49168062 0.04128352
v 0.37830028 -0.49168062 0.04128352
v -0.39820874 0.19822097 0.04128344
v -0.39820874 -0.47177219 0.04128352
v 0.39820874 -0.47177219 0.04128352
v 0.39820874 -0.47177219 0.04128352
v 0.39820874 0.19822097 0.04128344
v -0.39820874 0.19822097 0.04128344
v -0.37830028 0.21812938 0.04128343
v -0.39820874 0.19822097 0.04128344
v 0.39820874 0.19822097 0.04128344
v -0.39237773 0.21229829 0.04128344
v -0.39820874 0.19822097 0.04128344
v -0.37830028 0.21812938 0.04128343
v 0.39820874 0.19822097 0.04128344
v 0.37830028 0.21812938 0.04128343
v -0.37830028 0.21812938 0.04128343
v 0.39237773 0.21229829 0.04128344
v 0.37830028 0.21812938 0.04128343
v 0.39820874 0.19822097 0.04128344
v 0.39237773 -0.48584983 0.04128352
v 0.39820874 -0.47177219 0.04128352
v 0.37830028 -0.49168062 0.04128352
v 0.32983342 -0.39951855 0.04152510
v 0.32983342 -0.39951855 0.03942554
v 0.34666836 -0.39951855 0.03942554
v 0.34666836 -0.39951855 0.03942554
v 0.34666836 -0.39951855 0.04152510
v 0.32983342 -0.39951855 0.04152510
v 0.32983342 -0.48657224 0.03942555
v 0.32983342 -0.48657224 0.04152511
v 0.34666836 -0.48657224 0.04152511
v 0.34666836 -0.48657224 0.04152511
v 0.34666836 -0.48657224 0.03942555
v 0.32983342 -0.48657224 0.03942555
v 0.32983342 -0.39951855 0.03942554
v 0.32983342 -0.48657224 0.03942555
v 0.34666836 -0.48657224 0.03942555
v 0.34666836 -0.48657224 0.03942555
v 0.34666836 -0.39951855 0.03942554
v 0.32983342 -0.39951855 0.03942554
v 0.32983342 -0.48657224 0.04152511
v 0.32983342 -0.48657224 0.03942555
v 0.32983342 -0.39951855 0.03942554
v 0.32983342 -0.39951855 0.03942554
v 0.32983342 -0.39951855 0.04152510
v 0.32983342 -0.48657224 0.04152511
v 0.34666836 -0.39951855 0.04152510
v 0.34666836 -0.39951855 0.03942554
v 0.34666836 -0.48657224 0.03942555
v 0.34666836 -0.48657224 0.03942555
v 0.34666836 -0.48657224 0.04152511
v 0.34666836 -0.39951855 0.04152510
v 0.30477777 -0.39951855 0.04152510
v 0.30477777 -0.39951855 0.03942554
v 0.32161275 -0.39951855 0.03942554
v 0.32161275 -0.39951855 0.03942554
v 0.32161275 -0.39951855 0.04152510
v 0.30477777 -0.39951855 0.04152510
v 0.30477777 -0.48657224 0.03942555
v 0.30477777 -0.48657224 0.04152511
v 0.32161275 -0.48657224 0.04152511
v 0.32161275 -0.48657224 0.04152511
v 0.32161275 -0.48657224 0.03942555
v 0.30477777 -0.48657224 0.03942555
v 0.30477777 -0.39951855 0.03942554
v 0.30477777 -0.48657224 0.03942555
v 0.32161275 -0.48657224 0.03942555
v 0.32161275 -0.48657224 0.03942555
v 0.32161275 -0.39951855 0.03942554
v 0.30477777 -0.39951855 0.03942554
v 0.30477777 -0.48657224 0.04152511
v 0.30477777 -0.48657224 0.03942555
v 0.30477777 -0.39951855 0.03942554
v 0.30477777 -0.39951855 0.03942554
v 0.30477777 -0.39951855 0.04152510
v 0.30477777 -0.48657224 0.04152511
v 0.32161275 -0.39951855 0.04152510
v 0.32161275 -0.39951855 0.03942554
v 0.32161275 -0.48657224 0.03942555
v 0.32161275 -0.48657224 0.03942555
v 0.32161275 -0.48657224 0.04152511
v 0.32161275 -0.39951855 0.04152510
v 0.27972215 -0.39951855 0.04152510
v 0.27972215 -0.39951855 0.03942554
v 0.29655713 -0.39951855 0.03942554
v 0.29655713 -0.39951855 0.03942554
v 0.29655713 -0.39951855 0.04152510
v 0.27972215 -0.39951855 0.04152510
v 0.27972215 -0.48657224 0.03942555
v 0.27972215 -0.48657224 0.04152511
v 0.29655713 -0.48657224 0.04152511
v 0.29655713 -0.48657224 0.04152511
v 0.29655713 -0.48657224 0.03942555
v 0.27972215 -0.48657224 0.03942555
v 0.27972215 -0.39951855 0.03942554
v 0.27972215 -0.48657224 0.03942555
v 0.29655713 -0.48657224 0.03942555
v 0.29655713 -0.48657224 0.03942555
v 0.29655713 -0.39951855 0.03942554
v 0.27972215 -0.39951855 0.03942554
v 0.27972215 -0.48657224 0.04152511
v 0.27972215 -0.48657224 0.03942555
v 0.27972215 -0.39951855 0.03942554
v 0.27972215 -0.39951855 0.03942554
v 0.27972215 -0.39951855 0.04152510
v 0.27972215 -0.48657224 0.04152511
v 0.29655713 -0.39951855 0.04152510
v 0.29655713 -0.39951855 0.03942554
v 0.29655713 -0.48657224 0.03942555
v 0.29655713 -0.48657224 0.03942555
v 0.29655713 -0.48657224 0.04152511
v 0.29655713 -0.39951855 0.04152510
v 0.25466657 -0.39951855 0.04152510
v 0.25466657 -0.39951855 0.03942554
v 0.27150157 -0.39951855 0.03942554
v 0.27150157 -0.39951855 0.03942554
v 0.27150157 -0.39951855 0.04152510
v 0.25466657 -0.39951855 0.04152510
v 0.25466657 -0.48657224 0.03942555
v 0.25466657 -0.48657224 0.04152511
v 0.27150157 -0.48657224 0.04152511
v 0.27150157 -0.48657224 0.04152511
v 0.27150157 -0.48657224 0.03942555
v 0.25466657 -0.48657224 0.03942555
v 0.25466657 -0.39951855 0.03942554
v 0.25466657 -0.48657224 0.03942555
v 0.27150157 -0.48657224 0.03942555
v 0.27150157 -0.48657224 0.03942555
v 0.27150157 -0.39951855 0.03942554
v 0.25466657 -0.39951855 0.03942554
v 0.25466657 -0.48657224 0.04152511
v 0.25466657 -0.48657224 0.03942555
v 0.25466657 -0.39951855 0.03942554
v 0.25466657 -0.39951855 0.03942554
v 0.25466657 -0.39951855 0.04152510
v 0.25466657 -0.48657224 0.04152511
v 0.27150157 -0.39951855 0.04152510
v 0.27150157 -0.39951855 0.03942554
v 0.27150157 -0.48657224 0.03942555
v 0.27150157 -0.48657224 0.03942555
v 0.27150157 -0.48657224 0.04152511
v 0.27150157 -0.39951855 0.04152510
v 0.22961093 -0.39951855 0.04152510
v 0.22961093 -0.39951855 0.03942554
v 0.24644588 -0.39951855 0.03942554
v 0.24644588 -0.39951855 0.03942554
v 0.24644588 -0.39951855 0.04152510
v 0.22961093 -0.39951855 0.04152510
v 0.22961093 -0.48657224 0.03942555
v 0.22961093 -0.48657224 0.04152511
v 0.24644588 -0.48657224 0.04152511
v 0.24644588 -0.48657224 0.04152511
v 0.24644588 -0.48657224 0.03942555
v 0.22961093 -0.48657224 0.03942555
v 0.22961093 -0.39951855 0.03942554
v 0.22961093 -0.48657224 0.03942555
v 0.24644588 -0.48657224 0.03942555
v 0.24644588 -0.48657224 0.03942555
v 0.24644588 -0.39951855 0.03942554
v 0.22961093 -0.39951855 0.03942554
v 0.22961093 -0.48657224 0.04152511
v 0.22961093 -0.48657224 0.03942555
v 0.22961093 -0.39951855 0.03942554
v 0.22961093 -0.39951855 0.03942554
v 0.22961093 -0.39951855 0.04152510
v 0.22961093 -0.48657224 0.04152511
v 0.24644588 -0.39951855 0.04152510
v 0.24644588 -0.39951855 0.03942554
v 0.24644588 -0.48657224 0.03942555
v 0.24644588 -0.48657224 0.03942555
v 0.24644588 -0.48657224 0.04152511
v 0.24644588 -0.39951855 0.04152510
v 0.20455533 -0.39951855 0.04152510
v 0.20455533 -0.39951855 0.03942554
v 0.22139026 -0.39951855 0.03942554
v 0.22139026 -0.39951855 0.03942554
v 0.22139026 -0.39951855 0.04152510
v 0.20455533 -0.39951855 0.04152510
v 0.20455533 -0.48657224 0.03942555
v 0.20455533 -0.48657224 0.04152511
v 0.22139026 -0.48657224 0.04152511
v 0.22139026 -0.48657224 0.04152511
v 0.22139026 -0.48657224 0.03942555
v 0.20455533 -0.48657224 0.03942555
v 0.20455533 -0.39951855 0.03942554
v 0.20455533 -0.48657224 0.03942555
v 0.22139026 -0.48657224 0.03942555
v 0.22139026 -0.48657224 0.03942555
v 0.22139026 -0.39951855 0.03942554
v 0.20455533 -0.39951855 0.03942554
v 0.20455533 -0.48657224 0.04152511
v 0.20455533 -0.48657224 0.03942555
v 0.20455533 -0.39951855 0.03942554
v 0.20455533 -0.39951855 0.03942554
v 0.20455533 -0.39951855 0.04152510
v 0.20455533 -0.48657224 0.04152511
v 0.22139026 -0.39951855 0.04152510
v 0.22139026 -0.39951855 0.03942554
v 0.22139026 -0.48657224 0.03942555
v 0.22139026 -0.48657224 0.03942555
v 0.22139026 -0.48657224 0.04152511
v 0.22139026 -0.39951855 0.04152510
v 0.17949969 -0.39951855 0.04152510
v 0.17949969 -0.39951855 0.03942554
v 0.19633466 -0.39951855 0.03942554
v 0.19633466 -0.39951855 0.03942554
v 0.19633466 -0.39951855 0.04152510
v 0.17949969 -0.39951855 0.04152510
v 0.17949969 -0.48657224 0.03942555
v 0.17949969 -0.48657224 0.04152511
v 0.19633466 -0.48657224 0.04152511
v 0.19633466 -0.48657224 0.04152511
v 0.19633466 -0.48657224 0.03942555
v 0.17949969 -0.48657224 0.03942555
v 0.17949969 -0.39951855 0.03942554
v 0.17949969 -0.48657224 0.03942555
v 0.19633466 -0.48657224 0.03942555
v 0.19633466 -0.48657224 0.03942555
v 0.19633466 -0.39951855 0.03942554
v 0.17949969 -0.39951855 0.03942554
v 0.17949969 -0.48657224 0.04152511
v 0.17949969 -0.48657224 0.03942555
v 0.17949969 -0.39951855 0.03942554
v 0.17949969 -0.39951855 0.03942554
v 0.17949969 -0.39951855 0.04152510
v 0.17949969 -0.48657224 0.04152511
v 0.19633466 -0.39951855 0.04152510
v 0.19633466 -0.39951855 0.03942554
v 0.19633466 -0.48657224 0.03942555
v 0.19633466 -0.48657224 0.03942555
v 0.19633466 -0.48657224 0.04152511
v 0.19633466 -0.39951855 0.04152510
v 0.15444404 -0.39951855 0.04152510
v 0.15444404 -0.39951855 0.03942554
v 0.17127904 -0.39951855 0.03942554
v 0.17127904 -0.39951855 0.03942554
v 0.17127904 -0.39951855 0.04152510
v 0.15444404 -0.39951855 0.04152510
v 0.15444404 -0.48657224 0.03942555
v 0.15444404 -0.48657224 0.04152511
v 0.17127904 -0.48657224 0.04152511
v 0.17127904 -0.48657224 0.04152511
v 0.17127904 -0.48657224 0.03942555
v 0.15444404 -0.48657224 0.03942555
v 0.15444404 -0.39951855 0.03942554
v 0.15444404 -0.48657224 0.03942555
v 0.17127904 -0.48657224 0.03942555
v 0.17127904 -0.48657224 0.03942555
v 0.17127904 -0.39951855 0.03942554
v 0.15444404 -0.39951855 0.03942554
v 0.15444404 -0.48657224 0.04152511
v 0.15444404 -0.48657224 0.03942555
v 0.15444404 -0.39951855 0.03942554
v 0.15444404 -0.39951855 0.03942554
v 0.15444404 -0.39951855 0.04152510
v 0.15444404 -0.48657224 0.04152511
v 0.17127904 -0.39951855 0.04152510
v 0.17127904 -0.39951855 0.03942554
v 0.17127904 -0.48657224 0.03942555
v 0.17127904 -0.48657224 0.03942555
v 0.17127904 -0.48657224 0.04152511
v 0.17127904 -0.39951855 0.04152510
v 0.12938844 -0.39951855 0.04152510
v 0.12938844 -0.39951855 0.03942554
v 0.14622346 -0.39951855 0.03942554
v 0.14622346 -0.39951855 0.03942554
v 0.14622346 -0.39951855 0.04152510
v 0.12938844 -0.39951855 0.04152510
v 0.12938844 -0.48657224 0.03942555
v 0.12938844 -0.48657224 0.04152511
v 0.14622346 -0.48657224 0.04152511
v 0.14622346 -0.48657224 0.04152511
v 0.14622346 -0.48657224 0.03942555
v 0.12938844 -0.48657224 0.03942555
v 0.12938844 -0.39951855 0.03942554
v 0.12938844 -0.48657224 0.03942555
v 0.14622346 -0.48657224 0.03942555
v 0.14622346 -0.48657224 0.03942555
v 0.14622346 -0.39951855 0.03942554
v 0.12938844 -0.39951855 0.03942554
v 0.12938844 -0.48657224 0.04152511
v 0.12938844 -0.48657224 0.03942555
v 0.12938844 -0.39951855 0.03942554
v 0.12938844 -0.39951855 0.03942554
v 0.12938844 -0.39951855 0.04152510
v 0.12938844 -0.48657224 0.04152511
v 0.14622346 -0.39951855 0.04152510
v 0.14622346 -0.39951855 0.03942554
v 0.14622346 -0.48657224 0.03942555
v 0.14622346 -0.48657224 0.03942555
v 0.14622346 -0.48657224 0.04152511
v 0.14622346 -0.39951855 0.04152510
v 0.10433282 -0.39951855 0.04152510
v 0.10433282 -0.39951855 0.03942554
v 0.12116782 -0.39951855 0.03942554
v 0.12116782 -0.39951855 0.03942554
v 0.12116782 -0.39951855 0.04152510
v 0.10433282 -0.39951855 0.04152510
v 0.10433282 -0.48657224 0.03942555
v 0.10433282 -0.48657224 0.04152511
v 0.12116782 -0.48657224 0.04152511
v 0.12116782 -0.48657224 0.04152511
v 0.12116782 -0.48657224 0.03942555
v 0.10433282 -0.48657224 0.03942555
v 0.10433282 -0.39951855 0.03942554
v 0.10433282 -0.48657224 0.03942555
v 0.12116782 -0.48657224 0.03942555
v 0.12116782 -0.48657224 0.03942555
v 0.12116782 -0.39951855 0.03942554
v 0.10433282 -0.39951855 0.03942554
v 0.10433282 -0.48657224 0.04152511
v 0.10433282 -0.48657224 0.03942555
v 0.10433282 -0.39951855 0.03942554
v 0.10433282 -0.39951855 0.03942554
v 0.10433282 -0.39951855 0.04152510
v 0.10433282 -0.48657224 0.04152511
v 0.12116782 -0.39951855 0.04152510
v 0.12116782 -0.39951855 0.03942554
v 0.12116782 -0.48657224 0.03942555
v 0.12116782 -0.48657224 0.03942555
v 0.12116782 -0.48657224 0.04152511
v 0.12116782 -0.39951855 0.04152510
v 0.07927720 -0.39951855 0.04152510
v 0.07927720 -0.39951855 0.03942554
v 0.09611220 -0.39951855 0.03942554
v 0.09611220 -0.39951855 0.03942554
v 0.09611220 -0.39951855 0.04152510
v 0.07927720 -0.39951855 0.04152510
v 0.07927720 -0.48657224 0.03942555
v 0.07927720 -0.48657224 0.04152511
v 0.09611220 -0.48657224 0.04152511
v 0.09611220 -0.48657224 0.04152511
v 0.09611220 -0.48657224 0.03942555
v 0.07927720 -0.48657224 0.03942555
v 0.07927720 -0.39951855 0.03942554
v 0.07927720 -0.48657224 0.03942555
v 0.09611220 -0.48657224 0.03942555
v 0.09611220 -0.48657224 0.03942555
v 0.09611220 -0.39951855 0.03942554
v 0.07927720 -0.39951855 0.03942554
v 0.07927720 -0.48657224 0.04152511
v 0.07927720 -0.48657224 0.03942555
v 0.07927720 -0.39951855 0.03942554
v 0.07927720 -0.39951855 0.03942554
v 0.07927720 -0.39951855 0.04152510
v 0.07927720 -0.48657224 0.04152511
v 0.09611220 -0.39951855 0.04152510
v 0.09611220 -0.39951855 0.03942554
v 0.09611220 -0.48657224 0.03942555
v 0.09611220 -0.48657224 0.03942555
v 0.09611220 -0.48657224 0.04152511
v 0.09611220 -0.39951855 0.04152510
v 0.05422156 -0.39951855 0.04152510
v 0.05422156 -0.39951855 0.03942554
v 0.07105658 -0.39951855 0.03942554
v 0.07105658 -0.39951855 0.03942554
v 0.07105658 -0.39951855 0.04152510
v 0.05422156 -0.39951855 0.04152510
v 0.05422156 -0.48657224 0.03942555
v 0.05422156 -0.48657224 0.04152511
v 0.07105658 -0.48657224 0.04152511
v 0.07105658 -0.48657224 0.04152511
v 0.07105658 -0.48657224 0.03942555
v 0.05422156 -0.48657224 0.03942555
v 0.05422156 -0.39951855 0.03942554
v 0.05422156 -0.48657224 0.03942555
v 0.07105658 -0.48657224 0.03942555
v 0.07105658 -0.48657224 0.03942555
v 0.07105658 -0.39951855 0.03942554
v 0.05422156 -0.39951855 0.03942554
v 0.05422156 -0.48657224 0.04152511
v 0.05422156 -0.48657224 0.03942555
v 0.05422156 -0.39951855 0.03942554
v 0.05422156 -0.39951855 0.03942554
v 0.05422156 -0.39951855 0.04152510
v 0.05422156 -0.48657224 0.04152511
v 0.07105658 -0.39951855 0.04152510
v 0.07105658 -0.39951855 0.03942554
v 0.07105658 -0.48657224 0.03942555
v 0.07105658 -0.48657224 0.03942555
v 0.07105658 -0.48657224 0.04152511
v 0.07105658 -0.39951855 0.04152510
v 0.02916595 -0.39951855 0.04152510
v 0.02916595 -0.39951855 0.03942554
v 0.04600098 -0.39951855 0.03942554
v 0.04600098 -0.39951855 0.03942554
v 0.04600098 -0.39951855 0.04152510
v 0.02916595 -0.39951855 0.04152510
v 0.02916595 -0.48657224 0.03942555
v 0.02916595 -0.48657224 0.04152511
v 0.04600098 -0.48657224 0.04152511
v 0.04600098 -0.48657224 0.04152511
v 0.04600098 -0.48657224 0.03942555
v 0.02916595 -0.48657224 0.03942555
v 0.02916595 -0.39951855 0.03942554
v 0.02916595 -0.48657224 0.03942555
v 0.04600098 -0.48657224 0.03942555
v 0.04600098 -0.48657224 0.03942555
v 0.04600098 -0.39951855 0.03942554
v 0.02916595 -0.39951855 0.03942554
v 0.02916595 -0.48657224 0.04152511
v 0.02916595 -0.48657224 0.03942555
v 0.02916595 -0.39951855 0.03942554
v 0.02916595 -0.39951855 0.03942554
v 0.02916595 -0.39951855 0.04152510
v 0.02916595 -0.48657224 0.04152511
v 0.04600098 -0.39951855 0.04152510
v 0.04600098 -0.39951855 0.03942554
v 0.04600098 -0.48657224 0.03942555
v 0.04600098 -0.48657224 0.03942555
v 0.04600098 -0.48657224 0.04152511
v 0.04600098 -0.39951855 0.04152510
v 0.00411034 -0.39951855 0.04152510
v 0.00411034 -0.39951855 0.03942554
v 0.02094534 -0.39951855 0.03942554
v 0.02094534 -0.39951855 0.03942554
v 0.02094534 -0.39951855 0.04152510
v 0.00411034 -0.39951855 0.04152510
v 0.00411034 -0.48657224 0.03942555
v 0.00411034 -0.48657224 0.04152511
v 0.02094534 -0.48657224 0.04152511
v 0.02094534 -0.48657224 0.04152511
v 0.02094534 -0.48657224 0.03942555
v 0.00411034 -0.48657224 0.03942555
v 0.00411034 -0.39951855 0.03942554
v 0.00411034 -0.48657224 0.03942555
v 0.02094534 -0.48657224 0.03942555
v 0.02094534 -0.48657224 0.03942555
v 0.02094534 -0.39951855 0.03942554
v 0.00411034 -0.39951855 0.03942554
v 0.00411034 -0.48657224 0.04152511
v 0.00411034 -0.48657224 0.03942555
v 0.00411034 -0.39951855 0.03942554
v 0.00411034 -0.39951855 0.03942554
v 0.00411034 -0.39951855 0.04152510
v 0.00411034 -0.48657224 0.04152511
v 0.02094534 -0.39951855 0.04152510
v 0.02094534 -0.39951855 0.03942554
v 0.02094534 -0.48657224 0.03942555
v 0.02094534 -0.48657224 0.03942555
v 0.02094534 -0.48657224 0.04152511
v 0.02094534 -0.39951855 0.04152510
v -0.02094528 -0.39951855 0.04152510
v -0.02094528 -0.39951855 0.03942554
v -0.00411028 -0.39951855 0.03942554
v -0.00411028 -0.39951855 0.03942554
v -0.00411028 -0.39951855 0.04152510
v -0.02094528 -0.39951855 0.04152510
v -0.02094528 -0.48657224 0.03942555
v -0.02094528 -0.48657224 0.04152511
v -0.00411028 -0.48657224 0.04152511
v -0.00411028 -0.48657224 0.04152511
v -0.00411028 -0.48657224 0.03942555
v -0.02094528 -0.48657224 0.03942555
v -0.02094528 -0.39951855 0.03942554
v -0.02094528 -0.48657224 0.03942555
v -0.00411028 -0.48657224 0.03942555
v -0.00411028 -0.48657224 0.03942555
v -0.00411028 -0.39951855 0.03942554
v -0.02094528 -0.39951855 0.03942554
v -0.02094528 -0.48657224 0.04152511
v -0.02094528 -0.48657224 0.03942555
v -0.02094528 -0.39951855 0.03942554
v -0.02094528 -0.39951855 0.03942554
v -0.02094528 -0.39951855 0.04152510
v -0.02094528 -0.48657224 0.04152511
v -0.00411028 -0.39951855 0.04152510
v -0.00411028 -0.39951855 0.03942554
v -0.00411028 -0.48657224 0.03942555
v -0.00411028 -0.48657224 0.03942555
v -0.00411028 -0.48657224 0.04152511
v -0.00411028 -0.39951855 0.04152510
v -0.04600090 -0.39951855 0.04152510
v -0.04600090 -0.39951855 0.03942554
v -0.02916590 -0.39951855 0.03942554
v -0.02916590 -0.39951855 0.03942554
v -0.02916590 -0.39951855 0.04152510
v -0.04600090 -0.39951855 0.04152510
v -0.04600090 -0.48657224 0.03942555
v -0.04600090 -0.48657224 0.04152511
v -0.02916590 -0.48657224 0.04152511
v -0.02916590 -0.48657224 0.04152511
v -0.02916590 -0.48657224 0.03942555
v -0.04600090 -0.48657224 0.03942555
v -0.04600090 -0.39951855 0.03942554
v -0.04600090 -0.48657224 0.03942555
v -0.02916590 -0.48657224 0.03942555
v -0.02916590 -0.48657224 0.03942555
v -0.02916590 -0.39951855 0.03942554
v -0.04600090 -0.39951855 0.03942554
v -0.04600090 -0.48657224 0.04152511
v -0.04600090 -0.48657224 0.03942555
v -0.04600090 -0.39951855 0.03942554
v -0.04600090 -0.39951855 0.03942554
v -0.04600090 -0.39951855 0.04152510
v -0.04600090 -0.48657224 0.04152511
v -0.02916590 -0.39951855 0.04152510
v -0.02916590 -0.39951855 0.03942554
v -0.02916590 -0.48657224 0.03942555
v -0.02916590 -0.48657224 0.03942555
v -0.02916590 -0.48657224 0.04152511
v -0.02916590 -0.39951855 0.04152510
v -0.07105654 -0.39951855 0.04152510
v -0.07105654 -0.39951855 0.03942554
v -0.05422152 -0.39951855 0.03942554
v -0.05422152 -0.39951855 0.03942554
v -0.05422152 -0.39951855 0.04152510
v -0.07105654 -0.39951855 0.04152510
v -0.07105654 -0.48657224 0.03942555
v -0.07105654 -0.48657224 0.04152511
v -0.05422152 -0.48657224 0.04152511
v -0.05422152 -0.48657224 0.04152511
v -0.05422152 -0.48657224 0.03942555
v -0.07105654 -0.48657224 0.03942555
v -0.07105654 -0.39951855 0.03942554
v -0.07105654 -0.48657224 0.03942555
v -0.05422152 -0.48657224 0.03942555
v -0.05422152 -0.48657224 0.03942555
v -0.05422152 -0.39951855 0.03942554
v -0.07105654 -0.39951855 0.03942554
v -0.07105654 -0.48657224 0.04152511
v -0.07105654 -0.48657224 0.03942555
v -0.07105654 -0.39951855 0.03942554
v -0.07105654 -0.39951855 0.03942554
v -0.07105654 -0.39951855 0.04152510
v -0.07105654 -0.48657224 0.04152511
v -0.05422152 -0.39951855 0.04152510
v -0.05422152 -0.39951855 0.03942554
v -0.05422152 -0.48657224 0.03942555
v -0.05422152 -0.48657224 0.03942555
v -0.05422152 -0.48657224 0.04152511
v -0.05422152 -0.39951855 0.04152510
v -0.09611213 -0.39951855 0.04152510
v -0.09611213 -0.39951855 0.03942554
v -0.07927714 -0.39951855 0.03942554
v -0.07927714 -0.39951855 0.03942554
v -0.07927714 -0.39951855 0.04152510
v -0.09611213 -0.39951855 0.04152510
v -0.09611213 -0.48657224 0.03942555
v -0.09611213 -0.48657224 0.04152511
v -0.07927714 -0.48657224 0.04152511
v -0.07927714 -0.48657224 0.04152511
v -0.07927714 -0.48657224 0.03942555
v -0.09611213 -0.48657224 0.03942555
v -0.09611213 -0.39951855 0.03942554
v -0.09611213 -0.48657224 0.03942555
v -0.07927714 -0.48657224 0.03942555
v -0.07927714 -0.48657224 0.03942555
v -0.07927714 -0.39951855 0.03942554
v -0.09611213 -0.39951855 0.03942554
v -0.09611213 -0.48657224 0.04152511
v -0.09611213 -0.48657224 0.03942555
v -0.09611213 -0.39951855 0.03942554
v -0.09611213 -0.39951855 0.03942554
v -0.09611213 -0.39951855 0.04152510
v -0.09611213 -0.48657224 0.04152511
v -0.07927714 -0.39951855 0.04152510
v -0.07927714 -0.39951855 0.03942554
v -0.07927714 -0.48657224 0.03942555
v -0.07927714 -0.48657224 0.03942555
v -0.07927714 -0.48657224 0.04152511
v -0.07927714 -0.39951855 0.04152510
v -0.12116778 -0.39951855 0.04152510
v -0.12116778 -0.39951855 0.03942554
v -0.10433277 -0.39951855 0.03942554
v -0.10433277 -0.39951855 0.03942554
v -0.10433277 -0.39951855 0.04152510
v -0.12116778 -0.39951855 0.04152510
v -0.12116778 -0.48657224 0.03942555
v -0.12116778 -0.48657224 0.04152511
v -0.10433277 -0.48657224 0.04152511
v -0.10433277 -0.48657224 0.04152511
v -0.10433277 -0.48657224 0.03942555
v -0.12116778 -0.48657224 0.03942555
v -0.12116778 -0.39951855 0.03942554
v -0.12116778 -0.48657224 0.03942555
v -0.10433277 -0.48657224 0.03942555
v -0.10433277 -0.48657224 0.03942555
v -0.10433277 -0.39951855 0.03942554
v -0.12116778 -0.39951855 0.03942554
v -0.12116778 -0.48657224 0.04152511
v -0.12116778 -0.48657224 0.03942555
v -0.12116778 -0.39951855 0.03942554
v -0.12116778 -0.39951855 0.03942554
v -0.12116778 -0.39951855 0.04152510
v -0.12116778 -0.48657224 0.04152511
v -0.10433277 -0.39951855 0.04152510
v -0.10433277 -0.39951855 0.03942554
v -0.10433277 -0.48657224 0.03942555
v -0.10433277 -0.48657224 0.03942555
v -0.10433277 -0.48657224 0.04152511
v -0.10433277 -0.39951855 0.04152510
v -0.14622340 -0.39951855 0.04152510
v -0.14622340 -0.39951855 0.03942554
v -0.12938839 -0.39951855 0.03942554
v -0.12938839 -0.39951855 0.03942554
v -0.12938839 -0.39951855 0.04152510
v -0.14622340 -0.39951855 0.04152510
v -0.14622340 -0.48657224 0.03942555
v -0.14622340 -0.48657224 0.04152511
v -0.12938839 -0.48657224 0.04152511
v -0.12938839 -0.48657224 0.04152511
v -0.12938839 -0.48657224 0.03942555
v -0.14622340 -0.48657224 0.03942555
v -0.14622340 -0.39951855 0.03942554
v -0.14622340 -0.48657224 0.03942555
v -0.12938839 -0.48657224 0.03942555
v -0.12938839 -0.48657224 0.03942555
v -0.12938839 -0.39951855 0.03942554
v -0.14622340 -0.39951855 0.03942554
v -0.14622340 -0.48657224 0.04152511
v -0.14622340 -0.48657224 0.03942555
v -0.14622340 -0.39951855 0.03942554
v -0.14622340 -0.39951855 0.03942554
v -0.14622340 -0.39951855 0.04152510
v -0.14622340 -0.48657224 0.04152511
v -0.12938839 -0.39951855 0.04152510
v -0.12938839 -0.39951855 0.03942554
v -0.12938839 -0.48657224 0.03942555
v -0.12938839 -0.48657224 0.03942555
v -0.12938839 -0.48657224 0.04152511
v -0.12938839 -0.39951855 0.04152510
v -0.17127903 -0.39951855 0.04152510
v -0.17127903 -0.39951855 0.03942554
v -0.15444402 -0.39951855 0.03942554
v -0.15444402 -0.39951855 0.03942554
v -0.15444402 -0.39951855 0.04152510
v -0.17127903 -0.39951855 0.04152510
v -0.17127903 -0.48657224 0.03942555
v -0.17127903 -0.48657224 0.04152511
v -0.15444402 -0.48657224 0.04152511
v -0.15444402 -0.48657224 0.04152511
v -0.15444402 -0.48657224 0.03942555
v -0.17127903 -0.48657224 0.03942555
v -0.17127903 -0.39951855 0.03942554
v -0.17127903 -0.48657224 0.03942555
v -0.15444402 -0.48657224 0.03942555
v -0.15444402 -0.48657224 0.03942555
v -0.15444402 -0.39951855 0.03942554
v -0.17127903 -0.39951855 0.03942554
v -0.17127903 -0.48657224 0.04152511
v -0.17127903 -0.48657224 0.03942555
v -0.17127903 -0.39951855 0.03942554
v -0.17127903 -0.39951855 0.03942554
v -0.17127903 -0.39951855 0.04152510
v -0.17127903 -0.48657224 0.04152511
v -0.15444402 -0.39951855 0.04152510
v -0.15444402 -0.39951855 0.03942554
v -0.15444402 -0.48657224 0.03942555
v -0.15444402 -0.48657224 0.03942555
v -0.15444402 -0.48657224 0.04152511
v -0.15444402 -0.39951855 0.04152510
v -0.19633463 -0.39951855 0.04152510
v -0.19633463 -0.39951855 0.03942554
v -0.17949964 -0.39951855 0.03942554
v -0.17949964 -0.39951855 0.03942554
v -0.17949964 -0.39951855 0.04152510
v -0.19633463 -0.39951855 0.04152510
v -0.19633463 -0.48657224 0.03942555
v -0.19633463 -0.48657224 0.04152511
v -0.17949964 -0.48657224 0.04152511
v -0.17949964 -0.48657224 0.04152511
v -0.17949964 -0.48657224 0.03942555
v -0.19633463 -0.48657224 0.03942555
v -0.19633463 -0.39951855 0.03942554
v -0.19633463 -0.48657224 0.03942555
v -0.17949964 -0.48657224 0.03942555
v -0.17949964 -0.48657224 0.03942555
v -0.17949964 -0.39951855 0.03942554
v -0.19633463 -0.39951855 0.03942554
v -0.19633463 -0.48657224 0.04152511
v -0.19633463 -0.48657224 0.03942555
v -0.19633463 -0.39951855 0.03942554
v -0.19633463 -0.39951855 0.03942554
v -0.19633463 -0.39951855 0.04152510
v -0.19633463 -0.48657224 0.04152511
v -0.17949964 -0.39951855 0.04152510
v -0.17949964 -0.39951855 0.03942554
v -0.17949964 -0.48657224 0.03942555
v -0.17949964 -0.48657224 0.03942555
v -0.17949964 -0.48657224 0.04152511
v -0.17949964 -0.39951855 0.04152510
v -0.22139026 -0.39951855 0.04152510
v -0.22139026 -0.39951855 0.03942554
v -0.20455526 -0.39951855 0.03942554
v -0.20455526 -0.39951855 0.03942554
v -0.20455526 -0.39951855 0.04152510
v -0.22139026 -0.39951855 0.04152510
v -0.22139026 -0.48657224 0.03942555
v -0.22139026 -0.48657224 0.04152511
v -0.20455526 -0.48657224 0.04152511
v -0.20455526 -0.48657224 0.04152511
v -0.20455526 -0.48657224 0.03942555
v -0.22139026 -0.48657224 0.03942555
v -0.22139026 -0.39951855 0.03942554
v -0.22139026 -0.48657224 0.03942555
v -0.20455526 -0.48657224 0.03942555
v -0.20455526 -0.48657224 0.03942555
v -0.20455526 -0.39951855 0.03942554
v -0.22139026 -0.39951855 0.03942554
v -0.22139026 -0.48657224 0.04152511
v -0.22139026 -0.48657224 0.03942555
v -0.22139026 -0.39951855 0.03942554
v -0.22139026 -0.39951855 0.03942554
v -0.22139026 -0.39951855 0.04152510
v -0.22139026 -0.48657224 0.04152511
v -0.20455526 -0.39951855 0.04152510
v -0.20455526 -0.39951855 0.03942554
v -0.20455526 -0.48657224 0.03942555
v -0.20455526 -0.48657224 0.03942555
v -0.20455526 -0.48657224 0.04152511
v -0.20455526 -0.39951855 0.04152510
v -0.24644588 -0.39951855 0.04152510
v -0.24644588 -0.39951855 0.03942554
v -0.22961086 -0.39951855 0.03942554
v -0.22961086 -0.39951855 0.03942554
v -0.22961086 -0.39951855 0.04152510
v -0.24644588 -0.39951855 0.04152510
v -0.24644588 -0.48657224 0.03942555
v -0.24644588 -0.48657224 0.04152511
v -0.22961086 -0.48657224 0.04152511
v -0.22961086 -0.48657224 0.04152511
v -0.22961086 -0.48657224 0.03942555
v -0.24644588 -0.48657224 0.03942555
v -0.24644588 -0.39951855 0.03942554
v -0.24644588 -0.48657224 0.03942555
v -0.22961086 -0.48657224 0.03942555
v -0.22961086 -0.48657224 0.03942555
v -0.22961086 -0.39951855 0.03942554
v -0.24644588 -0.39951855 0.03942554
v -0.24644588 -0.48657224 0.04152511
v -0.24644588 -0.48657224 0.03942555
v -0.24644588 -0.39951855 0.03942554
v -0.24644588 -0.39951855 0.03942554
v -0.24644588 -0.39951855 0.04152510
v -0.24644588 -0.48657224 0.04152511
v -0.22961086 -0.39951855 0.04152510
v -0.22961086 -0.39951855 0.03942554
v -0.22961086 -0.48657224 0.03942555
v -0.22961086 -0.48657224 0.03942555
v -0.22961086 -0.48657224 0.04152511
v -0.22961086 -0.39951855 0.04152510
v -0.27150148 -0.39951855 0.04152510
v -0.27150148 -0.39951855 0.03942554
v -0.25466657 -0.39951855 0.03942554
v -0.25466657 -0.39951855 0.03942554
v -0.25466657 -0.39951855 0.04152510
v -0.27150148 -0.39951855 0.04152510
v -0.27150148 -0.48657224 0.03942555
v -0.27150148 -0.48657224 0.04152511
v -0.25466657 -0.48657224 0.04152511
v -0.25466657 -0.48657224 0.04152511
v -0.25466657 -0.48657224 0.03942555
v -0.27150148 -0.48657224 0.03942555
v -0.27150148 -0.39951855 0.03942554
v -0.27150148 -0.48657224 0.03942555
v -0.25466657 -0.48657224 0.03942555
v -0.25466657 -0.48657224 0.03942555
v -0.25466657 -0.39951855 0.03942554
v -0.27150148 -0.39951855 0.03942554
v -0.27150148 -0.48657224 0.04152511
v -0.27150148 -0.48657224 0.03942555
v -0.27150148 -0.39951855 0.03942554
v -0.27150148 -0.39951855 0.03942554
v -0.27150148 -0.39951855 0.04152510
v -0.27150148 -0.48657224 0.04152511
v -0.25466657 -0.39951855 0.04152510
v -0.25466657 -0.39951855 0.03942554
v -0.25466657 -0.48657224 0.03942555
v -0.25466657 -0.48657224 0.03942555
v -0.25466657 -0.48657224 0.04152511
v -0.25466657 -0.39951855 0.04152510
v -0.29655713 -0.39951855 0.04152510
v -0.29655713 -0.39951855 0.03942554
v -0.27972215 -0.39951855 0.03942554
v -0.27972215 -0.39951855 0.03942554
v -0.27972215 -0.39951855 0.04152510
v -0.29655713 -0.39951855 0.04152510
v -0.29655713 -0.48657224 0.03942555
v -0.29655713 -0.48657224 0.04152511
v -0.27972215 -0.48657224 0.04152511
v -0.27972215 -0.48657224 0.04152511
v -0.27972215 -0.48657224 0.03942555
v -0.29655713 -0.48657224 0.03942555
v -0.29655713 -0.39951855 0.03942554
v -0.29655713 -0.48657224 0.03942555
v -0.27972215 -0.48657224 0.03942555
v -0.27972215 -0.48657224 0.03942555
v -0.27972215 -0.39951855 0.03942554
v -0.29655713 -0.39951855 0.03942554
v -0.29655713 -0.48657224 0.04152511
v -0.29655713 -0.48657224 0.03942555
v -0.29655713 -0.39951855 0.03942554
v -0.29655713 -0.39951855 0.03942554
v -0.29655713 -0.39951855 0.04152510
v -0.29655713 -0.48657224 0.04152511
v -0.27972215 -0.39951855 0.04152510
v -0.27972215 -0.39951855 0.03942554
v -0.27972215 -0.48657224 0.03942555
v -0.27972215 -0.48657224 0.03942555
v -0.27972215 -0.48657224 0.04152511
v -0.27972215 -0.39951855 0.04152510
v -0.32161275 -0.39951855 0.04152510
v -0.32161275 -0.39951855 0.03942554
v -0.30477774 -0.39951855 0.03942554
v -0.30477774 -0.39951855 0.03942554
v -0.30477774 -0.39951855 0.04152510
v -0.32161275 -0.39951855 0.04152510
v -0.32161275 -0.48657224 0.03942555
v -0.32161275 -0.48657224 0.04152511
v -0.30477774 -0.48657224 0.04152511
v -0.30477774 -0.48657224 0.04152511
v -0.30477774 -0.48657224 0.03942555
v -0.32161275 -0.48657224 0.03942555
v -0.32161275 -0.39951855 0.03942554
v -0.32161275 -0.48657224 0.03942555
v -0.30477774 -0.48657224 0.03942555
v -0.30477774 -0.48657224 0.03942555
v -0.30477774 -0.39951855 0.03942554
v -0.32161275 -0.39951855 0.03942554
v -0.32161275 -0.48657224 0.04152511
v -0.32161275 -0.48657224 0.03942555
v -0.32161275 -0.39951855 0.03942554
v -0.32161275 -0.39951855 0.03942554
v -0.32161275 -0.39951855 0.04152510
v -0.32161275 -0.48657224 0.04152511
v -0.30477774 -0.39951855 0.04152510
v -0.30477774 -0.39951855 0.03942554
v -0.30477774 -0.48657224 0.03942555
v -0.30477774 -0.48657224 0.03942555
v -0.30477774 -0.48657224 0.04152511
v -0.30477774 -0.39951855 0.04152510
v -0.34666830 -0.39951855 0.04152510
v -0.34666830 -0.39951855 0.03942554
v -0.32983330 -0.39951855 0.03942554
v -0.32983330 -0.39951855 0.03942554
v -0.32983330 -0.39951855 0.04152510
v -0.34666830 -0.39951855 0.04152510
v -0.34666830 -0.48657224 0.03942555
v -0.34666830 -0.48657224 0.04152511
v -0.32983330 -0.48657224 0.04152511
v -0.32983330 -0.48657224 0.04152511
v -0.32983330 -0.48657224 0.03942555
v -0.34666830 -0.48657224 0.03942555
v -0.34666830 -0.39951855 0.03942554
v -0.34666830 -0.48657224 0.03942555
v -0.32983330 -0.48657224 0.03942555
v -0.32983330 -0.48657224 0.03942555
v -0.32983330 -0.39951855 0.03942554
v -0.34666830 -0.39951855 0.03942554
v -0.34666830 -0.48657224 0.04152511
v -0.34666830 -0.48657224 0.03942555
v -0.34666830 -0.39951855 0.03942554
v -0.34666830 -0.39951855 0.03942554
v -0.34666830 -0.39951855 0.04152510
v -0.34666830 -0.48657224 0.04152511
v -0.32983330 -0.39951855 0.04152510
v -0.32983330 -0.39951855 0.03942554
v -0.32983330 -0.48657224 0.03942555
v -0.32983330 -0.48657224 0.03942555
v -0.32983330 -0.48657224 0.04152511
v -0.32983330 -0.39951855 0.04152510
v -0.37172395 -0.39951855 0.04152510
v -0.37172395 -0.39951855 0.03942554
v -0.35488895 -0.39951855 0.03942554
v -0.35488895 -0.39951855 0.03942554
v -0.35488895 -0.39951855 0.04152510
v -0.37172395 -0.39951855 0.04152510
v -0.37172395 -0.48657224 0.03942555
v -0.37172395 -0.48657224 0.04152511
v -0.35488895 -0.48657224 0.04152511
v -0.35488895 -0.48657224 0.04152511
v -0.35488895 -0.48657224 0.03942555
v -0.37172395 -0.48657224 0.03942555
v -0.37172395 -0.39951855 0.03942554
v -0.37172395 -0.48657224 0.03942555
v -0.35488895 -0.48657224 0.03942555
v -0.35488895 -0.48657224 0.03942555
v -0.35488895 -0.39951855 0.03942554
v -0.37172395 -0.39951855 0.03942554
v -0.37172395 -0.48657224 0.04152511
v -0.37172395 -0.48657224 0.03942555
v -0.37172395 -0.39951855 0.03942554
v -0.37172395 -0.39951855 0.03942554
v -0.37172395 -0.39951855 0.04152510
v -0.37172395 -0.48657224 0.04152511
v -0.35488895 -0.39951855 0.04152510
v -0.35488895 -0.39951855 0.03942554
v -0.35488895 -0.48657224 0.03942555
v -0.35488895 -0.48657224 0.03942555
v -0.35488895 -0.48657224 0.04152511
v -0.35488895 -0.39951855 0.04152510
v 0.35488907 -0.39951855 0.04152510
v 0.35488907 -0.39951855 0.03942554
v 0.37172395 -0.39951855 0.03942554
v 0.37172395 -0.39951855 0.03942554
v 0.37172395 -0.39951855 0.04152510
v 0.35488907 -0.39951855 0.04152510
v 0.35488907 -0.48657224 0.03942555
v 0.35488907 -0.48657224 0.04152511
v 0.37172395 -0.48657224 0.04152511
v 0.37172395 -0.48657224 0.04152511
v 0.37172395 -0.48657224 0.03942555
v 0.35488907 -0.48657224 0.03942555
v 0.35488907 -0.39951855 0.03942554
v 0.35488907 -0.48657224 0.03942555
v 0.37172395 -0.48657224 0.03942555
v 0.37172395 -0.48657224 0.03942555
v 0.37172395 -0.39951855 0.03942554
v 0.35488907 -0.39951855 0.03942554
v 0.35488907 -0.48657224 0.04152511
v 0.35488907 -0.48657224 0.03942555
v 0.35488907 -0.39951855 0.03942554
v 0.35488907 -0.39951855 0.03942554
v 0.35488907 -0.39951855 0.04152510
v 0.35488907 -0.48657224 0.04152511
v 0.37172395 -0.39951855 0.04152510
v 0.37172395 -0.39951855 0.03942554
v 0.37172395 -0.48657224 0.03942555
v 0.37172395 -0.48657224 0.03942555
v 0.37172395 -0.48657224 0.04152511
v 0.37172395 -0.39951855 0.04152510
v 0.37737209 -0.39954942 0.04162106
v 0.37737209 -0.39954942 0.03952150
v 0.39412972 -0.39954942 0.03952150
v 0.39412972 -0.39954942 0.03952150
v 0.39412972 -0.39954942 0.04162106
v 0.37737209 -0.39954942 0.04162106
v 0.37737209 -0.48654139 0.04162107
v 0.38575163 -0.48654139 0.04162107
v 0.38575163 -0.48654139 0.03952151
v 0.38575163 -0.48654139 0.03952151
v 0.37737209 -0.48654139 0.03952151
v 0.37737209 -0.48654139 0.04162107
v 0.37737209 -0.48654139 0.04162107
v 0.37737209 -0.48654139 0.03952151
v 0.37737209 -0.39954942 0.03952150
v 0.37737209 -0.39954942 0.03952150
v 0.37737209 -0.39954942 0.04162106
v 0.37737209 -0.48654139 0.04162107
v 0.39412972 -0.39954942 0.03952150
v 0.39412972 -0.47816357 0.03952151
v 0.39412972 -0.47816357 0.04162106
v 0.39412972 -0.47816357 0.04162106
v 0.39412972 -0.39954942 0.04162106
v 0.39412972 -0.39954942 0.03952150
v 0.39167574 -0.48408765 0.03952151
v 0.39167574 -0.48408765 0.04162107
v 0.39412972 -0.47816357 0.04162106
v 0.39412972 -0.47816357 0.04162106
v 0.39412972 -0.47816357 0.03952151
v 0.39167574 -0.48408765 0.03952151
v 0.38575163 -0.48654139 0.03952151
v 0.38575163 -0.48654139 0.04162107
v 0.39167574 -0.48408765 0.04162107
v 0.39167574 -0.48408765 0.04162107
v 0.39167574 -0.48408765 0.03952151
v 0.38575163 -0.48654139 0.03952151
v 0.39412972 -0.47816357 0.03952151
v 0.39412972 -0.39954942 0.03952150
v 0.37737209 -0.39954942 0.03952150
v 0.37737209 -0.39954942 0.03952150
v 0.37737209 -0.48654139 0.03952151
v 0.39412972 -0.47816357 0.03952151
v 0.39412972 -0.47816357 0.03952151
v 0.37737209 -0.48654139 0.03952151
v 0.38575163 -0.48654139 0.03952151
v 0.38575163 -0.48654139 0.03952151
v 0.39167574 -0.48408765 0.03952151
v 0.39412972 -0.47816357 0.03952151
v -0.37737209 -0.39954942 0.04162106
v -0.39412972 -0.39954942 0.04162106
v -0.39412972 -0.39954942 0.03952150
v -0.39412972 -0.39954942 0.03952150
v -0.37737209 -0.39954942 0.03952150
v -0.37737209 -0.39954942 0.04162106
v -0.37737209 -0.48654139 0.04162107
v -0.37737209 -0.48654139 0.03952151
v -0.38575163 -0.48654139 0.03952151
v -0.38575163 -0.48654139 0.03952151
v -0.38575163 -0.48654139 0.04162107
v -0.37737209 -0.48654139 0.04162107
v -0.37737209 -0.48654139 0.04162107
v -0.37737209 -0.39954942 0.04162106
v -0.37737209 -0.39954942 0.03952150
v -0.37737209 -0.39954942 0.03952150
v -0.37737209 -0.48654139 0.03952151
v -0.37737209 -0.48654139 0.04162107
v -0.39412972 -0.39954942 0.03952150
v -0.39412972 -0.39954942 0.04162106
v -0.39412972 -0.47816357 0.04162106
v -0.39412972 -0.47816357 0.04162106
v -0.39412972 -0.47816357 0.03952151
v -0.39412972 -0.39954942 0.03952150
v -0.39167571 -0.48408765 0.03952151
v -0.39412972 -0.47816357 0.03952151
v -0.39412972 -0.47816357 0.04162106
v -0.39412972 -0.47816357 0.04162106
v -0.39167571 -0.48408765 0.04162107
v -0.39167571 -0.48408765 0.03952151
v -0.38575163 -0.48654139 0.03952151
v -0.39167571 -0.48408765 0.03952151
v -0.39167571 -0.48408765 0.04162107
v -0.39167571 -0.48408765 0.04162107
v -0.38575163 -0.48654139 0.04162107
v -0.38575163 -0.48654139 0.03952151
v -0.37737209 -0.39954942 0.03952150
v -0.39412972 -0.39954942 0.03952150
v -0.39412972 -0.47816357 0.03952151
v -0.39412972 -0.47816357 0.03952151
v -0.37737209 -0.48654139 0.03952151
v -0.37737209 -0.39954942 0.03952150
v -0.39412972 -0.47816357 0.03952151
v -0.39167571 -0.48408765 0.03952151
v -0.38575163 -0.48654139 0.03952151
v -0.38575163 -0.48654139 0.03952151
v -0.37737209 -0.48654139 0.03952151
v -0.39412972 -0.47816357 0.03952151
v -0.25871423 -0.12339791 0.04486258
v -0.25871423 -0.12339791 0.02552418
v -0.13277067 -0.12339791 0.02552418
v -0.13277067 -0.12339791 0.02552418
v -0.13277067 -0.12339791 0.04486258
v -0.25871423 -0.12339791 0.04486258
v -0.25871423 -0.34181386 0.02552420
v -0.25871423 -0.34181386 0.04486261
v -0.13277067 -0.34181386 0.04486261
v -0.13277067 -0.34181386 0.04486261
v -0.13277067 -0.34181386 0.02552420
v -0.25871423 -0.34181386 0.02552420
v -0.25871423 -0.12339791 0.02552418
v -0.25871423 -0.34181386 0.02552420
v -0.13277067 -0.34181386 0.02552420
v -0.13277067 -0.34181386 0.02552420
v -0.13277067 -0.12339791 0.02552418
v -0.25871423 -0.12339791 0.02552418
v -0.25871423 -0.34181386 0.04486261
v -0.25871423 -0.34181386 0.02552420
v -0.25871423 -0.12339791 0.02552418
v -0.25871423 -0.12339791 0.02552418
v -0.25871423 -0.12339791 0.04486258
v -0.25871423 -0.34181386 0.04486261
v -0.13277067 -0.12339791 0.04486258
v -0.13277067 -0.12339791 0.02552418
v -0.13277067 -0.34181386 0.02552420
v -0.13277067 -0.34181386 0.02552420
v -0.13277067 -0.34181386 0.04486261
v -0.13277067 -0.12339791 0.04486258
v 0.15789968 -0.12955193 0.04486258
v 0.15789968 -0.12955193 0.02552418
v 0.26736081 -0.12955193 0.02552418
v 0.26736081 -0.12955193 0.02552418
v 0.26736081 -0.12955193 0.04486258
v 0.15789968 -0.12955193 0.04486258
v 0.15789968 -0.34796792 0.02552420
v 0.15789968 -0.34796792 0.04486261
v 0.26736081 -0.34796792 0.04486261
v 0.26736081 -0.34796792 0.04486261
v 0.26736081 -0.34796792 0.02552420
v 0.15789968 -0.34796792 0.02552420
v 0.15789968 -0.12955193 0.02552418
v 0.15789968 -0.34796792 0.02552420
v 0.26736081 -0.34796792 0.02552420
v 0.26736081 -0.34796792 0.02552420
v 0.26736081 -0.12955193 0.02552418
v 0.15789968 -0.12955193 0.02552418
v 0.15789968 -0.34796792 0.04486261
v 0.15789968 -0.34796792 0.02552420
v 0.15789968 -0.12955193 0.02552418
v 0.15789968 -0.12955193 0.02552418
v 0.15789968 -0.12955193 0.04486258
v 0.15789968 -0.34796792 0.04486261
v 0.26736081 -0.12955193 0.04486258
v 0.26736081 -0.12955193 0.02552418
v 0.26736081 -0.34796792 0.02552420
v 0.26736081 -0.34796792 0.02552420
v 0.26736081 -0.34796792 0.04486261
v 0.26736081 -0.12955193 0.04486258
v 0.16597393 0.01632789 0.04486256
v 0.16597393 0.01632789 0.02552416
v 0.25928661 0.01632789 0.02552416
v 0.25928661 0.01632789 0.02552416
v 0.25928661 0.01632789 0.04486256
v 0.16597393 0.01632789 0.04486256
v 0.16597393 -0.07096207 0.02552417
v 0.16597393 -0.07096207 0.04486257
v 0.25928661 -0.07096207 0.04486257
v 0.25928661 -0.07096207 0.04486257
v 0.25928661 -0.07096207 0.02552417
v 0.16597393 -0.07096207 0.02552417
v 0.16597393 0.01632789 0.02552416
v 0.16597393 -0.07096207 0.02552417
v 0.25928661 -0.07096207 0.02552417
v 0.25928661 -0.07096207 0.02552417
v 0.25928661 0.01632789 0.02552416
v 0.16597393 0.01632789 0.02552416
v 0.16597393 -0.07096207 0.04486257
v 0.16597393 -0.07096207 0.02552417
v 0.16597393 0.01632789 0.02552416
v 0.16597393 0.01632789 0.02552416
v 0.16597393 0.01632789 0.04486256
v 0.16597393 -0.07096207 0.04486257
v 0.25928661 0.01632789 0.04486256
v 0.25928661 0.01632789 0.02552416
v 0.25928661 -0.07096207 0.02552417
v 0.25928661 -0.07096207 0.02552417
v 0.25928661 -0.07096207 0.04486257
v 0.25928661 0.01632789 0.04486256
v 0.01257532 0.10792205 0.04486255
v 0.01257532 0.10792205 0.02552415
v 0.10677599 0.10792205 0.02552415
v 0.10677599 0.10792205 0.02552415
v 0.10677599 0.10792205 0.04486255
v 0.01257532 0.10792205 0.04486255
v 0.01257532 0.04981646 0.02552416
v 0.01257532 0.04981646 0.04486256
v 0.10677599 0.04981646 0.04486256
v 0.10677599 0.04981646 0.04486256
v 0.10677599 0.04981646 0.02552416
v 0.01257532 0.04981646 0.02552416
v 0.01257532 0.10792205 0.02552415
v 0.01257532 0.04981646 0.02552416
v 0.10677599 0.04981646 0.02552416
v 0.10677599 0.04981646 0.02552416
v 0.10677599 0.10792205 0.02552415
v 0.01257532 0.10792205 0.02552415
v 0.01257532 0.04981646 0.04486256
v 0.01257532 0.04981646 0.02552416
v 0.01257532 0.10792205 0.02552415
v 0.01257532 0.10792205 0.02552415
v 0.01257532 0.10792205 0.04486255
v 0.01257532 0.04981646 0.04486256
v 0.10677599 0.10792205 0.04486255
v 0.10677599 0.10792205 0.02552415
v 0.10677599 0.04981646 0.02552416
v 0.10677599 0.04981646 0.02552416
v 0.10677599 0.04981646 0.04486256
v 0.10677599 0.10792205 0.04486255
v -0.29877380 -0.06048176 0.04358916
v -0.29877380 -0.06048176 0.02516739
v -0.32330039 -0.02377501 0.02516739
v -0.29877380 -0.06048176 0.02516739
v -0.29877380 -0.06048176 0.04358916
v -0.26206714 -0.08500835 0.04358917
v -0.26206714 -0.08500835 0.04358917
v -0.26206714 -0.08500835 0.02516739
v -0.29877380 -0.06048176 0.02516739
v -0.32330039 -0.02377501 0.02516739
v -0.32330039 -0.02377501 0.04358916
v -0.29877380 -0.06048176 0.04358916
v -0.32330039 -0.02377501 0.04358916
v -0.32330039 -0.02377501 0.02516739
v -0.33191302 0.01952339 0.02516738
v -0.33191302 0.01952339 0.02516738
v -0.33191302 0.01952339 0.04358916
v -0.32330039 -0.02377501 0.04358916
v -0.33191302 0.01952339 0.04358916
v -0.33191302 0.01952339 0.02516738
v -0.32330039 0.06282180 0.02516737
v -0.32330039 0.06282180 0.02516737
v -0.32330039 0.06282180 0.04358915
v -0.33191302 0.01952339 0.04358916
v -0.32330039 0.06282180 0.04358915
v -0.32330039 0.06282180 0.02516737
v -0.29877377 0.09952845 0.02516737
v -0.29877377 0.09952845 0.02516737
v -0.29877377 0.09952845 0.04358914
v -0.32330039 0.06282180 0.04358915
v -0.29877377 0.09952845 0.04358914
v -0.29877377 0.09952845 0.02516737
v -0.26206705 0.12405505 0.02516737
v -0.26206705 0.12405505 0.02516737
v -0.26206705 0.12405505 0.04358914
v -0.29877377 0.09952845 0.04358914
v -0.21876870 -0.09362096 0.04358917
v -0.21876870 -0.09362096 0.02516739
v -0.26206714 -0.08500835 0.02516739
v -0.26206714 -0.08500835 0.02516739
v -0.26206714 -0.08500835 0.04358917
v -0.21876870 -0.09362096 0.04358917
v -0.21876870 -0.09362096 0.02516739
v -0.21876870 -0.09362096 0.04358917
v -0.17547013 -0.08500845 0.04358917
v -0.17547013 -0.08500845 0.04358917
v -0.17547013 -0.08500845 0.02516739
v -0.21876870 -0.09362096 0.02516739
v -0.13876347 -0.06048185 0.04358916
v -0.13876347 -0.06048185 0.02516739
v -0.17547013 -0.08500845 0.02516739
v -0.17547013 -0.08500845 0.02516739
v -0.17547013 -0.08500845 0.04358917
v -0.13876347 -0.06048185 0.04358916
v -0.13876347 -0.06048185 0.02516739
v -0.13876347 -0.06048185 0.04358916
v -0.11423686 -0.02377520 0.04358916
v -0.11423686 -0.02377520 0.04358916
v -0.11423686 -0.02377520 0.02516739
v -0.13876347 -0.06048185 0.02516739
v -0.11423686 -0.02377520 0.02516739
v -0.11423686 -0.02377520 0.04358916
v -0.10562423 0.01952330 0.04358916
v -0.10562423 0.01952330 0.04358916
v -0.10562423 0.01952330 0.02516738
v -0.11423686 -0.02377520 0.02516739
v -0.10562423 0.01952330 0.02516738
v -0.10562423 0.01952330 0.04358916
v -0.11423682 0.06282180 0.04358915
v -0.11423682 0.06282180 0.04358915
v -0.11423682 0.06282180 0.02516737
v -0.10562423 0.01952330 0.02516738
v -0.11423682 0.06282180 0.02516737
v -0.11423682 0.06282180 0.04358915
v -0.13876343 0.09952836 0.04358914
v -0.13876343 0.09952836 0.04358914
v -0.13876343 0.09952836 0.02516737
v -0.11423682 0.06282180 0.02516737
v -0.13876343 0.09952836 0.02516737
v -0.13876343 0.09952836 0.04358914
v -0.17547007 0.12405505 0.04358914
v -0.17547007 0.12405505 0.04358914
v -0.17547007 0.12405505 0.02516737
v -0.13876343 0.09952836 0.02516737
v -0.21876852 0.13266766 0.04358914
v -0.21876852 0.13266766 0.02516736
v -0.17547007 0.12405505 0.02516737
v -0.17547007 0.12405505 0.02516737
v -0.17547007 0.12405505 0.04358914
v -0.21876852 0.13266766 0.04358914
v -0.21876852 0.13266766 0.02516736
v -0.21876852 0.13266766 0.04358914
v -0.26206705 0.12405505 0.04358914
v -0.26206705 0.12405505 0.04358914
v -0.26206705 0.12405505 0.02516737
v -0.21876852 0.13266766 0.02516736
v -0.21876857 0.01952339 0.02516738
v -0.32330039 -0.02377501 0.02516739
v -0.29877380 -0.06048176 0.02516739
v -0.21876857 0.01952339 0.02516738
v -0.17547013 -0.08500845 0.02516739
v -0.13876347 -0.06048185 0.02516739
v -0.21876857 0.01952339 0.02516738
v -0.29877380 -0.06048176 0.02516739
v -0.26206714 -0.08500835 0.02516739
v -0.21876857 0.01952339 0.02516738
v -0.13876347 -0.06048185 0.02516739
v -0.11423686 -0.02377520 0.02516739
v -0.21876857 0.01952339 0.02516738
v -0.10562423 0.01952330 0.02516738
v -0.11423682 0.06282180 0.02516737
v -0.21876857 0.01952339 0.02516738
v -0.17547007 0.12405505 0.02516737
v -0.21876852 0.13266766 0.02516736
v -0.21876857 0.01952339 0.02516738
v -0.33191302 0.01952339 0.02516738
v -0.32330039 -0.02377501 0.02516739
v -0.21876857 0.01952339 0.02516738
v -0.32330039 0.06282180 0.02516737
v -0.33191302 0.01952339 0.02516738
v -0.21876857 0.01952339 0.02516738
v -0.29877377 0.09952845 0.02516737
v -0.32330039 0.06282180 0.02516737
v -0.21876857 0.01952339 0.02516738
v -0.26206714 -0.08500835 0.02516739
v -0.21876870 -0.09362096 0.02516739
v -0.21876857 0.01952339 0.02516738
v -0.21876870 -0.09362096 0.02516739
v -0.17547013 -0.08500845 0.02516739
v -0.21876857 0.01952339 0.02516738
v -0.11423686 -0.02377520 0.02516739
v -0.10562423 0.01952330 0.02516738
v -0.21876857 0.01952339 0.02516738
v -0.11423682 0.06282180 0.02516737
v -0.13876343 0.09952836 0.02516737
v -0.21876857 0.01952339 0.02516738
v -0.13876343 0.09952836 0.02516737
v -0.17547007 0.12405505 0.02516737
v -0.21876857 0.01952339 0.02516738
v -0.21876852 0.13266766 0.02516736
v -0.26206705 0.12405505 0.02516737
v -0.21876857 0.01952339 0.02516738
v -0.26206705 0.12405505 0.02516737
v -0.29877377 0.09952845 0.02516737
v 0.37830028 0.21812938 0.04847318
v -0.37830028 0.21812938 0.04847318
v -0.37830028 0.21812938 0.04128343
v -0.37830028 0.21812938 0.04128343
v -0.37830028 0.21812938 0.04847318
v -0.39237773 0.21229829 0.04847318
v -0.39237773 0.21229829 0.04847318
v -0.39237773 0.21229829 0.04128344
v -0.37830028 0.21812938 0.04128343
v -0.37830028 0.21812938 0.04128343
v 0.37830028 0.21812938 0.04128343
v 0.37830028 0.21812938 0.04847318
v 0.37830028 0.21812938 0.04847318
v 0.37830028 0.21812938 0.04128343
v 0.39237773 0.21229829 0.04128344
v 0.39237773 0.21229829 0.04128344
v 0.39237773 0.21229829 0.04847318
v 0.37830028 0.21812938 0.04847318
v 0.39820874 -0.47177219 0.04847327
v 0.37830028 -0.49168062 0.04847327
v 0.37830028 0.21812938 0.04847318
v 0.39237773 -0.48584983 0.04847327
v 0.37830028 -0.49168062 0.04847327
v 0.39820874 -0.47177219 0.04847327
v 0.37830028 0.21812938 0.04847318
v 0.39820874 0.19822097 0.04847318
v 0.39820874 -0.47177219 0.04847327
v 0.39237773 0.21229829 0.04847318
v 0.39820874 0.19822097 0.04847318
v 0.37830028 0.21812938 0.04847318
v 0.37830028 0.21812938 0.04847318
v 0.37830028 -0.49168062 0.04847327
v -0.37830028 -0.49168062 0.04847327
v -0.37830028 -0.49168062 0.04847327
v -0.37830028 0.21812938 0.04847318
v 0.37830028 0.21812938 0.04847318
v -0.39820874 0.19822097 0.04847318
v -0.37830028 0.21812938 0.04847318
v -0.37830028 -0.49168062 0.04847327
v -0.39237773 0.21229829 0.04847318
v -0.37830028 0.21812938 0.04847318
v -0.39820874 0.19822097 0.04847318
v -0.37830028 -0.49168062 0.04847327
v -0.39820874 -0.47177219 0.04847327
v -0.39820874 0.19822097 0.04847318
v -0.39237773 -0.48584983 0.04847327
v -0.39820874 -0.47177219 0.04847327
v -0.37830028 -0.49168062 0.04847327
v -0.00000000 -0.24339747 0.07002335
v -0.00450117 -0.24789859 0.07002335
v -0.00588106 -0.24583347 0.07002335
v -0.00000000 -0.24339747 0.07002335
v -0.00243602 -0.24927853 0.07002335
v -0.00450117 -0.24789859 0.07002335
v -0.00000000 -0.24339747 0.07002335
v -0.00636561 -0.24339747 0.07002335
v -0.00588106 -0.24096146 0.07002335
v -0.00000000 -0.24339747 0.07002335
v -0.00588106 -0.24096146 0.07002335
v -0.00450116 -0.23889625 0.07002335
v -0.00000000 -0.24339747 0.07002335
v -0.00450116 -0.23889625 0.07002335
v -0.00243602 -0.23751640 0.07002335
v -0.00000000 -0.24339747 0.07002335
v 0.00243602 -0.23751648 0.07002335
v 0.00450117 -0.23889625 0.07002335
v -0.00000000 -0.24339747 0.07002335
v 0.00588106 -0.24096146 0.07002335
v 0.00636561 -0.24339747 0.07002335
v -0.00000000 -0.24339747 0.07002335
v 0.00636561 -0.24339747 0.07002335
v 0.00588106 -0.24583347 0.07002335
v -0.00000000 -0.24339747 0.07002335
v 0.00588106 -0.24583347 0.07002335
v 0.00450116 -0.24789870 0.07002335
v -0.00000000 -0.24339747 0.07002335
v 0.00450116 -0.24789870 0.07002335
v 0.00243602 -0.24927856 0.07002335
v -0.00000000 -0.24339747 0.07002335
v 0.00000000 -0.24976304 0.07002335
v -0.00243602 -0.24927853 0.07002335
v -0.00000000 -0.24339747 0.07002335
v 0.00243602 -0.24927856 0.07002335
v 0.00000000 -0.24976304 0.07002335
v -0.00000000 -0.24339747 0.07002335
v 0.00450117 -0.23889625 0.07002335
v 0.00588106 -0.24096146 0.07002335
v -0.00000000 -0.24339747 0.07002335
v -0.00000001 -0.23703183 0.07002335
v 0.00243602 -0.23751648 0.07002335
v -0.00000000 -0.24339747 0.07002335
v -0.00243602 -0.23751640 0.07002335
v -0.00000001 -0.23703183 0.07002335
v -0.00000000 -0.24339747 0.07002335
v -0.00588106 -0.24583347 0.07002335
v -0.00636561 -0.24339747 0.07002335
v -0.01909037 -0.24339747 0.06813442
v -0.00636561 -0.24339747 0.07002335
v -0.00588106 -0.24583347 0.07002335
v -0.00588106 -0.24583347 0.07002335
v -0.01763720 -0.25070304 0.06813442
v -0.01909037 -0.24339747 0.06813442
v -0.02840553 -0.24339747 0.06297379
v -0.02624330 -0.25426781 0.06297379
v -0.02939335 -0.25557256 0.05592422
v -0.02939335 -0.25557256 0.05592422
v -0.03181512 -0.24339747 0.05592422
v -0.02840553 -0.24339747 0.06297379
v -0.02840553 -0.24339747 0.06297379
v -0.01909037 -0.24339747 0.06813442
v -0.01763720 -0.25070304 0.06813442
v -0.01763720 -0.25070304 0.06813442
v -0.02624330 -0.25426781 0.06297379
v -0.02840553 -0.24339747 0.06297379
v -0.01349893 -0.25689641 0.06813442
v -0.01763720 -0.25070304 0.06813442
v -0.00588106 -0.24583347 0.07002335
v -0.00588106 -0.24583347 0.07002335
v -0.00450117 -0.24789859 0.07002335
v -0.01349893 -0.25689641 0.06813442
v -0.01349893 -0.25689641 0.06813442
v -0.02008576 -0.26348323 0.06297379
v -0.02624330 -0.25426781 0.06297379
v -0.02624330 -0.25426781 0.06297379
v -0.01763720 -0.25070304 0.06813442
v -0.01349893 -0.25689641 0.06813442
v -0.02249670 -0.26589414 0.05592422
v -0.02939335 -0.25557256 0.05592422
v -0.02624330 -0.25426781 0.06297379
v -0.02624330 -0.25426781 0.06297379
v -0.02008576 -0.26348323 0.06297379
v -0.02249670 -0.26589414 0.05592422
v -0.00730558 -0.26103464 0.06813442
v -0.01349893 -0.25689641 0.06813442
v -0.00450117 -0.24789859 0.07002335
v -0.00450117 -0.24789859 0.07002335
v -0.00243602 -0.24927853 0.07002335
v -0.00730558 -0.26103464 0.06813442
v -0.01087034 -0.26964074 0.06297379
v -0.02008576 -0.26348323 0.06297379
v -0.01349893 -0.25689641 0.06813442
v -0.01349893 -0.25689641 0.06813442
v -0.00730558 -0.26103464 0.06813442
v -0.01087034 -0.26964074 0.06297379
v -0.01217514 -0.27279079 0.05592422
v -0.02249670 -0.26589414 0.05592422
v -0.02008576 -0.26348323 0.06297379
v -0.02008576 -0.26348323 0.06297379
v -0.01087034 -0.26964074 0.06297379
v -0.01217514 -0.27279079 0.05592422
v -0.00000001 -0.26248786 0.06813442
v -0.00730558 -0.26103464 0.06813442
v -0.00243602 -0.24927853 0.07002335
v -0.00243602 -0.24927853 0.07002335
v 0.00000000 -0.24976304 0.07002335
v -0.00000001 -0.26248786 0.06813442
v -0.00000001 -0.26248786 0.06813442
v -0.00000001 -0.27180302 0.06297380
v -0.01087034 -0.26964074 0.06297379
v -0.01087034 -0.26964074 0.06297379
v -0.00730558 -0.26103464 0.06813442
v -0.00000001 -0.26248786 0.06813442
v -0.00000002 -0.27521259 0.05592422
v -0.01217514 -0.27279079 0.05592422
v -0.01087034 -0.26964074 0.06297379
v -0.01087034 -0.26964074 0.06297379
v -0.00000001 -0.27180302 0.06297380
v -0.00000002 -0.27521259 0.05592422
v 0.00243602 -0.24927856 0.07002335
v 0.00730556 -0.26103467 0.06813442
v -0.00000001 -0.26248786 0.06813442
v -0.00000001 -0.26248786 0.06813442
v 0.00000000 -0.24976304 0.07002335
v 0.00243602 -0.24927856 0.07002335
v 0.01087032 -0.26964074 0.06297379
v -0.00000001 -0.27180302 0.06297380
v -0.00000001 -0.26248786 0.06813442
v -0.00000001 -0.26248786 0.06813442
v 0.00730556 -0.26103467 0.06813442
v 0.01087032 -0.26964074 0.06297379
v 0.01217511 -0.27279082 0.05592422
v -0.00000002 -0.27521259 0.05592422
v -0.00000001 -0.27180302 0.06297380
v -0.00000001 -0.27180302 0.06297380
v 0.01087032 -0.26964074 0.06297379
v 0.01217511 -0.27279082 0.05592422
v 0.00450116 -0.24789870 0.07002335
v 0.01349892 -0.25689641 0.06813442
v 0.00730556 -0.26103467 0.06813442
v 0.00730556 -0.26103467 0.06813442
v 0.00243602 -0.24927856 0.07002335
v 0.00450116 -0.24789870 0.07002335
v 0.01349892 -0.25689641 0.06813442
v 0.02008574 -0.26348323 0.06297379
v 0.01087032 -0.26964074 0.06297379
v 0.01087032 -0.26964074 0.06297379
v 0.00730556 -0.26103467 0.06813442
v 0.01349892 -0.25689641 0.06813442
v 0.02008574 -0.26348323 0.06297379
v 0.02249668 -0.26589414 0.05592422
v 0.01217511 -0.27279082 0.05592422
v 0.01217511 -0.27279082 0.05592422
v 0.01087032 -0.26964074 0.06297379
v 0.02008574 -0.26348323 0.06297379
v 0.01763720 -0.25070304 0.06813442
v 0.01349892 -0.25689641 0.06813442
v 0.00450116 -0.24789870 0.07002335
v 0.00450116 -0.24789870 0.07002335
v 0.00588106 -0.24583347 0.07002335
v 0.01763720 -0.25070304 0.06813442
v 0.02624328 -0.25426781 0.06297379
v 0.02008574 -0.26348323 0.06297379
v 0.01349892 -0.25689641 0.06813442
v 0.01349892 -0.25689641 0.06813442
v 0.01763720 -0.25070304 0.06813442
v 0.02624328 -0.25426781 0.06297379
v 0.02624328 -0.25426781 0.06297379
v 0.02939333 -0.25557262 0.05592422
v 0.02249668 -0.26589414 0.05592422
v 0.02249668 -0.26589414 0.05592422
v 0.02008574 -0.26348323 0.06297379
v 0.02624328 -0.25426781 0.06297379
v 0.00636561 -0.24339747 0.07002335
v 0.01909037 -0.24339747 0.06813442
v 0.01763720 -0.25070304 0.06813442
v 0.01763720 -0.25070304 0.06813442
v 0.00588106 -0.24583347 0.07002335
v 0.00636561 -0.24339747 0.07002335
v 0.02840553 -0.24339747 0.06297379
v 0.02624328 -0.25426781 0.06297379
v 0.01763720 -0.25070304 0.06813442
v 0.01763720 -0.25070304 0.06813442
v 0.01909037 -0.24339747 0.06813442
v 0.02840553 -0.24339747 0.06297379
v 0.03181512 -0.24339747 0.05592422
v 0.02939333 -0.25557262 0.05592422
v 0.02624328 -0.25426781 0.06297379
v 0.02624328 -0.25426781 0.06297379
v 0.02840553 -0.24339747 0.06297379
v 0.03181512 -0.24339747 0.05592422
v 0.00588106 -0.24096146 0.07002335
v 0.01763720 -0.23609191 0.06813442
v 0.01909037 -0.24339747 0.06813442
v 0.01909037 -0.24339747 0.06813442
v 0.00636561 -0.24339747 0.07002335
v 0.00588106 -0.24096146 0.07002335
v 0.01763720 -0.23609191 0.06813442
v 0.02624330 -0.23252709 0.06297379
v 0.02840553 -0.24339747 0.06297379
v 0.02840553 -0.24339747 0.06297379
v 0.01909037 -0.24339747 0.06813442
v 0.01763720 -0.23609191 0.06813442
v 0.02939335 -0.23122232 0.05592422
v 0.03181512 -0.24339747 0.05592422
v 0.02840553 -0.24339747 0.06297379
v 0.02840553 -0.24339747 0.06297379
v 0.02624330 -0.23252709 0.06297379
v 0.02939335 -0.23122232 0.05592422
v 0.00450117 -0.23889625 0.07002335
v 0.01349893 -0.22989850 0.06813442
v 0.01763720 -0.23609191 0.06813442
v 0.01763720 -0.23609191 0.06813442
v 0.00588106 -0.24096146 0.07002335
v 0.00450117 -0.23889625 0.07002335
v 0.01349893 -0.22989850 0.06813442
v 0.02008575 -0.22331171 0.06297379
v 0.02624330 -0.23252709 0.06297379
v 0.02624330 -0.23252709 0.06297379
v 0.01763720 -0.23609191 0.06813442
v 0.01349893 -0.22989850 0.06813442
v 0.02249669 -0.22090077 0.05592421
v 0.02939335 -0.23122232 0.05592422
v 0.02624330 -0.23252709 0.06297379
v 0.02624330 -0.23252709 0.06297379
v 0.02008575 -0.22331171 0.06297379
v 0.02249669 -0.22090077 0.05592421
v 0.00730557 -0.22576027 0.06813441
v 0.01349893 -0.22989850 0.06813442
v 0.00450117 -0.23889625 0.07002335
v 0.00450117 -0.23889625 0.07002335
v 0.00243602 -0.23751648 0.07002335
v 0.00730557 -0.22576027 0.06813441
v 0.01087033 -0.21715419 0.06297378
v 0.02008575 -0.22331171 0.06297379
v 0.01349893 -0.22989850 0.06813442
v 0.01349893 -0.22989850 0.06813442
v 0.00730557 -0.22576027 0.06813441
v 0.01087033 -0.21715419 0.06297378
v 0.01087033 -0.21715419 0.06297378
v 0.01217512 -0.21400413 0.05592421
v 0.02249669 -0.22090077 0.05592421
v 0.02249669 -0.22090077 0.05592421
v 0.02008575 -0.22331171 0.06297379
v 0.01087033 -0.21715419 0.06297378
v -0.00000001 -0.23703183 0.07002335
v -0.00000000 -0.22430709 0.06813441
v 0.00730557 -0.22576027 0.06813441
v 0.00730557 -0.22576027 0.06813441
v 0.00243602 -0.23751648 0.07002335
v -0.00000001 -0.23703183 0.07002335
v 0.00000000 -0.21499200 0.06297378
v 0.01087033 -0.21715419 0.06297378
v 0.00730557 -0.22576027 0.06813441
v 0.00730557 -0.22576027 0.06813441
v -0.00000000 -0.22430709 0.06813441
v 0.00000000 -0.21499200 0.06297378
v 0.00000000 -0.21158236 0.05592421
v 0.01217512 -0.21400413 0.05592421
v 0.01087033 -0.21715419 0.06297378
v 0.01087033 -0.21715419 0.06297378
v 0.00000000 -0.21499200 0.06297378
v 0.00000000 -0.21158236 0.05592421
v -0.00730557 -0.22576027 0.06813441
v -0.00000000 -0.22430709 0.06813441
v -0.00000001 -0.23703183 0.07002335
v -0.00000001 -0.23703183 0.07002335
v -0.00243602 -0.23751640 0.07002335
v -0.00730557 -0.22576027 0.06813441
v -0.00730557 -0.22576027 0.06813441
v -0.01087032 -0.21715423 0.06297378
v 0.00000000 -0.21499200 0.06297378
v 0.00000000 -0.21499200 0.06297378
v -0.00000000 -0.22430709 0.06813441
v -0.00730557 -0.22576027 0.06813441
v -0.01217512 -0.21400408 0.05592421
v 0.00000000 -0.21158236 0.05592421
v 0.00000000 -0.21499200 0.06297378
v 0.00000000 -0.21499200 0.06297378
v -0.01087032 -0.21715423 0.06297378
v -0.01217512 -0.21400408 0.05592421
v -0.00450116 -0.23889625 0.07002335
v -0.01349893 -0.22989850 0.06813442
v -0.00730557 -0.22576027 0.06813441
v -0.00730557 -0.22576027 0.06813441
v -0.00243602 -0.23751640 0.07002335
v -0.00450116 -0.23889625 0.07002335
v -0.01349893 -0.22989850 0.06813442
v -0.02008574 -0.22331171 0.06297379
v -0.01087032 -0.21715423 0.06297378
v -0.01087032 -0.21715423 0.06297378
v -0.00730557 -0.22576027 0.06813441
v -0.01349893 -0.22989850 0.06813442
v -0.02249669 -0.22090077 0.05592421
v -0.01217512 -0.21400408 0.05592421
v -0.01087032 -0.21715423 0.06297378
v -0.01087032 -0.21715423 0.06297378
v -0.02008574 -0.22331171 0.06297379
v -0.02249669 -0.22090077 0.05592421
v -0.01763720 -0.23609191 0.06813442
v -0.01349893 -0.22989850 0.06813442
v -0.00450116 -0.23889625 0.07002335
v -0.00450116 -0.23889625 0.07002335
v -0.00588106 -0.24096146 0.07002335
v -0.01763720 -0.23609191 0.06813442
v -0.02624328 -0.23252709 0.06297379
v -0.02008574 -0.22331171 0.06297379
v -0.01349893 -0.22989850 0.06813442
v -0.01349893 -0.22989850 0.06813442
v -0.01763720 -0.23609191 0.06813442
v -0.02624328 -0.23252709 0.06297379
v -0.02624328 -0.23252709 0.06297379
v -0.02939334 -0.23122232 0.05592422
v -0.02249669 -0.22090077 0.05592421
v -0.02249669 -0.22090077 0.05592421
v -0.02008574 -0.22331171 0.06297379
v -0.02624328 -0.23252709 0.06297379
v -0.00636561 -0.24339747 0.07002335
v -0.01909037 -0.24339747 0.06813442
v -0.01763720 -0.23609191 0.06813442
v -0.01763720 -0.23609191 0.06813442
v -0.00588106 -0.24096146 0.07002335
v -0.00636561 -0.24339747 0.07002335
v -0.02840553 -0.24339747 0.06297379
v -0.02624328 -0.23252709 0.06297379
v -0.01763720 -0.23609191 0.06813442
v -0.01763720 -0.23609191 0.06813442
v -0.01909037 -0.24339747 0.06813442
v -0.02840553 -0.24339747 0.06297379
v -0.02840553 -0.24339747 0.06297379
v -0.03181512 -0.24339747 0.05592422
v -0.02939334 -0.23122232 0.05592422
v -0.02939334 -0.23122232 0.05592422
v -0.02624328 -0.23252709 0.06297379
v -0.02840553 -0.24339747 0.06297379
v -0.02576193 -0.26915932 0.05787532
v -0.02576193 -0.26915932 0.05374755
v -0.03365957 -0.25733969 0.05374755
v -0.03365957 -0.25733969 0.05374755
v -0.03365957 -0.25733969 0.05787531
v -0.02576193 -0.26915932 0.05787532
v -0.01394226 -0.27705699 0.05787532
v -0.01394226 -0.27705699 0.05374755
v -0.02576193 -0.26915932 0.05374755
v -0.02576193 -0.26915932 0.05374755
v -0.02576193 -0.26915932 0.05787532
v -0.01394226 -0.27705699 0.05787532
v -0.00000002 -0.27983028 0.05787532
v -0.00000002 -0.27983028 0.05374755
v -0.01394226 -0.27705699 0.05374755
v -0.01394226 -0.27705699 0.05374755
v -0.01394226 -0.27705699 0.05787532
v -0.00000002 -0.27983028 0.05787532
v 0.01394223 -0.27705705 0.05787532
v 0.01394223 -0.27705705 0.05374755
v -0.00000002 -0.27983028 0.05374755
v -0.00000002 -0.27983028 0.05374755
v -0.00000002 -0.27983028 0.05787532
v 0.01394223 -0.27705705 0.05787532
v 0.02576190 -0.26915941 0.05787532
v 0.02576190 -0.26915941 0.05374755
v 0.01394223 -0.27705705 0.05374755
v 0.01394223 -0.27705705 0.05374755
v 0.01394223 -0.27705705 0.05787532
v 0.02576190 -0.26915941 0.05787532
v 0.03365956 -0.25733978 0.05787531
v 0.03365956 -0.25733978 0.05374755
v 0.02576190 -0.26915941 0.05374755
v 0.02576190 -0.26915941 0.05374755
v 0.02576190 -0.26915941 0.05787532
v 0.03365956 -0.25733978 0.05787531
v 0.03643285 -0.24339747 0.05787531
v 0.03643285 -0.24339747 0.05374755
v 0.03365956 -0.25733978 0.05374755
v 0.03365956 -0.25733978 0.05374755
v 0.03365956 -0.25733978 0.05787531
v 0.03643285 -0.24339747 0.05787531
v 0.03365957 -0.22945525 0.05787531
v 0.03365957 -0.22945525 0.05374755
v 0.03643285 -0.24339747 0.05374755
v 0.03643285 -0.24339747 0.05374755
v 0.03643285 -0.24339747 0.05787531
v 0.03365957 -0.22945525 0.05787531
v 0.02576192 -0.21763562 0.05787531
v 0.02576192 -0.21763562 0.05374755
v 0.03365957 -0.22945525 0.05374755
v 0.03365957 -0.22945525 0.05374755
v 0.03365957 -0.22945525 0.05787531
v 0.02576192 -0.21763562 0.05787531
v 0.01394226 -0.20973790 0.05787531
v 0.01394226 -0.20973790 0.05374755
v 0.02576192 -0.21763562 0.05374755
v 0.02576192 -0.21763562 0.05374755
v 0.02576192 -0.21763562 0.05787531
v 0.01394226 -0.20973790 0.05787531
v 0.00000001 -0.20696466 0.05787531
v 0.00000001 -0.20696466 0.05374755
v 0.01394226 -0.20973790 0.05374755
v 0.01394226 -0.20973790 0.05374755
v 0.01394226 -0.20973790 0.05787531
v 0.00000001 -0.20696466 0.05787531
v -0.01394224 -0.20973790 0.05787531
v -0.01394224 -0.20973790 0.05374755
v 0.00000001 -0.20696466 0.05374755
v 0.00000001 -0.20696466 0.05374755
v 0.00000001 -0.20696466 0.05787531
v -0.01394224 -0.20973790 0.05787531
v -0.02576191 -0.21763562 0.05787531
v -0.02576191 -0.21763562 0.05374755
v -0.01394224 -0.20973790 0.05374755
v -0.01394224 -0.20973790 0.05374755
v -0.01394224 -0.20973790 0.05787531
v -0.02576191 -0.21763562 0.05787531
v -0.03365957 -0.22945525 0.05787531
v -0.03365957 -0.22945525 0.05374755
v -0.02576191 -0.21763562 0.05374755
v -0.02576191 -0.21763562 0.05374755
v -0.02576191 -0.21763562 0.05787531
v -0.03365957 -0.22945525 0.05787531
v -0.03643285 -0.24339747 0.05787531
v -0.03643285 -0.24339747 0.05374755
v -0.03365957 -0.22945525 0.05374755
v -0.03365957 -0.22945525 0.05374755
v -0.03365957 -0.22945525 0.05787531
v -0.03643285 -0.24339747 0.05787531
v -0.03365957 -0.25733969 0.05787531
v -0.03365957 -0.25733969 0.05374755
v -0.03643285 -0.24339747 0.05374755
v -0.03643285 -0.24339747 0.05374755
v -0.03643285 -0.24339747 0.05787531
v -0.03365957 -0.25733969 0.05787531
v -0.00000000 -0.24339747 0.05787531
v -0.02576193 -0.26915932 0.05787532
v -0.03365957 -0.25733969 0.05787531
v -0.00000000 -0.24339747 0.05787531
v -0.01394226 -0.27705699 0.05787532
v -0.02576193 -0.26915932 0.05787532
v -0.00000000 -0.24339747 0.05787531
v -0.03643285 -0.24339747 0.05787531
v -0.03365957 -0.22945525 0.05787531
v -0.00000000 -0.24339747 0.05787531
v -0.03365957 -0.22945525 0.05787531
v -0.02576191 -0.21763562 0.05787531
v -0.00000000 -0.24339747 0.05787531
v -0.02576191 -0.21763562 0.05787531
v -0.01394224 -0.20973790 0.05787531
v -0.00000000 -0.24339747 0.05787531
v -0.01394224 -0.20973790 0.05787531
v 0.00000001 -0.20696466 0.05787531
v -0.00000000 -0.24339747 0.05787531
v 0.03365957 -0.22945525 0.05787531
v 0.03643285 -0.24339747 0.05787531
v -0.00000000 -0.24339747 0.05787531
v 0.03643285 -0.24339747 0.05787531
v 0.03365956 -0.25733978 0.05787531
v -0.00000000 -0.24339747 0.05787531
v 0.03365956 -0.25733978 0.05787531
v 0.02576190 -0.26915941 0.05787532
v -0.00000000 -0.24339747 0.05787531
v 0.02576190 -0.26915941 0.05787532
v 0.01394223 -0.27705705 0.05787532
v -0.00000000 -0.24339747 0.05787531
v -0.00000002 -0.27983028 0.05787532
v -0.01394226 -0.27705699 0.05787532
v -0.00000000 -0.24339747 0.05787531
v 0.01394223 -0.27705705 0.05787532
v -0.00000002 -0.27983028 0.05787532
v -0.00000000 -0.24339747 0.05787531
v 0.02576192 -0.21763562 0.05787531
v 0.03365957 -0.22945525 0.05787531
v -0.00000000 -0.24339747 0.05787531
v 0.01394226 -0.20973790 0.05787531
v 0.02576192 -0.21763562 0.05787531
v -0.00000000 -0.24339747 0.05787531
v 0.00000001 -0.20696466 0.05787531
v 0.01394226 -0.20973790 0.05787531
v -0.00000000 -0.24339747 0.05787531
v -0.03365957 -0.25733969 0.05787531
v -0.03643285 -0.24339747 0.05787531
vt 0.43699270 0.23910898
vt 0.44023144 0.23911518
vt 0.44026363 0.05942869
vt 0.44026363 0.05942869
vt 0.43703681 0.05925614
vt 0.43699270 0.23910898
vt 0.44026363 0.05942869
vt 0.44023144 0.23911518
vt 0.46057117 0.23913598
vt 0.46057117 0.23913598
vt 0.46055806 0.05940914
vt 0.44026363 0.05942869
vt 0.46055806 0.05940914
vt 0.46057117 0.23913598
vt 0.46380711 0.23913085
vt 0.46380711 0.23913085
vt 0.46378785 0.05923724
vt 0.46055806 0.05940914
vt 0.15293899 0.47498691
vt 0.25070578 0.47498703
vt 0.15294006 0.25274408
vt 0.25070578 0.47498703
vt 0.15672913 0.24871004
vt 0.15294006 0.25274408
vt 0.15350831 0.25053740
vt 0.15294006 0.25274408
vt 0.15672913 0.24871004
vt 0.15672913 0.24871004
vt 0.15458187 0.24939907
vt 0.15350831 0.25053740
vt 0.20126972 0.24648064
vt 0.15672913 0.24871004
vt 0.25070578 0.47498703
vt 0.23418173 0.24570948
vt 0.20126972 0.24648064
vt 0.25070578 0.47498703
vt 0.26710442 0.24570811
vt 0.23418173 0.24570948
vt 0.25070578 0.47498703
vt 0.29999897 0.24647582
vt 0.26710442 0.24570811
vt 0.25070578 0.47498703
vt 0.34468469 0.24871087
vt 0.29999897 0.24647582
vt 0.25070578 0.47498703
vt 0.25070578 0.47498703
vt 0.34847370 0.25274497
vt 0.34468469 0.24871087
vt 0.25070578 0.47498703
vt 0.34847268 0.47498769
vt 0.34847370 0.25274497
vt 0.34468469 0.24871087
vt 0.34847370 0.25274497
vt 0.34790537 0.25053823
vt 0.34790537 0.25053823
vt 0.34683195 0.24939996
vt 0.34468469 0.24871087
vt 0.22145060 0.06135064
vt 0.22150227 0.24145544
vt 0.22473039 0.24127138
vt 0.22473039 0.24127138
vt 0.22468634 0.06132084
vt 0.22145060 0.06135064
vt 0.12657228 0.18165100
vt 0.12570417 0.18605721
vt 0.21388669 0.24123991
vt 0.12570417 0.18605721
vt 0.12657228 0.18165100
vt 0.12543291 0.18165529
vt 0.12543291 0.18165529
vt 0.12464577 0.18561202
vt 0.12570417 0.18605721
vt 0.12570417 0.18605721
vt 0.12464577 0.18561202
vt 0.12242178 0.18897825
vt 0.12543291 0.18165529
vt 0.12657228 0.18165100
vt 0.12571704 0.17726916
vt 0.12571704 0.17726916
vt 0.12465999 0.17770356
vt 0.12543291 0.18165529
vt 0.12243981 0.17434865
vt 0.12465999 0.17770356
vt 0.12571704 0.17726916
vt 0.12571704 0.17726916
vt 0.12657228 0.18165100
vt 0.21441093 0.06165808
vt 0.21388669 0.24123991
vt 0.21441093 0.06165808
vt 0.12657228 0.18165100
vt 0.12571704 0.17726916
vt 0.12325603 0.17353851
vt 0.12243981 0.17434865
vt 0.21441093 0.06165808
vt 0.21388669 0.24123991
vt 0.21711057 0.24144727
vt 0.21711057 0.24144727
vt 0.21764907 0.06172335
vt 0.21441093 0.06165808
vt 0.12570417 0.18605721
vt 0.12322888 0.18979746
vt 0.21388669 0.24123991
vt 0.12242178 0.18897825
vt 0.12322888 0.18979746
vt 0.12570417 0.18605721
vt 0.11514337 0.24146736
vt 0.21388669 0.24123991
vt 0.12322888 0.18979746
vt 0.11951188 0.19229376
vt 0.12322888 0.18979746
vt 0.12242178 0.18897825
vt 0.12322888 0.18979746
vt 0.11951188 0.19229376
vt 0.11514337 0.24146736
vt 0.12242178 0.18897825
vt 0.11908842 0.19122756
vt 0.11951188 0.19229376
vt 0.11951188 0.19229376
vt 0.11908842 0.19122756
vt 0.11516479 0.19202268
vt 0.11951188 0.19229376
vt 0.11516122 0.19317645
vt 0.11514337 0.24146736
vt 0.11516479 0.19202268
vt 0.11516122 0.19317645
vt 0.11951188 0.19229376
vt 0.11081136 0.19229722
vt 0.11516122 0.19317645
vt 0.11516479 0.19202268
vt 0.11516122 0.19317645
vt 0.11081136 0.19229722
vt 0.11514337 0.24146736
vt 0.11516479 0.19202268
vt 0.11124150 0.19123513
vt 0.11081136 0.19229722
vt 0.11081136 0.19229722
vt 0.11124150 0.19123513
vt 0.10790855 0.18898714
vt 0.11514337 0.24146736
vt 0.11081136 0.19229722
vt 0.10709585 0.18979919
vt 0.10790855 0.18898714
vt 0.10709585 0.18979919
vt 0.11081136 0.19229722
vt 0.10709585 0.18979919
vt 0.01640025 0.24116331
vt 0.11514337 0.24146736
vt 0.10462288 0.18605793
vt 0.10709585 0.18979919
vt 0.10790855 0.18898714
vt 0.10462288 0.18605793
vt 0.01640025 0.24116331
vt 0.10709585 0.18979919
vt 0.10790855 0.18898714
vt 0.10568384 0.18562305
vt 0.10462288 0.18605793
vt 0.10462288 0.18605793
vt 0.10568384 0.18562305
vt 0.10490639 0.18165779
vt 0.01275596 0.06168193
vt 0.01317374 0.24136806
vt 0.01640025 0.24116331
vt 0.01640025 0.24116331
vt 0.01599169 0.06161869
vt 0.01275596 0.06168193
vt 0.01640025 0.24116331
vt 0.10462288 0.18605793
vt 0.10376606 0.18164629
vt 0.10376606 0.18164629
vt 0.01599169 0.06161869
vt 0.01640025 0.24116331
vt 0.10490639 0.18165779
vt 0.10376606 0.18164629
vt 0.10462288 0.18605793
vt 0.10462225 0.17726302
vt 0.10376606 0.18164629
vt 0.10490639 0.18165779
vt 0.10462225 0.17726302
vt 0.01599169 0.06161869
vt 0.10376606 0.18164629
vt 0.10490639 0.18165779
vt 0.10567672 0.17770201
vt 0.10462225 0.17726302
vt 0.10462225 0.17726302
vt 0.10567672 0.17770201
vt 0.10789401 0.17434716
vt 0.11519805 0.05955851
vt 0.01599169 0.06161869
vt 0.10462225 0.17726302
vt 0.10789401 0.17434716
vt 0.10708401 0.17353237
vt 0.10462225 0.17726302
vt 0.10462225 0.17726302
vt 0.10708401 0.17353237
vt 0.11519805 0.05955851
vt 0.11079303 0.17105114
vt 0.10708401 0.17353237
vt 0.10789401 0.17434716
vt 0.11079303 0.17105114
vt 0.11519805 0.05955851
vt 0.10708401 0.17353237
vt 0.10789401 0.17434716
vt 0.11122913 0.17211074
vt 0.11079303 0.17105114
vt 0.11079303 0.17105114
vt 0.11122913 0.17211074
vt 0.11516706 0.17132592
vt 0.11516706 0.17132592
vt 0.11517090 0.17018056
vt 0.11079303 0.17105114
vt 0.11517090 0.17018056
vt 0.11519805 0.05955851
vt 0.11079303 0.17105114
vt 0.11954827 0.17105460
vt 0.11517090 0.17018056
vt 0.11516706 0.17132592
vt 0.11517090 0.17018056
vt 0.11954827 0.17105460
vt 0.11519805 0.05955851
vt 0.11516706 0.17132592
vt 0.11910481 0.17211139
vt 0.11954827 0.17105460
vt 0.11954827 0.17105460
vt 0.11910481 0.17211139
vt 0.12243981 0.17434865
vt 0.12243981 0.17434865
vt 0.12325603 0.17353851
vt 0.11954827 0.17105460
vt 0.11954827 0.17105460
vt 0.12325603 0.17353851
vt 0.11519805 0.05955851
vt 0.11519805 0.05955851
vt 0.12325603 0.17353851
vt 0.12571704 0.17726916
vt 0.12571704 0.17726916
vt 0.21441093 0.06165808
vt 0.11519805 0.05955851
vt 0.21440876 0.05784404
vt 0.11519805 0.05955851
vt 0.21441093 0.06165808
vt 0.01599446 0.05780518
vt 0.01599169 0.06161869
vt 0.11519805 0.05955851
vt 0.11519898 0.05193830
vt 0.11519805 0.05955851
vt 0.21440876 0.05784404
vt 0.01599446 0.05780518
vt 0.11519805 0.05955851
vt 0.11519898 0.05193830
vt 0.01275921 0.05399638
vt 0.01276115 0.05780876
vt 0.01599446 0.05780518
vt 0.01599446 0.05780518
vt 0.01599655 0.05399203
vt 0.01275921 0.05399638
vt 0.11519898 0.05193830
vt 0.01599655 0.05399203
vt 0.01599446 0.05780518
vt 0.21440876 0.05784404
vt 0.21440740 0.05403024
vt 0.11519898 0.05193830
vt 0.21440740 0.05403024
vt 0.21440876 0.05784404
vt 0.21764204 0.05784827
vt 0.21764204 0.05784827
vt 0.21764484 0.05403560
vt 0.21440740 0.05403024
vt 0.21440621 0.05021662
vt 0.11519898 0.05193830
vt 0.21440740 0.05403024
vt 0.01599838 0.05017889
vt 0.01599655 0.05399203
vt 0.11519898 0.05193830
vt 0.11519987 0.04431725
vt 0.11519898 0.05193830
vt 0.21440621 0.05021662
vt 0.01599838 0.05017889
vt 0.11519898 0.05193830
vt 0.11519987 0.04431725
vt 0.21440621 0.05021662
vt 0.21440582 0.04640329
vt 0.11519987 0.04431725
vt 0.21440582 0.04640329
vt 0.21440621 0.05021662
vt 0.21763983 0.05022079
vt 0.21763983 0.05022079
vt 0.21764287 0.04640830
vt 0.21440582 0.04640329
vt 0.21440570 0.04259008
vt 0.11519987 0.04431725
vt 0.21440582 0.04640329
vt 0.01276253 0.04637015
vt 0.01276474 0.05018240
vt 0.01599838 0.05017889
vt 0.01599838 0.05017889
vt 0.01599956 0.04636598
vt 0.01276253 0.04637015
vt 0.11519987 0.04431725
vt 0.01599956 0.04636598
vt 0.01599838 0.05017889
vt 0.01600043 0.04255319
vt 0.01599956 0.04636598
vt 0.11519987 0.04431725
vt 0.01276395 0.03874457
vt 0.01276639 0.04255670
vt 0.01600043 0.04255319
vt 0.01600043 0.04255319
vt 0.01600061 0.03874069
vt 0.01276395 0.03874457
vt 0.11520088 0.03669542
vt 0.01600061 0.03874069
vt 0.01600043 0.04255319
vt 0.01600043 0.04255319
vt 0.11519987 0.04431725
vt 0.11520088 0.03669542
vt 0.11519987 0.04431725
vt 0.21440570 0.04259008
vt 0.21440630 0.03877717
vt 0.21440630 0.03877717
vt 0.11520088 0.03669542
vt 0.11519987 0.04431725
vt 0.21440630 0.03877717
vt 0.21440570 0.04259008
vt 0.21763963 0.04259425
vt 0.21763963 0.04259425
vt 0.21764299 0.03878194
vt 0.21440630 0.03877717
vt 0.21440716 0.03496444
vt 0.11520088 0.03669542
vt 0.21440630 0.03877717
vt 0.01600045 0.03492826
vt 0.01600061 0.03874069
vt 0.11520088 0.03669542
vt 0.11520088 0.03669542
vt 0.21440716 0.03496444
vt 0.21440876 0.03115183
vt 0.21440876 0.03115183
vt 0.21440716 0.03496444
vt 0.21764144 0.03496855
vt 0.21764144 0.03496855
vt 0.21764508 0.03115642
vt 0.21440876 0.03115183
vt 0.21440876 0.03115183
vt 0.11520174 0.02907282
vt 0.11520088 0.03669542
vt 0.01600045 0.03492826
vt 0.11520088 0.03669542
vt 0.11520174 0.02907282
vt 0.21441071 0.02733958
vt 0.11520174 0.02907282
vt 0.21440876 0.03115183
vt 0.01276338 0.03111970
vt 0.01276615 0.03493172
vt 0.01600045 0.03492826
vt 0.01600045 0.03492826
vt 0.01599975 0.03111607
vt 0.01276338 0.03111970
vt 0.11520174 0.02907282
vt 0.01599975 0.03111607
vt 0.01600045 0.03492826
vt 0.01599853 0.02730393
vt 0.01599975 0.03111607
vt 0.11520174 0.02907282
vt 0.21436274 0.01897353
vt 0.11520174 0.02907282
vt 0.21441071 0.02733958
vt 0.21436274 0.01897353
vt 0.21441071 0.02733958
vt 0.21765739 0.02730131
vt 0.21765739 0.02730131
vt 0.21758762 0.01852477
vt 0.21436274 0.01897353
vt 0.21367402 0.01631314
vt 0.21436274 0.01897353
vt 0.21758762 0.01852477
vt 0.21758762 0.01852477
vt 0.21656045 0.01470292
vt 0.21367402 0.01631314
vt 0.21367402 0.01631314
vt 0.21656045 0.01470292
vt 0.21396300 0.01192945
vt 0.21396300 0.01192945
vt 0.21217351 0.01471573
vt 0.21367402 0.01631314
vt 0.21217351 0.01471573
vt 0.21396300 0.01192945
vt 0.21018848 0.01066542
vt 0.21367402 0.01631314
vt 0.21217351 0.01471573
vt 0.20958713 0.01387137
vt 0.21018848 0.01066542
vt 0.20958713 0.01387137
vt 0.21217351 0.01471573
vt 0.20958713 0.01387137
vt 0.21436274 0.01897353
vt 0.21367402 0.01631314
vt 0.20958713 0.01387137
vt 0.21018848 0.01066542
vt 0.16486818 0.00829875
vt 0.21436274 0.01897353
vt 0.20958713 0.01387137
vt 0.16474321 0.01153332
vt 0.16486818 0.00829875
vt 0.16474321 0.01153332
vt 0.20958713 0.01387137
vt 0.16474321 0.01153332
vt 0.11520174 0.02907282
vt 0.21436274 0.01897353
vt 0.16474321 0.01153332
vt 0.16486818 0.00829875
vt 0.13176847 0.00747448
vt 0.13176847 0.00747448
vt 0.13172832 0.01070976
vt 0.16474321 0.01153332
vt 0.13172832 0.01070976
vt 0.11520174 0.02907282
vt 0.16474321 0.01153332
vt 0.09867991 0.01070386
vt 0.13172832 0.01070976
vt 0.13176847 0.00747448
vt 0.09867991 0.01070386
vt 0.11520174 0.02907282
vt 0.13172832 0.01070976
vt 0.13176847 0.00747448
vt 0.09864084 0.00746858
vt 0.09867991 0.01070386
vt 0.06566463 0.01151568
vt 0.09867991 0.01070386
vt 0.09864084 0.00746858
vt 0.06566463 0.01151568
vt 0.11520174 0.02907282
vt 0.09867991 0.01070386
vt 0.09864084 0.00746858
vt 0.06554074 0.00828099
vt 0.06566463 0.01151568
vt 0.01605141 0.01893854
vt 0.11520174 0.02907282
vt 0.06566463 0.01151568
vt 0.01605141 0.01893854
vt 0.01599853 0.02730393
vt 0.11520174 0.02907282
vt 0.01275094 0.02726263
vt 0.01599853 0.02730393
vt 0.01605141 0.01893854
vt 0.01605141 0.01893854
vt 0.01282543 0.01848376
vt 0.01275094 0.02726263
vt 0.02082820 0.01383823
vt 0.06566463 0.01151568
vt 0.06554074 0.00828099
vt 0.06566463 0.01151568
vt 0.02082820 0.01383823
vt 0.01605141 0.01893854
vt 0.06554074 0.00828099
vt 0.02023040 0.01063228
vt 0.02082820 0.01383823
vt 0.01823987 0.01468128
vt 0.02082820 0.01383823
vt 0.02023040 0.01063228
vt 0.02023040 0.01063228
vt 0.01646498 0.01189375
vt 0.01823987 0.01468128
vt 0.01674204 0.01627952
vt 0.01605141 0.01893854
vt 0.02082820 0.01383823
vt 0.01282543 0.01848376
vt 0.01605141 0.01893854
vt 0.01674204 0.01627952
vt 0.02082820 0.01383823
vt 0.01823987 0.01468128
vt 0.01674204 0.01627952
vt 0.01674204 0.01627952
vt 0.01823987 0.01468128
vt 0.01646498 0.01189375
vt 0.01674204 0.01627952
vt 0.01385461 0.01465517
vt 0.01282543 0.01848376
vt 0.01646498 0.01189375
vt 0.01385461 0.01465517
vt 0.01674204 0.01627952
vt 0.30793110 0.22234923
vt 0.28360853 0.21967483
vt 0.30822507 0.22309351
vt 0.30824408 0.22161365
vt 0.28360853 0.21967483
vt 0.30793110 0.22234923
vt 0.30898377 0.22131020
vt 0.28360853 0.21967483
vt 0.30824408 0.22161365
vt 0.32360831 0.21966803
vt 0.28360853 0.21967483
vt 0.30898377 0.22131020
vt 0.30898377 0.22131020
vt 0.32361087 0.22130948
vt 0.32360831 0.21966803
vt 0.28360853 0.21967483
vt 0.24363992 0.21967930
vt 0.22473039 0.24127138
vt 0.23987035 0.21814090
vt 0.22473039 0.24127138
vt 0.24363992 0.21967930
vt 0.22473039 0.24127138
vt 0.32363722 0.24131423
vt 0.28360853 0.21967483
vt 0.23831369 0.21438527
vt 0.22473039 0.24127138
vt 0.23987035 0.21814090
vt 0.32327637 0.23850954
vt 0.32266229 0.23814380
vt 0.32363722 0.24131423
vt 0.22468634 0.06132084
vt 0.22473039 0.24127138
vt 0.23831369 0.21438527
vt 0.23831369 0.21438527
vt 0.23830381 0.08255178
vt 0.22468634 0.06132084
vt 0.23986542 0.07874560
vt 0.22468634 0.06132084
vt 0.23830381 0.08255178
vt 0.24364243 0.07719338
vt 0.22468634 0.06132084
vt 0.23986542 0.07874560
vt 0.32460395 0.23814344
vt 0.32399085 0.23850942
vt 0.32363722 0.24131423
vt 0.32399085 0.23850942
vt 0.32327637 0.23850954
vt 0.32363722 0.24131423
vt 0.45244882 0.47496432
vt 0.55021572 0.47496408
vt 0.55021513 0.25272137
vt 0.45244882 0.47496432
vt 0.55021513 0.25272137
vt 0.54642594 0.24868739
vt 0.54642594 0.24868739
vt 0.55021513 0.25272137
vt 0.54964685 0.25051475
vt 0.54964685 0.25051475
vt 0.54857326 0.24937642
vt 0.54642594 0.24868739
vt 0.54642594 0.24868739
vt 0.50174034 0.24645257
vt 0.45244882 0.47496432
vt 0.50174034 0.24645257
vt 0.46884584 0.24568516
vt 0.45244882 0.47496432
vt 0.46884584 0.24568516
vt 0.43592298 0.24568677
vt 0.45244882 0.47496432
vt 0.43592298 0.24568677
vt 0.40301102 0.24645817
vt 0.45244882 0.47496432
vt 0.40301102 0.24645817
vt 0.35847056 0.24868786
vt 0.45244882 0.47496432
vt 0.45244882 0.47496432
vt 0.35847056 0.24868786
vt 0.35468137 0.25272191
vt 0.45244882 0.47496432
vt 0.35468137 0.25272191
vt 0.35468203 0.47496468
vt 0.35524970 0.25051516
vt 0.35468137 0.25272191
vt 0.35847056 0.24868786
vt 0.35847056 0.24868786
vt 0.35632324 0.24937695
vt 0.35524970 0.25051516
vt 0.30822507 0.22309351
vt 0.28360853 0.21967483
vt 0.32363722 0.24131423
vt 0.32363722 0.24131423
vt 0.32266229 0.23814380
vt 0.30822507 0.22309351
vt 0.32363722 0.24131423
vt 0.36362469 0.21965581
vt 0.33900470 0.22308666
vt 0.33900470 0.22308666
vt 0.32460395 0.23814344
vt 0.32363722 0.24131423
vt 0.24695832 0.09581840
vt 0.26379216 0.09678864
vt 0.26379216 0.09484833
vt 0.26379216 0.09484833
vt 0.26379216 0.09678864
vt 0.26415807 0.09617549
vt 0.26415807 0.09617549
vt 0.26415807 0.09546149
vt 0.26379216 0.09484833
vt 0.24874282 0.11120319
vt 0.26379216 0.09678864
vt 0.24695832 0.09581840
vt 0.24874282 0.11120319
vt 0.24695832 0.09581840
vt 0.24695832 0.11044145
vt 0.24799806 0.11149615
vt 0.24874282 0.11120319
vt 0.24695832 0.11044145
vt 0.24799806 0.11149615
vt 0.24695832 0.11044145
vt 0.24726194 0.11118191
vt 0.24695849 0.08119541
vt 0.24695832 0.09581840
vt 0.26379216 0.09484833
vt 0.24695849 0.08119541
vt 0.26379216 0.09484833
vt 0.24874288 0.08043367
vt 0.24695849 0.08119541
vt 0.24874288 0.08043367
vt 0.24799818 0.08014071
vt 0.24695849 0.08119541
vt 0.24799818 0.08014071
vt 0.24726212 0.08045495
vt 0.50998491 0.22981286
vt 0.50994605 0.00756997
vt 0.49209434 0.00757313
vt 0.49209434 0.00757313
vt 0.49213314 0.22981596
vt 0.50998491 0.22981286
vt 0.50998527 0.23209155
vt 0.50998491 0.22981286
vt 0.49213314 0.22981596
vt 0.49213314 0.22981596
vt 0.49213356 0.23209465
vt 0.50998527 0.23209155
vt 0.50998563 0.23365629
vt 0.50998527 0.23209155
vt 0.49213356 0.23209465
vt 0.49213356 0.23209465
vt 0.49213386 0.23365939
vt 0.50998563 0.23365629
vt 0.13565797 0.32998234
vt 0.13566077 0.37001050
vt 0.13686275 0.37001044
vt 0.13686275 0.37001044
vt 0.13566077 0.37001050
vt 0.13566363 0.41003859
vt 0.13686275 0.37001044
vt 0.13685995 0.32998228
vt 0.13565797 0.32998234
vt 0.13566363 0.41003859
vt 0.13686562 0.41003847
vt 0.13686275 0.37001044
vt 0.13686562 0.41003847
vt 0.13566363 0.41003859
vt 0.13566399 0.41412067
vt 0.13566399 0.41412067
vt 0.13686591 0.41412055
vt 0.13686562 0.41003847
vt 0.13565499 0.28995425
vt 0.13565797 0.32998234
vt 0.13685995 0.32998228
vt 0.13685995 0.32998228
vt 0.13685697 0.28995413
vt 0.13565499 0.28995425
vt 0.13565201 0.24992609
vt 0.13565499 0.28995425
vt 0.13685697 0.28995413
vt 0.13685697 0.28995413
vt 0.13685399 0.24992603
vt 0.13565201 0.24992609
vt 0.13565201 0.24992609
vt 0.13685399 0.24992603
vt 0.13685381 0.24584395
vt 0.13685381 0.24584395
vt 0.13565189 0.24584407
vt 0.13565201 0.24992609
vt 0.32812095 0.13740849
vt 0.32935750 0.13740861
vt 0.32935756 0.13669455
vt 0.32935756 0.13669455
vt 0.32812107 0.13669455
vt 0.32812095 0.13740849
vt 0.32935750 0.13740861
vt 0.32812095 0.13740849
vt 0.32811946 0.15824759
vt 0.32811946 0.15824759
vt 0.32935601 0.15824771
vt 0.32935750 0.13740861
vt 0.32935601 0.15824771
vt 0.32811946 0.15824759
vt 0.32811946 0.15904796
vt 0.32811946 0.15904796
vt 0.32935601 0.15904802
vt 0.32935601 0.15824771
vt 0.21681297 0.00746858
vt 0.21681285 0.00870502
vt 0.21752691 0.00870508
vt 0.21752691 0.00870508
vt 0.21752691 0.00746864
vt 0.21681297 0.00746858
vt 0.34095031 0.13575077
vt 0.33971375 0.13575107
vt 0.33971399 0.13646501
vt 0.33971399 0.13646501
vt 0.34095049 0.13646483
vt 0.34095031 0.13575077
vt 0.34095049 0.13646483
vt 0.33971399 0.13646501
vt 0.33971786 0.15730387
vt 0.33971786 0.15730387
vt 0.34095442 0.15730363
vt 0.34095049 0.13646483
vt 0.34095442 0.15730363
vt 0.33971786 0.15730387
vt 0.33971804 0.15810418
vt 0.33971804 0.15810418
vt 0.34095454 0.15810394
vt 0.34095442 0.15730363
vt 0.32811934 0.15984827
vt 0.32935584 0.15984839
vt 0.32935601 0.15904802
vt 0.32935601 0.15904802
vt 0.32811946 0.15904796
vt 0.32811934 0.15984827
vt 0.32472277 0.16621137
vt 0.32348627 0.16621149
vt 0.32348633 0.16701186
vt 0.32348633 0.16701186
vt 0.32472289 0.16701168
vt 0.32472277 0.16621137
vt 0.32348627 0.16621149
vt 0.32472277 0.16621137
vt 0.32472050 0.15158820
vt 0.32472050 0.15158820
vt 0.32348400 0.15158832
vt 0.32348627 0.16621149
vt 0.32348174 0.13696522
vt 0.32348400 0.15158832
vt 0.32472050 0.15158820
vt 0.32472050 0.15158820
vt 0.32471818 0.13696504
vt 0.32348174 0.13696522
vt 0.32348174 0.13696522
vt 0.32471818 0.13696504
vt 0.32471812 0.13616467
vt 0.32471812 0.13616467
vt 0.32348156 0.13616484
vt 0.32348174 0.13696522
vt 0.14029038 0.38148707
vt 0.14149225 0.38148731
vt 0.14151311 0.24991530
vt 0.14149225 0.38148731
vt 0.14029038 0.38148707
vt 0.14028955 0.38556910
vt 0.14028955 0.38556910
vt 0.14149165 0.38556933
vt 0.14149225 0.38148731
vt 0.14151311 0.24991530
vt 0.14031118 0.24991506
vt 0.14029038 0.38148707
vt 0.14031118 0.24991506
vt 0.14151311 0.24991530
vt 0.14151388 0.24583328
vt 0.14151388 0.24583328
vt 0.14031178 0.24583310
vt 0.14031118 0.24991506
vt 0.33275712 0.09283286
vt 0.34312883 0.09076971
vt 0.33275712 0.08870667
vt 0.33275712 0.08870667
vt 0.34312883 0.09076971
vt 0.33433598 0.08489460
vt 0.33433598 0.09664494
vt 0.34312883 0.09076971
vt 0.33275712 0.09283286
vt 0.33433598 0.08489460
vt 0.34312883 0.09076971
vt 0.33725363 0.08197695
vt 0.33725375 0.09956259
vt 0.34312883 0.09076971
vt 0.33433598 0.09664494
vt 0.33725363 0.08197695
vt 0.34312883 0.09076971
vt 0.34106576 0.08039796
vt 0.34106576 0.10114157
vt 0.34312883 0.09076971
vt 0.33725375 0.09956259
vt 0.34106576 0.08039796
vt 0.34312883 0.09076971
vt 0.34519190 0.08039796
vt 0.34519190 0.10114157
vt 0.34312883 0.09076971
vt 0.34106576 0.10114157
vt 0.34519190 0.08039796
vt 0.34312883 0.09076971
vt 0.34900415 0.08197689
vt 0.34900415 0.09956253
vt 0.34312883 0.09076971
vt 0.34519190 0.10114157
vt 0.34900415 0.08197689
vt 0.34312883 0.09076971
vt 0.35192168 0.08489454
vt 0.35192168 0.09664488
vt 0.34312883 0.09076971
vt 0.34900415 0.09956253
vt 0.35192168 0.08489454
vt 0.34312883 0.09076971
vt 0.35350066 0.08870661
vt 0.35350066 0.09283280
vt 0.34312883 0.09076971
vt 0.35192168 0.09664488
vt 0.35350066 0.08870661
vt 0.34312883 0.09076971
vt 0.35350066 0.09283280
vt 0.33929655 0.22234219
vt 0.33900470 0.22308666
vt 0.36362469 0.21965581
vt 0.33824050 0.22130352
vt 0.33898133 0.22160667
vt 0.36362469 0.21965581
vt 0.33898133 0.22160667
vt 0.33929655 0.22234219
vt 0.36362469 0.21965581
vt 0.40328991 0.14017719
vt 0.40000737 0.14017677
vt 0.40000695 0.14430296
vt 0.40000695 0.14430296
vt 0.40328944 0.14430332
vt 0.40328991 0.14017719
vt 0.40328944 0.14430332
vt 0.40000695 0.14430296
vt 0.40000653 0.14842916
vt 0.40000653 0.14842916
vt 0.40328896 0.14842951
vt 0.40328944 0.14430332
vt 0.40328896 0.14842951
vt 0.40000653 0.14842916
vt 0.40000612 0.15255535
vt 0.40000612 0.15255535
vt 0.40328860 0.15255564
vt 0.40328896 0.14842951
vt 0.40328860 0.15255564
vt 0.40000612 0.15255535
vt 0.40000570 0.15668148
vt 0.40000570 0.15668148
vt 0.40328819 0.15668178
vt 0.40328860 0.15255564
vt 0.40328819 0.15668178
vt 0.40000570 0.15668148
vt 0.40000522 0.16080761
vt 0.40000522 0.16080761
vt 0.40328777 0.16080797
vt 0.40328819 0.15668178
vt 0.40328777 0.16080797
vt 0.40000522 0.16080761
vt 0.40000474 0.16493380
vt 0.40000474 0.16493380
vt 0.40328729 0.16493416
vt 0.40328777 0.16080797
vt 0.01651400 0.24265140
vt 0.11514241 0.24295950
vt 0.11514337 0.24146736
vt 0.11514337 0.24146736
vt 0.11514241 0.24295950
vt 0.21377119 0.24272799
vt 0.11514337 0.24146736
vt 0.01640025 0.24116331
vt 0.01651400 0.24265140
vt 0.01382355 0.24287033
vt 0.01651400 0.24265140
vt 0.01640025 0.24116331
vt 0.01640025 0.24116331
vt 0.01317374 0.24136806
vt 0.01382355 0.24287033
vt 0.21377119 0.24272799
vt 0.21388669 0.24123991
vt 0.11514337 0.24146736
vt 0.21388669 0.24123991
vt 0.21377119 0.24272799
vt 0.21645996 0.24294919
vt 0.21645996 0.24294919
vt 0.21711057 0.24144727
vt 0.21388669 0.24123991
vt 0.39633054 0.15017462
vt 0.39633089 0.14604837
vt 0.39304841 0.14604813
vt 0.39304841 0.14604813
vt 0.39304817 0.15017432
vt 0.39633054 0.15017462
vt 0.39304876 0.14192188
vt 0.39304841 0.14604813
vt 0.39633089 0.14604837
vt 0.39633089 0.14604837
vt 0.39633119 0.14192218
vt 0.39304876 0.14192188
vt 0.10201925 0.24923122
vt 0.09867090 0.24919772
vt 0.09867090 0.34801942
vt 0.10201925 0.24923122
vt 0.10102874 0.24683988
vt 0.09867090 0.24919772
vt 0.09867090 0.34801942
vt 0.10201919 0.34801942
vt 0.10201925 0.24923122
vt 0.10102874 0.24683988
vt 0.09863743 0.24584931
vt 0.09867090 0.24919772
vt 0.10201919 0.44680768
vt 0.10201919 0.34801942
vt 0.09867090 0.34801942
vt 0.09867090 0.34801942
vt 0.09867081 0.44684124
vt 0.10201919 0.44680768
vt 0.10102868 0.44919902
vt 0.10201919 0.44680768
vt 0.09867081 0.44684124
vt 0.09863725 0.45018959
vt 0.10102868 0.44919902
vt 0.09867081 0.44684124
vt 0.07870930 0.24919772
vt 0.09867090 0.24919772
vt 0.09863743 0.24584931
vt 0.09863743 0.24584931
vt 0.07874286 0.24584931
vt 0.07870930 0.24919772
vt 0.07874286 0.24584931
vt 0.07635146 0.24683982
vt 0.07870930 0.24919772
vt 0.07635146 0.24683982
vt 0.07536089 0.24923122
vt 0.07870930 0.24919772
vt 0.07870930 0.34801942
vt 0.07870930 0.24919772
vt 0.07536089 0.24923122
vt 0.07536089 0.24923122
vt 0.07536083 0.34801948
vt 0.07870930 0.34801942
vt 0.07870930 0.34801942
vt 0.07536083 0.34801948
vt 0.07536083 0.44680768
vt 0.07536083 0.44680768
vt 0.07870919 0.44684124
vt 0.07870930 0.34801942
vt 0.09863725 0.45018959
vt 0.09867081 0.44684124
vt 0.07870919 0.44684124
vt 0.07536083 0.44680768
vt 0.07635134 0.44919902
vt 0.07870919 0.44684124
vt 0.07870919 0.44684124
vt 0.07874280 0.45018953
vt 0.09863725 0.45018959
vt 0.07635134 0.44919902
vt 0.07874280 0.45018953
vt 0.07870919 0.44684124
vt 0.25070581 0.47647917
vt 0.34952769 0.47647959
vt 0.34847268 0.47498769
vt 0.34847268 0.47498769
vt 0.25070578 0.47498703
vt 0.25070581 0.47647917
vt 0.25070581 0.47647917
vt 0.25070578 0.47498703
vt 0.15293899 0.47498691
vt 0.15293899 0.47498691
vt 0.15188405 0.47647864
vt 0.25070581 0.47647917
vt 0.40000844 0.11661828
vt 0.40329075 0.11661887
vt 0.40329152 0.11249268
vt 0.40329152 0.11249268
vt 0.40000910 0.11249208
vt 0.40000844 0.11661828
vt 0.40329075 0.11661887
vt 0.40000844 0.11661828
vt 0.40000761 0.12074447
vt 0.40000761 0.12074447
vt 0.40329015 0.12074500
vt 0.40329075 0.11661887
vt 0.40329015 0.12074500
vt 0.40000761 0.12074447
vt 0.40000689 0.12487054
vt 0.40000689 0.12487054
vt 0.40328926 0.12487113
vt 0.40329015 0.12074500
vt 0.40328926 0.12487113
vt 0.40000689 0.12487054
vt 0.40000612 0.12899673
vt 0.40000612 0.12899673
vt 0.40328866 0.12899733
vt 0.40328926 0.12487113
vt 0.40328866 0.12899733
vt 0.40000612 0.12899673
vt 0.40000528 0.13312292
vt 0.40000528 0.13312292
vt 0.40328783 0.13312346
vt 0.40328866 0.12899733
vt 0.40328783 0.13312346
vt 0.40000528 0.13312292
vt 0.40000474 0.13724905
vt 0.40000474 0.13724905
vt 0.40328705 0.13724959
vt 0.40328783 0.13312346
vt 0.34095454 0.15810394
vt 0.33971804 0.15810418
vt 0.33971822 0.15890455
vt 0.33971822 0.15890455
vt 0.34095466 0.15890431
vt 0.34095454 0.15810394
vt 0.32360831 0.21966803
vt 0.32361087 0.22130948
vt 0.33824050 0.22130352
vt 0.33824050 0.22130352
vt 0.36362469 0.21965581
vt 0.32360831 0.21966803
vt 0.38377291 0.14723039
vt 0.38377255 0.15135658
vt 0.38705498 0.15135682
vt 0.38705498 0.15135682
vt 0.38705546 0.14723063
vt 0.38377291 0.14723039
vt 0.38377315 0.14310420
vt 0.38377291 0.14723039
vt 0.38705546 0.14723063
vt 0.38705546 0.14723063
vt 0.38705564 0.14310443
vt 0.38377315 0.14310420
vt 0.45244882 0.47645622
vt 0.45244882 0.47496432
vt 0.35468203 0.47496468
vt 0.35468203 0.47496468
vt 0.35362703 0.47645652
vt 0.45244882 0.47645622
vt 0.55021572 0.47496408
vt 0.45244882 0.47496432
vt 0.45244882 0.47645622
vt 0.45244882 0.47645622
vt 0.55127060 0.47645599
vt 0.55021572 0.47496408
vt 0.32840693 0.08060324
vt 0.32540849 0.08307701
vt 0.32690519 0.08385879
vt 0.32690519 0.08385879
vt 0.32928962 0.08191258
vt 0.32840693 0.08060324
vt 0.32433257 0.08728552
vt 0.32690519 0.08385879
vt 0.32540849 0.08307701
vt 0.32928962 0.08191258
vt 0.32690519 0.08385879
vt 0.32433257 0.08728552
vt 0.32540849 0.08307701
vt 0.32274845 0.08684605
vt 0.32433257 0.08728552
vt 0.32433257 0.08728552
vt 0.32344294 0.09138691
vt 0.32928962 0.08191258
vt 0.32344294 0.09138691
vt 0.32433257 0.08728552
vt 0.32274845 0.08684605
vt 0.32274845 0.08684605
vt 0.32189497 0.09124267
vt 0.32344294 0.09138691
vt 0.32928956 0.10706872
vt 0.32928962 0.08191258
vt 0.32344294 0.09138691
vt 0.32271814 0.09944725
vt 0.32344294 0.09138691
vt 0.32189497 0.09124267
vt 0.32344294 0.09138691
vt 0.32271814 0.09944725
vt 0.32928956 0.10706872
vt 0.32189497 0.09124267
vt 0.32116264 0.09941804
vt 0.32271814 0.09944725
vt 0.32271814 0.09944725
vt 0.32116264 0.09941804
vt 0.32142428 0.10757709
vt 0.32142428 0.10757709
vt 0.32298085 0.10750890
vt 0.32271814 0.09944725
vt 0.32928956 0.10706872
vt 0.32271814 0.09944725
vt 0.32298085 0.10750890
vt 0.32298085 0.10750890
vt 0.32142428 0.10757709
vt 0.32230678 0.11580247
vt 0.32230678 0.11580247
vt 0.32384816 0.11559391
vt 0.32298085 0.10750890
vt 0.32298085 0.10750890
vt 0.32384816 0.11559391
vt 0.32928956 0.10706872
vt 0.32384816 0.11559391
vt 0.32230678 0.11580247
vt 0.32350999 0.12392658
vt 0.32928956 0.10706872
vt 0.32384816 0.11559391
vt 0.32505280 0.12372798
vt 0.32350999 0.12392658
vt 0.32505280 0.12372798
vt 0.32384816 0.11559391
vt 0.32505280 0.12372798
vt 0.32923031 0.13216531
vt 0.32928956 0.10706872
vt 0.32505280 0.12372798
vt 0.32350999 0.12392658
vt 0.32463083 0.12829244
vt 0.32463083 0.12829244
vt 0.32615754 0.12792295
vt 0.32505280 0.12372798
vt 0.32923031 0.13216531
vt 0.32505280 0.12372798
vt 0.32615754 0.12792295
vt 0.32615754 0.12792295
vt 0.32463083 0.12829244
vt 0.32630250 0.13153195
vt 0.32615754 0.12792295
vt 0.32777503 0.13088816
vt 0.32923031 0.13216531
vt 0.32630250 0.13153195
vt 0.32777503 0.13088816
vt 0.32615754 0.12792295
vt 0.32837296 0.13348532
vt 0.32923031 0.13216531
vt 0.32777503 0.13088816
vt 0.32777503 0.13088816
vt 0.32630250 0.13153195
vt 0.32837296 0.13348532
vt 0.42207465 0.24273461
vt 0.42220113 0.24124622
vt 0.32363722 0.24131423
vt 0.42220113 0.24124622
vt 0.42207465 0.24273461
vt 0.42477161 0.24295026
vt 0.42477161 0.24295026
vt 0.42542583 0.24144375
vt 0.42220113 0.24124622
vt 0.32363722 0.24131423
vt 0.32363564 0.24280626
vt 0.42207465 0.24273461
vt 0.22485396 0.24275947
vt 0.32363564 0.24280626
vt 0.32363722 0.24131423
vt 0.32363722 0.24131423
vt 0.22473039 0.24127138
vt 0.22485396 0.24275947
vt 0.22215256 0.24296504
vt 0.22485396 0.24275947
vt 0.22473039 0.24127138
vt 0.22473039 0.24127138
vt 0.22150227 0.24145544
vt 0.22215256 0.24296504
vt 0.07106836 0.37680650
vt 0.06775618 0.37678802
vt 0.06673282 0.41084599
vt 0.06673282 0.41084599
vt 0.06994975 0.41298926
vt 0.07106836 0.37680650
vt 0.06255704 0.40897167
vt 0.06673282 0.41084599
vt 0.06775618 0.37678802
vt 0.06855255 0.34428126
vt 0.06775618 0.37678802
vt 0.07106836 0.37680650
vt 0.07106836 0.37680650
vt 0.07192820 0.34428895
vt 0.06855255 0.34428126
vt 0.06775618 0.37678802
vt 0.06342995 0.37677968
vt 0.06255704 0.40897167
vt 0.05814266 0.40838039
vt 0.06255704 0.40897167
vt 0.06342995 0.37677968
vt 0.06775618 0.37678802
vt 0.06855255 0.34428126
vt 0.06411225 0.34427810
vt 0.06411225 0.34427810
vt 0.06342995 0.37677968
vt 0.06775618 0.37678802
vt 0.06855160 0.31474864
vt 0.06855255 0.34428126
vt 0.07192820 0.34428895
vt 0.07192820 0.34428895
vt 0.07192779 0.31474066
vt 0.06855160 0.31474864
vt 0.06855160 0.31474864
vt 0.07192779 0.31474066
vt 0.07106468 0.28222275
vt 0.06855255 0.34428126
vt 0.06855160 0.31474864
vt 0.06411099 0.31475204
vt 0.06411099 0.31475204
vt 0.06411225 0.34427810
vt 0.06855255 0.34428126
vt 0.07106468 0.28222275
vt 0.06775266 0.28224158
vt 0.06855160 0.31474864
vt 0.06411099 0.31475204
vt 0.06855160 0.31474864
vt 0.06775266 0.28224158
vt 0.06672585 0.24818337
vt 0.06775266 0.28224158
vt 0.07106468 0.28222275
vt 0.07106468 0.28222275
vt 0.06994234 0.24603975
vt 0.06672585 0.24818337
vt 0.06775266 0.28224158
vt 0.06672585 0.24818337
vt 0.06255007 0.25005817
vt 0.06255007 0.25005817
vt 0.06342643 0.28225017
vt 0.06775266 0.28224158
vt 0.06775266 0.28224158
vt 0.06342643 0.28225017
vt 0.06411099 0.31475204
vt 0.06342643 0.28225017
vt 0.06255007 0.25005817
vt 0.05813587 0.25064993
vt 0.05935979 0.34427911
vt 0.06411225 0.34427810
vt 0.06411099 0.31475204
vt 0.06342995 0.37677968
vt 0.06411225 0.34427810
vt 0.05935979 0.34427911
vt 0.05935866 0.31475139
vt 0.06411099 0.31475204
vt 0.06342643 0.28225017
vt 0.06411099 0.31475204
vt 0.05935866 0.31475139
vt 0.05935979 0.34427911
vt 0.05813587 0.25064993
vt 0.05882210 0.28224921
vt 0.06342643 0.28225017
vt 0.06342643 0.28225017
vt 0.05882210 0.28224921
vt 0.05935866 0.31475139
vt 0.05882210 0.28224921
vt 0.05813587 0.25064993
vt 0.04995292 0.25117266
vt 0.05935979 0.34427911
vt 0.05882585 0.37678123
vt 0.06342995 0.37677968
vt 0.06342995 0.37677968
vt 0.05882585 0.37678123
vt 0.05814266 0.40838039
vt 0.04995978 0.40785837
vt 0.05814266 0.40838039
vt 0.05882585 0.37678123
vt 0.05882585 0.37678123
vt 0.05935979 0.34427911
vt 0.05054158 0.34428096
vt 0.05054158 0.34428096
vt 0.05935979 0.34427911
vt 0.05935866 0.31475139
vt 0.05882585 0.37678123
vt 0.05028647 0.37678397
vt 0.04995978 0.40785837
vt 0.05054158 0.34428096
vt 0.05028647 0.37678397
vt 0.05882585 0.37678123
vt 0.04995978 0.40785837
vt 0.05028647 0.37678397
vt 0.04177076 0.37678593
vt 0.04177076 0.37678593
vt 0.04180086 0.40805137
vt 0.04995978 0.40785837
vt 0.05028647 0.37678397
vt 0.05054158 0.34428096
vt 0.04174697 0.34428227
vt 0.04174697 0.34428227
vt 0.04177076 0.37678593
vt 0.05028647 0.37678397
vt 0.05935866 0.31475139
vt 0.05054033 0.31475025
vt 0.05054158 0.34428096
vt 0.05054033 0.31475025
vt 0.05935866 0.31475139
vt 0.05882210 0.28224921
vt 0.05054158 0.34428096
vt 0.05054033 0.31475025
vt 0.04174602 0.31474960
vt 0.04174602 0.31474960
vt 0.04174697 0.34428227
vt 0.05054158 0.34428096
vt 0.05882210 0.28224921
vt 0.05028278 0.28224719
vt 0.05054033 0.31475025
vt 0.04174602 0.31474960
vt 0.05054033 0.31475025
vt 0.05028278 0.28224719
vt 0.04995292 0.25117266
vt 0.05028278 0.28224719
vt 0.05882210 0.28224921
vt 0.04180086 0.40805137
vt 0.04177076 0.37678593
vt 0.03316462 0.37678730
vt 0.03316462 0.37678730
vt 0.04177076 0.37678593
vt 0.04174697 0.34428227
vt 0.03316462 0.37678730
vt 0.03355396 0.40869749
vt 0.04180086 0.40805137
vt 0.04176700 0.28224587
vt 0.05028278 0.28224719
vt 0.04995292 0.25117266
vt 0.05028278 0.28224719
vt 0.04176700 0.28224587
vt 0.04174602 0.31474960
vt 0.04995292 0.25117266
vt 0.04179406 0.25098038
vt 0.04176700 0.28224587
vt 0.03316092 0.28224528
vt 0.04176700 0.28224587
vt 0.04179406 0.25098038
vt 0.04174602 0.31474960
vt 0.04176700 0.28224587
vt 0.03316092 0.28224528
vt 0.04179406 0.25098038
vt 0.03354698 0.25033522
vt 0.03316092 0.28224528
vt 0.03316092 0.28224528
vt 0.03285956 0.31474996
vt 0.04174602 0.31474960
vt 0.04174697 0.34428227
vt 0.04174602 0.31474960
vt 0.03285956 0.31474996
vt 0.02464598 0.28224540
vt 0.03316092 0.28224528
vt 0.03354698 0.25033522
vt 0.03285956 0.31474996
vt 0.03316092 0.28224528
vt 0.02464598 0.28224540
vt 0.03354698 0.25033522
vt 0.02538598 0.24945873
vt 0.02464598 0.28224540
vt 0.03285956 0.31474996
vt 0.03286064 0.34428269
vt 0.04174697 0.34428227
vt 0.04174697 0.34428227
vt 0.03286064 0.34428269
vt 0.03316462 0.37678730
vt 0.02464598 0.28224540
vt 0.02406830 0.31475067
vt 0.03285956 0.31474996
vt 0.03286064 0.34428269
vt 0.03285956 0.31474996
vt 0.02406830 0.31475067
vt 0.02004063 0.28224504
vt 0.02464598 0.28224540
vt 0.02538598 0.24945873
vt 0.02406830 0.31475067
vt 0.02464598 0.28224540
vt 0.02004063 0.28224504
vt 0.02538598 0.24945873
vt 0.02096856 0.24865782
vt 0.02004063 0.28224504
vt 0.02464968 0.37678802
vt 0.03316462 0.37678730
vt 0.03286064 0.34428269
vt 0.03355396 0.40869749
vt 0.03316462 0.37678730
vt 0.02464968 0.37678802
vt 0.02464968 0.37678802
vt 0.02539289 0.40957475
vt 0.03355396 0.40869749
vt 0.03286064 0.34428269
vt 0.02406937 0.34428263
vt 0.02464968 0.37678802
vt 0.02406830 0.31475067
vt 0.02406937 0.34428263
vt 0.03286064 0.34428269
vt 0.02539289 0.40957475
vt 0.02464968 0.37678802
vt 0.02004415 0.37678885
vt 0.02004415 0.37678885
vt 0.02464968 0.37678802
vt 0.02406937 0.34428263
vt 0.02004415 0.37678885
vt 0.02097547 0.41037619
vt 0.02539289 0.40957475
vt 0.01931733 0.34428275
vt 0.02406937 0.34428263
vt 0.02406830 0.31475067
vt 0.02406937 0.34428263
vt 0.01931733 0.34428275
vt 0.02004415 0.37678885
vt 0.02097547 0.41037619
vt 0.02004415 0.37678885
vt 0.01649141 0.37679338
vt 0.01649141 0.37679338
vt 0.02004415 0.37678885
vt 0.01931733 0.34428275
vt 0.01649141 0.37679338
vt 0.01755673 0.41155422
vt 0.02097547 0.41037619
vt 0.01755673 0.41155422
vt 0.01649141 0.37679338
vt 0.01402214 0.37680376
vt 0.01402214 0.37680376
vt 0.01514592 0.41302431
vt 0.01755673 0.41155422
vt 0.01402214 0.37680376
vt 0.01649141 0.37679338
vt 0.01566172 0.34428447
vt 0.01931733 0.34428275
vt 0.01566172 0.34428447
vt 0.01649141 0.37679338
vt 0.01566172 0.34428447
vt 0.01314240 0.34428746
vt 0.01402214 0.37680376
vt 0.01314240 0.34428746
vt 0.01566172 0.34428447
vt 0.01566058 0.31474942
vt 0.01566058 0.31474942
vt 0.01566172 0.34428447
vt 0.01931733 0.34428275
vt 0.01566058 0.31474942
vt 0.01314337 0.31474537
vt 0.01314240 0.34428746
vt 0.01402160 0.28223085
vt 0.01314337 0.31474537
vt 0.01566058 0.31474942
vt 0.01931733 0.34428275
vt 0.01931620 0.31475091
vt 0.01566058 0.31474942
vt 0.02406830 0.31475067
vt 0.01931620 0.31475091
vt 0.01931733 0.34428275
vt 0.02004063 0.28224504
vt 0.01931620 0.31475091
vt 0.02406830 0.31475067
vt 0.01648790 0.28224087
vt 0.01566058 0.31474942
vt 0.01931620 0.31475091
vt 0.01931620 0.31475091
vt 0.02004063 0.28224504
vt 0.01648790 0.28224087
vt 0.01566058 0.31474942
vt 0.01648790 0.28224087
vt 0.01402160 0.28223085
vt 0.01648790 0.28224087
vt 0.02004063 0.28224504
vt 0.02096856 0.24865782
vt 0.02096856 0.24865782
vt 0.01754946 0.24747998
vt 0.01648790 0.28224087
vt 0.01402160 0.28223085
vt 0.01648790 0.28224087
vt 0.01754946 0.24747998
vt 0.01754946 0.24747998
vt 0.01513844 0.24601012
vt 0.01402160 0.28223085
vt 0.40715325 0.21811008
vt 0.40341410 0.21966785
vt 0.42220113 0.24124622
vt 0.40873027 0.21437752
vt 0.42220113 0.24124622
vt 0.42302027 0.06186432
vt 0.42302027 0.06186432
vt 0.40931669 0.08301109
vt 0.40873027 0.21437752
vt 0.40401018 0.07761681
vt 0.40777087 0.07921576
vt 0.42302027 0.06186432
vt 0.40191275 0.08196425
vt 0.40191275 0.08080286
vt 0.39892384 0.08204091
vt 0.39892384 0.08204091
vt 0.39974508 0.08286214
vt 0.40191275 0.08196425
vt 0.39974508 0.08286214
vt 0.39892384 0.08204091
vt 0.39768586 0.08502984
vt 0.39768586 0.08502984
vt 0.39889508 0.08527040
vt 0.39974508 0.08286214
vt 0.39889517 0.10510361
vt 0.39889508 0.08527040
vt 0.39768586 0.08502984
vt 0.39768586 0.08502984
vt 0.39768586 0.10534412
vt 0.39889517 0.10510361
vt 0.39974520 0.10751182
vt 0.39889517 0.10510361
vt 0.39768586 0.10534412
vt 0.39768586 0.10534412
vt 0.39892396 0.10833305
vt 0.39974520 0.10751182
vt 0.40191281 0.10840964
vt 0.39974520 0.10751182
vt 0.39892396 0.10833305
vt 0.39892396 0.10833305
vt 0.40191281 0.10957110
vt 0.40191281 0.10840964
vt 0.40873027 0.21437752
vt 0.40715325 0.21811008
vt 0.42220113 0.24124622
vt 0.35048211 0.13434821
vt 0.34667036 0.13434887
vt 0.34667090 0.13669515
vt 0.34667090 0.13669515
vt 0.35048249 0.13669455
vt 0.35048211 0.13434821
vt 0.35048249 0.13669455
vt 0.34667090 0.13669515
vt 0.34667134 0.13924903
vt 0.34667134 0.13924903
vt 0.35048291 0.13924837
vt 0.35048249 0.13669455
vt 0.35048291 0.13924837
vt 0.34667134 0.13924903
vt 0.34667480 0.15908235
vt 0.34667480 0.15908235
vt 0.35048649 0.15908170
vt 0.35048291 0.13924837
vt 0.35048649 0.15908170
vt 0.34667480 0.15908235
vt 0.34667525 0.16163623
vt 0.34667525 0.16163623
vt 0.35048696 0.16163552
vt 0.35048649 0.15908170
vt 0.35048696 0.16163552
vt 0.34667525 0.16163623
vt 0.34667560 0.16398251
vt 0.34667560 0.16398251
vt 0.35048735 0.16398180
vt 0.35048696 0.16163552
vt 0.39072925 0.15691334
vt 0.39189065 0.15691334
vt 0.39189065 0.15310168
vt 0.39189065 0.15310168
vt 0.39072925 0.15310168
vt 0.39072925 0.15691334
vt 0.36985949 0.08162344
vt 0.37202707 0.08252138
vt 0.37284836 0.08170009
vt 0.37284836 0.08170009
vt 0.36985949 0.08046198
vt 0.36985949 0.08162344
vt 0.37408638 0.08468908
vt 0.37284836 0.08170009
vt 0.37202707 0.08252138
vt 0.37202707 0.08252138
vt 0.37287715 0.08492959
vt 0.37408638 0.08468908
vt 0.37408638 0.08468908
vt 0.37287715 0.08492959
vt 0.37287703 0.10476303
vt 0.37287703 0.10476303
vt 0.37408635 0.10500360
vt 0.37408638 0.08468908
vt 0.37408635 0.10500360
vt 0.37287703 0.10476303
vt 0.37202698 0.10717130
vt 0.37202698 0.10717130
vt 0.37284824 0.10799259
vt 0.37408635 0.10500360
vt 0.37284824 0.10799259
vt 0.37202698 0.10717130
vt 0.36985919 0.10806918
vt 0.36985919 0.10806918
vt 0.36985919 0.10923064
vt 0.37284824 0.10799259
vt 0.28555769 0.14198530
vt 0.28174615 0.14198470
vt 0.28174561 0.14521986
vt 0.28174561 0.14521986
vt 0.28555721 0.14522052
vt 0.28555769 0.14198530
vt 0.28555387 0.16553456
vt 0.28555721 0.14522052
vt 0.28174561 0.14521986
vt 0.28174561 0.14521986
vt 0.28174210 0.16553390
vt 0.28555387 0.16553456
vt 0.28555387 0.16553456
vt 0.28174210 0.16553390
vt 0.28174162 0.16876906
vt 0.28174162 0.16876906
vt 0.28555310 0.16876972
vt 0.28555387 0.16553456
vt 0.39031833 0.11257720
vt 0.39031833 0.11141580
vt 0.38732955 0.11265385
vt 0.38732955 0.11265385
vt 0.38815075 0.11347508
vt 0.39031833 0.11257720
vt 0.38815075 0.11347508
vt 0.38732955 0.11265385
vt 0.38609138 0.11564267
vt 0.38609138 0.11564267
vt 0.38730076 0.11588323
vt 0.38815075 0.11347508
vt 0.38730076 0.11588323
vt 0.38609138 0.11564267
vt 0.38609138 0.13595647
vt 0.38609138 0.13595647
vt 0.38730067 0.13571590
vt 0.38730076 0.11588323
vt 0.38815069 0.13812405
vt 0.38730067 0.13571590
vt 0.38609138 0.13595647
vt 0.38609138 0.13595647
vt 0.38732943 0.13894534
vt 0.38815069 0.13812405
vt 0.39031833 0.13902193
vt 0.38815069 0.13812405
vt 0.38732943 0.13894534
vt 0.38732943 0.13894534
vt 0.39031833 0.14018333
vt 0.39031833 0.13902193
vt 0.26468331 0.13641417
vt 0.26087171 0.13641441
vt 0.26087177 0.13876069
vt 0.26087177 0.13876069
vt 0.26468343 0.13876045
vt 0.26468331 0.13641417
vt 0.26468343 0.13876045
vt 0.26087177 0.13876069
vt 0.26087195 0.14131451
vt 0.26087195 0.14131451
vt 0.26468366 0.14131427
vt 0.26468343 0.13876045
vt 0.26468486 0.16114748
vt 0.26468366 0.14131427
vt 0.26087195 0.14131451
vt 0.26087195 0.14131451
vt 0.26087326 0.16114771
vt 0.26468486 0.16114748
vt 0.26468486 0.16114748
vt 0.26087326 0.16114771
vt 0.26087332 0.16370153
vt 0.26087332 0.16370153
vt 0.26468509 0.16370130
vt 0.26468486 0.16114748
vt 0.26468509 0.16370130
vt 0.26087332 0.16370153
vt 0.26087362 0.16604787
vt 0.26087362 0.16604787
vt 0.26468533 0.16604763
vt 0.26468509 0.16370130
vt 0.40232366 0.09622860
vt 0.40348506 0.09622860
vt 0.40348518 0.09241700
vt 0.40348518 0.09241700
vt 0.40232366 0.09241700
vt 0.40232366 0.09622860
vt 0.36290258 0.08160484
vt 0.36507040 0.08250272
vt 0.36589164 0.08168149
vt 0.36589164 0.08168149
vt 0.36290258 0.08044338
vt 0.36290258 0.08160484
vt 0.36712968 0.08467042
vt 0.36589164 0.08168149
vt 0.36507040 0.08250272
vt 0.36507040 0.08250272
vt 0.36592042 0.08491099
vt 0.36712968 0.08467042
vt 0.36712968 0.08467042
vt 0.36592042 0.08491099
vt 0.36592060 0.10474443
vt 0.36592060 0.10474443
vt 0.36712986 0.10498500
vt 0.36712968 0.08467042
vt 0.36712986 0.10498500
vt 0.36592060 0.10474443
vt 0.36507058 0.10715270
vt 0.36507058 0.10715270
vt 0.36589181 0.10797399
vt 0.36712986 0.10498500
vt 0.36589181 0.10797399
vt 0.36507058 0.10715270
vt 0.36290288 0.10805058
vt 0.36290288 0.10805058
vt 0.36290288 0.10921204
vt 0.36589181 0.10797399
vt 0.27860105 0.14189517
vt 0.27478951 0.14189458
vt 0.27478886 0.14512974
vt 0.27478886 0.14512974
vt 0.27860057 0.14513040
vt 0.27860105 0.14189517
vt 0.27859718 0.16544455
vt 0.27860057 0.14513040
vt 0.27478886 0.14512974
vt 0.27478886 0.14512974
vt 0.27478546 0.16544390
vt 0.27859718 0.16544455
vt 0.27859718 0.16544455
vt 0.27478546 0.16544390
vt 0.27478498 0.16867912
vt 0.27478498 0.16867912
vt 0.27859658 0.16867971
vt 0.27859718 0.16544455
vt 0.42220113 0.24124622
vt 0.40341410 0.21966785
vt 0.36362469 0.21965581
vt 0.36362469 0.21965581
vt 0.32363722 0.24131423
vt 0.42220113 0.24124622
vt 0.46836314 0.23875338
vt 0.48621488 0.23875511
vt 0.48621893 0.19415885
vt 0.48621488 0.23875511
vt 0.46836314 0.23875338
vt 0.46836299 0.24100852
vt 0.46836299 0.24100852
vt 0.48621476 0.24101019
vt 0.48621488 0.23875511
vt 0.48621893 0.19415885
vt 0.46836725 0.19401211
vt 0.46836314 0.23875338
vt 0.46836725 0.19401211
vt 0.48621893 0.19415885
vt 0.48622215 0.16123784
vt 0.48622215 0.16123784
vt 0.46837035 0.16110849
vt 0.46836725 0.19401211
vt 0.46837035 0.16110849
vt 0.48622215 0.16123784
vt 0.48622513 0.12831497
vt 0.48622513 0.12831497
vt 0.46837339 0.12818575
vt 0.46837035 0.16110849
vt 0.46837339 0.12818575
vt 0.48622513 0.12831497
vt 0.48622811 0.09541148
vt 0.48622811 0.09541148
vt 0.46837649 0.09526467
vt 0.46837339 0.12818575
vt 0.46837649 0.09526467
vt 0.48622811 0.09541148
vt 0.48623216 0.05067003
vt 0.48623216 0.05067003
vt 0.46838039 0.05066842
vt 0.46837649 0.09526467
vt 0.46838063 0.04841328
vt 0.46838039 0.05066842
vt 0.48623216 0.05067003
vt 0.48623216 0.05067003
vt 0.48623240 0.04841489
vt 0.46838063 0.04841328
vt 0.36712968 0.11329085
vt 0.36712968 0.11212939
vt 0.36414063 0.11336744
vt 0.36414063 0.11336744
vt 0.36496192 0.11418867
vt 0.36712968 0.11329085
vt 0.36496192 0.11418867
vt 0.36414063 0.11336744
vt 0.36290258 0.11635643
vt 0.36290258 0.11635643
vt 0.36411184 0.11659694
vt 0.36496192 0.11418867
vt 0.36411196 0.13643014
vt 0.36411184 0.11659694
vt 0.36290258 0.11635643
vt 0.36290258 0.11635643
vt 0.36290282 0.13667071
vt 0.36411196 0.13643014
vt 0.36496198 0.13883829
vt 0.36411196 0.13643014
vt 0.36290282 0.13667071
vt 0.36290282 0.13667071
vt 0.36414075 0.13965958
vt 0.36496198 0.13883829
vt 0.36712968 0.13973618
vt 0.36496198 0.13883829
vt 0.36414075 0.13965958
vt 0.36414075 0.13965958
vt 0.36712968 0.14089763
vt 0.36712968 0.13973618
vt 0.27164006 0.14198565
vt 0.26782829 0.14198583
vt 0.26782846 0.14433211
vt 0.26782846 0.14433211
vt 0.27164018 0.14433193
vt 0.27164006 0.14198565
vt 0.27164018 0.14433193
vt 0.26782846 0.14433211
vt 0.26782858 0.14688593
vt 0.26782858 0.14688593
vt 0.27164024 0.14688575
vt 0.27164018 0.14433193
vt 0.27164102 0.16671890
vt 0.27164024 0.14688575
vt 0.26782858 0.14688593
vt 0.26782858 0.14688593
vt 0.26782936 0.16671908
vt 0.27164102 0.16671890
vt 0.27164102 0.16671890
vt 0.26782936 0.16671908
vt 0.26782948 0.16927290
vt 0.26782948 0.16927290
vt 0.27164119 0.16927272
vt 0.27164102 0.16671890
vt 0.27164119 0.16927272
vt 0.26782948 0.16927290
vt 0.26782960 0.17161918
vt 0.26782960 0.17161918
vt 0.27164125 0.17161906
vt 0.27164119 0.16927272
vt 0.40232384 0.08948982
vt 0.40348518 0.08948982
vt 0.40348512 0.08567810
vt 0.40348512 0.08567810
vt 0.40232366 0.08567810
vt 0.40232384 0.08948982
vt 0.38377252 0.08166027
vt 0.38594016 0.08255816
vt 0.38676146 0.08173686
vt 0.38676146 0.08173686
vt 0.38377252 0.08049881
vt 0.38377252 0.08166027
vt 0.38799950 0.08472586
vt 0.38676146 0.08173686
vt 0.38594016 0.08255816
vt 0.38594016 0.08255816
vt 0.38679028 0.08496642
vt 0.38799950 0.08472586
vt 0.38799950 0.08472586
vt 0.38679028 0.08496642
vt 0.38679042 0.10479987
vt 0.38679042 0.10479987
vt 0.38799968 0.10504043
vt 0.38799950 0.08472586
vt 0.38799968 0.10504043
vt 0.38679042 0.10479987
vt 0.38594040 0.10720819
vt 0.38594040 0.10720819
vt 0.38676167 0.10802948
vt 0.38799968 0.10504043
vt 0.38676167 0.10802948
vt 0.38594040 0.10720819
vt 0.38377267 0.10810608
vt 0.38377267 0.10810608
vt 0.38377267 0.10926747
vt 0.38676167 0.10802948
vt 0.29251432 0.14204407
vt 0.28870273 0.14204347
vt 0.28870219 0.14527863
vt 0.28870219 0.14527863
vt 0.29251385 0.14527929
vt 0.29251432 0.14204407
vt 0.29251057 0.16559333
vt 0.29251385 0.14527929
vt 0.28870219 0.14527863
vt 0.28870219 0.14527863
vt 0.28869873 0.16559267
vt 0.29251057 0.16559333
vt 0.29251057 0.16559333
vt 0.28869873 0.16559267
vt 0.28869826 0.16882783
vt 0.28869826 0.16882783
vt 0.29250991 0.16882849
vt 0.29251057 0.16559333
vt 0.27901208 0.11136651
vt 0.27901208 0.11020499
vt 0.27602309 0.11144304
vt 0.27602309 0.11144304
vt 0.27684438 0.11226434
vt 0.27901208 0.11136651
vt 0.27684438 0.11226434
vt 0.27602309 0.11144304
vt 0.27478498 0.11443198
vt 0.27478498 0.11443198
vt 0.27599430 0.11467254
vt 0.27684438 0.11226434
vt 0.27599430 0.11467254
vt 0.27478498 0.11443198
vt 0.27478492 0.13474643
vt 0.27478492 0.13474643
vt 0.27599430 0.13450593
vt 0.27599430 0.11467254
vt 0.27684426 0.13691419
vt 0.27599430 0.13450593
vt 0.27478492 0.13474643
vt 0.27478492 0.13474643
vt 0.27602303 0.13773543
vt 0.27684426 0.13691419
vt 0.27901185 0.13781208
vt 0.27684426 0.13691419
vt 0.27602303 0.13773543
vt 0.27602303 0.13773543
vt 0.27901185 0.13897353
vt 0.27901185 0.13781208
vt 0.51721823 0.05592209
vt 0.51656938 0.05743659
vt 0.51979613 0.05760902
vt 0.51979613 0.05760902
vt 0.51991665 0.05612206
vt 0.51721823 0.05592209
vt 0.51991665 0.05612206
vt 0.51979613 0.05760902
vt 0.54008955 0.05763501
vt 0.54008955 0.05763501
vt 0.53997087 0.05615669
vt 0.51991665 0.05612206
vt 0.54266912 0.05595016
vt 0.53997087 0.05615669
vt 0.54008955 0.05763501
vt 0.54008955 0.05763501
vt 0.54331923 0.05746305
vt 0.54266912 0.05595016
vt 0.25309068 0.14149606
vt 0.24927908 0.14149582
vt 0.24927878 0.14384210
vt 0.24927878 0.14384210
vt 0.25309056 0.14384240
vt 0.25309068 0.14149606
vt 0.25309056 0.14384240
vt 0.24927878 0.14384210
vt 0.24927878 0.14639598
vt 0.24927878 0.14639598
vt 0.25309038 0.14639616
vt 0.25309056 0.14384240
vt 0.25308913 0.16622943
vt 0.25309038 0.14639616
vt 0.24927878 0.14639598
vt 0.24927878 0.14639598
vt 0.24927753 0.16622913
vt 0.25308913 0.16622943
vt 0.25308913 0.16622943
vt 0.24927753 0.16622913
vt 0.24927729 0.16878301
vt 0.24927729 0.16878301
vt 0.25308901 0.16878325
vt 0.25308913 0.16622943
vt 0.25308901 0.16878325
vt 0.24927729 0.16878301
vt 0.24927723 0.17112929
vt 0.24927723 0.17112929
vt 0.25308895 0.17112952
vt 0.25308901 0.16878325
vt 0.37217814 0.14765310
vt 0.37333959 0.14765310
vt 0.37333959 0.14384151
vt 0.37333959 0.14384151
vt 0.37217814 0.14384145
vt 0.37217814 0.14765310
vt 0.26782835 0.11145496
vt 0.26999593 0.11235285
vt 0.27081722 0.11153162
vt 0.27081722 0.11153162
vt 0.26782835 0.11029357
vt 0.26782835 0.11145496
vt 0.27205539 0.11452055
vt 0.27081722 0.11153162
vt 0.26999593 0.11235285
vt 0.26999593 0.11235285
vt 0.27084613 0.11476111
vt 0.27205539 0.11452055
vt 0.27205545 0.13483512
vt 0.27205539 0.11452055
vt 0.27084613 0.11476111
vt 0.27084613 0.11476111
vt 0.27084619 0.13459456
vt 0.27205545 0.13483512
vt 0.27205545 0.13483512
vt 0.27084619 0.13459456
vt 0.26999611 0.13700283
vt 0.26999611 0.13700283
vt 0.27081746 0.13782406
vt 0.27205545 0.13483512
vt 0.27081746 0.13782406
vt 0.26999611 0.13700283
vt 0.26782846 0.13790071
vt 0.26782846 0.13790071
vt 0.26782846 0.13906217
vt 0.27081746 0.13782406
vt 0.38063186 0.11217314
vt 0.37682021 0.11217248
vt 0.37681973 0.11540771
vt 0.37681973 0.11540771
vt 0.38063145 0.11540830
vt 0.38063186 0.11217314
vt 0.38062805 0.13572246
vt 0.38063145 0.11540830
vt 0.37681973 0.11540771
vt 0.37681973 0.11540771
vt 0.37681639 0.13572180
vt 0.38062805 0.13572246
vt 0.38062805 0.13572246
vt 0.37681639 0.13572180
vt 0.37681597 0.13895702
vt 0.37681597 0.13895702
vt 0.38062745 0.13895762
vt 0.38062805 0.13572246
vt 0.57539475 0.18669260
vt 0.57419288 0.18669271
vt 0.57419324 0.19077468
vt 0.57419324 0.19077468
vt 0.57539523 0.19077456
vt 0.57539475 0.18669260
vt 0.57419288 0.18669271
vt 0.57539475 0.18669260
vt 0.57538736 0.10663676
vt 0.57538736 0.10663676
vt 0.57418537 0.10663688
vt 0.57419288 0.18669271
vt 0.57417798 0.02658105
vt 0.57418537 0.10663688
vt 0.57538736 0.10663676
vt 0.57538736 0.10663676
vt 0.57538009 0.02658093
vt 0.57417798 0.02658105
vt 0.57417798 0.02658105
vt 0.57538009 0.02658093
vt 0.57537949 0.02249891
vt 0.57537949 0.02249891
vt 0.57417762 0.02249902
vt 0.57417798 0.02658105
vt 0.37333959 0.15058029
vt 0.37217814 0.15058029
vt 0.37217814 0.15439194
vt 0.37217814 0.15439194
vt 0.37333959 0.15439194
vt 0.37333959 0.15058029
vt 0.34394062 0.10522401
vt 0.34394062 0.10406262
vt 0.34095186 0.10530066
vt 0.34095186 0.10530066
vt 0.34177303 0.10612190
vt 0.34394062 0.10522401
vt 0.34177303 0.10612190
vt 0.34095186 0.10530066
vt 0.33971375 0.10828948
vt 0.33971375 0.10828948
vt 0.34092307 0.10852998
vt 0.34177303 0.10612190
vt 0.34092307 0.12836242
vt 0.34092307 0.10852998
vt 0.33971375 0.10828948
vt 0.33971375 0.10828948
vt 0.33971375 0.12860298
vt 0.34092307 0.12836242
vt 0.34177303 0.13077056
vt 0.34092307 0.12836242
vt 0.33971375 0.12860298
vt 0.33971375 0.12860298
vt 0.34095186 0.13159180
vt 0.34177303 0.13077056
vt 0.34394062 0.13166845
vt 0.34177303 0.13077056
vt 0.34095186 0.13159180
vt 0.34095186 0.13159180
vt 0.34394062 0.13282979
vt 0.34394062 0.13166845
vt 0.54884160 0.01105076
vt 0.54989696 0.01254249
vt 0.56774861 0.01253933
vt 0.56774861 0.01253933
vt 0.56880331 0.01104724
vt 0.54884160 0.01105076
vt 0.22145745 0.05371064
vt 0.22145697 0.05751985
vt 0.22469063 0.05751634
vt 0.22469063 0.05751634
vt 0.22469454 0.05371094
vt 0.22145745 0.05371064
vt 0.32033658 0.13185072
vt 0.31652486 0.13185138
vt 0.31652522 0.13419759
vt 0.31652522 0.13419759
vt 0.32033694 0.13419706
vt 0.32033658 0.13185072
vt 0.32033694 0.13419706
vt 0.31652522 0.13419759
vt 0.31652576 0.13675141
vt 0.31652576 0.13675141
vt 0.32033730 0.13675088
vt 0.32033694 0.13419706
vt 0.32033730 0.13675088
vt 0.31652576 0.13675141
vt 0.31652862 0.15658450
vt 0.31652862 0.15658450
vt 0.32034039 0.15658396
vt 0.32033730 0.13675088
vt 0.32034039 0.15658396
vt 0.31652862 0.15658450
vt 0.31652910 0.15913838
vt 0.31652910 0.15913838
vt 0.32034075 0.15913779
vt 0.32034039 0.15658396
vt 0.32034075 0.15913779
vt 0.31652910 0.15913838
vt 0.31652939 0.16148466
vt 0.31652939 0.16148466
vt 0.32034111 0.16148400
vt 0.32034075 0.15913779
vt 0.38377255 0.16483450
vt 0.38493401 0.16483450
vt 0.38493401 0.16102278
vt 0.38493401 0.16102278
vt 0.38377255 0.16102278
vt 0.38377255 0.16483450
vt 0.28869826 0.11151326
vt 0.29086596 0.11241114
vt 0.29168719 0.11158985
vt 0.29168719 0.11158985
vt 0.28869826 0.11035180
vt 0.28869826 0.11151326
vt 0.29292548 0.11457878
vt 0.29168719 0.11158985
vt 0.29086596 0.11241114
vt 0.29086596 0.11241114
vt 0.29171610 0.11481929
vt 0.29292548 0.11457878
vt 0.29292548 0.11457878
vt 0.29171610 0.11481929
vt 0.29171628 0.13465238
vt 0.29171628 0.13465238
vt 0.29292548 0.13489294
vt 0.29292548 0.11457878
vt 0.29292548 0.13489294
vt 0.29171628 0.13465238
vt 0.29086608 0.13706064
vt 0.29086608 0.13706064
vt 0.29168731 0.13788182
vt 0.29292548 0.13489294
vt 0.29168731 0.13788182
vt 0.29086608 0.13706064
vt 0.28869849 0.13795847
vt 0.28869849 0.13795847
vt 0.28869849 0.13911992
vt 0.29168731 0.13788182
vt 0.36870182 0.15731931
vt 0.36754042 0.15731931
vt 0.36754042 0.16113091
vt 0.36754042 0.16113091
vt 0.36870182 0.16113091
vt 0.36870182 0.15731931
vt 0.29775572 0.08051318
vt 0.28885496 0.08029228
vt 0.28869832 0.08354664
vt 0.28869832 0.08354664
vt 0.29764855 0.08372808
vt 0.29775572 0.08051318
vt 0.30185467 0.08054686
vt 0.29775572 0.08051318
vt 0.29764855 0.08372808
vt 0.29764855 0.08372808
vt 0.28869832 0.08354664
vt 0.28884542 0.10417604
vt 0.30637103 0.08355480
vt 0.30568004 0.08029264
vt 0.30185467 0.08054686
vt 0.30185467 0.08054686
vt 0.30198723 0.08376676
vt 0.30637103 0.08355480
vt 0.29764855 0.08372808
vt 0.30198723 0.08376676
vt 0.30185467 0.08054686
vt 0.30636448 0.10406548
vt 0.30637103 0.08355480
vt 0.30198723 0.08376676
vt 0.30203599 0.10387218
vt 0.30198723 0.08376676
vt 0.29764855 0.08372808
vt 0.30198723 0.08376676
vt 0.30203599 0.10387218
vt 0.30636448 0.10406548
vt 0.30636448 0.10406548
vt 0.30203599 0.10387218
vt 0.30189151 0.10707366
vt 0.30189151 0.10707366
vt 0.30571467 0.10736877
vt 0.30636448 0.10406548
vt 0.29764855 0.08372808
vt 0.29767835 0.10392106
vt 0.30203599 0.10387218
vt 0.30189151 0.10707366
vt 0.30203599 0.10387218
vt 0.29767835 0.10392106
vt 0.28884542 0.10417604
vt 0.29767835 0.10392106
vt 0.29764855 0.08372808
vt 0.29767835 0.10392106
vt 0.29781395 0.10713500
vt 0.30189151 0.10707366
vt 0.29781395 0.10713500
vt 0.29767835 0.10392106
vt 0.28884542 0.10417604
vt 0.28884542 0.10417604
vt 0.28901321 0.10742843
vt 0.29781395 0.10713500
vt 0.22469063 0.05751634
vt 0.22468634 0.06132084
vt 0.23918322 0.06747657
vt 0.22469454 0.05371094
vt 0.22469063 0.05751634
vt 0.23918322 0.06747657
vt 0.23918322 0.06747657
vt 0.22468634 0.06132084
vt 0.24364243 0.07719338
vt 0.24364243 0.07719338
vt 0.24025296 0.06864864
vt 0.23918322 0.06747657
vt 0.27649060 0.06989205
vt 0.24025296 0.06864864
vt 0.24364243 0.07719338
vt 0.22469454 0.05371094
vt 0.23918322 0.06747657
vt 0.23920417 0.04235387
vt 0.27649060 0.06989205
vt 0.24364243 0.07719338
vt 0.32383299 0.07740396
vt 0.32383299 0.07740396
vt 0.30904859 0.07087868
vt 0.27649060 0.06989205
vt 0.33862913 0.07095790
vt 0.30904859 0.07087868
vt 0.32383299 0.07740396
vt 0.37118745 0.07014620
vt 0.33862913 0.07095790
vt 0.32383299 0.07740396
vt 0.32383299 0.07740396
vt 0.40401018 0.07761681
vt 0.37118745 0.07014620
vt 0.37118745 0.07014620
vt 0.40401018 0.07761681
vt 0.40742821 0.06909943
vt 0.23920417 0.04235387
vt 0.22469823 0.04990518
vt 0.22469454 0.05371094
vt 0.40850276 0.06794524
vt 0.40742821 0.06909943
vt 0.40401018 0.07761681
vt 0.40401018 0.07761681
vt 0.42302027 0.06186432
vt 0.40850276 0.06794524
vt 0.42302027 0.06186432
vt 0.42302501 0.05805016
vt 0.40850276 0.06794524
vt 0.42302501 0.05805016
vt 0.42303053 0.05423611
vt 0.40850276 0.06794524
vt 0.22470146 0.04609865
vt 0.22469823 0.04990518
vt 0.23920417 0.04235387
vt 0.40854770 0.04277980
vt 0.40850276 0.06794524
vt 0.42303053 0.05423611
vt 0.22470449 0.04229170
vt 0.22470146 0.04609865
vt 0.23920417 0.04235387
vt 0.22470705 0.03848422
vt 0.22470449 0.04229170
vt 0.23920417 0.04235387
vt 0.22470935 0.03467625
vt 0.22470705 0.03848422
vt 0.23920417 0.04235387
vt 0.22471102 0.03086770
vt 0.22470935 0.03467625
vt 0.23920417 0.04235387
vt 0.23920417 0.04235387
vt 0.23924589 0.01727927
vt 0.22471102 0.03086770
vt 0.42303053 0.05423611
vt 0.42303607 0.05042237
vt 0.40854770 0.04277980
vt 0.42303607 0.05042237
vt 0.42304227 0.04660875
vt 0.40854770 0.04277980
vt 0.22471242 0.02705872
vt 0.22471102 0.03086770
vt 0.23924589 0.01727927
vt 0.42304862 0.04279548
vt 0.40854770 0.04277980
vt 0.42304227 0.04660875
vt 0.42305556 0.03898233
vt 0.40854770 0.04277980
vt 0.42304862 0.04279548
vt 0.42305556 0.03898233
vt 0.42306277 0.03516948
vt 0.40854770 0.04277980
vt 0.40854770 0.04277980
vt 0.42306277 0.03516948
vt 0.42307055 0.03135699
vt 0.42307055 0.03135699
vt 0.40857029 0.01770866
vt 0.40854770 0.04277980
vt 0.42307055 0.03135699
vt 0.42307869 0.02754456
vt 0.40857029 0.01770866
vt 0.22477064 0.01869857
vt 0.22471242 0.02705872
vt 0.23924589 0.01727927
vt 0.22146486 0.02701598
vt 0.22471242 0.02705872
vt 0.22477064 0.01869857
vt 0.24028479 0.01608562
vt 0.22477064 0.01869857
vt 0.23924589 0.01727927
vt 0.22477064 0.01869857
vt 0.22154489 0.01824212
vt 0.22146486 0.02701598
vt 0.42307869 0.02754456
vt 0.42304477 0.01917899
vt 0.40857029 0.01770866
vt 0.42304477 0.01917899
vt 0.42307869 0.02754456
vt 0.42632556 0.02751172
vt 0.40753558 0.01648986
vt 0.40857029 0.01770866
vt 0.42304477 0.01917899
vt 0.42632556 0.02751172
vt 0.42627046 0.01873559
vt 0.42304477 0.01917899
vt 0.22154489 0.01824212
vt 0.22477064 0.01869857
vt 0.22546254 0.01604444
vt 0.22546254 0.01604444
vt 0.22257613 0.01441818
vt 0.22154489 0.01824212
vt 0.22518805 0.01166207
vt 0.22257613 0.01441818
vt 0.22546254 0.01604444
vt 0.22546254 0.01604444
vt 0.22696118 0.01445067
vt 0.22518805 0.01166207
vt 0.22895396 0.01040691
vt 0.22518805 0.01166207
vt 0.22696118 0.01445067
vt 0.22546254 0.01604444
vt 0.22477064 0.01869857
vt 0.22954962 0.01361376
vt 0.22954962 0.01361376
vt 0.22696118 0.01445067
vt 0.22546254 0.01604444
vt 0.22696118 0.01445067
vt 0.22954962 0.01361376
vt 0.22895396 0.01040691
vt 0.24028479 0.01608562
vt 0.22954962 0.01361376
vt 0.22477064 0.01869857
vt 0.27425703 0.00818533
vt 0.22895396 0.01040691
vt 0.22954962 0.01361376
vt 0.24028479 0.01608562
vt 0.27437845 0.01142019
vt 0.22954962 0.01361376
vt 0.22954962 0.01361376
vt 0.27437845 0.01142019
vt 0.27425703 0.00818533
vt 0.24028479 0.01608562
vt 0.27653587 0.01496953
vt 0.27437845 0.01142019
vt 0.30735362 0.00746858
vt 0.27425703 0.00818533
vt 0.27437845 0.01142019
vt 0.30738935 0.01070404
vt 0.27437845 0.01142019
vt 0.27653587 0.01496953
vt 0.27437845 0.01142019
vt 0.30738935 0.01070404
vt 0.30735362 0.00746858
vt 0.27653587 0.01496953
vt 0.30910432 0.01411361
vt 0.30738935 0.01070404
vt 0.34048256 0.00754803
vt 0.30735362 0.00746858
vt 0.30738935 0.01070404
vt 0.34043804 0.01078343
vt 0.30738935 0.01070404
vt 0.30910432 0.01411361
vt 0.30738935 0.01070404
vt 0.34043804 0.01078343
vt 0.34048256 0.00754803
vt 0.30910432 0.01411361
vt 0.33871746 0.01418465
vt 0.34043804 0.01078343
vt 0.34043804 0.01078343
vt 0.33871746 0.01418465
vt 0.37128288 0.01519716
vt 0.34048256 0.00754803
vt 0.34043804 0.01078343
vt 0.37344792 0.01165915
vt 0.37128288 0.01519716
vt 0.37344792 0.01165915
vt 0.34043804 0.01078343
vt 0.37344792 0.01165915
vt 0.37357810 0.00842476
vt 0.34048256 0.00754803
vt 0.40753558 0.01648986
vt 0.37344792 0.01165915
vt 0.37128288 0.01519716
vt 0.37357810 0.00842476
vt 0.37344792 0.01165915
vt 0.41827890 0.01406914
vt 0.40753558 0.01648986
vt 0.41827890 0.01406914
vt 0.37344792 0.01165915
vt 0.41827890 0.01406914
vt 0.41888547 0.01086414
vt 0.37357810 0.00842476
vt 0.40753558 0.01648986
vt 0.42304477 0.01917899
vt 0.41827890 0.01406914
vt 0.41888547 0.01086414
vt 0.41827890 0.01406914
vt 0.42086354 0.01491767
vt 0.42086354 0.01491767
vt 0.42265773 0.01213443
vt 0.41888547 0.01086414
vt 0.41827890 0.01406914
vt 0.42304477 0.01917899
vt 0.42236099 0.01651758
vt 0.42236099 0.01651758
vt 0.42086354 0.01491767
vt 0.41827890 0.01406914
vt 0.42265773 0.01213443
vt 0.42086354 0.01491767
vt 0.42236099 0.01651758
vt 0.42236099 0.01651758
vt 0.42304477 0.01917899
vt 0.42627046 0.01873559
vt 0.42236099 0.01651758
vt 0.42524999 0.01491213
vt 0.42265773 0.01213443
vt 0.42627046 0.01873559
vt 0.42524999 0.01491213
vt 0.42236099 0.01651758
vt 0.22146466 0.04609847
vt 0.22146431 0.04990810
vt 0.22469823 0.04990518
vt 0.22469823 0.04990518
vt 0.22470146 0.04609865
vt 0.22146466 0.04609847
vt 0.36870176 0.13101739
vt 0.36754036 0.13101739
vt 0.36754036 0.13482910
vt 0.36754036 0.13482910
vt 0.36870176 0.13482916
vt 0.36870176 0.13101739
vt 0.22147055 0.03848416
vt 0.22147030 0.04229420
vt 0.22470449 0.04229170
vt 0.22470449 0.04229170
vt 0.22470705 0.03848422
vt 0.22147055 0.03848416
vt 0.34551293 0.11567664
vt 0.34435153 0.11567664
vt 0.34435153 0.11948824
vt 0.34435153 0.11948824
vt 0.34551293 0.11948824
vt 0.34551293 0.11567664
vt 0.22147484 0.03086776
vt 0.22147484 0.03467834
vt 0.22470935 0.03467625
vt 0.22470935 0.03467625
vt 0.22471102 0.03086770
vt 0.22147484 0.03086776
vt 0.10553867 0.44417024
vt 0.10881400 0.44464862
vt 0.10890028 0.44029695
vt 0.10890028 0.44029695
vt 0.10566950 0.44021285
vt 0.10553867 0.44417024
vt 0.12916785 0.44026017
vt 0.10890028 0.44029695
vt 0.10881400 0.44464862
vt 0.10881400 0.44464862
vt 0.12925920 0.44463634
vt 0.12916785 0.44026017
vt 0.12916785 0.44026017
vt 0.12925920 0.44463634
vt 0.13253391 0.44414485
vt 0.13253391 0.44414485
vt 0.13239849 0.44017553
vt 0.12916785 0.44026017
vt 0.12918922 0.39484096
vt 0.12916785 0.44026017
vt 0.13239849 0.44017553
vt 0.10890028 0.44029695
vt 0.12916785 0.44026017
vt 0.12918922 0.39484096
vt 0.13239849 0.44017553
vt 0.13242403 0.39484769
vt 0.12918922 0.39484096
vt 0.10566950 0.44021285
vt 0.10890028 0.44029695
vt 0.10885379 0.39482588
vt 0.12918922 0.39484096
vt 0.10885379 0.39482588
vt 0.10890028 0.44029695
vt 0.10885379 0.39482588
vt 0.10561842 0.39483333
vt 0.10566950 0.44021285
vt 0.12917900 0.36178857
vt 0.12918922 0.39484096
vt 0.13242403 0.39484769
vt 0.10885379 0.39482588
vt 0.12918922 0.39484096
vt 0.12917900 0.36178857
vt 0.13242403 0.39484769
vt 0.13241449 0.36178815
vt 0.12917900 0.36178857
vt 0.10561842 0.39483333
vt 0.10885379 0.39482588
vt 0.10886192 0.36178863
vt 0.12917900 0.36178857
vt 0.10886192 0.36178863
vt 0.10885379 0.39482588
vt 0.10886192 0.36178863
vt 0.10562661 0.36178863
vt 0.10561842 0.39483333
vt 0.10562572 0.32874107
vt 0.10562661 0.36178863
vt 0.10886192 0.36178863
vt 0.12917823 0.32874078
vt 0.12917900 0.36178857
vt 0.13241449 0.36178815
vt 0.10886192 0.36178863
vt 0.12917900 0.36178857
vt 0.12917823 0.32874078
vt 0.13241449 0.36178815
vt 0.13241360 0.32874072
vt 0.12917823 0.32874078
vt 0.12917823 0.32874078
vt 0.13241360 0.32874072
vt 0.13242179 0.29569602
vt 0.10886192 0.36178863
vt 0.10886121 0.32874072
vt 0.10562572 0.32874107
vt 0.12917823 0.32874078
vt 0.10886121 0.32874072
vt 0.10886192 0.36178863
vt 0.10561624 0.29568172
vt 0.10562572 0.32874107
vt 0.10886121 0.32874072
vt 0.13242179 0.29569602
vt 0.12918645 0.29570353
vt 0.12917823 0.32874078
vt 0.10886121 0.32874072
vt 0.12917823 0.32874078
vt 0.12918645 0.29570353
vt 0.12918645 0.29570353
vt 0.13242179 0.29569602
vt 0.13237068 0.25031656
vt 0.10886121 0.32874072
vt 0.10885096 0.29568833
vt 0.10561624 0.29568172
vt 0.12918645 0.29570353
vt 0.10885096 0.29568833
vt 0.10886121 0.32874072
vt 0.10564166 0.25035381
vt 0.10561624 0.29568172
vt 0.10885096 0.29568833
vt 0.13237068 0.25031656
vt 0.12913999 0.25023246
vt 0.12918645 0.29570353
vt 0.10885096 0.29568833
vt 0.12918645 0.29570353
vt 0.12913999 0.25023246
vt 0.12913999 0.25023246
vt 0.13237068 0.25031656
vt 0.13250157 0.24635905
vt 0.13250157 0.24635905
vt 0.12922624 0.24588072
vt 0.12913999 0.25023246
vt 0.12913999 0.25023246
vt 0.10887241 0.25026929
vt 0.10885096 0.29568833
vt 0.10885096 0.29568833
vt 0.10887241 0.25026929
vt 0.10564166 0.25035381
vt 0.10887241 0.25026929
vt 0.12913999 0.25023246
vt 0.12922624 0.24588072
vt 0.10550633 0.24638450
vt 0.10564166 0.25035381
vt 0.10887241 0.25026929
vt 0.12922624 0.24588072
vt 0.10878104 0.24589306
vt 0.10887241 0.25026929
vt 0.10887241 0.25026929
vt 0.10878104 0.24589306
vt 0.10550633 0.24638450
vt 0.08351952 0.25212485
vt 0.08231753 0.25212502
vt 0.08231795 0.25620705
vt 0.08231795 0.25620705
vt 0.08351988 0.25620699
vt 0.08351952 0.25212485
vt 0.08351988 0.25620699
vt 0.08231795 0.25620705
vt 0.08233124 0.38778025
vt 0.08233124 0.38778025
vt 0.08353323 0.38778007
vt 0.08351988 0.25620699
vt 0.08353323 0.38778007
vt 0.08233124 0.38778025
vt 0.08233178 0.39186239
vt 0.08233178 0.39186239
vt 0.08353376 0.39186215
vt 0.08353323 0.38778007
vt 0.37333959 0.15731913
vt 0.37217814 0.15731913
vt 0.37217814 0.16113079
vt 0.37217814 0.16113079
vt 0.37333959 0.16113079
vt 0.37333959 0.15731913
vt 0.40777087 0.07921576
vt 0.40931669 0.08301109
vt 0.42302027 0.06186432
vt 0.31077543 0.08055526
vt 0.30989486 0.08185703
vt 0.31233025 0.08376205
vt 0.31233025 0.08376205
vt 0.31378067 0.08302468
vt 0.31077543 0.08055526
vt 0.31378067 0.08302468
vt 0.31233025 0.08376205
vt 0.31491059 0.08721155
vt 0.31491059 0.08721155
vt 0.31233025 0.08376205
vt 0.30989486 0.08185703
vt 0.31491059 0.08721155
vt 0.31644171 0.08679688
vt 0.31378067 0.08302468
vt 0.30989486 0.08185703
vt 0.31574512 0.09133941
vt 0.31491059 0.08721155
vt 0.31644171 0.08679688
vt 0.31491059 0.08721155
vt 0.31574512 0.09133941
vt 0.31574512 0.09133941
vt 0.31729323 0.09119523
vt 0.31644171 0.08679688
vt 0.31574512 0.09133941
vt 0.30989486 0.08185703
vt 0.30990630 0.10702610
vt 0.31729323 0.09119523
vt 0.31574512 0.09133941
vt 0.31647220 0.09940016
vt 0.30990630 0.10702610
vt 0.31647220 0.09940016
vt 0.31574512 0.09133941
vt 0.31647220 0.09940016
vt 0.31802770 0.09937066
vt 0.31729323 0.09119523
vt 0.31776845 0.10752976
vt 0.31802770 0.09937066
vt 0.31647220 0.09940016
vt 0.31647220 0.09940016
vt 0.31621197 0.10746199
vt 0.31776845 0.10752976
vt 0.31647220 0.09940016
vt 0.30990630 0.10702610
vt 0.31621197 0.10746199
vt 0.31688824 0.11575556
vt 0.31776845 0.10752976
vt 0.31621197 0.10746199
vt 0.31621197 0.10746199
vt 0.31534678 0.11554730
vt 0.31688824 0.11575556
vt 0.31534678 0.11554730
vt 0.31621197 0.10746199
vt 0.30990630 0.10702610
vt 0.31568703 0.12388009
vt 0.31688824 0.11575556
vt 0.31534678 0.11554730
vt 0.31414437 0.12368149
vt 0.31534678 0.11554730
vt 0.30990630 0.10702610
vt 0.31534678 0.11554730
vt 0.31414437 0.12368149
vt 0.31568703 0.12388009
vt 0.30990630 0.10702610
vt 0.30996960 0.13210022
vt 0.31414437 0.12368149
vt 0.31456584 0.12824547
vt 0.31568703 0.12388009
vt 0.31414437 0.12368149
vt 0.31414437 0.12368149
vt 0.31301320 0.12786484
vt 0.31456584 0.12824547
vt 0.31301320 0.12786484
vt 0.31414437 0.12368149
vt 0.30996960 0.13210022
vt 0.31289268 0.13148129
vt 0.31456584 0.12824547
vt 0.31301320 0.12786484
vt 0.30996960 0.13210022
vt 0.31136155 0.13079095
vt 0.31301320 0.12786484
vt 0.31301320 0.12786484
vt 0.31136155 0.13079095
vt 0.31289268 0.13148129
vt 0.31136155 0.13079095
vt 0.30996960 0.13210022
vt 0.31082904 0.13343662
vt 0.31082904 0.13343662
vt 0.31289268 0.13148129
vt 0.31136155 0.13079095
vt 0.51654899 0.23733848
vt 0.51978773 0.23734337
vt 0.51979613 0.05760902
vt 0.51979613 0.05760902
vt 0.51656938 0.05743659
vt 0.51654899 0.23733848
vt 0.54008955 0.05763501
vt 0.51979613 0.05760902
vt 0.51978773 0.23734337
vt 0.51978773 0.23734337
vt 0.54012835 0.23731387
vt 0.54008955 0.05763501
vt 0.54008955 0.05763501
vt 0.54012835 0.23731387
vt 0.54336429 0.23730737
vt 0.54336429 0.23730737
vt 0.54331923 0.05746305
vt 0.54008955 0.05763501
vt 0.42302027 0.06186432
vt 0.42220113 0.24124622
vt 0.42542583 0.24144375
vt 0.42542583 0.24144375
vt 0.42625862 0.06190854
vt 0.42302027 0.06186432
vt 0.56778795 0.23478210
vt 0.56774861 0.01253933
vt 0.54989696 0.01254249
vt 0.54989696 0.01254249
vt 0.54993606 0.23478532
vt 0.56778795 0.23478210
vt 0.56778824 0.23706084
vt 0.56778795 0.23478210
vt 0.54993606 0.23478532
vt 0.54993606 0.23478532
vt 0.54993653 0.23706406
vt 0.56778824 0.23706084
vt 0.56778860 0.23862553
vt 0.56778824 0.23706084
vt 0.54993653 0.23706406
vt 0.54993653 0.23706406
vt 0.54993677 0.23862869
vt 0.56778860 0.23862553
vt 0.36985922 0.11331171
vt 0.37202686 0.11420959
vt 0.37284809 0.11338836
vt 0.37284809 0.11338836
vt 0.36985922 0.11215031
vt 0.36985922 0.11331171
vt 0.37408620 0.11637717
vt 0.37284809 0.11338836
vt 0.37202686 0.11420959
vt 0.37202686 0.11420959
vt 0.37287682 0.11661780
vt 0.37408620 0.11637717
vt 0.37408620 0.11637717
vt 0.37287682 0.11661780
vt 0.37287700 0.13645053
vt 0.37287700 0.13645053
vt 0.37408626 0.13669109
vt 0.37408620 0.11637717
vt 0.37408626 0.13669109
vt 0.37287700 0.13645053
vt 0.37202698 0.13885868
vt 0.37202698 0.13885868
vt 0.37284827 0.13967991
vt 0.37408626 0.13669109
vt 0.37284827 0.13967991
vt 0.37202698 0.13885868
vt 0.36985934 0.13975656
vt 0.36985934 0.13975656
vt 0.36985934 0.14091796
vt 0.37284827 0.13967991
vt 0.38493401 0.15428400
vt 0.38377255 0.15428400
vt 0.38377255 0.15809566
vt 0.38377255 0.15809566
vt 0.38493401 0.15809566
vt 0.38493401 0.15428400
vt 0.29947144 0.13749808
vt 0.29565990 0.13749874
vt 0.29566026 0.13984501
vt 0.29566026 0.13984501
vt 0.29947186 0.13984436
vt 0.29947144 0.13749808
vt 0.29565990 0.13749874
vt 0.29947144 0.13749808
vt 0.29947102 0.13494426
vt 0.29947102 0.13494426
vt 0.29565936 0.13494492
vt 0.29565990 0.13749874
vt 0.29565936 0.13494492
vt 0.29947102 0.13494426
vt 0.29946750 0.11511105
vt 0.29946750 0.11511105
vt 0.29565579 0.11511171
vt 0.29565936 0.13494492
vt 0.29565579 0.11511171
vt 0.29946750 0.11511105
vt 0.29946703 0.11255723
vt 0.29946703 0.11255723
vt 0.29565531 0.11255789
vt 0.29565579 0.11511171
vt 0.29565531 0.11255789
vt 0.29946703 0.11255723
vt 0.29946655 0.11021090
vt 0.29946655 0.11021090
vt 0.29565489 0.11021161
vt 0.29565531 0.11255789
vt 0.36017299 0.11327207
vt 0.36017299 0.11211061
vt 0.35718405 0.11334866
vt 0.35718405 0.11334866
vt 0.35800529 0.11416996
vt 0.36017299 0.11327207
vt 0.35800529 0.11416996
vt 0.35718405 0.11334866
vt 0.35594594 0.11633766
vt 0.35594594 0.11633766
vt 0.35715514 0.11657822
vt 0.35800529 0.11416996
vt 0.35715514 0.13641167
vt 0.35715514 0.11657822
vt 0.35594594 0.11633766
vt 0.35594594 0.11633766
vt 0.35594594 0.13665223
vt 0.35715514 0.13641167
vt 0.35800523 0.13881993
vt 0.35715514 0.13641167
vt 0.35594594 0.13665223
vt 0.35594594 0.13665223
vt 0.35718393 0.13964117
vt 0.35800523 0.13881993
vt 0.36017299 0.13971782
vt 0.35800523 0.13881993
vt 0.35718393 0.13964117
vt 0.35718393 0.13964117
vt 0.36017299 0.14087927
vt 0.36017299 0.13971782
vt 0.33275706 0.10370207
vt 0.33492464 0.10459995
vt 0.33574587 0.10377872
vt 0.33574587 0.10377872
vt 0.33275706 0.10254067
vt 0.33275706 0.10370207
vt 0.33698398 0.10676754
vt 0.33574587 0.10377872
vt 0.33492464 0.10459995
vt 0.33492464 0.10459995
vt 0.33577472 0.10700810
vt 0.33698398 0.10676754
vt 0.33698398 0.10676754
vt 0.33577472 0.10700810
vt 0.33577472 0.12684059
vt 0.33577472 0.12684059
vt 0.33698398 0.12708110
vt 0.33698398 0.10676754
vt 0.33698398 0.12708110
vt 0.33577472 0.12684059
vt 0.33492464 0.12924874
vt 0.33492464 0.12924874
vt 0.33574587 0.13006997
vt 0.33698398 0.12708110
vt 0.33574587 0.13006997
vt 0.33492464 0.12924874
vt 0.33275712 0.13014662
vt 0.33275712 0.13014662
vt 0.33275712 0.13130796
vt 0.33574587 0.13006997
vt 0.36870182 0.11753970
vt 0.36754042 0.11753970
vt 0.36754042 0.12135136
vt 0.36754042 0.12135136
vt 0.36870182 0.12135136
vt 0.36870182 0.11753970
vt 0.35362959 0.14703518
vt 0.35744131 0.14703560
vt 0.35744172 0.14380038
vt 0.35744172 0.14380038
vt 0.35362995 0.14379996
vt 0.35362959 0.14703518
vt 0.35743904 0.16734993
vt 0.35744131 0.14703560
vt 0.35362959 0.14703518
vt 0.35362959 0.14703518
vt 0.35362750 0.16734952
vt 0.35743904 0.16734993
vt 0.35743904 0.16734993
vt 0.35362750 0.16734952
vt 0.35362703 0.17058468
vt 0.35362703 0.17058468
vt 0.35743868 0.17058516
vt 0.35743904 0.16734993
vt 0.30261630 0.11264116
vt 0.30642790 0.11264175
vt 0.30642831 0.11029553
vt 0.30642831 0.11029553
vt 0.30261666 0.11029482
vt 0.30261630 0.11264116
vt 0.30642790 0.11264175
vt 0.30261630 0.11264116
vt 0.30261576 0.11519492
vt 0.30261576 0.11519492
vt 0.30642748 0.11519563
vt 0.30642790 0.11264175
vt 0.30642408 0.13502866
vt 0.30642748 0.11519563
vt 0.30261576 0.11519492
vt 0.30261576 0.11519492
vt 0.30261230 0.13502800
vt 0.30642408 0.13502866
vt 0.30642408 0.13502866
vt 0.30261230 0.13502800
vt 0.30261195 0.13758177
vt 0.30261195 0.13758177
vt 0.30642360 0.13758242
vt 0.30642408 0.13502866
vt 0.30642360 0.13758242
vt 0.30261195 0.13758177
vt 0.30261153 0.13992804
vt 0.30261153 0.13992804
vt 0.30642313 0.13992870
vt 0.30642360 0.13758242
vt 0.35321641 0.10381991
vt 0.35321641 0.10265851
vt 0.35022736 0.10389650
vt 0.35022736 0.10389650
vt 0.35104859 0.10471779
vt 0.35321641 0.10381991
vt 0.35104859 0.10471779
vt 0.35022736 0.10389650
vt 0.34898937 0.10688555
vt 0.34898937 0.10688555
vt 0.35019857 0.10712612
vt 0.35104859 0.10471779
vt 0.35019851 0.12695956
vt 0.35019857 0.10712612
vt 0.34898937 0.10688555
vt 0.34898937 0.10688555
vt 0.34898931 0.12720013
vt 0.35019851 0.12695956
vt 0.35104853 0.12936783
vt 0.35019851 0.12695956
vt 0.34898931 0.12720013
vt 0.34898931 0.12720013
vt 0.35022730 0.13018906
vt 0.35104853 0.12936783
vt 0.35321623 0.13026571
vt 0.35104853 0.12936783
vt 0.35022730 0.13018906
vt 0.35022730 0.13018906
vt 0.35321617 0.13142717
vt 0.35321623 0.13026571
vt 0.37681597 0.08164179
vt 0.37898362 0.08253974
vt 0.37980491 0.08171844
vt 0.37980491 0.08171844
vt 0.37681597 0.08048034
vt 0.37681597 0.08164179
vt 0.38104302 0.08470750
vt 0.37980491 0.08171844
vt 0.37898362 0.08253974
vt 0.37898362 0.08253974
vt 0.37983382 0.08494794
vt 0.38104302 0.08470750
vt 0.38104290 0.10502195
vt 0.38104302 0.08470750
vt 0.37983382 0.08494794
vt 0.37983382 0.08494794
vt 0.37983364 0.10478145
vt 0.38104290 0.10502195
vt 0.38104290 0.10502195
vt 0.37983364 0.10478145
vt 0.37898362 0.10718971
vt 0.37898362 0.10718971
vt 0.37980491 0.10801101
vt 0.38104290 0.10502195
vt 0.37980491 0.10801101
vt 0.37898362 0.10718971
vt 0.37681592 0.10808760
vt 0.37681592 0.10808760
vt 0.37681592 0.10924906
vt 0.37980491 0.10801101
vt 0.36870176 0.14384145
vt 0.36754036 0.14384151
vt 0.36754036 0.14765328
vt 0.36754036 0.14765328
vt 0.36870176 0.14765328
vt 0.36870176 0.14384145
vt 0.37681854 0.14512002
vt 0.38063020 0.14512044
vt 0.38063049 0.14188522
vt 0.38063049 0.14188522
vt 0.37681890 0.14188480
vt 0.37681854 0.14512002
vt 0.38062787 0.16543484
vt 0.38063020 0.14512044
vt 0.37681854 0.14512002
vt 0.37681854 0.14512002
vt 0.37681627 0.16543442
vt 0.38062787 0.16543484
vt 0.38062787 0.16543484
vt 0.37681627 0.16543442
vt 0.37681592 0.16866964
vt 0.37681592 0.16866964
vt 0.38062751 0.16867000
vt 0.38062787 0.16543484
vt 0.24232090 0.11676919
vt 0.24613261 0.11676884
vt 0.24613225 0.11442256
vt 0.24613225 0.11442256
vt 0.24232054 0.11442298
vt 0.24232090 0.11676919
vt 0.24613261 0.11676884
vt 0.24232090 0.11676919
vt 0.24232119 0.11932307
vt 0.24232119 0.11932307
vt 0.24613279 0.11932266
vt 0.24613261 0.11676884
vt 0.24613500 0.13915575
vt 0.24613279 0.11932266
vt 0.24232119 0.11932307
vt 0.24232119 0.11932307
vt 0.24232322 0.13915616
vt 0.24613500 0.13915575
vt 0.24613500 0.13915575
vt 0.24232322 0.13915616
vt 0.24232352 0.14170998
vt 0.24232352 0.14170998
vt 0.24613535 0.14170957
vt 0.24613500 0.13915575
vt 0.24613535 0.14170957
vt 0.24232352 0.14170998
vt 0.24232388 0.14405620
vt 0.24232388 0.14405620
vt 0.24613553 0.14405584
vt 0.24613535 0.14170957
vt 0.39495629 0.08168238
vt 0.39495629 0.08052099
vt 0.39196730 0.08175898
vt 0.39196730 0.08175898
vt 0.39278847 0.08258027
vt 0.39495629 0.08168238
vt 0.39278847 0.08258027
vt 0.39196730 0.08175898
vt 0.39072919 0.08474785
vt 0.39072919 0.08474785
vt 0.39193851 0.08498847
vt 0.39278847 0.08258027
vt 0.39193851 0.08498847
vt 0.39072919 0.08474785
vt 0.39072919 0.10506195
vt 0.39072919 0.10506195
vt 0.39193851 0.10482138
vt 0.39193851 0.08498847
vt 0.39278847 0.10722959
vt 0.39193851 0.10482138
vt 0.39072919 0.10506195
vt 0.39072919 0.10506195
vt 0.39196730 0.10805082
vt 0.39278847 0.10722959
vt 0.39495605 0.10812747
vt 0.39278847 0.10722959
vt 0.39196730 0.10805082
vt 0.39196730 0.10805082
vt 0.39495605 0.10928887
vt 0.39495605 0.10812747
vt 0.26087171 0.10588324
vt 0.26303929 0.10678113
vt 0.26386058 0.10595989
vt 0.26386058 0.10595989
vt 0.26087171 0.10472178
vt 0.26087171 0.10588324
vt 0.26509869 0.10894889
vt 0.26386058 0.10595989
vt 0.26303929 0.10678113
vt 0.26303929 0.10678113
vt 0.26388949 0.10918939
vt 0.26509869 0.10894889
vt 0.26509869 0.12926364
vt 0.26509869 0.10894889
vt 0.26388949 0.10918939
vt 0.26388949 0.10918939
vt 0.26388949 0.12902308
vt 0.26509869 0.12926364
vt 0.26509869 0.12926364
vt 0.26388949 0.12902308
vt 0.26303929 0.13143134
vt 0.26303929 0.13143134
vt 0.26386058 0.13225257
vt 0.26509869 0.12926364
vt 0.26386058 0.13225257
vt 0.26303929 0.13143134
vt 0.26087171 0.13232929
vt 0.26087171 0.13232929
vt 0.26087171 0.13349068
vt 0.26386058 0.13225257
vt 0.38957185 0.15984052
vt 0.38841033 0.15984052
vt 0.38841033 0.16365218
vt 0.38841033 0.16365218
vt 0.38957185 0.16365218
vt 0.38957185 0.15984052
vt 0.36058629 0.14705354
vt 0.36439800 0.14705396
vt 0.36439836 0.14381874
vt 0.36439836 0.14381874
vt 0.36058664 0.14381832
vt 0.36058629 0.14705354
vt 0.36439568 0.16736823
vt 0.36439800 0.14705396
vt 0.36058629 0.14705354
vt 0.36058629 0.14705354
vt 0.36058402 0.16736782
vt 0.36439568 0.16736823
vt 0.36439568 0.16736823
vt 0.36058402 0.16736782
vt 0.36058366 0.17060298
vt 0.36058366 0.17060298
vt 0.36439556 0.17060339
vt 0.36439568 0.16736823
vt 0.30957198 0.13898635
vt 0.31338370 0.13898689
vt 0.31338394 0.13664067
vt 0.31338394 0.13664067
vt 0.30957234 0.13664007
vt 0.30957198 0.13898635
vt 0.31338370 0.13898689
vt 0.30957198 0.13898635
vt 0.30957162 0.14154017
vt 0.30957162 0.14154017
vt 0.31338334 0.14154071
vt 0.31338370 0.13898689
vt 0.31338048 0.16137391
vt 0.31338334 0.14154071
vt 0.30957162 0.14154017
vt 0.30957162 0.14154017
vt 0.30956888 0.16137338
vt 0.31338048 0.16137391
vt 0.31338048 0.16137391
vt 0.30956888 0.16137338
vt 0.30956858 0.16392732
vt 0.30956858 0.16392732
vt 0.31338030 0.16392779
vt 0.31338048 0.16137391
vt 0.31338030 0.16392779
vt 0.30956858 0.16392732
vt 0.30956823 0.16627353
vt 0.30956823 0.16627353
vt 0.31337994 0.16627407
vt 0.31338030 0.16392779
vt 0.28596866 0.11145669
vt 0.28596866 0.11029530
vt 0.28297967 0.11153334
vt 0.28297967 0.11153334
vt 0.28380090 0.11235464
vt 0.28596866 0.11145669
vt 0.28380090 0.11235464
vt 0.28297967 0.11153334
vt 0.28174162 0.11452234
vt 0.28174162 0.11452234
vt 0.28295088 0.11476284
vt 0.28380090 0.11235464
vt 0.28295088 0.11476284
vt 0.28174162 0.11452234
vt 0.28174168 0.13483673
vt 0.28174168 0.13483673
vt 0.28295088 0.13459623
vt 0.28295088 0.11476284
vt 0.28380102 0.13700444
vt 0.28295088 0.13459623
vt 0.28174168 0.13483673
vt 0.28174168 0.13483673
vt 0.28297973 0.13782573
vt 0.28380102 0.13700444
vt 0.28596884 0.13790232
vt 0.28380102 0.13700444
vt 0.28297973 0.13782573
vt 0.28297973 0.13782573
vt 0.28596884 0.13906372
vt 0.28596884 0.13790232
vt 0.40232366 0.10296738
vt 0.40348500 0.10296744
vt 0.40348512 0.09915584
vt 0.40348512 0.09915584
vt 0.40232366 0.09915578
vt 0.40232366 0.10296738
vt 0.35594630 0.08158660
vt 0.35811400 0.08248448
vt 0.35893530 0.08166325
vt 0.35893530 0.08166325
vt 0.35594636 0.08042514
vt 0.35594630 0.08158660
vt 0.36017323 0.08465219
vt 0.35893530 0.08166325
vt 0.35811400 0.08248448
vt 0.35811400 0.08248448
vt 0.35896409 0.08489269
vt 0.36017323 0.08465219
vt 0.36017323 0.08465219
vt 0.35896409 0.08489269
vt 0.35896373 0.10472596
vt 0.35896373 0.10472596
vt 0.36017311 0.10496646
vt 0.36017323 0.08465219
vt 0.36017311 0.10496646
vt 0.35896373 0.10472596
vt 0.35811371 0.10713410
vt 0.35811371 0.10713410
vt 0.35893494 0.10795540
vt 0.36017311 0.10496646
vt 0.35893494 0.10795540
vt 0.35811371 0.10713410
vt 0.35594594 0.10803193
vt 0.35594594 0.10803193
vt 0.35594594 0.10919338
vt 0.35893494 0.10795540
vt 0.39420962 0.15984058
vt 0.39304811 0.15984058
vt 0.39304811 0.16365224
vt 0.39304811 0.16365224
vt 0.39420962 0.16365224
vt 0.39420962 0.15984058
vt 0.39305055 0.11544508
vt 0.39686221 0.11544549
vt 0.39686245 0.11221027
vt 0.39686245 0.11221027
vt 0.39305085 0.11220992
vt 0.39305055 0.11544508
vt 0.39686006 0.13575953
vt 0.39686221 0.11544549
vt 0.39305055 0.11544508
vt 0.39305055 0.11544508
vt 0.39304823 0.13575912
vt 0.39686006 0.13575953
vt 0.39686006 0.13575953
vt 0.39304823 0.13575912
vt 0.39304811 0.13899428
vt 0.39304811 0.13899428
vt 0.39685971 0.13899469
vt 0.39686006 0.13575953
vt 0.33276230 0.13657773
vt 0.33657402 0.13657844
vt 0.33657444 0.13423216
vt 0.33657444 0.13423216
vt 0.33276278 0.13423145
vt 0.33276230 0.13657773
vt 0.33657402 0.13657844
vt 0.33276230 0.13657773
vt 0.33276188 0.13913155
vt 0.33276188 0.13913155
vt 0.33657348 0.13913226
vt 0.33657402 0.13657844
vt 0.33657348 0.13913226
vt 0.33276188 0.13913155
vt 0.33275807 0.15896457
vt 0.33275807 0.15896457
vt 0.33656979 0.15896529
vt 0.33657348 0.13913226
vt 0.33656979 0.15896529
vt 0.33275807 0.15896457
vt 0.33275759 0.16151839
vt 0.33275759 0.16151839
vt 0.33656919 0.16151911
vt 0.33656979 0.15896529
vt 0.33656919 0.16151911
vt 0.33275759 0.16151839
vt 0.33275706 0.16386467
vt 0.33275706 0.16386467
vt 0.33656877 0.16386539
vt 0.33656919 0.16151911
vt 0.42303053 0.05423611
vt 0.42302501 0.05805016
vt 0.42625856 0.05805945
vt 0.42625856 0.05805945
vt 0.42626780 0.05424672
vt 0.42303053 0.05423611
vt 0.25814193 0.11175609
vt 0.25814193 0.11059469
vt 0.25515294 0.11183274
vt 0.25515294 0.11183274
vt 0.25597423 0.11265403
vt 0.25814193 0.11175609
vt 0.25597423 0.11265403
vt 0.25515294 0.11183274
vt 0.25391501 0.11482167
vt 0.25391501 0.11482167
vt 0.25512427 0.11506224
vt 0.25597423 0.11265403
vt 0.25512439 0.13489544
vt 0.25512427 0.11506224
vt 0.25391501 0.11482167
vt 0.25391501 0.11482167
vt 0.25391507 0.13513601
vt 0.25512439 0.13489544
vt 0.25597435 0.13730365
vt 0.25512439 0.13489544
vt 0.25391507 0.13513601
vt 0.25391507 0.13513601
vt 0.25515318 0.13812494
vt 0.25597435 0.13730365
vt 0.25814211 0.13820153
vt 0.25597435 0.13730365
vt 0.25515318 0.13812494
vt 0.25515318 0.13812494
vt 0.25814217 0.13936293
vt 0.25814211 0.13820153
vt 0.39536697 0.15691340
vt 0.39652836 0.15691340
vt 0.39652836 0.15310180
vt 0.39652836 0.15310180
vt 0.39536697 0.15310180
vt 0.39536697 0.15691340
vt 0.42304227 0.04660875
vt 0.42303607 0.05042237
vt 0.42626983 0.05043155
vt 0.42626983 0.05043155
vt 0.42627919 0.04661900
vt 0.42304227 0.04660875
vt 0.27639019 0.08052993
vt 0.27652520 0.08374387
vt 0.28535813 0.08349073
vt 0.28535813 0.08349073
vt 0.28519088 0.08023828
vt 0.27639019 0.08052993
vt 0.27652520 0.08374387
vt 0.27639019 0.08052993
vt 0.27231264 0.08059037
vt 0.28535813 0.08349073
vt 0.27652520 0.08374387
vt 0.27655065 0.10393685
vt 0.27655065 0.10393685
vt 0.28550106 0.10412014
vt 0.28535813 0.08349073
vt 0.27231264 0.08059037
vt 0.27216744 0.08379185
vt 0.27652520 0.08374387
vt 0.27655065 0.10393685
vt 0.27652520 0.08374387
vt 0.27216744 0.08379185
vt 0.26783895 0.08359772
vt 0.27216744 0.08379185
vt 0.27231264 0.08059037
vt 0.27231264 0.08059037
vt 0.26848942 0.08029455
vt 0.26783895 0.08359772
vt 0.28550106 0.10412014
vt 0.27655065 0.10393685
vt 0.27644300 0.10715169
vt 0.27644300 0.10715169
vt 0.28534353 0.10737449
vt 0.28550106 0.10412014
vt 0.27234399 0.10711718
vt 0.27644300 0.10715169
vt 0.27655065 0.10393685
vt 0.27221221 0.10389721
vt 0.27216744 0.08379185
vt 0.26783895 0.08359772
vt 0.27216744 0.08379185
vt 0.27221221 0.10389721
vt 0.27655065 0.10393685
vt 0.27655065 0.10393685
vt 0.27221221 0.10389721
vt 0.27234399 0.10711718
vt 0.26783895 0.08359772
vt 0.26782829 0.10410827
vt 0.27221221 0.10389721
vt 0.27234399 0.10711718
vt 0.27221221 0.10389721
vt 0.26782829 0.10410827
vt 0.26782829 0.10410827
vt 0.26851851 0.10737062
vt 0.27234399 0.10711718
vt 0.36754036 0.12809020
vt 0.36870182 0.12809014
vt 0.36870182 0.12427855
vt 0.36870182 0.12427855
vt 0.36754036 0.12427855
vt 0.36754036 0.12809020
vt 0.42305556 0.03898233
vt 0.42304862 0.04279548
vt 0.42628276 0.04280460
vt 0.42628276 0.04280460
vt 0.42629221 0.03899223
vt 0.42305556 0.03898233
vt 0.36754042 0.15439212
vt 0.36870182 0.15439212
vt 0.36870182 0.15058053
vt 0.36870182 0.15058053
vt 0.36754042 0.15058047
vt 0.36754042 0.15439212
vt 0.42307055 0.03135699
vt 0.42306277 0.03516948
vt 0.42629716 0.03517866
vt 0.42629716 0.03517866
vt 0.42630684 0.03136653
vt 0.42307055 0.03135699
vt 0.34435153 0.11274946
vt 0.34551293 0.11274946
vt 0.34551293 0.10893780
vt 0.34551293 0.10893780
vt 0.34435153 0.10893780
vt 0.34435153 0.11274946
vt 0.43768477 0.05774188
vt 0.43703681 0.05925614
vt 0.44026363 0.05942869
vt 0.44026363 0.05942869
vt 0.44038236 0.05794120
vt 0.43768477 0.05774188
vt 0.46043760 0.05793130
vt 0.44038236 0.05794120
vt 0.44026363 0.05942869
vt 0.44026363 0.05942869
vt 0.46055806 0.05940914
vt 0.46043760 0.05793130
vt 0.46313667 0.05772418
vt 0.46043760 0.05793130
vt 0.46055806 0.05940914
vt 0.46055806 0.05940914
vt 0.46378785 0.05923724
vt 0.46313667 0.05772418
vt 0.51100075 0.00607789
vt 0.49103916 0.00608140
vt 0.49209434 0.00757313
vt 0.49209434 0.00757313
vt 0.50994605 0.00756997
vt 0.51100075 0.00607789
vt 0.49999997 1.00000000
vt 1.00000000 0.96250373
vt 1.00000000 0.03749633
vt 0.49999997 1.00000000
vt 0.96876997 1.00000000
vt 1.00000000 0.96250373
vt 0.96876997 1.00000000
vt 0.99085301 0.98901755
vt 1.00000000 0.96250373
vt 0.03122994 1.00000000
vt 0.49999997 1.00000000
vt 1.00000000 0.03749633
vt 0.03122994 1.00000000
vt 1.00000000 0.03749633
vt 0.99085301 0.01098245
vt 0.03122994 1.00000000
vt 0.99085301 0.01098245
vt 0.96876997 0.00000000
vt 0.03122994 1.00000000
vt 0.96876997 0.00000000
vt 0.73438501 0.00000000
vt 0.03122994 1.00000000
vt 0.73438501 0.00000000
vt 0.49999997 0.00000000
vt 0.03122994 1.00000000
vt 0.49999997 0.00000000
vt 0.26561493 0.00000000
vt 0.03122994 1.00000000
vt 0.26561493 0.00000000
vt 0.03122994 0.00000000
vt 0.00914699 0.98901755
vt 0.03122994 1.00000000
vt 0.03122994 0.00000000
vt 0.00914699 0.98901755
vt 0.03122994 0.00000000
vt 0.00914699 0.01098245
vt 0.00914699 0.98901755
vt 0.00914699 0.01098245
vt 0.00000000 0.03749633
vt 0.00914699 0.98901755
vt 0.00000000 0.03749633
vt 0.00000000 0.96250373
vt 0.92045391 0.92022222
vt 0.92045581 0.51308221
vt 0.91658682 0.51308221
vt 0.91658682 0.51308221
vt 0.91658497 0.92022216
vt 0.92045391 0.92022222
vt 0.93331552 0.51308244
vt 0.93331337 0.87362140
vt 0.93718243 0.87362140
vt 0.93718243 0.87362140
vt 0.93718433 0.51308250
vt 0.93331552 0.51308244
vt 0.93718243 0.87362140
vt 0.93331337 0.87362140
vt 0.93331337 0.88182092
vt 0.93331337 0.88182092
vt 0.93718231 0.88182092
vt 0.93718243 0.87362140
vt 0.92881954 0.87362063
vt 0.92887598 0.51308304
vt 0.92500699 0.51308244
vt 0.92500699 0.51308244
vt 0.92495048 0.87362003
vt 0.92881954 0.87362063
vt 0.92881954 0.87362063
vt 0.92495048 0.87362003
vt 0.92494917 0.88181949
vt 0.92494917 0.88181949
vt 0.92881823 0.88182008
vt 0.92881954 0.87362063
vt 0.92887735 0.50488341
vt 0.92500830 0.50488281
vt 0.92500699 0.51308244
vt 0.92500699 0.51308244
vt 0.92887598 0.51308304
vt 0.92887735 0.50488341
vt 0.91658682 0.51308221
vt 0.92045581 0.51308221
vt 0.92045581 0.50488281
vt 0.92045581 0.50488281
vt 0.91658688 0.50488281
vt 0.91658682 0.51308221
vt 0.91658491 0.92842162
vt 0.92045385 0.92842162
vt 0.92045391 0.92022222
vt 0.92045391 0.92022222
vt 0.91658497 0.92022216
vt 0.91658491 0.92842162
vt 0.93331552 0.51308244
vt 0.93718433 0.51308250
vt 0.93718445 0.50488281
vt 0.93718445 0.50488281
vt 0.93331552 0.50488281
vt 0.93331552 0.51308244
vt 0.77264619 0.93031418
vt 0.77578378 0.92273885
vt 0.76507068 0.93345195
vt 0.77578378 0.51559597
vt 0.76507068 0.50488281
vt 0.76507068 0.93345195
vt 0.76507068 0.93345195
vt 0.77578378 0.92273885
vt 0.77578378 0.51559597
vt 0.40453309 0.93345195
vt 0.76507068 0.93345195
vt 0.76507068 0.50488281
vt 0.76507068 0.50488281
vt 0.40453306 0.50488281
vt 0.40453309 0.93345195
vt 0.39381996 0.92273885
vt 0.40453309 0.93345195
vt 0.40453306 0.50488281
vt 0.39695776 0.93031418
vt 0.40453309 0.93345195
vt 0.39381996 0.92273885
vt 0.40453306 0.50488281
vt 0.39381996 0.51559597
vt 0.39381996 0.92273885
vt 0.39695776 0.50802058
vt 0.39381996 0.51559597
vt 0.40453306 0.50488281
vt 0.77264619 0.50802058
vt 0.76507068 0.50488281
vt 0.77578378 0.51559597
vt 0.96677035 0.98306394
vt 0.96790016 0.98306394
vt 0.96790016 0.97400481
vt 0.96790016 0.97400481
vt 0.96677035 0.97400481
vt 0.96677035 0.98306394
vt 0.99186307 0.97418737
vt 0.99299288 0.97418737
vt 0.99299288 0.96512806
vt 0.99299288 0.96512806
vt 0.99186307 0.96512806
vt 0.99186307 0.97418737
vt 0.27253848 0.93873113
vt 0.27253848 0.98557645
vt 0.28159773 0.98557645
vt 0.28159773 0.98557645
vt 0.28159773 0.93873113
vt 0.27253848 0.93873113
vt 0.47022796 0.93873113
vt 0.46909809 0.93873113
vt 0.46909809 0.98557734
vt 0.46909809 0.98557734
vt 0.47022787 0.98557734
vt 0.47022796 0.93873113
vt 0.82457829 0.97803521
vt 0.82570809 0.97803521
vt 0.82570809 0.93119055
vt 0.82570809 0.93119055
vt 0.82457829 0.93119055
vt 0.82457829 0.97803521
vt 0.98349881 0.97420710
vt 0.98462862 0.97420710
vt 0.98462862 0.96514779
vt 0.98462862 0.96514779
vt 0.98349881 0.96514779
vt 0.98349881 0.97420710
vt 0.79948556 0.95733142
vt 0.80061537 0.95733142
vt 0.80061537 0.94827211
vt 0.80061537 0.94827211
vt 0.79948556 0.94827211
vt 0.79948556 0.95733142
vt 0.25580999 0.93873113
vt 0.25580999 0.98557657
vt 0.26486924 0.98557657
vt 0.26486924 0.98557657
vt 0.26486924 0.93873113
vt 0.25580999 0.93873113
vt 0.43677101 0.93873113
vt 0.43564129 0.93873113
vt 0.43564114 0.98557782
vt 0.43564114 0.98557782
vt 0.43677101 0.98557782
vt 0.43677101 0.93873113
vt 0.51928353 0.98557836
vt 0.52041334 0.98557836
vt 0.52041334 0.93873113
vt 0.52041334 0.93873113
vt 0.51928353 0.93873113
vt 0.51928353 0.98557836
vt 0.41054845 0.98433739
vt 0.41167825 0.98433745
vt 0.41167825 0.97527814
vt 0.41167825 0.97527814
vt 0.41054845 0.97527808
vt 0.41054845 0.98433739
vt 0.97513461 0.94659382
vt 0.97626442 0.94659382
vt 0.97626442 0.93753451
vt 0.97626442 0.93753451
vt 0.97513461 0.93753451
vt 0.97513461 0.94659382
vt 0.23908150 0.93873113
vt 0.23908150 0.98557639
vt 0.24814081 0.98557639
vt 0.24814081 0.98557639
vt 0.24814081 0.93873113
vt 0.23908150 0.93873113
vt 0.72951937 0.93873113
vt 0.72838950 0.93873113
vt 0.72838950 0.98557580
vt 0.72838950 0.98557580
vt 0.72951937 0.98557580
vt 0.72951937 0.93873113
vt 0.48582658 0.98557734
vt 0.48695633 0.98557734
vt 0.48695642 0.93873113
vt 0.48695642 0.93873113
vt 0.48582658 0.93873113
vt 0.48582658 0.98557734
vt 0.99186307 0.91683352
vt 0.99299288 0.91683352
vt 0.99299288 0.90777439
vt 0.99299288 0.90777439
vt 0.99186307 0.90777439
vt 0.99186307 0.91683352
vt 0.98349881 0.91685301
vt 0.98462862 0.91685301
vt 0.98462862 0.90779376
vt 0.98462862 0.90779376
vt 0.98349881 0.90779376
vt 0.98349881 0.91685301
vt 0.12198216 0.93873119
vt 0.12198216 0.98557663
vt 0.13104147 0.98557663
vt 0.13104147 0.98557663
vt 0.13104147 0.93873113
vt 0.12198216 0.93873119
vt 0.62078416 0.93873113
vt 0.61965442 0.93873113
vt 0.61965442 0.98557889
vt 0.61965442 0.98557889
vt 0.62078416 0.98557889
vt 0.62078416 0.93873113
vt 0.47746235 0.98557734
vt 0.47859219 0.98557734
vt 0.47859219 0.93873113
vt 0.47859219 0.93873113
vt 0.47746244 0.93873113
vt 0.47746235 0.98557734
vt 0.97513461 0.96093214
vt 0.97626442 0.96093214
vt 0.97626442 0.95187300
vt 0.97626442 0.95187300
vt 0.97513461 0.95187300
vt 0.97513461 0.96093214
vt 0.99186307 0.95984888
vt 0.99299294 0.95984888
vt 0.99299294 0.95079011
vt 0.99299294 0.95079011
vt 0.99186307 0.95079011
vt 0.99186307 0.95984888
vt 0.30599543 0.93873113
vt 0.30599543 0.98557663
vt 0.31505466 0.98557663
vt 0.31505466 0.98557663
vt 0.31505466 0.93873113
vt 0.30599543 0.93873113
vt 0.65424120 0.93873113
vt 0.65311140 0.93873113
vt 0.65311140 0.98557580
vt 0.65311140 0.98557580
vt 0.65424120 0.98557580
vt 0.65424120 0.93873113
vt 0.89985645 0.85474384
vt 0.90098625 0.85474384
vt 0.90098625 0.80789918
vt 0.90098625 0.80789918
vt 0.89985645 0.80789918
vt 0.89985645 0.85474384
vt 0.80784982 0.95733118
vt 0.80897963 0.95733118
vt 0.80897963 0.94827211
vt 0.80897963 0.94827211
vt 0.80784982 0.94827211
vt 0.80784982 0.95733118
vt 0.79948556 0.97167009
vt 0.80061537 0.97167009
vt 0.80061537 0.96261066
vt 0.80061537 0.96261066
vt 0.79948556 0.96261066
vt 0.79948556 0.97167009
vt 0.95840621 0.50488281
vt 0.95840609 0.55172807
vt 0.96746540 0.55172813
vt 0.96746540 0.55172813
vt 0.96746540 0.50488281
vt 0.95840621 0.50488281
vt 0.70442665 0.93873113
vt 0.70329678 0.93873113
vt 0.70329678 0.98557580
vt 0.70329678 0.98557580
vt 0.70442665 0.98557580
vt 0.70442665 0.93873113
vt 0.67820406 0.98557681
vt 0.67933393 0.98557681
vt 0.67933393 0.93873113
vt 0.67933393 0.93873113
vt 0.67820406 0.93873113
vt 0.67820406 0.98557681
vt 0.98349881 0.95986855
vt 0.98462862 0.95986855
vt 0.98462862 0.95080924
vt 0.98462862 0.95080924
vt 0.98349881 0.95080924
vt 0.98349881 0.95986855
vt 0.99186307 0.94551092
vt 0.99299288 0.94551092
vt 0.99299288 0.93645144
vt 0.99299288 0.93645144
vt 0.99186307 0.93645144
vt 0.99186307 0.94551092
vt 0.22235304 0.93873113
vt 0.22235304 0.98557657
vt 0.23141229 0.98557657
vt 0.23141229 0.98557657
vt 0.23141229 0.93873113
vt 0.22235304 0.93873113
vt 0.81734383 0.93119055
vt 0.81621403 0.93119055
vt 0.81621403 0.97803730
vt 0.81621403 0.97803730
vt 0.81734383 0.97803730
vt 0.81734383 0.93119055
vt 0.89985645 0.90686774
vt 0.90098625 0.90686774
vt 0.90098625 0.86002308
vt 0.90098625 0.86002308
vt 0.89985645 0.86002308
vt 0.89985645 0.90686774
vt 0.99186307 0.84514064
vt 0.99299288 0.84514064
vt 0.99299288 0.83608139
vt 0.99299288 0.83608139
vt 0.99186307 0.83608139
vt 0.99186307 0.84514064
vt 0.98349881 0.84516096
vt 0.98462862 0.84516096
vt 0.98462862 0.83610141
vt 0.98462862 0.83610141
vt 0.98349881 0.83610141
vt 0.98349881 0.84516096
vt 0.02161127 0.93873119
vt 0.02161127 0.98557639
vt 0.03067058 0.98557639
vt 0.03067058 0.98557639
vt 0.03067058 0.93873119
vt 0.02161127 0.93873119
vt 0.72115511 0.93873113
vt 0.72002530 0.93873113
vt 0.72002530 0.98557580
vt 0.72002530 0.98557580
vt 0.72115511 0.98557580
vt 0.72115511 0.93873113
vt 0.76184648 0.98557681
vt 0.76297629 0.98557681
vt 0.76297629 0.93873113
vt 0.76297629 0.93873113
vt 0.76184648 0.93873113
vt 0.76184648 0.98557681
vt 0.99186307 0.78778660
vt 0.99299288 0.78778660
vt 0.99299288 0.77872723
vt 0.99299288 0.77872723
vt 0.99186307 0.77872723
vt 0.99186307 0.78778660
vt 0.99186307 0.77344805
vt 0.99299288 0.77344805
vt 0.99299288 0.76438862
vt 0.99299288 0.76438862
vt 0.99186307 0.76438862
vt 0.99186307 0.77344805
vt 0.95840609 0.66125631
vt 0.95840609 0.70810175
vt 0.96746540 0.70810175
vt 0.96746540 0.70810175
vt 0.96746540 0.66125631
vt 0.95840609 0.66125631
vt 0.44513527 0.93873113
vt 0.44400552 0.93873113
vt 0.44400537 0.98557681
vt 0.44400537 0.98557681
vt 0.44513527 0.98557681
vt 0.44513527 0.93873113
vt 0.54437625 0.98557580
vt 0.54550612 0.98557580
vt 0.54550612 0.93873113
vt 0.54550612 0.93873113
vt 0.54437625 0.93873113
vt 0.54437625 0.98557580
vt 0.99186307 0.80212528
vt 0.99299288 0.80212528
vt 0.99299288 0.79306579
vt 0.99299288 0.79306579
vt 0.99186307 0.79306579
vt 0.99186307 0.80212528
vt 0.98349881 0.80214518
vt 0.98462862 0.80214518
vt 0.98462862 0.79308587
vt 0.98462862 0.79308587
vt 0.98349881 0.79308587
vt 0.98349881 0.80214518
vt 0.95840609 0.76550603
vt 0.95840609 0.81235129
vt 0.96746540 0.81235129
vt 0.96746540 0.81235129
vt 0.96746540 0.76550603
vt 0.95840609 0.76550603
vt 0.63751268 0.93873113
vt 0.63638288 0.93873113
vt 0.63638288 0.98557681
vt 0.63638288 0.98557681
vt 0.63751268 0.98557681
vt 0.63751268 0.93873113
vt 0.69493258 0.98557627
vt 0.69606239 0.98557627
vt 0.69606239 0.93873113
vt 0.69606239 0.93873113
vt 0.69493258 0.93873113
vt 0.69493258 0.98557627
vt 0.97513461 0.81754792
vt 0.97626448 0.81754792
vt 0.97626448 0.80848926
vt 0.97626448 0.80848926
vt 0.97513461 0.80848926
vt 0.97513461 0.81754792
vt 0.98349881 0.85949922
vt 0.98462868 0.85949922
vt 0.98462868 0.85044014
vt 0.98462868 0.85044014
vt 0.98349881 0.85044014
vt 0.98349881 0.85949922
vt 0.03833979 0.93873119
vt 0.03833979 0.98557675
vt 0.04739898 0.98557675
vt 0.04739898 0.98557675
vt 0.04739898 0.93873119
vt 0.03833979 0.93873119
vt 0.73788363 0.93873113
vt 0.73675376 0.93873113
vt 0.73675376 0.98557580
vt 0.73675376 0.98557580
vt 0.73788363 0.98557580
vt 0.73788363 0.93873113
vt 0.61129016 0.98557681
vt 0.61241996 0.98557681
vt 0.61241996 0.93873113
vt 0.61241996 0.93873113
vt 0.61129016 0.93873113
vt 0.61129016 0.98557681
vt 0.98349881 0.81648368
vt 0.98462862 0.81648368
vt 0.98462862 0.80742437
vt 0.98462862 0.80742437
vt 0.98349881 0.80742437
vt 0.98349881 0.81648368
vt 0.97513461 0.80321002
vt 0.97626442 0.80321002
vt 0.97626442 0.79415065
vt 0.97626442 0.79415065
vt 0.97513461 0.79415065
vt 0.97513461 0.80321002
vt 0.95840609 0.81763053
vt 0.95840609 0.86447603
vt 0.96746540 0.86447603
vt 0.96746540 0.86447603
vt 0.96746540 0.81763053
vt 0.95840609 0.81763053
vt 0.60405582 0.93873113
vt 0.60292596 0.93873113
vt 0.60292596 0.98557371
vt 0.60292596 0.98557371
vt 0.60405582 0.98557371
vt 0.60405582 0.93873113
vt 0.49419081 0.98557734
vt 0.49532068 0.98557734
vt 0.49532068 0.93873113
vt 0.49532068 0.93873113
vt 0.49419090 0.93873113
vt 0.49419081 0.98557734
vt 0.84967101 0.97911596
vt 0.85080081 0.97911596
vt 0.85080081 0.97005659
vt 0.85080081 0.97005659
vt 0.84967101 0.97005659
vt 0.84967101 0.97911596
vt 0.98349881 0.77346832
vt 0.98462868 0.77346832
vt 0.98462868 0.76440924
vt 0.98462868 0.76440924
vt 0.98349881 0.76440924
vt 0.98349881 0.77346832
vt 0.95840609 0.71338093
vt 0.95840609 0.76022685
vt 0.96746528 0.76022685
vt 0.96746528 0.76022685
vt 0.96746528 0.71338093
vt 0.95840609 0.71338093
vt 0.50368494 0.93873113
vt 0.50255513 0.93873113
vt 0.50255507 0.98557526
vt 0.50255507 0.98557526
vt 0.50368494 0.98557526
vt 0.50368494 0.93873113
vt 0.71166104 0.98557580
vt 0.71279091 0.98557580
vt 0.71279091 0.93873113
vt 0.71279091 0.93873113
vt 0.71166104 0.93873113
vt 0.71166104 0.98557580
vt 0.97513461 0.86056352
vt 0.97626436 0.86056352
vt 0.97626436 0.85150385
vt 0.97626436 0.85150385
vt 0.97513461 0.85150385
vt 0.97513461 0.86056352
vt 0.99186307 0.85947913
vt 0.99299288 0.85947913
vt 0.99299288 0.85041988
vt 0.99299288 0.85041988
vt 0.99186307 0.85041988
vt 0.99186307 0.85947913
vt 0.05506825 0.93873113
vt 0.05506825 0.98557669
vt 0.06412750 0.98557669
vt 0.06412750 0.98557669
vt 0.06412750 0.93873113
vt 0.05506825 0.93873113
vt 0.64587694 0.93873113
vt 0.64474714 0.93873113
vt 0.64474714 0.98557681
vt 0.64474714 0.98557681
vt 0.64587694 0.98557681
vt 0.64587694 0.93873113
vt 0.89985645 0.95898950
vt 0.90098631 0.95898950
vt 0.90098631 0.91214693
vt 0.90098631 0.91214693
vt 0.89985645 0.91214693
vt 0.89985645 0.95898950
vt 0.98349881 0.87383777
vt 0.98462862 0.87383777
vt 0.98462862 0.86477846
vt 0.98462862 0.86477846
vt 0.98349881 0.86477846
vt 0.98349881 0.87383777
vt 0.99186307 0.87381768
vt 0.99299288 0.87381768
vt 0.99299288 0.86475837
vt 0.99299288 0.86475837
vt 0.99186307 0.86475837
vt 0.99186307 0.87381768
vt 0.07179672 0.93873113
vt 0.07179672 0.98557663
vt 0.08085597 0.98557663
vt 0.08085597 0.98557663
vt 0.08085597 0.93873113
vt 0.07179672 0.93873113
vt 0.98462868 0.66125071
vt 0.98349881 0.66125071
vt 0.98349881 0.70809531
vt 0.98349881 0.70809531
vt 0.98462868 0.70809531
vt 0.98462868 0.66125071
vt 0.62801868 0.98557413
vt 0.62914854 0.98557413
vt 0.62914854 0.93873113
vt 0.62914854 0.93873113
vt 0.62801868 0.93873113
vt 0.62801868 0.98557413
vt 0.98349881 0.88817638
vt 0.98462862 0.88817638
vt 0.98462862 0.87911701
vt 0.98462862 0.87911701
vt 0.98349881 0.87911701
vt 0.98349881 0.88817638
vt 0.97513461 0.87490171
vt 0.97626442 0.87490171
vt 0.97626442 0.86584276
vt 0.97626442 0.86584276
vt 0.97513461 0.86584276
vt 0.97513461 0.87490171
vt 0.08852524 0.93873113
vt 0.08852524 0.98557669
vt 0.09758449 0.98557669
vt 0.09758449 0.98557669
vt 0.09758449 0.93873113
vt 0.08852524 0.93873113
vt 0.66260540 0.93873113
vt 0.66147560 0.93873113
vt 0.66147560 0.98557687
vt 0.66147560 0.98557687
vt 0.66260540 0.98557687
vt 0.66260540 0.93873113
vt 0.98349881 0.60384977
vt 0.98462868 0.60384977
vt 0.98462868 0.55700678
vt 0.98462868 0.55700678
vt 0.98349881 0.55700678
vt 0.98349881 0.60384977
vt 0.85803533 0.65145808
vt 0.85916513 0.65145808
vt 0.85916501 0.64239866
vt 0.85916501 0.64239866
vt 0.85803527 0.64239866
vt 0.85803533 0.65145808
vt 0.86221743 0.63711947
vt 0.86334723 0.63711947
vt 0.86334717 0.62806004
vt 0.86334717 0.62806004
vt 0.86221737 0.62806004
vt 0.86221743 0.63711947
vt 0.38545570 0.93775153
vt 0.38545570 0.98459703
vt 0.39451498 0.98459697
vt 0.39451498 0.98459697
vt 0.39451498 0.93775147
vt 0.38545570 0.93775153
vt 0.98462868 0.50488281
vt 0.98349881 0.50488281
vt 0.98349881 0.55172753
vt 0.98349881 0.55172753
vt 0.98462868 0.55172753
vt 0.98462868 0.50488281
vt 0.53601199 0.98557669
vt 0.53714186 0.98557669
vt 0.53714186 0.93873113
vt 0.53714186 0.93873113
vt 0.53601199 0.93873113
vt 0.53601199 0.98557669
vt 0.98349881 0.83082223
vt 0.98462862 0.83082223
vt 0.98462862 0.82176286
vt 0.98462862 0.82176286
vt 0.98349881 0.82176286
vt 0.98349881 0.83082223
vt 0.99186307 0.81646359
vt 0.99299288 0.81646359
vt 0.99299288 0.80740452
vt 0.99299288 0.80740452
vt 0.99186307 0.80740452
vt 0.99186307 0.81646359
vt 0.95840609 0.92188001
vt 0.95840609 0.96872556
vt 0.96746534 0.96872556
vt 0.96746534 0.96872556
vt 0.96746534 0.92188001
vt 0.95840609 0.92188001
vt 0.97626442 0.50488281
vt 0.97513461 0.50488281
vt 0.97513461 0.55172801
vt 0.97513461 0.55172801
vt 0.97626442 0.55172801
vt 0.97626442 0.50488281
vt 0.45236963 0.98557675
vt 0.45349950 0.98557675
vt 0.45349950 0.93873113
vt 0.45349950 0.93873113
vt 0.45236978 0.93873113
vt 0.45236963 0.98557675
vt 0.97513461 0.83188629
vt 0.97626442 0.83188629
vt 0.97626442 0.82282716
vt 0.97626442 0.82282716
vt 0.97513461 0.82282716
vt 0.97513461 0.83188629
vt 0.99186307 0.83080214
vt 0.99299288 0.83080214
vt 0.99299288 0.82174283
vt 0.99299288 0.82174283
vt 0.99186307 0.82174283
vt 0.99186307 0.83080214
vt 0.95840609 0.86975521
vt 0.95840609 0.91660082
vt 0.96746534 0.91660082
vt 0.96746534 0.91660082
vt 0.96746534 0.86975521
vt 0.95840609 0.86975521
vt 0.99299282 0.50488281
vt 0.99186307 0.50488281
vt 0.99186307 0.55173057
vt 0.99186307 0.55173057
vt 0.99299282 0.55173057
vt 0.99299282 0.50488281
vt 0.46073386 0.98557675
vt 0.46186361 0.98557675
vt 0.46186376 0.93873113
vt 0.46186376 0.93873113
vt 0.46073386 0.93873113
vt 0.46073386 0.98557675
vt 0.97513461 0.88924026
vt 0.97626442 0.88924026
vt 0.97626442 0.88018090
vt 0.97626442 0.88018090
vt 0.97513461 0.88018090
vt 0.97513461 0.88924026
vt 0.99186307 0.88815629
vt 0.99299288 0.88815629
vt 0.99299288 0.87909693
vt 0.99299288 0.87909693
vt 0.99186307 0.87909693
vt 0.99186307 0.88815629
vt 0.10525370 0.93873113
vt 0.10525370 0.98557645
vt 0.11431301 0.98557645
vt 0.11431301 0.98557645
vt 0.11431301 0.93873113
vt 0.10525370 0.93873113
vt 0.67096967 0.93873113
vt 0.66983986 0.93873113
vt 0.66983986 0.98557687
vt 0.66983986 0.98557687
vt 0.67096967 0.98557687
vt 0.67096967 0.93873113
vt 0.97513461 0.70810372
vt 0.97626442 0.70810372
vt 0.97626442 0.66125911
vt 0.97626442 0.66125911
vt 0.97513461 0.66125911
vt 0.97513461 0.70810372
vt 0.97513461 0.84622461
vt 0.97626442 0.84622461
vt 0.97626442 0.83716553
vt 0.97626442 0.83716553
vt 0.97513461 0.83716553
vt 0.97513461 0.84622461
vt 0.85803533 0.66579676
vt 0.85916513 0.66579676
vt 0.85916501 0.65673733
vt 0.85916501 0.65673733
vt 0.85803527 0.65673733
vt 0.85803533 0.66579676
vt 0.00488281 0.93873119
vt 0.00488281 0.98557639
vt 0.01394212 0.98557639
vt 0.01394212 0.98557639
vt 0.01394212 0.93873119
vt 0.00488281 0.93873119
vt 0.68769813 0.93873113
vt 0.68656832 0.93873113
vt 0.68656832 0.98557693
vt 0.68656832 0.98557693
vt 0.68769813 0.98557693
vt 0.68769813 0.93873113
vt 0.78275710 0.99511719
vt 0.78388691 0.99511719
vt 0.78388691 0.94827199
vt 0.78388691 0.94827199
vt 0.78275710 0.94827199
vt 0.78275710 0.99511719
vt 0.98349881 0.90251452
vt 0.98462868 0.90251452
vt 0.98462868 0.89345556
vt 0.98462868 0.89345556
vt 0.98349881 0.89345556
vt 0.98349881 0.90251452
vt 0.99186307 0.90249521
vt 0.99299282 0.90249521
vt 0.99299282 0.89343548
vt 0.99299282 0.89343548
vt 0.99186307 0.89343548
vt 0.99186307 0.90249521
vt 0.17216760 0.93873113
vt 0.17216760 0.98557669
vt 0.18122685 0.98557669
vt 0.18122685 0.98557669
vt 0.18122685 0.93873113
vt 0.17216760 0.93873113
vt 0.90935051 0.93370277
vt 0.90822065 0.93370277
vt 0.90822065 0.98054802
vt 0.90822065 0.98054802
vt 0.90935051 0.98054802
vt 0.90935051 0.93370277
vt 0.56110471 0.98557895
vt 0.56223452 0.98557895
vt 0.56223452 0.93873113
vt 0.56223452 0.93873113
vt 0.56110471 0.93873113
vt 0.56110471 0.98557895
vt 0.98349881 0.93119174
vt 0.98462862 0.93119174
vt 0.98462862 0.92213225
vt 0.98462862 0.92213225
vt 0.98349881 0.92213225
vt 0.98349881 0.93119174
vt 0.97513461 0.90357858
vt 0.97626442 0.90357858
vt 0.97626442 0.89451945
vt 0.97626442 0.89451945
vt 0.97513461 0.89451945
vt 0.97513461 0.90357858
vt 0.13871068 0.93873113
vt 0.13871068 0.98557651
vt 0.14776993 0.98557651
vt 0.14776993 0.98557651
vt 0.14776993 0.93873113
vt 0.13871068 0.93873113
vt 0.97626436 0.60913229
vt 0.97513461 0.60913229
vt 0.97513461 0.65597993
vt 0.97513461 0.65597993
vt 0.97626436 0.65597993
vt 0.97626436 0.60913229
vt 0.77439284 0.98344302
vt 0.77552259 0.98344302
vt 0.77552259 0.93659538
vt 0.77552259 0.93659538
vt 0.77439284 0.93659538
vt 0.77439284 0.98344302
vt 0.98349881 0.78780669
vt 0.98462868 0.78780669
vt 0.98462868 0.77874750
vt 0.98462868 0.77874750
vt 0.98349881 0.77874750
vt 0.98349881 0.78780669
vt 0.97513461 0.77453291
vt 0.97626442 0.77453291
vt 0.97626442 0.76547354
vt 0.97626442 0.76547354
vt 0.97513461 0.76547354
vt 0.97513461 0.77453291
vt 0.95840609 0.55700731
vt 0.95840609 0.60385269
vt 0.96746540 0.60385269
vt 0.96746540 0.60385269
vt 0.96746540 0.55700731
vt 0.95840609 0.55700731
vt 0.52877760 0.93873113
vt 0.52764779 0.93873113
vt 0.52764779 0.98557574
vt 0.52764779 0.98557574
vt 0.52877760 0.98557574
vt 0.52877760 0.93873113
vt 0.56946898 0.98557365
vt 0.57059884 0.98557365
vt 0.57059884 0.93873113
vt 0.57059884 0.93873113
vt 0.56946898 0.93873113
vt 0.56946898 0.98557365
vt 0.95840609 0.98306412
vt 0.95953590 0.98306412
vt 0.95953590 0.97400481
vt 0.95953590 0.97400481
vt 0.95840609 0.97400481
vt 0.95840609 0.98306412
vt 0.97513461 0.97527069
vt 0.97626442 0.97527069
vt 0.97626442 0.96621132
vt 0.97626442 0.96621132
vt 0.97513461 0.96621132
vt 0.97513461 0.97527069
vt 0.28926694 0.93873113
vt 0.28926694 0.98557663
vt 0.29832619 0.98557663
vt 0.29832619 0.98557663
vt 0.29832619 0.93873113
vt 0.28926694 0.93873113
vt 0.75461203 0.93873113
vt 0.75348222 0.93873113
vt 0.75348222 0.98557675
vt 0.75348222 0.98557675
vt 0.75461203 0.98557675
vt 0.75461203 0.93873113
vt 0.98349881 0.65597153
vt 0.98462874 0.65597153
vt 0.98462874 0.60912895
vt 0.98462874 0.60912895
vt 0.98349881 0.60912895
vt 0.98349881 0.65597153
vt 0.85803527 0.96477669
vt 0.85916501 0.96477664
vt 0.85916501 0.95571727
vt 0.85916501 0.95571727
vt 0.85803527 0.95571733
vt 0.85803527 0.96477669
vt 0.86639947 0.96477735
vt 0.86752927 0.96477729
vt 0.86752927 0.95571798
vt 0.86752927 0.95571798
vt 0.86639947 0.95571798
vt 0.86639947 0.96477735
vt 0.20562458 0.93873113
vt 0.20562458 0.98557681
vt 0.21468377 0.98557681
vt 0.21468377 0.98557681
vt 0.21468377 0.93873113
vt 0.20562458 0.93873113
vt 0.99299282 0.55700982
vt 0.99186307 0.55700982
vt 0.99186307 0.60385740
vt 0.99186307 0.60385740
vt 0.99299282 0.60385740
vt 0.99299282 0.55700982
vt 0.74511802 0.98557878
vt 0.74624777 0.98557878
vt 0.74624777 0.93873113
vt 0.74624777 0.93873113
vt 0.74511802 0.93873113
vt 0.74511802 0.98557878
vt 0.97513461 0.93225533
vt 0.97626442 0.93225533
vt 0.97626442 0.92319638
vt 0.97626442 0.92319638
vt 0.97513461 0.92319638
vt 0.97513461 0.93225533
vt 0.98349881 0.94553006
vt 0.98462868 0.94553006
vt 0.98462868 0.93647099
vt 0.98462868 0.93647099
vt 0.98349881 0.93647099
vt 0.98349881 0.94553006
vt 0.18889606 0.93873113
vt 0.18889606 0.98557669
vt 0.19795531 0.98557669
vt 0.19795531 0.98557669
vt 0.19795531 0.93873113
vt 0.18889606 0.93873113
vt 0.99299288 0.60913664
vt 0.99186307 0.60913664
vt 0.99186307 0.65598327
vt 0.99186307 0.65598327
vt 0.99299288 0.65598327
vt 0.99299288 0.60913664
vt 0.57783324 0.98557782
vt 0.57896298 0.98557782
vt 0.57896298 0.93873113
vt 0.57896298 0.93873113
vt 0.57783324 0.93873113
vt 0.57783324 0.98557782
vt 0.97513461 0.91791713
vt 0.97626442 0.91791713
vt 0.97626442 0.90885776
vt 0.97626442 0.90885776
vt 0.97513461 0.90885776
vt 0.97513461 0.91791713
vt 0.99186307 0.93117225
vt 0.99299288 0.93117225
vt 0.99299288 0.92211270
vt 0.99299288 0.92211270
vt 0.99186307 0.92211270
vt 0.99186307 0.93117225
vt 0.15543914 0.93873113
vt 0.15543914 0.98557639
vt 0.16449839 0.98557639
vt 0.16449839 0.98557639
vt 0.16449839 0.93873113
vt 0.15543914 0.93873113
vt 0.59569150 0.93873113
vt 0.59456170 0.93873113
vt 0.59456170 0.98557699
vt 0.59456170 0.98557699
vt 0.59569150 0.98557699
vt 0.59569150 0.93873113
vt 0.79112130 0.99511653
vt 0.79225117 0.99511653
vt 0.79225117 0.94827199
vt 0.79225117 0.94827199
vt 0.79112130 0.94827199
vt 0.79112130 0.99511653
vt 0.87476373 0.96477669
vt 0.87589353 0.96477669
vt 0.87589353 0.95571721
vt 0.87589353 0.95571721
vt 0.87476373 0.95571721
vt 0.87476373 0.96477669
vt 0.97513461 0.78887147
vt 0.97626442 0.78887147
vt 0.97626442 0.77981210
vt 0.97626442 0.77981210
vt 0.97513461 0.77981210
vt 0.97513461 0.78887147
vt 0.95840609 0.60913187
vt 0.95840609 0.65597713
vt 0.96746540 0.65597713
vt 0.96746540 0.65597713
vt 0.96746540 0.60913187
vt 0.95840609 0.60913187
vt 0.97626442 0.55700725
vt 0.97513461 0.55700725
vt 0.97513461 0.60385311
vt 0.97513461 0.60385311
vt 0.97626442 0.60385311
vt 0.97626442 0.55700725
vt 0.51091927 0.98557675
vt 0.51204914 0.98557675
vt 0.51204914 0.93873113
vt 0.51204914 0.93873113
vt 0.51091927 0.93873113
vt 0.51091927 0.98557675
vt 0.40218431 0.98433751
vt 0.40331411 0.98433745
vt 0.40331399 0.97527808
vt 0.40331399 0.97527808
vt 0.40218419 0.97527814
vt 0.40218431 0.98433751
vt 0.84967107 0.96477741
vt 0.85080087 0.96477735
vt 0.85080081 0.95571804
vt 0.85080081 0.95571804
vt 0.84967101 0.95571804
vt 0.84967107 0.96477741
vt 0.32272393 0.93873113
vt 0.32272393 0.98557675
vt 0.33178312 0.98557675
vt 0.33178312 0.98557675
vt 0.33178312 0.93873113
vt 0.32272393 0.93873113
vt 0.58732724 0.93873113
vt 0.58619744 0.93873113
vt 0.58619744 0.98557699
vt 0.58619744 0.98557699
vt 0.58732724 0.98557699
vt 0.58732724 0.93873113
vt 0.55274051 0.98557878
vt 0.55387026 0.98557878
vt 0.55387026 0.93873113
vt 0.55387026 0.93873113
vt 0.55274051 0.93873113
vt 0.55274051 0.98557878
vt 0.79948556 0.98596680
vt 0.80061537 0.98596680
vt 0.80061537 0.97694933
vt 0.80061537 0.97694933
vt 0.79948556 0.97694933
vt 0.79948556 0.98596680
vt 0.79225111 0.51284260
vt 0.79225111 0.50833338
vt 0.79112130 0.50833338
vt 0.79112130 0.50833338
vt 0.79112130 0.51284260
vt 0.79225111 0.51284260
vt 0.97626442 0.71338290
vt 0.97513461 0.71338290
vt 0.97513461 0.76019430
vt 0.97513461 0.76019430
vt 0.97626442 0.76019430
vt 0.97626442 0.71338290
vt 0.98462862 0.75913000
vt 0.98463267 0.71682531
vt 0.98350286 0.71682513
vt 0.98350286 0.71682513
vt 0.98349881 0.75912988
vt 0.98462862 0.75913000
vt 0.98463303 0.71337461
vt 0.98350322 0.71337450
vt 0.98350286 0.71682513
vt 0.98350286 0.71682513
vt 0.98463267 0.71682531
vt 0.98463303 0.71337461
vt 0.79112130 0.50833338
vt 0.79225111 0.50833338
vt 0.79225111 0.50488281
vt 0.79225111 0.50488281
vt 0.79112130 0.50488281
vt 0.79112130 0.50833338
vt 0.34847009 0.98103505
vt 0.34847027 0.93873119
vt 0.33945262 0.93873113
vt 0.33945262 0.93873113
vt 0.33945239 0.98554325
vt 0.34847009 0.98103505
vt 0.34847009 0.98103505
vt 0.33945239 0.98554325
vt 0.34396160 0.98554325
vt 0.34396160 0.98554325
vt 0.34714943 0.98422289
vt 0.34847009 0.98103505
vt 0.80784982 0.96261042
vt 0.80784982 0.97162795
vt 0.80897963 0.97162795
vt 0.80897963 0.97162795
vt 0.80897963 0.96261042
vt 0.80784982 0.96261042
vt 0.78388691 0.50488281
vt 0.78275710 0.50488293
vt 0.78275752 0.50939214
vt 0.78275752 0.50939214
vt 0.78388733 0.50939202
vt 0.78388691 0.50488281
vt 0.99186307 0.66126245
vt 0.99186307 0.70807385
vt 0.99299288 0.70807385
vt 0.99299288 0.70807385
vt 0.99299288 0.66126245
vt 0.99186307 0.66126245
vt 0.99186748 0.75910944
vt 0.99299723 0.75910932
vt 0.99299330 0.71680379
vt 0.99299330 0.71680379
vt 0.99186349 0.71680391
vt 0.99186748 0.75910944
vt 0.99186307 0.71335322
vt 0.99186349 0.71680391
vt 0.99299330 0.71680379
vt 0.99299330 0.71680379
vt 0.99299300 0.71335310
vt 0.99186307 0.71335322
vt 0.78275752 0.50939214
vt 0.78275782 0.51284266
vt 0.78388762 0.51284260
vt 0.78388762 0.51284260
vt 0.78388733 0.50939202
vt 0.78275752 0.50939214
vt 0.36519855 0.93873113
vt 0.35618091 0.93873113
vt 0.35618097 0.98103487
vt 0.35618097 0.98103487
vt 0.36519861 0.98554313
vt 0.36519855 0.93873113
vt 0.35618097 0.98103487
vt 0.35750157 0.98422283
vt 0.36068928 0.98554313
vt 0.36068928 0.98554313
vt 0.36519861 0.98554313
vt 0.35618097 0.98103487
vt 0.79948556 0.94299293
vt 0.80989194 0.94299293
vt 0.80989194 0.87521988
vt 0.80989194 0.87521988
vt 0.79948556 0.87521988
vt 0.79948556 0.94299293
vt 0.78275710 0.94299275
vt 0.79316348 0.94299275
vt 0.79316348 0.87521988
vt 0.79316348 0.87521988
vt 0.78275710 0.87521988
vt 0.78275710 0.94299275
vt 0.78275710 0.62959301
vt 0.78275710 0.74712729
vt 0.85053003 0.74712729
vt 0.85053003 0.74712729
vt 0.85053003 0.62959301
vt 0.78275710 0.62959301
vt 0.95208400 0.62769657
vt 0.94167763 0.62769657
vt 0.94167763 0.74523115
vt 0.94167763 0.74523115
vt 0.95208400 0.74523115
vt 0.95208400 0.62769657
vt 0.94167763 0.86804450
vt 0.95208406 0.86804450
vt 0.95208406 0.75051033
vt 0.95208406 0.75051033
vt 0.94167763 0.75051033
vt 0.94167763 0.86804450
vt 0.87476373 0.73946911
vt 0.88517016 0.73946911
vt 0.88517016 0.68056607
vt 0.88517016 0.68056607
vt 0.87476373 0.68056607
vt 0.87476373 0.73946911
vt 0.85803527 0.73946941
vt 0.86844164 0.73946941
vt 0.86844164 0.68056607
vt 0.86844164 0.68056607
vt 0.85803527 0.68056607
vt 0.85803527 0.73946941
vt 0.78275710 0.75240642
vt 0.78275710 0.86994064
vt 0.84166050 0.86994064
vt 0.84166050 0.86994064
vt 0.84166050 0.75240642
vt 0.78275710 0.75240642
vt 0.89353436 0.80789918
vt 0.88312793 0.80789918
vt 0.88312793 0.92543375
vt 0.88312793 0.92543375
vt 0.89353436 0.92543375
vt 0.89353436 0.80789918
vt 0.94167763 0.62241733
vt 0.95208400 0.62241733
vt 0.95208400 0.50488281
vt 0.95208400 0.50488281
vt 0.94167763 0.50488281
vt 0.94167763 0.62241733
vt 0.92494917 0.93731356
vt 0.93535560 0.93731356
vt 0.93535560 0.88710010
vt 0.93535560 0.88710010
vt 0.92494917 0.88710016
vt 0.92494917 0.93731356
vt 0.94167763 0.97950798
vt 0.95208400 0.97950798
vt 0.95208400 0.92929417
vt 0.95208400 0.92929417
vt 0.94167763 0.92929417
vt 0.94167763 0.97950798
vt 0.84967101 0.80261999
vt 0.89664358 0.80261999
vt 0.89664358 0.75240642
vt 0.89664358 0.75240642
vt 0.84967101 0.75240642
vt 0.84967101 0.80261999
vt 0.84334892 0.92747164
vt 0.83294255 0.92747164
vt 0.83294255 0.97444433
vt 0.83294255 0.97444433
vt 0.84334892 0.97444433
vt 0.84334892 0.92747164
vt 0.83294255 0.92219245
vt 0.84334892 0.92219245
vt 0.84334892 0.87521988
vt 0.84334892 0.87521988
vt 0.83294255 0.87521988
vt 0.83294255 0.92219245
vt 0.81621403 0.92591137
vt 0.82662040 0.92591137
vt 0.82662040 0.87521988
vt 0.82662040 0.87521988
vt 0.81621403 0.87521988
vt 0.81621403 0.92591137
vt 0.94167763 0.92401499
vt 0.95208406 0.92401499
vt 0.95208406 0.87332374
vt 0.95208406 0.87332374
vt 0.94167763 0.87332374
vt 0.94167763 0.92401499
vt 0.87058157 0.67528683
vt 0.90184945 0.67528683
vt 0.90184945 0.62459546
vt 0.90184945 0.62459546
vt 0.87058157 0.62459546
vt 0.87058157 0.67528683
vt 0.42931902 0.93873113
vt 0.41891265 0.93873113
vt 0.41891265 0.96999919
vt 0.41891265 0.96999919
vt 0.42931902 0.96999919
vt 0.42931902 0.93873113
vt 0.40218419 0.96999890
vt 0.41259062 0.96999890
vt 0.41259062 0.93873113
vt 0.41259062 0.93873113
vt 0.40218419 0.93873113
vt 0.40218419 0.96999890
vt 0.85958850 0.83165550
vt 0.84967536 0.83165729
vt 0.84967965 0.85541362
vt 0.84967536 0.83165729
vt 0.85958850 0.83165550
vt 0.85958415 0.80789918
vt 0.85958415 0.80789918
vt 0.84967101 0.80790102
vt 0.84967536 0.83165729
vt 0.84967965 0.85541362
vt 0.85959285 0.85541183
vt 0.85958850 0.83165550
vt 0.85959285 0.85541183
vt 0.84967965 0.85541362
vt 0.84968412 0.87916988
vt 0.84968412 0.87916988
vt 0.85959727 0.87916815
vt 0.85959285 0.85541183
vt 0.85959727 0.87916815
vt 0.84968412 0.87916988
vt 0.84968847 0.90292621
vt 0.84968847 0.90292621
vt 0.85960156 0.90292442
vt 0.85959727 0.87916815
vt 0.85960156 0.90292442
vt 0.84968847 0.90292621
vt 0.84969288 0.92668247
vt 0.84969288 0.92668247
vt 0.85960597 0.92668068
vt 0.85960156 0.90292442
vt 0.85960597 0.92668068
vt 0.84969288 0.92668247
vt 0.84969717 0.95043880
vt 0.84969717 0.95043880
vt 0.85961032 0.95043707
vt 0.85960597 0.92668068
vt 0.90140581 0.70432240
vt 0.89149261 0.70432252
vt 0.89149314 0.72807884
vt 0.89149314 0.72807884
vt 0.90140623 0.72807866
vt 0.90140581 0.70432240
vt 0.89149261 0.70432252
vt 0.90140581 0.70432240
vt 0.90140527 0.68056607
vt 0.90140527 0.68056607
vt 0.89149219 0.68056631
vt 0.89149261 0.70432252
vt 0.86640382 0.83165735
vt 0.87631696 0.83165556
vt 0.87631255 0.80789918
vt 0.87631255 0.80789918
vt 0.86639947 0.80790108
vt 0.86640382 0.83165735
vt 0.87631696 0.83165556
vt 0.86640382 0.83165735
vt 0.86640817 0.85541362
vt 0.86640817 0.85541362
vt 0.87632143 0.85541177
vt 0.87631696 0.83165556
vt 0.87632143 0.85541177
vt 0.86640817 0.85541362
vt 0.86641258 0.87916994
vt 0.86641258 0.87916994
vt 0.87632573 0.87916809
vt 0.87632143 0.85541177
vt 0.87632573 0.87916809
vt 0.86641258 0.87916994
vt 0.86641693 0.90292621
vt 0.86641693 0.90292621
vt 0.87633014 0.90292442
vt 0.87632573 0.87916809
vt 0.87633014 0.90292442
vt 0.86641693 0.90292621
vt 0.86642134 0.92668247
vt 0.86642134 0.92668247
vt 0.87633443 0.92668062
vt 0.87633014 0.90292442
vt 0.87633443 0.92668062
vt 0.86642134 0.92668247
vt 0.86642569 0.95043874
vt 0.86642569 0.95043874
vt 0.87633878 0.95043695
vt 0.87633443 0.92668062
vt 0.88312835 0.95446944
vt 0.89304155 0.95446926
vt 0.89304107 0.93071294
vt 0.89304107 0.93071294
vt 0.88312793 0.93071318
vt 0.88312835 0.95446944
vt 0.89304155 0.95446926
vt 0.88312835 0.95446944
vt 0.88312888 0.97822583
vt 0.88312888 0.97822583
vt 0.89304191 0.97822559
vt 0.89304155 0.95446926
vt 0.84247249 0.56459826
vt 0.85435063 0.62431383
vt 0.87629867 0.61522269
vt 0.84247249 0.56459826
vt 0.90218806 0.55272019
vt 0.89309692 0.53077221
vt 0.84247249 0.56459826
vt 0.87629867 0.61522269
vt 0.89309675 0.59842443
vt 0.84247249 0.56459826
vt 0.89309692 0.53077221
vt 0.87629884 0.51397401
vt 0.84247249 0.56459826
vt 0.85435069 0.50488281
vt 0.83059442 0.50488287
vt 0.84247249 0.56459826
vt 0.79184824 0.53077215
vt 0.78275710 0.55272013
vt 0.84247249 0.56459826
vt 0.83059436 0.62431383
vt 0.85435063 0.62431383
vt 0.84247249 0.56459826
vt 0.80864644 0.61522269
vt 0.83059436 0.62431383
vt 0.84247249 0.56459826
vt 0.79184824 0.59842438
vt 0.80864644 0.61522269
vt 0.84247249 0.56459826
vt 0.89309675 0.59842443
vt 0.90218806 0.57647657
vt 0.84247249 0.56459826
vt 0.90218806 0.57647657
vt 0.90218806 0.55272019
vt 0.84247249 0.56459826
vt 0.87629884 0.51397401
vt 0.85435069 0.50488281
vt 0.84247249 0.56459826
vt 0.83059442 0.50488287
vt 0.80864656 0.51397395
vt 0.84247249 0.56459826
vt 0.80864656 0.51397395
vt 0.79184824 0.53077215
vt 0.84247249 0.56459826
vt 0.78275710 0.55272013
vt 0.78275710 0.57647640
vt 0.84247249 0.56459826
vt 0.78275710 0.57647640
vt 0.79184824 0.59842438
vt 0.90828532 0.51308233
vt 0.90822190 0.92022347
vt 0.91209078 0.92022407
vt 0.91209078 0.92022407
vt 0.90822190 0.92022347
vt 0.90822065 0.92842299
vt 0.90822065 0.92842299
vt 0.91208959 0.92842358
vt 0.91209078 0.92022407
vt 0.91209078 0.92022407
vt 0.91215432 0.51308292
vt 0.90828532 0.51308233
vt 0.90828532 0.51308233
vt 0.91215432 0.51308292
vt 0.91215557 0.50488341
vt 0.91215557 0.50488341
vt 0.90828663 0.50488281
vt 0.90828532 0.51308233
vt 0.01559594 0.50488287
vt 0.00488281 0.51559597
vt 0.38684669 0.51559597
vt 0.00802048 0.50802064
vt 0.00488281 0.51559597
vt 0.01559594 0.50488287
vt 0.38684669 0.51559597
vt 0.37613353 0.50488281
vt 0.01559594 0.50488287
vt 0.38370886 0.50802058
vt 0.37613353 0.50488281
vt 0.38684669 0.51559597
vt 0.38684669 0.51559597
vt 0.00488281 0.51559597
vt 0.00488284 0.92273885
vt 0.00488284 0.92273885
vt 0.38684669 0.92273879
vt 0.38684669 0.51559597
vt 0.37613353 0.93345189
vt 0.38684669 0.92273879
vt 0.00488284 0.92273885
vt 0.38370886 0.93031418
vt 0.38684669 0.92273879
vt 0.37613353 0.93345189
vt 0.00488284 0.92273885
vt 0.01559597 0.93345195
vt 0.37613353 0.93345189
vt 0.00802051 0.93031418
vt 0.01559597 0.93345195
vt 0.00488284 0.92273885
vt 0.67649114 0.46007603
vt 0.67898464 0.45628858
vt 0.67734551 0.45562267
vt 0.67649114 0.46007603
vt 0.68024421 0.45753127
vt 0.67898464 0.45628858
vt 0.67649114 0.46007603
vt 0.67557621 0.45563465
vt 0.67394614 0.45632297
vt 0.67649114 0.46007603
vt 0.67394614 0.45632297
vt 0.67270362 0.45758253
vt 0.67649114 0.46007603
vt 0.67270362 0.45758253
vt 0.67203760 0.45922166
vt 0.67649114 0.46007603
vt 0.67273784 0.46262097
vt 0.67399740 0.46386361
vt 0.67649114 0.46007603
vt 0.67563665 0.46452940
vt 0.67740583 0.46451753
vt 0.67649114 0.46007603
vt 0.67740583 0.46451753
vt 0.67903590 0.46382946
vt 0.67649114 0.46007603
vt 0.67903590 0.46382946
vt 0.68027854 0.46256989
vt 0.67649114 0.46007603
vt 0.68027854 0.46256989
vt 0.68094444 0.46093076
vt 0.67649114 0.46007603
vt 0.68093228 0.45916122
vt 0.68024421 0.45753127
vt 0.67649114 0.46007603
vt 0.68094444 0.46093076
vt 0.68093228 0.45916122
vt 0.67649114 0.46007603
vt 0.67399740 0.46386361
vt 0.67563665 0.46452940
vt 0.67649114 0.46007603
vt 0.67204964 0.46099102
vt 0.67273784 0.46262097
vt 0.67649114 0.46007603
vt 0.67203760 0.45922166
vt 0.67204964 0.46099102
vt 0.67649114 0.46007603
vt 0.67734551 0.45562267
vt 0.67557621 0.45563465
vt 0.67374074 0.44665539
vt 0.67557621 0.45563465
vt 0.67734551 0.45562267
vt 0.67734551 0.45562267
vt 0.67908609 0.44662422
vt 0.67374074 0.44665539
vt 0.67227185 0.43917173
vt 0.68059278 0.43914801
vt 0.68175840 0.43357968
vt 0.68175840 0.43357968
vt 0.67121756 0.43358094
vt 0.67227185 0.43917173
vt 0.67227185 0.43917173
vt 0.67374074 0.44665539
vt 0.67908609 0.44662422
vt 0.67908609 0.44662422
vt 0.68059278 0.43914801
vt 0.67227185 0.43917173
vt 0.68403637 0.44864136
vt 0.67908609 0.44662422
vt 0.67734551 0.45562267
vt 0.67734551 0.45562267
vt 0.67898464 0.45628858
vt 0.68403637 0.44864136
vt 0.68403637 0.44864136
vt 0.68828928 0.44231105
vt 0.68059278 0.43914801
vt 0.68059278 0.43914801
vt 0.67908609 0.44662422
vt 0.68403637 0.44864136
vt 0.69149709 0.43761218
vt 0.68175840 0.43357968
vt 0.68059278 0.43914801
vt 0.68059278 0.43914801
vt 0.68828928 0.44231105
vt 0.69149709 0.43761218
vt 0.68783796 0.45239931
vt 0.68403637 0.44864136
vt 0.67898464 0.45628858
vt 0.67898464 0.45628858
vt 0.68024421 0.45753127
vt 0.68783796 0.45239931
vt 0.69418967 0.44817823
vt 0.68828928 0.44231105
vt 0.68403637 0.44864136
vt 0.68403637 0.44864136
vt 0.68783796 0.45239931
vt 0.69418967 0.44817823
vt 0.69895136 0.44506466
vt 0.69149709 0.43761218
vt 0.68828928 0.44231105
vt 0.68828928 0.44231105
vt 0.69418967 0.44817823
vt 0.69895136 0.44506466
vt 0.68991208 0.45732564
vt 0.68783796 0.45239931
vt 0.68024421 0.45753127
vt 0.68024421 0.45753127
vt 0.68093228 0.45916122
vt 0.68991208 0.45732564
vt 0.68991208 0.45732564
vt 0.69739556 0.45585692
vt 0.69418967 0.44817823
vt 0.69418967 0.44817823
vt 0.68783796 0.45239931
vt 0.68991208 0.45732564
vt 0.70298624 0.45480245
vt 0.69895136 0.44506466
vt 0.69418967 0.44817823
vt 0.69418967 0.44817823
vt 0.69739556 0.45585692
vt 0.70298624 0.45480245
vt 0.68094444 0.46093076
vt 0.68994284 0.46267134
vt 0.68991208 0.45732564
vt 0.68991208 0.45732564
vt 0.68093228 0.45916122
vt 0.68094444 0.46093076
vt 0.69741905 0.46417761
vt 0.69739556 0.45585692
vt 0.68991208 0.45732564
vt 0.68991208 0.45732564
vt 0.68994284 0.46267134
vt 0.69741905 0.46417761
vt 0.70298755 0.46534330
vt 0.70298624 0.45480245
vt 0.69739556 0.45585692
vt 0.69739556 0.45585692
vt 0.69741905 0.46417761
vt 0.70298755 0.46534330
vt 0.68027854 0.46256989
vt 0.68792582 0.46762139
vt 0.68994284 0.46267134
vt 0.68994284 0.46267134
vt 0.68094444 0.46093076
vt 0.68027854 0.46256989
vt 0.68792582 0.46762139
vt 0.69425619 0.47187430
vt 0.69741905 0.46417761
vt 0.69741905 0.46417761
vt 0.68994284 0.46267134
vt 0.68792582 0.46762139
vt 0.69425619 0.47187430
vt 0.69895494 0.47508216
vt 0.70298755 0.46534330
vt 0.70298755 0.46534330
vt 0.69741905 0.46417761
vt 0.69425619 0.47187430
vt 0.68416786 0.47142303
vt 0.68792582 0.46762139
vt 0.68027854 0.46256989
vt 0.68027854 0.46256989
vt 0.67903590 0.46382946
vt 0.68416786 0.47142303
vt 0.68838906 0.47777498
vt 0.69425619 0.47187430
vt 0.68792582 0.46762139
vt 0.68792582 0.46762139
vt 0.68416786 0.47142303
vt 0.68838906 0.47777498
vt 0.68838906 0.47777498
vt 0.69150245 0.48253626
vt 0.69895494 0.47508216
vt 0.69895494 0.47508216
vt 0.69425619 0.47187430
vt 0.68838906 0.47777498
vt 0.67740583 0.46451753
vt 0.67924130 0.47349721
vt 0.68416786 0.47142303
vt 0.68416786 0.47142303
vt 0.67903590 0.46382946
vt 0.67740583 0.46451753
vt 0.68071043 0.48098081
vt 0.68838906 0.47777498
vt 0.68416786 0.47142303
vt 0.68416786 0.47142303
vt 0.67924130 0.47349721
vt 0.68071043 0.48098081
vt 0.68176460 0.48657125
vt 0.69150245 0.48253626
vt 0.68838906 0.47777498
vt 0.68838906 0.47777498
vt 0.68071043 0.48098081
vt 0.68176460 0.48657125
vt 0.67563665 0.46452940
vt 0.67389596 0.47352797
vt 0.67924130 0.47349721
vt 0.67924130 0.47349721
vt 0.67740583 0.46451753
vt 0.67563665 0.46452940
vt 0.67389596 0.47352797
vt 0.67238939 0.48100406
vt 0.68071043 0.48098081
vt 0.68071043 0.48098081
vt 0.67924130 0.47349721
vt 0.67389596 0.47352797
vt 0.67122400 0.48657274
vt 0.68176460 0.48657125
vt 0.68071043 0.48098081
vt 0.68071043 0.48098081
vt 0.67238939 0.48100406
vt 0.67122400 0.48657274
vt 0.67399740 0.46386361
vt 0.66894555 0.47151083
vt 0.67389596 0.47352797
vt 0.67389596 0.47352797
vt 0.67563665 0.46452940
vt 0.67399740 0.46386361
vt 0.66894555 0.47151083
vt 0.66469276 0.47784156
vt 0.67238939 0.48100406
vt 0.67238939 0.48100406
vt 0.67389596 0.47352797
vt 0.66894555 0.47151083
vt 0.66148508 0.48254037
vt 0.67122400 0.48657274
vt 0.67238939 0.48100406
vt 0.67238939 0.48100406
vt 0.66469276 0.47784156
vt 0.66148508 0.48254037
vt 0.66514409 0.46775293
vt 0.66894555 0.47151083
vt 0.67399740 0.46386361
vt 0.67399740 0.46386361
vt 0.67273784 0.46262097
vt 0.66514409 0.46775293
vt 0.65879238 0.47197419
vt 0.66469276 0.47784156
vt 0.66894555 0.47151083
vt 0.66894555 0.47151083
vt 0.66514409 0.46775293
vt 0.65879238 0.47197419
vt 0.65879238 0.47197419
vt 0.65403068 0.47508758
vt 0.66148508 0.48254037
vt 0.66148508 0.48254037
vt 0.66469276 0.47784156
vt 0.65879238 0.47197419
vt 0.67204964 0.46099102
vt 0.66306984 0.46282643
vt 0.66514409 0.46775293
vt 0.66514409 0.46775293
vt 0.67273784 0.46262097
vt 0.67204964 0.46099102
vt 0.65558660 0.46429533
vt 0.65879238 0.47197419
vt 0.66514409 0.46775293
vt 0.66514409 0.46775293
vt 0.66306984 0.46282643
vt 0.65558660 0.46429533
vt 0.64999580 0.46534979
vt 0.65403068 0.47508758
vt 0.65879238 0.47197419
vt 0.65879238 0.47197419
vt 0.65558660 0.46429533
vt 0.64999580 0.46534979
vt 0.66303921 0.45748127
vt 0.66306984 0.46282643
vt 0.67204964 0.46099102
vt 0.67204964 0.46099102
vt 0.67203760 0.45922166
vt 0.66303921 0.45748127
vt 0.66303921 0.45748127
vt 0.65556312 0.45597476
vt 0.65558660 0.46429533
vt 0.65558660 0.46429533
vt 0.66306984 0.46282643
vt 0.66303921 0.45748127
vt 0.64999449 0.45480895
vt 0.64999580 0.46534979
vt 0.65558660 0.46429533
vt 0.65558660 0.46429533
vt 0.65556312 0.45597476
vt 0.64999449 0.45480895
vt 0.67270362 0.45758253
vt 0.66505623 0.45253068
vt 0.66303921 0.45748127
vt 0.66303921 0.45748127
vt 0.67203760 0.45922166
vt 0.67270362 0.45758253
vt 0.66505623 0.45253068
vt 0.65872562 0.44827789
vt 0.65556312 0.45597476
vt 0.65556312 0.45597476
vt 0.66303921 0.45748127
vt 0.66505623 0.45253068
vt 0.65402710 0.44507009
vt 0.64999449 0.45480895
vt 0.65556312 0.45597476
vt 0.65556312 0.45597476
vt 0.65872562 0.44827789
vt 0.65402710 0.44507009
vt 0.66881418 0.44872922
vt 0.66505623 0.45253068
vt 0.67270362 0.45758253
vt 0.67270362 0.45758253
vt 0.67394614 0.45632297
vt 0.66881418 0.44872922
vt 0.66459310 0.44237757
vt 0.65872562 0.44827789
vt 0.66505623 0.45253068
vt 0.66505623 0.45253068
vt 0.66881418 0.44872922
vt 0.66459310 0.44237757
vt 0.66459310 0.44237757
vt 0.66147971 0.43761581
vt 0.65402710 0.44507009
vt 0.65402710 0.44507009
vt 0.65872562 0.44827789
vt 0.66459310 0.44237757
vt 0.67557621 0.45563465
vt 0.67374074 0.44665539
vt 0.66881418 0.44872922
vt 0.66881418 0.44872922
vt 0.67394614 0.45632297
vt 0.67557621 0.45563465
vt 0.67227185 0.43917173
vt 0.66459310 0.44237757
vt 0.66881418 0.44872922
vt 0.66881418 0.44872922
vt 0.67374074 0.44665539
vt 0.67227185 0.43917173
vt 0.67227185 0.43917173
vt 0.67121756 0.43358094
vt 0.66147971 0.43761581
vt 0.66147971 0.43761581
vt 0.66459310 0.44237757
vt 0.67227185 0.43917173
vt 0.77452040 0.45486337
vt 0.77451968 0.45183414
vt 0.76408827 0.45183706
vt 0.76408827 0.45183706
vt 0.76408911 0.45486617
vt 0.77452040 0.45486337
vt 0.78495181 0.45486015
vt 0.78495085 0.45183134
vt 0.77451968 0.45183414
vt 0.77451968 0.45183414
vt 0.77452040 0.45486337
vt 0.78495181 0.45486015
vt 0.79538298 0.45485729
vt 0.79538214 0.45182812
vt 0.78495085 0.45183134
vt 0.78495085 0.45183134
vt 0.78495181 0.45486015
vt 0.79538298 0.45485729
vt 0.78494191 0.44814640
vt 0.78495157 0.45117557
vt 0.79538298 0.45114177
vt 0.79538298 0.45114177
vt 0.79537308 0.44811255
vt 0.78494191 0.44814640
vt 0.77451062 0.44818026
vt 0.77452016 0.45120901
vt 0.78495157 0.45117557
vt 0.78495157 0.45117557
vt 0.78494191 0.44814640
vt 0.77451062 0.44818026
vt 0.76407921 0.44821376
vt 0.76408911 0.45124257
vt 0.77452016 0.45120901
vt 0.77452016 0.45120901
vt 0.77451062 0.44818026
vt 0.76407921 0.44821376
vt 0.75364804 0.44824725
vt 0.75365770 0.45127612
vt 0.76408911 0.45124257
vt 0.76408911 0.45124257
vt 0.76407921 0.44821376
vt 0.75364804 0.44824725
vt 0.74321663 0.44828087
vt 0.74322629 0.45130980
vt 0.75365770 0.45127612
vt 0.75365770 0.45127612
vt 0.75364804 0.44824725
vt 0.74321663 0.44828087
vt 0.73278534 0.44831431
vt 0.73279500 0.45134330
vt 0.74322629 0.45130980
vt 0.74322629 0.45130980
vt 0.74321663 0.44828087
vt 0.73278534 0.44831431
vt 0.72235405 0.44834799
vt 0.72236383 0.45137680
vt 0.73279500 0.45134330
vt 0.73279500 0.45134330
vt 0.73278534 0.44831431
vt 0.72235405 0.44834799
vt 0.71192288 0.44838142
vt 0.71193266 0.45141059
vt 0.72236383 0.45137680
vt 0.72236383 0.45137680
vt 0.72235405 0.44834799
vt 0.71192288 0.44838142
vt 0.72236419 0.45487833
vt 0.72236335 0.45184934
vt 0.71193182 0.45185232
vt 0.71193182 0.45185232
vt 0.71193290 0.45488113
vt 0.72236419 0.45487833
vt 0.73279548 0.45487517
vt 0.73279452 0.45184642
vt 0.72236335 0.45184934
vt 0.72236335 0.45184934
vt 0.72236419 0.45487833
vt 0.73279548 0.45487517
vt 0.74322665 0.45487231
vt 0.74322581 0.45184320
vt 0.73279452 0.45184642
vt 0.73279452 0.45184642
vt 0.73279548 0.45487517
vt 0.74322665 0.45487231
vt 0.75365794 0.45486909
vt 0.75365710 0.45184028
vt 0.74322581 0.45184320
vt 0.74322581 0.45184320
vt 0.74322665 0.45487231
vt 0.75365794 0.45486909
vt 0.76408911 0.45486617
vt 0.76408827 0.45183706
vt 0.75365710 0.45184028
vt 0.75365710 0.45184028
vt 0.75365794 0.45486909
vt 0.76408911 0.45486617
vt 0.61713886 0.46146083
vt 0.62227416 0.43522412
vt 0.61184299 0.43525600
vt 0.61713886 0.46146083
vt 0.63192368 0.43918663
vt 0.62227416 0.43522412
vt 0.61713886 0.46146083
vt 0.60221803 0.43927753
vt 0.59486461 0.44667602
vt 0.61713886 0.46146083
vt 0.59486461 0.44667602
vt 0.59090221 0.45632541
vt 0.61713886 0.46146083
vt 0.59090221 0.45632541
vt 0.59093416 0.46675670
vt 0.61713886 0.46146083
vt 0.59093416 0.46675670
vt 0.59495544 0.47638184
vt 0.61713886 0.46146083
vt 0.62243474 0.48766547
vt 0.63205981 0.48364425
vt 0.61713886 0.46146083
vt 0.63205981 0.48364425
vt 0.63941312 0.47624576
vt 0.61713886 0.46146083
vt 0.63941312 0.47624576
vt 0.64337564 0.46659619
vt 0.61713886 0.46146083
vt 0.64337564 0.46659619
vt 0.64334357 0.45616513
vt 0.61713886 0.46146083
vt 0.63932228 0.44653982
vt 0.63192368 0.43918663
vt 0.61713886 0.46146083
vt 0.64334357 0.45616513
vt 0.63932228 0.44653982
vt 0.61713886 0.46146083
vt 0.61200356 0.48769766
vt 0.62243474 0.48766547
vt 0.61713886 0.46146083
vt 0.60235405 0.48373497
vt 0.61200356 0.48769766
vt 0.61713886 0.46146083
vt 0.59495544 0.47638184
vt 0.60235405 0.48373497
vt 0.61713886 0.46146083
vt 0.61184299 0.43525600
vt 0.60221803 0.43927753
vn -0.70712841 -0.00002166 -0.70708519
vn -0.99858814 -0.00001599 -0.05311980
vn -0.99858814 -0.00001599 -0.05311980
vn -0.99858814 -0.00001599 -0.05311980
vn -0.70712841 -0.00002166 -0.70708519
vn -0.70712841 -0.00002166 -0.70708519
vn -0.99858814 -0.00001599 -0.05311980
vn -0.99858814 -0.00001599 -0.05311980
vn -0.99858803 -0.00004814 0.05312151
vn -0.99858803 -0.00004814 0.05312151
vn -0.99858797 -0.00008024 0.05312321
vn -0.99858814 -0.00001599 -0.05311980
vn -0.99858797 -0.00008024 0.05312321
vn -0.99858803 -0.00004814 0.05312151
vn -0.70710683 -0.00006466 0.70710677
vn -0.70710683 -0.00006466 0.70710677
vn -0.70710683 -0.00006466 0.70710677
vn -0.99858797 -0.00008024 0.05312321
vn 0.00000000 -0.00001538 -1.00000000
vn 0.00000000 -0.00001538 -1.00000000
vn 0.00000000 -0.00001538 -1.00000000
vn 0.00000000 -0.00001538 -1.00000000
vn 0.00000000 -0.00001538 -1.00000000
vn 0.00000000 -0.00001538 -1.00000000
vn 0.00000000 -0.00001538 -1.00000000
vn 0.00000000 -0.00001538 -1.00000000
vn 0.00000000 -0.00001538 -1.00000000
vn 0.00000000 -0.00001538 -1.00000000
vn 0.00000000 -0.00001538 -1.00000000
vn 0.00000000 -0.00001538 -1.00000000
vn 0.00000000 -0.00001538 -1.00000000
vn 0.00000000 -0.00001538 -1.00000000
vn 0.00000000 -0.00001538 -1.00000000
vn 0.00000000 -0.00001538 -1.00000000
vn 0.00000000 -0.00001538 -1.00000000
vn 0.00000000 -0.00001538 -1.00000000
vn 0.00000000 -0.00001538 -1.00000000
vn 0.00000000 -0.00001538 -1.00000000
vn 0.00000000 -0.00001538 -1.00000000
vn 0.00000000 -0.00001538 -1.00000000
vn 0.00000000 -0.00001538 -1.00000000
vn 0.00000000 -0.00001538 -1.00000000
vn 0.00000000 -0.00001538 -1.00000000
vn 0.00000000 -0.00001538 -1.00000000
vn 0.00000000 -0.00001538 -1.00000000
vn 0.00000000 -0.00001538 -1.00000000
vn -0.00001526 0.00001514 -1.00000000
vn 0.00000000 -0.00001538 -1.00000000
vn 0.00000000 -0.00001538 -1.00000000
vn 0.00000000 -0.00001538 -1.00000000
vn -0.00001526 0.00001514 -1.00000000
vn 0.00000000 -0.00001538 -1.00000000
vn -0.00001526 0.00001514 -1.00000000
vn -0.00001526 0.00001514 -1.00000000
vn -0.00001526 0.00001514 -1.00000000
vn -0.00001526 0.00001514 -1.00000000
vn 0.00000000 -0.00001538 -1.00000000
vn -0.70712841 -0.00002166 -0.70708519
vn -0.70712841 -0.00002166 -0.70708519
vn -0.38269636 0.00001975 -0.92387420
vn -0.38269636 0.00001975 -0.92387420
vn -0.38269636 0.00001975 -0.92387420
vn -0.70712841 -0.00002166 -0.70708519
vn 0.00053437 0.00004592 0.99999988
vn 0.00062618 0.00029030 0.99999976
vn -0.03364130 -0.00004717 0.99943399
vn 0.00062618 0.00029030 0.99999976
vn 0.00053437 0.00004592 0.99999988
vn 0.97559953 0.00001833 0.21955776
vn 0.97559953 0.00001833 0.21955776
vn 0.90130877 0.37341535 0.21955277
vn 0.00062618 0.00029030 0.99999976
vn 0.00062618 0.00029030 0.99999976
vn 0.90130877 0.37341535 0.21955277
vn 0.68985337 0.68985349 0.21955530
vn 0.97559953 0.00001833 0.21955776
vn 0.00053437 0.00004592 0.99999988
vn 0.00122285 -0.00053488 0.99999911
vn 0.00122285 -0.00053488 0.99999911
vn 0.90134150 -0.37335488 0.21952137
vn 0.97559953 0.00001833 0.21955776
vn 0.68986988 -0.68984538 0.21952863
vn 0.90134150 -0.37335488 0.21952137
vn 0.00122285 -0.00053488 0.99999911
vn 0.00122285 -0.00053488 0.99999911
vn 0.00053437 0.00004592 0.99999988
vn -0.02966717 0.00001582 0.99955982
vn -0.03364130 -0.00004717 0.99943399
vn -0.02966717 0.00001582 0.99955982
vn 0.00053437 0.00004592 0.99999988
vn 0.00122285 -0.00053488 0.99999911
vn 0.00045822 -0.00053447 0.99999976
vn 0.68986988 -0.68984538 0.21952863
vn -0.02966717 0.00001582 0.99955982
vn -0.03364130 -0.00004717 0.99943399
vn -0.70710683 -0.00006466 0.70710677
vn -0.70710683 -0.00006466 0.70710677
vn -0.70710683 -0.00006466 0.70710677
vn -0.02966717 0.00001582 0.99955982
vn 0.00062618 0.00029030 0.99999976
vn 0.00130033 0.00126991 0.99999833
vn -0.03364130 -0.00004717 0.99943399
vn 0.68985337 0.68985349 0.21955530
vn 0.00130033 0.00126991 0.99999833
vn 0.00062618 0.00029030 0.99999976
vn 0.00000000 -0.00001514 1.00000000
vn -0.03364130 -0.00004717 0.99943399
vn 0.00130033 0.00126991 0.99999833
vn 0.00065759 0.00157534 0.99999857
vn 0.00130033 0.00126991 0.99999833
vn 0.68985337 0.68985349 0.21955530
vn 0.00130033 0.00126991 0.99999833
vn 0.00065759 0.00157534 0.99999857
vn 0.00000000 -0.00001514 1.00000000
vn 0.68985337 0.68985349 0.21955530
vn 0.37330619 0.90135658 0.21954213
vn 0.00065759 0.00157534 0.99999857
vn 0.00065759 0.00157534 0.99999857
vn 0.37330619 0.90135658 0.21954213
vn -0.00001824 0.97559953 0.21955764
vn 0.00065759 0.00157534 0.99999857
vn -0.00004695 0.02593265 0.99966371
vn 0.00000000 -0.00001514 1.00000000
vn -0.00001824 0.97559953 0.21955764
vn -0.00004695 0.02593265 0.99966371
vn 0.00065759 0.00157534 0.99999857
vn -0.00068818 0.00154476 0.99999857
vn -0.00004695 0.02593265 0.99966371
vn -0.00001824 0.97559953 0.21955764
vn -0.00004695 0.02593265 0.99966371
vn -0.00068818 0.00154476 0.99999857
vn 0.00000000 -0.00001514 1.00000000
vn -0.00001824 0.97559953 0.21955764
vn -0.37336078 0.90133274 0.21954744
vn -0.00068818 0.00154476 0.99999857
vn -0.00068818 0.00154476 0.99999857
vn -0.37336078 0.90133274 0.21954744
vn -0.68990219 0.68980467 0.21955530
vn 0.00000000 -0.00001514 1.00000000
vn -0.00068818 0.00154476 0.99999857
vn -0.00130033 0.00126991 0.99999833
vn -0.68990219 0.68980467 0.21955530
vn -0.00130033 0.00126991 0.99999833
vn -0.00068818 0.00154476 0.99999857
vn -0.00130033 0.00126991 0.99999833
vn 0.03364024 -0.00001565 0.99943399
vn 0.00000000 -0.00001514 1.00000000
vn -0.00065671 0.00022920 0.99999976
vn -0.00130033 0.00126991 0.99999833
vn -0.68990219 0.68980467 0.21955530
vn -0.00065671 0.00022920 0.99999976
vn 0.03364024 -0.00001565 0.99943399
vn -0.00130033 0.00126991 0.99999833
vn -0.68990219 0.68980467 0.21955530
vn -0.90135658 0.37330616 0.21954219
vn -0.00065671 0.00022920 0.99999976
vn -0.00065671 0.00022920 0.99999976
vn -0.90135658 0.37330616 0.21954219
vn -0.97561210 -0.00005468 0.21950176
vn 0.70708525 -0.00002149 0.70712835
vn 0.70708525 -0.00002149 0.70712835
vn 0.03364024 -0.00001565 0.99943399
vn 0.03364024 -0.00001565 0.99943399
vn 0.02963492 0.00001576 0.99956077
vn 0.70708525 -0.00002149 0.70712835
vn 0.03364024 -0.00001565 0.99943399
vn -0.00065671 0.00022920 0.99999976
vn -0.00056494 0.00007646 0.99999982
vn -0.00056494 0.00007646 0.99999982
vn 0.02963492 0.00001576 0.99956077
vn 0.03364024 -0.00001565 0.99943399
vn -0.97561210 -0.00005468 0.21950176
vn -0.00056494 0.00007646 0.99999982
vn -0.00065671 0.00022920 0.99999976
vn -0.00125342 -0.00050431 0.99999911
vn -0.00056494 0.00007646 0.99999982
vn -0.97561210 -0.00005468 0.21950176
vn -0.00125342 -0.00050431 0.99999911
vn 0.02963492 0.00001576 0.99956077
vn -0.00056494 0.00007646 0.99999982
vn -0.97561210 -0.00005468 0.21950176
vn -0.90133518 -0.37339789 0.21947423
vn -0.00125342 -0.00050431 0.99999911
vn -0.00125342 -0.00050431 0.99999911
vn -0.90133518 -0.37339789 0.21947423
vn -0.68980521 -0.68992728 0.21947464
vn 0.00000000 -0.00001514 1.00000000
vn 0.02963492 0.00001576 0.99956077
vn -0.00125342 -0.00050431 0.99999911
vn -0.68980521 -0.68992728 0.21947464
vn -0.00045823 -0.00056503 0.99999976
vn -0.00125342 -0.00050431 0.99999911
vn -0.00125342 -0.00050431 0.99999911
vn -0.00045823 -0.00056503 0.99999976
vn 0.00000000 -0.00001514 1.00000000
vn -0.00490245 -0.01189922 0.99991721
vn -0.00045823 -0.00056503 0.99999976
vn -0.68980521 -0.68992728 0.21947464
vn -0.00490245 -0.01189922 0.99991721
vn 0.00000000 -0.00001514 1.00000000
vn -0.00045823 -0.00056503 0.99999976
vn -0.68980521 -0.68992728 0.21947464
vn -0.37342525 -0.90132320 0.21947695
vn -0.00490245 -0.01189922 0.99991721
vn -0.00490245 -0.01189922 0.99991721
vn -0.37342525 -0.90132320 0.21947695
vn 0.00000000 -0.97560513 0.21953277
vn 0.00000000 -0.97560513 0.21953277
vn 0.00000000 -0.01149775 0.99993390
vn -0.00490245 -0.01189922 0.99991721
vn 0.00000000 -0.01149775 0.99993390
vn 0.00000000 -0.00001514 1.00000000
vn -0.00490245 -0.01189922 0.99991721
vn 0.00487128 -0.01189886 0.99991733
vn 0.00000000 -0.01149775 0.99993390
vn 0.00000000 -0.97560513 0.21953277
vn 0.00000000 -0.01149775 0.99993390
vn 0.00487128 -0.01189886 0.99991733
vn 0.00000000 -0.00001514 1.00000000
vn 0.00000000 -0.97560513 0.21953277
vn 0.37332767 -0.90135342 0.21951883
vn 0.00487128 -0.01189886 0.99991733
vn 0.00487128 -0.01189886 0.99991733
vn 0.37332767 -0.90135342 0.21951883
vn 0.68986988 -0.68984538 0.21952863
vn 0.68986988 -0.68984538 0.21952863
vn 0.00045822 -0.00053447 0.99999976
vn 0.00487128 -0.01189886 0.99991733
vn 0.00487128 -0.01189886 0.99991733
vn 0.00045822 -0.00053447 0.99999976
vn 0.00000000 -0.00001514 1.00000000
vn 0.00000000 -0.00001514 1.00000000
vn 0.00045822 -0.00053447 0.99999976
vn 0.00122285 -0.00053488 0.99999911
vn 0.00122285 -0.00053488 0.99999911
vn -0.02966717 0.00001582 0.99955982
vn 0.00000000 -0.00001514 1.00000000
vn -0.00620307 -0.00004594 0.99998075
vn 0.00000000 -0.00001514 1.00000000
vn -0.02966717 0.00001582 0.99955982
vn 0.00620307 -0.00004594 0.99998075
vn 0.02963492 0.00001576 0.99956077
vn 0.00000000 -0.00001514 1.00000000
vn 0.00000000 -0.00001514 1.00000000
vn 0.00000000 -0.00001514 1.00000000
vn -0.00620307 -0.00004594 0.99998075
vn 0.00620307 -0.00004594 0.99998075
vn 0.00000000 -0.00001514 1.00000000
vn 0.00000000 -0.00001514 1.00000000
vn 0.70708525 -0.00002149 0.70712835
vn 0.70708525 -0.00002149 0.70712835
vn 0.00620307 -0.00004594 0.99998075
vn 0.00620307 -0.00004594 0.99998075
vn 0.00620288 -0.00001523 0.99998075
vn 0.70708525 -0.00002149 0.70712835
vn 0.00000000 -0.00001514 1.00000000
vn 0.00620288 -0.00001523 0.99998075
vn 0.00620307 -0.00004594 0.99998075
vn -0.00620307 -0.00004594 0.99998075
vn -0.00623378 -0.00001524 0.99998057
vn 0.00000000 -0.00001514 1.00000000
vn -0.00623378 -0.00001524 0.99998057
vn -0.00620307 -0.00004594 0.99998075
vn -0.70710683 -0.00006466 0.70710677
vn -0.70710683 -0.00006466 0.70710677
vn -0.70710683 -0.00006466 0.70710677
vn -0.00623378 -0.00001524 0.99998057
vn -0.00620307 -0.00004594 0.99998075
vn 0.00000000 -0.00001514 1.00000000
vn -0.00623378 -0.00001524 0.99998057
vn 0.00620307 -0.00004594 0.99998075
vn 0.00620288 -0.00001523 0.99998075
vn 0.00000000 -0.00001514 1.00000000
vn 0.00000000 -0.00001514 1.00000000
vn 0.00000000 -0.00001514 1.00000000
vn -0.00620307 -0.00004594 0.99998075
vn 0.00620307 -0.00004594 0.99998075
vn 0.00000000 -0.00001514 1.00000000
vn 0.00000000 -0.00001514 1.00000000
vn -0.00620307 -0.00004594 0.99998075
vn -0.00623378 -0.00001524 0.99998057
vn 0.00000000 -0.00001514 1.00000000
vn -0.00623378 -0.00001524 0.99998057
vn -0.00620307 -0.00004594 0.99998075
vn -0.70710683 -0.00006466 0.70710677
vn -0.70710683 -0.00006466 0.70710677
vn -0.70710683 -0.00006466 0.70710677
vn -0.00623378 -0.00001524 0.99998057
vn -0.00620307 -0.00004594 0.99998075
vn 0.00000000 -0.00001514 1.00000000
vn -0.00623378 -0.00001524 0.99998057
vn 0.70708525 -0.00002149 0.70712835
vn 0.70708525 -0.00002149 0.70712835
vn 0.00620307 -0.00004594 0.99998075
vn 0.00620307 -0.00004594 0.99998075
vn 0.00620288 -0.00001523 0.99998075
vn 0.70708525 -0.00002149 0.70712835
vn 0.00000000 -0.00001514 1.00000000
vn 0.00620288 -0.00001523 0.99998075
vn 0.00620307 -0.00004594 0.99998075
vn 0.00620288 -0.00001523 0.99998075
vn 0.00620288 -0.00001523 0.99998075
vn 0.00000000 -0.00001514 1.00000000
vn 0.70708525 -0.00002149 0.70712835
vn 0.70708525 -0.00002149 0.70712835
vn 0.00620288 -0.00001523 0.99998075
vn 0.00620288 -0.00001523 0.99998075
vn 0.00620288 -0.00001523 0.99998075
vn 0.70708525 -0.00002149 0.70712835
vn 0.00000000 -0.00001514 1.00000000
vn 0.00620288 -0.00001523 0.99998075
vn 0.00620288 -0.00001523 0.99998075
vn 0.00620288 -0.00001523 0.99998075
vn 0.00000000 -0.00001514 1.00000000
vn 0.00000000 -0.00001514 1.00000000
vn 0.00000000 -0.00001514 1.00000000
vn -0.00620307 -0.00004594 0.99998075
vn -0.00623378 -0.00001524 0.99998057
vn -0.00623378 -0.00001524 0.99998057
vn 0.00000000 -0.00001514 1.00000000
vn 0.00000000 -0.00001514 1.00000000
vn -0.00623378 -0.00001524 0.99998057
vn -0.00620307 -0.00004594 0.99998075
vn -0.70710683 -0.00006466 0.70710677
vn -0.70710683 -0.00006466 0.70710677
vn -0.70710683 -0.00006466 0.70710677
vn -0.00623378 -0.00001524 0.99998057
vn -0.00620307 -0.00004594 0.99998075
vn 0.00000000 -0.00001514 1.00000000
vn -0.00623378 -0.00001524 0.99998057
vn 0.00620288 -0.00001523 0.99998075
vn 0.00620288 -0.00001523 0.99998075
vn 0.00000000 -0.00001514 1.00000000
vn 0.00000000 -0.00001514 1.00000000
vn -0.00620307 -0.00004594 0.99998075
vn -0.00623378 -0.00001524 0.99998057
vn -0.00623378 -0.00001524 0.99998057
vn -0.00620307 -0.00004594 0.99998075
vn -0.70710683 -0.00006466 0.70710677
vn -0.70710683 -0.00006466 0.70710677
vn -0.70710683 -0.00006466 0.70710677
vn -0.00623378 -0.00001524 0.99998057
vn -0.00623378 -0.00001524 0.99998057
vn 0.00000000 -0.00001514 1.00000000
vn 0.00000000 -0.00001514 1.00000000
vn 0.00620288 -0.00001523 0.99998075
vn 0.00000000 -0.00001514 1.00000000
vn 0.00000000 -0.00001514 1.00000000
vn -0.01684891 -0.00004642 0.99985802
vn 0.00000000 -0.00001514 1.00000000
vn -0.00623378 -0.00001524 0.99998057
vn 0.70708525 -0.00002149 0.70712835
vn 0.70708525 -0.00002149 0.70712835
vn 0.00620288 -0.00001523 0.99998075
vn 0.00620288 -0.00001523 0.99998075
vn 0.00620288 -0.00001523 0.99998075
vn 0.70708525 -0.00002149 0.70712835
vn 0.00000000 -0.00001514 1.00000000
vn 0.00620288 -0.00001523 0.99998075
vn 0.00620288 -0.00001523 0.99998075
vn 0.01684839 -0.00001540 0.99985808
vn 0.00620288 -0.00001523 0.99998075
vn 0.00000000 -0.00001514 1.00000000
vn -0.01849893 0.00129144 0.99982804
vn 0.00000000 -0.00001514 1.00000000
vn -0.01684891 -0.00004642 0.99985802
vn -0.01849893 0.00129144 0.99982804
vn -0.01684891 -0.00004642 0.99985802
vn -0.71160251 -0.00002150 0.70258224
vn -0.71160251 -0.00002150 0.70258224
vn -0.73038846 0.05682476 0.68066406
vn -0.01849893 0.00129144 0.99982804
vn -0.23184864 0.12346873 0.96488428
vn -0.01849893 0.00129144 0.99982804
vn -0.73038846 0.05682476 0.68066406
vn -0.73038846 0.05682476 0.68066406
vn -0.66990453 0.36513898 0.64645296
vn -0.23184864 0.12346873 0.96488428
vn -0.23184864 0.12346873 0.96488428
vn -0.66990453 0.36513898 0.64645296
vn -0.40398210 0.64743352 0.64624166
vn -0.40398210 0.64743352 0.64624166
vn -0.13689958 0.22397172 0.96493274
vn -0.23184864 0.12346873 0.96488428
vn -0.13689958 0.22397172 0.96493274
vn -0.40398210 0.64743352 0.64624166
vn -0.05119240 0.72377074 0.68813896
vn -0.23184864 0.12346873 0.96488428
vn -0.13689958 0.22397172 0.96493274
vn -0.00348749 0.05105876 0.99868953
vn -0.05119240 0.72377074 0.68813896
vn -0.00348749 0.05105876 0.99868953
vn -0.13689958 0.22397172 0.96493274
vn -0.00348749 0.05105876 0.99868953
vn -0.01849893 0.00129144 0.99982804
vn -0.23184864 0.12346873 0.96488428
vn -0.00348749 0.05105876 0.99868953
vn -0.05119240 0.72377074 0.68813896
vn -0.02742122 0.70879537 0.70488101
vn -0.01849893 0.00129144 0.99982804
vn -0.00348749 0.05105876 0.99868953
vn -0.00238221 0.06153169 0.99810231
vn -0.02742122 0.70879537 0.70488101
vn -0.00238221 0.06153169 0.99810231
vn -0.00348749 0.05105876 0.99868953
vn -0.00238221 0.06153169 0.99810231
vn 0.00000000 -0.00001514 1.00000000
vn -0.01849893 0.00129144 0.99982804
vn -0.00238221 0.06153169 0.99810231
vn -0.02742122 0.70879537 0.70488101
vn -0.00831320 0.70840520 0.70575696
vn -0.00831320 0.70840520 0.70575696
vn -0.00118871 0.10117627 0.99486780
vn -0.00238221 0.06153169 0.99810231
vn -0.00118871 0.10117627 0.99486780
vn 0.00000000 -0.00001514 1.00000000
vn -0.00238221 0.06153169 0.99810231
vn 0.00115522 0.10120941 0.99486446
vn -0.00118871 0.10117627 0.99486780
vn -0.00831320 0.70840520 0.70575696
vn 0.00115522 0.10120941 0.99486446
vn 0.00000000 -0.00001514 1.00000000
vn -0.00118871 0.10117627 0.99486780
vn -0.00831320 0.70840520 0.70575696
vn 0.00826962 0.70842713 0.70573556
vn 0.00115522 0.10120941 0.99486446
vn 0.00238222 0.06156604 0.99810016
vn 0.00115522 0.10120941 0.99486446
vn 0.00826962 0.70842713 0.70573556
vn 0.00238222 0.06156604 0.99810016
vn 0.00000000 -0.00001514 1.00000000
vn 0.00115522 0.10120941 0.99486446
vn 0.00826962 0.70842713 0.70573556
vn 0.02746593 0.70881647 0.70485801
vn 0.00238222 0.06156604 0.99810016
vn 0.01846777 0.00132262 0.99982858
vn 0.00000000 -0.00001514 1.00000000
vn 0.00238222 0.06156604 0.99810016
vn 0.01846777 0.00132262 0.99982858
vn 0.01684839 -0.00001540 0.99985808
vn 0.00000000 -0.00001514 1.00000000
vn 0.71158105 0.00002175 0.70260400
vn 0.01684839 -0.00001540 0.99985808
vn 0.01846777 0.00132262 0.99982858
vn 0.01846777 0.00132262 0.99982858
vn 0.73036575 0.05687118 0.68068463
vn 0.71158105 0.00002175 0.70260400
vn 0.00345539 0.05112459 0.99868631
vn 0.00238222 0.06156604 0.99810016
vn 0.02746593 0.70881647 0.70485801
vn 0.00238222 0.06156604 0.99810016
vn 0.00345539 0.05112459 0.99868631
vn 0.01846777 0.00132262 0.99982858
vn 0.02746593 0.70881647 0.70485801
vn 0.05114621 0.72375017 0.68816400
vn 0.00345539 0.05112459 0.99868631
vn 0.13685863 0.22401141 0.96492934
vn 0.00345539 0.05112459 0.99868631
vn 0.05114621 0.72375017 0.68816400
vn 0.05114621 0.72375017 0.68816400
vn 0.40386820 0.64752090 0.64622533
vn 0.13685863 0.22401141 0.96492934
vn 0.23180932 0.12350965 0.96488851
vn 0.01846777 0.00132262 0.99982858
vn 0.00345539 0.05112459 0.99868631
vn 0.73036575 0.05687118 0.68068463
vn 0.01846777 0.00132262 0.99982858
vn 0.23180932 0.12350965 0.96488851
vn 0.00345539 0.05112459 0.99868631
vn 0.13685863 0.22401141 0.96492934
vn 0.23180932 0.12350965 0.96488851
vn 0.23180932 0.12350965 0.96488851
vn 0.13685863 0.22401141 0.96492934
vn 0.40386820 0.64752090 0.64622533
vn 0.23180932 0.12350965 0.96488851
vn 0.66986370 0.36519599 0.64646310
vn 0.73036575 0.05687118 0.68068463
vn 0.40386820 0.64752090 0.64622533
vn 0.66986370 0.36519599 0.64646310
vn 0.23180932 0.12350965 0.96488851
vn -0.00001526 0.00001514 -1.00000000
vn -0.00001526 0.00001514 -1.00000000
vn -0.00001526 0.00001514 -1.00000000
vn 0.00000000 -0.00001538 -1.00000000
vn 0.00000000 -0.00001538 -1.00000000
vn 0.00000000 -0.00001538 -1.00000000
vn 0.00000000 -0.00001538 -1.00000000
vn 0.00000000 -0.00001538 -1.00000000
vn 0.00000000 -0.00001538 -1.00000000
vn 0.00000000 -0.00001538 -1.00000000
vn 0.00000000 -0.00001538 -1.00000000
vn 0.00000000 -0.00001538 -1.00000000
vn 0.00000000 -0.00001538 -1.00000000
vn 0.00000000 -0.00001538 -1.00000000
vn 0.00000000 -0.00001538 -1.00000000
vn 0.00000000 -0.00001538 -1.00000000
vn 0.00000000 -0.00001538 -1.00000000
vn 0.00000000 -0.00001538 -1.00000000
vn 0.00000000 -0.00001538 -1.00000000
vn 0.00000000 -0.00001538 -1.00000000
vn 0.00000000 -0.00001538 -1.00000000
vn 0.00000000 -0.00001538 -1.00000000
vn 0.00000000 -0.00001538 -1.00000000
vn 0.00000000 -0.00001538 -1.00000000
vn 0.00000000 -0.00001538 -1.00000000
vn 0.00000000 -0.00001538 -1.00000000
vn 0.00000000 -0.00001538 -1.00000000
vn 0.00000000 -0.00001538 -1.00000000
vn 0.00000000 -0.00001538 -1.00000000
vn 0.00000000 -0.00001538 -1.00000000
vn 0.00000000 -0.00001538 -1.00000000
vn 0.00000000 -0.00001538 -1.00000000
vn 0.00000000 -0.00001538 -1.00000000
vn 0.00000000 -0.00001538 -1.00000000
vn 0.00000000 -0.00001538 -1.00000000
vn 0.00000000 -0.00001538 -1.00000000
vn 0.00000000 -0.00001538 -1.00000000
vn 0.00000000 -0.00001538 -1.00000000
vn 0.00000000 -0.00001538 -1.00000000
vn 0.00000000 -0.00001538 -1.00000000
vn 0.00000000 -0.00001538 -1.00000000
vn 0.00000000 -0.00001538 -1.00000000
vn 0.00000000 -0.00001538 -1.00000000
vn 0.00000000 -0.00001538 -1.00000000
vn 0.00000000 -0.00001538 -1.00000000
vn 0.00000000 -0.00001538 -1.00000000
vn 0.00000000 -0.00001538 -1.00000000
vn 0.00000000 -0.00001538 -1.00000000
vn 0.00000000 -0.00001514 1.00000000
vn 0.00000000 -0.00001514 1.00000000
vn 0.00000000 -0.00001514 1.00000000
vn 0.00000000 -0.00001514 1.00000000
vn 0.00000000 -0.00001514 1.00000000
vn 0.00000000 -0.00001514 1.00000000
vn 0.00000000 -0.00001514 1.00000000
vn 0.00000000 -0.00001514 1.00000000
vn 0.00000000 -0.00001514 1.00000000
vn 0.00000000 -0.00001514 1.00000000
vn 0.00000000 -0.00001514 1.00000000
vn 0.00000000 -0.00001514 1.00000000
vn 0.00000000 -0.00001514 1.00000000
vn 0.00000000 -0.00001514 1.00000000
vn 0.00000000 -0.00001514 1.00000000
vn 0.00000000 -0.00001514 1.00000000
vn 0.00000000 -0.00001514 1.00000000
vn 0.00000000 -0.00001514 1.00000000
vn 0.00000000 -0.00001514 1.00000000
vn 0.00000000 -0.00001514 1.00000000
vn 0.00000000 -0.00001514 1.00000000
vn 0.00000000 -0.00001514 1.00000000
vn 0.00000000 -0.00001514 1.00000000
vn 0.00000000 -0.00001514 1.00000000
vn 0.00000000 -0.00001514 1.00000000
vn 0.00000000 -0.00001514 1.00000000
vn 0.00000000 -0.00001514 1.00000000
vn 0.00000000 -0.00001514 1.00000000
vn 0.00000000 -0.00001514 1.00000000
vn 0.00000000 -0.00001514 1.00000000
vn 0.00000000 -0.00001514 1.00000000
vn 0.00000000 -0.00001514 1.00000000
vn 0.00000000 -0.00001514 1.00000000
vn 0.00000000 -0.00001514 1.00000000
vn 0.00000000 -0.00001514 1.00000000
vn 0.00000000 -0.00001514 1.00000000
vn 0.00000000 -0.00001514 1.00000000
vn 0.00000000 -0.00001514 1.00000000
vn 0.00000000 -0.00001514 1.00000000
vn -0.00001526 0.00001514 -1.00000000
vn -0.00001526 0.00001514 -1.00000000
vn -0.00001526 0.00001514 -1.00000000
vn -0.00001526 0.00001514 -1.00000000
vn -0.00001526 0.00001514 -1.00000000
vn -0.00001526 0.00001514 -1.00000000
vn -0.00001526 0.00001514 -1.00000000
vn -0.00001526 0.00001514 -1.00000000
vn -0.00001526 0.00001514 -1.00000000
vn -0.00001526 0.00001514 -1.00000000
vn -0.00001526 0.00001514 -1.00000000
vn -0.00001526 0.00001514 -1.00000000
vn 0.00000000 -0.00001538 -1.00000000
vn -0.00001526 0.00001514 -1.00000000
vn -0.00001526 0.00001514 -1.00000000
vn -0.00001526 0.00001514 -1.00000000
vn -0.00001526 0.00001514 -1.00000000
vn -0.00001526 0.00001514 -1.00000000
vn -0.00001526 0.00001514 -1.00000000
vn -0.00001526 0.00001514 -1.00000000
vn -0.00001526 0.00001514 -1.00000000
vn 0.00000000 -0.00001538 -1.00000000
vn -0.00001526 0.00001514 -1.00000000
vn 0.00000000 -0.00001538 -1.00000000
vn 0.00000000 -0.00001538 -1.00000000
vn 0.00000000 -0.00001538 -1.00000000
vn 0.00000000 -0.00001538 -1.00000000
vn 0.00000000 -0.00001538 -1.00000000
vn 0.00000000 -0.00001538 -1.00000000
vn 0.00000000 -0.00001538 -1.00000000
vn 0.00000000 -0.00001538 -1.00000000
vn 0.00000000 -0.00001538 -1.00000000
vn 0.00000000 -0.00001538 -1.00000000
vn 0.00000000 -0.00001538 -1.00000000
vn 0.00000000 -0.00001538 -1.00000000
vn -0.00001526 0.00001514 -1.00000000
vn 0.00000000 -0.00001538 -1.00000000
vn -0.00001526 0.00001514 -1.00000000
vn 0.00000000 -0.00001538 -1.00000000
vn 0.00000000 -0.00001538 -1.00000000
vn 0.00000000 -0.00001538 -1.00000000
vn 0.00000000 -0.00001538 -1.00000000
vn 0.00000000 -0.00001538 -1.00000000
vn 0.00000000 -0.00001538 -1.00000000
vn 0.00000000 -0.00001538 -1.00000000
vn 0.99999666 -0.00258553 0.00003060
vn 1.00000000 0.00001526 0.00001526
vn 1.00000000 0.00001526 0.00001526
vn 1.00000000 0.00001526 0.00001526
vn 0.99999666 -0.00258553 0.00003060
vn 0.99999666 -0.00258553 0.00003060
vn 0.89770305 -0.44060105 0.00004090
vn 0.99999666 -0.00258553 0.00003060
vn 0.99999666 -0.00258553 0.00003060
vn 0.99999666 -0.00258553 0.00003060
vn 0.89770305 -0.44060105 0.00004090
vn 0.89770305 -0.44060105 0.00004090
vn 0.49347070 -0.86976242 0.00004171
vn 0.89770305 -0.44060105 0.00004090
vn 0.89770305 -0.44060105 0.00004090
vn 0.89770305 -0.44060105 0.00004090
vn 0.49347070 -0.86976242 0.00004171
vn 0.49347070 -0.86976242 0.00004171
vn -0.00001526 1.00000000 0.00001514
vn -0.00001526 1.00000000 0.00001514
vn -0.00001526 1.00000000 0.00001514
vn -0.00001526 1.00000000 0.00001514
vn -0.00001526 1.00000000 0.00001514
vn 0.03571120 0.99936217 0.00001567
vn -0.00001526 1.00000000 0.00001514
vn -0.00001526 1.00000000 0.00001514
vn -0.00001526 1.00000000 0.00001514
vn 0.03571120 0.99936217 0.00001567
vn 0.03571120 0.99936217 0.00001567
vn -0.00001526 1.00000000 0.00001514
vn 0.03571120 0.99936217 0.00001567
vn 0.03571120 0.99936217 0.00001567
vn 0.38264814 0.92389417 0.00001983
vn 0.38264814 0.92389417 0.00001983
vn 0.38264814 0.92389417 0.00001983
vn 0.03571120 0.99936217 0.00001567
vn -0.00001526 1.00000000 0.00001514
vn -0.00001526 1.00000000 0.00001514
vn -0.00001526 1.00000000 0.00001514
vn -0.00001526 1.00000000 0.00001514
vn -0.00001526 1.00000000 0.00001514
vn -0.00001526 1.00000000 0.00001514
vn -0.03574394 0.99936098 0.00001568
vn -0.00001526 1.00000000 0.00001514
vn -0.00001526 1.00000000 0.00001514
vn -0.00001526 1.00000000 0.00001514
vn -0.03574394 0.99936098 0.00001568
vn -0.03574394 0.99936098 0.00001568
vn -0.03574394 0.99936098 0.00001568
vn -0.03574394 0.99936098 0.00001568
vn -0.38269636 0.92387420 0.00001983
vn -0.38269636 0.92387420 0.00001983
vn -0.38269636 0.92387420 0.00001983
vn -0.03574394 0.99936098 0.00001568
vn 0.71598375 0.69811690 0.00002150
vn 0.71600533 0.69809484 0.00006465
vn 0.51237118 0.85876411 0.00002082
vn 0.51237118 0.85876411 0.00002082
vn 0.51237118 0.85876411 0.00002082
vn 0.71598375 0.69811690 0.00002150
vn 0.71600533 0.69809484 0.00006465
vn 0.71598375 0.69811690 0.00002150
vn 0.73188877 0.68142408 0.00002149
vn 0.73188877 0.68142408 0.00002149
vn 0.73188877 0.68142408 0.00002149
vn 0.71600533 0.69809484 0.00006465
vn 0.73188877 0.68142408 0.00002149
vn 0.73188877 0.68142408 0.00002149
vn 0.93059152 0.36605936 0.00001974
vn 0.93059152 0.36605936 0.00001974
vn 0.93059152 0.36605936 0.00001974
vn 0.73188877 0.68142408 0.00002149
vn -0.00001526 1.00000000 0.00001514
vn -0.00001526 1.00000000 0.00001514
vn -0.00001526 1.00000000 0.00001514
vn -0.00001526 1.00000000 0.00001514
vn -0.00001526 1.00000000 0.00001514
vn -0.00001526 1.00000000 0.00001514
vn -0.51242048 0.85873467 0.00002082
vn -0.51242048 0.85873467 0.00002082
vn -0.71602637 0.69807321 0.00002149
vn -0.71602637 0.69807321 0.00002149
vn -0.71602637 0.69807321 -0.00002166
vn -0.51242048 0.85873467 0.00002082
vn -0.71602637 0.69807321 -0.00002166
vn -0.71602637 0.69807321 0.00002149
vn -0.73193026 0.68137950 0.00002148
vn -0.73193026 0.68137950 0.00002148
vn -0.73193026 0.68137950 0.00002148
vn -0.71602637 0.69807321 -0.00002166
vn -0.73193026 0.68137950 0.00002148
vn -0.73193026 0.68137950 0.00002148
vn -0.93061030 0.36601162 0.00001974
vn -0.93061030 0.36601162 0.00001974
vn -0.93061030 0.36601162 0.00001974
vn -0.73193026 0.68137950 0.00002148
vn 0.91971892 -0.39257753 0.00000005
vn 0.91971892 -0.39257753 0.00000005
vn 0.91971892 -0.39257753 0.00000005
vn 0.91971892 -0.39257753 0.00000005
vn 0.91971892 -0.39257753 0.00000005
vn 0.91971892 -0.39257753 0.00000005
vn 0.01988489 -0.99980229 0.00000012
vn 0.01988489 -0.99980229 0.00000012
vn 0.37939468 -0.92523491 0.00000011
vn 0.37939468 -0.92523491 0.00000011
vn 0.37939468 -0.92523491 0.00000011
vn 0.01988489 -0.99980229 0.00000012
vn 0.01988489 -0.99980229 0.00000012
vn 0.01988489 -0.99980229 0.00000012
vn 0.00000000 -1.00000000 0.00000012
vn 0.00000000 -1.00000000 0.00000012
vn 0.00000000 -1.00000000 0.00000012
vn 0.01988489 -0.99980229 0.00000012
vn -0.01988489 -0.99980229 0.00000012
vn 0.00000000 -1.00000000 0.00000012
vn 0.00000000 -1.00000000 0.00000012
vn 0.00000000 -1.00000000 0.00000012
vn -0.01985323 -0.99980289 0.00000012
vn -0.01988489 -0.99980229 0.00000012
vn -0.01988489 -0.99980229 0.00000012
vn -0.01985323 -0.99980289 0.00000012
vn -0.37939468 -0.92523491 0.00000011
vn -0.37939468 -0.92523491 0.00000011
vn -0.37939468 -0.92523491 0.00000011
vn -0.01988489 -0.99980229 0.00000012
vn 0.99993247 -0.01162282 0.00000000
vn 0.99993283 -0.01159153 0.00000000
vn 0.99993247 0.01162294 0.00001543
vn 0.99993283 -0.01159153 0.00000000
vn 0.99993247 -0.01162282 0.00000000
vn 0.92389709 -0.38264099 0.00000005
vn 0.92389709 -0.38264099 0.00000005
vn 0.92389709 -0.38264099 0.00000005
vn 0.99993283 -0.01159153 0.00000000
vn 0.99993247 0.01162294 0.00001543
vn 0.99993247 0.01162294 0.00001543
vn 0.99993247 -0.01162282 0.00000000
vn 0.99993247 0.01162294 0.00001543
vn 0.99993247 0.01162294 0.00001543
vn 0.92387426 0.38269621 0.00001989
vn 0.92387426 0.38269621 0.00001989
vn 0.92387426 0.38269621 0.00001989
vn 0.99993247 0.01162294 0.00001543
vn 0.00000000 -0.00001514 1.00000000
vn 0.00000000 -0.00001514 1.00000000
vn 0.00000000 -0.00001514 1.00000000
vn 0.00000000 -0.00001514 1.00000000
vn 0.00000000 -0.00001514 1.00000000
vn 0.00000000 -0.00001514 1.00000000
vn 0.00000000 -0.00001514 1.00000000
vn 0.00000000 -0.00001514 1.00000000
vn 0.00000000 -0.00001514 1.00000000
vn 0.00000000 -0.00001514 1.00000000
vn 0.00000000 -0.00001514 1.00000000
vn 0.00000000 -0.00001514 1.00000000
vn 0.00000000 -0.00001514 1.00000000
vn 0.00000000 -0.00001514 1.00000000
vn 0.00000000 -0.00001514 1.00000000
vn 0.00000000 -0.00001514 1.00000000
vn 0.00000000 -0.00001514 1.00000000
vn 0.00000000 -0.00001514 1.00000000
vn 0.00000000 -0.00001514 1.00000000
vn 0.00000000 -0.00001514 1.00000000
vn 0.00000000 -0.00001514 1.00000000
vn 0.00000000 -0.00001514 1.00000000
vn 0.00000000 -0.00001514 1.00000000
vn 0.00000000 -0.00001514 1.00000000
vn 0.00000000 -0.00001514 1.00000000
vn 0.00000000 -0.00001514 1.00000000
vn 0.00000000 -0.00001514 1.00000000
vn 0.00000000 -0.00001514 1.00000000
vn 0.00000000 -0.00001514 1.00000000
vn 0.00000000 -0.00001514 1.00000000
vn 0.00000000 -0.00001514 1.00000000
vn 0.00000000 -0.00001514 1.00000000
vn 0.00000000 -0.00001514 1.00000000
vn 0.00000000 -0.00001514 1.00000000
vn 0.00000000 -0.00001514 1.00000000
vn 0.00000000 -0.00001514 1.00000000
vn 0.00000000 -0.00001514 1.00000000
vn 0.00000000 -0.00001514 1.00000000
vn 0.00000000 -0.00001514 1.00000000
vn 0.00000000 -0.00001514 1.00000000
vn 0.00000000 -0.00001514 1.00000000
vn 0.00000000 -0.00001514 1.00000000
vn 0.00000000 -0.00001514 1.00000000
vn 0.00000000 -0.00001514 1.00000000
vn 0.00000000 -0.00001514 1.00000000
vn 0.00000000 -0.00001514 1.00000000
vn 0.00000000 -0.00001514 1.00000000
vn 0.00000000 -0.00001514 1.00000000
vn -0.00001526 0.00001514 -1.00000000
vn -0.00001526 0.00001514 -1.00000000
vn -0.00001526 0.00001514 -1.00000000
vn -0.00001526 0.00001514 -1.00000000
vn -0.00001526 0.00001514 -1.00000000
vn -0.00001526 0.00001514 -1.00000000
vn 0.00000000 -0.00001538 -1.00000000
vn 0.00000000 -0.00001538 -1.00000000
vn 0.00000000 -0.00001538 -1.00000000
vn 0.38264814 0.92389417 0.00001983
vn 0.37330619 0.90135658 0.21954213
vn 0.68985337 0.68985349 0.21955530
vn 0.68985337 0.68985349 0.21955530
vn 0.70710683 0.70710677 0.00002150
vn 0.38264814 0.92389417 0.00001983
vn 0.70710683 0.70710677 0.00002150
vn 0.68985337 0.68985349 0.21955530
vn 0.90130877 0.37341535 0.21955277
vn 0.90130877 0.37341535 0.21955277
vn 0.92387426 0.38269621 0.00001989
vn 0.70710683 0.70710677 0.00002150
vn 0.92387426 0.38269621 0.00001989
vn 0.90130877 0.37341535 0.21955277
vn 0.97559953 0.00001833 0.21955776
vn 0.97559953 0.00001833 0.21955776
vn 1.00000000 0.00001526 0.00001526
vn 0.92387426 0.38269621 0.00001989
vn 1.00000000 0.00001526 0.00001526
vn 0.97559953 0.00001833 0.21955776
vn 0.90134150 -0.37335488 0.21952137
vn 0.90134150 -0.37335488 0.21952137
vn 0.92389709 -0.38264099 0.00000005
vn 1.00000000 0.00001526 0.00001526
vn 0.92389709 -0.38264099 0.00000005
vn 0.90134150 -0.37335488 0.21952137
vn 0.68986988 -0.68984538 0.21952863
vn 0.68986988 -0.68984538 0.21952863
vn 0.70711762 -0.70709598 0.00000008
vn 0.92389709 -0.38264099 0.00000005
vn 0.70711762 -0.70709598 0.00000008
vn 0.68986988 -0.68984538 0.21952863
vn 0.37332767 -0.90135342 0.21951883
vn 0.37332767 -0.90135342 0.21951883
vn 0.38271323 -0.92386717 0.00000011
vn 0.70711762 -0.70709598 0.00000008
vn 0.00781126 -0.70785493 0.70631468
vn 0.00000000 -0.70709586 0.70711768
vn 0.00000000 -0.70709586 0.70711768
vn 0.00000000 -0.70709586 0.70711768
vn 0.00000000 -0.70709586 0.70711768
vn -0.00781126 -0.70789832 0.70627111
vn 0.00000000 -0.70709586 0.70711768
vn 0.00781126 -0.70785493 0.70631468
vn 0.00781126 -0.70785493 0.70631468
vn 0.47980601 -0.73452210 0.47985780
vn 0.00781126 -0.70785493 0.70631468
vn 0.00781126 -0.70785493 0.70631468
vn 0.00781126 -0.70785493 0.70631468
vn 0.47980601 -0.73452210 0.47985780
vn 0.47980601 -0.73452210 0.47985780
vn -0.00781126 -0.70789832 0.70627111
vn -0.00781126 -0.70789832 0.70627111
vn 0.00000000 -0.70709586 0.70711768
vn -0.00781126 -0.70789832 0.70627111
vn -0.00781126 -0.70789832 0.70627111
vn -0.47979972 -0.73456413 0.47979978
vn -0.47979972 -0.73456413 0.47979978
vn -0.47979972 -0.73456413 0.47979978
vn -0.00781126 -0.70789832 0.70627111
vn 0.38264814 0.92389417 0.00001983
vn -0.00001526 1.00000000 0.00001514
vn -0.00001824 0.97559953 0.21955764
vn -0.00001824 0.97559953 0.21955764
vn 0.37330619 0.90135658 0.21954213
vn 0.38264814 0.92389417 0.00001983
vn -0.37336078 0.90133274 0.21954744
vn -0.00001824 0.97559953 0.21955764
vn -0.00001526 1.00000000 0.00001514
vn -0.00001526 1.00000000 0.00001514
vn -0.38269636 0.92387420 0.00001983
vn -0.37336078 0.90133274 0.21954744
vn 0.00003052 -1.00000000 0.00000012
vn 0.00000000 -1.00000000 0.00000012
vn 0.00000000 -1.00000000 0.00000012
vn 0.00003052 -1.00000000 0.00000012
vn 0.00003052 -1.00000000 0.00000012
vn 0.00000000 -1.00000000 0.00000012
vn 0.00000000 -1.00000000 0.00000012
vn 0.00000000 -1.00000000 0.00000012
vn 0.00003052 -1.00000000 0.00000012
vn 0.00003052 -1.00000000 0.00000012
vn -0.00003052 -1.00000000 0.00000012
vn 0.00000000 -1.00000000 0.00000012
vn -0.00003052 -1.00000000 0.00000012
vn 0.00000000 -1.00000000 0.00000012
vn 0.00000000 -1.00000000 0.00000012
vn 0.00000000 -1.00000000 0.00000012
vn 0.00003052 -1.00000000 0.00000012
vn -0.00003052 -1.00000000 0.00000012
vn -0.00003052 -1.00000000 0.00000012
vn -0.00003052 -1.00000000 0.00000012
vn 0.00003052 -1.00000000 0.00000012
vn 0.00003052 -1.00000000 0.00000012
vn -0.00003052 -1.00000000 0.00000012
vn 0.00003052 -1.00000000 0.00000012
vn 0.00000000 -1.00000000 0.00000012
vn 0.00000000 -1.00000000 0.00000012
vn -0.00003052 -1.00000000 0.00000012
vn -0.00003052 -1.00000000 0.00000012
vn -0.00003052 -1.00000000 0.00000012
vn 0.00000000 -1.00000000 0.00000012
vn -0.00003052 -1.00000000 0.00000012
vn 0.00003052 -1.00000000 0.00000012
vn 0.00000000 -1.00000000 0.00000012
vn 0.00003052 -1.00000000 0.00000012
vn 0.00003052 -1.00000000 0.00000012
vn 0.00000000 -1.00000000 0.00000012
vn 0.00000000 -1.00000000 0.00000012
vn 0.00000000 -1.00000000 0.00000012
vn 0.00003052 -1.00000000 0.00000012
vn 0.00003052 -1.00000000 0.00000012
vn 0.00000000 -1.00000000 0.00000012
vn 0.00000000 -1.00000000 0.00000012
vn 0.00000000 -1.00000000 0.00000012
vn 0.00000000 -1.00000000 0.00000012
vn -0.00003052 -1.00000000 0.00000012
vn -0.00003052 -1.00000000 0.00000012
vn 0.00003052 -1.00000000 0.00000012
vn 0.00000000 -1.00000000 0.00000012
vn 0.00003052 -1.00000000 0.00000012
vn 0.00003052 -1.00000000 0.00000012
vn 0.00003052 -1.00000000 0.00000012
vn -0.00003052 -1.00000000 0.00000012
vn -0.00003052 -1.00000000 0.00000012
vn 0.00003052 -1.00000000 0.00000012
vn 0.00003052 -1.00000000 0.00000012
vn 0.00003052 -1.00000000 0.00000012
vn 0.00003052 -1.00000000 0.00000012
vn -0.00003052 -1.00000000 0.00000012
vn 0.00003052 -1.00000000 0.00000012
vn 0.00003052 -1.00000000 0.00000012
vn 0.00000000 -0.70709604 -0.70711750
vn 0.00000000 -0.70709604 -0.70711750
vn 0.00000000 -0.70709604 -0.70711750
vn 0.00000000 -0.70709604 -0.70711750
vn 0.00000000 -0.70709604 -0.70711750
vn 0.00000000 -0.70709604 -0.70711750
vn 0.00000000 -0.70709604 -0.70711750
vn 0.00000000 -0.70709604 -0.70711750
vn 0.00000000 -0.70709604 -0.70711750
vn 0.00000000 -0.70709604 -0.70711750
vn 0.00000000 -0.70709604 -0.70711750
vn 0.00000000 -0.70709604 -0.70711750
vn -0.70714998 0.70706362 0.00002150
vn -0.68990219 0.68980467 0.21955530
vn -0.37336078 0.90133274 0.21954744
vn -0.37336078 0.90133274 0.21954744
vn -0.38269636 0.92387420 0.00001983
vn -0.70714998 0.70706362 0.00002150
vn -0.68990219 0.68980467 0.21955530
vn -0.70714998 0.70706362 0.00002150
vn -0.92389411 0.38264817 0.00001989
vn -0.92389411 0.38264817 0.00001989
vn -0.90135658 0.37330616 0.21954219
vn -0.68990219 0.68980467 0.21955530
vn -0.90135658 0.37330616 0.21954219
vn -0.92389411 0.38264817 0.00001989
vn -1.00000000 -0.00001526 0.00000000
vn -1.00000000 -0.00001526 0.00000000
vn -0.97561210 -0.00005468 0.21950176
vn -0.90135658 0.37330616 0.21954219
vn -0.97561210 -0.00005468 0.21950176
vn -1.00000000 -0.00001526 0.00000000
vn -0.92389709 -0.38264099 0.00000005
vn -0.92389709 -0.38264099 0.00000005
vn -0.90133518 -0.37339789 0.21947423
vn -0.97561210 -0.00005468 0.21950176
vn -0.90133518 -0.37339789 0.21947423
vn -0.92389709 -0.38264099 0.00000005
vn -0.70711762 -0.70709598 0.00000008
vn -0.70711762 -0.70709598 0.00000008
vn -0.68980521 -0.68992728 0.21947464
vn -0.90133518 -0.37339789 0.21947423
vn -0.68980521 -0.68992728 0.21947464
vn -0.70711762 -0.70709598 0.00000008
vn -0.38266525 -0.92388707 0.00000011
vn -0.38266525 -0.92388707 0.00000011
vn -0.37342525 -0.90132320 0.21947695
vn -0.68980521 -0.68992728 0.21947464
vn -0.91971892 -0.39257753 0.00000005
vn -0.91971892 -0.39257753 0.00000005
vn -0.91971892 -0.39257753 0.00000005
vn -0.91971892 -0.39257753 0.00000005
vn -0.91971892 -0.39257753 0.00000005
vn -0.91971892 -0.39257753 0.00000005
vn 0.00000000 -0.00001538 -1.00000000
vn 0.00000000 -0.00001538 -1.00000000
vn 0.00000000 -0.00001538 -1.00000000
vn 0.00000000 -0.00001538 -1.00000000
vn 0.00000000 -0.00001538 -1.00000000
vn 0.00000000 -0.00001538 -1.00000000
vn 0.00000000 -1.00000000 0.00000012
vn 0.38271323 -0.92386717 0.00000011
vn 0.37332767 -0.90135342 0.21951883
vn 0.37332767 -0.90135342 0.21951883
vn 0.00000000 -0.97560513 0.21953277
vn 0.00000000 -1.00000000 0.00000012
vn -0.38266525 -0.92388707 0.00000011
vn 0.00000000 -1.00000000 0.00000012
vn 0.00000000 -0.97560513 0.21953277
vn 0.00000000 -0.97560513 0.21953277
vn -0.37342525 -0.90132320 0.21947695
vn -0.38266525 -0.92388707 0.00000011
vn 0.00000000 -0.70709586 0.70711768
vn 0.00000000 -0.70709586 0.70711768
vn 0.00000000 -0.70709586 0.70711768
vn 0.00000000 -0.70709586 0.70711768
vn 0.00000000 -0.70709586 0.70711768
vn 0.00000000 -0.70709586 0.70711768
vn 0.00000000 -0.70709586 0.70711768
vn 0.00000000 -0.70709586 0.70711768
vn 0.00000000 -0.70709586 0.70711768
vn 0.00000000 -0.70709586 0.70711768
vn 0.00000000 -0.70709586 0.70711768
vn 0.00000000 -0.70709586 0.70711768
vn -0.04617526 -0.63362485 -0.77226120
vn -0.03487319 -0.56129378 -0.82688159
vn -0.58766234 -0.13500248 -0.79776394
vn -0.58766234 -0.13500248 -0.79776394
vn -0.66776747 -0.04764051 -0.74284387
vn -0.04617526 -0.63362485 -0.77226120
vn -0.55973387 -0.08606631 -0.82419086
vn -0.58766234 -0.13500248 -0.79776394
vn -0.03487319 -0.56129378 -0.82688159
vn -0.66776747 -0.04764051 -0.74284387
vn -0.58766234 -0.13500248 -0.79776394
vn -0.55973387 -0.08606631 -0.82419086
vn -0.03487319 -0.56129378 -0.82688159
vn -0.02398209 -0.31257275 -0.94959104
vn -0.55973387 -0.08606631 -0.82419086
vn -0.55973387 -0.08606631 -0.82419086
vn -0.66823894 -0.00508226 -0.74392939
vn -0.66776747 -0.04764051 -0.74284387
vn -0.66823894 -0.00508226 -0.74392939
vn -0.55973387 -0.08606631 -0.82419086
vn -0.02398209 -0.31257275 -0.94959104
vn -0.02398209 -0.31257275 -0.94959104
vn -0.01904646 -0.08764429 -0.99596971
vn -0.66823894 -0.00508226 -0.74392939
vn -0.69579768 0.00002149 -0.71823788
vn -0.66776747 -0.04764051 -0.74284387
vn -0.66823894 -0.00508226 -0.74392939
vn -0.65789032 -0.00148724 -0.75311226
vn -0.66823894 -0.00508226 -0.74392939
vn -0.01904646 -0.08764429 -0.99596971
vn -0.66823894 -0.00508226 -0.74392939
vn -0.65789032 -0.00148724 -0.75311226
vn -0.69579768 0.00002149 -0.71823788
vn -0.01904646 -0.08764429 -0.99596971
vn -0.01707638 -0.01946406 -0.99966472
vn -0.65789032 -0.00148724 -0.75311226
vn -0.65789032 -0.00148724 -0.75311226
vn -0.01707638 -0.01946406 -0.99966472
vn -0.01713740 0.04874811 -0.99866408
vn -0.01713740 0.04874811 -0.99866408
vn -0.59747094 0.00930678 -0.80183655
vn -0.65789032 -0.00148724 -0.75311226
vn -0.69579768 0.00002149 -0.71823788
vn -0.65789032 -0.00148724 -0.75311226
vn -0.59747094 0.00930678 -0.80183655
vn -0.59747094 0.00930678 -0.80183655
vn -0.01713740 0.04874811 -0.99866408
vn -0.01813725 0.08745879 -0.99600303
vn -0.01813725 0.08745879 -0.99600303
vn -0.65127194 0.00785391 -0.75880378
vn -0.59747094 0.00930678 -0.80183655
vn -0.59747094 0.00930678 -0.80183655
vn -0.65127194 0.00785391 -0.75880378
vn -0.69579768 0.00002149 -0.71823788
vn -0.65127194 0.00785391 -0.75880378
vn -0.01813725 0.08745879 -0.99600303
vn -0.01957337 0.12921914 -0.99142289
vn -0.69579768 0.00002149 -0.71823788
vn -0.65127194 0.00785391 -0.75880378
vn -0.66263491 0.00877737 -0.74889112
vn -0.01957337 0.12921914 -0.99142289
vn -0.66263491 0.00877737 -0.74889112
vn -0.65127194 0.00785391 -0.75880378
vn -0.66263491 0.00877737 -0.74889112
vn -0.66532022 0.04786136 -0.74502230
vn -0.69579768 0.00002149 -0.71823788
vn -0.66263491 0.00877737 -0.74889112
vn -0.01957337 0.12921914 -0.99142289
vn -0.02265184 0.26071477 -0.96515012
vn -0.02265184 0.26071477 -0.96515012
vn -0.52672362 0.08558841 -0.84571677
vn -0.66263491 0.00877737 -0.74889112
vn -0.66532022 0.04786136 -0.74502230
vn -0.66263491 0.00877737 -0.74889112
vn -0.52672362 0.08558841 -0.84571677
vn -0.52672362 0.08558841 -0.84571677
vn -0.02265184 0.26071477 -0.96515012
vn -0.02990990 0.48561642 -0.87366021
vn -0.52672362 0.08558841 -0.84571677
vn -0.55718797 0.13989243 -0.81851798
vn -0.66532022 0.04786136 -0.74502230
vn -0.02990990 0.48561642 -0.87366021
vn -0.55718797 0.13989243 -0.81851798
vn -0.52672362 0.08558841 -0.84571677
vn -0.03954565 0.59537804 -0.80247188
vn -0.66532022 0.04786136 -0.74502230
vn -0.55718797 0.13989243 -0.81851798
vn -0.55718797 0.13989243 -0.81851798
vn -0.02990990 0.48561642 -0.87366021
vn -0.03954565 0.59537804 -0.80247188
vn 0.00785498 -0.70783317 -0.70633596
vn 0.00785498 -0.70783317 -0.70633596
vn 0.00000000 -0.70709604 -0.70711750
vn 0.00785498 -0.70783317 -0.70633596
vn 0.00785498 -0.70783317 -0.70633596
vn 0.47986409 -0.73448014 -0.47986394
vn 0.47986409 -0.73448014 -0.47986394
vn 0.47986409 -0.73448014 -0.47986394
vn 0.00785498 -0.70783317 -0.70633596
vn 0.00000000 -0.70709604 -0.70711750
vn 0.00000000 -0.70709604 -0.70711750
vn 0.00785498 -0.70783317 -0.70633596
vn -0.00785498 -0.70787656 -0.70629245
vn 0.00000000 -0.70709604 -0.70711750
vn 0.00000000 -0.70709604 -0.70711750
vn 0.00000000 -0.70709604 -0.70711750
vn -0.00785498 -0.70787656 -0.70629245
vn -0.00785498 -0.70787656 -0.70629245
vn -0.47985774 -0.73452222 -0.47980586
vn -0.00785498 -0.70787656 -0.70629245
vn -0.00785498 -0.70787656 -0.70629245
vn -0.00785498 -0.70787656 -0.70629245
vn -0.47985774 -0.73452222 -0.47980586
vn -0.47985774 -0.73452222 -0.47980586
vn -0.01864248 -0.64283675 -0.76577634
vn -0.01489693 -0.53516400 -0.84461683
vn -0.03487319 -0.56129378 -0.82688159
vn -0.03487319 -0.56129378 -0.82688159
vn -0.04617526 -0.63362485 -0.77226120
vn -0.01864248 -0.64283675 -0.76577634
vn -0.02398209 -0.31257275 -0.94959104
vn -0.03487319 -0.56129378 -0.82688159
vn -0.01489693 -0.53516400 -0.84461683
vn -0.00692376 -0.52596921 -0.85047543
vn -0.01489693 -0.53516400 -0.84461683
vn -0.01864248 -0.64283675 -0.76577634
vn -0.01864248 -0.64283675 -0.76577634
vn -0.00890484 -0.63546163 -0.77208114
vn -0.00692376 -0.52596921 -0.85047543
vn -0.01489693 -0.53516400 -0.84461683
vn -0.00734568 -0.28898597 -0.95730513
vn -0.02398209 -0.31257275 -0.94959104
vn -0.01904646 -0.08764429 -0.99596971
vn -0.02398209 -0.31257275 -0.94959104
vn -0.00734568 -0.28898597 -0.95730513
vn -0.01489693 -0.53516400 -0.84461683
vn -0.00692376 -0.52596921 -0.85047543
vn -0.00334258 -0.28186363 -0.95944864
vn -0.00334258 -0.28186363 -0.95944864
vn -0.00734568 -0.28898597 -0.95730513
vn -0.01489693 -0.53516400 -0.84461683
vn 0.00692367 -0.52591980 -0.85050595
vn -0.00692376 -0.52596921 -0.85047543
vn -0.00890484 -0.63546163 -0.77208114
vn -0.00890484 -0.63546163 -0.77208114
vn 0.00877424 -0.63535172 -0.77217305
vn 0.00692367 -0.52591980 -0.85050595
vn 0.00692367 -0.52591980 -0.85050595
vn 0.00877424 -0.63535172 -0.77217305
vn 0.01864237 -0.64278966 -0.76581585
vn -0.00692376 -0.52596921 -0.85047543
vn 0.00692367 -0.52591980 -0.85050595
vn 0.00334258 -0.28186354 -0.95944870
vn 0.00334258 -0.28186354 -0.95944870
vn -0.00334258 -0.28186363 -0.95944864
vn -0.00692376 -0.52596921 -0.85047543
vn 0.01864237 -0.64278966 -0.76581585
vn 0.01489674 -0.53511423 -0.84464836
vn 0.00692367 -0.52591980 -0.85050595
vn 0.00334258 -0.28186354 -0.95944870
vn 0.00692367 -0.52591980 -0.85050595
vn 0.01489674 -0.53511423 -0.84464836
vn 0.03385496 -0.56179732 -0.82658190
vn 0.01489674 -0.53511423 -0.84464836
vn 0.01864237 -0.64278966 -0.76581585
vn 0.01864237 -0.64278966 -0.76581585
vn 0.04526622 -0.63432503 -0.77174008
vn 0.03385496 -0.56179732 -0.82658190
vn 0.01489674 -0.53511423 -0.84464836
vn 0.03385496 -0.56179732 -0.82658190
vn 0.02322437 -0.31268623 -0.94957250
vn 0.02322437 -0.31268623 -0.94957250
vn 0.00734549 -0.28894028 -0.95731896
vn 0.01489674 -0.53511423 -0.84464836
vn 0.01489674 -0.53511423 -0.84464836
vn 0.00734549 -0.28894028 -0.95731896
vn 0.00334258 -0.28186354 -0.95944870
vn 0.00734549 -0.28894028 -0.95731896
vn 0.02322437 -0.31268623 -0.94957250
vn 0.01884084 -0.08762693 -0.99597520
vn -0.00072570 -0.08367072 -0.99649322
vn -0.00334258 -0.28186363 -0.95944864
vn 0.00334258 -0.28186354 -0.95944870
vn -0.00734568 -0.28898597 -0.95730513
vn -0.00334258 -0.28186363 -0.95944864
vn -0.00072570 -0.08367072 -0.99649322
vn 0.00072567 -0.08363523 -0.99649620
vn 0.00334258 -0.28186354 -0.95944870
vn 0.00734549 -0.28894028 -0.95731896
vn 0.00334258 -0.28186354 -0.95944870
vn 0.00072567 -0.08363523 -0.99649620
vn -0.00072570 -0.08367072 -0.99649322
vn 0.01884084 -0.08762693 -0.99597520
vn 0.00162049 -0.08573834 -0.99631637
vn 0.00734549 -0.28894028 -0.95731896
vn 0.00734549 -0.28894028 -0.95731896
vn 0.00162049 -0.08573834 -0.99631637
vn 0.00072567 -0.08363523 -0.99649620
vn 0.00162049 -0.08573834 -0.99631637
vn 0.01884084 -0.08762693 -0.99597520
vn 0.01707585 -0.01943190 -0.99966538
vn -0.00072570 -0.08367072 -0.99649322
vn -0.00162063 -0.08584537 -0.99630713
vn -0.00734568 -0.28898597 -0.95730513
vn -0.00734568 -0.28898597 -0.95730513
vn -0.00162063 -0.08584537 -0.99630713
vn -0.01904646 -0.08764429 -0.99596971
vn -0.01707638 -0.01946406 -0.99966472
vn -0.01904646 -0.08764429 -0.99596971
vn -0.00162063 -0.08584537 -0.99630713
vn -0.00162063 -0.08584537 -0.99630713
vn -0.00072570 -0.08367072 -0.99649322
vn -0.00018651 -0.01860526 -0.99982691
vn -0.00018651 -0.01860526 -0.99982691
vn -0.00072570 -0.08367072 -0.99649322
vn 0.00072567 -0.08363523 -0.99649620
vn -0.00162063 -0.08584537 -0.99630713
vn -0.00040438 -0.01905273 -0.99981838
vn -0.01707638 -0.01946406 -0.99966472
vn -0.00018651 -0.01860526 -0.99982691
vn -0.00040438 -0.01905273 -0.99981838
vn -0.00162063 -0.08584537 -0.99630713
vn -0.01707638 -0.01946406 -0.99966472
vn -0.00040438 -0.01905273 -0.99981838
vn -0.00017568 0.04764245 -0.99886441
vn -0.00017568 0.04764245 -0.99886441
vn -0.01713740 0.04874811 -0.99866408
vn -0.01707638 -0.01946406 -0.99966472
vn -0.00040438 -0.01905273 -0.99981838
vn -0.00018651 -0.01860526 -0.99982691
vn -0.00007976 0.04637063 -0.99892431
vn -0.00007976 0.04637063 -0.99892431
vn -0.00017568 0.04764245 -0.99886441
vn -0.00040438 -0.01905273 -0.99981838
vn 0.00072567 -0.08363523 -0.99649620
vn 0.00018651 -0.01857354 -0.99982750
vn -0.00018651 -0.01860526 -0.99982691
vn 0.00018651 -0.01857354 -0.99982750
vn 0.00072567 -0.08363523 -0.99649620
vn 0.00162049 -0.08573834 -0.99631637
vn -0.00018651 -0.01860526 -0.99982691
vn 0.00018651 -0.01857354 -0.99982750
vn 0.00004785 0.04640247 -0.99892282
vn 0.00004785 0.04640247 -0.99892282
vn -0.00007976 0.04637063 -0.99892431
vn -0.00018651 -0.01860526 -0.99982691
vn 0.00162049 -0.08573834 -0.99631637
vn 0.00040436 -0.01902099 -0.99981898
vn 0.00018651 -0.01857354 -0.99982750
vn 0.00004785 0.04640247 -0.99892282
vn 0.00018651 -0.01857354 -0.99982750
vn 0.00040436 -0.01902099 -0.99981898
vn 0.01707585 -0.01943190 -0.99966538
vn 0.00040436 -0.01902099 -0.99981898
vn 0.00162049 -0.08573834 -0.99631637
vn -0.01713740 0.04874811 -0.99866408
vn -0.00017568 0.04764245 -0.99886441
vn -0.00100884 0.08661301 -0.99624151
vn -0.00100884 0.08661301 -0.99624151
vn -0.00017568 0.04764245 -0.99886441
vn -0.00007976 0.04637063 -0.99892431
vn -0.00100884 0.08661301 -0.99624151
vn -0.01813725 0.08745879 -0.99600303
vn -0.01713740 0.04874811 -0.99866408
vn 0.00014374 0.04767432 -0.99886292
vn 0.00040436 -0.01902099 -0.99981898
vn 0.01707585 -0.01943190 -0.99966538
vn 0.00040436 -0.01902099 -0.99981898
vn 0.00014374 0.04767432 -0.99886292
vn 0.00004785 0.04640247 -0.99892282
vn 0.01707585 -0.01943190 -0.99966538
vn 0.01710490 0.04878054 -0.99866307
vn 0.00014374 0.04767432 -0.99886292
vn 0.00097577 0.08664584 -0.99623871
vn 0.00014374 0.04767432 -0.99886292
vn 0.01710490 0.04878054 -0.99866307
vn 0.00004785 0.04640247 -0.99892282
vn 0.00014374 0.04767432 -0.99886292
vn 0.00097577 0.08664584 -0.99623871
vn 0.01710490 0.04878054 -0.99866307
vn 0.01810359 0.08749221 -0.99600071
vn 0.00097577 0.08664584 -0.99623871
vn 0.00097577 0.08664584 -0.99623871
vn 0.00041246 0.08439020 -0.99643272
vn 0.00004785 0.04640247 -0.99892282
vn -0.00007976 0.04637063 -0.99892431
vn 0.00004785 0.04640247 -0.99892282
vn 0.00041246 0.08439020 -0.99643272
vn 0.00237715 0.12643564 -0.99197197
vn 0.00097577 0.08664584 -0.99623871
vn 0.01810359 0.08749221 -0.99600071
vn 0.00041246 0.08439020 -0.99643272
vn 0.00097577 0.08664584 -0.99623871
vn 0.00237715 0.12643564 -0.99197197
vn 0.01810359 0.08749221 -0.99600071
vn 0.01960942 0.12926219 -0.99141651
vn 0.00237715 0.12643564 -0.99197197
vn 0.00041246 0.08439020 -0.99643272
vn -0.00044546 0.08435743 -0.99643546
vn -0.00007976 0.04637063 -0.99892431
vn -0.00007976 0.04637063 -0.99892431
vn -0.00044546 0.08435743 -0.99643546
vn -0.00100884 0.08661301 -0.99624151
vn 0.00237715 0.12643564 -0.99197197
vn 0.00107342 0.12317257 -0.99238467
vn 0.00041246 0.08439020 -0.99643272
vn -0.00044546 0.08435743 -0.99643546
vn 0.00041246 0.08439020 -0.99643272
vn 0.00107342 0.12317257 -0.99238467
vn 0.00625488 0.24882992 -0.96852702
vn 0.00237715 0.12643564 -0.99197197
vn 0.01960942 0.12926219 -0.99141651
vn 0.00107342 0.12317257 -0.99238467
vn 0.00237715 0.12643564 -0.99197197
vn 0.00625488 0.24882992 -0.96852702
vn 0.01960942 0.12926219 -0.99141651
vn 0.02315541 0.26065609 -0.96515399
vn 0.00625488 0.24882992 -0.96852702
vn -0.00241143 0.12640190 -0.99197620
vn -0.00100884 0.08661301 -0.99624151
vn -0.00044546 0.08435743 -0.99643546
vn -0.01813725 0.08745879 -0.99600303
vn -0.00100884 0.08661301 -0.99624151
vn -0.00241143 0.12640190 -0.99197620
vn -0.00241143 0.12640190 -0.99197620
vn -0.01957337 0.12921914 -0.99142289
vn -0.01813725 0.08745879 -0.99600303
vn -0.00044546 0.08435743 -0.99643546
vn -0.00120986 0.12315150 -0.99238712
vn -0.00241143 0.12640190 -0.99197620
vn 0.00107342 0.12317257 -0.99238467
vn -0.00120986 0.12315150 -0.99238712
vn -0.00044546 0.08435743 -0.99643546
vn -0.01957337 0.12921914 -0.99142289
vn -0.00241143 0.12640190 -0.99197620
vn -0.00629220 0.24879488 -0.96853578
vn -0.00629220 0.24879488 -0.96853578
vn -0.00241143 0.12640190 -0.99197620
vn -0.00120986 0.12315150 -0.99238712
vn -0.00629220 0.24879488 -0.96853578
vn -0.02265184 0.26071477 -0.96515012
vn -0.01957337 0.12921914 -0.99142289
vn -0.00294998 0.24287929 -0.97005206
vn -0.00120986 0.12315150 -0.99238712
vn 0.00107342 0.12317257 -0.99238467
vn -0.00120986 0.12315150 -0.99238712
vn -0.00294998 0.24287929 -0.97005206
vn -0.00629220 0.24879488 -0.96853578
vn -0.02265184 0.26071477 -0.96515012
vn -0.00629220 0.24879488 -0.96853578
vn -0.01282692 0.45457983 -0.89061362
vn -0.01282692 0.45457983 -0.89061362
vn -0.00629220 0.24879488 -0.96853578
vn -0.00294998 0.24287929 -0.97005206
vn -0.01282692 0.45457983 -0.89061362
vn -0.02990990 0.48561642 -0.87366021
vn -0.02265184 0.26071477 -0.96515012
vn -0.02990990 0.48561642 -0.87366021
vn -0.01282692 0.45457983 -0.89061362
vn -0.01758605 0.60080314 -0.79920352
vn -0.01758605 0.60080314 -0.79920352
vn -0.03954565 0.59537804 -0.80247188
vn -0.02990990 0.48561642 -0.87366021
vn -0.01758605 0.60080314 -0.79920352
vn -0.01282692 0.45457983 -0.89061362
vn -0.00614601 0.44586435 -0.89507943
vn -0.00294998 0.24287929 -0.97005206
vn -0.00614601 0.44586435 -0.89507943
vn -0.01282692 0.45457983 -0.89061362
vn -0.00614601 0.44586435 -0.89507943
vn -0.00856437 0.59282786 -0.80528367
vn -0.01758605 0.60080314 -0.79920352
vn -0.00856437 0.59282786 -0.80528367
vn -0.00614601 0.44586435 -0.89507943
vn 0.00598100 0.44589779 -0.89506394
vn 0.00598100 0.44589779 -0.89506394
vn -0.00614601 0.44586435 -0.89507943
vn -0.00294998 0.24287929 -0.97005206
vn 0.00598100 0.44589779 -0.89506394
vn 0.00852123 0.59285593 -0.80526346
vn -0.00856437 0.59282786 -0.80528367
vn 0.01745398 0.60054851 -0.79939777
vn 0.00852123 0.59285593 -0.80526346
vn 0.00598100 0.44589779 -0.89506394
vn -0.00294998 0.24287929 -0.97005206
vn 0.00283844 0.24294055 -0.97003704
vn 0.00598100 0.44589779 -0.89506394
vn 0.00107342 0.12317257 -0.99238467
vn 0.00283844 0.24294055 -0.97003704
vn -0.00294998 0.24287929 -0.97005206
vn 0.00625488 0.24882992 -0.96852702
vn 0.00283844 0.24294055 -0.97003704
vn 0.00107342 0.12317257 -0.99238467
vn 0.01278525 0.45461297 -0.89059734
vn 0.00598100 0.44589779 -0.89506394
vn 0.00283844 0.24294055 -0.97003704
vn 0.00283844 0.24294055 -0.97003704
vn 0.00625488 0.24882992 -0.96852702
vn 0.01278525 0.45461297 -0.89059734
vn 0.00598100 0.44589779 -0.89506394
vn 0.01278525 0.45461297 -0.89059734
vn 0.01745398 0.60054851 -0.79939777
vn 0.01278525 0.45461297 -0.89059734
vn 0.00625488 0.24882992 -0.96852702
vn 0.02315541 0.26065609 -0.96515399
vn 0.02315541 0.26065609 -0.96515399
vn 0.03064368 0.48535722 -0.87377876
vn 0.01278525 0.45461297 -0.89059734
vn 0.01745398 0.60054851 -0.79939777
vn 0.01278525 0.45461297 -0.89059734
vn 0.03064368 0.48535722 -0.87377876
vn 0.03064368 0.48535722 -0.87377876
vn 0.04035154 0.59465194 -0.80296999
vn 0.01745398 0.60054851 -0.79939777
vn 0.00000000 -0.00001538 -1.00000000
vn 0.00000000 -0.00001538 -1.00000000
vn 0.00000000 -0.00001538 -1.00000000
vn 0.00000000 -0.00001538 -1.00000000
vn 0.00000000 -0.00001538 -1.00000000
vn 0.00000000 -0.00001538 -1.00000000
vn 0.00000000 -0.00001538 -1.00000000
vn 0.00000000 -0.00001538 -1.00000000
vn 0.00000000 -0.00001538 -1.00000000
vn 0.00000000 -0.00001538 -1.00000000
vn 0.00000000 -0.00001538 -1.00000000
vn 0.00000000 -0.00001538 -1.00000000
vn -0.00001526 1.00000000 0.00001514
vn -0.00001526 1.00000000 0.00001514
vn -0.00001526 1.00000000 0.00001514
vn -0.00001526 1.00000000 0.00001514
vn -0.00001526 1.00000000 0.00001514
vn -0.00001526 1.00000000 0.00001514
vn -0.00001526 1.00000000 0.00001514
vn -0.00001526 1.00000000 0.00001514
vn -0.00001526 1.00000000 0.00001514
vn -0.00001526 1.00000000 0.00001514
vn -0.00001526 1.00000000 0.00001514
vn -0.00001526 1.00000000 0.00001514
vn -0.00001526 1.00000000 0.00001514
vn -0.00001526 1.00000000 0.00001514
vn -0.00001526 1.00000000 0.00001514
vn -0.00001526 1.00000000 0.00001514
vn -0.00001526 1.00000000 0.00001514
vn -0.00001526 1.00000000 0.00001514
vn -0.00001526 1.00000000 0.00001514
vn -0.00001526 1.00000000 0.00001514
vn -0.00001526 1.00000000 0.00001514
vn -0.00001526 1.00000000 0.00001514
vn -0.00001526 1.00000000 0.00001514
vn -0.00001526 1.00000000 0.00001514
vn -0.00001526 1.00000000 0.00001514
vn -0.00001526 1.00000000 0.00001514
vn -0.00001526 1.00000000 0.00001514
vn -0.00001526 1.00000000 0.00001514
vn -0.00001526 1.00000000 0.00001514
vn -0.00001526 1.00000000 0.00001514
vn 0.00000000 -0.00001538 -1.00000000
vn 0.00000000 -0.00001538 -1.00000000
vn 0.00000000 -0.00001538 -1.00000000
vn -0.38267228 -0.00001983 0.92388415
vn -0.38267228 -0.00001983 0.92388415
vn -0.73855925 -0.00002148 0.67418855
vn -0.73855925 -0.00002148 0.67418855
vn -0.73858070 -0.00006459 0.67416501
vn -0.38267228 -0.00001983 0.92388415
vn -0.73858070 -0.00006459 0.67416501
vn -0.73855925 -0.00002148 0.67418855
vn -0.99926633 0.00001584 0.03829871
vn -0.99926633 0.00001584 0.03829871
vn -0.99926692 -0.00004749 0.03828351
vn -0.73858070 -0.00006459 0.67416501
vn -0.99926692 -0.00004749 0.03828351
vn -0.99926633 0.00001584 0.03829871
vn -0.99926698 -0.00001590 -0.03828230
vn -0.99926698 -0.00001590 -0.03828230
vn -0.99926698 -0.00001590 -0.03828230
vn -0.99926692 -0.00004749 0.03828351
vn -0.99926698 -0.00001590 -0.03828230
vn -0.99926698 -0.00001590 -0.03828230
vn -0.73860031 -0.00002164 -0.67414355
vn -0.73860031 -0.00002164 -0.67414355
vn -0.73860031 -0.00002164 -0.67414355
vn -0.99926698 -0.00001590 -0.03828230
vn -0.73860031 -0.00002164 -0.67414355
vn -0.73860031 -0.00002164 -0.67414355
vn -0.38269636 0.00001975 -0.92387420
vn -0.38269636 0.00001975 -0.92387420
vn -0.38269636 0.00001975 -0.92387420
vn -0.73860031 -0.00002164 -0.67414355
vn -1.00000000 -0.00001526 0.00000000
vn -1.00000000 -0.00001526 0.00000000
vn -1.00000000 -0.00001526 0.00000000
vn -1.00000000 -0.00001526 0.00000000
vn -1.00000000 -0.00001526 0.00000000
vn -1.00000000 -0.00001526 0.00000000
vn 0.00000000 -1.00000000 0.00000012
vn -0.00003052 -1.00000000 0.00000012
vn -0.00003052 -1.00000000 0.00000012
vn -0.00003052 -1.00000000 0.00000012
vn 0.00000000 -1.00000000 0.00000012
vn 0.00000000 -1.00000000 0.00000012
vn -0.00003052 -1.00000000 0.00000012
vn -0.00003052 -1.00000000 0.00000012
vn -0.00003052 -1.00000000 0.00000012
vn -0.00003052 -1.00000000 0.00000012
vn -0.00003052 -1.00000000 0.00000012
vn -0.00003052 -1.00000000 0.00000012
vn -0.00003052 -1.00000000 0.00000012
vn -0.00003052 -1.00000000 0.00000012
vn -0.00003052 -1.00000000 0.00000012
vn -0.00003052 -1.00000000 0.00000012
vn -0.00003052 -1.00000000 0.00000012
vn -0.00003052 -1.00000000 0.00000012
vn -0.00003052 -1.00000000 0.00000012
vn -0.00003052 -1.00000000 0.00000012
vn 0.00003052 -1.00000000 0.00000012
vn 0.00003052 -1.00000000 0.00000012
vn 0.00003052 -1.00000000 0.00000012
vn -0.00003052 -1.00000000 0.00000012
vn 0.00003052 -1.00000000 0.00000012
vn 0.00003052 -1.00000000 0.00000012
vn 0.00003052 -1.00000000 0.00000012
vn 0.00003052 -1.00000000 0.00000012
vn 0.00003052 -1.00000000 0.00000012
vn 0.00003052 -1.00000000 0.00000012
vn -0.70710683 -0.00006466 0.70710677
vn -0.70710683 -0.00006466 0.70710677
vn -0.99858803 -0.00004814 0.05312151
vn -0.99858803 -0.00004814 0.05312151
vn -0.99858803 -0.00004814 0.05312151
vn -0.70710683 -0.00006466 0.70710677
vn -0.99858719 0.00004820 -0.05313830
vn -0.99858803 -0.00004814 0.05312151
vn -0.99858803 -0.00004814 0.05312151
vn -0.99858803 -0.00004814 0.05312151
vn -0.99858814 -0.00001599 -0.05311980
vn -0.99858719 0.00004820 -0.05313830
vn -0.99858719 0.00004820 -0.05313830
vn -0.99858814 -0.00001599 -0.05311980
vn -0.70712841 -0.00002166 -0.70708519
vn -0.70712841 -0.00002166 -0.70708519
vn -0.70712841 -0.00002166 -0.70708519
vn -0.99858719 0.00004820 -0.05313830
vn -0.00001526 1.00000000 0.00001514
vn -0.00001526 1.00000000 0.00001514
vn -0.00001526 1.00000000 0.00001514
vn -0.00001526 1.00000000 0.00001514
vn -0.00001526 1.00000000 0.00001514
vn -0.00001526 1.00000000 0.00001514
vn -0.00001526 1.00000000 0.00001514
vn -0.00001526 1.00000000 0.00001514
vn -0.00001526 1.00000000 0.00001514
vn -0.00001526 1.00000000 0.00001514
vn -0.00001526 1.00000000 0.00001514
vn -0.00001526 1.00000000 0.00001514
vn -0.00001526 1.00000000 0.00001514
vn -0.00001526 1.00000000 0.00001514
vn -0.00001526 1.00000000 0.00001514
vn -0.00001526 1.00000000 0.00001514
vn -0.00001526 1.00000000 0.00001514
vn -0.00001526 1.00000000 0.00001514
vn -0.00001526 1.00000000 0.00001514
vn -0.00001526 1.00000000 0.00001514
vn -0.00001526 1.00000000 0.00001514
vn -0.00001526 1.00000000 0.00001514
vn -0.00001526 1.00000000 0.00001514
vn -0.00001526 1.00000000 0.00001514
vn -0.00001526 1.00000000 0.00001514
vn -0.00001526 1.00000000 0.00001514
vn -0.00001526 1.00000000 0.00001514
vn -0.00001526 1.00000000 0.00001514
vn -0.00001526 1.00000000 0.00001514
vn -0.00001526 1.00000000 0.00001514
vn -0.38267228 -0.00001983 0.92388415
vn -0.38267228 -0.00001983 0.92388415
vn -0.73858070 -0.00006459 0.67416501
vn -0.73858070 -0.00006459 0.67416501
vn -0.73858070 -0.00006459 0.67416501
vn -0.38267228 -0.00001983 0.92388415
vn -0.73858070 -0.00006459 0.67416501
vn -0.73858070 -0.00006459 0.67416501
vn -0.99926823 -0.00001583 0.03824947
vn -0.99926823 -0.00001583 0.03824947
vn -0.99926692 -0.00004749 0.03828351
vn -0.73858070 -0.00006459 0.67416501
vn -0.99926692 -0.00004756 -0.03828351
vn -0.99926692 -0.00004749 0.03828351
vn -0.99926823 -0.00001583 0.03824947
vn -0.99926823 -0.00001583 0.03824947
vn -0.99926698 -0.00001590 -0.03828230
vn -0.99926692 -0.00004756 -0.03828351
vn -0.99926692 -0.00004756 -0.03828351
vn -0.99926698 -0.00001590 -0.03828230
vn -0.73860031 -0.00002164 -0.67414355
vn -0.73860031 -0.00002164 -0.67414355
vn -0.73860031 -0.00002164 -0.67414355
vn -0.99926692 -0.00004756 -0.03828351
vn -0.73860031 -0.00002164 -0.67414355
vn -0.73860031 -0.00002164 -0.67414355
vn -0.38269636 0.00001975 -0.92387420
vn -0.38269636 0.00001975 -0.92387420
vn -0.38269636 0.00001975 -0.92387420
vn -0.73860031 -0.00002164 -0.67414355
vn -1.00000000 -0.00001526 0.00000000
vn -1.00000000 -0.00001526 0.00000000
vn -1.00000000 -0.00001526 0.00000000
vn -1.00000000 -0.00001526 0.00000000
vn -1.00000000 -0.00001526 0.00000000
vn -1.00000000 -0.00001526 0.00000000
vn -0.00003052 -1.00000000 0.00000012
vn -0.00003052 -1.00000000 0.00000012
vn -0.00003052 -1.00000000 0.00000012
vn -0.00003052 -1.00000000 0.00000012
vn -0.00003052 -1.00000000 0.00000012
vn -0.00003052 -1.00000000 0.00000012
vn 0.00003052 -1.00000000 -0.00003040
vn -0.00003052 -1.00000000 0.00000012
vn -0.00003052 -1.00000000 0.00000012
vn -0.00003052 -1.00000000 0.00000012
vn 0.00003052 -1.00000000 -0.00003040
vn 0.00003052 -1.00000000 -0.00003040
vn 0.00003052 -1.00000000 -0.00003040
vn 0.00003052 -1.00000000 -0.00003040
vn 0.00000000 -1.00000000 0.00003064
vn 0.00000000 -1.00000000 0.00003064
vn 0.00000000 -1.00000000 0.00003064
vn 0.00003052 -1.00000000 -0.00003040
vn 0.00000000 -1.00000000 0.00003064
vn 0.00000000 -1.00000000 0.00003064
vn 0.00003052 -1.00000000 -0.00003040
vn 0.00003052 -1.00000000 -0.00003040
vn 0.00003052 -1.00000000 -0.00003040
vn 0.00000000 -1.00000000 0.00003064
vn 0.00003052 -1.00000000 -0.00003040
vn 0.00003052 -1.00000000 -0.00003040
vn 0.00003052 -1.00000000 -0.00003040
vn 0.00003052 -1.00000000 -0.00003040
vn 0.00003052 -1.00000000 -0.00003040
vn 0.00003052 -1.00000000 -0.00003040
vn -0.70710683 -0.00006466 0.70710677
vn -0.70710683 -0.00006466 0.70710677
vn -0.99858797 -0.00008024 0.05312321
vn -0.99858797 -0.00008024 0.05312321
vn -0.99858803 -0.00004814 0.05312151
vn -0.70710683 -0.00006466 0.70710677
vn -0.99858814 -0.00001599 -0.05311980
vn -0.99858803 -0.00004814 0.05312151
vn -0.99858797 -0.00008024 0.05312321
vn -0.99858797 -0.00008024 0.05312321
vn -0.99858814 -0.00001599 -0.05311980
vn -0.99858814 -0.00001599 -0.05311980
vn -0.99858814 -0.00001599 -0.05311980
vn -0.99858814 -0.00001599 -0.05311980
vn -0.70712841 -0.00002166 -0.70708519
vn -0.70712841 -0.00002166 -0.70708519
vn -0.70712841 -0.00002166 -0.70708519
vn -0.99858814 -0.00001599 -0.05311980
vn 0.00000000 -0.00001538 -1.00000000
vn 0.00000000 -0.00001538 -1.00000000
vn 0.00000000 -0.00001538 -1.00000000
vn 0.00000000 -0.00001538 -1.00000000
vn 0.00000000 -0.00001538 -1.00000000
vn 0.00000000 -0.00001538 -1.00000000
vn 0.06240146 -0.99805111 0.00009721
vn 0.06239744 -0.99805140 0.00003248
vn 0.03867707 -0.99925178 0.00003179
vn 0.06239744 -0.99805140 0.00003248
vn 0.06240146 -0.99805111 0.00009721
vn 0.49347070 -0.86976242 0.00004171
vn 0.49347070 -0.86976242 0.00004171
vn 0.49347070 -0.86976242 0.00004171
vn 0.06239744 -0.99805140 0.00003248
vn 0.03867707 -0.99925178 0.00003179
vn 0.03857852 -0.99925560 0.00003179
vn 0.06240146 -0.99805111 0.00009721
vn 0.03857852 -0.99925560 0.00003179
vn 0.03867707 -0.99925178 0.00003179
vn 0.01176365 -0.99993080 -0.00003076
vn 0.01176365 -0.99993080 -0.00003076
vn 0.01163873 -0.99993229 -0.00003075
vn 0.03857852 -0.99925560 0.00003179
vn 0.01163873 -0.99993229 -0.00003075
vn 0.01176365 -0.99993080 -0.00003076
vn -0.01160721 -0.99993265 0.00000012
vn -0.01160721 -0.99993265 0.00000012
vn -0.01173212 -0.99993116 0.00000012
vn 0.01163873 -0.99993229 -0.00003075
vn -0.01173212 -0.99993116 0.00000012
vn -0.01160721 -0.99993265 0.00000012
vn -0.03861014 -0.99925435 0.00000012
vn -0.03861014 -0.99925435 0.00000012
vn -0.03870870 -0.99925053 0.00000012
vn -0.01173212 -0.99993116 0.00000012
vn -0.03870870 -0.99925053 0.00000012
vn -0.03861014 -0.99925435 0.00000012
vn -0.06242973 -0.99804938 0.00000012
vn -0.06242973 -0.99804938 0.00000012
vn -0.06242973 -0.99804938 0.00000012
vn -0.03870870 -0.99925053 0.00000012
vn -0.49350217 -0.86974460 0.00000010
vn -0.06242973 -0.99804938 0.00000012
vn -0.06242973 -0.99804938 0.00000012
vn -0.06242973 -0.99804938 0.00000012
vn -0.49350217 -0.86974460 0.00000010
vn -0.49350217 -0.86974460 0.00000010
vn -0.00001526 1.00000000 0.00001514
vn -0.00001526 1.00000000 0.00001514
vn -0.00001526 1.00000000 0.00001514
vn -0.00001526 1.00000000 0.00001514
vn -0.00001526 1.00000000 0.00001514
vn -0.00001526 1.00000000 0.00001514
vn -0.00001526 1.00000000 0.00001514
vn -0.00001526 1.00000000 0.00001514
vn -0.00001526 1.00000000 0.00001514
vn -0.00001526 1.00000000 0.00001514
vn -0.00001526 1.00000000 0.00001514
vn -0.00001526 1.00000000 0.00001514
vn -0.00001526 1.00000000 0.00001514
vn -0.00001526 1.00000000 0.00001514
vn -0.00001526 1.00000000 0.00001514
vn -0.00001526 1.00000000 0.00001514
vn -0.00001526 1.00000000 0.00001514
vn -0.00001526 1.00000000 0.00001514
vn -0.00001526 1.00000000 0.00001514
vn -0.00001526 1.00000000 0.00001514
vn -0.00001526 1.00000000 0.00001514
vn -0.00001526 1.00000000 0.00001514
vn -0.00001526 1.00000000 0.00001514
vn -0.00001526 1.00000000 0.00001514
vn -0.00001526 1.00000000 0.00001514
vn -0.00001526 1.00000000 0.00001514
vn -0.00001526 1.00000000 0.00001514
vn -0.00001526 1.00000000 0.00001514
vn -0.00001526 1.00000000 0.00001514
vn -0.00001526 1.00000000 0.00001514
vn -0.38267228 -0.00001983 0.92388415
vn -0.38267228 -0.00001983 0.92388415
vn -0.73858070 -0.00006459 0.67416501
vn -0.73858070 -0.00006459 0.67416501
vn -0.73858070 -0.00006459 0.67416501
vn -0.38267228 -0.00001983 0.92388415
vn -0.73858070 -0.00006459 0.67416501
vn -0.73858070 -0.00006459 0.67416501
vn -0.99926686 -0.00007916 0.03828472
vn -0.99926686 -0.00007916 0.03828472
vn -0.99926692 -0.00004749 0.03828351
vn -0.73858070 -0.00006459 0.67416501
vn -0.99926698 -0.00001590 -0.03828230
vn -0.99926692 -0.00004749 0.03828351
vn -0.99926686 -0.00007916 0.03828472
vn -0.99926686 -0.00007916 0.03828472
vn -0.99926698 -0.00001590 -0.03828230
vn -0.99926698 -0.00001590 -0.03828230
vn -0.99926698 -0.00001590 -0.03828230
vn -0.99926698 -0.00001590 -0.03828230
vn -0.73860031 -0.00002164 -0.67414355
vn -0.73860031 -0.00002164 -0.67414355
vn -0.73857981 0.00002148 -0.67416608
vn -0.99926698 -0.00001590 -0.03828230
vn -0.73857981 0.00002148 -0.67416608
vn -0.73860031 -0.00002164 -0.67414355
vn -0.38269636 0.00001975 -0.92387420
vn -0.38269636 0.00001975 -0.92387420
vn -0.38269636 0.00001975 -0.92387420
vn -0.73857981 0.00002148 -0.67416608
vn -1.00000000 -0.00001526 0.00000000
vn -1.00000000 -0.00001526 0.00000000
vn -1.00000000 -0.00001526 0.00000000
vn -1.00000000 -0.00001526 0.00000000
vn -1.00000000 -0.00001526 0.00000000
vn -1.00000000 -0.00001526 0.00000000
vn 0.00000000 -1.00000000 0.00000012
vn -0.00003052 -1.00000000 0.00000012
vn -0.00003052 -1.00000000 0.00000012
vn -0.00003052 -1.00000000 0.00000012
vn 0.00000000 -1.00000000 0.00000012
vn 0.00000000 -1.00000000 0.00000012
vn -0.00003052 -1.00000000 0.00000012
vn -0.00003052 -1.00000000 0.00000012
vn -0.00003052 -1.00000000 0.00000012
vn -0.00003052 -1.00000000 0.00000012
vn -0.00003052 -1.00000000 0.00000012
vn -0.00003052 -1.00000000 0.00000012
vn -0.00003052 -1.00000000 0.00000012
vn -0.00003052 -1.00000000 0.00000012
vn 0.00000000 -1.00000000 0.00003064
vn 0.00000000 -1.00000000 0.00003064
vn 0.00000000 -1.00000000 0.00003064
vn -0.00003052 -1.00000000 0.00000012
vn 0.00000000 -1.00000000 0.00003064
vn 0.00000000 -1.00000000 0.00003064
vn 0.00003052 -1.00000000 -0.00003040
vn 0.00003052 -1.00000000 -0.00003040
vn 0.00003052 -1.00000000 -0.00003040
vn 0.00000000 -1.00000000 0.00003064
vn 0.00003052 -1.00000000 -0.00003040
vn 0.00003052 -1.00000000 -0.00003040
vn 0.00003052 -1.00000000 -0.00003040
vn 0.00003052 -1.00000000 -0.00003040
vn 0.00003052 -1.00000000 -0.00003040
vn 0.00003052 -1.00000000 -0.00003040
vn -0.70710683 -0.00006466 0.70710677
vn -0.70710683 -0.00006466 0.70710677
vn -0.99858803 -0.00004814 0.05312151
vn -0.99858803 -0.00004814 0.05312151
vn -0.99858803 -0.00004814 0.05312151
vn -0.70710683 -0.00006466 0.70710677
vn -0.99858814 -0.00001599 -0.05311980
vn -0.99858803 -0.00004814 0.05312151
vn -0.99858803 -0.00004814 0.05312151
vn -0.99858803 -0.00004814 0.05312151
vn -0.99858814 -0.00001599 -0.05311980
vn -0.99858814 -0.00001599 -0.05311980
vn -0.99858814 -0.00001599 -0.05311980
vn -0.99858814 -0.00001599 -0.05311980
vn -0.70712841 -0.00002166 -0.70708519
vn -0.70712841 -0.00002166 -0.70708519
vn -0.70712841 -0.00002166 -0.70708519
vn -0.99858814 -0.00001599 -0.05311980
vn -0.00001526 1.00000000 0.00001514
vn -0.00001526 1.00000000 0.00001514
vn -0.00001526 1.00000000 0.00001514
vn -0.00001526 1.00000000 0.00001514
vn -0.00001526 1.00000000 0.00001514
vn -0.00001526 1.00000000 0.00001514
vn -0.00001526 1.00000000 0.00001514
vn -0.00001526 1.00000000 0.00001514
vn -0.00001526 1.00000000 0.00001514
vn -0.00001526 1.00000000 0.00001514
vn -0.00001526 1.00000000 0.00001514
vn -0.00001526 1.00000000 0.00001514
vn -0.00001526 1.00000000 0.00001514
vn -0.00001526 1.00000000 0.00001514
vn -0.00001526 1.00000000 0.00001514
vn -0.00001526 1.00000000 0.00001514
vn -0.00001526 1.00000000 0.00001514
vn -0.00001526 1.00000000 0.00001514
vn -0.00001526 1.00000000 0.00001514
vn -0.00001526 1.00000000 0.00001514
vn -0.00001526 1.00000000 0.00001514
vn -0.00001526 1.00000000 0.00001514
vn -0.00001526 1.00000000 0.00001514
vn -0.00001526 1.00000000 0.00001514
vn -0.00001526 1.00000000 0.00001514
vn -0.00001526 1.00000000 0.00001514
vn -0.00001526 1.00000000 0.00001514
vn -0.00001526 1.00000000 0.00001514
vn -0.00001526 1.00000000 0.00001514
vn -0.00001526 1.00000000 0.00001514
vn 0.47980601 -0.73452210 0.47985780
vn 0.47980601 -0.73452210 0.47985780
vn 0.70324302 -0.71011370 0.03446411
vn 0.70324302 -0.71011370 0.03446411
vn 0.70324302 -0.71011370 0.03446411
vn 0.47980601 -0.73452210 0.47985780
vn 0.70324302 -0.71011370 0.03446411
vn 0.70324302 -0.71011370 0.03446411
vn 0.70328742 -0.71006978 -0.03446395
vn 0.70328742 -0.71006978 -0.03446395
vn 0.70328742 -0.71006978 -0.03446395
vn 0.70324302 -0.71011370 0.03446411
vn 0.47986409 -0.73448014 -0.47986394
vn 0.70328742 -0.71006978 -0.03446395
vn 0.70328742 -0.71006978 -0.03446395
vn 0.70328742 -0.71006978 -0.03446395
vn 0.47986409 -0.73448014 -0.47986394
vn 0.47986409 -0.73448014 -0.47986394
vn -0.38267228 -0.00001983 0.92388415
vn -0.38267228 -0.00001983 0.92388415
vn -0.73858070 -0.00006459 0.67416501
vn -0.73858070 -0.00006459 0.67416501
vn -0.73858070 -0.00006459 0.67416501
vn -0.38267228 -0.00001983 0.92388415
vn -0.73858070 -0.00006459 0.67416501
vn -0.73858070 -0.00006459 0.67416501
vn -0.99926686 -0.00007916 0.03828472
vn -0.99926686 -0.00007916 0.03828472
vn -0.99926692 -0.00004749 0.03828351
vn -0.73858070 -0.00006459 0.67416501
vn -0.99926698 -0.00001590 -0.03828230
vn -0.99926692 -0.00004749 0.03828351
vn -0.99926686 -0.00007916 0.03828472
vn -0.99926686 -0.00007916 0.03828472
vn -0.99926698 -0.00001590 -0.03828230
vn -0.99926698 -0.00001590 -0.03828230
vn -0.99926698 -0.00001590 -0.03828230
vn -0.99926698 -0.00001590 -0.03828230
vn -0.73860031 -0.00002164 -0.67414355
vn -0.73860031 -0.00002164 -0.67414355
vn -0.73860031 -0.00002164 -0.67414355
vn -0.99926698 -0.00001590 -0.03828230
vn -0.73860031 -0.00002164 -0.67414355
vn -0.73860031 -0.00002164 -0.67414355
vn -0.38269636 0.00001975 -0.92387420
vn -0.38269636 0.00001975 -0.92387420
vn -0.38269636 0.00001975 -0.92387420
vn -0.73860031 -0.00002164 -0.67414355
vn -1.00000000 -0.00001526 0.00000000
vn -1.00000000 -0.00001526 0.00000000
vn -1.00000000 -0.00001526 0.00000000
vn -1.00000000 -0.00001526 0.00000000
vn -1.00000000 -0.00001526 0.00000000
vn -1.00000000 -0.00001526 0.00000000
vn 0.00000000 -1.00000000 0.00000012
vn 0.00000000 -1.00000000 -0.00003040
vn 0.00000000 -1.00000000 -0.00003040
vn 0.00000000 -1.00000000 -0.00003040
vn 0.00000000 -1.00000000 0.00000012
vn 0.00000000 -1.00000000 0.00000012
vn 0.00003052 -1.00000000 -0.00003040
vn 0.00000000 -1.00000000 -0.00003040
vn 0.00000000 -1.00000000 -0.00003040
vn 0.00000000 -1.00000000 -0.00003040
vn 0.00003052 -1.00000000 -0.00003040
vn 0.00003052 -1.00000000 -0.00003040
vn 0.00000000 -1.00000000 0.00003064
vn 0.00003052 -1.00000000 -0.00003040
vn 0.00003052 -1.00000000 -0.00003040
vn 0.00003052 -1.00000000 -0.00003040
vn 0.00000000 -1.00000000 0.00003064
vn 0.00000000 -1.00000000 0.00003064
vn 0.00000000 -1.00000000 0.00003064
vn 0.00000000 -1.00000000 0.00003064
vn 0.00003052 -1.00000000 -0.00003040
vn 0.00003052 -1.00000000 -0.00003040
vn 0.00003052 -1.00000000 -0.00003040
vn 0.00000000 -1.00000000 0.00003064
vn 0.00003052 -1.00000000 -0.00003040
vn 0.00003052 -1.00000000 -0.00003040
vn 0.00003052 -1.00000000 -0.00003040
vn 0.00003052 -1.00000000 -0.00003040
vn 0.00003052 -1.00000000 -0.00003040
vn 0.00003052 -1.00000000 -0.00003040
vn -0.70710683 -0.00006466 0.70710677
vn -0.70710683 -0.00006466 0.70710677
vn -0.99858797 -0.00008024 0.05312321
vn -0.99858797 -0.00008024 0.05312321
vn -0.99858803 -0.00004814 0.05312151
vn -0.70710683 -0.00006466 0.70710677
vn -0.99858814 -0.00001599 -0.05311980
vn -0.99858803 -0.00004814 0.05312151
vn -0.99858797 -0.00008024 0.05312321
vn -0.99858797 -0.00008024 0.05312321
vn -0.99858814 -0.00001599 -0.05311980
vn -0.99858814 -0.00001599 -0.05311980
vn -0.99858814 -0.00001599 -0.05311980
vn -0.99858814 -0.00001599 -0.05311980
vn -0.70712841 -0.00002166 -0.70708519
vn -0.70712841 -0.00002166 -0.70708519
vn -0.70712841 -0.00002166 -0.70708519
vn -0.99858814 -0.00001599 -0.05311980
vn 0.01874404 -0.99982429 0.00000012
vn 0.01874404 -0.99982429 0.00000012
vn 0.38271323 -0.92386717 0.00000011
vn 0.38271323 -0.92386717 0.00000011
vn 0.38271323 -0.92386717 0.00000011
vn 0.01874404 -0.99982429 0.00000012
vn 0.01874404 -0.99982429 0.00000012
vn 0.01874404 -0.99982429 0.00000012
vn 0.00000000 -1.00000000 0.00000012
vn 0.00000000 -1.00000000 0.00000012
vn 0.00000000 -1.00000000 0.00000012
vn 0.01874404 -0.99982429 0.00000012
vn -0.01874404 -0.99982429 0.00000012
vn 0.00000000 -1.00000000 0.00000012
vn 0.00000000 -1.00000000 0.00000012
vn 0.00000000 -1.00000000 0.00000012
vn -0.01871245 -0.99982488 0.00000012
vn -0.01874404 -0.99982429 0.00000012
vn -0.01874404 -0.99982429 0.00000012
vn -0.01871245 -0.99982488 0.00000012
vn -0.38271323 -0.92386717 0.00000011
vn -0.38271323 -0.92386717 0.00000011
vn -0.38271323 -0.92386717 0.00000011
vn -0.01874404 -0.99982429 0.00000012
vn -1.00000000 -0.00001526 0.00000000
vn -1.00000000 -0.00001526 0.00000000
vn -1.00000000 -0.00001526 0.00000000
vn -1.00000000 -0.00001526 0.00000000
vn -1.00000000 -0.00001526 0.00000000
vn -1.00000000 -0.00001526 0.00000000
vn -0.00001526 1.00000000 0.00001514
vn -0.00001526 1.00000000 0.00001514
vn -0.00001526 1.00000000 0.00001514
vn -0.00001526 1.00000000 0.00001514
vn -0.00001526 1.00000000 0.00001514
vn -0.00001526 1.00000000 0.00001514
vn -0.00001526 1.00000000 0.00001514
vn -0.00001526 1.00000000 0.00001514
vn -0.00001526 1.00000000 0.00001514
vn -0.00001526 1.00000000 0.00001514
vn -0.00001526 1.00000000 0.00001514
vn -0.00001526 1.00000000 0.00001514
vn -0.00001526 1.00000000 0.00001514
vn -0.00001526 1.00000000 0.00001514
vn -0.00001526 1.00000000 0.00001514
vn -0.00001526 1.00000000 0.00001514
vn -0.00001526 1.00000000 0.00001514
vn -0.00001526 1.00000000 0.00001514
vn -0.00001526 1.00000000 0.00001514
vn -0.00001526 1.00000000 0.00001514
vn -0.00001526 1.00000000 0.00001514
vn -0.00001526 1.00000000 0.00001514
vn -0.00001526 1.00000000 0.00001514
vn -0.00001526 1.00000000 0.00001514
vn -0.00001526 1.00000000 0.00001514
vn -0.00001526 1.00000000 0.00001514
vn -0.00001526 1.00000000 0.00001514
vn -0.00001526 1.00000000 0.00001514
vn -0.00001526 1.00000000 0.00001514
vn -0.00001526 1.00000000 0.00001514
vn -0.70711762 -0.70709598 0.00000008
vn -0.70711762 -0.70709598 0.00000008
vn -0.70711762 -0.70709598 0.00000008
vn -0.70711762 -0.70709598 0.00000008
vn -0.70711762 -0.70709598 0.00000008
vn -0.70711762 -0.70709598 0.00000008
vn -0.70712841 -0.00002166 -0.70708519
vn -0.70712841 -0.00002166 -0.70708519
vn -0.38269636 0.00001975 -0.92387420
vn -0.38269636 0.00001975 -0.92387420
vn -0.38269636 0.00001975 -0.92387420
vn -0.70712841 -0.00002166 -0.70708519
vn -0.38267228 -0.00001983 0.92388415
vn -0.38267228 -0.00001983 0.92388415
vn -0.73858070 -0.00006459 0.67416501
vn -0.73858070 -0.00006459 0.67416501
vn -0.73858070 -0.00006459 0.67416501
vn -0.38267228 -0.00001983 0.92388415
vn -0.73858070 -0.00006459 0.67416501
vn -0.73858070 -0.00006459 0.67416501
vn -0.99926573 -0.00001583 0.03831512
vn -0.99926573 -0.00001583 0.03831512
vn -0.99926692 -0.00004749 0.03828351
vn -0.73858070 -0.00006459 0.67416501
vn -0.99926692 -0.00004749 0.03828351
vn -0.99926573 -0.00001583 0.03831512
vn -0.99926698 -0.00001590 -0.03828230
vn -0.99926698 -0.00001590 -0.03828230
vn -0.99926698 -0.00001590 -0.03828230
vn -0.99926692 -0.00004749 0.03828351
vn -0.99926698 -0.00001590 -0.03828230
vn -0.99926698 -0.00001590 -0.03828230
vn -0.73860031 -0.00002164 -0.67414355
vn -0.73860031 -0.00002164 -0.67414355
vn -0.73860031 -0.00002164 -0.67414355
vn -0.99926698 -0.00001590 -0.03828230
vn -0.73860031 -0.00002164 -0.67414355
vn -0.73860031 -0.00002164 -0.67414355
vn -0.38269636 0.00001975 -0.92387420
vn -0.38269636 0.00001975 -0.92387420
vn -0.38269636 0.00001975 -0.92387420
vn -0.73860031 -0.00002164 -0.67414355
vn -1.00000000 -0.00001526 0.00000000
vn -1.00000000 -0.00001526 0.00000000
vn -1.00000000 -0.00001526 0.00000000
vn -1.00000000 -0.00001526 0.00000000
vn -1.00000000 -0.00001526 0.00000000
vn -1.00000000 -0.00001526 0.00000000
vn 0.00000000 -1.00000000 0.00000012
vn 0.00000000 -1.00000000 0.00000012
vn 0.00000000 -1.00000000 0.00000012
vn 0.00000000 -1.00000000 0.00000012
vn 0.00000000 -1.00000000 0.00000012
vn 0.00000000 -1.00000000 0.00000012
vn -0.00003052 -1.00000000 0.00000012
vn 0.00000000 -1.00000000 0.00000012
vn 0.00000000 -1.00000000 0.00000012
vn 0.00000000 -1.00000000 0.00000012
vn -0.00003052 -1.00000000 0.00000012
vn -0.00003052 -1.00000000 0.00000012
vn -0.00003052 -1.00000000 0.00000012
vn -0.00003052 -1.00000000 0.00000012
vn -0.00003052 -1.00000000 0.00000012
vn -0.00003052 -1.00000000 0.00000012
vn -0.00003052 -1.00000000 0.00000012
vn -0.00003052 -1.00000000 0.00000012
vn -0.00003052 -1.00000000 0.00000012
vn -0.00003052 -1.00000000 0.00000012
vn 0.00003052 -1.00000000 0.00000012
vn 0.00003052 -1.00000000 0.00000012
vn 0.00003052 -1.00000000 0.00000012
vn -0.00003052 -1.00000000 0.00000012
vn 0.00003052 -1.00000000 0.00000012
vn 0.00003052 -1.00000000 0.00000012
vn 0.00003052 -1.00000000 0.00000012
vn 0.00003052 -1.00000000 0.00000012
vn 0.00003052 -1.00000000 0.00000012
vn 0.00003052 -1.00000000 0.00000012
vn -1.00000000 -0.00001526 0.00000000
vn -1.00000000 -0.00001526 0.00000000
vn -1.00000000 -0.00001526 0.00000000
vn -1.00000000 -0.00001526 0.00000000
vn -1.00000000 -0.00001526 0.00000000
vn -1.00000000 -0.00001526 0.00000000
vn -0.73038846 0.05682476 0.68066406
vn -0.71160251 -0.00002150 0.70258224
vn -0.99860960 -0.00001604 0.05271545
vn -0.99860960 -0.00001604 0.05271545
vn -0.99530220 0.08230030 0.05099213
vn -0.73038846 0.05682476 0.68066406
vn -0.66990453 0.36513898 0.64645296
vn -0.73038846 0.05682476 0.68066406
vn -0.99530220 0.08230030 0.05099213
vn -0.99530220 0.08230030 0.05099213
vn -0.99860960 -0.00001604 0.05271545
vn -0.99861044 0.00001610 -0.05269855
vn -0.53251976 0.84500080 0.04895298
vn -0.40398210 0.64743352 0.64624166
vn -0.66990453 0.36513898 0.64645296
vn -0.66990453 0.36513898 0.64645296
vn -0.87473261 0.48212492 0.04897399
vn -0.53251976 0.84500080 0.04895298
vn -0.99530220 0.08230030 0.05099213
vn -0.87473261 0.48212492 0.04897399
vn -0.66990453 0.36513898 0.64645296
vn -0.53250128 0.84501505 -0.04890787
vn -0.53251976 0.84500080 0.04895298
vn -0.87473261 0.48212492 0.04897399
vn -0.87471628 0.48215893 -0.04893020
vn -0.87473261 0.48212492 0.04897399
vn -0.99530220 0.08230030 0.05099213
vn -0.87473261 0.48212492 0.04897399
vn -0.87471628 0.48215893 -0.04893020
vn -0.53250128 0.84501505 -0.04890787
vn -0.53250128 0.84501505 -0.04890787
vn -0.87471628 0.48215893 -0.04893020
vn -0.66991419 0.36519539 -0.64641112
vn -0.66991419 0.36519539 -0.64641112
vn -0.40398213 0.64748508 -0.64619005
vn -0.53250128 0.84501505 -0.04890787
vn -0.99530220 0.08230030 0.05099213
vn -0.99530113 0.08233465 -0.05095766
vn -0.87471628 0.48215893 -0.04893020
vn -0.66991419 0.36519539 -0.64641112
vn -0.87471628 0.48215893 -0.04893020
vn -0.99530113 0.08233465 -0.05095766
vn -0.99861044 0.00001610 -0.05269855
vn -0.99530113 0.08233465 -0.05095766
vn -0.99530220 0.08230030 0.05099213
vn -0.99530113 0.08233465 -0.05095766
vn -0.73040891 0.05687106 -0.68063825
vn -0.66991419 0.36519539 -0.64641112
vn -0.73040891 0.05687106 -0.68063825
vn -0.99530113 0.08233465 -0.05095766
vn -0.99861044 0.00001610 -0.05269855
vn -0.99861044 0.00001610 -0.05269855
vn -0.71162397 0.00002141 -0.70256060
vn -0.73040891 0.05687106 -0.68063825
vn 0.00000000 -0.00001538 -1.00000000
vn 0.00000000 -0.00001538 -1.00000000
vn -0.00001526 0.00001514 -1.00000000
vn 0.00000000 -0.00001538 -1.00000000
vn 0.00000000 -0.00001538 -1.00000000
vn -0.00001526 0.00001514 -1.00000000
vn -0.00001526 0.00001514 -1.00000000
vn 0.00000000 -0.00001538 -1.00000000
vn 0.00000000 -0.00001538 -1.00000000
vn 0.00000000 -0.00001538 -1.00000000
vn -0.00001526 0.00001514 -1.00000000
vn -0.00001526 0.00001514 -1.00000000
vn 0.00000000 -0.00001538 -1.00000000
vn -0.00001526 0.00001514 -1.00000000
vn 0.00000000 -0.00001538 -1.00000000
vn 0.00000000 -0.00001538 -1.00000000
vn -0.00001526 0.00001514 -1.00000000
vn 0.00000000 -0.00001538 -1.00000000
vn 0.00000000 -0.00001538 -1.00000000
vn 0.00000000 -0.00001538 -1.00000000
vn 0.00000000 -0.00001538 -1.00000000
vn 0.00000000 -0.00001538 -1.00000000
vn 0.00000000 -0.00001538 -1.00000000
vn 0.00000000 -0.00001538 -1.00000000
vn 0.00000000 -0.00001538 -1.00000000
vn 0.00000000 -0.00001538 -1.00000000
vn 0.00000000 -0.00001538 -1.00000000
vn 0.00000000 -0.00001538 -1.00000000
vn 0.00000000 -0.00001538 -1.00000000
vn 0.00000000 -0.00001538 -1.00000000
vn 0.00000000 -0.00001538 -1.00000000
vn 0.00000000 -0.00001538 -1.00000000
vn 0.00000000 -0.00001538 -1.00000000
vn 0.00000000 -0.00001538 -1.00000000
vn 0.00000000 -0.00001538 -1.00000000
vn -0.00001526 0.00001514 -1.00000000
vn 0.00000000 -0.00001538 -1.00000000
vn 0.00000000 -0.00001538 -1.00000000
vn 0.00000000 -0.00001538 -1.00000000
vn -0.00001526 0.00001514 -1.00000000
vn -0.00001526 0.00001514 -1.00000000
vn 0.00000000 -0.00001538 -1.00000000
vn 0.00000000 -0.00001538 -1.00000000
vn 0.00000000 -0.00001538 -1.00000000
vn -0.00001526 0.00001514 -1.00000000
vn 0.00000000 -0.00001538 -1.00000000
vn 0.00000000 -0.00001538 -1.00000000
vn -0.00001526 0.00001514 -1.00000000
vn 0.00000000 -0.00001538 -1.00000000
vn 0.00000000 -0.00001538 -1.00000000
vn -0.00001526 0.00001514 -1.00000000
vn 0.00000000 -0.00001538 -1.00000000
vn 0.00000000 -0.00001538 -1.00000000
vn 0.00000000 -0.00001538 -1.00000000
vn 0.00000000 -0.00001538 -1.00000000
vn -0.00001526 0.00001514 -1.00000000
vn 0.00000000 -0.00001538 -1.00000000
vn 0.00000000 -0.00001538 -1.00000000
vn 0.00000000 -0.00001538 -1.00000000
vn 0.00000000 -0.00001538 -1.00000000
vn 0.00000000 -0.00001538 -1.00000000
vn 0.00000000 -0.00001538 -1.00000000
vn 0.00000000 -0.00001538 -1.00000000
vn 0.00000000 -0.00001538 -1.00000000
vn 0.00000000 -0.00001538 -1.00000000
vn 0.00000000 -0.00001538 -1.00000000
vn 0.00000000 -0.00001538 -1.00000000
vn 0.00000000 -0.00001538 -1.00000000
vn 0.00000000 -0.00001538 -1.00000000
vn 0.00000000 -0.00001538 -1.00000000
vn 0.00000000 -0.00001538 -1.00000000
vn 0.00000000 -0.00001538 -1.00000000
vn 0.00000000 -0.00001538 -1.00000000
vn 0.00000000 -0.00001538 -1.00000000
vn 0.00000000 -0.00001538 -1.00000000
vn 0.00000000 -0.00001538 -1.00000000
vn 0.00000000 -0.00001538 -1.00000000
vn 0.00000000 -0.00001538 -1.00000000
vn -0.10412884 0.00001665 -0.99456382
vn 0.00000000 -0.00001538 -1.00000000
vn 0.00000000 -0.00001538 -1.00000000
vn 0.00000000 -0.00001538 -1.00000000
vn 0.00000000 -0.00001538 -1.00000000
vn 0.00000000 -0.00001538 -1.00000000
vn 0.00000000 -0.00001538 -1.00000000
vn 0.00000000 -0.00001538 -1.00000000
vn 0.00000000 -0.00001538 -1.00000000
vn 0.00000000 -0.00001538 -1.00000000
vn 0.00000000 -0.00001538 -1.00000000
vn 0.00000000 -0.00001538 -1.00000000
vn 0.00000000 -0.00001538 -1.00000000
vn 0.00000000 -0.00001538 -1.00000000
vn 0.00000000 -0.00001538 -1.00000000
vn 0.00000000 -0.00001538 -1.00000000
vn 0.00000000 -0.00001538 -1.00000000
vn 0.00000000 -0.00001538 -1.00000000
vn 0.00000000 -0.00001538 -1.00000000
vn 0.10405557 0.00001664 -0.99457151
vn 0.00000000 -0.00001538 -1.00000000
vn -0.08503909 0.00602317 -0.99635941
vn -0.10412884 0.00001665 -0.99456382
vn 0.00000000 -0.00001538 -1.00000000
vn -0.71162397 0.00002141 -0.70256060
vn -0.10412884 0.00001665 -0.99456382
vn -0.08503909 0.00602317 -0.99635941
vn 0.00000000 -0.00001538 -1.00000000
vn -0.08503909 0.00602317 -0.99635941
vn 0.00000000 -0.00001538 -1.00000000
vn -0.08503909 0.00602317 -0.99635941
vn -0.73040891 0.05687106 -0.68063825
vn -0.71162397 0.00002141 -0.70256060
vn 0.10405557 0.00001664 -0.99457151
vn 0.08489608 0.00602245 -0.99637163
vn 0.00000000 -0.00001538 -1.00000000
vn 0.08489608 0.00602245 -0.99637163
vn 0.10405557 0.00001664 -0.99457151
vn 0.71160257 0.00006466 -0.70258218
vn 0.00000000 -0.00001538 -1.00000000
vn 0.00000000 -0.00001538 -1.00000000
vn 0.08489608 0.00602245 -0.99637163
vn 0.71160257 0.00006466 -0.70258218
vn 0.73038626 0.05691749 -0.68065876
vn 0.08489608 0.00602245 -0.99637163
vn -0.73040891 0.05687106 -0.68063825
vn -0.08503909 0.00602317 -0.99635941
vn -0.23185650 0.12351289 -0.96487677
vn -0.23185650 0.12351289 -0.96487677
vn -0.66991419 0.36519539 -0.64641112
vn -0.73040891 0.05687106 -0.68063825
vn -0.40398213 0.64748508 -0.64619005
vn -0.66991419 0.36519539 -0.64641112
vn -0.23185650 0.12351289 -0.96487677
vn -0.23185650 0.12351289 -0.96487677
vn -0.13690369 0.22401868 -0.96492124
vn -0.40398213 0.64748508 -0.64619005
vn -0.05119232 0.72381407 -0.68809342
vn -0.40398213 0.64748508 -0.64619005
vn -0.13690369 0.22401868 -0.96492124
vn -0.23185650 0.12351289 -0.96487677
vn -0.08503909 0.00602317 -0.99635941
vn -0.01026321 0.15100093 -0.98848033
vn -0.01026321 0.15100093 -0.98848033
vn -0.13690369 0.22401868 -0.96492124
vn -0.23185650 0.12351289 -0.96487677
vn -0.13690369 0.22401868 -0.96492124
vn -0.01026321 0.15100093 -0.98848033
vn -0.05119232 0.72381407 -0.68809342
vn 0.00000000 -0.00001538 -1.00000000
vn -0.01026321 0.15100093 -0.98848033
vn -0.08503909 0.00602317 -0.99635941
vn -0.02742121 0.70883894 -0.70483720
vn -0.05119232 0.72381407 -0.68809342
vn -0.01026321 0.15100093 -0.98848033
vn 0.00000000 -0.00001538 -1.00000000
vn -0.00689850 0.17713168 -0.98416299
vn -0.01026321 0.15100093 -0.98848033
vn -0.01026321 0.15100093 -0.98848033
vn -0.00689850 0.17713168 -0.98416299
vn -0.02742121 0.70883894 -0.70483720
vn 0.00000000 -0.00001538 -1.00000000
vn 0.00000000 -0.00001538 -1.00000000
vn -0.00689850 0.17713168 -0.98416299
vn -0.00831320 0.70844835 -0.70571369
vn -0.02742121 0.70883894 -0.70483720
vn -0.00689850 0.17713168 -0.98416299
vn -0.00224159 0.19150601 -0.98148888
vn -0.00689850 0.17713168 -0.98416299
vn 0.00000000 -0.00001538 -1.00000000
vn -0.00689850 0.17713168 -0.98416299
vn -0.00224159 0.19150601 -0.98148888
vn -0.00831320 0.70844835 -0.70571369
vn 0.00000000 -0.00001538 -1.00000000
vn 0.00000000 -0.00001538 -1.00000000
vn -0.00224159 0.19150601 -0.98148888
vn 0.00826962 0.70847017 -0.70569235
vn -0.00831320 0.70844835 -0.70571369
vn -0.00224159 0.19150601 -0.98148888
vn 0.00220571 0.19154054 -0.98148221
vn -0.00224159 0.19150601 -0.98148888
vn 0.00000000 -0.00001538 -1.00000000
vn -0.00224159 0.19150601 -0.98148888
vn 0.00220571 0.19154054 -0.98148221
vn 0.00826962 0.70847017 -0.70569235
vn 0.00000000 -0.00001538 -1.00000000
vn 0.00000000 -0.00001538 -1.00000000
vn 0.00220571 0.19154054 -0.98148221
vn 0.00220571 0.19154054 -0.98148221
vn 0.00000000 -0.00001538 -1.00000000
vn 0.00000000 -0.00001538 -1.00000000
vn 0.00826962 0.70847017 -0.70569235
vn 0.00220571 0.19154054 -0.98148221
vn 0.00686241 0.17708477 -0.98417169
vn 0.00000000 -0.00001538 -1.00000000
vn 0.00686241 0.17708477 -0.98417169
vn 0.00220571 0.19154054 -0.98148221
vn 0.00686241 0.17708477 -0.98417169
vn 0.02737633 0.70886171 -0.70481604
vn 0.00826962 0.70847017 -0.70569235
vn 0.00000000 -0.00001538 -1.00000000
vn 0.00686241 0.17708477 -0.98417169
vn 0.00000000 -0.00001538 -1.00000000
vn 0.02737633 0.70886171 -0.70481604
vn 0.00686241 0.17708477 -0.98417169
vn 0.01022717 0.15091670 -0.98849356
vn 0.00000000 -0.00001538 -1.00000000
vn 0.01022717 0.15091670 -0.98849356
vn 0.00686241 0.17708477 -0.98417169
vn 0.01022717 0.15091670 -0.98849356
vn 0.05114612 0.72379357 -0.68811846
vn 0.02737633 0.70886171 -0.70481604
vn 0.00000000 -0.00001538 -1.00000000
vn 0.08489608 0.00602245 -0.99637163
vn 0.01022717 0.15091670 -0.98849356
vn 0.05114612 0.72379357 -0.68811846
vn 0.01022717 0.15091670 -0.98849356
vn 0.13686274 0.22405833 -0.96491784
vn 0.13686274 0.22405833 -0.96491784
vn 0.40392506 0.64752877 -0.64618194
vn 0.05114612 0.72379357 -0.68811846
vn 0.01022717 0.15091670 -0.98849356
vn 0.08489608 0.00602245 -0.99637163
vn 0.23181713 0.12355379 -0.96488094
vn 0.23181713 0.12355379 -0.96488094
vn 0.13686274 0.22405833 -0.96491784
vn 0.01022717 0.15091670 -0.98849356
vn 0.40392506 0.64752877 -0.64618194
vn 0.13686274 0.22405833 -0.96491784
vn 0.23181713 0.12355379 -0.96488094
vn 0.23181713 0.12355379 -0.96488094
vn 0.08489608 0.00602245 -0.99637163
vn 0.73038626 0.05691749 -0.68065876
vn 0.23181713 0.12355379 -0.96488094
vn 0.66987336 0.36525247 -0.64642119
vn 0.40392506 0.64752877 -0.64618194
vn 0.73038626 0.05691749 -0.68065876
vn 0.66987336 0.36525247 -0.64642119
vn 0.23181713 0.12355379 -0.96488094
vn -0.70712841 -0.00002166 -0.70708519
vn -0.70712841 -0.00002166 -0.70708519
vn -0.38269636 0.00001975 -0.92387420
vn -0.38269636 0.00001975 -0.92387420
vn -0.38269636 0.00001975 -0.92387420
vn -0.70712841 -0.00002166 -0.70708519
vn -1.00000000 -0.00001526 0.00000000
vn -1.00000000 -0.00001526 0.00000000
vn -1.00000000 -0.00001526 0.00000000
vn -1.00000000 -0.00001526 0.00000000
vn -1.00000000 -0.00001526 0.00000000
vn -1.00000000 -0.00001526 0.00000000
vn -0.70712841 -0.00002166 -0.70708519
vn -0.70712841 -0.00002166 -0.70708519
vn -0.38269636 0.00001975 -0.92387420
vn -0.38269636 0.00001975 -0.92387420
vn -0.38269636 0.00001975 -0.92387420
vn -0.70712841 -0.00002166 -0.70708519
vn -1.00000000 -0.00001526 0.00000000
vn -1.00000000 -0.00001526 0.00000000
vn -1.00000000 -0.00001526 0.00000000
vn -1.00000000 -0.00001526 0.00000000
vn -1.00000000 -0.00001526 0.00000000
vn -1.00000000 -0.00001526 0.00000000
vn -0.70712841 -0.00002166 -0.70708519
vn -0.70712841 -0.00002166 -0.70708519
vn -0.38269636 0.00001975 -0.92387420
vn -0.38269636 0.00001975 -0.92387420
vn -0.38269636 0.00001975 -0.92387420
vn -0.70712841 -0.00002166 -0.70708519
vn -0.40398210 0.64743352 0.64624166
vn -0.53251976 0.84500080 0.04895298
vn -0.07244587 0.99604046 0.05152719
vn -0.07244587 0.99604046 0.05152719
vn -0.05119240 0.72377074 0.68813896
vn -0.40398210 0.64743352 0.64624166
vn -0.07244353 0.99604243 -0.05149158
vn -0.07244587 0.99604046 0.05152719
vn -0.53251976 0.84500080 0.04895298
vn -0.53251976 0.84500080 0.04895298
vn -0.53250128 0.84501505 -0.04890787
vn -0.07244353 0.99604243 -0.05149158
vn -0.07244353 0.99604243 -0.05149158
vn -0.53250128 0.84501505 -0.04890787
vn -0.40398213 0.64748508 -0.64619005
vn -0.40398213 0.64748508 -0.64619005
vn -0.05119232 0.72381407 -0.68809342
vn -0.07244353 0.99604243 -0.05149158
vn -0.03871707 0.99785000 -0.05288073
vn -0.07244353 0.99604243 -0.05149158
vn -0.05119232 0.72381407 -0.68809342
vn -0.07244587 0.99604046 0.05152719
vn -0.07244353 0.99604243 -0.05149158
vn -0.03871707 0.99785000 -0.05288073
vn -0.05119232 0.72381407 -0.68809342
vn -0.02742121 0.70883894 -0.70483720
vn -0.03871707 0.99785000 -0.05288073
vn -0.05119240 0.72377074 0.68813896
vn -0.07244587 0.99604046 0.05152719
vn -0.03871829 0.99784809 0.05291540
vn -0.03871707 0.99785000 -0.05288073
vn -0.03871829 0.99784809 0.05291540
vn -0.07244587 0.99604046 0.05152719
vn -0.03871829 0.99784809 0.05291540
vn -0.02742122 0.70879537 0.70488101
vn -0.05119240 0.72377074 0.68813896
vn -0.01169737 0.99852586 -0.05300320
vn -0.03871707 0.99785000 -0.05288073
vn -0.02742121 0.70883894 -0.70483720
vn -0.03871829 0.99784809 0.05291540
vn -0.03871707 0.99785000 -0.05288073
vn -0.01169737 0.99852586 -0.05300320
vn -0.02742121 0.70883894 -0.70483720
vn -0.00831320 0.70844835 -0.70571369
vn -0.01169737 0.99852586 -0.05300320
vn -0.02742122 0.70879537 0.70488101
vn -0.03871829 0.99784809 0.05291540
vn -0.01169773 0.99852401 0.05303710
vn -0.01169737 0.99852586 -0.05300320
vn -0.01169773 0.99852401 0.05303710
vn -0.03871829 0.99784809 0.05291540
vn -0.01169773 0.99852401 0.05303710
vn -0.00831320 0.70840520 0.70575696
vn -0.02742122 0.70879537 0.70488101
vn 0.00826962 0.70842713 0.70573556
vn -0.00831320 0.70840520 0.70575696
vn -0.01169773 0.99852401 0.05303710
vn 0.01166413 0.99852812 -0.05296743
vn -0.01169737 0.99852586 -0.05300320
vn -0.00831320 0.70844835 -0.70571369
vn -0.01169773 0.99852401 0.05303710
vn -0.01169737 0.99852586 -0.05300320
vn 0.01166413 0.99852812 -0.05296743
vn -0.00831320 0.70844835 -0.70571369
vn 0.00826962 0.70847017 -0.70569235
vn 0.01166413 0.99852812 -0.05296743
vn 0.01166413 0.99852812 -0.05296743
vn 0.00826962 0.70847017 -0.70569235
vn 0.02737633 0.70886171 -0.70481604
vn -0.01169773 0.99852401 0.05303710
vn 0.01166448 0.99852633 0.05300133
vn 0.00826962 0.70842713 0.70573556
vn 0.01166413 0.99852812 -0.05296743
vn 0.01166448 0.99852633 0.05300133
vn -0.01169773 0.99852401 0.05303710
vn 0.02746593 0.70881647 0.70485801
vn 0.00826962 0.70842713 0.70573556
vn 0.01166448 0.99852633 0.05300133
vn 0.02737633 0.70886171 -0.70481604
vn 0.03868266 0.99785143 -0.05287905
vn 0.01166413 0.99852812 -0.05296743
vn 0.01166448 0.99852633 0.05300133
vn 0.01166413 0.99852812 -0.05296743
vn 0.03868266 0.99785143 -0.05287905
vn 0.03868266 0.99785143 -0.05287905
vn 0.02737633 0.70886171 -0.70481604
vn 0.05114612 0.72379357 -0.68811846
vn 0.01166448 0.99852633 0.05300133
vn 0.03868387 0.99784952 0.05291372
vn 0.02746593 0.70881647 0.70485801
vn 0.03868266 0.99785143 -0.05287905
vn 0.03868387 0.99784952 0.05291372
vn 0.01166448 0.99852633 0.05300133
vn 0.05114621 0.72375017 0.68816400
vn 0.02746593 0.70881647 0.70485801
vn 0.03868387 0.99784952 0.05291372
vn 0.05114612 0.72379357 -0.68811846
vn 0.07240700 0.99604517 -0.05148995
vn 0.03868266 0.99785143 -0.05287905
vn 0.03868387 0.99784952 0.05291372
vn 0.03868266 0.99785143 -0.05287905
vn 0.07240700 0.99604517 -0.05148995
vn 0.07240700 0.99604517 -0.05148995
vn 0.05114612 0.72379357 -0.68811846
vn 0.40392506 0.64752877 -0.64618194
vn 0.40392506 0.64752877 -0.64618194
vn 0.53245050 0.84504706 -0.04890720
vn 0.07240700 0.99604517 -0.05148995
vn 0.07240700 0.99604517 -0.05148995
vn 0.07240933 0.99604315 0.05152556
vn 0.03868387 0.99784952 0.05291372
vn 0.03868387 0.99784952 0.05291372
vn 0.07240933 0.99604315 0.05152556
vn 0.05114621 0.72375017 0.68816400
vn 0.07240933 0.99604315 0.05152556
vn 0.07240700 0.99604517 -0.05148995
vn 0.53245050 0.84504706 -0.04890720
vn 0.40386820 0.64752090 0.64622533
vn 0.05114621 0.72375017 0.68816400
vn 0.07240933 0.99604315 0.05152556
vn 0.53245050 0.84504706 -0.04890720
vn 0.53246897 0.84503281 0.04895232
vn 0.07240933 0.99604315 0.05152556
vn 0.07240933 0.99604315 0.05152556
vn 0.53246897 0.84503281 0.04895232
vn 0.40386820 0.64752090 0.64622533
vn -0.92389411 0.38264817 0.00001989
vn -0.92389411 0.38264817 0.00001989
vn -0.99993283 0.01159177 0.00001543
vn -0.99993283 0.01159177 0.00001543
vn -0.99993283 0.01159177 0.00001543
vn -0.92389411 0.38264817 0.00001989
vn -0.99993283 0.01159177 0.00001543
vn -0.99993283 0.01159177 0.00001543
vn -0.99993283 -0.01159153 0.00000000
vn -0.99993283 -0.01159153 0.00000000
vn -0.99993283 -0.01159153 0.00000000
vn -0.99993283 0.01159177 0.00001543
vn -0.99993283 -0.01159153 0.00000000
vn -0.99993283 -0.01159153 0.00000000
vn -0.92389709 -0.38264099 0.00000005
vn -0.92389709 -0.38264099 0.00000005
vn -0.92389709 -0.38264099 0.00000005
vn -0.99993283 -0.01159153 0.00000000
vn -1.00000000 -0.00001526 0.00000000
vn -1.00000000 -0.00001526 0.00000000
vn -1.00000000 -0.00001526 0.00000000
vn -1.00000000 -0.00001526 0.00000000
vn -1.00000000 -0.00001526 0.00000000
vn -1.00000000 -0.00001526 0.00000000
vn 0.00000000 -0.00001538 -1.00000000
vn 0.00000000 -0.00001538 -1.00000000
vn 0.00000000 -0.00001538 -1.00000000
vn 0.04526622 -0.63432503 -0.77174008
vn 0.66834420 -0.04736706 -0.74234247
vn 0.58908099 -0.13463715 -0.79677880
vn 0.58908099 -0.13463715 -0.79677880
vn 0.03385496 -0.56179732 -0.82658190
vn 0.04526622 -0.63432503 -0.77174008
vn 0.03385496 -0.56179732 -0.82658190
vn 0.58908099 -0.13463715 -0.79677880
vn 0.56056702 -0.08466339 -0.82376981
vn 0.56056702 -0.08466339 -0.82376981
vn 0.58908099 -0.13463715 -0.79677880
vn 0.66834420 -0.04736706 -0.74234247
vn 0.56056702 -0.08466339 -0.82376981
vn 0.02322437 -0.31268623 -0.94957250
vn 0.03385496 -0.56179732 -0.82658190
vn 0.66834420 -0.04736706 -0.74234247
vn 0.66826570 -0.00495206 -0.74390620
vn 0.56056702 -0.08466339 -0.82376981
vn 0.02322437 -0.31268623 -0.94957250
vn 0.56056702 -0.08466339 -0.82376981
vn 0.66826570 -0.00495206 -0.74390620
vn 0.66826570 -0.00495206 -0.74390620
vn 0.01884084 -0.08762693 -0.99597520
vn 0.02322437 -0.31268623 -0.94957250
vn 0.66826570 -0.00495206 -0.74390620
vn 0.66834420 -0.04736706 -0.74234247
vn 0.69575387 0.00002149 -0.71828026
vn 0.01884084 -0.08762693 -0.99597520
vn 0.66826570 -0.00495206 -0.74390620
vn 0.65786904 -0.00144409 -0.75313097
vn 0.69575387 0.00002149 -0.71828026
vn 0.65786904 -0.00144409 -0.75313097
vn 0.66826570 -0.00495206 -0.74390620
vn 0.65786904 -0.00144409 -0.75313097
vn 0.01707585 -0.01943190 -0.99966538
vn 0.01884084 -0.08762693 -0.99597520
vn 0.01710490 0.04878054 -0.99866307
vn 0.01707585 -0.01943190 -0.99966538
vn 0.65786904 -0.00144409 -0.75313097
vn 0.65786904 -0.00144409 -0.75313097
vn 0.59744304 0.00935009 -0.80185688
vn 0.01710490 0.04878054 -0.99866307
vn 0.65786904 -0.00144409 -0.75313097
vn 0.69575387 0.00002149 -0.71828026
vn 0.59744304 0.00935009 -0.80185688
vn 0.01810359 0.08749221 -0.99600071
vn 0.01710490 0.04878054 -0.99866307
vn 0.59744304 0.00935009 -0.80185688
vn 0.59744304 0.00935009 -0.80185688
vn 0.65120041 0.00789719 -0.75886470
vn 0.01810359 0.08749221 -0.99600071
vn 0.65120041 0.00789719 -0.75886470
vn 0.59744304 0.00935009 -0.80185688
vn 0.69575387 0.00002149 -0.71828026
vn 0.01960942 0.12926219 -0.99141651
vn 0.01810359 0.08749221 -0.99600071
vn 0.65120041 0.00789719 -0.75886470
vn 0.66256124 0.00890807 -0.74895477
vn 0.65120041 0.00789719 -0.75886470
vn 0.69575387 0.00002149 -0.71828026
vn 0.65120041 0.00789719 -0.75886470
vn 0.66256124 0.00890807 -0.74895477
vn 0.01960942 0.12926219 -0.99141651
vn 0.69575387 0.00002149 -0.71828026
vn 0.66436559 0.04813344 -0.74585629
vn 0.66256124 0.00890807 -0.74895477
vn 0.02315541 0.26065609 -0.96515399
vn 0.01960942 0.12926219 -0.99141651
vn 0.66256124 0.00890807 -0.74895477
vn 0.66256124 0.00890807 -0.74895477
vn 0.52451003 0.08807521 -0.84683645
vn 0.02315541 0.26065609 -0.96515399
vn 0.52451003 0.08807521 -0.84683645
vn 0.66256124 0.00890807 -0.74895477
vn 0.66436559 0.04813344 -0.74585629
vn 0.03064368 0.48535722 -0.87377876
vn 0.02315541 0.26065609 -0.96515399
vn 0.52451003 0.08807521 -0.84683645
vn 0.66436559 0.04813344 -0.74585629
vn 0.55717379 0.13879070 -0.81871516
vn 0.52451003 0.08807521 -0.84683645
vn 0.52451003 0.08807521 -0.84683645
vn 0.55717379 0.13879070 -0.81871516
vn 0.03064368 0.48535722 -0.87377876
vn 0.55717379 0.13879070 -0.81871516
vn 0.66436559 0.04813344 -0.74585629
vn 0.04035154 0.59465194 -0.80296999
vn 0.04035154 0.59465194 -0.80296999
vn 0.03064368 0.48535722 -0.87377876
vn 0.55717379 0.13879070 -0.81871516
vn 0.70708525 -0.00002149 0.70712835
vn 0.99858624 -0.00004820 0.05315515
vn 0.99858636 -0.00001610 0.05315345
vn 0.99858636 -0.00001610 0.05315345
vn 0.70708525 -0.00002149 0.70712835
vn 0.70708525 -0.00002149 0.70712835
vn 0.99858725 0.00001604 -0.05313659
vn 0.99858636 -0.00001610 0.05315345
vn 0.99858624 -0.00004820 0.05315515
vn 0.99858624 -0.00004820 0.05315515
vn 0.99858725 0.00001604 -0.05313659
vn 0.99858725 0.00001604 -0.05313659
vn 0.99858725 0.00001604 -0.05313659
vn 0.99858725 0.00001604 -0.05313659
vn 0.70710683 0.00002150 -0.70710677
vn 0.70710683 0.00002150 -0.70710677
vn 0.70710683 0.00002150 -0.70710677
vn 0.99858725 0.00001604 -0.05313659
vn 0.38266221 0.00005970 -0.92388833
vn 0.38266221 0.00005970 -0.92388833
vn 0.70710683 0.00002150 -0.70710677
vn 0.70710683 0.00002150 -0.70710677
vn 0.70710683 0.00002150 -0.70710677
vn 0.38266221 0.00005970 -0.92388833
vn -0.99999666 -0.00258539 0.00000000
vn -1.00000000 -0.00001526 0.00000000
vn -1.00000000 -0.00001526 0.00000000
vn -1.00000000 -0.00001526 0.00000000
vn -0.99999666 -0.00258539 0.00000000
vn -0.99999666 -0.00258539 0.00000000
vn -0.89771098 -0.44058490 0.00000005
vn -0.99999666 -0.00258539 0.00000000
vn -0.99999666 -0.00258539 0.00000000
vn -0.99999666 -0.00258539 0.00000000
vn -0.89768690 -0.44063392 0.00000005
vn -0.89771098 -0.44058490 0.00000005
vn -0.49350217 -0.86974460 0.00000010
vn -0.89771098 -0.44058490 0.00000005
vn -0.89768690 -0.44063392 0.00000005
vn -0.89768690 -0.44063392 0.00000005
vn -0.49350217 -0.86974460 0.00000010
vn -0.49350217 -0.86974460 0.00000010
vn -0.00001526 1.00000000 0.00001514
vn -0.00001526 1.00000000 0.00001514
vn -0.00001526 1.00000000 0.00001514
vn -0.00001526 1.00000000 0.00001514
vn -0.00001526 1.00000000 0.00001514
vn -0.00001526 1.00000000 0.00001514
vn -0.00001526 1.00000000 0.00001514
vn -0.00001526 1.00000000 0.00001514
vn -0.00001526 1.00000000 0.00001514
vn -0.00001526 1.00000000 0.00001514
vn -0.00001526 1.00000000 0.00001514
vn -0.00001526 1.00000000 0.00001514
vn -0.00001526 1.00000000 0.00001514
vn -0.00001526 1.00000000 0.00001514
vn -0.00001526 1.00000000 0.00001514
vn -0.00001526 1.00000000 0.00001514
vn -0.00001526 1.00000000 0.00001514
vn -0.00001526 1.00000000 0.00001514
vn -0.00001526 1.00000000 0.00001514
vn -0.00001526 1.00000000 0.00001514
vn -0.00001526 1.00000000 0.00001514
vn -0.00001526 1.00000000 0.00001514
vn -0.00001526 1.00000000 0.00001514
vn -0.00001526 1.00000000 0.00001514
vn -0.00001526 1.00000000 0.00001514
vn -0.00001526 1.00000000 0.00001514
vn -0.00001526 1.00000000 0.00001514
vn -0.00001526 1.00000000 0.00001514
vn -0.00001526 1.00000000 0.00001514
vn -0.00001526 1.00000000 0.00001514
vn 1.00000000 -0.00001526 0.00000000
vn 1.00000000 -0.00001526 0.00000000
vn 1.00000000 -0.00001526 0.00000000
vn 1.00000000 -0.00001526 0.00000000
vn 1.00000000 -0.00001526 0.00000000
vn 1.00000000 -0.00001526 0.00000000
vn 0.73855925 -0.00002148 0.67418855
vn 0.73855925 -0.00002148 0.67418855
vn 0.38264817 0.00002012 0.92389417
vn 0.38264817 0.00002012 0.92389417
vn 0.38264817 0.00002012 0.92389417
vn 0.73855925 -0.00002148 0.67418855
vn 0.73855925 -0.00002148 0.67418855
vn 0.73855925 -0.00002148 0.67418855
vn 0.99926567 -0.00004743 0.03831640
vn 0.99926567 -0.00004743 0.03831640
vn 0.99926573 -0.00001577 0.03831518
vn 0.73855925 -0.00002148 0.67418855
vn 0.99926573 -0.00001577 0.03831518
vn 0.99926567 -0.00004743 0.03831640
vn 0.99926633 0.00001583 -0.03829877
vn 0.99926633 0.00001583 -0.03829877
vn 0.99926633 0.00001583 -0.03829877
vn 0.99926573 -0.00001577 0.03831518
vn 0.99926633 0.00001583 -0.03829877
vn 0.99926633 0.00001583 -0.03829877
vn 0.73857981 0.00002148 -0.67416608
vn 0.73857981 0.00002148 -0.67416608
vn 0.73856020 0.00006459 -0.67418754
vn 0.99926633 0.00001583 -0.03829877
vn 0.73856020 0.00006459 -0.67418754
vn 0.73857981 0.00002148 -0.67416608
vn 0.38266221 0.00005970 -0.92388833
vn 0.38266221 0.00005970 -0.92388833
vn 0.38266221 0.00005970 -0.92388833
vn 0.73856020 0.00006459 -0.67418754
vn 0.00003052 -1.00000000 0.00000012
vn 0.00003052 -1.00000000 0.00000012
vn 0.00003052 -1.00000000 0.00000012
vn 0.00003052 -1.00000000 0.00000012
vn 0.00003052 -1.00000000 0.00000012
vn 0.00003052 -1.00000000 0.00000012
vn 0.00003052 -1.00000000 0.00000012
vn 0.00003052 -1.00000000 0.00000012
vn 0.00003052 -1.00000000 0.00000012
vn 0.00003052 -1.00000000 0.00000012
vn 0.00003052 -1.00000000 0.00000012
vn 0.00003052 -1.00000000 0.00000012
vn 0.00003052 -1.00000000 0.00000012
vn 0.00003052 -1.00000000 0.00000012
vn 0.00003052 -1.00000000 0.00000012
vn 0.00003052 -1.00000000 0.00000012
vn 0.00003052 -1.00000000 0.00000012
vn 0.00003052 -1.00000000 0.00000012
vn 0.00003052 -1.00000000 0.00000012
vn 0.00003052 -1.00000000 0.00000012
vn 0.00003052 -1.00000000 0.00000012
vn 0.00003052 -1.00000000 0.00000012
vn 0.00003052 -1.00000000 0.00000012
vn 0.00003052 -1.00000000 0.00000012
vn -0.00003052 -1.00000000 0.00000012
vn 0.00003052 -1.00000000 0.00000012
vn 0.00003052 -1.00000000 0.00000012
vn 0.00003052 -1.00000000 0.00000012
vn -0.00003052 -1.00000000 0.00000012
vn -0.00003052 -1.00000000 0.00000012
vn -0.00001526 1.00000000 0.00001514
vn -0.00001526 1.00000000 0.00001514
vn -0.00001526 1.00000000 0.00001514
vn -0.00001526 1.00000000 0.00001514
vn -0.00001526 1.00000000 0.00001514
vn -0.00001526 1.00000000 0.00001514
vn -0.00001526 1.00000000 0.00001514
vn -0.00001526 1.00000000 0.00001514
vn -0.00001526 1.00000000 0.00001514
vn -0.00001526 1.00000000 0.00001514
vn -0.00001526 1.00000000 0.00001514
vn -0.00001526 1.00000000 0.00001514
vn -0.00001526 1.00000000 0.00001514
vn -0.00001526 1.00000000 0.00001514
vn -0.00001526 1.00000000 0.00001514
vn -0.00001526 1.00000000 0.00001514
vn -0.00001526 1.00000000 0.00001514
vn -0.00001526 1.00000000 0.00001514
vn -0.00001526 1.00000000 0.00001514
vn -0.00001526 1.00000000 0.00001514
vn -0.00001526 1.00000000 0.00001514
vn -0.00001526 1.00000000 0.00001514
vn -0.00001526 1.00000000 0.00001514
vn -0.00001526 1.00000000 0.00001514
vn -0.00001526 1.00000000 0.00001514
vn -0.00001526 1.00000000 0.00001514
vn -0.00001526 1.00000000 0.00001514
vn -0.00001526 1.00000000 0.00001514
vn -0.00001526 1.00000000 0.00001514
vn -0.00001526 1.00000000 0.00001514
vn 1.00000000 -0.00001526 0.00000000
vn 1.00000000 -0.00001526 0.00000000
vn 1.00000000 -0.00001526 0.00000000
vn 1.00000000 -0.00001526 0.00000000
vn 1.00000000 -0.00001526 0.00000000
vn 1.00000000 -0.00001526 0.00000000
vn 0.99858534 0.00004809 0.05317207
vn 0.99858636 -0.00001610 0.05315345
vn 0.70708525 -0.00002149 0.70712835
vn 0.70708525 -0.00002149 0.70712835
vn 0.70708525 -0.00002149 0.70712835
vn 0.99858534 0.00004809 0.05317207
vn 0.99858725 0.00001604 -0.05313659
vn 0.99858636 -0.00001610 0.05315345
vn 0.99858534 0.00004809 0.05317207
vn 0.99858534 0.00004809 0.05317207
vn 0.99858725 0.00001604 -0.05313659
vn 0.99858725 0.00001604 -0.05313659
vn 0.99858725 0.00001604 -0.05313659
vn 0.99858725 0.00001604 -0.05313659
vn 0.70710683 0.00002150 -0.70710677
vn 0.70710683 0.00002150 -0.70710677
vn 0.70710683 0.00002150 -0.70710677
vn 0.99858725 0.00001604 -0.05313659
vn 0.73855925 -0.00002148 0.67418855
vn 0.73855925 -0.00002148 0.67418855
vn 0.38264817 0.00002012 0.92389417
vn 0.38264817 0.00002012 0.92389417
vn 0.38264817 0.00002012 0.92389417
vn 0.73855925 -0.00002148 0.67418855
vn 0.73855925 -0.00002148 0.67418855
vn 0.73855925 -0.00002148 0.67418855
vn 0.99926573 -0.00001577 0.03831518
vn 0.99926573 -0.00001577 0.03831518
vn 0.99926573 -0.00001577 0.03831518
vn 0.73855925 -0.00002148 0.67418855
vn 0.99926877 0.00004749 -0.03823433
vn 0.99926573 -0.00001577 0.03831518
vn 0.99926573 -0.00001577 0.03831518
vn 0.99926573 -0.00001577 0.03831518
vn 0.99926883 0.00001583 -0.03823312
vn 0.99926877 0.00004749 -0.03823433
vn 0.99926877 0.00004749 -0.03823433
vn 0.99926883 0.00001583 -0.03823312
vn 0.73857981 0.00002148 -0.67416608
vn 0.73857981 0.00002148 -0.67416608
vn 0.73857981 0.00002148 -0.67416608
vn 0.99926877 0.00004749 -0.03823433
vn 0.73857981 0.00002148 -0.67416608
vn 0.73857981 0.00002148 -0.67416608
vn 0.38266221 0.00005970 -0.92388833
vn 0.38266221 0.00005970 -0.92388833
vn 0.38266221 0.00005970 -0.92388833
vn 0.73857981 0.00002148 -0.67416608
vn 0.00000000 -1.00000000 0.00000012
vn 0.00000000 -1.00000000 0.00000012
vn 0.00000000 -1.00000000 0.00000012
vn 0.00000000 -1.00000000 0.00000012
vn 0.00000000 -1.00000000 0.00000012
vn 0.00000000 -1.00000000 0.00000012
vn 0.00000000 -1.00000000 0.00000012
vn 0.00000000 -1.00000000 0.00000012
vn -0.00003052 -1.00000000 0.00000012
vn -0.00003052 -1.00000000 0.00000012
vn -0.00003052 -1.00000000 0.00000012
vn 0.00000000 -1.00000000 0.00000012
vn 0.00000000 -1.00000000 0.00000012
vn -0.00003052 -1.00000000 0.00000012
vn -0.00003052 -1.00000000 0.00000012
vn -0.00003052 -1.00000000 0.00000012
vn 0.00000000 -1.00000000 0.00000012
vn 0.00000000 -1.00000000 0.00000012
vn 0.00000000 -1.00000000 0.00003064
vn 0.00000000 -1.00000000 0.00000012
vn 0.00000000 -1.00000000 0.00000012
vn 0.00000000 -1.00000000 0.00000012
vn 0.00000000 -1.00000000 0.00003064
vn 0.00000000 -1.00000000 0.00003064
vn 0.00003052 -1.00000000 0.00000012
vn 0.00000000 -1.00000000 0.00003064
vn 0.00000000 -1.00000000 0.00003064
vn 0.00000000 -1.00000000 0.00003064
vn 0.00003052 -1.00000000 0.00000012
vn 0.00003052 -1.00000000 0.00000012
vn -0.00001526 1.00000000 0.00001514
vn -0.00001526 1.00000000 0.00001514
vn -0.00001526 1.00000000 0.00001514
vn -0.00001526 1.00000000 0.00001514
vn -0.00001526 1.00000000 0.00001514
vn -0.00001526 1.00000000 0.00001514
vn -0.00001526 1.00000000 0.00001514
vn -0.00001526 1.00000000 0.00001514
vn -0.00001526 1.00000000 0.00001514
vn -0.00001526 1.00000000 0.00001514
vn -0.00001526 1.00000000 0.00001514
vn -0.00001526 1.00000000 0.00001514
vn -0.00001526 1.00000000 0.00001514
vn -0.00001526 1.00000000 0.00001514
vn -0.00001526 1.00000000 0.00001514
vn -0.00001526 1.00000000 0.00001514
vn -0.00001526 1.00000000 0.00001514
vn -0.00001526 1.00000000 0.00001514
vn -0.00001526 1.00000000 0.00001514
vn -0.00001526 1.00000000 0.00001514
vn -0.00001526 1.00000000 0.00001514
vn -0.00001526 1.00000000 0.00001514
vn -0.00001526 1.00000000 0.00001514
vn -0.00001526 1.00000000 0.00001514
vn -0.00001526 1.00000000 0.00001514
vn -0.00001526 1.00000000 0.00001514
vn -0.00001526 1.00000000 0.00001514
vn -0.00001526 1.00000000 0.00001514
vn -0.00001526 1.00000000 0.00001514
vn -0.00001526 1.00000000 0.00001514
vn 1.00000000 -0.00001526 0.00000000
vn 1.00000000 -0.00001526 0.00000000
vn 1.00000000 -0.00001526 0.00000000
vn 1.00000000 -0.00001526 0.00000000
vn 1.00000000 -0.00001526 0.00000000
vn 1.00000000 -0.00001526 0.00000000
vn 0.99858636 -0.00001610 0.05315345
vn 0.99858636 -0.00001610 0.05315345
vn 0.70708525 -0.00002149 0.70712835
vn 0.70708525 -0.00002149 0.70712835
vn 0.70708525 -0.00002149 0.70712835
vn 0.99858636 -0.00001610 0.05315345
vn 0.99858725 0.00001604 -0.05313659
vn 0.99858636 -0.00001610 0.05315345
vn 0.99858636 -0.00001610 0.05315345
vn 0.99858636 -0.00001610 0.05315345
vn 0.99858725 0.00001604 -0.05313659
vn 0.99858725 0.00001604 -0.05313659
vn 0.99858725 0.00001604 -0.05313659
vn 0.99858725 0.00001604 -0.05313659
vn 0.70710683 0.00002150 -0.70710677
vn 0.70710683 0.00002150 -0.70710677
vn 0.70710683 0.00002150 -0.70710677
vn 0.99858725 0.00001604 -0.05313659
vn 0.73855925 -0.00002148 0.67418855
vn 0.73855925 -0.00002148 0.67418855
vn 0.38264817 0.00002012 0.92389417
vn 0.38264817 0.00002012 0.92389417
vn 0.38264817 0.00002012 0.92389417
vn 0.73855925 -0.00002148 0.67418855
vn 0.73855925 -0.00002148 0.67418855
vn 0.73855925 -0.00002148 0.67418855
vn 0.99926627 0.00004757 0.03829992
vn 0.99926627 0.00004757 0.03829992
vn 0.99926573 -0.00001577 0.03831518
vn 0.73855925 -0.00002148 0.67418855
vn 0.99926633 0.00001583 -0.03829877
vn 0.99926573 -0.00001577 0.03831518
vn 0.99926627 0.00004757 0.03829992
vn 0.99926627 0.00004757 0.03829992
vn 0.99926633 0.00001583 -0.03829877
vn 0.99926633 0.00001583 -0.03829877
vn 0.99926633 0.00001583 -0.03829877
vn 0.99926633 0.00001583 -0.03829877
vn 0.73857981 0.00002148 -0.67416608
vn 0.73857981 0.00002148 -0.67416608
vn 0.73857981 0.00002148 -0.67416608
vn 0.99926633 0.00001583 -0.03829877
vn 0.73857981 0.00002148 -0.67416608
vn 0.73857981 0.00002148 -0.67416608
vn 0.38266221 0.00005970 -0.92388833
vn 0.38266221 0.00005970 -0.92388833
vn 0.38266221 0.00005970 -0.92388833
vn 0.73857981 0.00002148 -0.67416608
vn 0.00000000 -1.00000000 0.00000012
vn 0.00000000 -1.00000000 0.00000012
vn 0.00000000 -1.00000000 0.00000012
vn 0.00000000 -1.00000000 0.00000012
vn 0.00000000 -1.00000000 0.00000012
vn 0.00000000 -1.00000000 0.00000012
vn 0.00000000 -1.00000000 0.00000012
vn 0.00000000 -1.00000000 0.00000012
vn 0.00000000 -1.00000000 -0.00003040
vn 0.00000000 -1.00000000 -0.00003040
vn 0.00000000 -1.00000000 -0.00003040
vn 0.00000000 -1.00000000 0.00000012
vn 0.00000000 -1.00000000 -0.00003040
vn 0.00000000 -1.00000000 -0.00003040
vn 0.00000000 -1.00000000 0.00003064
vn 0.00000000 -1.00000000 0.00003064
vn 0.00000000 -1.00000000 0.00003064
vn 0.00000000 -1.00000000 -0.00003040
vn 0.00000000 -1.00000000 0.00003064
vn 0.00000000 -1.00000000 0.00003064
vn 0.00000000 -1.00000000 0.00003064
vn 0.00000000 -1.00000000 0.00003064
vn 0.00000000 -1.00000000 0.00003064
vn 0.00000000 -1.00000000 0.00003064
vn 0.00000000 -1.00000000 0.00000012
vn 0.00000000 -1.00000000 0.00003064
vn 0.00000000 -1.00000000 0.00003064
vn 0.00000000 -1.00000000 0.00003064
vn 0.00000000 -1.00000000 0.00000012
vn 0.00000000 -1.00000000 0.00000012
vn -0.00001526 1.00000000 0.00001514
vn -0.00001526 1.00000000 0.00001514
vn -0.00001526 1.00000000 0.00001514
vn -0.00001526 1.00000000 0.00001514
vn -0.00001526 1.00000000 0.00001514
vn -0.00001526 1.00000000 0.00001514
vn -0.00001526 1.00000000 0.00001514
vn -0.00001526 1.00000000 0.00001514
vn -0.00001526 1.00000000 0.00001514
vn -0.00001526 1.00000000 0.00001514
vn -0.00001526 1.00000000 0.00001514
vn -0.00001526 1.00000000 0.00001514
vn -0.00001526 1.00000000 0.00001514
vn -0.00001526 1.00000000 0.00001514
vn -0.00001526 1.00000000 0.00001514
vn -0.00001526 1.00000000 0.00001514
vn -0.00001526 1.00000000 0.00001514
vn -0.00001526 1.00000000 0.00001514
vn -0.00001526 1.00000000 0.00001514
vn -0.00001526 1.00000000 0.00001514
vn -0.00001526 1.00000000 0.00001514
vn -0.00001526 1.00000000 0.00001514
vn -0.00001526 1.00000000 0.00001514
vn -0.00001526 1.00000000 0.00001514
vn -0.00001526 1.00000000 0.00001514
vn -0.00001526 1.00000000 0.00001514
vn -0.00001526 1.00000000 0.00001514
vn -0.00001526 1.00000000 0.00001514
vn -0.00001526 1.00000000 0.00001514
vn -0.00001526 1.00000000 0.00001514
vn 1.00000000 -0.00001526 0.00000000
vn 1.00000000 -0.00001526 0.00000000
vn 1.00000000 -0.00001526 0.00000000
vn 1.00000000 -0.00001526 0.00000000
vn 1.00000000 -0.00001526 0.00000000
vn 1.00000000 -0.00001526 0.00000000
vn 0.99858618 -0.00008030 0.05315686
vn 0.99858636 -0.00001610 0.05315345
vn 0.70708525 -0.00002149 0.70712835
vn 0.70708525 -0.00002149 0.70712835
vn 0.70708525 -0.00002149 0.70712835
vn 0.99858618 -0.00008030 0.05315686
vn 0.99858725 0.00001604 -0.05313659
vn 0.99858636 -0.00001610 0.05315345
vn 0.99858618 -0.00008030 0.05315686
vn 0.99858618 -0.00008030 0.05315686
vn 0.99858725 0.00001604 -0.05313659
vn 0.99858725 0.00001604 -0.05313659
vn 0.99858725 0.00001604 -0.05313659
vn 0.99858725 0.00001604 -0.05313659
vn 0.70710683 0.00002150 -0.70710677
vn 0.70710683 0.00002150 -0.70710677
vn 0.70710683 0.00002150 -0.70710677
vn 0.99858725 0.00001604 -0.05313659
vn 0.73855925 -0.00002148 0.67418855
vn 0.73855925 -0.00002148 0.67418855
vn 0.38264817 0.00002012 0.92389417
vn 0.38264817 0.00002012 0.92389417
vn 0.38264817 0.00002012 0.92389417
vn 0.73855925 -0.00002148 0.67418855
vn 0.73855925 -0.00002148 0.67418855
vn 0.73855925 -0.00002148 0.67418855
vn 0.99926567 -0.00004743 0.03831640
vn 0.99926567 -0.00004743 0.03831640
vn 0.99926573 -0.00001577 0.03831518
vn 0.73855925 -0.00002148 0.67418855
vn 0.99926633 0.00001583 -0.03829877
vn 0.99926573 -0.00001577 0.03831518
vn 0.99926567 -0.00004743 0.03831640
vn 0.99926567 -0.00004743 0.03831640
vn 0.99926633 0.00001583 -0.03829877
vn 0.99926633 0.00001583 -0.03829877
vn 0.99926633 0.00001583 -0.03829877
vn 0.99926633 0.00001583 -0.03829877
vn 0.73857981 0.00002148 -0.67416608
vn 0.73857981 0.00002148 -0.67416608
vn 0.73857981 0.00002148 -0.67416608
vn 0.99926633 0.00001583 -0.03829877
vn 0.73857981 0.00002148 -0.67416608
vn 0.73857981 0.00002148 -0.67416608
vn 0.38266221 0.00005970 -0.92388833
vn 0.38266221 0.00005970 -0.92388833
vn 0.38266221 0.00005970 -0.92388833
vn 0.73857981 0.00002148 -0.67416608
vn 0.00000000 -1.00000000 0.00000012
vn 0.00000000 -1.00000000 0.00000012
vn 0.00000000 -1.00000000 0.00000012
vn 0.00000000 -1.00000000 0.00000012
vn 0.00000000 -1.00000000 0.00000012
vn 0.00000000 -1.00000000 0.00000012
vn 0.00000000 -1.00000000 0.00000012
vn 0.00000000 -1.00000000 0.00000012
vn -0.00003052 -1.00000000 0.00000012
vn -0.00003052 -1.00000000 0.00000012
vn -0.00003052 -1.00000000 0.00000012
vn 0.00000000 -1.00000000 0.00000012
vn -0.00003052 -1.00000000 0.00000012
vn -0.00003052 -1.00000000 0.00000012
vn 0.00000000 -1.00000000 0.00000012
vn 0.00000000 -1.00000000 0.00000012
vn 0.00000000 -1.00000000 0.00000012
vn -0.00003052 -1.00000000 0.00000012
vn 0.00000000 -1.00000000 0.00003064
vn 0.00000000 -1.00000000 0.00000012
vn 0.00000000 -1.00000000 0.00000012
vn 0.00000000 -1.00000000 0.00000012
vn 0.00000000 -1.00000000 0.00003064
vn 0.00000000 -1.00000000 0.00003064
vn 0.00000000 -1.00000000 0.00000012
vn 0.00000000 -1.00000000 0.00003064
vn 0.00000000 -1.00000000 0.00003064
vn 0.00000000 -1.00000000 0.00003064
vn 0.00000000 -1.00000000 0.00000012
vn 0.00000000 -1.00000000 0.00000012
vn 1.00000000 -0.00001526 0.00000000
vn 1.00000000 -0.00001526 0.00000000
vn 1.00000000 -0.00001526 0.00000000
vn 1.00000000 -0.00001526 0.00000000
vn 1.00000000 -0.00001526 0.00000000
vn 1.00000000 -0.00001526 0.00000000
vn -0.00001526 1.00000000 0.00001514
vn -0.00001526 1.00000000 0.00001514
vn -0.00001526 1.00000000 0.00001514
vn -0.00001526 1.00000000 0.00001514
vn -0.00001526 1.00000000 0.00001514
vn -0.00001526 1.00000000 0.00001514
vn -0.00001526 1.00000000 0.00001514
vn -0.00001526 1.00000000 0.00001514
vn -0.00001526 1.00000000 0.00001514
vn -0.00001526 1.00000000 0.00001514
vn -0.00001526 1.00000000 0.00001514
vn -0.00001526 1.00000000 0.00001514
vn -0.00001526 1.00000000 0.00001514
vn -0.00001526 1.00000000 0.00001514
vn -0.00001526 1.00000000 0.00001514
vn -0.00001526 1.00000000 0.00001514
vn -0.00001526 1.00000000 0.00001514
vn -0.00001526 1.00000000 0.00001514
vn -0.00001526 1.00000000 0.00001514
vn -0.00001526 1.00000000 0.00001514
vn -0.00001526 1.00000000 0.00001514
vn -0.00001526 1.00000000 0.00001514
vn -0.00001526 1.00000000 0.00001514
vn -0.00001526 1.00000000 0.00001514
vn -0.00001526 1.00000000 0.00001514
vn -0.00001526 1.00000000 0.00001514
vn -0.00001526 1.00000000 0.00001514
vn -0.00001526 1.00000000 0.00001514
vn -0.00001526 1.00000000 0.00001514
vn -0.00001526 1.00000000 0.00001514
vn 1.00000000 -0.00001526 0.00000000
vn 1.00000000 -0.00001526 0.00000000
vn 1.00000000 -0.00001526 0.00000000
vn 1.00000000 -0.00001526 0.00000000
vn 1.00000000 -0.00001526 0.00000000
vn 1.00000000 -0.00001526 0.00000000
vn 0.99858636 -0.00001610 0.05315345
vn 0.99858636 -0.00001610 0.05315345
vn 0.70708525 -0.00002149 0.70712835
vn 0.70708525 -0.00002149 0.70712835
vn 0.70708525 -0.00002149 0.70712835
vn 0.99858636 -0.00001610 0.05315345
vn 0.99858636 -0.00001606 -0.05315345
vn 0.99858636 -0.00001610 0.05315345
vn 0.99858636 -0.00001610 0.05315345
vn 0.99858636 -0.00001610 0.05315345
vn 0.99858725 0.00001604 -0.05313659
vn 0.99858636 -0.00001606 -0.05315345
vn 0.99858636 -0.00001606 -0.05315345
vn 0.99858725 0.00001604 -0.05313659
vn 0.70710683 0.00002150 -0.70710677
vn 0.70710683 0.00002150 -0.70710677
vn 0.70710683 0.00002150 -0.70710677
vn 0.99858636 -0.00001606 -0.05315345
vn 0.73855925 -0.00002148 0.67418855
vn 0.73855925 -0.00002148 0.67418855
vn 0.38264817 0.00002012 0.92389417
vn 0.38264817 0.00002012 0.92389417
vn 0.38264817 0.00002012 0.92389417
vn 0.73855925 -0.00002148 0.67418855
vn 0.73855925 -0.00002148 0.67418855
vn 0.73855925 -0.00002148 0.67418855
vn 0.99926573 -0.00001577 0.03831518
vn 0.99926573 -0.00001577 0.03831518
vn 0.99926573 -0.00001577 0.03831518
vn 0.73855925 -0.00002148 0.67418855
vn 0.99926573 -0.00001577 0.03831518
vn 0.99926573 -0.00001577 0.03831518
vn 0.99926633 0.00001583 -0.03829877
vn 0.99926633 0.00001583 -0.03829877
vn 0.99926633 0.00001583 -0.03829877
vn 0.99926573 -0.00001577 0.03831518
vn 0.99926633 0.00001583 -0.03829877
vn 0.99926633 0.00001583 -0.03829877
vn 0.73857981 0.00002148 -0.67416608
vn 0.73857981 0.00002148 -0.67416608
vn 0.73856020 0.00006459 -0.67418754
vn 0.99926633 0.00001583 -0.03829877
vn 0.73856020 0.00006459 -0.67418754
vn 0.73857981 0.00002148 -0.67416608
vn 0.38266221 0.00005970 -0.92388833
vn 0.38266221 0.00005970 -0.92388833
vn 0.38266221 0.00005970 -0.92388833
vn 0.73856020 0.00006459 -0.67418754
vn 0.38266221 0.00005970 -0.92388833
vn 0.38266221 0.00005970 -0.92388833
vn 0.70710683 0.00002150 -0.70710677
vn 0.70710683 0.00002150 -0.70710677
vn 0.70710683 0.00002150 -0.70710677
vn 0.38266221 0.00005970 -0.92388833
vn -0.00003052 -1.00000000 0.00000012
vn -0.00003052 -1.00000000 0.00000012
vn -0.00003052 -1.00000000 0.00000012
vn -0.00003052 -1.00000000 0.00000012
vn -0.00003052 -1.00000000 0.00000012
vn -0.00003052 -1.00000000 0.00000012
vn -0.00003052 -1.00000000 0.00000012
vn -0.00003052 -1.00000000 0.00000012
vn 0.00003052 -1.00000000 0.00000012
vn 0.00003052 -1.00000000 0.00000012
vn 0.00003052 -1.00000000 0.00000012
vn -0.00003052 -1.00000000 0.00000012
vn 0.00003052 -1.00000000 0.00000012
vn 0.00003052 -1.00000000 0.00000012
vn 0.00003052 -1.00000000 0.00000012
vn 0.00003052 -1.00000000 0.00000012
vn 0.00003052 -1.00000000 0.00000012
vn 0.00003052 -1.00000000 0.00000012
vn 0.00000000 -1.00000000 0.00000012
vn 0.00003052 -1.00000000 0.00000012
vn 0.00003052 -1.00000000 0.00000012
vn 0.00003052 -1.00000000 0.00000012
vn 0.00000000 -1.00000000 0.00000012
vn 0.00000000 -1.00000000 0.00000012
vn 0.00000000 -1.00000000 0.00000012
vn 0.00000000 -1.00000000 0.00000012
vn 0.00000000 -1.00000000 0.00000012
vn 0.00000000 -1.00000000 0.00000012
vn 0.00000000 -1.00000000 0.00000012
vn 0.00000000 -1.00000000 0.00000012
vn 1.00000000 -0.00001526 0.00000000
vn 1.00000000 -0.00001526 0.00000000
vn 1.00000000 -0.00001526 0.00000000
vn 1.00000000 -0.00001526 0.00000000
vn 1.00000000 -0.00001526 0.00000000
vn 1.00000000 -0.00001526 0.00000000
vn 0.38266221 0.00005970 -0.92388833
vn 0.38266221 0.00005970 -0.92388833
vn 0.70710683 0.00002150 -0.70710677
vn 0.70710683 0.00002150 -0.70710677
vn 0.70710683 0.00002150 -0.70710677
vn 0.38266221 0.00005970 -0.92388833
vn 0.73036575 0.05687118 0.68068463
vn 0.99529904 0.08233734 0.05099374
vn 0.99860871 0.00001599 0.05273229
vn 0.99860871 0.00001599 0.05273229
vn 0.71158105 0.00002175 0.70260400
vn 0.73036575 0.05687118 0.68068463
vn 0.99529904 0.08233734 0.05099374
vn 0.73036575 0.05687118 0.68068463
vn 0.66986370 0.36519599 0.64646310
vn 0.99860871 0.00001599 0.05273229
vn 0.99529904 0.08233734 0.05099374
vn 0.99529797 0.08237168 -0.05095927
vn 0.99529797 0.08237168 -0.05095927
vn 0.99861038 0.00004812 -0.05270023
vn 0.99860871 0.00001599 0.05273229
vn 0.66986370 0.36519599 0.64646310
vn 0.87470442 0.48217598 0.04897481
vn 0.99529904 0.08233734 0.05099374
vn 0.99529797 0.08237168 -0.05095927
vn 0.99529904 0.08233734 0.05099374
vn 0.87470442 0.48217598 0.04897481
vn 0.53246897 0.84503281 0.04895232
vn 0.87470442 0.48217598 0.04897481
vn 0.66986370 0.36519599 0.64646310
vn 0.66986370 0.36519599 0.64646310
vn 0.40386820 0.64752090 0.64622533
vn 0.53246897 0.84503281 0.04895232
vn 0.99861038 0.00004812 -0.05270023
vn 0.99529797 0.08237168 -0.05095927
vn 0.73038626 0.05691749 -0.68065876
vn 0.73038626 0.05691749 -0.68065876
vn 0.71160257 0.00006466 -0.70258218
vn 0.99861038 0.00004812 -0.05270023
vn 0.66987336 0.36525247 -0.64642119
vn 0.73038626 0.05691749 -0.68065876
vn 0.99529797 0.08237168 -0.05095927
vn 0.87454718 0.48246509 -0.04893514
vn 0.87470442 0.48217598 0.04897481
vn 0.53246897 0.84503281 0.04895232
vn 0.87470442 0.48217598 0.04897481
vn 0.87454718 0.48246509 -0.04893514
vn 0.99529797 0.08237168 -0.05095927
vn 0.99529797 0.08237168 -0.05095927
vn 0.87454718 0.48246509 -0.04893514
vn 0.66987336 0.36525247 -0.64642119
vn 0.53246897 0.84503281 0.04895232
vn 0.53245050 0.84504706 -0.04890720
vn 0.87454718 0.48246509 -0.04893514
vn 0.66987336 0.36525247 -0.64642119
vn 0.87454718 0.48246509 -0.04893514
vn 0.53245050 0.84504706 -0.04890720
vn 0.53245050 0.84504706 -0.04890720
vn 0.40392506 0.64752877 -0.64618194
vn 0.66987336 0.36525247 -0.64642119
vn 1.00000000 -0.00001526 0.00000000
vn 1.00000000 -0.00001526 0.00000000
vn 1.00000000 -0.00001526 0.00000000
vn 1.00000000 -0.00001526 0.00000000
vn 1.00000000 -0.00001526 0.00000000
vn 1.00000000 -0.00001526 0.00000000
vn 0.38266221 0.00005970 -0.92388833
vn 0.38266221 0.00005970 -0.92388833
vn 0.70710683 0.00002150 -0.70710677
vn 0.70710683 0.00002150 -0.70710677
vn 0.70710683 0.00002150 -0.70710677
vn 0.38266221 0.00005970 -0.92388833
vn 1.00000000 -0.00001526 0.00000000
vn 1.00000000 -0.00001526 0.00000000
vn 1.00000000 -0.00001526 0.00000000
vn 1.00000000 -0.00001526 0.00000000
vn 1.00000000 -0.00001526 0.00000000
vn 1.00000000 -0.00001526 0.00000000
vn 0.38266221 0.00005970 -0.92388833
vn 0.38266221 0.00005970 -0.92388833
vn 0.70710683 0.00002150 -0.70710677
vn 0.70710683 0.00002150 -0.70710677
vn 0.70710683 0.00002150 -0.70710677
vn 0.38266221 0.00005970 -0.92388833
vn 1.00000000 -0.00001526 0.00000000
vn 1.00000000 -0.00001526 0.00000000
vn 1.00000000 -0.00001526 0.00000000
vn 1.00000000 -0.00001526 0.00000000
vn 1.00000000 -0.00001526 0.00000000
vn 1.00000000 -0.00001526 0.00000000
vn -0.47985774 -0.73452222 -0.47980586
vn -0.47985774 -0.73452222 -0.47980586
vn -0.70326638 -0.71009272 -0.03441874
vn -0.70326638 -0.71009272 -0.03441874
vn -0.70326638 -0.71009272 -0.03441874
vn -0.47985774 -0.73452222 -0.47980586
vn -0.70322204 -0.71013671 0.03441890
vn -0.70326638 -0.71009272 -0.03441874
vn -0.70326638 -0.71009272 -0.03441874
vn -0.70326638 -0.71009272 -0.03441874
vn -0.70322204 -0.71013671 0.03441890
vn -0.70322204 -0.71013671 0.03441890
vn -0.47979972 -0.73456413 0.47979978
vn -0.70322204 -0.71013671 0.03441890
vn -0.70322204 -0.71013671 0.03441890
vn -0.70322204 -0.71013671 0.03441890
vn -0.47979972 -0.73456413 0.47979978
vn -0.47979972 -0.73456413 0.47979978
vn 0.70711762 -0.70709598 0.00000008
vn 0.70711762 -0.70709598 0.00000008
vn 0.70711762 -0.70709598 0.00000008
vn 0.70711762 -0.70709598 0.00000008
vn 0.70711762 -0.70709598 0.00000008
vn 0.70711762 -0.70709598 0.00000008
vn 0.00000000 -0.00001538 -1.00000000
vn 0.00000000 -0.00001538 -1.00000000
vn 0.00000000 -0.00001538 -1.00000000
vn 0.00000000 -0.00001538 -1.00000000
vn 0.00000000 -0.00001538 -1.00000000
vn 0.00000000 -0.00001538 -1.00000000
vn 0.00000000 -0.00001538 -1.00000000
vn 0.00000000 -0.00001538 -1.00000000
vn 0.00000000 -0.00001538 -1.00000000
vn 0.00000000 -0.00001538 -1.00000000
vn 0.00000000 -0.00001538 -1.00000000
vn 0.00000000 -0.00001538 -1.00000000
vn 0.00000000 -0.00001538 -1.00000000
vn 0.00000000 -0.00001538 -1.00000000
vn 0.00000000 -0.00001538 -1.00000000
vn 0.00000000 -0.00001538 -1.00000000
vn 0.00000000 -0.00001538 -1.00000000
vn 0.00000000 -0.00001538 -1.00000000
vn 0.00000000 -0.00001538 -1.00000000
vn 0.00000000 -0.00001538 -1.00000000
vn 0.00000000 -0.00001538 -1.00000000
vn 0.00000000 -0.00001538 -1.00000000
vn 0.00000000 -0.00001538 -1.00000000
vn 0.00000000 -0.00001538 -1.00000000
vn 0.00000000 -0.00001538 -1.00000000
vn 0.00000000 -0.00001538 -1.00000000
vn 0.00000000 -0.00001538 -1.00000000
vn 0.00000000 -0.00001538 -1.00000000
vn 0.00000000 -0.00001538 -1.00000000
vn 0.00000000 -0.00001538 -1.00000000
vn 0.00000000 -0.00001538 -1.00000000
vn 0.00000000 -0.00001538 -1.00000000
vn 0.00000000 -0.00001538 -1.00000000
vn 0.00000000 -0.00001538 -1.00000000
vn 0.00000000 -0.00001538 -1.00000000
vn 0.00000000 -0.00001538 -1.00000000
vn 0.00000000 -0.00001538 -1.00000000
vn 0.00000000 -0.00001538 -1.00000000
vn 0.00000000 -0.00001538 -1.00000000
vn 0.00000000 -0.00001538 -1.00000000
vn 0.00000000 -0.00001538 -1.00000000
vn 0.00000000 -0.00001538 -1.00000000
vn 0.00000000 -1.00000000 0.00000012
vn 0.00000000 -1.00000000 0.00000012
vn 0.00000000 -1.00000000 0.00000012
vn 0.00000000 -1.00000000 0.00000012
vn 0.00000000 -1.00000000 0.00000012
vn 0.00000000 -1.00000000 0.00000012
vn -1.00000000 -0.00001526 0.00000000
vn -0.99996352 0.00854090 0.00001539
vn -0.99996328 0.00857220 -0.00004617
vn -0.99996328 0.00857220 -0.00004617
vn -1.00000000 -0.00001526 0.00000000
vn -1.00000000 -0.00001526 0.00000000
vn -0.99996328 0.00857220 -0.00004617
vn -0.99996352 0.00854090 0.00001539
vn -0.92389411 0.38264817 0.00001989
vn -0.92389411 0.38264817 0.00001989
vn -0.92389411 0.38264817 0.00001989
vn -0.99996328 0.00857220 -0.00004617
vn 0.99996322 0.00857247 0.00007695
vn 1.00000000 -0.00001526 0.00000000
vn 1.00000000 -0.00001526 0.00000000
vn 1.00000000 -0.00001526 0.00000000
vn 0.99996328 0.00857194 0.00001539
vn 0.99996322 0.00857247 0.00007695
vn 0.99996322 0.00857247 0.00007695
vn 0.99996328 0.00857194 0.00001539
vn 0.92387426 0.38269621 0.00001989
vn 0.92387426 0.38269621 0.00001989
vn 0.92387426 0.38269621 0.00001989
vn 0.99996322 0.00857247 0.00007695
vn 0.92389709 -0.38264099 0.00000005
vn 0.92389709 -0.38264099 0.00000005
vn 0.92389709 -0.38264099 0.00000005
vn 0.92389709 -0.38264099 0.00000005
vn 0.92389709 -0.38264099 0.00000005
vn 0.92389709 -0.38264099 0.00000005
vn 0.38271323 -0.92386717 0.00000011
vn 0.38271323 -0.92386717 0.00000011
vn 0.38271323 -0.92386717 0.00000011
vn 0.38271323 -0.92386717 0.00000011
vn 0.38271323 -0.92386717 0.00000011
vn 0.38271323 -0.92386717 0.00000011
vn -0.38271323 -0.92386717 0.00000011
vn -0.38271323 -0.92386717 0.00000011
vn -0.38271323 -0.92386717 0.00000011
vn -0.38271323 -0.92386717 0.00000011
vn -0.38271323 -0.92386717 0.00000011
vn -0.38271323 -0.92386717 0.00000011
vn -0.92389709 -0.38264099 0.00000005
vn -0.92389709 -0.38264099 0.00000005
vn -0.92389709 -0.38264099 0.00000005
vn -0.92389709 -0.38264099 0.00000005
vn -0.92389709 -0.38264099 0.00000005
vn -0.92389709 -0.38264099 0.00000005
vn 0.00000000 -0.00001538 -1.00000000
vn 0.00000000 -0.00001538 -1.00000000
vn 0.00000000 -0.00001538 -1.00000000
vn 0.00000000 -0.00001538 -1.00000000
vn 0.00000000 -0.00001538 -1.00000000
vn 0.00000000 -0.00001538 -1.00000000
vn 0.00000000 -0.00001538 -1.00000000
vn 0.00000000 -0.00001538 -1.00000000
vn 0.00000000 -0.00001538 -1.00000000
vn 0.00000000 -0.00001538 -1.00000000
vn 0.00000000 -0.00001538 -1.00000000
vn 0.00000000 -0.00001538 -1.00000000
vn 0.00000000 -0.00001538 -1.00000000
vn 0.00000000 -0.00001538 -1.00000000
vn 0.00000000 -0.00001538 -1.00000000
vn 0.00000000 -0.00001538 -1.00000000
vn 0.00000000 -0.00001538 -1.00000000
vn 0.00000000 -0.00001538 -1.00000000
vn 0.00000000 -0.00001538 -1.00000000
vn 0.00000000 -0.00001538 -1.00000000
vn 0.00000000 -0.00001538 -1.00000000
vn 0.00000000 -0.00001538 -1.00000000
vn 0.00000000 -0.00001538 -1.00000000
vn 0.00000000 -0.00001538 -1.00000000
vn 0.00000000 -0.00001538 -1.00000000
vn 0.00000000 -0.00001538 -1.00000000
vn 0.00000000 -0.00001538 -1.00000000
vn 0.00000000 -0.00001538 -1.00000000
vn 0.00000000 -0.00001538 -1.00000000
vn 0.00000000 -0.00001538 -1.00000000
vn -0.00001526 1.00000000 0.00001514
vn -0.00001526 1.00000000 0.00001514
vn -0.00001526 1.00000000 0.00001514
vn -0.00001526 1.00000000 0.00001514
vn -0.00001526 1.00000000 0.00001514
vn -0.00001526 1.00000000 0.00001514
vn 0.00000000 -1.00000000 0.00000012
vn 0.00000000 -1.00000000 0.00000012
vn 0.00000000 -1.00000000 0.00000012
vn 0.00000000 -1.00000000 0.00000012
vn 0.00000000 -1.00000000 0.00000012
vn 0.00000000 -1.00000000 0.00000012
vn 0.00000000 -0.00001538 -1.00000000
vn 0.00000000 -0.00001538 -1.00000000
vn 0.00000000 -0.00001538 -1.00000000
vn 0.00000000 -0.00001538 -1.00000000
vn 0.00000000 -0.00001538 -1.00000000
vn 0.00000000 -0.00001538 -1.00000000
vn -1.00000000 -0.00001526 0.00000000
vn -1.00000000 -0.00001526 0.00000000
vn -1.00000000 -0.00001526 0.00000000
vn -1.00000000 -0.00001526 0.00000000
vn -1.00000000 -0.00001526 0.00000000
vn -1.00000000 -0.00001526 0.00000000
vn 1.00000000 -0.00001526 0.00000000
vn 1.00000000 -0.00001526 0.00000000
vn 1.00000000 -0.00001526 0.00000000
vn 1.00000000 -0.00001526 0.00000000
vn 1.00000000 -0.00001526 0.00000000
vn 1.00000000 -0.00001526 0.00000000
vn -0.00001526 1.00000000 0.00001514
vn -0.00001526 1.00000000 0.00001514
vn -0.00001526 1.00000000 0.00001514
vn -0.00001526 1.00000000 0.00001514
vn -0.00001526 1.00000000 0.00001514
vn -0.00001526 1.00000000 0.00001514
vn 0.00000000 -1.00000000 0.00000012
vn 0.00000000 -1.00000000 0.00000012
vn 0.00000000 -1.00000000 0.00000012
vn 0.00000000 -1.00000000 0.00000012
vn 0.00000000 -1.00000000 0.00000012
vn 0.00000000 -1.00000000 0.00000012
vn 0.00000000 -0.00001538 -1.00000000
vn 0.00000000 -0.00001538 -1.00000000
vn 0.00000000 -0.00001538 -1.00000000
vn 0.00000000 -0.00001538 -1.00000000
vn 0.00000000 -0.00001538 -1.00000000
vn 0.00000000 -0.00001538 -1.00000000
vn -1.00000000 -0.00001526 0.00000000
vn -1.00000000 -0.00001526 0.00000000
vn -1.00000000 -0.00001526 0.00000000
vn -1.00000000 -0.00001526 0.00000000
vn -1.00000000 -0.00001526 0.00000000
vn -1.00000000 -0.00001526 0.00000000
vn 1.00000000 -0.00001526 0.00000000
vn 1.00000000 -0.00001526 0.00000000
vn 1.00000000 -0.00001526 0.00000000
vn 1.00000000 -0.00001526 0.00000000
vn 1.00000000 -0.00001526 0.00000000
vn 1.00000000 -0.00001526 0.00000000
vn -0.00001526 1.00000000 0.00001514
vn -0.00001526 1.00000000 0.00001514
vn -0.00001526 1.00000000 0.00001514
vn -0.00001526 1.00000000 0.00001514
vn -0.00001526 1.00000000 0.00001514
vn -0.00001526 1.00000000 0.00001514
vn 0.00000000 -1.00000000 0.00000012
vn 0.00000000 -1.00000000 0.00000012
vn 0.00000000 -1.00000000 0.00000012
vn 0.00000000 -1.00000000 0.00000012
vn 0.00000000 -1.00000000 0.00000012
vn 0.00000000 -1.00000000 0.00000012
vn 0.00000000 -0.00001538 -1.00000000
vn 0.00000000 -0.00001538 -1.00000000
vn 0.00000000 -0.00001538 -1.00000000
vn 0.00000000 -0.00001538 -1.00000000
vn 0.00000000 -0.00001538 -1.00000000
vn 0.00000000 -0.00001538 -1.00000000
vn -1.00000000 -0.00001526 0.00000000
vn -1.00000000 -0.00001526 0.00000000
vn -1.00000000 -0.00001526 0.00000000
vn -1.00000000 -0.00001526 0.00000000
vn -1.00000000 -0.00001526 0.00000000
vn -1.00000000 -0.00001526 0.00000000
vn 1.00000000 -0.00001526 0.00000000
vn 1.00000000 -0.00001526 0.00000000
vn 1.00000000 -0.00001526 0.00000000
vn 1.00000000 -0.00001526 0.00000000
vn 1.00000000 -0.00001526 0.00000000
vn 1.00000000 -0.00001526 0.00000000
vn -0.00001526 1.00000000 0.00001514
vn -0.00001526 1.00000000 0.00001514
vn -0.00001526 1.00000000 0.00001514
vn -0.00001526 1.00000000 0.00001514
vn -0.00001526 1.00000000 0.00001514
vn -0.00001526 1.00000000 0.00001514
vn 0.00000000 -1.00000000 0.00000012
vn 0.00000000 -1.00000000 0.00000012
vn 0.00000000 -1.00000000 0.00000012
vn 0.00000000 -1.00000000 0.00000012
vn 0.00000000 -1.00000000 0.00000012
vn 0.00000000 -1.00000000 0.00000012
vn 0.00000000 -0.00001538 -1.00000000
vn 0.00000000 -0.00001538 -1.00000000
vn 0.00000000 -0.00001538 -1.00000000
vn 0.00000000 -0.00001538 -1.00000000
vn 0.00000000 -0.00001538 -1.00000000
vn 0.00000000 -0.00001538 -1.00000000
vn -1.00000000 -0.00001526 0.00000000
vn -1.00000000 -0.00001526 0.00000000
vn -1.00000000 -0.00001526 0.00000000
vn -1.00000000 -0.00001526 0.00000000
vn -1.00000000 -0.00001526 0.00000000
vn -1.00000000 -0.00001526 0.00000000
vn 1.00000000 -0.00001526 0.00000000
vn 1.00000000 -0.00001526 0.00000000
vn 1.00000000 -0.00001526 0.00000000
vn 1.00000000 -0.00001526 0.00000000
vn 1.00000000 -0.00001526 0.00000000
vn 1.00000000 -0.00001526 0.00000000
vn -0.00001526 1.00000000 0.00001514
vn -0.00001526 1.00000000 0.00001514
vn -0.00001526 1.00000000 0.00001514
vn -0.00001526 1.00000000 0.00001514
vn -0.00001526 1.00000000 0.00001514
vn -0.00001526 1.00000000 0.00001514
vn 0.00000000 -1.00000000 0.00000012
vn 0.00000000 -1.00000000 0.00000012
vn 0.00000000 -1.00000000 0.00000012
vn 0.00000000 -1.00000000 0.00000012
vn 0.00000000 -1.00000000 0.00000012
vn 0.00000000 -1.00000000 0.00000012
vn 0.00000000 -0.00001538 -1.00000000
vn 0.00000000 -0.00001538 -1.00000000
vn 0.00000000 -0.00001538 -1.00000000
vn 0.00000000 -0.00001538 -1.00000000
vn 0.00000000 -0.00001538 -1.00000000
vn 0.00000000 -0.00001538 -1.00000000
vn -1.00000000 -0.00001526 0.00000000
vn -1.00000000 -0.00001526 0.00000000
vn -1.00000000 -0.00001526 0.00000000
vn -1.00000000 -0.00001526 0.00000000
vn -1.00000000 -0.00001526 0.00000000
vn -1.00000000 -0.00001526 0.00000000
vn 1.00000000 -0.00001526 0.00000000
vn 1.00000000 -0.00001526 0.00000000
vn 1.00000000 -0.00001526 0.00000000
vn 1.00000000 -0.00001526 0.00000000
vn 1.00000000 -0.00001526 0.00000000
vn 1.00000000 -0.00001526 0.00000000
vn -0.00001526 1.00000000 0.00001514
vn -0.00001526 1.00000000 0.00001514
vn -0.00001526 1.00000000 0.00001514
vn -0.00001526 1.00000000 0.00001514
vn -0.00001526 1.00000000 0.00001514
vn -0.00001526 1.00000000 0.00001514
vn 0.00000000 -1.00000000 0.00000012
vn 0.00000000 -1.00000000 0.00000012
vn 0.00000000 -1.00000000 0.00000012
vn 0.00000000 -1.00000000 0.00000012
vn 0.00000000 -1.00000000 0.00000012
vn 0.00000000 -1.00000000 0.00000012
vn 0.00000000 -0.00001538 -1.00000000
vn 0.00000000 -0.00001538 -1.00000000
vn 0.00000000 -0.00001538 -1.00000000
vn 0.00000000 -0.00001538 -1.00000000
vn 0.00000000 -0.00001538 -1.00000000
vn 0.00000000 -0.00001538 -1.00000000
vn -1.00000000 -0.00001526 0.00000000
vn -1.00000000 -0.00001526 0.00000000
vn -1.00000000 -0.00001526 0.00000000
vn -1.00000000 -0.00001526 0.00000000
vn -1.00000000 -0.00001526 0.00000000
vn -1.00000000 -0.00001526 0.00000000
vn 1.00000000 -0.00001526 0.00000000
vn 1.00000000 -0.00001526 0.00000000
vn 1.00000000 -0.00001526 0.00000000
vn 1.00000000 -0.00001526 0.00000000
vn 1.00000000 -0.00001526 0.00000000
vn 1.00000000 -0.00001526 0.00000000
vn -0.00001526 1.00000000 0.00001514
vn -0.00001526 1.00000000 0.00001514
vn -0.00001526 1.00000000 0.00001514
vn -0.00001526 1.00000000 0.00001514
vn -0.00001526 1.00000000 0.00001514
vn -0.00001526 1.00000000 0.00001514
vn 0.00000000 -1.00000000 0.00000012
vn 0.00000000 -1.00000000 0.00000012
vn 0.00000000 -1.00000000 0.00000012
vn 0.00000000 -1.00000000 0.00000012
vn 0.00000000 -1.00000000 0.00000012
vn 0.00000000 -1.00000000 0.00000012
vn 0.00000000 -0.00001538 -1.00000000
vn 0.00000000 -0.00001538 -1.00000000
vn 0.00000000 -0.00001538 -1.00000000
vn 0.00000000 -0.00001538 -1.00000000
vn 0.00000000 -0.00001538 -1.00000000
vn 0.00000000 -0.00001538 -1.00000000
vn -1.00000000 -0.00001526 0.00000000
vn -1.00000000 -0.00001526 0.00000000
vn -1.00000000 -0.00001526 0.00000000
vn -1.00000000 -0.00001526 0.00000000
vn -1.00000000 -0.00001526 0.00000000
vn -1.00000000 -0.00001526 0.00000000
vn 1.00000000 -0.00001526 0.00000000
vn 1.00000000 -0.00001526 0.00000000
vn 1.00000000 -0.00001526 0.00000000
vn 1.00000000 -0.00001526 0.00000000
vn 1.00000000 -0.00001526 0.00000000
vn 1.00000000 -0.00001526 0.00000000
vn -0.00001526 1.00000000 0.00001514
vn -0.00001526 1.00000000 0.00001514
vn -0.00001526 1.00000000 0.00001514
vn -0.00001526 1.00000000 0.00001514
vn -0.00001526 1.00000000 0.00001514
vn -0.00001526 1.00000000 0.00001514
vn 0.00000000 -1.00000000 0.00000012
vn 0.00000000 -1.00000000 0.00000012
vn 0.00000000 -1.00000000 0.00000012
vn 0.00000000 -1.00000000 0.00000012
vn 0.00000000 -1.00000000 0.00000012
vn 0.00000000 -1.00000000 0.00000012
vn 0.00000000 -0.00001538 -1.00000000
vn 0.00000000 -0.00001538 -1.00000000
vn 0.00000000 -0.00001538 -1.00000000
vn 0.00000000 -0.00001538 -1.00000000
vn 0.00000000 -0.00001538 -1.00000000
vn 0.00000000 -0.00001538 -1.00000000
vn -1.00000000 -0.00001526 0.00000000
vn -1.00000000 -0.00001526 0.00000000
vn -1.00000000 -0.00001526 0.00000000
vn -1.00000000 -0.00001526 0.00000000
vn -1.00000000 -0.00001526 0.00000000
vn -1.00000000 -0.00001526 0.00000000
vn 1.00000000 -0.00001526 0.00000000
vn 1.00000000 -0.00001526 0.00000000
vn 1.00000000 -0.00001526 0.00000000
vn 1.00000000 -0.00001526 0.00000000
vn 1.00000000 -0.00001526 0.00000000
vn 1.00000000 -0.00001526 0.00000000
vn -0.00001526 1.00000000 0.00001514
vn -0.00001526 1.00000000 0.00001514
vn -0.00001526 1.00000000 0.00001514
vn -0.00001526 1.00000000 0.00001514
vn -0.00001526 1.00000000 0.00001514
vn -0.00001526 1.00000000 0.00001514
vn 0.00000000 -1.00000000 0.00000012
vn 0.00000000 -1.00000000 0.00000012
vn 0.00000000 -1.00000000 0.00000012
vn 0.00000000 -1.00000000 0.00000012
vn 0.00000000 -1.00000000 0.00000012
vn 0.00000000 -1.00000000 0.00000012
vn 0.00000000 -0.00001538 -1.00000000
vn 0.00000000 -0.00001538 -1.00000000
vn 0.00000000 -0.00001538 -1.00000000
vn 0.00000000 -0.00001538 -1.00000000
vn 0.00000000 -0.00001538 -1.00000000
vn 0.00000000 -0.00001538 -1.00000000
vn -1.00000000 -0.00001526 0.00000000
vn -1.00000000 -0.00001526 0.00000000
vn -1.00000000 -0.00001526 0.00000000
vn -1.00000000 -0.00001526 0.00000000
vn -1.00000000 -0.00001526 0.00000000
vn -1.00000000 -0.00001526 0.00000000
vn 1.00000000 -0.00001526 0.00000000
vn 1.00000000 -0.00001526 0.00000000
vn 1.00000000 -0.00001526 0.00000000
vn 1.00000000 -0.00001526 0.00000000
vn 1.00000000 -0.00001526 0.00000000
vn 1.00000000 -0.00001526 0.00000000
vn -0.00001526 1.00000000 0.00001514
vn -0.00001526 1.00000000 0.00001514
vn -0.00001526 1.00000000 0.00001514
vn -0.00001526 1.00000000 0.00001514
vn -0.00001526 1.00000000 0.00001514
vn -0.00001526 1.00000000 0.00001514
vn 0.00000000 -1.00000000 0.00000012
vn 0.00000000 -1.00000000 0.00000012
vn 0.00000000 -1.00000000 0.00000012
vn 0.00000000 -1.00000000 0.00000012
vn 0.00000000 -1.00000000 0.00000012
vn 0.00000000 -1.00000000 0.00000012
vn 0.00000000 -0.00001538 -1.00000000
vn 0.00000000 -0.00001538 -1.00000000
vn 0.00000000 -0.00001538 -1.00000000
vn 0.00000000 -0.00001538 -1.00000000
vn 0.00000000 -0.00001538 -1.00000000
vn 0.00000000 -0.00001538 -1.00000000
vn -1.00000000 -0.00001526 0.00000000
vn -1.00000000 -0.00001526 0.00000000
vn -1.00000000 -0.00001526 0.00000000
vn -1.00000000 -0.00001526 0.00000000
vn -1.00000000 -0.00001526 0.00000000
vn -1.00000000 -0.00001526 0.00000000
vn 1.00000000 -0.00001526 0.00000000
vn 1.00000000 -0.00001526 0.00000000
vn 1.00000000 -0.00001526 0.00000000
vn 1.00000000 -0.00001526 0.00000000
vn 1.00000000 -0.00001526 0.00000000
vn 1.00000000 -0.00001526 0.00000000
vn -0.00001526 1.00000000 0.00001514
vn -0.00001526 1.00000000 0.00001514
vn -0.00001526 1.00000000 0.00001514
vn -0.00001526 1.00000000 0.00001514
vn -0.00001526 1.00000000 0.00001514
vn -0.00001526 1.00000000 0.00001514
vn 0.00000000 -1.00000000 0.00000012
vn 0.00000000 -1.00000000 0.00000012
vn 0.00000000 -1.00000000 0.00000012
vn 0.00000000 -1.00000000 0.00000012
vn 0.00000000 -1.00000000 0.00000012
vn 0.00000000 -1.00000000 0.00000012
vn 0.00000000 -0.00001538 -1.00000000
vn 0.00000000 -0.00001538 -1.00000000
vn 0.00000000 -0.00001538 -1.00000000
vn 0.00000000 -0.00001538 -1.00000000
vn 0.00000000 -0.00001538 -1.00000000
vn 0.00000000 -0.00001538 -1.00000000
vn -1.00000000 -0.00001526 0.00000000
vn -1.00000000 -0.00001526 0.00000000
vn -1.00000000 -0.00001526 0.00000000
vn -1.00000000 -0.00001526 0.00000000
vn -1.00000000 -0.00001526 0.00000000
vn -1.00000000 -0.00001526 0.00000000
vn 1.00000000 -0.00001526 0.00000000
vn 1.00000000 -0.00001526 0.00000000
vn 1.00000000 -0.00001526 0.00000000
vn 1.00000000 -0.00001526 0.00000000
vn 1.00000000 -0.00001526 0.00000000
vn 1.00000000 -0.00001526 0.00000000
vn -0.00001526 1.00000000 0.00001514
vn -0.00001526 1.00000000 0.00001514
vn -0.00001526 1.00000000 0.00001514
vn -0.00001526 1.00000000 0.00001514
vn -0.00001526 1.00000000 0.00001514
vn -0.00001526 1.00000000 0.00001514
vn 0.00000000 -1.00000000 0.00000012
vn 0.00000000 -1.00000000 0.00000012
vn 0.00000000 -1.00000000 0.00000012
vn 0.00000000 -1.00000000 0.00000012
vn 0.00000000 -1.00000000 0.00000012
vn 0.00000000 -1.00000000 0.00000012
vn 0.00000000 -0.00001538 -1.00000000
vn 0.00000000 -0.00001538 -1.00000000
vn 0.00000000 -0.00001538 -1.00000000
vn 0.00000000 -0.00001538 -1.00000000
vn 0.00000000 -0.00001538 -1.00000000
vn 0.00000000 -0.00001538 -1.00000000
vn -1.00000000 -0.00001526 0.00000000
vn -1.00000000 -0.00001526 0.00000000
vn -1.00000000 -0.00001526 0.00000000
vn -1.00000000 -0.00001526 0.00000000
vn -1.00000000 -0.00001526 0.00000000
vn -1.00000000 -0.00001526 0.00000000
vn 1.00000000 -0.00001526 0.00000000
vn 1.00000000 -0.00001526 0.00000000
vn 1.00000000 -0.00001526 0.00000000
vn 1.00000000 -0.00001526 0.00000000
vn 1.00000000 -0.00001526 0.00000000
vn 1.00000000 -0.00001526 0.00000000
vn -0.00001526 1.00000000 0.00001514
vn -0.00001526 1.00000000 0.00001514
vn -0.00001526 1.00000000 0.00001514
vn -0.00001526 1.00000000 0.00001514
vn -0.00001526 1.00000000 0.00001514
vn -0.00001526 1.00000000 0.00001514
vn 0.00000000 -1.00000000 0.00000012
vn 0.00000000 -1.00000000 0.00000012
vn 0.00000000 -1.00000000 0.00000012
vn 0.00000000 -1.00000000 0.00000012
vn 0.00000000 -1.00000000 0.00000012
vn 0.00000000 -1.00000000 0.00000012
vn 0.00000000 -0.00001538 -1.00000000
vn 0.00000000 -0.00001538 -1.00000000
vn 0.00000000 -0.00001538 -1.00000000
vn 0.00000000 -0.00001538 -1.00000000
vn 0.00000000 -0.00001538 -1.00000000
vn 0.00000000 -0.00001538 -1.00000000
vn -1.00000000 -0.00001526 0.00000000
vn -1.00000000 -0.00001526 0.00000000
vn -1.00000000 -0.00001526 0.00000000
vn -1.00000000 -0.00001526 0.00000000
vn -1.00000000 -0.00001526 0.00000000
vn -1.00000000 -0.00001526 0.00000000
vn 1.00000000 -0.00001526 0.00000000
vn 1.00000000 -0.00001526 0.00000000
vn 1.00000000 -0.00001526 0.00000000
vn 1.00000000 -0.00001526 0.00000000
vn 1.00000000 -0.00001526 0.00000000
vn 1.00000000 -0.00001526 0.00000000
vn -0.00001526 1.00000000 0.00001514
vn -0.00001526 1.00000000 0.00001514
vn -0.00001526 1.00000000 0.00001514
vn -0.00001526 1.00000000 0.00001514
vn -0.00001526 1.00000000 0.00001514
vn -0.00001526 1.00000000 0.00001514
vn 0.00000000 -1.00000000 0.00000012
vn 0.00000000 -1.00000000 0.00000012
vn 0.00000000 -1.00000000 0.00000012
vn 0.00000000 -1.00000000 0.00000012
vn 0.00000000 -1.00000000 0.00000012
vn 0.00000000 -1.00000000 0.00000012
vn 0.00000000 -0.00001538 -1.00000000
vn 0.00000000 -0.00001538 -1.00000000
vn 0.00000000 -0.00001538 -1.00000000
vn 0.00000000 -0.00001538 -1.00000000
vn 0.00000000 -0.00001538 -1.00000000
vn 0.00000000 -0.00001538 -1.00000000
vn -1.00000000 -0.00001526 0.00000000
vn -1.00000000 -0.00001526 0.00000000
vn -1.00000000 -0.00001526 0.00000000
vn -1.00000000 -0.00001526 0.00000000
vn -1.00000000 -0.00001526 0.00000000
vn -1.00000000 -0.00001526 0.00000000
vn 1.00000000 -0.00001526 0.00000000
vn 1.00000000 -0.00001526 0.00000000
vn 1.00000000 -0.00001526 0.00000000
vn 1.00000000 -0.00001526 0.00000000
vn 1.00000000 -0.00001526 0.00000000
vn 1.00000000 -0.00001526 0.00000000
vn -0.00001526 1.00000000 0.00001514
vn -0.00001526 1.00000000 0.00001514
vn -0.00001526 1.00000000 0.00001514
vn -0.00001526 1.00000000 0.00001514
vn -0.00001526 1.00000000 0.00001514
vn -0.00001526 1.00000000 0.00001514
vn 0.00000000 -1.00000000 0.00000012
vn 0.00000000 -1.00000000 0.00000012
vn 0.00000000 -1.00000000 0.00000012
vn 0.00000000 -1.00000000 0.00000012
vn 0.00000000 -1.00000000 0.00000012
vn 0.00000000 -1.00000000 0.00000012
vn 0.00000000 -0.00001538 -1.00000000
vn 0.00000000 -0.00001538 -1.00000000
vn 0.00000000 -0.00001538 -1.00000000
vn 0.00000000 -0.00001538 -1.00000000
vn 0.00000000 -0.00001538 -1.00000000
vn 0.00000000 -0.00001538 -1.00000000
vn -1.00000000 -0.00001526 0.00000000
vn -1.00000000 -0.00001526 0.00000000
vn -1.00000000 -0.00001526 0.00000000
vn -1.00000000 -0.00001526 0.00000000
vn -1.00000000 -0.00001526 0.00000000
vn -1.00000000 -0.00001526 0.00000000
vn 1.00000000 -0.00001526 0.00000000
vn 1.00000000 -0.00001526 0.00000000
vn 1.00000000 -0.00001526 0.00000000
vn 1.00000000 -0.00001526 0.00000000
vn 1.00000000 -0.00001526 0.00000000
vn 1.00000000 -0.00001526 0.00000000
vn -0.00001526 1.00000000 0.00001514
vn -0.00001526 1.00000000 0.00001514
vn -0.00001526 1.00000000 0.00001514
vn -0.00001526 1.00000000 0.00001514
vn -0.00001526 1.00000000 0.00001514
vn -0.00001526 1.00000000 0.00001514
vn 0.00000000 -1.00000000 0.00000012
vn 0.00000000 -1.00000000 0.00000012
vn 0.00000000 -1.00000000 0.00000012
vn 0.00000000 -1.00000000 0.00000012
vn 0.00000000 -1.00000000 0.00000012
vn 0.00000000 -1.00000000 0.00000012
vn 0.00000000 -0.00001538 -1.00000000
vn 0.00000000 -0.00001538 -1.00000000
vn 0.00000000 -0.00001538 -1.00000000
vn 0.00000000 -0.00001538 -1.00000000
vn 0.00000000 -0.00001538 -1.00000000
vn 0.00000000 -0.00001538 -1.00000000
vn -1.00000000 -0.00001526 0.00000000
vn -1.00000000 -0.00001526 0.00000000
vn -1.00000000 -0.00001526 0.00000000
vn -1.00000000 -0.00001526 0.00000000
vn -1.00000000 -0.00001526 0.00000000
vn -1.00000000 -0.00001526 0.00000000
vn 1.00000000 -0.00001526 0.00000000
vn 1.00000000 -0.00001526 0.00000000
vn 1.00000000 -0.00001526 0.00000000
vn 1.00000000 -0.00001526 0.00000000
vn 1.00000000 -0.00001526 0.00000000
vn 1.00000000 -0.00001526 0.00000000
vn -0.00001526 1.00000000 0.00001514
vn -0.00001526 1.00000000 0.00001514
vn -0.00001526 1.00000000 0.00001514
vn -0.00001526 1.00000000 0.00001514
vn -0.00001526 1.00000000 0.00001514
vn -0.00001526 1.00000000 0.00001514
vn 0.00000000 -1.00000000 0.00000012
vn 0.00000000 -1.00000000 0.00000012
vn 0.00000000 -1.00000000 0.00000012
vn 0.00000000 -1.00000000 0.00000012
vn 0.00000000 -1.00000000 0.00000012
vn 0.00000000 -1.00000000 0.00000012
vn 0.00000000 -0.00001538 -1.00000000
vn 0.00000000 -0.00001538 -1.00000000
vn 0.00000000 -0.00001538 -1.00000000
vn 0.00000000 -0.00001538 -1.00000000
vn 0.00000000 -0.00001538 -1.00000000
vn 0.00000000 -0.00001538 -1.00000000
vn -1.00000000 -0.00001526 0.00000000
vn -1.00000000 -0.00001526 0.00000000
vn -1.00000000 -0.00001526 0.00000000
vn -1.00000000 -0.00001526 0.00000000
vn -1.00000000 -0.00001526 0.00000000
vn -1.00000000 -0.00001526 0.00000000
vn 1.00000000 -0.00001526 0.00000000
vn 1.00000000 -0.00001526 0.00000000
vn 1.00000000 -0.00001526 0.00000000
vn 1.00000000 -0.00001526 0.00000000
vn 1.00000000 -0.00001526 0.00000000
vn 1.00000000 -0.00001526 0.00000000
vn -0.00001526 1.00000000 0.00001514
vn -0.00001526 1.00000000 0.00001514
vn -0.00001526 1.00000000 0.00001514
vn -0.00001526 1.00000000 0.00001514
vn -0.00001526 1.00000000 0.00001514
vn -0.00001526 1.00000000 0.00001514
vn 0.00000000 -1.00000000 0.00000012
vn 0.00000000 -1.00000000 0.00000012
vn 0.00000000 -1.00000000 0.00000012
vn 0.00000000 -1.00000000 0.00000012
vn 0.00000000 -1.00000000 0.00000012
vn 0.00000000 -1.00000000 0.00000012
vn 0.00000000 -0.00001538 -1.00000000
vn 0.00000000 -0.00001538 -1.00000000
vn 0.00000000 -0.00001538 -1.00000000
vn 0.00000000 -0.00001538 -1.00000000
vn 0.00000000 -0.00001538 -1.00000000
vn 0.00000000 -0.00001538 -1.00000000
vn -1.00000000 -0.00001526 0.00000000
vn -1.00000000 -0.00001526 0.00000000
vn -1.00000000 -0.00001526 0.00000000
vn -1.00000000 -0.00001526 0.00000000
vn -1.00000000 -0.00001526 0.00000000
vn -1.00000000 -0.00001526 0.00000000
vn 1.00000000 -0.00001526 0.00000000
vn 1.00000000 -0.00001526 0.00000000
vn 1.00000000 -0.00001526 0.00000000
vn 1.00000000 -0.00001526 0.00000000
vn 1.00000000 -0.00001526 0.00000000
vn 1.00000000 -0.00001526 0.00000000
vn -0.00001526 1.00000000 0.00001514
vn -0.00001526 1.00000000 0.00001514
vn -0.00001526 1.00000000 0.00001514
vn -0.00001526 1.00000000 0.00001514
vn -0.00001526 1.00000000 0.00001514
vn -0.00001526 1.00000000 0.00001514
vn 0.00000000 -1.00000000 0.00000012
vn 0.00000000 -1.00000000 0.00000012
vn 0.00000000 -1.00000000 0.00000012
vn 0.00000000 -1.00000000 0.00000012
vn 0.00000000 -1.00000000 0.00000012
vn 0.00000000 -1.00000000 0.00000012
vn 0.00000000 -0.00001538 -1.00000000
vn 0.00000000 -0.00001538 -1.00000000
vn 0.00000000 -0.00001538 -1.00000000
vn 0.00000000 -0.00001538 -1.00000000
vn 0.00000000 -0.00001538 -1.00000000
vn 0.00000000 -0.00001538 -1.00000000
vn -1.00000000 -0.00001526 0.00000000
vn -1.00000000 -0.00001526 0.00000000
vn -1.00000000 -0.00001526 0.00000000
vn -1.00000000 -0.00001526 0.00000000
vn -1.00000000 -0.00001526 0.00000000
vn -1.00000000 -0.00001526 0.00000000
vn 1.00000000 -0.00001526 0.00000000
vn 1.00000000 -0.00001526 0.00000000
vn 1.00000000 -0.00001526 0.00000000
vn 1.00000000 -0.00001526 0.00000000
vn 1.00000000 -0.00001526 0.00000000
vn 1.00000000 -0.00001526 0.00000000
vn -0.00001526 1.00000000 0.00001514
vn -0.00001526 1.00000000 0.00001514
vn -0.00001526 1.00000000 0.00001514
vn -0.00001526 1.00000000 0.00001514
vn -0.00001526 1.00000000 0.00001514
vn -0.00001526 1.00000000 0.00001514
vn 0.00000000 -1.00000000 0.00000012
vn 0.00000000 -1.00000000 0.00000012
vn 0.00000000 -1.00000000 0.00000012
vn 0.00000000 -1.00000000 0.00000012
vn 0.00000000 -1.00000000 0.00000012
vn 0.00000000 -1.00000000 0.00000012
vn 0.00000000 -0.00001538 -1.00000000
vn 0.00000000 -0.00001538 -1.00000000
vn 0.00000000 -0.00001538 -1.00000000
vn 0.00000000 -0.00001538 -1.00000000
vn 0.00000000 -0.00001538 -1.00000000
vn 0.00000000 -0.00001538 -1.00000000
vn -1.00000000 -0.00001526 0.00000000
vn -1.00000000 -0.00001526 0.00000000
vn -1.00000000 -0.00001526 0.00000000
vn -1.00000000 -0.00001526 0.00000000
vn -1.00000000 -0.00001526 0.00000000
vn -1.00000000 -0.00001526 0.00000000
vn 1.00000000 -0.00001526 0.00000000
vn 1.00000000 -0.00001526 0.00000000
vn 1.00000000 -0.00001526 0.00000000
vn 1.00000000 -0.00001526 0.00000000
vn 1.00000000 -0.00001526 0.00000000
vn 1.00000000 -0.00001526 0.00000000
vn -0.00001526 1.00000000 0.00001514
vn -0.00001526 1.00000000 0.00001514
vn -0.00001526 1.00000000 0.00001514
vn -0.00001526 1.00000000 0.00001514
vn -0.00001526 1.00000000 0.00001514
vn -0.00001526 1.00000000 0.00001514
vn 0.00000000 -1.00000000 0.00000012
vn 0.00000000 -1.00000000 0.00000012
vn 0.00000000 -1.00000000 0.00000012
vn 0.00000000 -1.00000000 0.00000012
vn 0.00000000 -1.00000000 0.00000012
vn 0.00000000 -1.00000000 0.00000012
vn 0.00000000 -0.00001538 -1.00000000
vn 0.00000000 -0.00001538 -1.00000000
vn 0.00000000 -0.00001538 -1.00000000
vn 0.00000000 -0.00001538 -1.00000000
vn 0.00000000 -0.00001538 -1.00000000
vn 0.00000000 -0.00001538 -1.00000000
vn -1.00000000 -0.00001526 0.00000000
vn -1.00000000 -0.00001526 0.00000000
vn -1.00000000 -0.00001526 0.00000000
vn -1.00000000 -0.00001526 0.00000000
vn -1.00000000 -0.00001526 0.00000000
vn -1.00000000 -0.00001526 0.00000000
vn 1.00000000 -0.00001526 0.00000000
vn 1.00000000 -0.00001526 0.00000000
vn 1.00000000 -0.00001526 0.00000000
vn 1.00000000 -0.00001526 0.00000000
vn 1.00000000 -0.00001526 0.00000000
vn 1.00000000 -0.00001526 0.00000000
vn -0.00001526 1.00000000 0.00001514
vn -0.00001526 1.00000000 0.00001514
vn -0.00001526 1.00000000 0.00001514
vn -0.00001526 1.00000000 0.00001514
vn -0.00001526 1.00000000 0.00001514
vn -0.00001526 1.00000000 0.00001514
vn 0.00000000 -1.00000000 0.00000012
vn 0.00000000 -1.00000000 0.00000012
vn 0.00000000 -1.00000000 0.00000012
vn 0.00000000 -1.00000000 0.00000012
vn 0.00000000 -1.00000000 0.00000012
vn 0.00000000 -1.00000000 0.00000012
vn 0.00000000 -0.00001538 -1.00000000
vn 0.00000000 -0.00001538 -1.00000000
vn 0.00000000 -0.00001538 -1.00000000
vn 0.00000000 -0.00001538 -1.00000000
vn 0.00000000 -0.00001538 -1.00000000
vn 0.00000000 -0.00001538 -1.00000000
vn -1.00000000 -0.00001526 0.00000000
vn -1.00000000 -0.00001526 0.00000000
vn -1.00000000 -0.00001526 0.00000000
vn -1.00000000 -0.00001526 0.00000000
vn -1.00000000 -0.00001526 0.00000000
vn -1.00000000 -0.00001526 0.00000000
vn 1.00000000 -0.00001526 0.00000000
vn 1.00000000 -0.00001526 0.00000000
vn 1.00000000 -0.00001526 0.00000000
vn 1.00000000 -0.00001526 0.00000000
vn 1.00000000 -0.00001526 0.00000000
vn 1.00000000 -0.00001526 0.00000000
vn -0.00001526 1.00000000 0.00001514
vn -0.00001526 1.00000000 0.00001514
vn -0.00001526 1.00000000 0.00001514
vn -0.00001526 1.00000000 0.00001514
vn -0.00001526 1.00000000 0.00001514
vn -0.00001526 1.00000000 0.00001514
vn 0.00000000 -1.00000000 0.00000012
vn 0.00000000 -1.00000000 0.00000012
vn 0.00000000 -1.00000000 0.00000012
vn 0.00000000 -1.00000000 0.00000012
vn 0.00000000 -1.00000000 0.00000012
vn 0.00000000 -1.00000000 0.00000012
vn 0.00000000 -0.00001538 -1.00000000
vn 0.00000000 -0.00001538 -1.00000000
vn 0.00000000 -0.00001538 -1.00000000
vn 0.00000000 -0.00001538 -1.00000000
vn 0.00000000 -0.00001538 -1.00000000
vn 0.00000000 -0.00001538 -1.00000000
vn -1.00000000 -0.00001526 0.00000000
vn -1.00000000 -0.00001526 0.00000000
vn -1.00000000 -0.00001526 0.00000000
vn -1.00000000 -0.00001526 0.00000000
vn -1.00000000 -0.00001526 0.00000000
vn -1.00000000 -0.00001526 0.00000000
vn 1.00000000 -0.00001526 0.00000000
vn 1.00000000 -0.00001526 0.00000000
vn 1.00000000 -0.00001526 0.00000000
vn 1.00000000 -0.00001526 0.00000000
vn 1.00000000 -0.00001526 0.00000000
vn 1.00000000 -0.00001526 0.00000000
vn -0.00001526 1.00000000 0.00001514
vn -0.00001526 1.00000000 0.00001514
vn -0.00001526 1.00000000 0.00001514
vn -0.00001526 1.00000000 0.00001514
vn -0.00001526 1.00000000 0.00001514
vn -0.00001526 1.00000000 0.00001514
vn 0.00000000 -1.00000000 0.00000012
vn 0.00000000 -1.00000000 0.00000012
vn 0.00000000 -1.00000000 0.00000012
vn 0.00000000 -1.00000000 0.00000012
vn 0.00000000 -1.00000000 0.00000012
vn 0.00000000 -1.00000000 0.00000012
vn 0.00000000 -0.00001538 -1.00000000
vn 0.00000000 -0.00001538 -1.00000000
vn 0.00000000 -0.00001538 -1.00000000
vn 0.00000000 -0.00001538 -1.00000000
vn 0.00000000 -0.00001538 -1.00000000
vn 0.00000000 -0.00001538 -1.00000000
vn -1.00000000 -0.00001526 0.00000000
vn -1.00000000 -0.00001526 0.00000000
vn -1.00000000 -0.00001526 0.00000000
vn -1.00000000 -0.00001526 0.00000000
vn -1.00000000 -0.00001526 0.00000000
vn -1.00000000 -0.00001526 0.00000000
vn 1.00000000 -0.00001526 0.00000000
vn 1.00000000 -0.00001526 0.00000000
vn 1.00000000 -0.00001526 0.00000000
vn 1.00000000 -0.00001526 0.00000000
vn 1.00000000 -0.00001526 0.00000000
vn 1.00000000 -0.00001526 0.00000000
vn -0.00001526 1.00000000 0.00001514
vn -0.00001526 1.00000000 0.00001514
vn -0.00001526 1.00000000 0.00001514
vn -0.00001526 1.00000000 0.00001514
vn -0.00001526 1.00000000 0.00001514
vn -0.00001526 1.00000000 0.00001514
vn 0.00000000 -1.00000000 0.00000012
vn 0.00000000 -1.00000000 0.00000012
vn 0.00000000 -1.00000000 0.00000012
vn 0.00000000 -1.00000000 0.00000012
vn 0.00000000 -1.00000000 0.00000012
vn 0.00000000 -1.00000000 0.00000012
vn 0.00000000 -0.00001538 -1.00000000
vn 0.00000000 -0.00001538 -1.00000000
vn 0.00000000 -0.00001538 -1.00000000
vn 0.00000000 -0.00001538 -1.00000000
vn 0.00000000 -0.00001538 -1.00000000
vn 0.00000000 -0.00001538 -1.00000000
vn -1.00000000 -0.00001526 0.00000000
vn -1.00000000 -0.00001526 0.00000000
vn -1.00000000 -0.00001526 0.00000000
vn -1.00000000 -0.00001526 0.00000000
vn -1.00000000 -0.00001526 0.00000000
vn -1.00000000 -0.00001526 0.00000000
vn 1.00000000 -0.00001526 0.00000000
vn 1.00000000 -0.00001526 0.00000000
vn 1.00000000 -0.00001526 0.00000000
vn 1.00000000 -0.00001526 0.00000000
vn 1.00000000 -0.00001526 0.00000000
vn 1.00000000 -0.00001526 0.00000000
vn -0.00001526 1.00000000 0.00001514
vn -0.00001526 1.00000000 0.00001514
vn -0.00001526 1.00000000 0.00001514
vn -0.00001526 1.00000000 0.00001514
vn -0.00001526 1.00000000 0.00001514
vn -0.00001526 1.00000000 0.00001514
vn 0.00000000 -1.00000000 0.00000012
vn 0.00000000 -1.00000000 0.00000012
vn 0.00000000 -1.00000000 0.00000012
vn 0.00000000 -1.00000000 0.00000012
vn 0.00000000 -1.00000000 0.00000012
vn 0.00000000 -1.00000000 0.00000012
vn 0.00000000 -0.00001538 -1.00000000
vn 0.00000000 -0.00001538 -1.00000000
vn 0.00000000 -0.00001538 -1.00000000
vn 0.00000000 -0.00001538 -1.00000000
vn 0.00000000 -0.00001538 -1.00000000
vn 0.00000000 -0.00001538 -1.00000000
vn -1.00000000 -0.00001526 0.00000000
vn -1.00000000 -0.00001526 0.00000000
vn -1.00000000 -0.00001526 0.00000000
vn -1.00000000 -0.00001526 0.00000000
vn -1.00000000 -0.00001526 0.00000000
vn -1.00000000 -0.00001526 0.00000000
vn 1.00000000 -0.00001526 0.00000000
vn 1.00000000 -0.00001526 0.00000000
vn 1.00000000 -0.00001526 0.00000000
vn 1.00000000 -0.00001526 0.00000000
vn 1.00000000 -0.00001526 0.00000000
vn 1.00000000 -0.00001526 0.00000000
vn -0.00001526 1.00000000 0.00001514
vn -0.00001526 1.00000000 0.00001514
vn -0.00001526 1.00000000 0.00001514
vn -0.00001526 1.00000000 0.00001514
vn -0.00001526 1.00000000 0.00001514
vn -0.00001526 1.00000000 0.00001514
vn 0.00000000 -1.00000000 0.00000012
vn 0.00000000 -1.00000000 0.00000012
vn 0.00000000 -1.00000000 0.00000012
vn 0.00000000 -1.00000000 0.00000012
vn 0.00000000 -1.00000000 0.00000012
vn 0.00000000 -1.00000000 0.00000012
vn 0.00000000 -0.00001538 -1.00000000
vn 0.00000000 -0.00001538 -1.00000000
vn 0.00000000 -0.00001538 -1.00000000
vn 0.00000000 -0.00001538 -1.00000000
vn 0.00000000 -0.00001538 -1.00000000
vn 0.00000000 -0.00001538 -1.00000000
vn -1.00000000 -0.00001526 0.00000000
vn -1.00000000 -0.00001526 0.00000000
vn -1.00000000 -0.00001526 0.00000000
vn -1.00000000 -0.00001526 0.00000000
vn -1.00000000 -0.00001526 0.00000000
vn -1.00000000 -0.00001526 0.00000000
vn 1.00000000 -0.00001526 0.00000000
vn 1.00000000 -0.00001526 0.00000000
vn 1.00000000 -0.00001526 0.00000000
vn 1.00000000 -0.00001526 0.00000000
vn 1.00000000 -0.00001526 0.00000000
vn 1.00000000 -0.00001526 0.00000000
vn -0.00001526 1.00000000 0.00001514
vn -0.00001526 1.00000000 0.00001514
vn -0.00001526 1.00000000 0.00001514
vn -0.00001526 1.00000000 0.00001514
vn -0.00001526 1.00000000 0.00001514
vn -0.00001526 1.00000000 0.00001514
vn 0.00000000 -1.00000000 0.00000012
vn 0.00000000 -1.00000000 0.00000012
vn 0.00000000 -1.00000000 0.00000012
vn 0.00000000 -1.00000000 0.00000012
vn 0.00000000 -1.00000000 0.00000012
vn 0.00000000 -1.00000000 0.00000012
vn 0.00000000 -0.00001538 -1.00000000
vn 0.00000000 -0.00001538 -1.00000000
vn 0.00000000 -0.00001538 -1.00000000
vn 0.00000000 -0.00001538 -1.00000000
vn 0.00000000 -0.00001538 -1.00000000
vn 0.00000000 -0.00001538 -1.00000000
vn -1.00000000 -0.00001526 0.00000000
vn -1.00000000 -0.00001526 0.00000000
vn -1.00000000 -0.00001526 0.00000000
vn -1.00000000 -0.00001526 0.00000000
vn -1.00000000 -0.00001526 0.00000000
vn -1.00000000 -0.00001526 0.00000000
vn 1.00000000 -0.00001526 0.00000000
vn 1.00000000 -0.00001526 0.00000000
vn 1.00000000 -0.00001526 0.00000000
vn 1.00000000 -0.00001526 0.00000000
vn 1.00000000 -0.00001526 0.00000000
vn 1.00000000 -0.00001526 0.00000000
vn -0.00001526 1.00000000 0.00001514
vn -0.00001526 1.00000000 0.00001514
vn -0.00001526 1.00000000 0.00001514
vn -0.00001526 1.00000000 0.00001514
vn -0.00001526 1.00000000 0.00001514
vn -0.00001526 1.00000000 0.00001514
vn 0.00000000 -1.00000000 0.00000012
vn 0.00000000 -1.00000000 0.00000012
vn 0.00000000 -1.00000000 0.00000012
vn 0.00000000 -1.00000000 0.00000012
vn 0.00000000 -1.00000000 0.00000012
vn 0.00000000 -1.00000000 0.00000012
vn 0.00000000 -0.00001538 -1.00000000
vn 0.00000000 -0.00001538 -1.00000000
vn 0.00000000 -0.00001538 -1.00000000
vn 0.00000000 -0.00001538 -1.00000000
vn 0.00000000 -0.00001538 -1.00000000
vn 0.00000000 -0.00001538 -1.00000000
vn -1.00000000 -0.00001526 0.00000000
vn -1.00000000 -0.00001526 0.00000000
vn -1.00000000 -0.00001526 0.00000000
vn -1.00000000 -0.00001526 0.00000000
vn -1.00000000 -0.00001526 0.00000000
vn -1.00000000 -0.00001526 0.00000000
vn 1.00000000 -0.00001526 0.00000000
vn 1.00000000 -0.00001526 0.00000000
vn 1.00000000 -0.00001526 0.00000000
vn 1.00000000 -0.00001526 0.00000000
vn 1.00000000 -0.00001526 0.00000000
vn 1.00000000 -0.00001526 0.00000000
vn -0.00001526 1.00000000 0.00001514
vn -0.00001526 1.00000000 0.00001514
vn -0.00001526 1.00000000 0.00001514
vn -0.00001526 1.00000000 0.00001514
vn -0.00001526 1.00000000 0.00001514
vn -0.00001526 1.00000000 0.00001514
vn 0.00000000 -1.00000000 0.00000012
vn 0.00000000 -1.00000000 0.00000012
vn 0.00000000 -1.00000000 0.00000012
vn 0.00000000 -1.00000000 0.00000012
vn 0.00000000 -1.00000000 0.00000012
vn 0.00000000 -1.00000000 0.00000012
vn 0.00000000 -0.00001538 -1.00000000
vn 0.00000000 -0.00001538 -1.00000000
vn 0.00000000 -0.00001538 -1.00000000
vn 0.00000000 -0.00001538 -1.00000000
vn 0.00000000 -0.00001538 -1.00000000
vn 0.00000000 -0.00001538 -1.00000000
vn -1.00000000 -0.00001526 0.00000000
vn -1.00000000 -0.00001526 0.00000000
vn -1.00000000 -0.00001526 0.00000000
vn -1.00000000 -0.00001526 0.00000000
vn -1.00000000 -0.00001526 0.00000000
vn -1.00000000 -0.00001526 0.00000000
vn 1.00000000 -0.00001526 0.00000000
vn 1.00000000 -0.00001526 0.00000000
vn 1.00000000 -0.00001526 0.00000000
vn 1.00000000 -0.00001526 0.00000000
vn 1.00000000 -0.00001526 0.00000000
vn 1.00000000 -0.00001526 0.00000000
vn -0.00001526 1.00000000 0.00001514
vn -0.00001526 1.00000000 0.00001514
vn -0.00001526 1.00000000 0.00001514
vn -0.00001526 1.00000000 0.00001514
vn -0.00001526 1.00000000 0.00001514
vn -0.00001526 1.00000000 0.00001514
vn 0.00000000 -1.00000000 0.00000012
vn 0.00000000 -1.00000000 0.00000012
vn 0.00000000 -1.00000000 0.00000012
vn 0.00000000 -1.00000000 0.00000012
vn 0.00000000 -1.00000000 0.00000012
vn 0.00000000 -1.00000000 0.00000012
vn -1.00000000 -0.00001526 0.00000000
vn -1.00000000 -0.00001526 0.00000000
vn -1.00000000 -0.00001526 0.00000000
vn -1.00000000 -0.00001526 0.00000000
vn -1.00000000 -0.00001526 0.00000000
vn -1.00000000 -0.00001526 0.00000000
vn 1.00000000 -0.00001526 0.00000000
vn 1.00000000 -0.00001526 0.00000000
vn 1.00000000 -0.00001526 0.00000000
vn 1.00000000 -0.00001526 0.00000000
vn 1.00000000 -0.00001526 0.00000000
vn 1.00000000 -0.00001526 0.00000000
vn 0.92387718 -0.38268912 0.00000005
vn 0.92387718 -0.38268912 0.00000005
vn 0.92387718 -0.38268912 0.00000005
vn 0.92387718 -0.38268912 0.00000005
vn 0.92387718 -0.38268912 0.00000005
vn 0.92387718 -0.38268912 0.00000005
vn 0.38271323 -0.92386717 0.00000011
vn 0.38271323 -0.92386717 0.00000011
vn 0.38271323 -0.92386717 0.00000011
vn 0.38271323 -0.92386717 0.00000011
vn 0.38271323 -0.92386717 0.00000011
vn 0.38271323 -0.92386717 0.00000011
vn 0.00000000 -0.00001538 -1.00000000
vn 0.00000000 -0.00001538 -1.00000000
vn 0.00000000 -0.00001538 -1.00000000
vn 0.00000000 -0.00001538 -1.00000000
vn 0.00000000 -0.00001538 -1.00000000
vn 0.00000000 -0.00001538 -1.00000000
vn 0.00000000 -0.00001538 -1.00000000
vn 0.00000000 -0.00001538 -1.00000000
vn 0.00000000 -0.00001538 -1.00000000
vn 0.00000000 -0.00001538 -1.00000000
vn 0.00000000 -0.00001538 -1.00000000
vn 0.00000000 -0.00001538 -1.00000000
vn -0.00001526 1.00000000 0.00001514
vn -0.00001526 1.00000000 0.00001514
vn -0.00001526 1.00000000 0.00001514
vn -0.00001526 1.00000000 0.00001514
vn -0.00001526 1.00000000 0.00001514
vn -0.00001526 1.00000000 0.00001514
vn 0.00000000 -1.00000000 0.00000012
vn 0.00000000 -1.00000000 0.00000012
vn 0.00000000 -1.00000000 0.00000012
vn 0.00000000 -1.00000000 0.00000012
vn 0.00000000 -1.00000000 0.00000012
vn 0.00000000 -1.00000000 0.00000012
vn 1.00000000 -0.00001526 0.00000000
vn 1.00000000 -0.00001526 0.00000000
vn 1.00000000 -0.00001526 0.00000000
vn 1.00000000 -0.00001526 0.00000000
vn 1.00000000 -0.00001526 0.00000000
vn 1.00000000 -0.00001526 0.00000000
vn -1.00000000 -0.00001526 0.00000000
vn -1.00000000 -0.00001526 0.00000000
vn -1.00000000 -0.00001526 0.00000000
vn -1.00000000 -0.00001526 0.00000000
vn -1.00000000 -0.00001526 0.00000000
vn -1.00000000 -0.00001526 0.00000000
vn -0.92387718 -0.38268912 0.00000005
vn -0.92387718 -0.38268912 0.00000005
vn -0.92387718 -0.38268912 0.00000005
vn -0.92387718 -0.38268912 0.00000005
vn -0.92387718 -0.38268912 0.00000005
vn -0.92387718 -0.38268912 0.00000005
vn -0.38271323 -0.92386717 0.00000011
vn -0.38271323 -0.92386717 0.00000011
vn -0.38271323 -0.92386717 0.00000011
vn -0.38271323 -0.92386717 0.00000011
vn -0.38271323 -0.92386717 0.00000011
vn -0.38271323 -0.92386717 0.00000011
vn 0.00000000 -0.00001538 -1.00000000
vn 0.00000000 -0.00001538 -1.00000000
vn 0.00000000 -0.00001538 -1.00000000
vn 0.00000000 -0.00001538 -1.00000000
vn 0.00000000 -0.00001538 -1.00000000
vn 0.00000000 -0.00001538 -1.00000000
vn 0.00000000 -0.00001538 -1.00000000
vn 0.00000000 -0.00001538 -1.00000000
vn 0.00000000 -0.00001538 -1.00000000
vn 0.00000000 -0.00001538 -1.00000000
vn 0.00000000 -0.00001538 -1.00000000
vn 0.00000000 -0.00001538 -1.00000000
vn -0.00001526 1.00000000 0.00001514
vn -0.00001526 1.00000000 0.00001514
vn -0.00001526 1.00000000 0.00001514
vn -0.00001526 1.00000000 0.00001514
vn -0.00001526 1.00000000 0.00001514
vn -0.00001526 1.00000000 0.00001514
vn 0.00000000 -1.00000000 0.00000012
vn 0.00000000 -1.00000000 0.00000012
vn 0.00000000 -1.00000000 0.00000012
vn 0.00000000 -1.00000000 0.00000012
vn 0.00000000 -1.00000000 0.00000012
vn 0.00000000 -1.00000000 0.00000012
vn 0.00000000 -0.00001538 -1.00000000
vn 0.00000000 -0.00001538 -1.00000000
vn 0.00000000 -0.00001538 -1.00000000
vn 0.00000000 -0.00001538 -1.00000000
vn 0.00000000 -0.00001538 -1.00000000
vn 0.00000000 -0.00001538 -1.00000000
vn -1.00000000 -0.00001526 0.00000000
vn -1.00000000 -0.00001526 0.00000000
vn -1.00000000 -0.00001526 0.00000000
vn -1.00000000 -0.00001526 0.00000000
vn -1.00000000 -0.00001526 0.00000000
vn -1.00000000 -0.00001526 0.00000000
vn 1.00000000 -0.00001526 0.00000000
vn 1.00000000 -0.00001526 0.00000000
vn 1.00000000 -0.00001526 0.00000000
vn 1.00000000 -0.00001526 0.00000000
vn 1.00000000 -0.00001526 0.00000000
vn 1.00000000 -0.00001526 0.00000000
vn -0.00001526 1.00000000 0.00001514
vn -0.00001526 1.00000000 0.00001514
vn -0.00001526 1.00000000 0.00001514
vn -0.00001526 1.00000000 0.00001514
vn -0.00001526 1.00000000 0.00001514
vn -0.00001526 1.00000000 0.00001514
vn 0.00000000 -1.00000000 0.00000012
vn 0.00000000 -1.00000000 0.00000012
vn 0.00000000 -1.00000000 0.00000012
vn 0.00000000 -1.00000000 0.00000012
vn 0.00000000 -1.00000000 0.00000012
vn 0.00000000 -1.00000000 0.00000012
vn 0.00000000 -0.00001538 -1.00000000
vn 0.00000000 -0.00001538 -1.00000000
vn 0.00000000 -0.00001538 -1.00000000
vn 0.00000000 -0.00001538 -1.00000000
vn 0.00000000 -0.00001538 -1.00000000
vn 0.00000000 -0.00001538 -1.00000000
vn -1.00000000 -0.00001526 0.00000000
vn -1.00000000 -0.00001526 0.00000000
vn -1.00000000 -0.00001526 0.00000000
vn -1.00000000 -0.00001526 0.00000000
vn -1.00000000 -0.00001526 0.00000000
vn -1.00000000 -0.00001526 0.00000000
vn 1.00000000 -0.00001526 0.00000000
vn 1.00000000 -0.00001526 0.00000000
vn 1.00000000 -0.00001526 0.00000000
vn 1.00000000 -0.00001526 0.00000000
vn 1.00000000 -0.00001526 0.00000000
vn 1.00000000 -0.00001526 0.00000000
vn -0.00001526 1.00000000 0.00001514
vn -0.00001526 1.00000000 0.00001514
vn -0.00001526 1.00000000 0.00001514
vn -0.00001526 1.00000000 0.00001514
vn -0.00001526 1.00000000 0.00001514
vn -0.00001526 1.00000000 0.00001514
vn 0.00000000 -1.00000000 0.00000012
vn 0.00000000 -1.00000000 0.00000012
vn 0.00000000 -1.00000000 0.00000012
vn 0.00000000 -1.00000000 0.00000012
vn 0.00000000 -1.00000000 0.00000012
vn 0.00000000 -1.00000000 0.00000012
vn 0.00000000 -0.00001538 -1.00000000
vn 0.00000000 -0.00001538 -1.00000000
vn 0.00000000 -0.00001538 -1.00000000
vn 0.00000000 -0.00001538 -1.00000000
vn 0.00000000 -0.00001538 -1.00000000
vn 0.00000000 -0.00001538 -1.00000000
vn -1.00000000 -0.00001526 0.00000000
vn -1.00000000 -0.00001526 0.00000000
vn -1.00000000 -0.00001526 0.00000000
vn -1.00000000 -0.00001526 0.00000000
vn -1.00000000 -0.00001526 0.00000000
vn -1.00000000 -0.00001526 0.00000000
vn 1.00000000 -0.00001526 0.00000000
vn 1.00000000 -0.00001526 0.00000000
vn 1.00000000 -0.00001526 0.00000000
vn 1.00000000 -0.00001526 0.00000000
vn 1.00000000 -0.00001526 0.00000000
vn 1.00000000 -0.00001526 0.00000000
vn -0.00001526 1.00000000 0.00001514
vn -0.00001526 1.00000000 0.00001514
vn -0.00001526 1.00000000 0.00001514
vn -0.00001526 1.00000000 0.00001514
vn -0.00001526 1.00000000 0.00001514
vn -0.00001526 1.00000000 0.00001514
vn 0.00000000 -1.00000000 0.00000012
vn 0.00000000 -1.00000000 0.00000012
vn 0.00000000 -1.00000000 0.00000012
vn 0.00000000 -1.00000000 0.00000012
vn 0.00000000 -1.00000000 0.00000012
vn 0.00000000 -1.00000000 0.00000012
vn 0.00000000 -0.00001538 -1.00000000
vn 0.00000000 -0.00001538 -1.00000000
vn 0.00000000 -0.00001538 -1.00000000
vn 0.00000000 -0.00001538 -1.00000000
vn 0.00000000 -0.00001538 -1.00000000
vn 0.00000000 -0.00001538 -1.00000000
vn -1.00000000 -0.00001526 0.00000000
vn -1.00000000 -0.00001526 0.00000000
vn -1.00000000 -0.00001526 0.00000000
vn -1.00000000 -0.00001526 0.00000000
vn -1.00000000 -0.00001526 0.00000000
vn -1.00000000 -0.00001526 0.00000000
vn 1.00000000 -0.00001526 0.00000000
vn 1.00000000 -0.00001526 0.00000000
vn 1.00000000 -0.00001526 0.00000000
vn 1.00000000 -0.00001526 0.00000000
vn 1.00000000 -0.00001526 0.00000000
vn 1.00000000 -0.00001526 0.00000000
vn -0.70711762 -0.70709598 0.00000008
vn -0.70711762 -0.70709598 0.00000008
vn -0.92389709 -0.38264099 0.00000005
vn -0.70711762 -0.70709598 0.00000008
vn -0.70711762 -0.70709598 0.00000008
vn -0.38271323 -0.92386717 0.00000011
vn -0.38271323 -0.92386717 0.00000011
vn -0.38271323 -0.92386717 0.00000011
vn -0.70711762 -0.70709598 0.00000008
vn -0.92389709 -0.38264099 0.00000005
vn -0.92389709 -0.38264099 0.00000005
vn -0.70711762 -0.70709598 0.00000008
vn -0.92389709 -0.38264099 0.00000005
vn -0.92389709 -0.38264099 0.00000005
vn -1.00000000 -0.00001526 0.00000000
vn -1.00000000 -0.00001526 0.00000000
vn -1.00000000 -0.00001526 0.00000000
vn -0.92389709 -0.38264099 0.00000005
vn -1.00000000 -0.00001526 0.00000000
vn -1.00000000 -0.00001526 0.00000000
vn -0.92389411 0.38264817 0.00001989
vn -0.92389411 0.38264817 0.00001989
vn -0.92389411 0.38264817 0.00001989
vn -1.00000000 -0.00001526 0.00000000
vn -0.92389411 0.38264817 0.00001989
vn -0.92389411 0.38264817 0.00001989
vn -0.70714998 0.70706362 0.00002150
vn -0.70714998 0.70706362 0.00002150
vn -0.70714998 0.70706362 0.00002150
vn -0.92389411 0.38264817 0.00001989
vn -0.70714998 0.70706362 0.00002150
vn -0.70714998 0.70706362 0.00002150
vn -0.38269636 0.92387420 0.00001983
vn -0.38269636 0.92387420 0.00001983
vn -0.38269636 0.92387420 0.00001983
vn -0.70714998 0.70706362 0.00002150
vn -0.00003052 -1.00000000 0.00000012
vn -0.00003052 -1.00000000 0.00000012
vn -0.38271323 -0.92386717 0.00000011
vn -0.38271323 -0.92386717 0.00000011
vn -0.38271323 -0.92386717 0.00000011
vn -0.00003052 -1.00000000 0.00000012
vn -0.00003052 -1.00000000 0.00000012
vn -0.00003052 -1.00000000 0.00000012
vn 0.38271323 -0.92386717 0.00000011
vn 0.38271323 -0.92386717 0.00000011
vn 0.38271323 -0.92386717 0.00000011
vn -0.00003052 -1.00000000 0.00000012
vn 0.70711762 -0.70709598 0.00000008
vn 0.70711762 -0.70709598 0.00000008
vn 0.38271323 -0.92386717 0.00000011
vn 0.38271323 -0.92386717 0.00000011
vn 0.38271323 -0.92386717 0.00000011
vn 0.70711762 -0.70709598 0.00000008
vn 0.70711762 -0.70709598 0.00000008
vn 0.70711762 -0.70709598 0.00000008
vn 0.92389709 -0.38264099 0.00000005
vn 0.92389709 -0.38264099 0.00000005
vn 0.92389709 -0.38264099 0.00000005
vn 0.70711762 -0.70709598 0.00000008
vn 0.92389709 -0.38264099 0.00000005
vn 0.92389709 -0.38264099 0.00000005
vn 1.00000000 -0.00001526 0.00000000
vn 1.00000000 -0.00001526 0.00000000
vn 1.00000000 -0.00001526 0.00000000
vn 0.92389709 -0.38264099 0.00000005
vn 1.00000000 -0.00001526 0.00000000
vn 1.00000000 -0.00001526 0.00000000
vn 0.92387426 0.38269621 0.00001989
vn 0.92387426 0.38269621 0.00001989
vn 0.92387426 0.38269621 0.00001989
vn 1.00000000 -0.00001526 0.00000000
vn 0.92387426 0.38269621 0.00001989
vn 0.92387426 0.38269621 0.00001989
vn 0.70710683 0.70710677 0.00002150
vn 0.70710683 0.70710677 0.00002150
vn 0.70710683 0.70710677 0.00002150
vn 0.92387426 0.38269621 0.00001989
vn 0.70710683 0.70710677 0.00002150
vn 0.70710683 0.70710677 0.00002150
vn 0.38264814 0.92389417 0.00001983
vn 0.38264814 0.92389417 0.00001983
vn 0.38264814 0.92389417 0.00001983
vn 0.70710683 0.70710677 0.00002150
vn -0.00001526 1.00000000 0.00001514
vn -0.00001526 1.00000000 0.00001514
vn 0.38264814 0.92389417 0.00001983
vn 0.38264814 0.92389417 0.00001983
vn 0.38264814 0.92389417 0.00001983
vn -0.00001526 1.00000000 0.00001514
vn -0.00001526 1.00000000 0.00001514
vn -0.00001526 1.00000000 0.00001514
vn -0.38269636 0.92387420 0.00001983
vn -0.38269636 0.92387420 0.00001983
vn -0.38269636 0.92387420 0.00001983
vn -0.00001526 1.00000000 0.00001514
vn 0.00000000 -0.00001538 -1.00000000
vn 0.00000000 -0.00001538 -1.00000000
vn 0.00000000 -0.00001538 -1.00000000
vn 0.00000000 -0.00001538 -1.00000000
vn 0.00000000 -0.00001538 -1.00000000
vn 0.00000000 -0.00001538 -1.00000000
vn 0.00000000 -0.00001538 -1.00000000
vn 0.00000000 -0.00001538 -1.00000000
vn 0.00000000 -0.00001538 -1.00000000
vn 0.00000000 -0.00001538 -1.00000000
vn 0.00000000 -0.00001538 -1.00000000
vn 0.00000000 -0.00001538 -1.00000000
vn 0.00000000 -0.00001538 -1.00000000
vn 0.00000000 -0.00001538 -1.00000000
vn 0.00000000 -0.00001538 -1.00000000
vn 0.00000000 -0.00001538 -1.00000000
vn 0.00000000 -0.00001538 -1.00000000
vn 0.00000000 -0.00001538 -1.00000000
vn 0.00000000 -0.00001538 -1.00000000
vn 0.00000000 -0.00001538 -1.00000000
vn 0.00000000 -0.00001538 -1.00000000
vn 0.00000000 -0.00001538 -1.00000000
vn 0.00000000 -0.00001538 -1.00000000
vn 0.00000000 -0.00001538 -1.00000000
vn 0.00000000 -0.00001538 -1.00000000
vn 0.00000000 -0.00001538 -1.00000000
vn 0.00000000 -0.00001538 -1.00000000
vn 0.00000000 -0.00001538 -1.00000000
vn 0.00000000 -0.00001538 -1.00000000
vn 0.00000000 -0.00001538 -1.00000000
vn 0.00000000 -0.00001538 -1.00000000
vn 0.00000000 -0.00001538 -1.00000000
vn 0.00000000 -0.00001538 -1.00000000
vn 0.00000000 -0.00001538 -1.00000000
vn 0.00000000 -0.00001538 -1.00000000
vn 0.00000000 -0.00001538 -1.00000000
vn 0.00000000 -0.00001538 -1.00000000
vn 0.00000000 -0.00001538 -1.00000000
vn 0.00000000 -0.00001538 -1.00000000
vn 0.00000000 -0.00001538 -1.00000000
vn 0.00000000 -0.00001538 -1.00000000
vn 0.00000000 -0.00001538 -1.00000000
vn 0.00000000 -0.00001538 -1.00000000
vn 0.00000000 -0.00001538 -1.00000000
vn 0.00000000 -0.00001538 -1.00000000
vn 0.00000000 -0.00001538 -1.00000000
vn 0.00000000 -0.00001538 -1.00000000
vn 0.00000000 -0.00001538 -1.00000000
vn 0.00761060 0.99997103 0.00001526
vn -0.00764159 0.99997079 0.00001526
vn -0.00764159 0.99997079 0.00001526
vn -0.00764159 0.99997079 0.00001526
vn -0.00764159 0.99997079 0.00001526
vn -0.38269636 0.92387420 0.00001983
vn -0.38269636 0.92387420 0.00001983
vn -0.38269636 0.92387420 0.00001983
vn -0.00764159 0.99997079 0.00001526
vn -0.00764159 0.99997079 0.00001526
vn 0.00761060 0.99997103 0.00001526
vn 0.00761060 0.99997103 0.00001526
vn 0.00761060 0.99997103 0.00001526
vn 0.00761060 0.99997103 0.00001526
vn 0.38264814 0.92389417 0.00001983
vn 0.38264814 0.92389417 0.00001983
vn 0.38264814 0.92389417 0.00001983
vn 0.00761060 0.99997103 0.00001526
vn 0.00000000 -0.00001514 1.00000000
vn 0.00000000 -0.00001514 1.00000000
vn 0.00000000 -0.00001514 1.00000000
vn 0.00000000 -0.00001514 1.00000000
vn 0.00000000 -0.00001514 1.00000000
vn 0.00000000 -0.00001514 1.00000000
vn 0.00000000 -0.00001514 1.00000000
vn 0.00000000 -0.00001514 1.00000000
vn 0.00000000 -0.00001514 1.00000000
vn 0.00000000 -0.00001514 1.00000000
vn 0.00000000 -0.00001514 1.00000000
vn 0.00000000 -0.00001514 1.00000000
vn 0.00000000 -0.00001514 1.00000000
vn 0.00000000 -0.00001514 1.00000000
vn 0.00000000 -0.00001514 1.00000000
vn 0.00000000 -0.00001514 1.00000000
vn 0.00000000 -0.00001514 1.00000000
vn 0.00000000 -0.00001514 1.00000000
vn 0.00000000 -0.00001514 1.00000000
vn 0.00000000 -0.00001514 1.00000000
vn 0.00000000 -0.00001514 1.00000000
vn 0.00000000 -0.00001514 1.00000000
vn 0.00000000 -0.00001514 1.00000000
vn 0.00000000 -0.00001514 1.00000000
vn 0.00000000 -0.00001514 1.00000000
vn 0.00000000 -0.00001514 1.00000000
vn 0.00000000 -0.00001514 1.00000000
vn 0.00000000 -0.00001514 1.00000000
vn 0.00000000 -0.00001514 1.00000000
vn 0.00000000 -0.00001514 1.00000000
vn 0.00000000 -0.00001514 1.00000000
vn -0.09475265 -0.09480663 0.99097610
vn -0.12380574 -0.05129793 0.99097967
vn 0.00000000 -0.00001514 1.00000000
vn -0.05128019 -0.12382323 0.99097836
vn -0.09475265 -0.09480663 0.99097610
vn 0.00000000 -0.00001514 1.00000000
vn -0.13400079 -0.00001705 0.99098122
vn -0.12382130 0.05126165 0.99097955
vn 0.00000000 -0.00001514 1.00000000
vn -0.12382130 0.05126165 0.99097955
vn -0.09476613 0.09473015 0.99098212
vn 0.00000000 -0.00001514 1.00000000
vn -0.09476613 0.09473015 0.99098212
vn -0.05129725 0.12378612 0.99098212
vn 0.00000000 -0.00001514 1.00000000
vn 0.05126161 0.12382133 0.99097955
vn 0.09473003 0.09476624 0.99098212
vn 0.00000000 -0.00001514 1.00000000
vn 0.12378608 0.05129730 0.99098212
vn 0.13398165 0.00001728 0.99098378
vn 0.00000000 -0.00001514 1.00000000
vn 0.13398165 0.00001728 0.99098378
vn 0.12380158 -0.05126062 0.99098212
vn 0.00000000 -0.00001514 1.00000000
vn 0.12380158 -0.05126062 0.99098212
vn 0.09474959 -0.09476762 0.99098015
vn 0.00000000 -0.00001514 1.00000000
vn 0.09474959 -0.09476762 0.99098015
vn 0.05127861 -0.12378383 0.99098337
vn 0.00000000 -0.00001514 1.00000000
vn 0.00000000 -0.13401753 0.99097896
vn -0.05128019 -0.12382323 0.99097836
vn 0.00000000 -0.00001514 1.00000000
vn 0.05127861 -0.12378383 0.99098337
vn 0.00000000 -0.13401753 0.99097896
vn 0.00000000 -0.00001514 1.00000000
vn 0.09473003 0.09476624 0.99098212
vn 0.12378608 0.05129730 0.99098212
vn 0.00000000 -0.00001514 1.00000000
vn -0.00001717 0.13398175 0.99098378
vn 0.05126161 0.12382133 0.99097955
vn 0.00000000 -0.00001514 1.00000000
vn -0.05133297 0.12375086 0.99098468
vn -0.00001717 0.13398175 0.99098378
vn 0.00000000 -0.00001514 1.00000000
vn -0.12380574 -0.05129793 0.99097967
vn -0.13400537 -0.00005145 0.99098063
vn -0.37560827 -0.00001976 0.92677850
vn -0.13403909 -0.00001712 0.99097604
vn -0.12380987 -0.05133522 0.99097723
vn -0.12380987 -0.05133522 0.99097723
vn -0.34703666 -0.14373326 0.92677200
vn -0.37560827 -0.00001976 0.92677850
vn -0.73705935 -0.00006460 0.67582804
vn -0.68095630 -0.28211039 0.67580485
vn -0.83173037 -0.34450090 0.43536615
vn -0.83173037 -0.34450090 0.43536615
vn -0.90023607 -0.00010178 0.43540213
vn -0.73705935 -0.00006460 0.67582804
vn -0.73701817 -0.00006460 0.67587292
vn -0.37570420 -0.00001976 0.92673963
vn -0.34710038 -0.14378501 0.92674011
vn -0.34710038 -0.14378501 0.92674011
vn -0.68094295 -0.28205484 0.67584157
vn -0.73701817 -0.00006460 0.67587292
vn -0.26559564 -0.26566216 0.92675918
vn -0.34699646 -0.14377779 0.92678010
vn -0.12380987 -0.05133522 0.99097723
vn -0.12380987 -0.05133522 0.99097723
vn -0.09475570 -0.09484572 0.99097204
vn -0.26559564 -0.26566216 0.92675918
vn -0.26565579 -0.26572230 0.92672467
vn -0.52115738 -0.52118343 0.67584229
vn -0.68090647 -0.28211045 0.67585504
vn -0.68090647 -0.28211045 0.67585504
vn -0.34711215 -0.14383315 0.92672825
vn -0.26565579 -0.26572230 0.92672467
vn -0.63658553 -0.63655925 0.43537471
vn -0.83167189 -0.34461576 0.43538702
vn -0.68095630 -0.28211039 0.67580485
vn -0.68095630 -0.28211039 0.67580485
vn -0.52116162 -0.52124012 0.67579532
vn -0.63658553 -0.63655925 0.43537471
vn -0.14375925 -0.34706840 0.92675608
vn -0.26559564 -0.26566216 0.92675918
vn -0.09475570 -0.09484572 0.99097204
vn -0.09475570 -0.09484572 0.99097204
vn -0.05128177 -0.12386264 0.99097335
vn -0.14375925 -0.34706840 0.92675608
vn -0.28208277 -0.68092459 0.67584836
vn -0.52110493 -0.52123588 0.67584229
vn -0.26565579 -0.26572230 0.92672467
vn -0.26565579 -0.26572230 0.92672467
vn -0.14376648 -0.34717232 0.92671603
vn -0.28208277 -0.68092459 0.67584836
vn -0.34452972 -0.83171564 0.43537149
vn -0.63648129 -0.63666356 0.43537468
vn -0.52116162 -0.52124012 0.67579532
vn -0.52116162 -0.52124012 0.67579532
vn -0.28202707 -0.68101084 0.67578471
vn -0.34452972 -0.83171564 0.43537149
vn 0.00000000 -0.37567317 0.92675221
vn -0.14371476 -0.34710860 0.92674792
vn -0.05128177 -0.12386264 0.99097335
vn -0.05128177 -0.12386264 0.99097335
vn 0.00000000 -0.13405588 0.99097377
vn 0.00000000 -0.37567317 0.92675221
vn 0.00000000 -0.37572119 0.92673278
vn -0.00004312 -0.73702788 0.67586237
vn -0.28202721 -0.68091118 0.67588508
vn -0.28202721 -0.68091118 0.67588508
vn -0.14376287 -0.34712034 0.92673606
vn 0.00000000 -0.37572119 0.92673278
vn -0.00004076 -0.90024757 0.43537840
vn -0.34441483 -0.83177418 0.43535060
vn -0.28202707 -0.68101084 0.67578471
vn -0.28202707 -0.68101084 0.67578471
vn 0.00000000 -0.73704761 0.67584080
vn -0.00004076 -0.90024757 0.43537840
vn 0.05128019 -0.12382323 0.99097836
vn 0.14370754 -0.34700456 0.92678797
vn 0.00000000 -0.37567317 0.92675221
vn 0.00000000 -0.37567317 0.92675221
vn 0.00000000 -0.13401753 0.99097896
vn 0.05128019 -0.12382323 0.99097836
vn 0.28197154 -0.68094760 0.67587161
vn 0.00000000 -0.73700643 0.67588574
vn 0.00000000 -0.37567317 0.92675221
vn 0.00000000 -0.37567317 0.92675221
vn 0.14376287 -0.34712026 0.92673606
vn 0.28197154 -0.68094760 0.67587161
vn 0.34442157 -0.83174115 0.43540841
vn 0.00004076 -0.90022385 0.43542734
vn 0.00000000 -0.73704761 0.67584080
vn 0.00000000 -0.73704761 0.67584080
vn 0.28202713 -0.68096101 0.67583483
vn 0.34442157 -0.83174115 0.43540841
vn 0.09475265 -0.09480671 0.99097610
vn 0.26554337 -0.26565444 0.92677635
vn 0.14370754 -0.34700456 0.92678797
vn 0.14370754 -0.34700456 0.92678797
vn 0.05128019 -0.12382323 0.99097836
vn 0.09475265 -0.09480671 0.99097610
vn 0.26564801 -0.26567012 0.92674190
vn 0.52110076 -0.52117920 0.67588925
vn 0.28202721 -0.68091118 0.67588508
vn 0.28202721 -0.68091118 0.67588508
vn 0.14376287 -0.34712026 0.92673606
vn 0.26564801 -0.26567012 0.92674190
vn 0.52115738 -0.52118343 0.67584229
vn 0.63648796 -0.63661796 0.43543151
vn 0.34453642 -0.83168262 0.43542922
vn 0.34453642 -0.83168262 0.43542922
vn 0.28202713 -0.68096101 0.67583483
vn 0.52115738 -0.52118343 0.67584229
vn 0.34699646 -0.14377770 0.92678016
vn 0.26558787 -0.26560995 0.92677635
vn 0.09475265 -0.09480671 0.99097610
vn 0.09475265 -0.09480671 0.99097610
vn 0.12380574 -0.05129793 0.99097967
vn 0.34699646 -0.14377770 0.92678016
vn 0.68085665 -0.28211054 0.67590523
vn 0.52110076 -0.52117920 0.67588925
vn 0.26564801 -0.26567012 0.92674190
vn 0.26564801 -0.26567012 0.92674190
vn 0.34710032 -0.14378491 0.92674011
vn 0.68085665 -0.28211054 0.67590523
vn 0.68094295 -0.28205484 0.67584157
vn 0.83166814 -0.34456497 0.43543437
vn 0.63659221 -0.63651371 0.43543151
vn 0.63659221 -0.63651371 0.43543151
vn 0.52115738 -0.52118343 0.67584229
vn 0.68094295 -0.28205484 0.67584157
vn 0.13401994 0.00001729 0.99097866
vn 0.37560827 -0.00001976 0.92677850
vn 0.34699646 -0.14377770 0.92678016
vn 0.34699646 -0.14377770 0.92678016
vn 0.12380574 -0.05129793 0.99097967
vn 0.13401994 0.00001729 0.99097866
vn 0.73699665 -0.00002148 0.67589635
vn 0.68089312 -0.28205487 0.67589176
vn 0.34708861 -0.14373678 0.92675197
vn 0.34708861 -0.14373678 0.92675197
vn 0.37568024 0.00001998 0.92674935
vn 0.73699665 -0.00002148 0.67589635
vn 0.90022010 -0.00006101 0.43543518
vn 0.83172667 -0.34445009 0.43541348
vn 0.68094295 -0.28205484 0.67584157
vn 0.68094295 -0.28205484 0.67584157
vn 0.73705846 0.00002164 0.67582899
vn 0.90022010 -0.00006101 0.43543518
vn 0.12382549 0.05129888 0.99097711
vn 0.34701058 0.14373167 0.92678201
vn 0.37560827 -0.00001976 0.92677850
vn 0.37560827 -0.00001976 0.92677850
vn 0.13401994 0.00001729 0.99097866
vn 0.12382549 0.05129888 0.99097711
vn 0.34707430 0.14378341 0.92675012
vn 0.68090463 0.28199947 0.67590326
vn 0.73697609 0.00002164 0.67591876
vn 0.73697609 0.00002164 0.67591876
vn 0.37568024 0.00001998 0.92674935
vn 0.34707430 0.14378341 0.92675012
vn 0.83171016 0.34445366 0.43544212
vn 0.90023196 0.00006128 0.43541065
vn 0.73705846 0.00002164 0.67582899
vn 0.73705846 0.00002164 0.67582899
vn 0.68093145 0.28211057 0.67582983
vn 0.83171016 0.34445366 0.43544212
vn 0.09476912 0.09476931 0.99097812
vn 0.26560611 0.26556188 0.92678493
vn 0.34701058 0.14373167 0.92678201
vn 0.34701058 0.14373167 0.92678201
vn 0.12382549 0.05129888 0.99097711
vn 0.09476912 0.09476931 0.99097812
vn 0.26566622 0.26562199 0.92675048
vn 0.52112484 0.52112478 0.67591268
vn 0.68086821 0.28205511 0.67591673
vn 0.68086821 0.28205511 0.67591673
vn 0.34707430 0.14378341 0.92675012
vn 0.26566622 0.26562199 0.92675048
vn 0.63656282 0.63656276 0.43540284
vn 0.83168465 0.34456179 0.43540537
vn 0.68091804 0.28205499 0.67586654
vn 0.68091804 0.28205499 0.67586654
vn 0.52113324 0.52123803 0.67581874
vn 0.63656282 0.63656276 0.43540284
vn 0.14373158 0.34701067 0.92678195
vn 0.26556161 0.26560634 0.92678493
vn 0.09476912 0.09476931 0.99097812
vn 0.09476912 0.09476931 0.99097812
vn 0.05126319 0.12386073 0.99097455
vn 0.14373158 0.34701067 0.92678195
vn 0.28205505 0.68086827 0.67591667
vn 0.52112484 0.52112478 0.67591268
vn 0.26562172 0.26566648 0.92675048
vn 0.26562172 0.26566648 0.92675048
vn 0.14373878 0.34711456 0.92674196
vn 0.28205505 0.68086827 0.67591667
vn 0.28205487 0.68096787 0.67581636
vn 0.34450424 0.83171397 0.43539482
vn 0.63651073 0.63661486 0.43540284
vn 0.63651073 0.63661486 0.43540284
vn 0.52112901 0.52118140 0.67586571
vn 0.28205487 0.68096787 0.67581636
vn -0.00001717 0.13402005 0.99097860
vn 0.00001987 0.37558436 0.92678821
vn 0.14373158 0.34701067 0.92678195
vn 0.14373158 0.34701067 0.92678195
vn 0.05126319 0.12386073 0.99097455
vn -0.00001717 0.13402005 0.99097860
vn 0.00002156 0.73701733 0.67587382
vn 0.28199941 0.68090469 0.67590320
vn 0.14373878 0.34711456 0.92674196
vn 0.14373878 0.34711456 0.92674196
vn -0.00001987 0.37568033 0.92674929
vn 0.00002156 0.73701733 0.67587382
vn 0.00002038 0.90023971 0.43539456
vn 0.34445351 0.83171028 0.43544209
vn 0.28199932 0.68095452 0.67585301
vn 0.28199932 0.68095452 0.67585301
vn -0.00002156 0.73705852 0.67582893
vn 0.00002038 0.90023971 0.43539456
vn -0.14373158 0.34701067 0.92678195
vn -0.00001987 0.37558436 0.92678821
vn -0.00001717 0.13402005 0.99097860
vn -0.00001717 0.13402005 0.99097860
vn -0.05129884 0.12382554 0.99097711
vn -0.14373158 0.34701067 0.92678195
vn -0.14378330 0.34707436 0.92675012
vn -0.28205505 0.68086827 0.67591667
vn -0.00002156 0.73697615 0.67591870
vn -0.00002156 0.73697615 0.67591870
vn -0.00001987 0.37568033 0.92674929
vn -0.14378330 0.34707436 0.92675012
vn -0.34451106 0.83168095 0.43545255
vn -0.00006114 0.90023202 0.43541053
vn -0.00002156 0.73701733 0.67587382
vn -0.00002156 0.73701733 0.67587382
vn -0.28211063 0.68088162 0.67588007
vn -0.34451106 0.83168095 0.43545255
vn -0.09480522 0.09473321 0.99097812
vn -0.26560619 0.26556179 0.92678493
vn -0.14377609 0.34697041 0.92679012
vn -0.14377609 0.34697041 0.92679012
vn -0.05129884 0.12382554 0.99097711
vn -0.09480522 0.09473321 0.99097812
vn -0.26566631 0.26562190 0.92675048
vn -0.52112484 0.52112478 0.67591268
vn -0.28205505 0.68086827 0.67591667
vn -0.28205505 0.68086827 0.67591667
vn -0.14382784 0.34703416 0.92675823
vn -0.26566631 0.26562190 0.92675048
vn -0.63656944 0.63651735 0.43545952
vn -0.34456176 0.83168471 0.43540531
vn -0.28211063 0.68088162 0.67588007
vn -0.28211063 0.68088162 0.67588007
vn -0.52123392 0.52107656 0.67586571
vn -0.63656944 0.63651735 0.43545952
vn -0.34705085 0.14368705 0.92677385
vn -0.26560619 0.26556179 0.92678493
vn -0.09480522 0.09473321 0.99097812
vn -0.09480522 0.09473321 0.99097812
vn -0.12386070 0.05126324 0.99097455
vn -0.34705085 0.14368705 0.92677385
vn -0.68090463 0.28199947 0.67590326
vn -0.52117723 0.52107233 0.67591268
vn -0.26571080 0.26557741 0.92675048
vn -0.26571080 0.26557741 0.92675048
vn -0.34711456 0.14373881 0.92674196
vn -0.68090463 0.28199947 0.67590326
vn -0.68096787 0.28205493 0.67581642
vn -0.83171391 0.34450436 0.43539488
vn -0.63661486 0.63651067 0.43540284
vn -0.63661486 0.63651067 0.43540284
vn -0.52123392 0.52107656 0.67586571
vn -0.68096787 0.28205493 0.67581642
vn -0.13403909 -0.00001712 0.99097604
vn -0.37560827 -0.00001976 0.92677850
vn -0.34705085 0.14368705 0.92677385
vn -0.34705085 0.14368705 0.92677385
vn -0.12386070 0.05126324 0.99097455
vn -0.13403909 -0.00001712 0.99097604
vn -0.73701727 0.00002164 0.67587388
vn -0.68090463 0.28199947 0.67590326
vn -0.34711456 0.14373881 0.92674196
vn -0.34711456 0.14373881 0.92674196
vn -0.37570420 -0.00001976 0.92673963
vn -0.73701727 0.00002164 0.67587388
vn -0.73705935 -0.00006460 0.67582804
vn -0.90023971 0.00002051 0.43539467
vn -0.83173943 0.34439620 0.43543175
vn -0.83173943 0.34439620 0.43543175
vn -0.68095446 0.28199935 0.67585307
vn -0.73705935 -0.00006460 0.67582804
vn -0.70716077 -0.70705277 0.00000008
vn -0.70711762 -0.70709598 0.00000008
vn -0.92385721 -0.38273734 0.00000005
vn -0.92385721 -0.38273734 0.00000005
vn -0.92387718 -0.38268912 0.00000005
vn -0.70716077 -0.70705277 0.00000008
vn -0.38276142 -0.92384726 0.00000011
vn -0.38271335 -0.92386711 0.00000011
vn -0.70703125 -0.70718229 0.00000008
vn -0.70703125 -0.70718229 0.00000008
vn -0.70707446 -0.70713913 0.00000008
vn -0.38276142 -0.92384726 0.00000011
vn -0.00006104 -1.00000000 0.00000012
vn -0.00003052 -1.00000000 0.00000012
vn -0.38261709 -0.92390698 0.00000011
vn -0.38261709 -0.92390698 0.00000011
vn -0.38266513 -0.92388713 0.00000011
vn -0.00006104 -1.00000000 0.00000012
vn 0.38267922 -0.92388129 -0.00003976
vn 0.38263121 -0.92390114 0.00003998
vn 0.00003052 -1.00000000 0.00003064
vn 0.00003052 -1.00000000 0.00003064
vn 0.00006104 -1.00000000 -0.00003040
vn 0.38267922 -0.92388129 -0.00003976
vn 0.70709604 -0.70711756 -0.00004308
vn 0.70705289 -0.70716071 0.00004324
vn 0.38272747 -0.92386127 0.00003998
vn 0.38272747 -0.92386127 0.00003998
vn 0.38277549 -0.92384142 -0.00003977
vn 0.70709604 -0.70711756 -0.00004308
vn 0.92389125 -0.38265508 -0.00003983
vn 0.92387128 -0.38270336 0.00003992
vn 0.70713919 -0.70707440 0.00004324
vn 0.70713919 -0.70707440 0.00004324
vn 0.70718235 -0.70703119 -0.00004308
vn 0.92389125 -0.38265508 -0.00003983
vn 1.00000000 -0.00001526 -0.00003052
vn 1.00000000 -0.00004578 0.00003052
vn 0.92388541 -0.38266933 0.00007980
vn 0.92388541 -0.38266933 0.00007980
vn 0.92391121 -0.38260698 -0.00003983
vn 1.00000000 -0.00001526 -0.00003052
vn 0.92389417 0.38264805 0.00001989
vn 0.92389417 0.38264805 0.00001989
vn 1.00000000 0.00004578 0.00001526
vn 1.00000000 0.00004578 0.00001526
vn 1.00000000 0.00004578 0.00001526
vn 0.92389417 0.38264805 0.00001989
vn 0.70710683 0.70710677 0.00002150
vn 0.70710683 0.70710677 0.00002150
vn 0.92385429 0.38274431 0.00001989
vn 0.92385429 0.38274431 0.00001989
vn 0.92385429 0.38274431 0.00001989
vn 0.70710683 0.70710677 0.00002150
vn 0.38269624 0.92387420 0.00001983
vn 0.38269624 0.92387420 0.00001983
vn 0.70706367 0.70714992 0.00002150
vn 0.70706367 0.70714992 0.00002150
vn 0.70706367 0.70714992 0.00002150
vn 0.38269624 0.92387420 0.00001983
vn 0.00001526 1.00000000 0.00001514
vn 0.00001526 1.00000000 0.00001514
vn 0.38260001 0.92391407 0.00001983
vn 0.38260001 0.92391407 0.00001983
vn 0.38260001 0.92391407 0.00001983
vn 0.00001526 1.00000000 0.00001514
vn -0.38264823 0.92389411 0.00001983
vn -0.38264823 0.92389411 0.00001983
vn -0.00004578 1.00000000 0.00001514
vn -0.00004578 1.00000000 0.00001514
vn -0.00004578 1.00000000 0.00001514
vn -0.38264823 0.92389411 0.00001983
vn -0.70708525 0.70712835 -0.00006482
vn -0.70710683 0.70710677 0.00002150
vn -0.38274449 0.92385423 0.00001983
vn -0.38274449 0.92385423 0.00001983
vn -0.38274449 0.92385423 0.00001983
vn -0.70708525 0.70712835 -0.00006482
vn -0.92387420 0.38269630 0.00001989
vn -0.92387420 0.38269630 0.00001989
vn -0.70714998 0.70706362 0.00002150
vn -0.70714998 0.70706362 0.00002150
vn -0.70714998 0.70706362 0.00002150
vn -0.92387420 0.38269630 0.00001989
vn -1.00000000 0.00004578 -0.00004578
vn -1.00000000 0.00001526 0.00001526
vn -0.92391407 0.38260004 0.00001989
vn -0.92391407 0.38260004 0.00001989
vn -0.92391407 0.38260004 0.00001989
vn -1.00000000 0.00004578 -0.00004578
vn -0.92389709 -0.38264099 0.00000005
vn -0.92387712 -0.38268927 0.00000005
vn -1.00000000 -0.00007630 0.00000000
vn -1.00000000 -0.00007630 0.00000000
vn -1.00000000 -0.00004578 0.00000000
vn -0.92389709 -0.38264099 0.00000005
vn 0.00000000 -0.00001514 1.00000000
vn 0.00000000 -0.00001514 1.00000000
vn 0.00000000 -0.00001514 1.00000000
vn 0.00000000 -0.00001514 1.00000000
vn 0.00000000 -0.00001514 1.00000000
vn 0.00000000 -0.00001514 1.00000000
vn 0.00000000 -0.00001514 1.00000000
vn 0.00000000 -0.00001514 1.00000000
vn 0.00000000 -0.00001514 1.00000000
vn 0.00000000 -0.00001514 1.00000000
vn 0.00000000 -0.00001514 1.00000000
vn 0.00000000 -0.00001514 1.00000000
vn 0.00000000 -0.00001514 1.00000000
vn 0.00000000 -0.00001514 1.00000000
vn 0.00000000 -0.00001514 1.00000000
vn 0.00000000 -0.00001514 1.00000000
vn 0.00000000 -0.00001514 1.00000000
vn 0.00000000 -0.00001514 1.00000000
vn 0.00000000 -0.00001514 1.00000000
vn 0.00000000 -0.00001514 1.00000000
vn 0.00000000 -0.00001514 1.00000000
vn 0.00000000 -0.00001514 1.00000000
vn 0.00000000 -0.00001514 1.00000000
vn 0.00000000 -0.00001514 1.00000000
vn 0.00000000 -0.00001514 1.00000000
vn 0.00000000 -0.00001514 1.00000000
vn 0.00000000 -0.00001514 1.00000000
vn 0.00000000 -0.00001514 1.00000000
vn 0.00000000 -0.00001514 1.00000000
vn 0.00000000 -0.00001514 1.00000000
vn 0.00000000 -0.00001514 1.00000000
vn 0.00000000 -0.00001514 1.00000000
vn 0.00000000 -0.00001514 1.00000000
vn 0.00000000 -0.00001514 1.00000000
vn 0.00000000 -0.00001514 1.00000000
vn 0.00000000 -0.00001514 1.00000000
vn 0.00000000 -0.00001514 1.00000000
vn 0.00000000 -0.00001514 1.00000000
vn 0.00000000 -0.00001514 1.00000000
vn 0.00000000 -0.00001514 1.00000000
vn 0.00000000 -0.00001514 1.00000000
vn 0.00000000 -0.00001514 1.00000000
vn 0.00000000 -0.00001514 1.00000000
vn 0.00000000 -0.00001514 1.00000000
vn 0.00000000 -0.00001514 1.00000000
vn 0.00000000 -0.00001514 1.00000000
vn 0.00000000 -0.00001514 1.00000000
vn 0.00000000 -0.00001514 1.00000000
# material_color 0.431373 0.352941 0.639216 1.0
# s3d_label 0
f 1/1/1 2/2/2 3/3/3
# material_color 0.431373 0.352941 0.639216 1.0
# s3d_label 0
f 4/4/4 5/5/5 6/6/6
# material_color 0.431373 0.352941 0.639216 1.0
# s3d_label 0
f 7/7/7 8/8/8 9/9/9
# material_color 0.431373 0.352941 0.639216 1.0
# s3d_label 0
f 10/10/10 11/11/11 12/12/12
# material_color 0.431373 0.352941 0.639216 1.0
# s3d_label 0
f 13/13/13 14/14/14 15/15/15
# material_color 0.431373 0.352941 0.639216 1.0
# s3d_label 0
f 16/16/16 17/17/17 18/18/18
# material_color 0.431373 0.352941 0.639216 1.0
# s3d_label 0
f 19/19/19 20/20/20 21/21/21
# material_color 0.431373 0.352941 0.639216 1.0
# s3d_label 0
f 22/22/22 23/23/23 24/24/24
# material_color 0.431373 0.352941 0.639216 1.0
# s3d_label 0
f 25/25/25 26/26/26 27/27/27
# material_color 0.431373 0.352941 0.639216 1.0
# s3d_label 0
f 28/28/28 29/29/29 30/30/30
# material_color 0.431373 0.352941 0.639216 1.0
# s3d_label 0
f 31/31/31 32/32/32 33/33/33
# material_color 0.431373 0.352941 0.639216 1.0
# s3d_label 0
f 34/34/34 35/35/35 36/36/36
# material_color 0.431373 0.352941 0.639216 1.0
# s3d_label 0
f 37/37/37 38/38/38 39/39/39
# material_color 0.431373 0.352941 0.639216 1.0
# s3d_label 0
f 40/40/40 41/41/41 42/42/42
# material_color 0.431373 0.352941 0.639216 1.0
# s3d_label 0
f 43/43/43 44/44/44 45/45/45
# material_color 0.431373 0.352941 0.639216 1.0
# s3d_label 0
f 46/46/46 47/47/47 48/48/48
# material_color 0.431373 0.352941 0.639216 1.0
# s3d_label 0
f 49/49/49 50/50/50 51/51/51
# material_color 0.431373 0.352941 0.639216 1.0
# s3d_label 0
f 52/52/52 53/53/53 54/54/54
# material_color 0.431373 0.352941 0.639216 1.0
# s3d_label 0
f 55/55/55 56/56/56 57/57/57
# material_color 0.431373 0.352941 0.639216 1.0
# s3d_label 0
f 58/58/58 59/59/59 60/60/60
# material_color 0.431373 0.352941 0.639216 1.0
# s3d_label 0
f 61/61/61 62/62/62 63/63/63
# material_color 0.431373 0.352941 0.639216 1.0
# s3d_label 0
f 64/64/64 65/65/65 66/66/66
# material_color 0.431373 0.352941 0.639216 1.0
# s3d_label 0
f 67/67/67 68/68/68 69/69/69
# material_color 0.431373 0.352941 0.639216 1.0
# s3d_label 0
f 70/70/70 71/71/71 72/72/72
# material_color 0.431373 0.352941 0.639216 1.0
# s3d_label 0
f 73/73/73 74/74/74 75/75/75
# material_color 0.431373 0.352941 0.639216 1.0
# s3d_label 0
f 76/76/76 77/77/77 78/78/78
# material_color 0.431373 0.352941 0.639216 1.0
# s3d_label 0
f 79/79/79 80/80/80 81/81/81
# material_color 0.431373 0.352941 0.639216 1.0
# s3d_label 0
f 82/82/82 83/83/83 84/84/84
# material_color 0.431373 0.352941 0.639216 1.0
# s3d_label 0
f 85/85/85 86/86/86 87/87/87
# material_color 0.431373 0.352941 0.639216 1.0
# s3d_label 0
f 88/88/88 89/89/89 90/90/90
# material_color 0.431373 0.352941 0.639216 1.0
# s3d_label 0
f 91/91/91 92/92/92 93/93/93
# material_color 0.431373 0.352941 0.639216 1.0
# s3d_label 0
f 94/94/94 95/95/95 96/96/96
# material_color 0.431373 0.352941 0.639216 1.0
# s3d_label 0
f 97/97/97 98/98/98 99/99/99
# material_color 0.431373 0.352941 0.639216 1.0
# s3d_label 0
f 100/100/100 101/101/101 102/102/102
# material_color 0.431373 0.352941 0.639216 1.0
# s3d_label 0
f 103/103/103 104/104/104 105/105/105
# material_color 0.431373 0.352941 0.639216 1.0
# s3d_label 0
f 106/106/106 107/107/107 108/108/108
# material_color 0.431373 0.352941 0.639216 1.0
# s3d_label 0
f 109/109/109 110/110/110 111/111/111
# material_color 0.431373 0.352941 0.639216 1.0
# s3d_label 0
f 112/112/112 113/113/113 114/114/114
# material_color 0.431373 0.352941 0.639216 1.0
# s3d_label 0
f 115/115/115 116/116/116 117/117/117
# material_color 0.431373 0.352941 0.639216 1.0
# s3d_label 0
f 118/118/118 119/119/119 120/120/120
# material_color 0.431373 0.352941 0.639216 1.0
# s3d_label 0
f 121/121/121 122/122/122 123/123/123
# material_color 0.431373 0.352941 0.639216 1.0
# s3d_label 0
f 124/124/124 125/125/125 126/126/126
# material_color 0.431373 0.352941 0.639216 1.0
# s3d_label 0
f 127/127/127 128/128/128 129/129/129
# material_color 0.431373 0.352941 0.639216 1.0
# s3d_label 0
f 130/130/130 131/131/131 132/132/132
# material_color 0.431373 0.352941 0.639216 1.0
# s3d_label 0
f 133/133/133 134/134/134 135/135/135
# material_color 0.431373 0.352941 0.639216 1.0
# s3d_label 0
f 136/136/136 137/137/137 138/138/138
# material_color 0.431373 0.352941 0.639216 1.0
# s3d_label 0
f 139/139/139 140/140/140 141/141/141
# material_color 0.431373 0.352941 0.639216 1.0
# s3d_label 0
f 142/142/142 143/143/143 144/144/144
# material_color 0.431373 0.352941 0.639216 1.0
# s3d_label 0
f 145/145/145 146/146/146 147/147/147
# material_color 0.431373 0.352941 0.639216 1.0
# s3d_label 0
f 148/148/148 149/149/149 150/150/150
# material_color 0.431373 0.352941 0.639216 1.0
# s3d_label 0
f 151/151/151 152/152/152 153/153/153
# material_color 0.431373 0.352941 0.639216 1.0
# s3d_label 0
f 154/154/154 155/155/155 156/156/156
# material_color 0.431373 0.352941 0.639216 1.0
# s3d_label 0
f 157/157/157 158/158/158 159/159/159
# material_color 0.431373 0.352941 0.639216 1.0
# s3d_label 0
f 160/160/160 161/161/161 162/162/162
# material_color 0.431373 0.352941 0.639216 1.0
# s3d_label 0
f 163/163/163 164/164/164 165/165/165
# material_color 0.431373 0.352941 0.639216 1.0
# s3d_label 0
f 166/166/166 167/167/167 168/168/168
# material_color 0.431373 0.352941 0.639216 1.0
# s3d_label 0
f 169/169/169 170/170/170 171/171/171
# material_color 0.431373 0.352941 0.639216 1.0
# s3d_label 0
f 172/172/172 173/173/173 174/174/174
# material_color 0.431373 0.352941 0.639216 1.0
# s3d_label 0
f 175/175/175 176/176/176 177/177/177
# material_color 0.431373 0.352941 0.639216 1.0
# s3d_label 0
f 178/178/178 179/179/179 180/180/180
# material_color 0.431373 0.352941 0.639216 1.0
# s3d_label 0
f 181/181/181 182/182/182 183/183/183
# material_color 0.431373 0.352941 0.639216 1.0
# s3d_label 0
f 184/184/184 185/185/185 186/186/186
# material_color 0.431373 0.352941 0.639216 1.0
# s3d_label 0
f 187/187/187 188/188/188 189/189/189
# material_color 0.431373 0.352941 0.639216 1.0
# s3d_label 0
f 190/190/190 191/191/191 192/192/192
# material_color 0.431373 0.352941 0.639216 1.0
# s3d_label 0
f 193/193/193 194/194/194 195/195/195
# material_color 0.431373 0.352941 0.639216 1.0
# s3d_label 0
f 196/196/196 197/197/197 198/198/198
# material_color 0.431373 0.352941 0.639216 1.0
# s3d_label 0
f 199/199/199 200/200/200 201/201/201
# material_color 0.431373 0.352941 0.639216 1.0
# s3d_label 0
f 202/202/202 203/203/203 204/204/204
# material_color 0.431373 0.352941 0.639216 1.0
# s3d_label 0
f 205/205/205 206/206/206 207/207/207
# material_color 0.431373 0.352941 0.639216 1.0
# s3d_label 0
f 208/208/208 209/209/209 210/210/210
# material_color 0.431373 0.352941 0.639216 1.0
# s3d_label 0
f 211/211/211 212/212/212 213/213/213
# material_color 0.431373 0.352941 0.639216 1.0
# s3d_label 0
f 214/214/214 215/215/215 216/216/216
# material_color 0.431373 0.352941 0.639216 1.0
# s3d_label 0
f 217/217/217 218/218/218 219/219/219
# material_color 0.431373 0.352941 0.639216 1.0
# s3d_label 0
f 220/220/220 221/221/221 222/222/222
# material_color 0.431373 0.352941 0.639216 1.0
# s3d_label 0
f 223/223/223 224/224/224 225/225/225
# material_color 0.431373 0.352941 0.639216 1.0
# s3d_label 0
f 226/226/226 227/227/227 228/228/228
# material_color 0.431373 0.352941 0.639216 1.0
# s3d_label 0
f 229/229/229 230/230/230 231/231/231
# material_color 0.431373 0.352941 0.639216 1.0
# s3d_label 0
f 232/232/232 233/233/233 234/234/234
# material_color 0.431373 0.352941 0.639216 1.0
# s3d_label 0
f 235/235/235 236/236/236 237/237/237
# material_color 0.431373 0.352941 0.639216 1.0
# s3d_label 0
f 238/238/238 239/239/239 240/240/240
# material_color 0.431373 0.352941 0.639216 1.0
# s3d_label 0
f 241/241/241 242/242/242 243/243/243
# material_color 0.431373 0.352941 0.639216 1.0
# s3d_label 0
f 244/244/244 245/245/245 246/246/246
# material_color 0.431373 0.352941 0.639216 1.0
# s3d_label 0
f 247/247/247 248/248/248 249/249/249
# material_color 0.431373 0.352941 0.639216 1.0
# s3d_label 0
f 250/250/250 251/251/251 252/252/252
# material_color 0.431373 0.352941 0.639216 1.0
# s3d_label 0
f 253/253/253 254/254/254 255/255/255
# material_color 0.431373 0.352941 0.639216 1.0
# s3d_label 0
f 256/256/256 257/257/257 258/258/258
# material_color 0.431373 0.352941 0.639216 1.0
# s3d_label 0
f 259/259/259 260/260/260 261/261/261
# material_color 0.431373 0.352941 0.639216 1.0
# s3d_label 0
f 262/262/262 263/263/263 264/264/264
# material_color 0.431373 0.352941 0.639216 1.0
# s3d_label 0
f 265/265/265 266/266/266 267/267/267
# material_color 0.431373 0.352941 0.639216 1.0
# s3d_label 0
f 268/268/268 269/269/269 270/270/270
# material_color 0.431373 0.352941 0.639216 1.0
# s3d_label 0
f 271/271/271 272/272/272 273/273/273
# material_color 0.431373 0.352941 0.639216 1.0
# s3d_label 0
f 274/274/274 275/275/275 276/276/276
# material_color 0.431373 0.352941 0.639216 1.0
# s3d_label 0
f 277/277/277 278/278/278 279/279/279
# material_color 0.431373 0.352941 0.639216 1.0
# s3d_label 0
f 280/280/280 281/281/281 282/282/282
# material_color 0.431373 0.352941 0.639216 1.0
# s3d_label 0
f 283/283/283 284/284/284 285/285/285
# material_color 0.431373 0.352941 0.639216 1.0
# s3d_label 0
f 286/286/286 287/287/287 288/288/288
# material_color 0.431373 0.352941 0.639216 1.0
# s3d_label 0
f 289/289/289 290/290/290 291/291/291
# material_color 0.431373 0.352941 0.639216 1.0
# s3d_label 0
f 292/292/292 293/293/293 294/294/294
# material_color 0.431373 0.352941 0.639216 1.0
# s3d_label 0
f 295/295/295 296/296/296 297/297/297
# material_color 0.431373 0.352941 0.639216 1.0
# s3d_label 0
f 298/298/298 299/299/299 300/300/300
# material_color 0.431373 0.352941 0.639216 1.0
# s3d_label 0
f 301/301/301 302/302/302 303/303/303
# material_color 0.431373 0.352941 0.639216 1.0
# s3d_label 0
f 304/304/304 305/305/305 306/306/306
# material_color 0.431373 0.352941 0.639216 1.0
# s3d_label 0
f 307/307/307 308/308/308 309/309/309
# material_color 0.431373 0.352941 0.639216 1.0
# s3d_label 0
f 310/310/310 311/311/311 312/312/312
# material_color 0.431373 0.352941 0.639216 1.0
# s3d_label 0
f 313/313/313 314/314/314 315/315/315
# material_color 0.431373 0.352941 0.639216 1.0
# s3d_label 0
f 316/316/316 317/317/317 318/318/318
# material_color 0.431373 0.352941 0.639216 1.0
# s3d_label 0
f 319/319/319 320/320/320 321/321/321
# material_color 0.431373 0.352941 0.639216 1.0
# s3d_label 0
f 322/322/322 323/323/323 324/324/324
# material_color 0.431373 0.352941 0.639216 1.0
# s3d_label 0
f 325/325/325 326/326/326 327/327/327
# material_color 0.431373 0.352941 0.639216 1.0
# s3d_label 0
f 328/328/328 329/329/329 330/330/330
# material_color 0.431373 0.352941 0.639216 1.0
# s3d_label 0
f 331/331/331 332/332/332 333/333/333
# material_color 0.431373 0.352941 0.639216 1.0
# s3d_label 0
f 334/334/334 335/335/335 336/336/336
# material_color 0.431373 0.352941 0.639216 1.0
# s3d_label 0
f 337/337/337 338/338/338 339/339/339
# material_color 0.431373 0.352941 0.639216 1.0
# s3d_label 0
f 340/340/340 341/341/341 342/342/342
# material_color 0.431373 0.352941 0.639216 1.0
# s3d_label 0
f 343/343/343 344/344/344 345/345/345
# material_color 0.431373 0.352941 0.639216 1.0
# s3d_label 0
f 346/346/346 347/347/347 348/348/348
# material_color 0.431373 0.352941 0.639216 1.0
# s3d_label 0
f 349/349/349 350/350/350 351/351/351
# material_color 0.431373 0.352941 0.639216 1.0
# s3d_label 0
f 352/352/352 353/353/353 354/354/354
# material_color 0.431373 0.352941 0.639216 1.0
# s3d_label 0
f 355/355/355 356/356/356 357/357/357
# material_color 0.431373 0.352941 0.639216 1.0
# s3d_label 0
f 358/358/358 359/359/359 360/360/360
# material_color 0.431373 0.352941 0.639216 1.0
# s3d_label 0
f 361/361/361 362/362/362 363/363/363
# material_color 0.431373 0.352941 0.639216 1.0
# s3d_label 0
f 364/364/364 365/365/365 366/366/366
# material_color 0.431373 0.352941 0.639216 1.0
# s3d_label 0
f 367/367/367 368/368/368 369/369/369
# material_color 0.431373 0.352941 0.639216 1.0
# s3d_label 0
f 370/370/370 371/371/371 372/372/372
# material_color 0.431373 0.352941 0.639216 1.0
# s3d_label 0
f 373/373/373 374/374/374 375/375/375
# material_color 0.431373 0.352941 0.639216 1.0
# s3d_label 0
f 376/376/376 377/377/377 378/378/378
# material_color 0.431373 0.352941 0.639216 1.0
# s3d_label 0
f 379/379/379 380/380/380 381/381/381
# material_color 0.431373 0.352941 0.639216 1.0
# s3d_label 0
f 382/382/382 383/383/383 384/384/384
# material_color 0.431373 0.352941 0.639216 1.0
# s3d_label 0
f 385/385/385 386/386/386 387/387/387
# material_color 0.431373 0.352941 0.639216 1.0
# s3d_label 0
f 388/388/388 389/389/389 390/390/390
# material_color 0.431373 0.352941 0.639216 1.0
# s3d_label 0
f 391/391/391 392/392/392 393/393/393
# material_color 0.431373 0.352941 0.639216 1.0
# s3d_label 0
f 394/394/394 395/395/395 396/396/396
# material_color 0.431373 0.352941 0.639216 1.0
# s3d_label 0
f 397/397/397 398/398/398 399/399/399
# material_color 0.431373 0.352941 0.639216 1.0
# s3d_label 0
f 400/400/400 401/401/401 402/402/402
# material_color 0.431373 0.352941 0.639216 1.0
# s3d_label 0
f 403/403/403 404/404/404 405/405/405
# material_color 0.431373 0.352941 0.639216 1.0
# s3d_label 0
f 406/406/406 407/407/407 408/408/408
# material_color 0.431373 0.352941 0.639216 1.0
# s3d_label 0
f 409/409/409 410/410/410 411/411/411
# material_color 0.431373 0.352941 0.639216 1.0
# s3d_label 0
f 412/412/412 413/413/413 414/414/414
# material_color 0.431373 0.352941 0.639216 1.0
# s3d_label 0
f 415/415/415 416/416/416 417/417/417
# material_color 0.431373 0.352941 0.639216 1.0
# s3d_label 0
f 418/418/418 419/419/419 420/420/420
# material_color 0.431373 0.352941 0.639216 1.0
# s3d_label 0
f 421/421/421 422/422/422 423/423/423
# material_color 0.431373 0.352941 0.639216 1.0
# s3d_label 0
f 424/424/424 425/425/425 426/426/426
# material_color 0.431373 0.352941 0.639216 1.0
# s3d_label 0
f 427/427/427 428/428/428 429/429/429
# material_color 0.431373 0.352941 0.639216 1.0
# s3d_label 0
f 430/430/430 431/431/431 432/432/432
# material_color 0.431373 0.352941 0.639216 1.0
# s3d_label 0
f 433/433/433 434/434/434 435/435/435
# material_color 0.431373 0.352941 0.639216 1.0
# s3d_label 0
f 436/436/436 437/437/437 438/438/438
# material_color 0.431373 0.352941 0.639216 1.0
# s3d_label 0
f 439/439/439 440/440/440 441/441/441
# material_color 0.431373 0.352941 0.639216 1.0
# s3d_label 0
f 442/442/442 443/443/443 444/444/444
# material_color 0.431373 0.352941 0.639216 1.0
# s3d_label 0
f 445/445/445 446/446/446 447/447/447
# material_color 0.431373 0.352941 0.639216 1.0
# s3d_label 0
f 448/448/448 449/449/449 450/450/450
# material_color 0.431373 0.352941 0.639216 1.0
# s3d_label 0
f 451/451/451 452/452/452 453/453/453
# material_color 0.431373 0.352941 0.639216 1.0
# s3d_label 0
f 454/454/454 455/455/455 456/456/456
# material_color 0.431373 0.352941 0.639216 1.0
# s3d_label 0
f 457/457/457 458/458/458 459/459/459
# material_color 0.431373 0.352941 0.639216 1.0
# s3d_label 0
f 460/460/460 461/461/461 462/462/462
# material_color 0.431373 0.352941 0.639216 1.0
# s3d_label 0
f 463/463/463 464/464/464 465/465/465
# material_color 0.431373 0.352941 0.639216 1.0
# s3d_label 0
f 466/466/466 467/467/467 468/468/468
# material_color 0.431373 0.352941 0.639216 1.0
# s3d_label 0
f 469/469/469 470/470/470 471/471/471
# material_color 0.431373 0.352941 0.639216 1.0
# s3d_label 0
f 472/472/472 473/473/473 474/474/474
# material_color 0.431373 0.352941 0.639216 1.0
# s3d_label 0
f 475/475/475 476/476/476 477/477/477
# material_color 0.431373 0.352941 0.639216 1.0
# s3d_label 0
f 478/478/478 479/479/479 480/480/480
# material_color 0.431373 0.352941 0.639216 1.0
# s3d_label 0
f 481/481/481 482/482/482 483/483/483
# material_color 0.431373 0.352941 0.639216 1.0
# s3d_label 0
f 484/484/484 485/485/485 486/486/486
# material_color 0.431373 0.352941 0.639216 1.0
# s3d_label 0
f 487/487/487 488/488/488 489/489/489
# material_color 0.431373 0.352941 0.639216 1.0
# s3d_label 0
f 490/490/490 491/491/491 492/492/492
# material_color 0.431373 0.352941 0.639216 1.0
# s3d_label 0
f 493/493/493 494/494/494 495/495/495
# material_color 0.431373 0.352941 0.639216 1.0
# s3d_label 0
f 496/496/496 497/497/497 498/498/498
# material_color 0.431373 0.352941 0.639216 1.0
# s3d_label 0
f 499/499/499 500/500/500 501/501/501
# material_color 0.431373 0.352941 0.639216 1.0
# s3d_label 0
f 502/502/502 503/503/503 504/504/504
# material_color 0.431373 0.352941 0.639216 1.0
# s3d_label 0
f 505/505/505 506/506/506 507/507/507
# material_color 0.431373 0.352941 0.639216 1.0
# s3d_label 0
f 508/508/508 509/509/509 510/510/510
# material_color 0.431373 0.352941 0.639216 1.0
# s3d_label 0
f 511/511/511 512/512/512 513/513/513
# material_color 0.431373 0.352941 0.639216 1.0
# s3d_label 0
f 514/514/514 515/515/515 516/516/516
# material_color 0.431373 0.352941 0.639216 1.0
# s3d_label 0
f 517/517/517 518/518/518 519/519/519
# material_color 0.431373 0.352941 0.639216 1.0
# s3d_label 0
f 520/520/520 521/521/521 522/522/522
# material_color 0.431373 0.352941 0.639216 1.0
# s3d_label 0
f 523/523/523 524/524/524 525/525/525
# material_color 0.431373 0.352941 0.639216 1.0
# s3d_label 0
f 526/526/526 527/527/527 528/528/528
# material_color 0.431373 0.352941 0.639216 1.0
# s3d_label 0
f 529/529/529 530/530/530 531/531/531
# material_color 0.431373 0.352941 0.639216 1.0
# s3d_label 0
f 532/532/532 533/533/533 534/534/534
# material_color 0.431373 0.352941 0.639216 1.0
# s3d_label 0
f 535/535/535 536/536/536 537/537/537
# material_color 0.431373 0.352941 0.639216 1.0
# s3d_label 0
f 538/538/538 539/539/539 540/540/540
# material_color 0.431373 0.352941 0.639216 1.0
# s3d_label 0
f 541/541/541 542/542/542 543/543/543
# material_color 0.431373 0.352941 0.639216 1.0
# s3d_label 0
f 544/544/544 545/545/545 546/546/546
# material_color 0.431373 0.352941 0.639216 1.0
# s3d_label 0
f 547/547/547 548/548/548 549/549/549
# material_color 0.431373 0.352941 0.639216 1.0
# s3d_label 0
f 550/550/550 551/551/551 552/552/552
# material_color 0.431373 0.352941 0.639216 1.0
# s3d_label 0
f 553/553/553 554/554/554 555/555/555
# material_color 0.431373 0.352941 0.639216 1.0
# s3d_label 0
f 556/556/556 557/557/557 558/558/558
# material_color 0.431373 0.352941 0.639216 1.0
# s3d_label 0
f 559/559/559 560/560/560 561/561/561
# material_color 0.431373 0.352941 0.639216 1.0
# s3d_label 0
f 562/562/562 563/563/563 564/564/564
# material_color 0.431373 0.352941 0.639216 1.0
# s3d_label 0
f 565/565/565 566/566/566 567/567/567
# material_color 0.431373 0.352941 0.639216 1.0
# s3d_label 0
f 568/568/568 569/569/569 570/570/570
# material_color 0.431373 0.352941 0.639216 1.0
# s3d_label 0
f 571/571/571 572/572/572 573/573/573
# material_color 0.431373 0.352941 0.639216 1.0
# s3d_label 0
f 574/574/574 575/575/575 576/576/576
# material_color 0.431373 0.352941 0.639216 1.0
# s3d_label 0
f 577/577/577 578/578/578 579/579/579
# material_color 0.431373 0.352941 0.639216 1.0
# s3d_label 0
f 580/580/580 581/581/581 582/582/582
# material_color 0.431373 0.352941 0.639216 1.0
# s3d_label 0
f 583/583/583 584/584/584 585/585/585
# material_color 0.431373 0.352941 0.639216 1.0
# s3d_label 0
f 586/586/586 587/587/587 588/588/588
# material_color 0.431373 0.352941 0.639216 1.0
# s3d_label 0
f 589/589/589 590/590/590 591/591/591
# material_color 0.431373 0.352941 0.639216 1.0
# s3d_label 0
f 592/592/592 593/593/593 594/594/594
# material_color 0.431373 0.352941 0.639216 1.0
# s3d_label 0
f 595/595/595 596/596/596 597/597/597
# material_color 0.431373 0.352941 0.639216 1.0
# s3d_label 0
f 598/598/598 599/599/599 600/600/600
# material_color 0.431373 0.352941 0.639216 1.0
# s3d_label 0
f 601/601/601 602/602/602 603/603/603
# material_color 0.431373 0.352941 0.639216 1.0
# s3d_label 0
f 604/604/604 605/605/605 606/606/606
# material_color 0.431373 0.352941 0.639216 1.0
# s3d_label 0
f 607/607/607 608/608/608 609/609/609
# material_color 0.431373 0.352941 0.639216 1.0
# s3d_label 0
f 610/610/610 611/611/611 612/612/612
# material_color 0.431373 0.352941 0.639216 1.0
# s3d_label 0
f 613/613/613 614/614/614 615/615/615
# material_color 0.431373 0.352941 0.639216 1.0
# s3d_label 0
f 616/616/616 617/617/617 618/618/618
# material_color 0.431373 0.352941 0.639216 1.0
# s3d_label 0
f 619/619/619 620/620/620 621/621/621
# material_color 0.431373 0.352941 0.639216 1.0
# s3d_label 0
f 622/622/622 623/623/623 624/624/624
# material_color 0.431373 0.352941 0.639216 1.0
# s3d_label 0
f 625/625/625 626/626/626 627/627/627
# material_color 0.431373 0.352941 0.639216 1.0
# s3d_label 0
f 628/628/628 629/629/629 630/630/630
# material_color 0.431373 0.352941 0.639216 1.0
# s3d_label 0
f 631/631/631 632/632/632 633/633/633
# material_color 0.431373 0.352941 0.639216 1.0
# s3d_label 0
f 634/634/634 635/635/635 636/636/636
# material_color 0.431373 0.352941 0.639216 1.0
# s3d_label 0
f 637/637/637 638/638/638 639/639/639
# material_color 0.431373 0.352941 0.639216 1.0
# s3d_label 0
f 640/640/640 641/641/641 642/642/642
# material_color 0.431373 0.352941 0.639216 1.0
# s3d_label 0
f 643/643/643 644/644/644 645/645/645
# material_color 0.431373 0.352941 0.639216 1.0
# s3d_label 0
f 646/646/646 647/647/647 648/648/648
# material_color 0.431373 0.352941 0.639216 1.0
# s3d_label 0
f 649/649/649 650/650/650 651/651/651
# material_color 0.431373 0.352941 0.639216 1.0
# s3d_label 0
f 652/652/652 653/653/653 654/654/654
# material_color 0.431373 0.352941 0.639216 1.0
# s3d_label 0
f 655/655/655 656/656/656 657/657/657
# material_color 0.431373 0.352941 0.639216 1.0
# s3d_label 0
f 658/658/658 659/659/659 660/660/660
# material_color 0.431373 0.352941 0.639216 1.0
# s3d_label 0
f 661/661/661 662/662/662 663/663/663
# material_color 0.431373 0.352941 0.639216 1.0
# s3d_label 0
f 664/664/664 665/665/665 666/666/666
# material_color 0.431373 0.352941 0.639216 1.0
# s3d_label 0
f 667/667/667 668/668/668 669/669/669
# material_color 0.431373 0.352941 0.639216 1.0
# s3d_label 0
f 670/670/670 671/671/671 672/672/672
# material_color 0.431373 0.352941 0.639216 1.0
# s3d_label 0
f 673/673/673 674/674/674 675/675/675
# material_color 0.431373 0.352941 0.639216 1.0
# s3d_label 0
f 676/676/676 677/677/677 678/678/678
# material_color 0.431373 0.352941 0.639216 1.0
# s3d_label 0
f 679/679/679 680/680/680 681/681/681
# material_color 0.431373 0.352941 0.639216 1.0
# s3d_label 0
f 682/682/682 683/683/683 684/684/684
# material_color 0.431373 0.352941 0.639216 1.0
# s3d_label 0
f 685/685/685 686/686/686 687/687/687
# material_color 0.431373 0.352941 0.639216 1.0
# s3d_label 0
f 688/688/688 689/689/689 690/690/690
# material_color 0.431373 0.352941 0.639216 1.0
# s3d_label 0
f 691/691/691 692/692/692 693/693/693
# material_color 0.431373 0.352941 0.639216 1.0
# s3d_label 0
f 694/694/694 695/695/695 696/696/696
# material_color 0.431373 0.352941 0.639216 1.0
# s3d_label 0
f 697/697/697 698/698/698 699/699/699
# material_color 0.431373 0.352941 0.639216 1.0
# s3d_label 0
f 700/700/700 701/701/701 702/702/702
# material_color 0.431373 0.352941 0.639216 1.0
# s3d_label 0
f 703/703/703 704/704/704 705/705/705
# material_color 0.431373 0.352941 0.639216 1.0
# s3d_label 0
f 706/706/706 707/707/707 708/708/708
# material_color 0.431373 0.352941 0.639216 1.0
# s3d_label 0
f 709/709/709 710/710/710 711/711/711
# material_color 0.431373 0.352941 0.639216 1.0
# s3d_label 0
f 712/712/712 713/713/713 714/714/714
# material_color 0.431373 0.352941 0.639216 1.0
# s3d_label 0
f 715/715/715 716/716/716 717/717/717
# material_color 0.431373 0.352941 0.639216 1.0
# s3d_label 0
f 718/718/718 719/719/719 720/720/720
# material_color 0.431373 0.352941 0.639216 1.0
# s3d_label 0
f 721/721/721 722/722/722 723/723/723
# material_color 0.431373 0.352941 0.639216 1.0
# s3d_label 0
f 724/724/724 725/725/725 726/726/726
# material_color 0.431373 0.352941 0.639216 1.0
# s3d_label 0
f 727/727/727 728/728/728 729/729/729
# material_color 0.431373 0.352941 0.639216 1.0
# s3d_label 0
f 730/730/730 731/731/731 732/732/732
# material_color 0.431373 0.352941 0.639216 1.0
# s3d_label 0
f 733/733/733 734/734/734 735/735/735
# material_color 0.431373 0.352941 0.639216 1.0
# s3d_label 0
f 736/736/736 737/737/737 738/738/738
# material_color 0.431373 0.352941 0.639216 1.0
# s3d_label 0
f 739/739/739 740/740/740 741/741/741
# material_color 0.431373 0.352941 0.639216 1.0
# s3d_label 0
f 742/742/742 743/743/743 744/744/744
# material_color 0.431373 0.352941 0.639216 1.0
# s3d_label 0
f 745/745/745 746/746/746 747/747/747
# material_color 0.431373 0.352941 0.639216 1.0
# s3d_label 0
f 748/748/748 749/749/749 750/750/750
# material_color 0.431373 0.352941 0.639216 1.0
# s3d_label 0
f 751/751/751 752/752/752 753/753/753
# material_color 0.431373 0.352941 0.639216 1.0
# s3d_label 0
f 754/754/754 755/755/755 756/756/756
# material_color 0.431373 0.352941 0.639216 1.0
# s3d_label 0
f 757/757/757 758/758/758 759/759/759
# material_color 0.431373 0.352941 0.639216 1.0
# s3d_label 0
f 760/760/760 761/761/761 762/762/762
# material_color 0.431373 0.352941 0.639216 1.0
# s3d_label 0
f 763/763/763 764/764/764 765/765/765
# material_color 0.431373 0.352941 0.639216 1.0
# s3d_label 0
f 766/766/766 767/767/767 768/768/768
# material_color 0.431373 0.352941 0.639216 1.0
# s3d_label 0
f 769/769/769 770/770/770 771/771/771
# material_color 0.431373 0.352941 0.639216 1.0
# s3d_label 0
f 772/772/772 773/773/773 774/774/774
# material_color 0.431373 0.352941 0.639216 1.0
# s3d_label 0
f 775/775/775 776/776/776 777/777/777
# material_color 0.431373 0.352941 0.639216 1.0
# s3d_label 0
f 778/778/778 779/779/779 780/780/780
# material_color 0.431373 0.352941 0.639216 1.0
# s3d_label 0
f 781/781/781 782/782/782 783/783/783
# material_color 0.431373 0.352941 0.639216 1.0
# s3d_label 0
f 784/784/784 785/785/785 786/786/786
# material_color 0.431373 0.352941 0.639216 1.0
# s3d_label 0
f 787/787/787 788/788/788 789/789/789
# material_color 0.431373 0.352941 0.639216 1.0
# s3d_label 0
f 790/790/790 791/791/791 792/792/792
# material_color 0.431373 0.352941 0.639216 1.0
# s3d_label 0
f 793/793/793 794/794/794 795/795/795
# material_color 0.431373 0.352941 0.639216 1.0
# s3d_label 0
f 796/796/796 797/797/797 798/798/798
# material_color 0.431373 0.352941 0.639216 1.0
# s3d_label 0
f 799/799/799 800/800/800 801/801/801
# material_color 0.431373 0.352941 0.639216 1.0
# s3d_label 0
f 802/802/802 803/803/803 804/804/804
# material_color 0.431373 0.352941 0.639216 1.0
# s3d_label 0
f 805/805/805 806/806/806 807/807/807
# material_color 0.431373 0.352941 0.639216 1.0
# s3d_label 0
f 808/808/808 809/809/809 810/810/810
# material_color 0.431373 0.352941 0.639216 1.0
# s3d_label 0
f 811/811/811 812/812/812 813/813/813
# material_color 0.431373 0.352941 0.639216 1.0
# s3d_label 0
f 814/814/814 815/815/815 816/816/816
# material_color 0.431373 0.352941 0.639216 1.0
# s3d_label 0
f 817/817/817 818/818/818 819/819/819
# material_color 0.431373 0.352941 0.639216 1.0
# s3d_label 0
f 820/820/820 821/821/821 822/822/822
# material_color 0.431373 0.352941 0.639216 1.0
# s3d_label 0
f 823/823/823 824/824/824 825/825/825
# material_color 0.431373 0.352941 0.639216 1.0
# s3d_label 0
f 826/826/826 827/827/827 828/828/828
# material_color 0.431373 0.352941 0.639216 1.0
# s3d_label 0
f 829/829/829 830/830/830 831/831/831
# material_color 0.431373 0.352941 0.639216 1.0
# s3d_label 0
f 832/832/832 833/833/833 834/834/834
# material_color 0.431373 0.352941 0.639216 1.0
# s3d_label 0
f 835/835/835 836/836/836 837/837/837
# material_color 0.431373 0.352941 0.639216 1.0
# s3d_label 0
f 838/838/838 839/839/839 840/840/840
# material_color 0.431373 0.352941 0.639216 1.0
# s3d_label 0
f 841/841/841 842/842/842 843/843/843
# material_color 0.431373 0.352941 0.639216 1.0
# s3d_label 0
f 844/844/844 845/845/845 846/846/846
# material_color 0.431373 0.352941 0.639216 1.0
# s3d_label 0
f 847/847/847 848/848/848 849/849/849
# material_color 0.431373 0.352941 0.639216 1.0
# s3d_label 0
f 850/850/850 851/851/851 852/852/852
# material_color 0.431373 0.352941 0.639216 1.0
# s3d_label 0
f 853/853/853 854/854/854 855/855/855
# material_color 0.431373 0.352941 0.639216 1.0
# s3d_label 0
f 856/856/856 857/857/857 858/858/858
# material_color 0.431373 0.352941 0.639216 1.0
# s3d_label 0
f 859/859/859 860/860/860 861/861/861
# material_color 0.431373 0.352941 0.639216 1.0
# s3d_label 0
f 862/862/862 863/863/863 864/864/864
# material_color 0.431373 0.352941 0.639216 1.0
# s3d_label 0
f 865/865/865 866/866/866 867/867/867
# material_color 0.431373 0.352941 0.639216 1.0
# s3d_label 0
f 868/868/868 869/869/869 870/870/870
# material_color 0.431373 0.352941 0.639216 1.0
# s3d_label 0
f 871/871/871 872/872/872 873/873/873
# material_color 0.431373 0.352941 0.639216 1.0
# s3d_label 0
f 874/874/874 875/875/875 876/876/876
# material_color 0.431373 0.352941 0.639216 1.0
# s3d_label 0
f 877/877/877 878/878/878 879/879/879
# material_color 0.431373 0.352941 0.639216 1.0
# s3d_label 0
f 880/880/880 881/881/881 882/882/882
# material_color 0.431373 0.352941 0.639216 1.0
# s3d_label 0
f 883/883/883 884/884/884 885/885/885
# material_color 0.431373 0.352941 0.639216 1.0
# s3d_label 0
f 886/886/886 887/887/887 888/888/888
# material_color 0.431373 0.352941 0.639216 1.0
# s3d_label 0
f 889/889/889 890/890/890 891/891/891
# material_color 0.431373 0.352941 0.639216 1.0
# s3d_label 0
f 892/892/892 893/893/893 894/894/894
# material_color 0.431373 0.352941 0.639216 1.0
# s3d_label 0
f 895/895/895 896/896/896 897/897/897
# material_color 0.431373 0.352941 0.639216 1.0
# s3d_label 0
f 898/898/898 899/899/899 900/900/900
# material_color 0.431373 0.352941 0.639216 1.0
# s3d_label 0
f 901/901/901 902/902/902 903/903/903
# material_color 0.431373 0.352941 0.639216 1.0
# s3d_label 0
f 904/904/904 905/905/905 906/906/906
# material_color 0.431373 0.352941 0.639216 1.0
# s3d_label 0
f 907/907/907 908/908/908 909/909/909
# material_color 0.431373 0.352941 0.639216 1.0
# s3d_label 0
f 910/910/910 911/911/911 912/912/912
# material_color 0.431373 0.352941 0.639216 1.0
# s3d_label 0
f 913/913/913 914/914/914 915/915/915
# material_color 0.431373 0.352941 0.639216 1.0
# s3d_label 0
f 916/916/916 917/917/917 918/918/918
# material_color 0.431373 0.352941 0.639216 1.0
# s3d_label 0
f 919/919/919 920/920/920 921/921/921
# material_color 0.431373 0.352941 0.639216 1.0
# s3d_label 0
f 922/922/922 923/923/923 924/924/924
# material_color 0.431373 0.352941 0.639216 1.0
# s3d_label 0
f 925/925/925 926/926/926 927/927/927
# material_color 0.431373 0.352941 0.639216 1.0
# s3d_label 0
f 928/928/928 929/929/929 930/930/930
# material_color 0.431373 0.352941 0.639216 1.0
# s3d_label 0
f 931/931/931 932/932/932 933/933/933
# material_color 0.431373 0.352941 0.639216 1.0
# s3d_label 0
f 934/934/934 935/935/935 936/936/936
# material_color 0.431373 0.352941 0.639216 1.0
# s3d_label 0
f 937/937/937 938/938/938 939/939/939
# material_color 0.431373 0.352941 0.639216 1.0
# s3d_label 0
f 940/940/940 941/941/941 942/942/942
# material_color 0.431373 0.352941 0.639216 1.0
# s3d_label 0
f 943/943/943 944/944/944 945/945/945
# material_color 0.431373 0.352941 0.639216 1.0
# s3d_label 0
f 946/946/946 947/947/947 948/948/948
# material_color 0.431373 0.352941 0.639216 1.0
# s3d_label 0
f 949/949/949 950/950/950 951/951/951
# material_color 0.431373 0.352941 0.639216 1.0
# s3d_label 0
f 952/952/952 953/953/953 954/954/954
# material_color 0.431373 0.352941 0.639216 1.0
# s3d_label 0
f 955/955/955 956/956/956 957/957/957
# material_color 0.431373 0.352941 0.639216 1.0
# s3d_label 0
f 958/958/958 959/959/959 960/960/960
# material_color 0.431373 0.352941 0.639216 1.0
# s3d_label 0
f 961/961/961 962/962/962 963/963/963
# material_color 0.431373 0.352941 0.639216 1.0
# s3d_label 0
f 964/964/964 965/965/965 966/966/966
# material_color 0.431373 0.352941 0.639216 1.0
# s3d_label 0
f 967/967/967 968/968/968 969/969/969
# material_color 0.431373 0.352941 0.639216 1.0
# s3d_label 0
f 970/970/970 971/971/971 972/972/972
# material_color 0.431373 0.352941 0.639216 1.0
# s3d_label 0
f 973/973/973 974/974/974 975/975/975
# material_color 0.431373 0.352941 0.639216 1.0
# s3d_label 0
f 976/976/976 977/977/977 978/978/978
# material_color 0.431373 0.352941 0.639216 1.0
# s3d_label 0
f 979/979/979 980/980/980 981/981/981
# material_color 0.431373 0.352941 0.639216 1.0
# s3d_label 0
f 982/982/982 983/983/983 984/984/984
# material_color 0.431373 0.352941 0.639216 1.0
# s3d_label 0
f 985/985/985 986/986/986 987/987/987
# material_color 0.431373 0.352941 0.639216 1.0
# s3d_label 0
f 988/988/988 989/989/989 990/990/990
# material_color 0.431373 0.352941 0.639216 1.0
# s3d_label 0
f 991/991/991 992/992/992 993/993/993
# material_color 0.431373 0.352941 0.639216 1.0
# s3d_label 0
f 994/994/994 995/995/995 996/996/996
# material_color 0.431373 0.352941 0.639216 1.0
# s3d_label 0
f 997/997/997 998/998/998 999/999/999
# material_color 0.431373 0.352941 0.639216 1.0
# s3d_label 0
f 1000/1000/1000 1001/1001/1001 1002/1002/1002
# material_color 0.431373 0.352941 0.639216 1.0
# s3d_label 0
f 1003/1003/1003 1004/1004/1004 1005/1005/1005
# material_color 0.431373 0.352941 0.639216 1.0
# s3d_label 0
f 1006/1006/1006 1007/1007/1007 1008/1008/1008
# material_color 0.431373 0.352941 0.639216 1.0
# s3d_label 0
f 1009/1009/1009 1010/1010/1010 1011/1011/1011
# material_color 0.431373 0.352941 0.639216 1.0
# s3d_label 0
f 1012/1012/1012 1013/1013/1013 1014/1014/1014
# material_color 0.431373 0.352941 0.639216 1.0
# s3d_label 0
f 1015/1015/1015 1016/1016/1016 1017/1017/1017
# material_color 0.431373 0.352941 0.639216 1.0
# s3d_label 0
f 1018/1018/1018 1019/1019/1019 1020/1020/1020
# material_color 0.431373 0.352941 0.639216 1.0
# s3d_label 0
f 1021/1021/1021 1022/1022/1022 1023/1023/1023
# material_color 0.431373 0.352941 0.639216 1.0
# s3d_label 0
f 1024/1024/1024 1025/1025/1025 1026/1026/1026
# material_color 0.431373 0.352941 0.639216 1.0
# s3d_label 0
f 1027/1027/1027 1028/1028/1028 1029/1029/1029
# material_color 0.431373 0.352941 0.639216 1.0
# s3d_label 0
f 1030/1030/1030 1031/1031/1031 1032/1032/1032
# material_color 0.431373 0.352941 0.639216 1.0
# s3d_label 0
f 1033/1033/1033 1034/1034/1034 1035/1035/1035
# material_color 0.431373 0.352941 0.639216 1.0
# s3d_label 0
f 1036/1036/1036 1037/1037/1037 1038/1038/1038
# material_color 0.431373 0.352941 0.639216 1.0
# s3d_label 0
f 1039/1039/1039 1040/1040/1040 1041/1041/1041
# material_color 0.431373 0.352941 0.639216 1.0
# s3d_label 0
f 1042/1042/1042 1043/1043/1043 1044/1044/1044
# material_color 0.431373 0.352941 0.639216 1.0
# s3d_label 0
f 1045/1045/1045 1046/1046/1046 1047/1047/1047
# material_color 0.431373 0.352941 0.639216 1.0
# s3d_label 0
f 1048/1048/1048 1049/1049/1049 1050/1050/1050
# material_color 0.431373 0.352941 0.639216 1.0
# s3d_label 0
f 1051/1051/1051 1052/1052/1052 1053/1053/1053
# material_color 0.431373 0.352941 0.639216 1.0
# s3d_label 0
f 1054/1054/1054 1055/1055/1055 1056/1056/1056
# material_color 0.431373 0.352941 0.639216 1.0
# s3d_label 0
f 1057/1057/1057 1058/1058/1058 1059/1059/1059
# material_color 0.431373 0.352941 0.639216 1.0
# s3d_label 0
f 1060/1060/1060 1061/1061/1061 1062/1062/1062
# material_color 0.431373 0.352941 0.639216 1.0
# s3d_label 0
f 1063/1063/1063 1064/1064/1064 1065/1065/1065
# material_color 0.431373 0.352941 0.639216 1.0
# s3d_label 0
f 1066/1066/1066 1067/1067/1067 1068/1068/1068
# material_color 0.431373 0.352941 0.639216 1.0
# s3d_label 0
f 1069/1069/1069 1070/1070/1070 1071/1071/1071
# material_color 0.431373 0.352941 0.639216 1.0
# s3d_label 0
f 1072/1072/1072 1073/1073/1073 1074/1074/1074
# material_color 0.431373 0.352941 0.639216 1.0
# s3d_label 0
f 1075/1075/1075 1076/1076/1076 1077/1077/1077
# material_color 0.431373 0.352941 0.639216 1.0
# s3d_label 0
f 1078/1078/1078 1079/1079/1079 1080/1080/1080
# material_color 0.431373 0.352941 0.639216 1.0
# s3d_label 0
f 1081/1081/1081 1082/1082/1082 1083/1083/1083
# material_color 0.431373 0.352941 0.639216 1.0
# s3d_label 0
f 1084/1084/1084 1085/1085/1085 1086/1086/1086
# material_color 0.431373 0.352941 0.639216 1.0
# s3d_label 0
f 1087/1087/1087 1088/1088/1088 1089/1089/1089
# material_color 0.431373 0.352941 0.639216 1.0
# s3d_label 0
f 1090/1090/1090 1091/1091/1091 1092/1092/1092
# material_color 0.431373 0.352941 0.639216 1.0
# s3d_label 0
f 1093/1093/1093 1094/1094/1094 1095/1095/1095
# material_color 0.431373 0.352941 0.639216 1.0
# s3d_label 0
f 1096/1096/1096 1097/1097/1097 1098/1098/1098
# material_color 0.431373 0.352941 0.639216 1.0
# s3d_label 0
f 1099/1099/1099 1100/1100/1100 1101/1101/1101
# material_color 0.431373 0.352941 0.639216 1.0
# s3d_label 0
f 1102/1102/1102 1103/1103/1103 1104/1104/1104
# material_color 0.431373 0.352941 0.639216 1.0
# s3d_label 0
f 1105/1105/1105 1106/1106/1106 1107/1107/1107
# material_color 0.431373 0.352941 0.639216 1.0
# s3d_label 0
f 1108/1108/1108 1109/1109/1109 1110/1110/1110
# material_color 0.431373 0.352941 0.639216 1.0
# s3d_label 0
f 1111/1111/1111 1112/1112/1112 1113/1113/1113
# material_color 0.431373 0.352941 0.639216 1.0
# s3d_label 0
f 1114/1114/1114 1115/1115/1115 1116/1116/1116
# material_color 0.431373 0.352941 0.639216 1.0
# s3d_label 0
f 1117/1117/1117 1118/1118/1118 1119/1119/1119
# material_color 0.431373 0.352941 0.639216 1.0
# s3d_label 0
f 1120/1120/1120 1121/1121/1121 1122/1122/1122
# material_color 0.431373 0.352941 0.639216 1.0
# s3d_label 0
f 1123/1123/1123 1124/1124/1124 1125/1125/1125
# material_color 0.431373 0.352941 0.639216 1.0
# s3d_label 0
f 1126/1126/1126 1127/1127/1127 1128/1128/1128
# material_color 0.431373 0.352941 0.639216 1.0
# s3d_label 0
f 1129/1129/1129 1130/1130/1130 1131/1131/1131
# material_color 0.431373 0.352941 0.639216 1.0
# s3d_label 0
f 1132/1132/1132 1133/1133/1133 1134/1134/1134
# material_color 0.431373 0.352941 0.639216 1.0
# s3d_label 0
f 1135/1135/1135 1136/1136/1136 1137/1137/1137
# material_color 0.431373 0.352941 0.639216 1.0
# s3d_label 0
f 1138/1138/1138 1139/1139/1139 1140/1140/1140
# material_color 0.431373 0.352941 0.639216 1.0
# s3d_label 0
f 1141/1141/1141 1142/1142/1142 1143/1143/1143
# material_color 0.431373 0.352941 0.639216 1.0
# s3d_label 0
f 1144/1144/1144 1145/1145/1145 1146/1146/1146
# material_color 0.431373 0.352941 0.639216 1.0
# s3d_label 0
f 1147/1147/1147 1148/1148/1148 1149/1149/1149
# material_color 0.431373 0.352941 0.639216 1.0
# s3d_label 0
f 1150/1150/1150 1151/1151/1151 1152/1152/1152
# material_color 0.431373 0.352941 0.639216 1.0
# s3d_label 0
f 1153/1153/1153 1154/1154/1154 1155/1155/1155
# material_color 0.431373 0.352941 0.639216 1.0
# s3d_label 0
f 1156/1156/1156 1157/1157/1157 1158/1158/1158
# material_color 0.431373 0.352941 0.639216 1.0
# s3d_label 0
f 1159/1159/1159 1160/1160/1160 1161/1161/1161
# material_color 0.431373 0.352941 0.639216 1.0
# s3d_label 0
f 1162/1162/1162 1163/1163/1163 1164/1164/1164
# material_color 0.431373 0.352941 0.639216 1.0
# s3d_label 0
f 1165/1165/1165 1166/1166/1166 1167/1167/1167
# material_color 0.431373 0.352941 0.639216 1.0
# s3d_label 0
f 1168/1168/1168 1169/1169/1169 1170/1170/1170
# material_color 0.431373 0.352941 0.639216 1.0
# s3d_label 0
f 1171/1171/1171 1172/1172/1172 1173/1173/1173
# material_color 0.431373 0.352941 0.639216 1.0
# s3d_label 0
f 1174/1174/1174 1175/1175/1175 1176/1176/1176
# material_color 0.431373 0.352941 0.639216 1.0
# s3d_label 0
f 1177/1177/1177 1178/1178/1178 1179/1179/1179
# material_color 0.431373 0.352941 0.639216 1.0
# s3d_label 0
f 1180/1180/1180 1181/1181/1181 1182/1182/1182
# material_color 0.431373 0.352941 0.639216 1.0
# s3d_label 0
f 1183/1183/1183 1184/1184/1184 1185/1185/1185
# material_color 0.431373 0.352941 0.639216 1.0
# s3d_label 0
f 1186/1186/1186 1187/1187/1187 1188/1188/1188
# material_color 0.431373 0.352941 0.639216 1.0
# s3d_label 0
f 1189/1189/1189 1190/1190/1190 1191/1191/1191
# material_color 0.431373 0.352941 0.639216 1.0
# s3d_label 0
f 1192/1192/1192 1193/1193/1193 1194/1194/1194
# material_color 0.431373 0.352941 0.639216 1.0
# s3d_label 0
f 1195/1195/1195 1196/1196/1196 1197/1197/1197
# material_color 0.431373 0.352941 0.639216 1.0
# s3d_label 0
f 1198/1198/1198 1199/1199/1199 1200/1200/1200
# material_color 0.431373 0.352941 0.639216 1.0
# s3d_label 0
f 1201/1201/1201 1202/1202/1202 1203/1203/1203
# material_color 0.431373 0.352941 0.639216 1.0
# s3d_label 0
f 1204/1204/1204 1205/1205/1205 1206/1206/1206
# material_color 0.431373 0.352941 0.639216 1.0
# s3d_label 0
f 1207/1207/1207 1208/1208/1208 1209/1209/1209
# material_color 0.431373 0.352941 0.639216 1.0
# s3d_label 0
f 1210/1210/1210 1211/1211/1211 1212/1212/1212
# material_color 0.431373 0.352941 0.639216 1.0
# s3d_label 0
f 1213/1213/1213 1214/1214/1214 1215/1215/1215
# material_color 0.431373 0.352941 0.639216 1.0
# s3d_label 0
f 1216/1216/1216 1217/1217/1217 1218/1218/1218
# material_color 0.431373 0.352941 0.639216 1.0
# s3d_label 0
f 1219/1219/1219 1220/1220/1220 1221/1221/1221
# material_color 0.431373 0.352941 0.639216 1.0
# s3d_label 0
f 1222/1222/1222 1223/1223/1223 1224/1224/1224
# material_color 0.431373 0.352941 0.639216 1.0
# s3d_label 0
f 1225/1225/1225 1226/1226/1226 1227/1227/1227
# material_color 0.431373 0.352941 0.639216 1.0
# s3d_label 0
f 1228/1228/1228 1229/1229/1229 1230/1230/1230
# material_color 0.431373 0.352941 0.639216 1.0
# s3d_label 0
f 1231/1231/1231 1232/1232/1232 1233/1233/1233
# material_color 0.431373 0.352941 0.639216 1.0
# s3d_label 0
f 1234/1234/1234 1235/1235/1235 1236/1236/1236
# material_color 0.431373 0.352941 0.639216 1.0
# s3d_label 0
f 1237/1237/1237 1238/1238/1238 1239/1239/1239
# material_color 0.431373 0.352941 0.639216 1.0
# s3d_label 0
f 1240/1240/1240 1241/1241/1241 1242/1242/1242
# material_color 0.431373 0.352941 0.639216 1.0
# s3d_label 0
f 1243/1243/1243 1244/1244/1244 1245/1245/1245
# material_color 0.431373 0.352941 0.639216 1.0
# s3d_label 0
f 1246/1246/1246 1247/1247/1247 1248/1248/1248
# material_color 0.431373 0.352941 0.639216 1.0
# s3d_label 0
f 1249/1249/1249 1250/1250/1250 1251/1251/1251
# material_color 0.431373 0.352941 0.639216 1.0
# s3d_label 0
f 1252/1252/1252 1253/1253/1253 1254/1254/1254
# material_color 0.431373 0.352941 0.639216 1.0
# s3d_label 0
f 1255/1255/1255 1256/1256/1256 1257/1257/1257
# material_color 0.431373 0.352941 0.639216 1.0
# s3d_label 0
f 1258/1258/1258 1259/1259/1259 1260/1260/1260
# material_color 0.431373 0.352941 0.639216 1.0
# s3d_label 0
f 1261/1261/1261 1262/1262/1262 1263/1263/1263
# material_color 0.431373 0.352941 0.639216 1.0
# s3d_label 0
f 1264/1264/1264 1265/1265/1265 1266/1266/1266
# material_color 0.431373 0.352941 0.639216 1.0
# s3d_label 0
f 1267/1267/1267 1268/1268/1268 1269/1269/1269
# material_color 0.431373 0.352941 0.639216 1.0
# s3d_label 0
f 1270/1270/1270 1271/1271/1271 1272/1272/1272
# material_color 0.431373 0.352941 0.639216 1.0
# s3d_label 0
f 1273/1273/1273 1274/1274/1274 1275/1275/1275
# material_color 0.431373 0.352941 0.639216 1.0
# s3d_label 0
f 1276/1276/1276 1277/1277/1277 1278/1278/1278
# material_color 0.431373 0.352941 0.639216 1.0
# s3d_label 0
f 1279/1279/1279 1280/1280/1280 1281/1281/1281
# material_color 0.431373 0.352941 0.639216 1.0
# s3d_label 0
f 1282/1282/1282 1283/1283/1283 1284/1284/1284
# material_color 0.431373 0.352941 0.639216 1.0
# s3d_label 0
f 1285/1285/1285 1286/1286/1286 1287/1287/1287
# material_color 0.431373 0.352941 0.639216 1.0
# s3d_label 0
f 1288/1288/1288 1289/1289/1289 1290/1290/1290
# material_color 0.431373 0.352941 0.639216 1.0
# s3d_label 0
f 1291/1291/1291 1292/1292/1292 1293/1293/1293
# material_color 0.431373 0.352941 0.639216 1.0
# s3d_label 0
f 1294/1294/1294 1295/1295/1295 1296/1296/1296
# material_color 0.431373 0.352941 0.639216 1.0
# s3d_label 0
f 1297/1297/1297 1298/1298/1298 1299/1299/1299
# material_color 0.431373 0.352941 0.639216 1.0
# s3d_label 0
f 1300/1300/1300 1301/1301/1301 1302/1302/1302
# material_color 0.431373 0.352941 0.639216 1.0
# s3d_label 0
f 1303/1303/1303 1304/1304/1304 1305/1305/1305
# material_color 0.431373 0.352941 0.639216 1.0
# s3d_label 0
f 1306/1306/1306 1307/1307/1307 1308/1308/1308
# material_color 0.431373 0.352941 0.639216 1.0
# s3d_label 0
f 1309/1309/1309 1310/1310/1310 1311/1311/1311
# material_color 0.431373 0.352941 0.639216 1.0
# s3d_label 0
f 1312/1312/1312 1313/1313/1313 1314/1314/1314
# material_color 0.431373 0.352941 0.639216 1.0
# s3d_label 0
f 1315/1315/1315 1316/1316/1316 1317/1317/1317
# material_color 0.431373 0.352941 0.639216 1.0
# s3d_label 0
f 1318/1318/1318 1319/1319/1319 1320/1320/1320
# material_color 0.431373 0.352941 0.639216 1.0
# s3d_label 0
f 1321/1321/1321 1322/1322/1322 1323/1323/1323
# material_color 0.431373 0.352941 0.639216 1.0
# s3d_label 0
f 1324/1324/1324 1325/1325/1325 1326/1326/1326
# material_color 0.431373 0.352941 0.639216 1.0
# s3d_label 0
f 1327/1327/1327 1328/1328/1328 1329/1329/1329
# material_color 0.431373 0.352941 0.639216 1.0
# s3d_label 0
f 1330/1330/1330 1331/1331/1331 1332/1332/1332
# material_color 0.431373 0.352941 0.639216 1.0
# s3d_label 0
f 1333/1333/1333 1334/1334/1334 1335/1335/1335
# material_color 0.431373 0.352941 0.639216 1.0
# s3d_label 0
f 1336/1336/1336 1337/1337/1337 1338/1338/1338
# material_color 0.431373 0.352941 0.639216 1.0
# s3d_label 0
f 1339/1339/1339 1340/1340/1340 1341/1341/1341
# material_color 0.431373 0.352941 0.639216 1.0
# s3d_label 0
f 1342/1342/1342 1343/1343/1343 1344/1344/1344
# material_color 0.431373 0.352941 0.639216 1.0
# s3d_label 0
f 1345/1345/1345 1346/1346/1346 1347/1347/1347
# material_color 0.431373 0.352941 0.639216 1.0
# s3d_label 0
f 1348/1348/1348 1349/1349/1349 1350/1350/1350
# material_color 0.431373 0.352941 0.639216 1.0
# s3d_label 0
f 1351/1351/1351 1352/1352/1352 1353/1353/1353
# material_color 0.431373 0.352941 0.639216 1.0
# s3d_label 0
f 1354/1354/1354 1355/1355/1355 1356/1356/1356
# material_color 0.431373 0.352941 0.639216 1.0
# s3d_label 0
f 1357/1357/1357 1358/1358/1358 1359/1359/1359
# material_color 0.431373 0.352941 0.639216 1.0
# s3d_label 0
f 1360/1360/1360 1361/1361/1361 1362/1362/1362
# material_color 0.431373 0.352941 0.639216 1.0
# s3d_label 0
f 1363/1363/1363 1364/1364/1364 1365/1365/1365
# material_color 0.431373 0.352941 0.639216 1.0
# s3d_label 0
f 1366/1366/1366 1367/1367/1367 1368/1368/1368
# material_color 0.431373 0.352941 0.639216 1.0
# s3d_label 0
f 1369/1369/1369 1370/1370/1370 1371/1371/1371
# material_color 0.431373 0.352941 0.639216 1.0
# s3d_label 0
f 1372/1372/1372 1373/1373/1373 1374/1374/1374
# material_color 0.431373 0.352941 0.639216 1.0
# s3d_label 0
f 1375/1375/1375 1376/1376/1376 1377/1377/1377
# material_color 0.431373 0.352941 0.639216 1.0
# s3d_label 0
f 1378/1378/1378 1379/1379/1379 1380/1380/1380
# material_color 0.431373 0.352941 0.639216 1.0
# s3d_label 0
f 1381/1381/1381 1382/1382/1382 1383/1383/1383
# material_color 0.431373 0.352941 0.639216 1.0
# s3d_label 0
f 1384/1384/1384 1385/1385/1385 1386/1386/1386
# material_color 0.431373 0.352941 0.639216 1.0
# s3d_label 0
f 1387/1387/1387 1388/1388/1388 1389/1389/1389
# material_color 0.431373 0.352941 0.639216 1.0
# s3d_label 0
f 1390/1390/1390 1391/1391/1391 1392/1392/1392
# material_color 0.431373 0.352941 0.639216 1.0
# s3d_label 0
f 1393/1393/1393 1394/1394/1394 1395/1395/1395
# material_color 0.431373 0.352941 0.639216 1.0
# s3d_label 0
f 1396/1396/1396 1397/1397/1397 1398/1398/1398
# material_color 0.431373 0.352941 0.639216 1.0
# s3d_label 0
f 1399/1399/1399 1400/1400/1400 1401/1401/1401
# material_color 0.431373 0.352941 0.639216 1.0
# s3d_label 0
f 1402/1402/1402 1403/1403/1403 1404/1404/1404
# material_color 0.431373 0.352941 0.639216 1.0
# s3d_label 0
f 1405/1405/1405 1406/1406/1406 1407/1407/1407
# material_color 0.431373 0.352941 0.639216 1.0
# s3d_label 0
f 1408/1408/1408 1409/1409/1409 1410/1410/1410
# material_color 0.431373 0.352941 0.639216 1.0
# s3d_label 0
f 1411/1411/1411 1412/1412/1412 1413/1413/1413
# material_color 0.431373 0.352941 0.639216 1.0
# s3d_label 0
f 1414/1414/1414 1415/1415/1415 1416/1416/1416
# material_color 0.431373 0.352941 0.639216 1.0
# s3d_label 0
f 1417/1417/1417 1418/1418/1418 1419/1419/1419
# material_color 0.431373 0.352941 0.639216 1.0
# s3d_label 0
f 1420/1420/1420 1421/1421/1421 1422/1422/1422
# material_color 0.431373 0.352941 0.639216 1.0
# s3d_label 0
f 1423/1423/1423 1424/1424/1424 1425/1425/1425
# material_color 0.431373 0.352941 0.639216 1.0
# s3d_label 0
f 1426/1426/1426 1427/1427/1427 1428/1428/1428
# material_color 0.431373 0.352941 0.639216 1.0
# s3d_label 0
f 1429/1429/1429 1430/1430/1430 1431/1431/1431
# material_color 0.431373 0.352941 0.639216 1.0
# s3d_label 0
f 1432/1432/1432 1433/1433/1433 1434/1434/1434
# material_color 0.431373 0.352941 0.639216 1.0
# s3d_label 0
f 1435/1435/1435 1436/1436/1436 1437/1437/1437
# material_color 0.431373 0.352941 0.639216 1.0
# s3d_label 0
f 1438/1438/1438 1439/1439/1439 1440/1440/1440
# material_color 0.431373 0.352941 0.639216 1.0
# s3d_label 0
f 1441/1441/1441 1442/1442/1442 1443/1443/1443
# material_color 0.431373 0.352941 0.639216 1.0
# s3d_label 0
f 1444/1444/1444 1445/1445/1445 1446/1446/1446
# material_color 0.431373 0.352941 0.639216 1.0
# s3d_label 0
f 1447/1447/1447 1448/1448/1448 1449/1449/1449
# material_color 0.431373 0.352941 0.639216 1.0
# s3d_label 0
f 1450/1450/1450 1451/1451/1451 1452/1452/1452
# material_color 0.431373 0.352941 0.639216 1.0
# s3d_label 0
f 1453/1453/1453 1454/1454/1454 1455/1455/1455
# material_color 0.431373 0.352941 0.639216 1.0
# s3d_label 0
f 1456/1456/1456 1457/1457/1457 1458/1458/1458
# material_color 0.431373 0.352941 0.639216 1.0
# s3d_label 0
f 1459/1459/1459 1460/1460/1460 1461/1461/1461
# material_color 0.431373 0.352941 0.639216 1.0
# s3d_label 0
f 1462/1462/1462 1463/1463/1463 1464/1464/1464
# material_color 0.431373 0.352941 0.639216 1.0
# s3d_label 0
f 1465/1465/1465 1466/1466/1466 1467/1467/1467
# material_color 0.431373 0.352941 0.639216 1.0
# s3d_label 0
f 1468/1468/1468 1469/1469/1469 1470/1470/1470
# material_color 0.431373 0.352941 0.639216 1.0
# s3d_label 0
f 1471/1471/1471 1472/1472/1472 1473/1473/1473
# material_color 0.431373 0.352941 0.639216 1.0
# s3d_label 0
f 1474/1474/1474 1475/1475/1475 1476/1476/1476
# material_color 0.431373 0.352941 0.639216 1.0
# s3d_label 0
f 1477/1477/1477 1478/1478/1478 1479/1479/1479
# material_color 0.431373 0.352941 0.639216 1.0
# s3d_label 0
f 1480/1480/1480 1481/1481/1481 1482/1482/1482
# material_color 0.431373 0.352941 0.639216 1.0
# s3d_label 0
f 1483/1483/1483 1484/1484/1484 1485/1485/1485
# material_color 0.431373 0.352941 0.639216 1.0
# s3d_label 0
f 1486/1486/1486 1487/1487/1487 1488/1488/1488
# material_color 0.431373 0.352941 0.639216 1.0
# s3d_label 0
f 1489/1489/1489 1490/1490/1490 1491/1491/1491
# material_color 0.431373 0.352941 0.639216 1.0
# s3d_label 0
f 1492/1492/1492 1493/1493/1493 1494/1494/1494
# material_color 0.431373 0.352941 0.639216 1.0
# s3d_label 0
f 1495/1495/1495 1496/1496/1496 1497/1497/1497
# material_color 0.431373 0.352941 0.639216 1.0
# s3d_label 0
f 1498/1498/1498 1499/1499/1499 1500/1500/1500
# material_color 0.431373 0.352941 0.639216 1.0
# s3d_label 0
f 1501/1501/1501 1502/1502/1502 1503/1503/1503
# material_color 0.431373 0.352941 0.639216 1.0
# s3d_label 0
f 1504/1504/1504 1505/1505/1505 1506/1506/1506
# material_color 0.431373 0.352941 0.639216 1.0
# s3d_label 0
f 1507/1507/1507 1508/1508/1508 1509/1509/1509
# material_color 0.431373 0.352941 0.639216 1.0
# s3d_label 0
f 1510/1510/1510 1511/1511/1511 1512/1512/1512
# material_color 0.431373 0.352941 0.639216 1.0
# s3d_label 0
f 1513/1513/1513 1514/1514/1514 1515/1515/1515
# material_color 0.431373 0.352941 0.639216 1.0
# s3d_label 0
f 1516/1516/1516 1517/1517/1517 1518/1518/1518
# material_color 0.431373 0.352941 0.639216 1.0
# s3d_label 0
f 1519/1519/1519 1520/1520/1520 1521/1521/1521
# material_color 0.431373 0.352941 0.639216 1.0
# s3d_label 0
f 1522/1522/1522 1523/1523/1523 1524/1524/1524
# material_color 0.431373 0.352941 0.639216 1.0
# s3d_label 0
f 1525/1525/1525 1526/1526/1526 1527/1527/1527
# material_color 0.431373 0.352941 0.639216 1.0
# s3d_label 0
f 1528/1528/1528 1529/1529/1529 1530/1530/1530
# material_color 0.431373 0.352941 0.639216 1.0
# s3d_label 0
f 1531/1531/1531 1532/1532/1532 1533/1533/1533
# material_color 0.431373 0.352941 0.639216 1.0
# s3d_label 0
f 1534/1534/1534 1535/1535/1535 1536/1536/1536
# material_color 0.431373 0.352941 0.639216 1.0
# s3d_label 0
f 1537/1537/1537 1538/1538/1538 1539/1539/1539
# material_color 0.431373 0.352941 0.639216 1.0
# s3d_label 0
f 1540/1540/1540 1541/1541/1541 1542/1542/1542
# material_color 0.431373 0.352941 0.639216 1.0
# s3d_label 0
f 1543/1543/1543 1544/1544/1544 1545/1545/1545
# material_color 0.431373 0.352941 0.639216 1.0
# s3d_label 0
f 1546/1546/1546 1547/1547/1547 1548/1548/1548
# material_color 0.431373 0.352941 0.639216 1.0
# s3d_label 0
f 1549/1549/1549 1550/1550/1550 1551/1551/1551
# material_color 0.431373 0.352941 0.639216 1.0
# s3d_label 0
f 1552/1552/1552 1553/1553/1553 1554/1554/1554
# material_color 0.431373 0.352941 0.639216 1.0
# s3d_label 0
f 1555/1555/1555 1556/1556/1556 1557/1557/1557
# material_color 0.431373 0.352941 0.639216 1.0
# s3d_label 0
f 1558/1558/1558 1559/1559/1559 1560/1560/1560
# material_color 0.431373 0.352941 0.639216 1.0
# s3d_label 0
f 1561/1561/1561 1562/1562/1562 1563/1563/1563
# material_color 0.431373 0.352941 0.639216 1.0
# s3d_label 0
f 1564/1564/1564 1565/1565/1565 1566/1566/1566
# material_color 0.431373 0.352941 0.639216 1.0
# s3d_label 0
f 1567/1567/1567 1568/1568/1568 1569/1569/1569
# material_color 0.431373 0.352941 0.639216 1.0
# s3d_label 0
f 1570/1570/1570 1571/1571/1571 1572/1572/1572
# material_color 0.431373 0.352941 0.639216 1.0
# s3d_label 0
f 1573/1573/1573 1574/1574/1574 1575/1575/1575
# material_color 0.431373 0.352941 0.639216 1.0
# s3d_label 0
f 1576/1576/1576 1577/1577/1577 1578/1578/1578
# material_color 0.431373 0.352941 0.639216 1.0
# s3d_label 0
f 1579/1579/1579 1580/1580/1580 1581/1581/1581
# material_color 0.431373 0.352941 0.639216 1.0
# s3d_label 0
f 1582/1582/1582 1583/1583/1583 1584/1584/1584
# material_color 0.431373 0.352941 0.639216 1.0
# s3d_label 0
f 1585/1585/1585 1586/1586/1586 1587/1587/1587
# material_color 0.431373 0.352941 0.639216 1.0
# s3d_label 0
f 1588/1588/1588 1589/1589/1589 1590/1590/1590
# material_color 0.431373 0.352941 0.639216 1.0
# s3d_label 0
f 1591/1591/1591 1592/1592/1592 1593/1593/1593
# material_color 0.431373 0.352941 0.639216 1.0
# s3d_label 0
f 1594/1594/1594 1595/1595/1595 1596/1596/1596
# material_color 0.431373 0.352941 0.639216 1.0
# s3d_label 0
f 1597/1597/1597 1598/1598/1598 1599/1599/1599
# material_color 0.431373 0.352941 0.639216 1.0
# s3d_label 0
f 1600/1600/1600 1601/1601/1601 1602/1602/1602
# material_color 0.431373 0.352941 0.639216 1.0
# s3d_label 0
f 1603/1603/1603 1604/1604/1604 1605/1605/1605
# material_color 0.431373 0.352941 0.639216 1.0
# s3d_label 0
f 1606/1606/1606 1607/1607/1607 1608/1608/1608
# material_color 0.431373 0.352941 0.639216 1.0
# s3d_label 0
f 1609/1609/1609 1610/1610/1610 1611/1611/1611
# material_color 0.431373 0.352941 0.639216 1.0
# s3d_label 0
f 1612/1612/1612 1613/1613/1613 1614/1614/1614
# material_color 0.431373 0.352941 0.639216 1.0
# s3d_label 0
f 1615/1615/1615 1616/1616/1616 1617/1617/1617
# material_color 0.431373 0.352941 0.639216 1.0
# s3d_label 0
f 1618/1618/1618 1619/1619/1619 1620/1620/1620
# material_color 0.431373 0.352941 0.639216 1.0
# s3d_label 0
f 1621/1621/1621 1622/1622/1622 1623/1623/1623
# material_color 0.431373 0.352941 0.639216 1.0
# s3d_label 0
f 1624/1624/1624 1625/1625/1625 1626/1626/1626
# material_color 0.431373 0.352941 0.639216 1.0
# s3d_label 0
f 1627/1627/1627 1628/1628/1628 1629/1629/1629
# material_color 0.431373 0.352941 0.639216 1.0
# s3d_label 0
f 1630/1630/1630 1631/1631/1631 1632/1632/1632
# material_color 0.431373 0.352941 0.639216 1.0
# s3d_label 0
f 1633/1633/1633 1634/1634/1634 1635/1635/1635
# material_color 0.431373 0.352941 0.639216 1.0
# s3d_label 0
f 1636/1636/1636 1637/1637/1637 1638/1638/1638
# material_color 0.431373 0.352941 0.639216 1.0
# s3d_label 0
f 1639/1639/1639 1640/1640/1640 1641/1641/1641
# material_color 0.431373 0.352941 0.639216 1.0
# s3d_label 0
f 1642/1642/1642 1643/1643/1643 1644/1644/1644
# material_color 0.431373 0.352941 0.639216 1.0
# s3d_label 0
f 1645/1645/1645 1646/1646/1646 1647/1647/1647
# material_color 0.431373 0.352941 0.639216 1.0
# s3d_label 0
f 1648/1648/1648 1649/1649/1649 1650/1650/1650
# material_color 0.431373 0.352941 0.639216 1.0
# s3d_label 0
f 1651/1651/1651 1652/1652/1652 1653/1653/1653
# material_color 0.431373 0.352941 0.639216 1.0
# s3d_label 0
f 1654/1654/1654 1655/1655/1655 1656/1656/1656
# material_color 0.431373 0.352941 0.639216 1.0
# s3d_label 0
f 1657/1657/1657 1658/1658/1658 1659/1659/1659
# material_color 0.431373 0.352941 0.639216 1.0
# s3d_label 0
f 1660/1660/1660 1661/1661/1661 1662/1662/1662
# material_color 0.431373 0.352941 0.639216 1.0
# s3d_label 0
f 1663/1663/1663 1664/1664/1664 1665/1665/1665
# material_color 0.431373 0.352941 0.639216 1.0
# s3d_label 0
f 1666/1666/1666 1667/1667/1667 1668/1668/1668
# material_color 0.431373 0.352941 0.639216 1.0
# s3d_label 0
f 1669/1669/1669 1670/1670/1670 1671/1671/1671
# material_color 0.431373 0.352941 0.639216 1.0
# s3d_label 0
f 1672/1672/1672 1673/1673/1673 1674/1674/1674
# material_color 0.431373 0.352941 0.639216 1.0
# s3d_label 0
f 1675/1675/1675 1676/1676/1676 1677/1677/1677
# material_color 0.431373 0.352941 0.639216 1.0
# s3d_label 0
f 1678/1678/1678 1679/1679/1679 1680/1680/1680
# material_color 0.431373 0.352941 0.639216 1.0
# s3d_label 0
f 1681/1681/1681 1682/1682/1682 1683/1683/1683
# material_color 0.431373 0.352941 0.639216 1.0
# s3d_label 0
f 1684/1684/1684 1685/1685/1685 1686/1686/1686
# material_color 0.431373 0.352941 0.639216 1.0
# s3d_label 0
f 1687/1687/1687 1688/1688/1688 1689/1689/1689
# material_color 0.431373 0.352941 0.639216 1.0
# s3d_label 0
f 1690/1690/1690 1691/1691/1691 1692/1692/1692
# material_color 0.431373 0.352941 0.639216 1.0
# s3d_label 0
f 1693/1693/1693 1694/1694/1694 1695/1695/1695
# material_color 0.431373 0.352941 0.639216 1.0
# s3d_label 0
f 1696/1696/1696 1697/1697/1697 1698/1698/1698
# material_color 0.431373 0.352941 0.639216 1.0
# s3d_label 0
f 1699/1699/1699 1700/1700/1700 1701/1701/1701
# material_color 0.431373 0.352941 0.639216 1.0
# s3d_label 0
f 1702/1702/1702 1703/1703/1703 1704/1704/1704
# material_color 0.431373 0.352941 0.639216 1.0
# s3d_label 0
f 1705/1705/1705 1706/1706/1706 1707/1707/1707
# material_color 0.431373 0.352941 0.639216 1.0
# s3d_label 0
f 1708/1708/1708 1709/1709/1709 1710/1710/1710
# material_color 0.431373 0.352941 0.639216 1.0
# s3d_label 0
f 1711/1711/1711 1712/1712/1712 1713/1713/1713
# material_color 0.431373 0.352941 0.639216 1.0
# s3d_label 0
f 1714/1714/1714 1715/1715/1715 1716/1716/1716
# material_color 0.431373 0.352941 0.639216 1.0
# s3d_label 0
f 1717/1717/1717 1718/1718/1718 1719/1719/1719
# material_color 0.431373 0.352941 0.639216 1.0
# s3d_label 0
f 1720/1720/1720 1721/1721/1721 1722/1722/1722
# material_color 0.431373 0.352941 0.639216 1.0
# s3d_label 0
f 1723/1723/1723 1724/1724/1724 1725/1725/1725
# material_color 0.431373 0.352941 0.639216 1.0
# s3d_label 0
f 1726/1726/1726 1727/1727/1727 1728/1728/1728
# material_color 0.431373 0.352941 0.639216 1.0
# s3d_label 0
f 1729/1729/1729 1730/1730/1730 1731/1731/1731
# material_color 0.431373 0.352941 0.639216 1.0
# s3d_label 0
f 1732/1732/1732 1733/1733/1733 1734/1734/1734
# material_color 0.431373 0.352941 0.639216 1.0
# s3d_label 0
f 1735/1735/1735 1736/1736/1736 1737/1737/1737
# material_color 0.431373 0.352941 0.639216 1.0
# s3d_label 0
f 1738/1738/1738 1739/1739/1739 1740/1740/1740
# material_color 0.431373 0.352941 0.639216 1.0
# s3d_label 0
f 1741/1741/1741 1742/1742/1742 1743/1743/1743
# material_color 0.431373 0.352941 0.639216 1.0
# s3d_label 0
f 1744/1744/1744 1745/1745/1745 1746/1746/1746
# material_color 0.431373 0.352941 0.639216 1.0
# s3d_label 0
f 1747/1747/1747 1748/1748/1748 1749/1749/1749
# material_color 0.431373 0.352941 0.639216 1.0
# s3d_label 0
f 1750/1750/1750 1751/1751/1751 1752/1752/1752
# material_color 0.431373 0.352941 0.639216 1.0
# s3d_label 0
f 1753/1753/1753 1754/1754/1754 1755/1755/1755
# material_color 0.431373 0.352941 0.639216 1.0
# s3d_label 0
f 1756/1756/1756 1757/1757/1757 1758/1758/1758
# material_color 0.431373 0.352941 0.639216 1.0
# s3d_label 0
f 1759/1759/1759 1760/1760/1760 1761/1761/1761
# material_color 0.431373 0.352941 0.639216 1.0
# s3d_label 0
f 1762/1762/1762 1763/1763/1763 1764/1764/1764
# material_color 0.431373 0.352941 0.639216 1.0
# s3d_label 0
f 1765/1765/1765 1766/1766/1766 1767/1767/1767
# material_color 0.431373 0.352941 0.639216 1.0
# s3d_label 0
f 1768/1768/1768 1769/1769/1769 1770/1770/1770
# material_color 0.431373 0.352941 0.639216 1.0
# s3d_label 0
f 1771/1771/1771 1772/1772/1772 1773/1773/1773
# material_color 0.431373 0.352941 0.639216 1.0
# s3d_label 0
f 1774/1774/1774 1775/1775/1775 1776/1776/1776
# material_color 0.431373 0.352941 0.639216 1.0
# s3d_label 0
f 1777/1777/1777 1778/1778/1778 1779/1779/1779
# material_color 0.431373 0.352941 0.639216 1.0
# s3d_label 0
f 1780/1780/1780 1781/1781/1781 1782/1782/1782
# material_color 0.431373 0.352941 0.639216 1.0
# s3d_label 0
f 1783/1783/1783 1784/1784/1784 1785/1785/1785
# material_color 0.431373 0.352941 0.639216 1.0
# s3d_label 0
f 1786/1786/1786 1787/1787/1787 1788/1788/1788
# material_color 0.431373 0.352941 0.639216 1.0
# s3d_label 0
f 1789/1789/1789 1790/1790/1790 1791/1791/1791
# material_color 0.431373 0.352941 0.639216 1.0
# s3d_label 0
f 1792/1792/1792 1793/1793/1793 1794/1794/1794
# material_color 0.431373 0.352941 0.639216 1.0
# s3d_label 0
f 1795/1795/1795 1796/1796/1796 1797/1797/1797
# material_color 0.431373 0.352941 0.639216 1.0
# s3d_label 0
f 1798/1798/1798 1799/1799/1799 1800/1800/1800
# material_color 0.431373 0.352941 0.639216 1.0
# s3d_label 0
f 1801/1801/1801 1802/1802/1802 1803/1803/1803
# material_color 0.431373 0.352941 0.639216 1.0
# s3d_label 0
f 1804/1804/1804 1805/1805/1805 1806/1806/1806
# material_color 0.431373 0.352941 0.639216 1.0
# s3d_label 0
f 1807/1807/1807 1808/1808/1808 1809/1809/1809
# material_color 0.431373 0.352941 0.639216 1.0
# s3d_label 0
f 1810/1810/1810 1811/1811/1811 1812/1812/1812
# material_color 0.431373 0.352941 0.639216 1.0
# s3d_label 0
f 1813/1813/1813 1814/1814/1814 1815/1815/1815
# material_color 0.431373 0.352941 0.639216 1.0
# s3d_label 0
f 1816/1816/1816 1817/1817/1817 1818/1818/1818
# material_color 0.431373 0.352941 0.639216 1.0
# s3d_label 0
f 1819/1819/1819 1820/1820/1820 1821/1821/1821
# material_color 0.431373 0.352941 0.639216 1.0
# s3d_label 0
f 1822/1822/1822 1823/1823/1823 1824/1824/1824
# material_color 0.431373 0.352941 0.639216 1.0
# s3d_label 0
f 1825/1825/1825 1826/1826/1826 1827/1827/1827
# material_color 0.431373 0.352941 0.639216 1.0
# s3d_label 0
f 1828/1828/1828 1829/1829/1829 1830/1830/1830
# material_color 0.431373 0.352941 0.639216 1.0
# s3d_label 0
f 1831/1831/1831 1832/1832/1832 1833/1833/1833
# material_color 0.431373 0.352941 0.639216 1.0
# s3d_label 0
f 1834/1834/1834 1835/1835/1835 1836/1836/1836
# material_color 0.431373 0.352941 0.639216 1.0
# s3d_label 0
f 1837/1837/1837 1838/1838/1838 1839/1839/1839
# material_color 0.431373 0.352941 0.639216 1.0
# s3d_label 0
f 1840/1840/1840 1841/1841/1841 1842/1842/1842
# material_color 0.431373 0.352941 0.639216 1.0
# s3d_label 0
f 1843/1843/1843 1844/1844/1844 1845/1845/1845
# material_color 0.431373 0.352941 0.639216 1.0
# s3d_label 0
f 1846/1846/1846 1847/1847/1847 1848/1848/1848
# material_color 0.431373 0.352941 0.639216 1.0
# s3d_label 0
f 1849/1849/1849 1850/1850/1850 1851/1851/1851
# material_color 0.431373 0.352941 0.639216 1.0
# s3d_label 0
f 1852/1852/1852 1853/1853/1853 1854/1854/1854
# material_color 0.431373 0.352941 0.639216 1.0
# s3d_label 0
f 1855/1855/1855 1856/1856/1856 1857/1857/1857
# material_color 0.431373 0.352941 0.639216 1.0
# s3d_label 0
f 1858/1858/1858 1859/1859/1859 1860/1860/1860
# material_color 0.431373 0.352941 0.639216 1.0
# s3d_label 0
f 1861/1861/1861 1862/1862/1862 1863/1863/1863
# material_color 0.431373 0.352941 0.639216 1.0
# s3d_label 0
f 1864/1864/1864 1865/1865/1865 1866/1866/1866
# material_color 0.431373 0.352941 0.639216 1.0
# s3d_label 0
f 1867/1867/1867 1868/1868/1868 1869/1869/1869
# material_color 0.431373 0.352941 0.639216 1.0
# s3d_label 0
f 1870/1870/1870 1871/1871/1871 1872/1872/1872
# material_color 0.431373 0.352941 0.639216 1.0
# s3d_label 0
f 1873/1873/1873 1874/1874/1874 1875/1875/1875
# material_color 0.431373 0.352941 0.639216 1.0
# s3d_label 0
f 1876/1876/1876 1877/1877/1877 1878/1878/1878
# material_color 0.431373 0.352941 0.639216 1.0
# s3d_label 0
f 1879/1879/1879 1880/1880/1880 1881/1881/1881
# material_color 0.431373 0.352941 0.639216 1.0
# s3d_label 0
f 1882/1882/1882 1883/1883/1883 1884/1884/1884
# material_color 0.431373 0.352941 0.639216 1.0
# s3d_label 0
f 1885/1885/1885 1886/1886/1886 1887/1887/1887
# material_color 0.431373 0.352941 0.639216 1.0
# s3d_label 0
f 1888/1888/1888 1889/1889/1889 1890/1890/1890
# material_color 0.431373 0.352941 0.639216 1.0
# s3d_label 0
f 1891/1891/1891 1892/1892/1892 1893/1893/1893
# material_color 0.431373 0.352941 0.639216 1.0
# s3d_label 0
f 1894/1894/1894 1895/1895/1895 1896/1896/1896
# material_color 0.431373 0.352941 0.639216 1.0
# s3d_label 0
f 1897/1897/1897 1898/1898/1898 1899/1899/1899
# material_color 0.431373 0.352941 0.639216 1.0
# s3d_label 0
f 1900/1900/1900 1901/1901/1901 1902/1902/1902
# material_color 0.431373 0.352941 0.639216 1.0
# s3d_label 0
f 1903/1903/1903 1904/1904/1904 1905/1905/1905
# material_color 0.431373 0.352941 0.639216 1.0
# s3d_label 0
f 1906/1906/1906 1907/1907/1907 1908/1908/1908
# material_color 0.431373 0.352941 0.639216 1.0
# s3d_label 0
f 1909/1909/1909 1910/1910/1910 1911/1911/1911
# material_color 0.431373 0.352941 0.639216 1.0
# s3d_label 0
f 1912/1912/1912 1913/1913/1913 1914/1914/1914
# material_color 0.431373 0.352941 0.639216 1.0
# s3d_label 0
f 1915/1915/1915 1916/1916/1916 1917/1917/1917
# material_color 0.431373 0.352941 0.639216 1.0
# s3d_label 0
f 1918/1918/1918 1919/1919/1919 1920/1920/1920
# material_color 0.431373 0.352941 0.639216 1.0
# s3d_label 0
f 1921/1921/1921 1922/1922/1922 1923/1923/1923
# material_color 0.431373 0.352941 0.639216 1.0
# s3d_label 0
f 1924/1924/1924 1925/1925/1925 1926/1926/1926
# material_color 0.431373 0.352941 0.639216 1.0
# s3d_label 0
f 1927/1927/1927 1928/1928/1928 1929/1929/1929
# material_color 0.431373 0.352941 0.639216 1.0
# s3d_label 0
f 1930/1930/1930 1931/1931/1931 1932/1932/1932
# material_color 0.431373 0.352941 0.639216 1.0
# s3d_label 0
f 1933/1933/1933 1934/1934/1934 1935/1935/1935
# material_color 0.431373 0.352941 0.639216 1.0
# s3d_label 0
f 1936/1936/1936 1937/1937/1937 1938/1938/1938
# material_color 0.431373 0.352941 0.639216 1.0
# s3d_label 0
f 1939/1939/1939 1940/1940/1940 1941/1941/1941
# material_color 0.431373 0.352941 0.639216 1.0
# s3d_label 0
f 1942/1942/1942 1943/1943/1943 1944/1944/1944
# material_color 0.431373 0.352941 0.639216 1.0
# s3d_label 0
f 1945/1945/1945 1946/1946/1946 1947/1947/1947
# material_color 0.431373 0.352941 0.639216 1.0
# s3d_label 0
f 1948/1948/1948 1949/1949/1949 1950/1950/1950
# material_color 0.431373 0.352941 0.639216 1.0
# s3d_label 0
f 1951/1951/1951 1952/1952/1952 1953/1953/1953
# material_color 0.431373 0.352941 0.639216 1.0
# s3d_label 0
f 1954/1954/1954 1955/1955/1955 1956/1956/1956
# material_color 0.431373 0.352941 0.639216 1.0
# s3d_label 0
f 1957/1957/1957 1958/1958/1958 1959/1959/1959
# material_color 0.431373 0.352941 0.639216 1.0
# s3d_label 0
f 1960/1960/1960 1961/1961/1961 1962/1962/1962
# material_color 0.431373 0.352941 0.639216 1.0
# s3d_label 0
f 1963/1963/1963 1964/1964/1964 1965/1965/1965
# material_color 0.431373 0.352941 0.639216 1.0
# s3d_label 0
f 1966/1966/1966 1967/1967/1967 1968/1968/1968
# material_color 0.431373 0.352941 0.639216 1.0
# s3d_label 0
f 1969/1969/1969 1970/1970/1970 1971/1971/1971
# material_color 0.431373 0.352941 0.639216 1.0
# s3d_label 0
f 1972/1972/1972 1973/1973/1973 1974/1974/1974
# material_color 0.431373 0.352941 0.639216 1.0
# s3d_label 0
f 1975/1975/1975 1976/1976/1976 1977/1977/1977
# material_color 0.431373 0.352941 0.639216 1.0
# s3d_label 0
f 1978/1978/1978 1979/1979/1979 1980/1980/1980
# material_color 0.431373 0.352941 0.639216 1.0
# s3d_label 0
f 1981/1981/1981 1982/1982/1982 1983/1983/1983
# material_color 0.431373 0.352941 0.639216 1.0
# s3d_label 0
f 1984/1984/1984 1985/1985/1985 1986/1986/1986
# material_color 0.431373 0.352941 0.639216 1.0
# s3d_label 0
f 1987/1987/1987 1988/1988/1988 1989/1989/1989
# material_color 0.431373 0.352941 0.639216 1.0
# s3d_label 0
f 1990/1990/1990 1991/1991/1991 1992/1992/1992
# material_color 0.431373 0.352941 0.639216 1.0
# s3d_label 0
f 1993/1993/1993 1994/1994/1994 1995/1995/1995
# material_color 0.431373 0.352941 0.639216 1.0
# s3d_label 0
f 1996/1996/1996 1997/1997/1997 1998/1998/1998
# material_color 0.431373 0.352941 0.639216 1.0
# s3d_label 0
f 1999/1999/1999 2000/2000/2000 2001/2001/2001
# material_color 0.431373 0.352941 0.639216 1.0
# s3d_label 0
f 2002/2002/2002 2003/2003/2003 2004/2004/2004
# material_color 0.431373 0.352941 0.639216 1.0
# s3d_label 0
f 2005/2005/2005 2006/2006/2006 2007/2007/2007
# material_color 0.431373 0.352941 0.639216 1.0
# s3d_label 0
f 2008/2008/2008 2009/2009/2009 2010/2010/2010
# material_color 0.431373 0.352941 0.639216 1.0
# s3d_label 0
f 2011/2011/2011 2012/2012/2012 2013/2013/2013
# material_color 0.431373 0.352941 0.639216 1.0
# s3d_label 0
f 2014/2014/2014 2015/2015/2015 2016/2016/2016
# material_color 0.431373 0.352941 0.639216 1.0
# s3d_label 0
f 2017/2017/2017 2018/2018/2018 2019/2019/2019
# material_color 0.431373 0.352941 0.639216 1.0
# s3d_label 0
f 2020/2020/2020 2021/2021/2021 2022/2022/2022
# material_color 0.431373 0.352941 0.639216 1.0
# s3d_label 0
f 2023/2023/2023 2024/2024/2024 2025/2025/2025
# material_color 0.431373 0.352941 0.639216 1.0
# s3d_label 0
f 2026/2026/2026 2027/2027/2027 2028/2028/2028
# material_color 0.431373 0.352941 0.639216 1.0
# s3d_label 0
f 2029/2029/2029 2030/2030/2030 2031/2031/2031
# material_color 0.431373 0.352941 0.639216 1.0
# s3d_label 0
f 2032/2032/2032 2033/2033/2033 2034/2034/2034
# material_color 0.431373 0.352941 0.639216 1.0
# s3d_label 0
f 2035/2035/2035 2036/2036/2036 2037/2037/2037
# material_color 0.431373 0.352941 0.639216 1.0
# s3d_label 0
f 2038/2038/2038 2039/2039/2039 2040/2040/2040
# material_color 0.431373 0.352941 0.639216 1.0
# s3d_label 0
f 2041/2041/2041 2042/2042/2042 2043/2043/2043
# material_color 0.431373 0.352941 0.639216 1.0
# s3d_label 0
f 2044/2044/2044 2045/2045/2045 2046/2046/2046
# material_color 0.431373 0.352941 0.639216 1.0
# s3d_label 0
f 2047/2047/2047 2048/2048/2048 2049/2049/2049
# material_color 0.431373 0.352941 0.639216 1.0
# s3d_label 0
f 2050/2050/2050 2051/2051/2051 2052/2052/2052
# material_color 0.431373 0.352941 0.639216 1.0
# s3d_label 0
f 2053/2053/2053 2054/2054/2054 2055/2055/2055
# material_color 0.431373 0.352941 0.639216 1.0
# s3d_label 0
f 2056/2056/2056 2057/2057/2057 2058/2058/2058
# material_color 0.431373 0.352941 0.639216 1.0
# s3d_label 0
f 2059/2059/2059 2060/2060/2060 2061/2061/2061
# material_color 0.431373 0.352941 0.639216 1.0
# s3d_label 0
f 2062/2062/2062 2063/2063/2063 2064/2064/2064
# material_color 0.431373 0.352941 0.639216 1.0
# s3d_label 0
f 2065/2065/2065 2066/2066/2066 2067/2067/2067
# material_color 0.431373 0.352941 0.639216 1.0
# s3d_label 0
f 2068/2068/2068 2069/2069/2069 2070/2070/2070
# material_color 0.431373 0.352941 0.639216 1.0
# s3d_label 0
f 2071/2071/2071 2072/2072/2072 2073/2073/2073
# material_color 0.431373 0.352941 0.639216 1.0
# s3d_label 0
f 2074/2074/2074 2075/2075/2075 2076/2076/2076
# material_color 0.431373 0.352941 0.639216 1.0
# s3d_label 0
f 2077/2077/2077 2078/2078/2078 2079/2079/2079
# material_color 0.431373 0.352941 0.639216 1.0
# s3d_label 0
f 2080/2080/2080 2081/2081/2081 2082/2082/2082
# material_color 0.431373 0.352941 0.639216 1.0
# s3d_label 0
f 2083/2083/2083 2084/2084/2084 2085/2085/2085
# material_color 0.431373 0.352941 0.639216 1.0
# s3d_label 0
f 2086/2086/2086 2087/2087/2087 2088/2088/2088
# material_color 0.431373 0.352941 0.639216 1.0
# s3d_label 0
f 2089/2089/2089 2090/2090/2090 2091/2091/2091
# material_color 0.431373 0.352941 0.639216 1.0
# s3d_label 0
f 2092/2092/2092 2093/2093/2093 2094/2094/2094
# material_color 0.431373 0.352941 0.639216 1.0
# s3d_label 0
f 2095/2095/2095 2096/2096/2096 2097/2097/2097
# material_color 0.431373 0.352941 0.639216 1.0
# s3d_label 0
f 2098/2098/2098 2099/2099/2099 2100/2100/2100
# material_color 0.431373 0.352941 0.639216 1.0
# s3d_label 0
f 2101/2101/2101 2102/2102/2102 2103/2103/2103
# material_color 0.431373 0.352941 0.639216 1.0
# s3d_label 0
f 2104/2104/2104 2105/2105/2105 2106/2106/2106
# material_color 0.431373 0.352941 0.639216 1.0
# s3d_label 0
f 2107/2107/2107 2108/2108/2108 2109/2109/2109
# material_color 0.431373 0.352941 0.639216 1.0
# s3d_label 0
f 2110/2110/2110 2111/2111/2111 2112/2112/2112
# material_color 0.431373 0.352941 0.639216 1.0
# s3d_label 0
f 2113/2113/2113 2114/2114/2114 2115/2115/2115
# material_color 0.431373 0.352941 0.639216 1.0
# s3d_label 0
f 2116/2116/2116 2117/2117/2117 2118/2118/2118
# material_color 0.431373 0.352941 0.639216 1.0
# s3d_label 0
f 2119/2119/2119 2120/2120/2120 2121/2121/2121
# material_color 0.431373 0.352941 0.639216 1.0
# s3d_label 0
f 2122/2122/2122 2123/2123/2123 2124/2124/2124
# material_color 0.431373 0.352941 0.639216 1.0
# s3d_label 0
f 2125/2125/2125 2126/2126/2126 2127/2127/2127
# material_color 0.431373 0.352941 0.639216 1.0
# s3d_label 0
f 2128/2128/2128 2129/2129/2129 2130/2130/2130
# material_color 0.431373 0.352941 0.639216 1.0
# s3d_label 0
f 2131/2131/2131 2132/2132/2132 2133/2133/2133
# material_color 0.431373 0.352941 0.639216 1.0
# s3d_label 0
f 2134/2134/2134 2135/2135/2135 2136/2136/2136
# material_color 0.431373 0.352941 0.639216 1.0
# s3d_label 0
f 2137/2137/2137 2138/2138/2138 2139/2139/2139
# material_color 0.431373 0.352941 0.639216 1.0
# s3d_label 0
f 2140/2140/2140 2141/2141/2141 2142/2142/2142
# material_color 0.431373 0.352941 0.639216 1.0
# s3d_label 0
f 2143/2143/2143 2144/2144/2144 2145/2145/2145
# material_color 0.431373 0.352941 0.639216 1.0
# s3d_label 0
f 2146/2146/2146 2147/2147/2147 2148/2148/2148
# material_color 0.431373 0.352941 0.639216 1.0
# s3d_label 0
f 2149/2149/2149 2150/2150/2150 2151/2151/2151
# material_color 0.431373 0.352941 0.639216 1.0
# s3d_label 0
f 2152/2152/2152 2153/2153/2153 2154/2154/2154
# material_color 0.431373 0.352941 0.639216 1.0
# s3d_label 0
f 2155/2155/2155 2156/2156/2156 2157/2157/2157
# material_color 0.431373 0.352941 0.639216 1.0
# s3d_label 0
f 2158/2158/2158 2159/2159/2159 2160/2160/2160
# material_color 0.431373 0.352941 0.639216 1.0
# s3d_label 0
f 2161/2161/2161 2162/2162/2162 2163/2163/2163
# material_color 0.431373 0.352941 0.639216 1.0
# s3d_label 0
f 2164/2164/2164 2165/2165/2165 2166/2166/2166
# material_color 0.431373 0.352941 0.639216 1.0
# s3d_label 0
f 2167/2167/2167 2168/2168/2168 2169/2169/2169
# material_color 0.431373 0.352941 0.639216 1.0
# s3d_label 0
f 2170/2170/2170 2171/2171/2171 2172/2172/2172
# material_color 0.431373 0.352941 0.639216 1.0
# s3d_label 0
f 2173/2173/2173 2174/2174/2174 2175/2175/2175
# material_color 0.431373 0.352941 0.639216 1.0
# s3d_label 0
f 2176/2176/2176 2177/2177/2177 2178/2178/2178
# material_color 0.431373 0.352941 0.639216 1.0
# s3d_label 0
f 2179/2179/2179 2180/2180/2180 2181/2181/2181
# material_color 0.431373 0.352941 0.639216 1.0
# s3d_label 0
f 2182/2182/2182 2183/2183/2183 2184/2184/2184
# material_color 0.431373 0.352941 0.639216 1.0
# s3d_label 0
f 2185/2185/2185 2186/2186/2186 2187/2187/2187
# material_color 0.431373 0.352941 0.639216 1.0
# s3d_label 0
f 2188/2188/2188 2189/2189/2189 2190/2190/2190
# material_color 0.431373 0.352941 0.639216 1.0
# s3d_label 0
f 2191/2191/2191 2192/2192/2192 2193/2193/2193
# material_color 0.431373 0.352941 0.639216 1.0
# s3d_label 0
f 2194/2194/2194 2195/2195/2195 2196/2196/2196
# material_color 0.431373 0.352941 0.639216 1.0
# s3d_label 0
f 2197/2197/2197 2198/2198/2198 2199/2199/2199
# material_color 0.431373 0.352941 0.639216 1.0
# s3d_label 0
f 2200/2200/2200 2201/2201/2201 2202/2202/2202
# material_color 0.431373 0.352941 0.639216 1.0
# s3d_label 0
f 2203/2203/2203 2204/2204/2204 2205/2205/2205
# material_color 0.431373 0.352941 0.639216 1.0
# s3d_label 0
f 2206/2206/2206 2207/2207/2207 2208/2208/2208
# material_color 0.431373 0.352941 0.639216 1.0
# s3d_label 0
f 2209/2209/2209 2210/2210/2210 2211/2211/2211
# material_color 0.431373 0.352941 0.639216 1.0
# s3d_label 0
f 2212/2212/2212 2213/2213/2213 2214/2214/2214
# material_color 0.431373 0.352941 0.639216 1.0
# s3d_label 0
f 2215/2215/2215 2216/2216/2216 2217/2217/2217
# material_color 0.431373 0.352941 0.639216 1.0
# s3d_label 0
f 2218/2218/2218 2219/2219/2219 2220/2220/2220
# material_color 0.431373 0.352941 0.639216 1.0
# s3d_label 0
f 2221/2221/2221 2222/2222/2222 2223/2223/2223
# material_color 0.431373 0.352941 0.639216 1.0
# s3d_label 0
f 2224/2224/2224 2225/2225/2225 2226/2226/2226
# material_color 0.431373 0.352941 0.639216 1.0
# s3d_label 0
f 2227/2227/2227 2228/2228/2228 2229/2229/2229
# material_color 0.431373 0.352941 0.639216 1.0
# s3d_label 0
f 2230/2230/2230 2231/2231/2231 2232/2232/2232
# material_color 0.431373 0.352941 0.639216 1.0
# s3d_label 0
f 2233/2233/2233 2234/2234/2234 2235/2235/2235
# material_color 0.431373 0.352941 0.639216 1.0
# s3d_label 0
f 2236/2236/2236 2237/2237/2237 2238/2238/2238
# material_color 0.431373 0.352941 0.639216 1.0
# s3d_label 0
f 2239/2239/2239 2240/2240/2240 2241/2241/2241
# material_color 0.431373 0.352941 0.639216 1.0
# s3d_label 0
f 2242/2242/2242 2243/2243/2243 2244/2244/2244
# material_color 0.431373 0.352941 0.639216 1.0
# s3d_label 0
f 2245/2245/2245 2246/2246/2246 2247/2247/2247
# material_color 0.431373 0.352941 0.639216 1.0
# s3d_label 0
f 2248/2248/2248 2249/2249/2249 2250/2250/2250
# material_color 0.431373 0.352941 0.639216 1.0
# s3d_label 0
f 2251/2251/2251 2252/2252/2252 2253/2253/2253
# material_color 0.431373 0.352941 0.639216 1.0
# s3d_label 0
f 2254/2254/2254 2255/2255/2255 2256/2256/2256
# material_color 0.431373 0.352941 0.639216 1.0
# s3d_label 0
f 2257/2257/2257 2258/2258/2258 2259/2259/2259
# material_color 0.431373 0.352941 0.639216 1.0
# s3d_label 0
f 2260/2260/2260 2261/2261/2261 2262/2262/2262
# material_color 0.431373 0.352941 0.639216 1.0
# s3d_label 0
f 2263/2263/2263 2264/2264/2264 2265/2265/2265
# material_color 0.431373 0.352941 0.639216 1.0
# s3d_label 0
f 2266/2266/2266 2267/2267/2267 2268/2268/2268
# material_color 0.431373 0.352941 0.639216 1.0
# s3d_label 0
f 2269/2269/2269 2270/2270/2270 2271/2271/2271
# material_color 0.431373 0.352941 0.639216 1.0
# s3d_label 0
f 2272/2272/2272 2273/2273/2273 2274/2274/2274
# material_color 0.431373 0.352941 0.639216 1.0
# s3d_label 0
f 2275/2275/2275 2276/2276/2276 2277/2277/2277
# material_color 0.431373 0.352941 0.639216 1.0
# s3d_label 0
f 2278/2278/2278 2279/2279/2279 2280/2280/2280
# material_color 0.431373 0.352941 0.639216 1.0
# s3d_label 0
f 2281/2281/2281 2282/2282/2282 2283/2283/2283
# material_color 0.431373 0.352941 0.639216 1.0
# s3d_label 0
f 2284/2284/2284 2285/2285/2285 2286/2286/2286
# material_color 0.431373 0.352941 0.639216 1.0
# s3d_label 0
f 2287/2287/2287 2288/2288/2288 2289/2289/2289
# material_color 0.431373 0.352941 0.639216 1.0
# s3d_label 0
f 2290/2290/2290 2291/2291/2291 2292/2292/2292
# material_color 0.431373 0.352941 0.639216 1.0
# s3d_label 0
f 2293/2293/2293 2294/2294/2294 2295/2295/2295
# material_color 0.431373 0.352941 0.639216 1.0
# s3d_label 0
f 2296/2296/2296 2297/2297/2297 2298/2298/2298
# material_color 0.431373 0.352941 0.639216 1.0
# s3d_label 0
f 2299/2299/2299 2300/2300/2300 2301/2301/2301
# material_color 0.431373 0.352941 0.639216 1.0
# s3d_label 0
f 2302/2302/2302 2303/2303/2303 2304/2304/2304
# material_color 0.431373 0.352941 0.639216 1.0
# s3d_label 0
f 2305/2305/2305 2306/2306/2306 2307/2307/2307
# material_color 0.431373 0.352941 0.639216 1.0
# s3d_label 0
f 2308/2308/2308 2309/2309/2309 2310/2310/2310
# material_color 0.431373 0.352941 0.639216 1.0
# s3d_label 0
f 2311/2311/2311 2312/2312/2312 2313/2313/2313
# material_color 0.431373 0.352941 0.639216 1.0
# s3d_label 0
f 2314/2314/2314 2315/2315/2315 2316/2316/2316
# material_color 0.431373 0.352941 0.639216 1.0
# s3d_label 0
f 2317/2317/2317 2318/2318/2318 2319/2319/2319
# material_color 0.431373 0.352941 0.639216 1.0
# s3d_label 0
f 2320/2320/2320 2321/2321/2321 2322/2322/2322
# material_color 0.431373 0.352941 0.639216 1.0
# s3d_label 0
f 2323/2323/2323 2324/2324/2324 2325/2325/2325
# material_color 0.431373 0.352941 0.639216 1.0
# s3d_label 0
f 2326/2326/2326 2327/2327/2327 2328/2328/2328
# material_color 0.431373 0.352941 0.639216 1.0
# s3d_label 0
f 2329/2329/2329 2330/2330/2330 2331/2331/2331
# material_color 0.431373 0.352941 0.639216 1.0
# s3d_label 0
f 2332/2332/2332 2333/2333/2333 2334/2334/2334
# material_color 0.431373 0.352941 0.639216 1.0
# s3d_label 0
f 2335/2335/2335 2336/2336/2336 2337/2337/2337
# material_color 0.431373 0.352941 0.639216 1.0
# s3d_label 0
f 2338/2338/2338 2339/2339/2339 2340/2340/2340
# material_color 0.431373 0.352941 0.639216 1.0
# s3d_label 0
f 2341/2341/2341 2342/2342/2342 2343/2343/2343
# material_color 0.431373 0.352941 0.639216 1.0
# s3d_label 0
f 2344/2344/2344 2345/2345/2345 2346/2346/2346
# material_color 0.431373 0.352941 0.639216 1.0
# s3d_label 0
f 2347/2347/2347 2348/2348/2348 2349/2349/2349
# material_color 0.431373 0.352941 0.639216 1.0
# s3d_label 0
f 2350/2350/2350 2351/2351/2351 2352/2352/2352
# material_color 0.431373 0.352941 0.639216 1.0
# s3d_label 0
f 2353/2353/2353 2354/2354/2354 2355/2355/2355
# material_color 0.431373 0.352941 0.639216 1.0
# s3d_label 0
f 2356/2356/2356 2357/2357/2357 2358/2358/2358
# material_color 0.431373 0.352941 0.639216 1.0
# s3d_label 0
f 2359/2359/2359 2360/2360/2360 2361/2361/2361
# material_color 0.431373 0.352941 0.639216 1.0
# s3d_label 0
f 2362/2362/2362 2363/2363/2363 2364/2364/2364
# material_color 0.431373 0.352941 0.639216 1.0
# s3d_label 0
f 2365/2365/2365 2366/2366/2366 2367/2367/2367
# material_color 0.431373 0.352941 0.639216 1.0
# s3d_label 0
f 2368/2368/2368 2369/2369/2369 2370/2370/2370
# material_color 0.431373 0.352941 0.639216 1.0
# s3d_label 0
f 2371/2371/2371 2372/2372/2372 2373/2373/2373
# material_color 0.431373 0.352941 0.639216 1.0
# s3d_label 0
f 2374/2374/2374 2375/2375/2375 2376/2376/2376
# material_color 0.431373 0.352941 0.639216 1.0
# s3d_label 0
f 2377/2377/2377 2378/2378/2378 2379/2379/2379
# material_color 0.431373 0.352941 0.639216 1.0
# s3d_label 0
f 2380/2380/2380 2381/2381/2381 2382/2382/2382
# material_color 0.431373 0.352941 0.639216 1.0
# s3d_label 0
f 2383/2383/2383 2384/2384/2384 2385/2385/2385
# material_color 0.431373 0.352941 0.639216 1.0
# s3d_label 0
f 2386/2386/2386 2387/2387/2387 2388/2388/2388
# material_color 0.431373 0.352941 0.639216 1.0
# s3d_label 0
f 2389/2389/2389 2390/2390/2390 2391/2391/2391
# material_color 0.431373 0.352941 0.639216 1.0
# s3d_label 0
f 2392/2392/2392 2393/2393/2393 2394/2394/2394
# material_color 0.431373 0.352941 0.639216 1.0
# s3d_label 0
f 2395/2395/2395 2396/2396/2396 2397/2397/2397
# material_color 0.431373 0.352941 0.639216 1.0
# s3d_label 0
f 2398/2398/2398 2399/2399/2399 2400/2400/2400
# material_color 0.431373 0.352941 0.639216 1.0
# s3d_label 0
f 2401/2401/2401 2402/2402/2402 2403/2403/2403
# material_color 0.431373 0.352941 0.639216 1.0
# s3d_label 0
f 2404/2404/2404 2405/2405/2405 2406/2406/2406
# material_color 0.431373 0.352941 0.639216 1.0
# s3d_label 0
f 2407/2407/2407 2408/2408/2408 2409/2409/2409
# material_color 0.431373 0.352941 0.639216 1.0
# s3d_label 0
f 2410/2410/2410 2411/2411/2411 2412/2412/2412
# material_color 0.431373 0.352941 0.639216 1.0
# s3d_label 0
f 2413/2413/2413 2414/2414/2414 2415/2415/2415
# material_color 0.431373 0.352941 0.639216 1.0
# s3d_label 0
f 2416/2416/2416 2417/2417/2417 2418/2418/2418
# material_color 0.431373 0.352941 0.639216 1.0
# s3d_label 0
f 2419/2419/2419 2420/2420/2420 2421/2421/2421
# material_color 0.431373 0.352941 0.639216 1.0
# s3d_label 0
f 2422/2422/2422 2423/2423/2423 2424/2424/2424
# material_color 0.431373 0.352941 0.639216 1.0
# s3d_label 0
f 2425/2425/2425 2426/2426/2426 2427/2427/2427
# material_color 0.431373 0.352941 0.639216 1.0
# s3d_label 0
f 2428/2428/2428 2429/2429/2429 2430/2430/2430
# material_color 0.431373 0.352941 0.639216 1.0
# s3d_label 0
f 2431/2431/2431 2432/2432/2432 2433/2433/2433
# material_color 0.431373 0.352941 0.639216 1.0
# s3d_label 0
f 2434/2434/2434 2435/2435/2435 2436/2436/2436
# material_color 0.431373 0.352941 0.639216 1.0
# s3d_label 0
f 2437/2437/2437 2438/2438/2438 2439/2439/2439
# material_color 0.431373 0.352941 0.639216 1.0
# s3d_label 0
f 2440/2440/2440 2441/2441/2441 2442/2442/2442
# material_color 0.431373 0.352941 0.639216 1.0
# s3d_label 0
f 2443/2443/2443 2444/2444/2444 2445/2445/2445
# material_color 0.431373 0.352941 0.639216 1.0
# s3d_label 0
f 2446/2446/2446 2447/2447/2447 2448/2448/2448
# material_color 0.431373 0.352941 0.639216 1.0
# s3d_label 0
f 2449/2449/2449 2450/2450/2450 2451/2451/2451
# material_color 0.431373 0.352941 0.639216 1.0
# s3d_label 0
f 2452/2452/2452 2453/2453/2453 2454/2454/2454
# material_color 0.431373 0.352941 0.639216 1.0
# s3d_label 0
f 2455/2455/2455 2456/2456/2456 2457/2457/2457
# material_color 0.431373 0.352941 0.639216 1.0
# s3d_label 0
f 2458/2458/2458 2459/2459/2459 2460/2460/2460
# material_color 0.431373 0.352941 0.639216 1.0
# s3d_label 0
f 2461/2461/2461 2462/2462/2462 2463/2463/2463
# material_color 0.431373 0.352941 0.639216 1.0
# s3d_label 0
f 2464/2464/2464 2465/2465/2465 2466/2466/2466
# material_color 0.431373 0.352941 0.639216 1.0
# s3d_label 0
f 2467/2467/2467 2468/2468/2468 2469/2469/2469
# material_color 0.431373 0.352941 0.639216 1.0
# s3d_label 0
f 2470/2470/2470 2471/2471/2471 2472/2472/2472
# material_color 0.431373 0.352941 0.639216 1.0
# s3d_label 0
f 2473/2473/2473 2474/2474/2474 2475/2475/2475
# material_color 0.431373 0.352941 0.639216 1.0
# s3d_label 0
f 2476/2476/2476 2477/2477/2477 2478/2478/2478
# material_color 0.431373 0.352941 0.639216 1.0
# s3d_label 0
f 2479/2479/2479 2480/2480/2480 2481/2481/2481
# material_color 0.431373 0.352941 0.639216 1.0
# s3d_label 0
f 2482/2482/2482 2483/2483/2483 2484/2484/2484
# material_color 0.431373 0.352941 0.639216 1.0
# s3d_label 0
f 2485/2485/2485 2486/2486/2486 2487/2487/2487
# material_color 0.431373 0.352941 0.639216 1.0
# s3d_label 0
f 2488/2488/2488 2489/2489/2489 2490/2490/2490
# material_color 0.431373 0.352941 0.639216 1.0
# s3d_label 0
f 2491/2491/2491 2492/2492/2492 2493/2493/2493
# material_color 0.431373 0.352941 0.639216 1.0
# s3d_label 0
f 2494/2494/2494 2495/2495/2495 2496/2496/2496
# material_color 0.431373 0.352941 0.639216 1.0
# s3d_label 0
f 2497/2497/2497 2498/2498/2498 2499/2499/2499
# material_color 0.431373 0.352941 0.639216 1.0
# s3d_label 0
f 2500/2500/2500 2501/2501/2501 2502/2502/2502
# material_color 0.431373 0.352941 0.639216 1.0
# s3d_label 0
f 2503/2503/2503 2504/2504/2504 2505/2505/2505
# material_color 0.431373 0.352941 0.639216 1.0
# s3d_label 0
f 2506/2506/2506 2507/2507/2507 2508/2508/2508
# material_color 0.431373 0.352941 0.639216 1.0
# s3d_label 0
f 2509/2509/2509 2510/2510/2510 2511/2511/2511
# material_color 0.431373 0.352941 0.639216 1.0
# s3d_label 0
f 2512/2512/2512 2513/2513/2513 2514/2514/2514
# material_color 0.431373 0.352941 0.639216 1.0
# s3d_label 0
f 2515/2515/2515 2516/2516/2516 2517/2517/2517
# material_color 0.431373 0.352941 0.639216 1.0
# s3d_label 0
f 2518/2518/2518 2519/2519/2519 2520/2520/2520
# material_color 0.431373 0.352941 0.639216 1.0
# s3d_label 0
f 2521/2521/2521 2522/2522/2522 2523/2523/2523
# material_color 0.431373 0.352941 0.639216 1.0
# s3d_label 0
f 2524/2524/2524 2525/2525/2525 2526/2526/2526
# material_color 0.431373 0.352941 0.639216 1.0
# s3d_label 0
f 2527/2527/2527 2528/2528/2528 2529/2529/2529
# material_color 0.431373 0.352941 0.639216 1.0
# s3d_label 0
f 2530/2530/2530 2531/2531/2531 2532/2532/2532
# material_color 0.431373 0.352941 0.639216 1.0
# s3d_label 0
f 2533/2533/2533 2534/2534/2534 2535/2535/2535
# material_color 0.431373 0.352941 0.639216 1.0
# s3d_label 0
f 2536/2536/2536 2537/2537/2537 2538/2538/2538
# material_color 0.431373 0.352941 0.639216 1.0
# s3d_label 0
f 2539/2539/2539 2540/2540/2540 2541/2541/2541
# material_color 0.431373 0.352941 0.639216 1.0
# s3d_label 0
f 2542/2542/2542 2543/2543/2543 2544/2544/2544
# material_color 0.431373 0.352941 0.639216 1.0
# s3d_label 0
f 2545/2545/2545 2546/2546/2546 2547/2547/2547
# material_color 0.431373 0.352941 0.639216 1.0
# s3d_label 0
f 2548/2548/2548 2549/2549/2549 2550/2550/2550
# material_color 0.431373 0.352941 0.639216 1.0
# s3d_label 0
f 2551/2551/2551 2552/2552/2552 2553/2553/2553
# material_color 0.431373 0.352941 0.639216 1.0
# s3d_label 0
f 2554/2554/2554 2555/2555/2555 2556/2556/2556
# material_color 0.431373 0.352941 0.639216 1.0
# s3d_label 0
f 2557/2557/2557 2558/2558/2558 2559/2559/2559
# material_color 0.431373 0.352941 0.639216 1.0
# s3d_label 0
f 2560/2560/2560 2561/2561/2561 2562/2562/2562
# material_color 0.431373 0.352941 0.639216 1.0
# s3d_label 0
f 2563/2563/2563 2564/2564/2564 2565/2565/2565
# material_color 0.431373 0.352941 0.639216 1.0
# s3d_label 0
f 2566/2566/2566 2567/2567/2567 2568/2568/2568
# material_color 0.431373 0.352941 0.639216 1.0
# s3d_label 0
f 2569/2569/2569 2570/2570/2570 2571/2571/2571
# material_color 0.431373 0.352941 0.639216 1.0
# s3d_label 0
f 2572/2572/2572 2573/2573/2573 2574/2574/2574
# material_color 0.431373 0.352941 0.639216 1.0
# s3d_label 0
f 2575/2575/2575 2576/2576/2576 2577/2577/2577
# material_color 0.431373 0.352941 0.639216 1.0
# s3d_label 0
f 2578/2578/2578 2579/2579/2579 2580/2580/2580
# material_color 0.431373 0.352941 0.639216 1.0
# s3d_label 0
f 2581/2581/2581 2582/2582/2582 2583/2583/2583
# material_color 0.431373 0.352941 0.639216 1.0
# s3d_label 0
f 2584/2584/2584 2585/2585/2585 2586/2586/2586
# material_color 0.431373 0.352941 0.639216 1.0
# s3d_label 0
f 2587/2587/2587 2588/2588/2588 2589/2589/2589
# material_color 0.431373 0.352941 0.639216 1.0
# s3d_label 0
f 2590/2590/2590 2591/2591/2591 2592/2592/2592
# material_color 0.431373 0.352941 0.639216 1.0
# s3d_label 0
f 2593/2593/2593 2594/2594/2594 2595/2595/2595
# material_color 0.431373 0.352941 0.639216 1.0
# s3d_label 0
f 2596/2596/2596 2597/2597/2597 2598/2598/2598
# material_color 0.431373 0.352941 0.639216 1.0
# s3d_label 0
f 2599/2599/2599 2600/2600/2600 2601/2601/2601
# material_color 0.431373 0.352941 0.639216 1.0
# s3d_label 0
f 2602/2602/2602 2603/2603/2603 2604/2604/2604
# material_color 0.431373 0.352941 0.639216 1.0
# s3d_label 0
f 2605/2605/2605 2606/2606/2606 2607/2607/2607
# material_color 0.431373 0.352941 0.639216 1.0
# s3d_label 0
f 2608/2608/2608 2609/2609/2609 2610/2610/2610
# material_color 0.431373 0.352941 0.639216 1.0
# s3d_label 0
f 2611/2611/2611 2612/2612/2612 2613/2613/2613
# material_color 0.431373 0.352941 0.639216 1.0
# s3d_label 0
f 2614/2614/2614 2615/2615/2615 2616/2616/2616
# material_color 0.431373 0.352941 0.639216 1.0
# s3d_label 0
f 2617/2617/2617 2618/2618/2618 2619/2619/2619
# material_color 0.431373 0.352941 0.639216 1.0
# s3d_label 0
f 2620/2620/2620 2621/2621/2621 2622/2622/2622
# material_color 0.431373 0.352941 0.639216 1.0
# s3d_label 0
f 2623/2623/2623 2624/2624/2624 2625/2625/2625
# material_color 0.431373 0.352941 0.639216 1.0
# s3d_label 0
f 2626/2626/2626 2627/2627/2627 2628/2628/2628
# material_color 0.431373 0.352941 0.639216 1.0
# s3d_label 0
f 2629/2629/2629 2630/2630/2630 2631/2631/2631
# material_color 0.431373 0.352941 0.639216 1.0
# s3d_label 0
f 2632/2632/2632 2633/2633/2633 2634/2634/2634
# material_color 0.431373 0.352941 0.639216 1.0
# s3d_label 0
f 2635/2635/2635 2636/2636/2636 2637/2637/2637
# material_color 0.431373 0.352941 0.639216 1.0
# s3d_label 0
f 2638/2638/2638 2639/2639/2639 2640/2640/2640
# material_color 0.431373 0.352941 0.639216 1.0
# s3d_label 0
f 2641/2641/2641 2642/2642/2642 2643/2643/2643
# material_color 0.431373 0.352941 0.639216 1.0
# s3d_label 0
f 2644/2644/2644 2645/2645/2645 2646/2646/2646
# material_color 0.431373 0.352941 0.639216 1.0
# s3d_label 0
f 2647/2647/2647 2648/2648/2648 2649/2649/2649
# material_color 0.431373 0.352941 0.639216 1.0
# s3d_label 0
f 2650/2650/2650 2651/2651/2651 2652/2652/2652
# material_color 0.431373 0.352941 0.639216 1.0
# s3d_label 0
f 2653/2653/2653 2654/2654/2654 2655/2655/2655
# material_color 0.431373 0.352941 0.639216 1.0
# s3d_label 0
f 2656/2656/2656 2657/2657/2657 2658/2658/2658
# material_color 0.431373 0.352941 0.639216 1.0
# s3d_label 0
f 2659/2659/2659 2660/2660/2660 2661/2661/2661
# material_color 0.431373 0.352941 0.639216 1.0
# s3d_label 0
f 2662/2662/2662 2663/2663/2663 2664/2664/2664
# material_color 0.431373 0.352941 0.639216 1.0
# s3d_label 0
f 2665/2665/2665 2666/2666/2666 2667/2667/2667
# material_color 0.431373 0.352941 0.639216 1.0
# s3d_label 0
f 2668/2668/2668 2669/2669/2669 2670/2670/2670
# material_color 0.431373 0.352941 0.639216 1.0
# s3d_label 0
f 2671/2671/2671 2672/2672/2672 2673/2673/2673
# material_color 0.431373 0.352941 0.639216 1.0
# s3d_label 0
f 2674/2674/2674 2675/2675/2675 2676/2676/2676
# material_color 0.431373 0.352941 0.639216 1.0
# s3d_label 0
f 2677/2677/2677 2678/2678/2678 2679/2679/2679
# material_color 0.431373 0.352941 0.639216 1.0
# s3d_label 0
f 2680/2680/2680 2681/2681/2681 2682/2682/2682
# material_color 0.431373 0.352941 0.639216 1.0
# s3d_label 0
f 2683/2683/2683 2684/2684/2684 2685/2685/2685
# material_color 0.431373 0.352941 0.639216 1.0
# s3d_label 0
f 2686/2686/2686 2687/2687/2687 2688/2688/2688
# material_color 0.431373 0.352941 0.639216 1.0
# s3d_label 0
f 2689/2689/2689 2690/2690/2690 2691/2691/2691
# material_color 0.431373 0.352941 0.639216 1.0
# s3d_label 0
f 2692/2692/2692 2693/2693/2693 2694/2694/2694
# material_color 0.431373 0.352941 0.639216 1.0
# s3d_label 0
f 2695/2695/2695 2696/2696/2696 2697/2697/2697
# material_color 0.431373 0.352941 0.639216 1.0
# s3d_label 0
f 2698/2698/2698 2699/2699/2699 2700/2700/2700
# material_color 0.431373 0.352941 0.639216 1.0
# s3d_label 0
f 2701/2701/2701 2702/2702/2702 2703/2703/2703
# material_color 0.431373 0.352941 0.639216 1.0
# s3d_label 0
f 2704/2704/2704 2705/2705/2705 2706/2706/2706
# material_color 0.431373 0.352941 0.639216 1.0
# s3d_label 0
f 2707/2707/2707 2708/2708/2708 2709/2709/2709
# material_color 0.431373 0.352941 0.639216 1.0
# s3d_label 0
f 2710/2710/2710 2711/2711/2711 2712/2712/2712
# material_color 0.431373 0.352941 0.639216 1.0
# s3d_label 0
f 2713/2713/2713 2714/2714/2714 2715/2715/2715
# material_color 0.431373 0.352941 0.639216 1.0
# s3d_label 0
f 2716/2716/2716 2717/2717/2717 2718/2718/2718
# material_color 0.431373 0.352941 0.639216 1.0
# s3d_label 0
f 2719/2719/2719 2720/2720/2720 2721/2721/2721
# material_color 0.431373 0.352941 0.639216 1.0
# s3d_label 0
f 2722/2722/2722 2723/2723/2723 2724/2724/2724
# material_color 0.431373 0.352941 0.639216 1.0
# s3d_label 0
f 2725/2725/2725 2726/2726/2726 2727/2727/2727
# material_color 0.431373 0.352941 0.639216 1.0
# s3d_label 0
f 2728/2728/2728 2729/2729/2729 2730/2730/2730
# material_color 0.431373 0.352941 0.639216 1.0
# s3d_label 0
f 2731/2731/2731 2732/2732/2732 2733/2733/2733
# material_color 0.431373 0.352941 0.639216 1.0
# s3d_label 0
f 2734/2734/2734 2735/2735/2735 2736/2736/2736
# material_color 0.431373 0.352941 0.639216 1.0
# s3d_label 0
f 2737/2737/2737 2738/2738/2738 2739/2739/2739
# material_color 0.431373 0.352941 0.639216 1.0
# s3d_label 0
f 2740/2740/2740 2741/2741/2741 2742/2742/2742
# material_color 0.431373 0.352941 0.639216 1.0
# s3d_label 0
f 2743/2743/2743 2744/2744/2744 2745/2745/2745
# material_color 0.431373 0.352941 0.639216 1.0
# s3d_label 0
f 2746/2746/2746 2747/2747/2747 2748/2748/2748
# material_color 0.431373 0.352941 0.639216 1.0
# s3d_label 0
f 2749/2749/2749 2750/2750/2750 2751/2751/2751
# material_color 0.431373 0.352941 0.639216 1.0
# s3d_label 0
f 2752/2752/2752 2753/2753/2753 2754/2754/2754
# material_color 0.431373 0.352941 0.639216 1.0
# s3d_label 0
f 2755/2755/2755 2756/2756/2756 2757/2757/2757
# material_color 0.431373 0.352941 0.639216 1.0
# s3d_label 0
f 2758/2758/2758 2759/2759/2759 2760/2760/2760
# material_color 0.431373 0.352941 0.639216 1.0
# s3d_label 0
f 2761/2761/2761 2762/2762/2762 2763/2763/2763
# material_color 0.431373 0.352941 0.639216 1.0
# s3d_label 0
f 2764/2764/2764 2765/2765/2765 2766/2766/2766
# material_color 0.431373 0.352941 0.639216 1.0
# s3d_label 0
f 2767/2767/2767 2768/2768/2768 2769/2769/2769
# material_color 0.431373 0.352941 0.639216 1.0
# s3d_label 0
f 2770/2770/2770 2771/2771/2771 2772/2772/2772
# material_color 0.431373 0.352941 0.639216 1.0
# s3d_label 0
f 2773/2773/2773 2774/2774/2774 2775/2775/2775
# material_color 0.431373 0.352941 0.639216 1.0
# s3d_label 0
f 2776/2776/2776 2777/2777/2777 2778/2778/2778
# material_color 0.431373 0.352941 0.639216 1.0
# s3d_label 0
f 2779/2779/2779 2780/2780/2780 2781/2781/2781
# material_color 0.431373 0.352941 0.639216 1.0
# s3d_label 0
f 2782/2782/2782 2783/2783/2783 2784/2784/2784
# material_color 0.431373 0.352941 0.639216 1.0
# s3d_label 0
f 2785/2785/2785 2786/2786/2786 2787/2787/2787
# material_color 0.431373 0.352941 0.639216 1.0
# s3d_label 0
f 2788/2788/2788 2789/2789/2789 2790/2790/2790
# material_color 0.431373 0.352941 0.639216 1.0
# s3d_label 0
f 2791/2791/2791 2792/2792/2792 2793/2793/2793
# material_color 0.431373 0.352941 0.639216 1.0
# s3d_label 0
f 2794/2794/2794 2795/2795/2795 2796/2796/2796
# material_color 0.431373 0.352941 0.639216 1.0
# s3d_label 0
f 2797/2797/2797 2798/2798/2798 2799/2799/2799
# material_color 0.431373 0.352941 0.639216 1.0
# s3d_label 0
f 2800/2800/2800 2801/2801/2801 2802/2802/2802
# material_color 0.431373 0.352941 0.639216 1.0
# s3d_label 0
f 2803/2803/2803 2804/2804/2804 2805/2805/2805
# material_color 0.431373 0.352941 0.639216 1.0
# s3d_label 0
f 2806/2806/2806 2807/2807/2807 2808/2808/2808
# material_color 0.431373 0.352941 0.639216 1.0
# s3d_label 0
f 2809/2809/2809 2810/2810/2810 2811/2811/2811
# material_color 0.431373 0.352941 0.639216 1.0
# s3d_label 0
f 2812/2812/2812 2813/2813/2813 2814/2814/2814
# material_color 0.431373 0.352941 0.639216 1.0
# s3d_label 0
f 2815/2815/2815 2816/2816/2816 2817/2817/2817
# material_color 0.431373 0.352941 0.639216 1.0
# s3d_label 0
f 2818/2818/2818 2819/2819/2819 2820/2820/2820
# material_color 0.431373 0.352941 0.639216 1.0
# s3d_label 0
f 2821/2821/2821 2822/2822/2822 2823/2823/2823
# material_color 0.431373 0.352941 0.639216 1.0
# s3d_label 0
f 2824/2824/2824 2825/2825/2825 2826/2826/2826
# material_color 0.431373 0.352941 0.639216 1.0
# s3d_label 0
f 2827/2827/2827 2828/2828/2828 2829/2829/2829
# material_color 0.431373 0.352941 0.639216 1.0
# s3d_label 0
f 2830/2830/2830 2831/2831/2831 2832/2832/2832
# material_color 0.431373 0.352941 0.639216 1.0
# s3d_label 0
f 2833/2833/2833 2834/2834/2834 2835/2835/2835
# material_color 0.431373 0.352941 0.639216 1.0
# s3d_label 0
f 2836/2836/2836 2837/2837/2837 2838/2838/2838
# material_color 0.431373 0.352941 0.639216 1.0
# s3d_label 0
f 2839/2839/2839 2840/2840/2840 2841/2841/2841
# material_color 0.431373 0.352941 0.639216 1.0
# s3d_label 0
f 2842/2842/2842 2843/2843/2843 2844/2844/2844
# material_color 0.431373 0.352941 0.639216 1.0
# s3d_label 0
f 2845/2845/2845 2846/2846/2846 2847/2847/2847
# material_color 0.431373 0.352941 0.639216 1.0
# s3d_label 0
f 2848/2848/2848 2849/2849/2849 2850/2850/2850
# material_color 0.431373 0.352941 0.639216 1.0
# s3d_label 0
f 2851/2851/2851 2852/2852/2852 2853/2853/2853
# material_color 0.431373 0.352941 0.639216 1.0
# s3d_label 0
f 2854/2854/2854 2855/2855/2855 2856/2856/2856
# material_color 0.431373 0.352941 0.639216 1.0
# s3d_label 0
f 2857/2857/2857 2858/2858/2858 2859/2859/2859
# material_color 0.431373 0.352941 0.639216 1.0
# s3d_label 0
f 2860/2860/2860 2861/2861/2861 2862/2862/2862
# material_color 0.431373 0.352941 0.639216 1.0
# s3d_label 0
f 2863/2863/2863 2864/2864/2864 2865/2865/2865
# material_color 0.431373 0.352941 0.639216 1.0
# s3d_label 0
f 2866/2866/2866 2867/2867/2867 2868/2868/2868
# material_color 0.431373 0.352941 0.639216 1.0
# s3d_label 0
f 2869/2869/2869 2870/2870/2870 2871/2871/2871
# material_color 0.431373 0.352941 0.639216 1.0
# s3d_label 0
f 2872/2872/2872 2873/2873/2873 2874/2874/2874
# material_color 0.431373 0.352941 0.639216 1.0
# s3d_label 0
f 2875/2875/2875 2876/2876/2876 2877/2877/2877
# material_color 0.431373 0.352941 0.639216 1.0
# s3d_label 0
f 2878/2878/2878 2879/2879/2879 2880/2880/2880
# material_color 0.431373 0.352941 0.639216 1.0
# s3d_label 0
f 2881/2881/2881 2882/2882/2882 2883/2883/2883
# material_color 0.431373 0.352941 0.639216 1.0
# s3d_label 0
f 2884/2884/2884 2885/2885/2885 2886/2886/2886
# material_color 0.431373 0.352941 0.639216 1.0
# s3d_label 0
f 2887/2887/2887 2888/2888/2888 2889/2889/2889
# material_color 0.431373 0.352941 0.639216 1.0
# s3d_label 0
f 2890/2890/2890 2891/2891/2891 2892/2892/2892
# material_color 0.431373 0.352941 0.639216 1.0
# s3d_label 0
f 2893/2893/2893 2894/2894/2894 2895/2895/2895
# material_color 0.431373 0.352941 0.639216 1.0
# s3d_label 0
f 2896/2896/2896 2897/2897/2897 2898/2898/2898
# material_color 0.431373 0.352941 0.639216 1.0
# s3d_label 0
f 2899/2899/2899 2900/2900/2900 2901/2901/2901
# material_color 0.431373 0.352941 0.639216 1.0
# s3d_label 0
f 2902/2902/2902 2903/2903/2903 2904/2904/2904
# material_color 0.431373 0.352941 0.639216 1.0
# s3d_label 0
f 2905/2905/2905 2906/2906/2906 2907/2907/2907
# material_color 0.431373 0.352941 0.639216 1.0
# s3d_label 0
f 2908/2908/2908 2909/2909/2909 2910/2910/2910
# material_color 0.431373 0.352941 0.639216 1.0
# s3d_label 0
f 2911/2911/2911 2912/2912/2912 2913/2913/2913
# material_color 0.431373 0.352941 0.639216 1.0
# s3d_label 0
f 2914/2914/2914 2915/2915/2915 2916/2916/2916
# material_color 0.431373 0.352941 0.639216 1.0
# s3d_label 0
f 2917/2917/2917 2918/2918/2918 2919/2919/2919
# material_color 0.431373 0.352941 0.639216 1.0
# s3d_label 0
f 2920/2920/2920 2921/2921/2921 2922/2922/2922
# material_color 0.431373 0.352941 0.639216 1.0
# s3d_label 0
f 2923/2923/2923 2924/2924/2924 2925/2925/2925
# material_color 0.431373 0.352941 0.639216 1.0
# s3d_label 0
f 2926/2926/2926 2927/2927/2927 2928/2928/2928
# material_color 0.431373 0.352941 0.639216 1.0
# s3d_label 0
f 2929/2929/2929 2930/2930/2930 2931/2931/2931
# material_color 0.431373 0.352941 0.639216 1.0
# s3d_label 0
f 2932/2932/2932 2933/2933/2933 2934/2934/2934
# material_color 0.431373 0.352941 0.639216 1.0
# s3d_label 0
f 2935/2935/2935 2936/2936/2936 2937/2937/2937
# material_color 0.431373 0.352941 0.639216 1.0
# s3d_label 0
f 2938/2938/2938 2939/2939/2939 2940/2940/2940
# material_color 0.431373 0.352941 0.639216 1.0
# s3d_label 0
f 2941/2941/2941 2942/2942/2942 2943/2943/2943
# material_color 0.431373 0.352941 0.639216 1.0
# s3d_label 0
f 2944/2944/2944 2945/2945/2945 2946/2946/2946
# material_color 0.431373 0.352941 0.639216 1.0
# s3d_label 0
f 2947/2947/2947 2948/2948/2948 2949/2949/2949
# material_color 0.431373 0.352941 0.639216 1.0
# s3d_label 0
f 2950/2950/2950 2951/2951/2951 2952/2952/2952
# material_color 0.431373 0.352941 0.639216 1.0
# s3d_label 0
f 2953/2953/2953 2954/2954/2954 2955/2955/2955
# material_color 0.431373 0.352941 0.639216 1.0
# s3d_label 0
f 2956/2956/2956 2957/2957/2957 2958/2958/2958
# material_color 0.431373 0.352941 0.639216 1.0
# s3d_label 0
f 2959/2959/2959 2960/2960/2960 2961/2961/2961
# material_color 0.431373 0.352941 0.639216 1.0
# s3d_label 0
f 2962/2962/2962 2963/2963/2963 2964/2964/2964
# material_color 0.431373 0.352941 0.639216 1.0
# s3d_label 0
f 2965/2965/2965 2966/2966/2966 2967/2967/2967
# material_color 0.431373 0.352941 0.639216 1.0
# s3d_label 0
f 2968/2968/2968 2969/2969/2969 2970/2970/2970
# material_color 0.431373 0.352941 0.639216 1.0
# s3d_label 0
f 2971/2971/2971 2972/2972/2972 2973/2973/2973
# material_color 0.431373 0.352941 0.639216 1.0
# s3d_label 0
f 2974/2974/2974 2975/2975/2975 2976/2976/2976
# material_color 0.431373 0.352941 0.639216 1.0
# s3d_label 0
f 2977/2977/2977 2978/2978/2978 2979/2979/2979
# material_color 0.431373 0.352941 0.639216 1.0
# s3d_label 0
f 2980/2980/2980 2981/2981/2981 2982/2982/2982
# material_color 0.431373 0.352941 0.639216 1.0
# s3d_label 0
f 2983/2983/2983 2984/2984/2984 2985/2985/2985
# material_color 0.431373 0.352941 0.639216 1.0
# s3d_label 0
f 2986/2986/2986 2987/2987/2987 2988/2988/2988
# material_color 0.431373 0.352941 0.639216 1.0
# s3d_label 0
f 2989/2989/2989 2990/2990/2990 2991/2991/2991
# material_color 0.431373 0.352941 0.639216 1.0
# s3d_label 0
f 2992/2992/2992 2993/2993/2993 2994/2994/2994
# material_color 0.431373 0.352941 0.639216 1.0
# s3d_label 0
f 2995/2995/2995 2996/2996/2996 2997/2997/2997
# material_color 0.431373 0.352941 0.639216 1.0
# s3d_label 0
f 2998/2998/2998 2999/2999/2999 3000/3000/3000
# material_color 0.431373 0.352941 0.639216 1.0
# s3d_label 0
f 3001/3001/3001 3002/3002/3002 3003/3003/3003
# material_color 0.431373 0.352941 0.639216 1.0
# s3d_label 0
f 3004/3004/3004 3005/3005/3005 3006/3006/3006
# material_color 0.431373 0.352941 0.639216 1.0
# s3d_label 0
f 3007/3007/3007 3008/3008/3008 3009/3009/3009
# material_color 0.431373 0.352941 0.639216 1.0
# s3d_label 0
f 3010/3010/3010 3011/3011/3011 3012/3012/3012
# material_color 0.431373 0.352941 0.639216 1.0
# s3d_label 0
f 3013/3013/3013 3014/3014/3014 3015/3015/3015
# material_color 0.431373 0.352941 0.639216 1.0
# s3d_label 0
f 3016/3016/3016 3017/3017/3017 3018/3018/3018
# material_color 0.431373 0.352941 0.639216 1.0
# s3d_label 0
f 3019/3019/3019 3020/3020/3020 3021/3021/3021
# material_color 0.431373 0.352941 0.639216 1.0
# s3d_label 0
f 3022/3022/3022 3023/3023/3023 3024/3024/3024
# material_color 0.431373 0.352941 0.639216 1.0
# s3d_label 0
f 3025/3025/3025 3026/3026/3026 3027/3027/3027
# material_color 0.431373 0.352941 0.639216 1.0
# s3d_label 0
f 3028/3028/3028 3029/3029/3029 3030/3030/3030
# material_color 0.431373 0.352941 0.639216 1.0
# s3d_label 0
f 3031/3031/3031 3032/3032/3032 3033/3033/3033
# material_color 0.431373 0.352941 0.639216 1.0
# s3d_label 0
f 3034/3034/3034 3035/3035/3035 3036/3036/3036
# material_color 0.431373 0.352941 0.639216 1.0
# s3d_label 0
f 3037/3037/3037 3038/3038/3038 3039/3039/3039
# material_color 0.431373 0.352941 0.639216 1.0
# s3d_label 0
f 3040/3040/3040 3041/3041/3041 3042/3042/3042
# material_color 0.431373 0.352941 0.639216 1.0
# s3d_label 0
f 3043/3043/3043 3044/3044/3044 3045/3045/3045
# material_color 0.431373 0.352941 0.639216 1.0
# s3d_label 0
f 3046/3046/3046 3047/3047/3047 3048/3048/3048
# material_color 0.431373 0.352941 0.639216 1.0
# s3d_label 0
f 3049/3049/3049 3050/3050/3050 3051/3051/3051
# material_color 0.431373 0.352941 0.639216 1.0
# s3d_label 0
f 3052/3052/3052 3053/3053/3053 3054/3054/3054
# material_color 0.431373 0.352941 0.639216 1.0
# s3d_label 0
f 3055/3055/3055 3056/3056/3056 3057/3057/3057
# material_color 0.431373 0.352941 0.639216 1.0
# s3d_label 0
f 3058/3058/3058 3059/3059/3059 3060/3060/3060
# material_color 0.431373 0.352941 0.639216 1.0
# s3d_label 0
f 3061/3061/3061 3062/3062/3062 3063/3063/3063
# material_color 0.431373 0.352941 0.639216 1.0
# s3d_label 0
f 3064/3064/3064 3065/3065/3065 3066/3066/3066
# material_color 0.431373 0.352941 0.639216 1.0
# s3d_label 0
f 3067/3067/3067 3068/3068/3068 3069/3069/3069
# material_color 0.431373 0.352941 0.639216 1.0
# s3d_label 0
f 3070/3070/3070 3071/3071/3071 3072/3072/3072
# material_color 0.431373 0.352941 0.639216 1.0
# s3d_label 0
f 3073/3073/3073 3074/3074/3074 3075/3075/3075
# material_color 0.431373 0.352941 0.639216 1.0
# s3d_label 0
f 3076/3076/3076 3077/3077/3077 3078/3078/3078
# material_color 0.431373 0.352941 0.639216 1.0
# s3d_label 0
f 3079/3079/3079 3080/3080/3080 3081/3081/3081
# material_color 0.431373 0.352941 0.639216 1.0
# s3d_label 0
f 3082/3082/3082 3083/3083/3083 3084/3084/3084
# material_color 0.431373 0.352941 0.639216 1.0
# s3d_label 0
f 3085/3085/3085 3086/3086/3086 3087/3087/3087
# material_color 0.431373 0.352941 0.639216 1.0
# s3d_label 0
f 3088/3088/3088 3089/3089/3089 3090/3090/3090
# material_color 0.431373 0.352941 0.639216 1.0
# s3d_label 0
f 3091/3091/3091 3092/3092/3092 3093/3093/3093
# material_color 0.431373 0.352941 0.639216 1.0
# s3d_label 0
f 3094/3094/3094 3095/3095/3095 3096/3096/3096
# material_color 0.431373 0.352941 0.639216 1.0
# s3d_label 0
f 3097/3097/3097 3098/3098/3098 3099/3099/3099
# material_color 0.431373 0.352941 0.639216 1.0
# s3d_label 0
f 3100/3100/3100 3101/3101/3101 3102/3102/3102
# material_color 0.431373 0.352941 0.639216 1.0
# s3d_label 0
f 3103/3103/3103 3104/3104/3104 3105/3105/3105
# material_color 0.431373 0.352941 0.639216 1.0
# s3d_label 0
f 3106/3106/3106 3107/3107/3107 3108/3108/3108
# material_color 0.431373 0.352941 0.639216 1.0
# s3d_label 0
f 3109/3109/3109 3110/3110/3110 3111/3111/3111
# material_color 0.431373 0.352941 0.639216 1.0
# s3d_label 0
f 3112/3112/3112 3113/3113/3113 3114/3114/3114
# material_color 0.431373 0.352941 0.639216 1.0
# s3d_label 0
f 3115/3115/3115 3116/3116/3116 3117/3117/3117
# material_color 0.431373 0.352941 0.639216 1.0
# s3d_label 0
f 3118/3118/3118 3119/3119/3119 3120/3120/3120
# material_color 0.431373 0.352941 0.639216 1.0
# s3d_label 0
f 3121/3121/3121 3122/3122/3122 3123/3123/3123
# material_color 0.431373 0.352941 0.639216 1.0
# s3d_label 0
f 3124/3124/3124 3125/3125/3125 3126/3126/3126
# material_color 0.431373 0.352941 0.639216 1.0
# s3d_label 0
f 3127/3127/3127 3128/3128/3128 3129/3129/3129
# material_color 0.431373 0.352941 0.639216 1.0
# s3d_label 0
f 3130/3130/3130 3131/3131/3131 3132/3132/3132
# material_color 0.431373 0.352941 0.639216 1.0
# s3d_label 0
f 3133/3133/3133 3134/3134/3134 3135/3135/3135
# material_color 0.431373 0.352941 0.639216 1.0
# s3d_label 0
f 3136/3136/3136 3137/3137/3137 3138/3138/3138
# material_color 0.431373 0.352941 0.639216 1.0
# s3d_label 0
f 3139/3139/3139 3140/3140/3140 3141/3141/3141
# material_color 0.431373 0.352941 0.639216 1.0
# s3d_label 0
f 3142/3142/3142 3143/3143/3143 3144/3144/3144
# material_color 0.431373 0.352941 0.639216 1.0
# s3d_label 0
f 3145/3145/3145 3146/3146/3146 3147/3147/3147
# material_color 0.431373 0.352941 0.639216 1.0
# s3d_label 0
f 3148/3148/3148 3149/3149/3149 3150/3150/3150
# material_color 0.431373 0.352941 0.639216 1.0
# s3d_label 0
f 3151/3151/3151 3152/3152/3152 3153/3153/3153
# material_color 0.431373 0.352941 0.639216 1.0
# s3d_label 0
f 3154/3154/3154 3155/3155/3155 3156/3156/3156
# material_color 0.431373 0.352941 0.639216 1.0
# s3d_label 0
f 3157/3157/3157 3158/3158/3158 3159/3159/3159
# material_color 0.431373 0.352941 0.639216 1.0
# s3d_label 0
f 3160/3160/3160 3161/3161/3161 3162/3162/3162
# material_color 0.431373 0.352941 0.639216 1.0
# s3d_label 0
f 3163/3163/3163 3164/3164/3164 3165/3165/3165
# material_color 0.431373 0.352941 0.639216 1.0
# s3d_label 0
f 3166/3166/3166 3167/3167/3167 3168/3168/3168
# material_color 0.431373 0.352941 0.639216 1.0
# s3d_label 0
f 3169/3169/3169 3170/3170/3170 3171/3171/3171
# material_color 0.431373 0.352941 0.639216 1.0
# s3d_label 0
f 3172/3172/3172 3173/3173/3173 3174/3174/3174
# material_color 0.431373 0.352941 0.639216 1.0
# s3d_label 0
f 3175/3175/3175 3176/3176/3176 3177/3177/3177
# material_color 0.431373 0.352941 0.639216 1.0
# s3d_label 0
f 3178/3178/3178 3179/3179/3179 3180/3180/3180
# material_color 0.431373 0.352941 0.639216 1.0
# s3d_label 0
f 3181/3181/3181 3182/3182/3182 3183/3183/3183
# material_color 0.431373 0.352941 0.639216 1.0
# s3d_label 0
f 3184/3184/3184 3185/3185/3185 3186/3186/3186
# material_color 0.431373 0.352941 0.639216 1.0
# s3d_label 0
f 3187/3187/3187 3188/3188/3188 3189/3189/3189
# material_color 0.431373 0.352941 0.639216 1.0
# s3d_label 0
f 3190/3190/3190 3191/3191/3191 3192/3192/3192
# material_color 0.431373 0.352941 0.639216 1.0
# s3d_label 0
f 3193/3193/3193 3194/3194/3194 3195/3195/3195
# material_color 0.431373 0.352941 0.639216 1.0
# s3d_label 0
f 3196/3196/3196 3197/3197/3197 3198/3198/3198
# material_color 0.431373 0.352941 0.639216 1.0
# s3d_label 0
f 3199/3199/3199 3200/3200/3200 3201/3201/3201
# material_color 0.431373 0.352941 0.639216 1.0
# s3d_label 0
f 3202/3202/3202 3203/3203/3203 3204/3204/3204
# material_color 0.431373 0.352941 0.639216 1.0
# s3d_label 0
f 3205/3205/3205 3206/3206/3206 3207/3207/3207
# material_color 0.431373 0.352941 0.639216 1.0
# s3d_label 0
f 3208/3208/3208 3209/3209/3209 3210/3210/3210
# material_color 0.431373 0.352941 0.639216 1.0
# s3d_label 0
f 3211/3211/3211 3212/3212/3212 3213/3213/3213
# material_color 0.431373 0.352941 0.639216 1.0
# s3d_label 0
f 3214/3214/3214 3215/3215/3215 3216/3216/3216
# material_color 0.431373 0.352941 0.639216 1.0
# s3d_label 0
f 3217/3217/3217 3218/3218/3218 3219/3219/3219
# material_color 0.431373 0.352941 0.639216 1.0
# s3d_label 0
f 3220/3220/3220 3221/3221/3221 3222/3222/3222
# material_color 0.431373 0.352941 0.639216 1.0
# s3d_label 0
f 3223/3223/3223 3224/3224/3224 3225/3225/3225
# material_color 0.431373 0.352941 0.639216 1.0
# s3d_label 0
f 3226/3226/3226 3227/3227/3227 3228/3228/3228
# material_color 0.431373 0.352941 0.639216 1.0
# s3d_label 0
f 3229/3229/3229 3230/3230/3230 3231/3231/3231
# material_color 0.431373 0.352941 0.639216 1.0
# s3d_label 0
f 3232/3232/3232 3233/3233/3233 3234/3234/3234
# material_color 0.431373 0.352941 0.639216 1.0
# s3d_label 0
f 3235/3235/3235 3236/3236/3236 3237/3237/3237
# material_color 0.431373 0.352941 0.639216 1.0
# s3d_label 0
f 3238/3238/3238 3239/3239/3239 3240/3240/3240
# material_color 0.431373 0.352941 0.639216 1.0
# s3d_label 0
f 3241/3241/3241 3242/3242/3242 3243/3243/3243
# material_color 0.431373 0.352941 0.639216 1.0
# s3d_label 0
f 3244/3244/3244 3245/3245/3245 3246/3246/3246
# material_color 0.431373 0.352941 0.639216 1.0
# s3d_label 0
f 3247/3247/3247 3248/3248/3248 3249/3249/3249
# material_color 0.431373 0.352941 0.639216 1.0
# s3d_label 0
f 3250/3250/3250 3251/3251/3251 3252/3252/3252
# material_color 0.431373 0.352941 0.639216 1.0
# s3d_label 0
f 3253/3253/3253 3254/3254/3254 3255/3255/3255
# material_color 0.431373 0.352941 0.639216 1.0
# s3d_label 0
f 3256/3256/3256 3257/3257/3257 3258/3258/3258
# material_color 0.431373 0.352941 0.639216 1.0
# s3d_label 0
f 3259/3259/3259 3260/3260/3260 3261/3261/3261
# material_color 0.431373 0.352941 0.639216 1.0
# s3d_label 0
f 3262/3262/3262 3263/3263/3263 3264/3264/3264
# material_color 0.431373 0.352941 0.639216 1.0
# s3d_label 0
f 3265/3265/3265 3266/3266/3266 3267/3267/3267
# material_color 0.431373 0.352941 0.639216 1.0
# s3d_label 0
f 3268/3268/3268 3269/3269/3269 3270/3270/3270
# material_color 0.431373 0.352941 0.639216 1.0
# s3d_label 0
f 3271/3271/3271 3272/3272/3272 3273/3273/3273
# material_color 0.431373 0.352941 0.639216 1.0
# s3d_label 0
f 3274/3274/3274 3275/3275/3275 3276/3276/3276
# material_color 0.431373 0.352941 0.639216 1.0
# s3d_label 0
f 3277/3277/3277 3278/3278/3278 3279/3279/3279
# material_color 0.431373 0.352941 0.639216 1.0
# s3d_label 0
f 3280/3280/3280 3281/3281/3281 3282/3282/3282
# material_color 0.431373 0.352941 0.639216 1.0
# s3d_label 0
f 3283/3283/3283 3284/3284/3284 3285/3285/3285
# material_color 0.431373 0.352941 0.639216 1.0
# s3d_label 0
f 3286/3286/3286 3287/3287/3287 3288/3288/3288
# material_color 0.431373 0.352941 0.639216 1.0
# s3d_label 0
f 3289/3289/3289 3290/3290/3290 3291/3291/3291
# material_color 0.431373 0.352941 0.639216 1.0
# s3d_label 0
f 3292/3292/3292 3293/3293/3293 3294/3294/3294
# material_color 0.431373 0.352941 0.639216 1.0
# s3d_label 0
f 3295/3295/3295 3296/3296/3296 3297/3297/3297
# material_color 0.431373 0.352941 0.639216 1.0
# s3d_label 0
f 3298/3298/3298 3299/3299/3299 3300/3300/3300
# material_color 0.431373 0.352941 0.639216 1.0
# s3d_label 0
f 3301/3301/3301 3302/3302/3302 3303/3303/3303
# material_color 0.431373 0.352941 0.639216 1.0
# s3d_label 0
f 3304/3304/3304 3305/3305/3305 3306/3306/3306
# material_color 0.431373 0.352941 0.639216 1.0
# s3d_label 0
f 3307/3307/3307 3308/3308/3308 3309/3309/3309
# material_color 0.431373 0.352941 0.639216 1.0
# s3d_label 0
f 3310/3310/3310 3311/3311/3311 3312/3312/3312
# material_color 0.431373 0.352941 0.639216 1.0
# s3d_label 0
f 3313/3313/3313 3314/3314/3314 3315/3315/3315
# material_color 0.431373 0.352941 0.639216 1.0
# s3d_label 0
f 3316/3316/3316 3317/3317/3317 3318/3318/3318
# material_color 0.431373 0.352941 0.639216 1.0
# s3d_label 0
f 3319/3319/3319 3320/3320/3320 3321/3321/3321
# material_color 0.431373 0.352941 0.639216 1.0
# s3d_label 0
f 3322/3322/3322 3323/3323/3323 3324/3324/3324
# material_color 0.431373 0.352941 0.639216 1.0
# s3d_label 0
f 3325/3325/3325 3326/3326/3326 3327/3327/3327
# material_color 0.431373 0.352941 0.639216 1.0
# s3d_label 0
f 3328/3328/3328 3329/3329/3329 3330/3330/3330
# material_color 0.431373 0.352941 0.639216 1.0
# s3d_label 0
f 3331/3331/3331 3332/3332/3332 3333/3333/3333
# material_color 0.431373 0.352941 0.639216 1.0
# s3d_label 0
f 3334/3334/3334 3335/3335/3335 3336/3336/3336
# material_color 0.431373 0.352941 0.639216 1.0
# s3d_label 0
f 3337/3337/3337 3338/3338/3338 3339/3339/3339
# material_color 0.431373 0.352941 0.639216 1.0
# s3d_label 0
f 3340/3340/3340 3341/3341/3341 3342/3342/3342
# material_color 0.431373 0.352941 0.639216 1.0
# s3d_label 0
f 3343/3343/3343 3344/3344/3344 3345/3345/3345
# material_color 0.431373 0.352941 0.639216 1.0
# s3d_label 0
f 3346/3346/3346 3347/3347/3347 3348/3348/3348
# material_color 0.431373 0.352941 0.639216 1.0
# s3d_label 0
f 3349/3349/3349 3350/3350/3350 3351/3351/3351
# material_color 0.431373 0.352941 0.639216 1.0
# s3d_label 0
f 3352/3352/3352 3353/3353/3353 3354/3354/3354
# material_color 0.431373 0.352941 0.639216 1.0
# s3d_label 0
f 3355/3355/3355 3356/3356/3356 3357/3357/3357
# material_color 0.431373 0.352941 0.639216 1.0
# s3d_label 0
f 3358/3358/3358 3359/3359/3359 3360/3360/3360
# material_color 0.431373 0.352941 0.639216 1.0
# s3d_label 0
f 3361/3361/3361 3362/3362/3362 3363/3363/3363
# material_color 0.431373 0.352941 0.639216 1.0
# s3d_label 0
f 3364/3364/3364 3365/3365/3365 3366/3366/3366
# material_color 0.431373 0.352941 0.639216 1.0
# s3d_label 0
f 3367/3367/3367 3368/3368/3368 3369/3369/3369
# material_color 0.431373 0.352941 0.639216 1.0
# s3d_label 0
f 3370/3370/3370 3371/3371/3371 3372/3372/3372
# material_color 0.431373 0.352941 0.639216 1.0
# s3d_label 0
f 3373/3373/3373 3374/3374/3374 3375/3375/3375
# material_color 0.431373 0.352941 0.639216 1.0
# s3d_label 0
f 3376/3376/3376 3377/3377/3377 3378/3378/3378
# material_color 0.431373 0.352941 0.639216 1.0
# s3d_label 0
f 3379/3379/3379 3380/3380/3380 3381/3381/3381
# material_color 0.431373 0.352941 0.639216 1.0
# s3d_label 0
f 3382/3382/3382 3383/3383/3383 3384/3384/3384
# material_color 0.431373 0.352941 0.639216 1.0
# s3d_label 0
f 3385/3385/3385 3386/3386/3386 3387/3387/3387
# material_color 0.431373 0.352941 0.639216 1.0
# s3d_label 0
f 3388/3388/3388 3389/3389/3389 3390/3390/3390
# material_color 0.431373 0.352941 0.639216 1.0
# s3d_label 0
f 3391/3391/3391 3392/3392/3392 3393/3393/3393
# material_color 0.431373 0.352941 0.639216 1.0
# s3d_label 0
f 3394/3394/3394 3395/3395/3395 3396/3396/3396
# material_color 0.431373 0.352941 0.639216 1.0
# s3d_label 0
f 3397/3397/3397 3398/3398/3398 3399/3399/3399
# material_color 0.431373 0.352941 0.639216 1.0
# s3d_label 0
f 3400/3400/3400 3401/3401/3401 3402/3402/3402
# material_color 0.431373 0.352941 0.639216 1.0
# s3d_label 0
f 3403/3403/3403 3404/3404/3404 3405/3405/3405
# material_color 0.431373 0.352941 0.639216 1.0
# s3d_label 0
f 3406/3406/3406 3407/3407/3407 3408/3408/3408
# material_color 0.431373 0.352941 0.639216 1.0
# s3d_label 0
f 3409/3409/3409 3410/3410/3410 3411/3411/3411
# material_color 0.431373 0.352941 0.639216 1.0
# s3d_label 0
f 3412/3412/3412 3413/3413/3413 3414/3414/3414
# material_color 0.431373 0.352941 0.639216 1.0
# s3d_label 1
f 3415/3415/3415 3416/3416/3416 3417/3417/3417
# material_color 0.431373 0.352941 0.639216 1.0
# s3d_label 1
f 3418/3418/3418 3419/3419/3419 3420/3420/3420
# material_color 0.431373 0.352941 0.639216 1.0
# s3d_label 1
f 3421/3421/3421 3422/3422/3422 3423/3423/3423
# material_color 0.431373 0.352941 0.639216 1.0
# s3d_label 1
f 3424/3424/3424 3425/3425/3425 3426/3426/3426
# material_color 0.431373 0.352941 0.639216 1.0
# s3d_label 1
f 3427/3427/3427 3428/3428/3428 3429/3429/3429
# material_color 0.431373 0.352941 0.639216 1.0
# s3d_label 1
f 3430/3430/3430 3431/3431/3431 3432/3432/3432
# material_color 0.431373 0.352941 0.639216 1.0
# s3d_label 1
f 3433/3433/3433 3434/3434/3434 3435/3435/3435
# material_color 0.431373 0.352941 0.639216 1.0
# s3d_label 1
f 3436/3436/3436 3437/3437/3437 3438/3438/3438
# material_color 0.431373 0.352941 0.639216 1.0
# s3d_label 1
f 3439/3439/3439 3440/3440/3440 3441/3441/3441
# material_color 0.431373 0.352941 0.639216 1.0
# s3d_label 1
f 3442/3442/3442 3443/3443/3443 3444/3444/3444
# material_color 0.431373 0.352941 0.639216 1.0
# s3d_label 1
f 3445/3445/3445 3446/3446/3446 3447/3447/3447
# material_color 0.431373 0.352941 0.639216 1.0
# s3d_label 1
f 3448/3448/3448 3449/3449/3449 3450/3450/3450
# material_color 0.431373 0.352941 0.639216 1.0
# s3d_label 1
f 3451/3451/3451 3452/3452/3452 3453/3453/3453
# material_color 0.431373 0.352941 0.639216 1.0
# s3d_label 1
f 3454/3454/3454 3455/3455/3455 3456/3456/3456
# material_color 0.431373 0.352941 0.639216 1.0
# s3d_label 0
f 3457/3457/3457 3458/3458/3458 3459/3459/3459
# material_color 0.431373 0.352941 0.639216 1.0
# s3d_label 0
f 3460/3460/3460 3461/3461/3461 3462/3462/3462
# material_color 0.431373 0.352941 0.639216 1.0
# s3d_label 0
f 3463/3463/3463 3464/3464/3464 3465/3465/3465
# material_color 0.431373 0.352941 0.639216 1.0
# s3d_label 0
f 3466/3466/3466 3467/3467/3467 3468/3468/3468
# material_color 0.431373 0.352941 0.639216 1.0
# s3d_label 0
f 3469/3469/3469 3470/3470/3470 3471/3471/3471
# material_color 0.431373 0.352941 0.639216 1.0
# s3d_label 0
f 3472/3472/3472 3473/3473/3473 3474/3474/3474
# material_color 0.431373 0.352941 0.639216 1.0
# s3d_label 0
f 3475/3475/3475 3476/3476/3476 3477/3477/3477
# material_color 0.431373 0.352941 0.639216 1.0
# s3d_label 0
f 3478/3478/3478 3479/3479/3479 3480/3480/3480
# material_color 0.431373 0.352941 0.639216 1.0
# s3d_label 0
f 3481/3481/3481 3482/3482/3482 3483/3483/3483
# material_color 0.431373 0.352941 0.639216 1.0
# s3d_label 0
f 3484/3484/3484 3485/3485/3485 3486/3486/3486
# material_color 0.431373 0.352941 0.639216 1.0
# s3d_label 0
f 3487/3487/3487 3488/3488/3488 3489/3489/3489
# material_color 0.431373 0.352941 0.639216 1.0
# s3d_label 0
f 3490/3490/3490 3491/3491/3491 3492/3492/3492
# material_color 0.431373 0.352941 0.639216 1.0
# s3d_label 0
f 3493/3493/3493 3494/3494/3494 3495/3495/3495
# material_color 0.431373 0.352941 0.639216 1.0
# s3d_label 0
f 3496/3496/3496 3497/3497/3497 3498/3498/3498
# material_color 0.431373 0.352941 0.639216 1.0
# s3d_label 0
f 3499/3499/3499 3500/3500/3500 3501/3501/3501
# material_color 0.431373 0.352941 0.639216 1.0
# s3d_label 0
f 3502/3502/3502 3503/3503/3503 3504/3504/3504
# material_color 0.431373 0.352941 0.639216 1.0
# s3d_label 0
f 3505/3505/3505 3506/3506/3506 3507/3507/3507
# material_color 0.431373 0.352941 0.639216 1.0
# s3d_label 0
f 3508/3508/3508 3509/3509/3509 3510/3510/3510
# material_color 0.431373 0.352941 0.639216 1.0
# s3d_label 0
f 3511/3511/3511 3512/3512/3512 3513/3513/3513
# material_color 0.431373 0.352941 0.639216 1.0
# s3d_label 0
f 3514/3514/3514 3515/3515/3515 3516/3516/3516
# material_color 0.431373 0.352941 0.639216 1.0
# s3d_label 0
f 3517/3517/3517 3518/3518/3518 3519/3519/3519
# material_color 0.431373 0.352941 0.639216 1.0
# s3d_label 0
f 3520/3520/3520 3521/3521/3521 3522/3522/3522
# material_color 0.431373 0.352941 0.639216 1.0
# s3d_label 0
f 3523/3523/3523 3524/3524/3524 3525/3525/3525
# material_color 0.431373 0.352941 0.639216 1.0
# s3d_label 0
f 3526/3526/3526 3527/3527/3527 3528/3528/3528
# material_color 0.431373 0.352941 0.639216 1.0
# s3d_label 0
f 3529/3529/3529 3530/3530/3530 3531/3531/3531
# material_color 0.431373 0.352941 0.639216 1.0
# s3d_label 0
f 3532/3532/3532 3533/3533/3533 3534/3534/3534
# material_color 0.431373 0.352941 0.639216 1.0
# s3d_label 0
f 3535/3535/3535 3536/3536/3536 3537/3537/3537
# material_color 0.431373 0.352941 0.639216 1.0
# s3d_label 0
f 3538/3538/3538 3539/3539/3539 3540/3540/3540
# material_color 0.431373 0.352941 0.639216 1.0
# s3d_label 0
f 3541/3541/3541 3542/3542/3542 3543/3543/3543
# material_color 0.431373 0.352941 0.639216 1.0
# s3d_label 0
f 3544/3544/3544 3545/3545/3545 3546/3546/3546
# material_color 0.431373 0.352941 0.639216 1.0
# s3d_label 0
f 3547/3547/3547 3548/3548/3548 3549/3549/3549
# material_color 0.431373 0.352941 0.639216 1.0
# s3d_label 0
f 3550/3550/3550 3551/3551/3551 3552/3552/3552
# material_color 0.431373 0.352941 0.639216 1.0
# s3d_label 0
f 3553/3553/3553 3554/3554/3554 3555/3555/3555
# material_color 0.431373 0.352941 0.639216 1.0
# s3d_label 0
f 3556/3556/3556 3557/3557/3557 3558/3558/3558
# material_color 0.431373 0.352941 0.639216 1.0
# s3d_label 0
f 3559/3559/3559 3560/3560/3560 3561/3561/3561
# material_color 0.431373 0.352941 0.639216 1.0
# s3d_label 0
f 3562/3562/3562 3563/3563/3563 3564/3564/3564
# material_color 0.431373 0.352941 0.639216 1.0
# s3d_label 0
f 3565/3565/3565 3566/3566/3566 3567/3567/3567
# material_color 0.431373 0.352941 0.639216 1.0
# s3d_label 0
f 3568/3568/3568 3569/3569/3569 3570/3570/3570
# material_color 0.431373 0.352941 0.639216 1.0
# s3d_label 0
f 3571/3571/3571 3572/3572/3572 3573/3573/3573
# material_color 0.431373 0.352941 0.639216 1.0
# s3d_label 0
f 3574/3574/3574 3575/3575/3575 3576/3576/3576
# material_color 0.431373 0.352941 0.639216 1.0
# s3d_label 0
f 3577/3577/3577 3578/3578/3578 3579/3579/3579
# material_color 0.431373 0.352941 0.639216 1.0
# s3d_label 0
f 3580/3580/3580 3581/3581/3581 3582/3582/3582
# material_color 0.431373 0.352941 0.639216 1.0
# s3d_label 0
f 3583/3583/3583 3584/3584/3584 3585/3585/3585
# material_color 0.431373 0.352941 0.639216 1.0
# s3d_label 0
f 3586/3586/3586 3587/3587/3587 3588/3588/3588
# material_color 0.431373 0.352941 0.639216 1.0
# s3d_label 0
f 3589/3589/3589 3590/3590/3590 3591/3591/3591
# material_color 0.431373 0.352941 0.639216 1.0
# s3d_label 0
f 3592/3592/3592 3593/3593/3593 3594/3594/3594
# material_color 0.431373 0.352941 0.639216 1.0
# s3d_label 0
f 3595/3595/3595 3596/3596/3596 3597/3597/3597
# material_color 0.431373 0.352941 0.639216 1.0
# s3d_label 0
f 3598/3598/3598 3599/3599/3599 3600/3600/3600
# material_color 0.431373 0.352941 0.639216 1.0
# s3d_label 0
f 3601/3601/3601 3602/3602/3602 3603/3603/3603
# material_color 0.431373 0.352941 0.639216 1.0
# s3d_label 0
f 3604/3604/3604 3605/3605/3605 3606/3606/3606
# material_color 0.431373 0.352941 0.639216 1.0
# s3d_label 0
f 3607/3607/3607 3608/3608/3608 3609/3609/3609
# material_color 0.431373 0.352941 0.639216 1.0
# s3d_label 0
f 3610/3610/3610 3611/3611/3611 3612/3612/3612
# material_color 0.431373 0.352941 0.639216 1.0
# s3d_label 0
f 3613/3613/3613 3614/3614/3614 3615/3615/3615
# material_color 0.431373 0.352941 0.639216 1.0
# s3d_label 0
f 3616/3616/3616 3617/3617/3617 3618/3618/3618
# material_color 0.431373 0.352941 0.639216 1.0
# s3d_label 0
f 3619/3619/3619 3620/3620/3620 3621/3621/3621
# material_color 0.431373 0.352941 0.639216 1.0
# s3d_label 0
f 3622/3622/3622 3623/3623/3623 3624/3624/3624
# material_color 0.431373 0.352941 0.639216 1.0
# s3d_label 0
f 3625/3625/3625 3626/3626/3626 3627/3627/3627
# material_color 0.431373 0.352941 0.639216 1.0
# s3d_label 0
f 3628/3628/3628 3629/3629/3629 3630/3630/3630
# material_color 0.431373 0.352941 0.639216 1.0
# s3d_label 0
f 3631/3631/3631 3632/3632/3632 3633/3633/3633
# material_color 0.431373 0.352941 0.639216 1.0
# s3d_label 0
f 3634/3634/3634 3635/3635/3635 3636/3636/3636
# material_color 0.431373 0.352941 0.639216 1.0
# s3d_label 0
f 3637/3637/3637 3638/3638/3638 3639/3639/3639
# material_color 0.431373 0.352941 0.639216 1.0
# s3d_label 0
f 3640/3640/3640 3641/3641/3641 3642/3642/3642
# material_color 0.431373 0.352941 0.639216 1.0
# s3d_label 0
f 3643/3643/3643 3644/3644/3644 3645/3645/3645
# material_color 0.431373 0.352941 0.639216 1.0
# s3d_label 0
f 3646/3646/3646 3647/3647/3647 3648/3648/3648
# material_color 0.431373 0.352941 0.639216 1.0
# s3d_label 0
f 3649/3649/3649 3650/3650/3650 3651/3651/3651
# material_color 0.431373 0.352941 0.639216 1.0
# s3d_label 0
f 3652/3652/3652 3653/3653/3653 3654/3654/3654
# material_color 0.431373 0.352941 0.639216 1.0
# s3d_label 0
f 3655/3655/3655 3656/3656/3656 3657/3657/3657
# material_color 0.431373 0.352941 0.639216 1.0
# s3d_label 0
f 3658/3658/3658 3659/3659/3659 3660/3660/3660
# material_color 0.431373 0.352941 0.639216 1.0
# s3d_label 0
f 3661/3661/3661 3662/3662/3662 3663/3663/3663
# material_color 0.431373 0.352941 0.639216 1.0
# s3d_label 0
f 3664/3664/3664 3665/3665/3665 3666/3666/3666
# material_color 0.431373 0.352941 0.639216 1.0
# s3d_label 0
f 3667/3667/3667 3668/3668/3668 3669/3669/3669
# material_color 0.431373 0.352941 0.639216 1.0
# s3d_label 0
f 3670/3670/3670 3671/3671/3671 3672/3672/3672
# material_color 0.431373 0.352941 0.639216 1.0
# s3d_label 0
f 3673/3673/3673 3674/3674/3674 3675/3675/3675
# material_color 0.431373 0.352941 0.639216 1.0
# s3d_label 0
f 3676/3676/3676 3677/3677/3677 3678/3678/3678
# material_color 0.431373 0.352941 0.639216 1.0
# s3d_label 0
f 3679/3679/3679 3680/3680/3680 3681/3681/3681
# material_color 0.431373 0.352941 0.639216 1.0
# s3d_label 0
f 3682/3682/3682 3683/3683/3683 3684/3684/3684
# material_color 0.431373 0.352941 0.639216 1.0
# s3d_label 0
f 3685/3685/3685 3686/3686/3686 3687/3687/3687
# material_color 0.431373 0.352941 0.639216 1.0
# s3d_label 0
f 3688/3688/3688 3689/3689/3689 3690/3690/3690
# material_color 0.431373 0.352941 0.639216 1.0
# s3d_label 0
f 3691/3691/3691 3692/3692/3692 3693/3693/3693
# material_color 0.431373 0.352941 0.639216 1.0
# s3d_label 0
f 3694/3694/3694 3695/3695/3695 3696/3696/3696
# material_color 0.431373 0.352941 0.639216 1.0
# s3d_label 0
f 3697/3697/3697 3698/3698/3698 3699/3699/3699
# material_color 0.431373 0.352941 0.639216 1.0
# s3d_label 0
f 3700/3700/3700 3701/3701/3701 3702/3702/3702
# material_color 0.431373 0.352941 0.639216 1.0
# s3d_label 0
f 3703/3703/3703 3704/3704/3704 3705/3705/3705
# material_color 0.431373 0.352941 0.639216 1.0
# s3d_label 0
f 3706/3706/3706 3707/3707/3707 3708/3708/3708
# material_color 0.431373 0.352941 0.639216 1.0
# s3d_label 0
f 3709/3709/3709 3710/3710/3710 3711/3711/3711
# material_color 0.431373 0.352941 0.639216 1.0
# s3d_label 0
f 3712/3712/3712 3713/3713/3713 3714/3714/3714
# material_color 0.431373 0.352941 0.639216 1.0
# s3d_label 0
f 3715/3715/3715 3716/3716/3716 3717/3717/3717
# material_color 0.431373 0.352941 0.639216 1.0
# s3d_label 0
f 3718/3718/3718 3719/3719/3719 3720/3720/3720
# material_color 0.431373 0.352941 0.639216 1.0
# s3d_label 0
f 3721/3721/3721 3722/3722/3722 3723/3723/3723
# material_color 0.431373 0.352941 0.639216 1.0
# s3d_label 0
f 3724/3724/3724 3725/3725/3725 3726/3726/3726
# material_color 0.431373 0.352941 0.639216 1.0
# s3d_label 0
f 3727/3727/3727 3728/3728/3728 3729/3729/3729
# material_color 0.431373 0.352941 0.639216 1.0
# s3d_label 0
f 3730/3730/3730 3731/3731/3731 3732/3732/3732
# material_color 0.431373 0.352941 0.639216 1.0
# s3d_label 0
f 3733/3733/3733 3734/3734/3734 3735/3735/3735
# material_color 0.431373 0.352941 0.639216 1.0
# s3d_label 0
f 3736/3736/3736 3737/3737/3737 3738/3738/3738
# material_color 0.431373 0.352941 0.639216 1.0
# s3d_label 0
f 3739/3739/3739 3740/3740/3740 3741/3741/3741
# material_color 0.431373 0.352941 0.639216 1.0
# s3d_label 0
f 3742/3742/3742 3743/3743/3743 3744/3744/3744
# material_color 0.431373 0.352941 0.639216 1.0
# s3d_label 0
f 3745/3745/3745 3746/3746/3746 3747/3747/3747
# material_color 0.431373 0.352941 0.639216 1.0
# s3d_label 0
f 3748/3748/3748 3749/3749/3749 3750/3750/3750
# material_color 0.431373 0.352941 0.639216 1.0
# s3d_label 0
f 3751/3751/3751 3752/3752/3752 3753/3753/3753
# material_color 0.431373 0.352941 0.639216 1.0
# s3d_label 0
f 3754/3754/3754 3755/3755/3755 3756/3756/3756
# material_color 0.431373 0.352941 0.639216 1.0
# s3d_label 0
f 3757/3757/3757 3758/3758/3758 3759/3759/3759
# material_color 0.431373 0.352941 0.639216 1.0
# s3d_label 0
f 3760/3760/3760 3761/3761/3761 3762/3762/3762
# material_color 0.431373 0.352941 0.639216 1.0
# s3d_label 0
f 3763/3763/3763 3764/3764/3764 3765/3765/3765
# material_color 0.431373 0.352941 0.639216 1.0
# s3d_label 0
f 3766/3766/3766 3767/3767/3767 3768/3768/3768
# material_color 0.431373 0.352941 0.639216 1.0
# s3d_label 0
f 3769/3769/3769 3770/3770/3770 3771/3771/3771
# material_color 0.431373 0.352941 0.639216 1.0
# s3d_label 0
f 3772/3772/3772 3773/3773/3773 3774/3774/3774
# material_color 0.431373 0.352941 0.639216 1.0
# s3d_label 0
f 3775/3775/3775 3776/3776/3776 3777/3777/3777
# material_color 0.431373 0.352941 0.639216 1.0
# s3d_label 0
f 3778/3778/3778 3779/3779/3779 3780/3780/3780
# material_color 0.431373 0.352941 0.639216 1.0
# s3d_label 0
f 3781/3781/3781 3782/3782/3782 3783/3783/3783
# material_color 0.431373 0.352941 0.639216 1.0
# s3d_label 0
f 3784/3784/3784 3785/3785/3785 3786/3786/3786
# material_color 0.431373 0.352941 0.639216 1.0
# s3d_label 0
f 3787/3787/3787 3788/3788/3788 3789/3789/3789
# material_color 0.431373 0.352941 0.639216 1.0
# s3d_label 0
f 3790/3790/3790 3791/3791/3791 3792/3792/3792
# material_color 0.431373 0.352941 0.639216 1.0
# s3d_label 0
f 3793/3793/3793 3794/3794/3794 3795/3795/3795
# material_color 0.431373 0.352941 0.639216 1.0
# s3d_label 0
f 3796/3796/3796 3797/3797/3797 3798/3798/3798
# material_color 0.431373 0.352941 0.639216 1.0
# s3d_label 0
f 3799/3799/3799 3800/3800/3800 3801/3801/3801
# material_color 0.431373 0.352941 0.639216 1.0
# s3d_label 0
f 3802/3802/3802 3803/3803/3803 3804/3804/3804
# material_color 0.431373 0.352941 0.639216 1.0
# s3d_label 0
f 3805/3805/3805 3806/3806/3806 3807/3807/3807
# material_color 0.431373 0.352941 0.639216 1.0
# s3d_label 0
f 3808/3808/3808 3809/3809/3809 3810/3810/3810
# material_color 0.431373 0.352941 0.639216 1.0
# s3d_label 0
f 3811/3811/3811 3812/3812/3812 3813/3813/3813
# material_color 0.431373 0.352941 0.639216 1.0
# s3d_label 0
f 3814/3814/3814 3815/3815/3815 3816/3816/3816
# material_color 0.431373 0.352941 0.639216 1.0
# s3d_label 0
f 3817/3817/3817 3818/3818/3818 3819/3819/3819
# material_color 0.431373 0.352941 0.639216 1.0
# s3d_label 0
f 3820/3820/3820 3821/3821/3821 3822/3822/3822
# material_color 0.431373 0.352941 0.639216 1.0
# s3d_label 0
f 3823/3823/3823 3824/3824/3824 3825/3825/3825
# material_color 0.431373 0.352941 0.639216 1.0
# s3d_label 0
f 3826/3826/3826 3827/3827/3827 3828/3828/3828
# material_color 0.431373 0.352941 0.639216 1.0
# s3d_label 0
f 3829/3829/3829 3830/3830/3830 3831/3831/3831
# material_color 0.431373 0.352941 0.639216 1.0
# s3d_label 0
f 3832/3832/3832 3833/3833/3833 3834/3834/3834
# material_color 0.431373 0.352941 0.639216 1.0
# s3d_label 0
f 3835/3835/3835 3836/3836/3836 3837/3837/3837
# material_color 0.431373 0.352941 0.639216 1.0
# s3d_label 0
f 3838/3838/3838 3839/3839/3839 3840/3840/3840
# material_color 0.431373 0.352941 0.639216 1.0
# s3d_label 0
f 3841/3841/3841 3842/3842/3842 3843/3843/3843
# material_color 0.431373 0.352941 0.639216 1.0
# s3d_label 0
f 3844/3844/3844 3845/3845/3845 3846/3846/3846
# material_color 0.431373 0.352941 0.639216 1.0
# s3d_label 0
f 3847/3847/3847 3848/3848/3848 3849/3849/3849
# material_color 0.431373 0.352941 0.639216 1.0
# s3d_label 0
f 3850/3850/3850 3851/3851/3851 3852/3852/3852
# material_color 0.431373 0.352941 0.639216 1.0
# s3d_label 0
f 3853/3853/3853 3854/3854/3854 3855/3855/3855
# material_color 0.431373 0.352941 0.639216 1.0
# s3d_label 0
f 3856/3856/3856 3857/3857/3857 3858/3858/3858
# material_color 0.431373 0.352941 0.639216 1.0
# s3d_label 0
f 3859/3859/3859 3860/3860/3860 3861/3861/3861
# material_color 0.431373 0.352941 0.639216 1.0
# s3d_label 0
f 3862/3862/3862 3863/3863/3863 3864/3864/3864
# material_color 0.431373 0.352941 0.639216 1.0
# s3d_label 0
f 3865/3865/3865 3866/3866/3866 3867/3867/3867
# material_color 0.431373 0.352941 0.639216 1.0
# s3d_label 0
f 3868/3868/3868 3869/3869/3869 3870/3870/3870
# material_color 0.431373 0.352941 0.639216 1.0
# s3d_label 0
f 3871/3871/3871 3872/3872/3872 3873/3873/3873
# material_color 0.431373 0.352941 0.639216 1.0
# s3d_label 0
f 3874/3874/3874 3875/3875/3875 3876/3876/3876
# material_color 0.431373 0.352941 0.639216 1.0
# s3d_label 0
f 3877/3877/3877 3878/3878/3878 3879/3879/3879
# material_color 0.431373 0.352941 0.639216 1.0
# s3d_label 0
f 3880/3880/3880 3881/3881/3881 3882/3882/3882
# material_color 0.431373 0.352941 0.639216 1.0
# s3d_label 0
f 3883/3883/3883 3884/3884/3884 3885/3885/3885
# material_color 0.431373 0.352941 0.639216 1.0
# s3d_label 0
f 3886/3886/3886 3887/3887/3887 3888/3888/3888
# material_color 0.431373 0.352941 0.639216 1.0
# s3d_label 0
f 3889/3889/3889 3890/3890/3890 3891/3891/3891
# material_color 0.431373 0.352941 0.639216 1.0
# s3d_label 0
f 3892/3892/3892 3893/3893/3893 3894/3894/3894
# material_color 0.431373 0.352941 0.639216 1.0
# s3d_label 0
f 3895/3895/3895 3896/3896/3896 3897/3897/3897
# material_color 0.431373 0.352941 0.639216 1.0
# s3d_label 0
f 3898/3898/3898 3899/3899/3899 3900/3900/3900
# material_color 0.431373 0.352941 0.639216 1.0
# s3d_label 0
f 3901/3901/3901 3902/3902/3902 3903/3903/3903
# material_color 0.431373 0.352941 0.639216 1.0
# s3d_label 0
f 3904/3904/3904 3905/3905/3905 3906/3906/3906
# material_color 0.431373 0.352941 0.639216 1.0
# s3d_label 0
f 3907/3907/3907 3908/3908/3908 3909/3909/3909
# material_color 0.431373 0.352941 0.639216 1.0
# s3d_label 0
f 3910/3910/3910 3911/3911/3911 3912/3912/3912
# material_color 0.431373 0.352941 0.639216 1.0
# s3d_label 0
f 3913/3913/3913 3914/3914/3914 3915/3915/3915
# material_color 0.431373 0.352941 0.639216 1.0
# s3d_label 0
f 3916/3916/3916 3917/3917/3917 3918/3918/3918
# material_color 0.431373 0.352941 0.639216 1.0
# s3d_label 0
f 3919/3919/3919 3920/3920/3920 3921/3921/3921
# material_color 0.431373 0.352941 0.639216 1.0
# s3d_label 0
f 3922/3922/3922 3923/3923/3923 3924/3924/3924
# material_color 0.431373 0.352941 0.639216 1.0
# s3d_label 0
f 3925/3925/3925 3926/3926/3926 3927/3927/3927
# material_color 0.431373 0.352941 0.639216 1.0
# s3d_label 0
f 3928/3928/3928 3929/3929/3929 3930/3930/3930
# material_color 0.431373 0.352941 0.639216 1.0
# s3d_label 0
f 3931/3931/3931 3932/3932/3932 3933/3933/3933
# material_color 0.431373 0.352941 0.639216 1.0
# s3d_label 0
f 3934/3934/3934 3935/3935/3935 3936/3936/3936
# material_color 0.431373 0.352941 0.639216 1.0
# s3d_label 0
f 3937/3937/3937 3938/3938/3938 3939/3939/3939
# material_color 0.431373 0.352941 0.639216 1.0
# s3d_label 0
f 3940/3940/3940 3941/3941/3941 3942/3942/3942
# material_color 0.431373 0.352941 0.639216 1.0
# s3d_label 0
f 3943/3943/3943 3944/3944/3944 3945/3945/3945
# material_color 0.431373 0.352941 0.639216 1.0
# s3d_label 0
f 3946/3946/3946 3947/3947/3947 3948/3948/3948
# material_color 0.431373 0.352941 0.639216 1.0
# s3d_label 0
f 3949/3949/3949 3950/3950/3950 3951/3951/3951
# material_color 0.431373 0.352941 0.639216 1.0
# s3d_label 0
f 3952/3952/3952 3953/3953/3953 3954/3954/3954
# material_color 0.431373 0.352941 0.639216 1.0
# s3d_label 0
f 3955/3955/3955 3956/3956/3956 3957/3957/3957
# material_color 0.431373 0.352941 0.639216 1.0
# s3d_label 0
f 3958/3958/3958 3959/3959/3959 3960/3960/3960
# material_color 0.431373 0.352941 0.639216 1.0
# s3d_label 0
f 3961/3961/3961 3962/3962/3962 3963/3963/3963
# material_color 0.431373 0.352941 0.639216 1.0
# s3d_label 0
f 3964/3964/3964 3965/3965/3965 3966/3966/3966
# material_color 0.431373 0.352941 0.639216 1.0
# s3d_label 0
f 3967/3967/3967 3968/3968/3968 3969/3969/3969
# material_color 0.431373 0.352941 0.639216 1.0
# s3d_label 0
f 3970/3970/3970 3971/3971/3971 3972/3972/3972
# material_color 0.431373 0.352941 0.639216 1.0
# s3d_label 0
f 3973/3973/3973 3974/3974/3974 3975/3975/3975
# material_color 0.431373 0.352941 0.639216 1.0
# s3d_label 0
f 3976/3976/3976 3977/3977/3977 3978/3978/3978
# material_color 0.431373 0.352941 0.639216 1.0
# s3d_label 0
f 3979/3979/3979 3980/3980/3980 3981/3981/3981
# material_color 0.431373 0.352941 0.639216 1.0
# s3d_label 0
f 3982/3982/3982 3983/3983/3983 3984/3984/3984
# material_color 0.431373 0.352941 0.639216 1.0
# s3d_label 0
f 3985/3985/3985 3986/3986/3986 3987/3987/3987
# material_color 0.431373 0.352941 0.639216 1.0
# s3d_label 0
f 3988/3988/3988 3989/3989/3989 3990/3990/3990
# material_color 0.431373 0.352941 0.639216 1.0
# s3d_label 0
f 3991/3991/3991 3992/3992/3992 3993/3993/3993
# material_color 0.431373 0.352941 0.639216 1.0
# s3d_label 0
f 3994/3994/3994 3995/3995/3995 3996/3996/3996
# material_color 0.431373 0.352941 0.639216 1.0
# s3d_label 0
f 3997/3997/3997 3998/3998/3998 3999/3999/3999
# material_color 0.431373 0.352941 0.639216 1.0
# s3d_label 0
f 4000/4000/4000 4001/4001/4001 4002/4002/4002
# material_color 0.431373 0.352941 0.639216 1.0
# s3d_label 0
f 4003/4003/4003 4004/4004/4004 4005/4005/4005
# material_color 0.431373 0.352941 0.639216 1.0
# s3d_label 0
f 4006/4006/4006 4007/4007/4007 4008/4008/4008
# material_color 0.431373 0.352941 0.639216 1.0
# s3d_label 0
f 4009/4009/4009 4010/4010/4010 4011/4011/4011
# material_color 0.431373 0.352941 0.639216 1.0
# s3d_label 0
f 4012/4012/4012 4013/4013/4013 4014/4014/4014
# material_color 0.431373 0.352941 0.639216 1.0
# s3d_label 0
f 4015/4015/4015 4016/4016/4016 4017/4017/4017
# material_color 0.431373 0.352941 0.639216 1.0
# s3d_label 0
f 4018/4018/4018 4019/4019/4019 4020/4020/4020
# material_color 0.431373 0.352941 0.639216 1.0
# s3d_label 0
f 4021/4021/4021 4022/4022/4022 4023/4023/4023
# material_color 0.431373 0.352941 0.639216 1.0
# s3d_label 0
f 4024/4024/4024 4025/4025/4025 4026/4026/4026
# material_color 0.431373 0.352941 0.639216 1.0
# s3d_label 0
f 4027/4027/4027 4028/4028/4028 4029/4029/4029
# material_color 0.431373 0.352941 0.639216 1.0
# s3d_label 0
f 4030/4030/4030 4031/4031/4031 4032/4032/4032
# material_color 0.431373 0.352941 0.639216 1.0
# s3d_label 0
f 4033/4033/4033 4034/4034/4034 4035/4035/4035
# material_color 0.431373 0.352941 0.639216 1.0
# s3d_label 0
f 4036/4036/4036 4037/4037/4037 4038/4038/4038
# material_color 0.431373 0.352941 0.639216 1.0
# s3d_label 0
f 4039/4039/4039 4040/4040/4040 4041/4041/4041
# material_color 0.431373 0.352941 0.639216 1.0
# s3d_label 0
f 4042/4042/4042 4043/4043/4043 4044/4044/4044
# material_color 0.431373 0.352941 0.639216 1.0
# s3d_label 0
f 4045/4045/4045 4046/4046/4046 4047/4047/4047
# material_color 0.431373 0.352941 0.639216 1.0
# s3d_label 0
f 4048/4048/4048 4049/4049/4049 4050/4050/4050
# material_color 0.431373 0.352941 0.639216 1.0
# s3d_label 0
f 4051/4051/4051 4052/4052/4052 4053/4053/4053
# material_color 0.431373 0.352941 0.639216 1.0
# s3d_label 0
f 4054/4054/4054 4055/4055/4055 4056/4056/4056
# material_color 0.431373 0.352941 0.639216 1.0
# s3d_label 0
f 4057/4057/4057 4058/4058/4058 4059/4059/4059
# material_color 0.431373 0.352941 0.639216 1.0
# s3d_label 0
f 4060/4060/4060 4061/4061/4061 4062/4062/4062
# material_color 0.431373 0.352941 0.639216 1.0
# s3d_label 0
f 4063/4063/4063 4064/4064/4064 4065/4065/4065
# material_color 0.431373 0.352941 0.639216 1.0
# s3d_label 0
f 4066/4066/4066 4067/4067/4067 4068/4068/4068
# material_color 0.431373 0.352941 0.639216 1.0
# s3d_label 0
f 4069/4069/4069 4070/4070/4070 4071/4071/4071
# material_color 0.431373 0.352941 0.639216 1.0
# s3d_label 0
f 4072/4072/4072 4073/4073/4073 4074/4074/4074
# material_color 0.431373 0.352941 0.639216 1.0
# s3d_label 0
f 4075/4075/4075 4076/4076/4076 4077/4077/4077
# material_color 0.431373 0.352941 0.639216 1.0
# s3d_label 0
f 4078/4078/4078 4079/4079/4079 4080/4080/4080
# material_color 0.431373 0.352941 0.639216 1.0
# s3d_label 0
f 4081/4081/4081 4082/4082/4082 4083/4083/4083
# material_color 0.431373 0.352941 0.639216 1.0
# s3d_label 0
f 4084/4084/4084 4085/4085/4085 4086/4086/4086
# material_color 0.431373 0.352941 0.639216 1.0
# s3d_label 0
f 4087/4087/4087 4088/4088/4088 4089/4089/4089
# material_color 0.431373 0.352941 0.639216 1.0
# s3d_label 0
f 4090/4090/4090 4091/4091/4091 4092/4092/4092
# material_color 0.431373 0.352941 0.639216 1.0
# s3d_label 0
f 4093/4093/4093 4094/4094/4094 4095/4095/4095
# material_color 0.431373 0.352941 0.639216 1.0
# s3d_label 0
f 4096/4096/4096 4097/4097/4097 4098/4098/4098
# material_color 0.431373 0.352941 0.639216 1.0
# s3d_label 0
f 4099/4099/4099 4100/4100/4100 4101/4101/4101
# material_color 0.431373 0.352941 0.639216 1.0
# s3d_label 0
f 4102/4102/4102 4103/4103/4103 4104/4104/4104
# material_color 0.431373 0.352941 0.639216 1.0
# s3d_label 0
f 4105/4105/4105 4106/4106/4106 4107/4107/4107
# material_color 0.431373 0.352941 0.639216 1.0
# s3d_label 0
f 4108/4108/4108 4109/4109/4109 4110/4110/4110
# material_color 0.431373 0.352941 0.639216 1.0
# s3d_label 0
f 4111/4111/4111 4112/4112/4112 4113/4113/4113
# material_color 0.431373 0.352941 0.639216 1.0
# s3d_label 0
f 4114/4114/4114 4115/4115/4115 4116/4116/4116
# material_color 0.431373 0.352941 0.639216 1.0
# s3d_label 0
f 4117/4117/4117 4118/4118/4118 4119/4119/4119
# material_color 0.431373 0.352941 0.639216 1.0
# s3d_label 0
f 4120/4120/4120 4121/4121/4121 4122/4122/4122
# material_color 0.431373 0.352941 0.639216 1.0
# s3d_label 0
f 4123/4123/4123 4124/4124/4124 4125/4125/4125
# material_color 0.431373 0.352941 0.639216 1.0
# s3d_label 0
f 4126/4126/4126 4127/4127/4127 4128/4128/4128
# material_color 0.431373 0.352941 0.639216 1.0
# s3d_label 0
f 4129/4129/4129 4130/4130/4130 4131/4131/4131
# material_color 0.431373 0.352941 0.639216 1.0
# s3d_label 0
f 4132/4132/4132 4133/4133/4133 4134/4134/4134
# material_color 0.431373 0.352941 0.639216 1.0
# s3d_label 0
f 4135/4135/4135 4136/4136/4136 4137/4137/4137
# material_color 0.431373 0.352941 0.639216 1.0
# s3d_label 0
f 4138/4138/4138 4139/4139/4139 4140/4140/4140
# material_color 0.431373 0.352941 0.639216 1.0
# s3d_label 0
f 4141/4141/4141 4142/4142/4142 4143/4143/4143
# material_color 0.431373 0.352941 0.639216 1.0
# s3d_label 0
f 4144/4144/4144 4145/4145/4145 4146/4146/4146
# material_color 0.431373 0.352941 0.639216 1.0
# s3d_label 0
f 4147/4147/4147 4148/4148/4148 4149/4149/4149
# material_color 0.431373 0.352941 0.639216 1.0
# s3d_label 0
f 4150/4150/4150 4151/4151/4151 4152/4152/4152
# material_color 0.431373 0.352941 0.639216 1.0
# s3d_label 0
f 4153/4153/4153 4154/4154/4154 4155/4155/4155
# material_color 0.431373 0.352941 0.639216 1.0
# s3d_label 0
f 4156/4156/4156 4157/4157/4157 4158/4158/4158
# material_color 0.431373 0.352941 0.639216 1.0
# s3d_label 0
f 4159/4159/4159 4160/4160/4160 4161/4161/4161
# material_color 0.431373 0.352941 0.639216 1.0
# s3d_label 0
f 4162/4162/4162 4163/4163/4163 4164/4164/4164
# material_color 0.431373 0.352941 0.639216 1.0
# s3d_label 0
f 4165/4165/4165 4166/4166/4166 4167/4167/4167
# material_color 0.431373 0.352941 0.639216 1.0
# s3d_label 0
f 4168/4168/4168 4169/4169/4169 4170/4170/4170
# material_color 0.431373 0.352941 0.639216 1.0
# s3d_label 0
f 4171/4171/4171 4172/4172/4172 4173/4173/4173
# material_color 0.431373 0.352941 0.639216 1.0
# s3d_label 0
f 4174/4174/4174 4175/4175/4175 4176/4176/4176
# material_color 0.431373 0.352941 0.639216 1.0
# s3d_label 0
f 4177/4177/4177 4178/4178/4178 4179/4179/4179
# material_color 0.431373 0.352941 0.639216 1.0
# s3d_label 0
f 4180/4180/4180 4181/4181/4181 4182/4182/4182
# material_color 0.431373 0.352941 0.639216 1.0
# s3d_label 0
f 4183/4183/4183 4184/4184/4184 4185/4185/4185
# material_color 0.431373 0.352941 0.639216 1.0
# s3d_label 0
f 4186/4186/4186 4187/4187/4187 4188/4188/4188
# material_color 0.431373 0.352941 0.639216 1.0
# s3d_label 0
f 4189/4189/4189 4190/4190/4190 4191/4191/4191
# material_color 0.431373 0.352941 0.639216 1.0
# s3d_label 0
f 4192/4192/4192 4193/4193/4193 4194/4194/4194
# material_color 0.431373 0.352941 0.639216 1.0
# s3d_label 0
f 4195/4195/4195 4196/4196/4196 4197/4197/4197
# material_color 0.431373 0.352941 0.639216 1.0
# s3d_label 0
f 4198/4198/4198 4199/4199/4199 4200/4200/4200
# material_color 0.431373 0.352941 0.639216 1.0
# s3d_label 0
f 4201/4201/4201 4202/4202/4202 4203/4203/4203
# material_color 0.431373 0.352941 0.639216 1.0
# s3d_label 0
f 4204/4204/4204 4205/4205/4205 4206/4206/4206
# material_color 0.431373 0.352941 0.639216 1.0
# s3d_label 0
f 4207/4207/4207 4208/4208/4208 4209/4209/4209
# material_color 0.431373 0.352941 0.639216 1.0
# s3d_label 0
f 4210/4210/4210 4211/4211/4211 4212/4212/4212
# material_color 0.431373 0.352941 0.639216 1.0
# s3d_label 0
f 4213/4213/4213 4214/4214/4214 4215/4215/4215
# material_color 0.431373 0.352941 0.639216 1.0
# s3d_label 0
f 4216/4216/4216 4217/4217/4217 4218/4218/4218
# material_color 0.431373 0.352941 0.639216 1.0
# s3d_label 0
f 4219/4219/4219 4220/4220/4220 4221/4221/4221
# material_color 0.431373 0.352941 0.639216 1.0
# s3d_label 0
f 4222/4222/4222 4223/4223/4223 4224/4224/4224
# material_color 0.431373 0.352941 0.639216 1.0
# s3d_label 0
f 4225/4225/4225 4226/4226/4226 4227/4227/4227
# material_color 0.431373 0.352941 0.639216 1.0
# s3d_label 0
f 4228/4228/4228 4229/4229/4229 4230/4230/4230
# material_color 0.431373 0.352941 0.639216 1.0
# s3d_label 0
f 4231/4231/4231 4232/4232/4232 4233/4233/4233
# material_color 0.431373 0.352941 0.639216 1.0
# s3d_label 0
f 4234/4234/4234 4235/4235/4235 4236/4236/4236
# material_color 0.431373 0.352941 0.639216 1.0
# s3d_label 0
f 4237/4237/4237 4238/4238/4238 4239/4239/4239
# material_color 0.431373 0.352941 0.639216 1.0
# s3d_label 0
f 4240/4240/4240 4241/4241/4241 4242/4242/4242
# material_color 0.431373 0.352941 0.639216 1.0
# s3d_label 0
f 4243/4243/4243 4244/4244/4244 4245/4245/4245
# material_color 0.431373 0.352941 0.639216 1.0
# s3d_label 0
f 4246/4246/4246 4247/4247/4247 4248/4248/4248
# material_color 0.431373 0.352941 0.639216 1.0
# s3d_label 0
f 4249/4249/4249 4250/4250/4250 4251/4251/4251
# material_color 0.431373 0.352941 0.639216 1.0
# s3d_label 0
f 4252/4252/4252 4253/4253/4253 4254/4254/4254
# material_color 0.431373 0.352941 0.639216 1.0
# s3d_label 0
f 4255/4255/4255 4256/4256/4256 4257/4257/4257
# material_color 0.431373 0.352941 0.639216 1.0
# s3d_label 0
f 4258/4258/4258 4259/4259/4259 4260/4260/4260
# material_color 0.431373 0.352941 0.639216 1.0
# s3d_label 0
f 4261/4261/4261 4262/4262/4262 4263/4263/4263
# material_color 0.431373 0.352941 0.639216 1.0
# s3d_label 0
f 4264/4264/4264 4265/4265/4265 4266/4266/4266
# material_color 0.431373 0.352941 0.639216 1.0
# s3d_label 0
f 4267/4267/4267 4268/4268/4268 4269/4269/4269
# material_color 0.431373 0.352941 0.639216 1.0
# s3d_label 0
f 4270/4270/4270 4271/4271/4271 4272/4272/4272
# material_color 0.431373 0.352941 0.639216 1.0
# s3d_label 0
f 4273/4273/4273 4274/4274/4274 4275/4275/4275
# material_color 0.431373 0.352941 0.639216 1.0
# s3d_label 0
f 4276/4276/4276 4277/4277/4277 4278/4278/4278
# material_color 0.431373 0.352941 0.639216 1.0
# s3d_label 0
f 4279/4279/4279 4280/4280/4280 4281/4281/4281
# material_color 0.431373 0.352941 0.639216 1.0
# s3d_label 0
f 4282/4282/4282 4283/4283/4283 4284/4284/4284
# material_color 0.431373 0.352941 0.639216 1.0
# s3d_label 0
f 4285/4285/4285 4286/4286/4286 4287/4287/4287
# material_color 0.431373 0.352941 0.639216 1.0
# s3d_label 0
f 4288/4288/4288 4289/4289/4289 4290/4290/4290
# material_color 0.431373 0.352941 0.639216 1.0
# s3d_label 0
f 4291/4291/4291 4292/4292/4292 4293/4293/4293
# material_color 0.431373 0.352941 0.639216 1.0
# s3d_label 0
f 4294/4294/4294 4295/4295/4295 4296/4296/4296
# material_color 0.431373 0.352941 0.639216 1.0
# s3d_label 0
f 4297/4297/4297 4298/4298/4298 4299/4299/4299
# material_color 0.431373 0.352941 0.639216 1.0
# s3d_label 0
f 4300/4300/4300 4301/4301/4301 4302/4302/4302
# material_color 0.431373 0.352941 0.639216 1.0
# s3d_label 0
f 4303/4303/4303 4304/4304/4304 4305/4305/4305
# material_color 0.431373 0.352941 0.639216 1.0
# s3d_label 0
f 4306/4306/4306 4307/4307/4307 4308/4308/4308
# material_color 0.431373 0.352941 0.639216 1.0
# s3d_label 0
f 4309/4309/4309 4310/4310/4310 4311/4311/4311
# material_color 0.431373 0.352941 0.639216 1.0
# s3d_label 0
f 4312/4312/4312 4313/4313/4313 4314/4314/4314
# material_color 0.431373 0.352941 0.639216 1.0
# s3d_label 0
f 4315/4315/4315 4316/4316/4316 4317/4317/4317
# material_color 0.431373 0.352941 0.639216 1.0
# s3d_label 0
f 4318/4318/4318 4319/4319/4319 4320/4320/4320
# material_color 0.431373 0.352941 0.639216 1.0
# s3d_label 0
f 4321/4321/4321 4322/4322/4322 4323/4323/4323
# material_color 0.431373 0.352941 0.639216 1.0
# s3d_label 0
f 4324/4324/4324 4325/4325/4325 4326/4326/4326
# material_color 0.431373 0.352941 0.639216 1.0
# s3d_label 0
f 4327/4327/4327 4328/4328/4328 4329/4329/4329
# material_color 0.431373 0.352941 0.639216 1.0
# s3d_label 0
f 4330/4330/4330 4331/4331/4331 4332/4332/4332
# material_color 0.431373 0.352941 0.639216 1.0
# s3d_label 0
f 4333/4333/4333 4334/4334/4334 4335/4335/4335
# material_color 0.431373 0.352941 0.639216 1.0
# s3d_label 0
f 4336/4336/4336 4337/4337/4337 4338/4338/4338
# material_color 0.431373 0.352941 0.639216 1.0
# s3d_label 0
f 4339/4339/4339 4340/4340/4340 4341/4341/4341
# material_color 0.431373 0.352941 0.639216 1.0
# s3d_label 0
f 4342/4342/4342 4343/4343/4343 4344/4344/4344
# material_color 0.431373 0.352941 0.639216 1.0
# s3d_label 0
f 4345/4345/4345 4346/4346/4346 4347/4347/4347
# material_color 0.431373 0.352941 0.639216 1.0
# s3d_label 0
f 4348/4348/4348 4349/4349/4349 4350/4350/4350
# material_color 0.431373 0.352941 0.639216 1.0
# s3d_label 0
f 4351/4351/4351 4352/4352/4352 4353/4353/4353
# material_color 0.431373 0.352941 0.639216 1.0
# s3d_label 0
f 4354/4354/4354 4355/4355/4355 4356/4356/4356
# material_color 0.431373 0.352941 0.639216 1.0
# s3d_label 0
f 4357/4357/4357 4358/4358/4358 4359/4359/4359
# material_color 0.431373 0.352941 0.639216 1.0
# s3d_label 0
f 4360/4360/4360 4361/4361/4361 4362/4362/4362
# material_color 0.431373 0.352941 0.639216 1.0
# s3d_label 0
f 4363/4363/4363 4364/4364/4364 4365/4365/4365
# material_color 0.431373 0.352941 0.639216 1.0
# s3d_label 0
f 4366/4366/4366 4367/4367/4367 4368/4368/4368
# material_color 0.431373 0.352941 0.639216 1.0
# s3d_label 0
f 4369/4369/4369 4370/4370/4370 4371/4371/4371
# material_color 0.431373 0.352941 0.639216 1.0
# s3d_label 0
f 4372/4372/4372 4373/4373/4373 4374/4374/4374
# material_color 0.431373 0.352941 0.639216 1.0
# s3d_label 0
f 4375/4375/4375 4376/4376/4376 4377/4377/4377
# material_color 0.431373 0.352941 0.639216 1.0
# s3d_label 0
f 4378/4378/4378 4379/4379/4379 4380/4380/4380
# material_color 0.431373 0.352941 0.639216 1.0
# s3d_label 0
f 4381/4381/4381 4382/4382/4382 4383/4383/4383
# material_color 0.431373 0.352941 0.639216 1.0
# s3d_label 0
f 4384/4384/4384 4385/4385/4385 4386/4386/4386
# material_color 0.431373 0.352941 0.639216 1.0
# s3d_label 0
f 4387/4387/4387 4388/4388/4388 4389/4389/4389
# material_color 0.431373 0.352941 0.639216 1.0
# s3d_label 0
f 4390/4390/4390 4391/4391/4391 4392/4392/4392
# material_color 0.431373 0.352941 0.639216 1.0
# s3d_label 0
f 4393/4393/4393 4394/4394/4394 4395/4395/4395
# material_color 0.431373 0.352941 0.639216 1.0
# s3d_label 0
f 4396/4396/4396 4397/4397/4397 4398/4398/4398
# material_color 0.431373 0.352941 0.639216 1.0
# s3d_label 0
f 4399/4399/4399 4400/4400/4400 4401/4401/4401
# material_color 0.431373 0.352941 0.639216 1.0
# s3d_label 0
f 4402/4402/4402 4403/4403/4403 4404/4404/4404
# material_color 0.431373 0.352941 0.639216 1.0
# s3d_label 0
f 4405/4405/4405 4406/4406/4406 4407/4407/4407
# material_color 0.431373 0.352941 0.639216 1.0
# s3d_label 0
f 4408/4408/4408 4409/4409/4409 4410/4410/4410
# material_color 0.431373 0.352941 0.639216 1.0
# s3d_label 0
f 4411/4411/4411 4412/4412/4412 4413/4413/4413
# material_color 0.431373 0.352941 0.639216 1.0
# s3d_label 0
f 4414/4414/4414 4415/4415/4415 4416/4416/4416
# material_color 0.431373 0.352941 0.639216 1.0
# s3d_label 0
f 4417/4417/4417 4418/4418/4418 4419/4419/4419
# material_color 0.431373 0.352941 0.639216 1.0
# s3d_label 0
f 4420/4420/4420 4421/4421/4421 4422/4422/4422
# material_color 0.431373 0.352941 0.639216 1.0
# s3d_label 0
f 4423/4423/4423 4424/4424/4424 4425/4425/4425
# material_color 0.431373 0.352941 0.639216 1.0
# s3d_label 0
f 4426/4426/4426 4427/4427/4427 4428/4428/4428
# material_color 0.431373 0.352941 0.639216 1.0
# s3d_label 0
f 4429/4429/4429 4430/4430/4430 4431/4431/4431
# material_color 0.431373 0.352941 0.639216 1.0
# s3d_label 0
f 4432/4432/4432 4433/4433/4433 4434/4434/4434
# material_color 0.431373 0.352941 0.639216 1.0
# s3d_label 0
f 4435/4435/4435 4436/4436/4436 4437/4437/4437
# material_color 0.431373 0.352941 0.639216 1.0
# s3d_label 0
f 4438/4438/4438 4439/4439/4439 4440/4440/4440
# material_color 0.431373 0.352941 0.639216 1.0
# s3d_label 0
f 4441/4441/4441 4442/4442/4442 4443/4443/4443
# material_color 0.431373 0.352941 0.639216 1.0
# s3d_label 0
f 4444/4444/4444 4445/4445/4445 4446/4446/4446
# material_color 0.431373 0.352941 0.639216 1.0
# s3d_label 0
f 4447/4447/4447 4448/4448/4448 4449/4449/4449
# material_color 0.431373 0.352941 0.639216 1.0
# s3d_label 0
f 4450/4450/4450 4451/4451/4451 4452/4452/4452
# material_color 0.431373 0.352941 0.639216 1.0
# s3d_label 0
f 4453/4453/4453 4454/4454/4454 4455/4455/4455
# material_color 0.431373 0.352941 0.639216 1.0
# s3d_label 0
f 4456/4456/4456 4457/4457/4457 4458/4458/4458
# material_color 0.431373 0.352941 0.639216 1.0
# s3d_label 0
f 4459/4459/4459 4460/4460/4460 4461/4461/4461
# material_color 0.431373 0.352941 0.639216 1.0
# s3d_label 0
f 4462/4462/4462 4463/4463/4463 4464/4464/4464
# material_color 0.431373 0.352941 0.639216 1.0
# s3d_label 0
f 4465/4465/4465 4466/4466/4466 4467/4467/4467
# material_color 0.431373 0.352941 0.639216 1.0
# s3d_label 0
f 4468/4468/4468 4469/4469/4469 4470/4470/4470
# material_color 0.431373 0.352941 0.639216 1.0
# s3d_label 0
f 4471/4471/4471 4472/4472/4472 4473/4473/4473
# material_color 0.431373 0.352941 0.639216 1.0
# s3d_label 0
f 4474/4474/4474 4475/4475/4475 4476/4476/4476
# material_color 0.431373 0.352941 0.639216 1.0
# s3d_label 0
f 4477/4477/4477 4478/4478/4478 4479/4479/4479
# material_color 0.431373 0.352941 0.639216 1.0
# s3d_label 0
f 4480/4480/4480 4481/4481/4481 4482/4482/4482
# material_color 0.431373 0.352941 0.639216 1.0
# s3d_label 0
f 4483/4483/4483 4484/4484/4484 4485/4485/4485
# material_color 0.431373 0.352941 0.639216 1.0
# s3d_label 0
f 4486/4486/4486 4487/4487/4487 4488/4488/4488
# material_color 0.431373 0.352941 0.639216 1.0
# s3d_label 0
f 4489/4489/4489 4490/4490/4490 4491/4491/4491
# material_color 0.431373 0.352941 0.639216 1.0
# s3d_label 0
f 4492/4492/4492 4493/4493/4493 4494/4494/4494
# material_color 0.431373 0.352941 0.639216 1.0
# s3d_label 0
f 4495/4495/4495 4496/4496/4496 4497/4497/4497
# material_color 0.431373 0.352941 0.639216 1.0
# s3d_label 0
f 4498/4498/4498 4499/4499/4499 4500/4500/4500
# material_color 0.431373 0.352941 0.639216 1.0
# s3d_label 0
f 4501/4501/4501 4502/4502/4502 4503/4503/4503
# material_color 0.431373 0.352941 0.639216 1.0
# s3d_label 0
f 4504/4504/4504 4505/4505/4505 4506/4506/4506
# material_color 0.431373 0.352941 0.639216 1.0
# s3d_label 0
f 4507/4507/4507 4508/4508/4508 4509/4509/4509
# material_color 0.431373 0.352941 0.639216 1.0
# s3d_label 0
f 4510/4510/4510 4511/4511/4511 4512/4512/4512
# material_color 0.431373 0.352941 0.639216 1.0
# s3d_label 0
f 4513/4513/4513 4514/4514/4514 4515/4515/4515
# material_color 0.431373 0.352941 0.639216 1.0
# s3d_label 0
f 4516/4516/4516 4517/4517/4517 4518/4518/4518
# material_color 0.431373 0.352941 0.639216 1.0
# s3d_label 0
f 4519/4519/4519 4520/4520/4520 4521/4521/4521
# material_color 0.431373 0.352941 0.639216 1.0
# s3d_label 0
f 4522/4522/4522 4523/4523/4523 4524/4524/4524
# material_color 0.431373 0.352941 0.639216 1.0
# s3d_label 0
f 4525/4525/4525 4526/4526/4526 4527/4527/4527
# material_color 0.431373 0.352941 0.639216 1.0
# s3d_label 0
f 4528/4528/4528 4529/4529/4529 4530/4530/4530
# material_color 0.431373 0.352941 0.639216 1.0
# s3d_label 0
f 4531/4531/4531 4532/4532/4532 4533/4533/4533
# material_color 0.431373 0.352941 0.639216 1.0
# s3d_label 0
f 4534/4534/4534 4535/4535/4535 4536/4536/4536
# material_color 0.431373 0.352941 0.639216 1.0
# s3d_label 0
f 4537/4537/4537 4538/4538/4538 4539/4539/4539
# material_color 0.431373 0.352941 0.639216 1.0
# s3d_label 0
f 4540/4540/4540 4541/4541/4541 4542/4542/4542
# material_color 0.431373 0.352941 0.639216 1.0
# s3d_label 0
f 4543/4543/4543 4544/4544/4544 4545/4545/4545
# material_color 0.431373 0.352941 0.639216 1.0
# s3d_label 0
f 4546/4546/4546 4547/4547/4547 4548/4548/4548
# material_color 0.431373 0.352941 0.639216 1.0
# s3d_label 0
f 4549/4549/4549 4550/4550/4550 4551/4551/4551
# material_color 0.431373 0.352941 0.639216 1.0
# s3d_label 0
f 4552/4552/4552 4553/4553/4553 4554/4554/4554
# material_color 0.431373 0.352941 0.639216 1.0
# s3d_label 0
f 4555/4555/4555 4556/4556/4556 4557/4557/4557
# material_color 0.431373 0.352941 0.639216 1.0
# s3d_label 0
f 4558/4558/4558 4559/4559/4559 4560/4560/4560
# material_color 0.431373 0.352941 0.639216 1.0
# s3d_label 0
f 4561/4561/4561 4562/4562/4562 4563/4563/4563
# material_color 0.431373 0.352941 0.639216 1.0
# s3d_label 0
f 4564/4564/4564 4565/4565/4565 4566/4566/4566
# material_color 0.431373 0.352941 0.639216 1.0
# s3d_label 0
f 4567/4567/4567 4568/4568/4568 4569/4569/4569
# material_color 0.431373 0.352941 0.639216 1.0
# s3d_label 0
f 4570/4570/4570 4571/4571/4571 4572/4572/4572
# material_color 0.431373 0.352941 0.639216 1.0
# s3d_label 0
f 4573/4573/4573 4574/4574/4574 4575/4575/4575
# material_color 0.431373 0.352941 0.639216 1.0
# s3d_label 0
f 4576/4576/4576 4577/4577/4577 4578/4578/4578
# material_color 0.431373 0.352941 0.639216 1.0
# s3d_label 0
f 4579/4579/4579 4580/4580/4580 4581/4581/4581
# material_color 0.431373 0.352941 0.639216 1.0
# s3d_label 0
f 4582/4582/4582 4583/4583/4583 4584/4584/4584
# material_color 0.431373 0.352941 0.639216 1.0
# s3d_label 0
f 4585/4585/4585 4586/4586/4586 4587/4587/4587
# material_color 0.431373 0.352941 0.639216 1.0
# s3d_label 0
f 4588/4588/4588 4589/4589/4589 4590/4590/4590
# material_color 0.431373 0.352941 0.639216 1.0
# s3d_label 0
f 4591/4591/4591 4592/4592/4592 4593/4593/4593
# material_color 0.431373 0.352941 0.639216 1.0
# s3d_label 0
f 4594/4594/4594 4595/4595/4595 4596/4596/4596
# material_color 0.431373 0.352941 0.639216 1.0
# s3d_label 0
f 4597/4597/4597 4598/4598/4598 4599/4599/4599
# material_color 0.431373 0.352941 0.639216 1.0
# s3d_label 0
f 4600/4600/4600 4601/4601/4601 4602/4602/4602
# material_color 0.431373 0.352941 0.639216 1.0
# s3d_label 0
f 4603/4603/4603 4604/4604/4604 4605/4605/4605
# material_color 0.431373 0.352941 0.639216 1.0
# s3d_label 0
f 4606/4606/4606 4607/4607/4607 4608/4608/4608
# material_color 0.431373 0.352941 0.639216 1.0
# s3d_label 0
f 4609/4609/4609 4610/4610/4610 4611/4611/4611
# material_color 0.431373 0.352941 0.639216 1.0
# s3d_label 0
f 4612/4612/4612 4613/4613/4613 4614/4614/4614
# material_color 0.431373 0.352941 0.639216 1.0
# s3d_label 0
f 4615/4615/4615 4616/4616/4616 4617/4617/4617
# material_color 0.431373 0.352941 0.639216 1.0
# s3d_label 0
f 4618/4618/4618 4619/4619/4619 4620/4620/4620
# material_color 0.431373 0.352941 0.639216 1.0
# s3d_label 0
f 4621/4621/4621 4622/4622/4622 4623/4623/4623
# material_color 0.431373 0.352941 0.639216 1.0
# s3d_label 0
f 4624/4624/4624 4625/4625/4625 4626/4626/4626
# material_color 0.431373 0.352941 0.639216 1.0
# s3d_label 0
f 4627/4627/4627 4628/4628/4628 4629/4629/4629
# material_color 0.431373 0.352941 0.639216 1.0
# s3d_label 0
f 4630/4630/4630 4631/4631/4631 4632/4632/4632
# material_color 0.431373 0.352941 0.639216 1.0
# s3d_label 0
f 4633/4633/4633 4634/4634/4634 4635/4635/4635
# material_color 0.431373 0.352941 0.639216 1.0
# s3d_label 0
f 4636/4636/4636 4637/4637/4637 4638/4638/4638
# material_color 0.431373 0.352941 0.639216 1.0
# s3d_label 0
f 4639/4639/4639 4640/4640/4640 4641/4641/4641
# material_color 0.431373 0.352941 0.639216 1.0
# s3d_label 0
f 4642/4642/4642 4643/4643/4643 4644/4644/4644
# material_color 0.431373 0.352941 0.639216 1.0
# s3d_label 0
f 4645/4645/4645 4646/4646/4646 4647/4647/4647
# material_color 0.431373 0.352941 0.639216 1.0
# s3d_label 0
f 4648/4648/4648 4649/4649/4649 4650/4650/4650
# material_color 0.431373 0.352941 0.639216 1.0
# s3d_label 0
f 4651/4651/4651 4652/4652/4652 4653/4653/4653
# material_color 0.431373 0.352941 0.639216 1.0
# s3d_label 0
f 4654/4654/4654 4655/4655/4655 4656/4656/4656
# material_color 0.431373 0.352941 0.639216 1.0
# s3d_label 0
f 4657/4657/4657 4658/4658/4658 4659/4659/4659
# material_color 0.431373 0.352941 0.639216 1.0
# s3d_label 0
f 4660/4660/4660 4661/4661/4661 4662/4662/4662
# material_color 0.431373 0.352941 0.639216 1.0
# s3d_label 0
f 4663/4663/4663 4664/4664/4664 4665/4665/4665
# material_color 0.431373 0.352941 0.639216 1.0
# s3d_label 0
f 4666/4666/4666 4667/4667/4667 4668/4668/4668
# material_color 0.431373 0.352941 0.639216 1.0
# s3d_label 0
f 4669/4669/4669 4670/4670/4670 4671/4671/4671
# material_color 0.431373 0.352941 0.639216 1.0
# s3d_label 0
f 4672/4672/4672 4673/4673/4673 4674/4674/4674
# material_color 0.431373 0.352941 0.639216 1.0
# s3d_label 0
f 4675/4675/4675 4676/4676/4676 4677/4677/4677
# material_color 0.431373 0.352941 0.639216 1.0
# s3d_label 0
f 4678/4678/4678 4679/4679/4679 4680/4680/4680
# material_color 0.431373 0.352941 0.639216 1.0
# s3d_label 0
f 4681/4681/4681 4682/4682/4682 4683/4683/4683
# material_color 0.431373 0.352941 0.639216 1.0
# s3d_label 0
f 4684/4684/4684 4685/4685/4685 4686/4686/4686
# material_color 0.431373 0.352941 0.639216 1.0
# s3d_label 0
f 4687/4687/4687 4688/4688/4688 4689/4689/4689
# material_color 0.431373 0.352941 0.639216 1.0
# s3d_label 0
f 4690/4690/4690 4691/4691/4691 4692/4692/4692
# material_color 0.431373 0.352941 0.639216 1.0
# s3d_label 0
f 4693/4693/4693 4694/4694/4694 4695/4695/4695
# material_color 0.431373 0.352941 0.639216 1.0
# s3d_label 0
f 4696/4696/4696 4697/4697/4697 4698/4698/4698
# material_color 0.431373 0.352941 0.639216 1.0
# s3d_label 0
f 4699/4699/4699 4700/4700/4700 4701/4701/4701
# material_color 0.431373 0.352941 0.639216 1.0
# s3d_label 0
f 4702/4702/4702 4703/4703/4703 4704/4704/4704
# material_color 0.431373 0.352941 0.639216 1.0
# s3d_label 0
f 4705/4705/4705 4706/4706/4706 4707/4707/4707
# material_color 0.431373 0.352941 0.639216 1.0
# s3d_label 0
f 4708/4708/4708 4709/4709/4709 4710/4710/4710
# material_color 0.431373 0.352941 0.639216 1.0
# s3d_label 0
f 4711/4711/4711 4712/4712/4712 4713/4713/4713
# material_color 0.431373 0.352941 0.639216 1.0
# s3d_label 0
f 4714/4714/4714 4715/4715/4715 4716/4716/4716
# material_color 0.431373 0.352941 0.639216 1.0
# s3d_label 0
f 4717/4717/4717 4718/4718/4718 4719/4719/4719
# material_color 0.431373 0.352941 0.639216 1.0
# s3d_label 0
f 4720/4720/4720 4721/4721/4721 4722/4722/4722
# material_color 0.431373 0.352941 0.639216 1.0
# s3d_label 0
f 4723/4723/4723 4724/4724/4724 4725/4725/4725
# material_color 0.431373 0.352941 0.639216 1.0
# s3d_label 0
f 4726/4726/4726 4727/4727/4727 4728/4728/4728
# material_color 0.431373 0.352941 0.639216 1.0
# s3d_label 0
f 4729/4729/4729 4730/4730/4730 4731/4731/4731
# material_color 0.431373 0.352941 0.639216 1.0
# s3d_label 0
f 4732/4732/4732 4733/4733/4733 4734/4734/4734
# material_color 0.431373 0.352941 0.639216 1.0
# s3d_label 0
f 4735/4735/4735 4736/4736/4736 4737/4737/4737
# material_color 0.431373 0.352941 0.639216 1.0
# s3d_label 0
f 4738/4738/4738 4739/4739/4739 4740/4740/4740
# material_color 0.431373 0.352941 0.639216 1.0
# s3d_label 0
f 4741/4741/4741 4742/4742/4742 4743/4743/4743
# material_color 0.431373 0.352941 0.639216 1.0
# s3d_label 0
f 4744/4744/4744 4745/4745/4745 4746/4746/4746
# material_color 0.431373 0.352941 0.639216 1.0
# s3d_label 0
f 4747/4747/4747 4748/4748/4748 4749/4749/4749
# material_color 0.431373 0.352941 0.639216 1.0
# s3d_label 0
f 4750/4750/4750 4751/4751/4751 4752/4752/4752
# material_color 0.431373 0.352941 0.639216 1.0
# s3d_label 0
f 4753/4753/4753 4754/4754/4754 4755/4755/4755
# material_color 0.431373 0.352941 0.639216 1.0
# s3d_label 0
f 4756/4756/4756 4757/4757/4757 4758/4758/4758
# material_color 0.431373 0.352941 0.639216 1.0
# s3d_label 0
f 4759/4759/4759 4760/4760/4760 4761/4761/4761
# material_color 0.431373 0.352941 0.639216 1.0
# s3d_label 0
f 4762/4762/4762 4763/4763/4763 4764/4764/4764
# material_color 0.431373 0.352941 0.639216 1.0
# s3d_label 0
f 4765/4765/4765 4766/4766/4766 4767/4767/4767
# material_color 0.431373 0.352941 0.639216 1.0
# s3d_label 0
f 4768/4768/4768 4769/4769/4769 4770/4770/4770
# material_color 0.431373 0.352941 0.639216 1.0
# s3d_label 0
f 4771/4771/4771 4772/4772/4772 4773/4773/4773
# material_color 0.431373 0.352941 0.639216 1.0
# s3d_label 0
f 4774/4774/4774 4775/4775/4775 4776/4776/4776
# material_color 0.431373 0.352941 0.639216 1.0
# s3d_label 0
f 4777/4777/4777 4778/4778/4778 4779/4779/4779
# material_color 0.431373 0.352941 0.639216 1.0
# s3d_label 0
f 4780/4780/4780 4781/4781/4781 4782/4782/4782
# material_color 0.431373 0.352941 0.639216 1.0
# s3d_label 0
f 4783/4783/4783 4784/4784/4784 4785/4785/4785
# material_color 0.431373 0.352941 0.639216 1.0
# s3d_label 0
f 4786/4786/4786 4787/4787/4787 4788/4788/4788
# material_color 0.431373 0.352941 0.639216 1.0
# s3d_label 0
f 4789/4789/4789 4790/4790/4790 4791/4791/4791
# material_color 0.431373 0.352941 0.639216 1.0
# s3d_label 0
f 4792/4792/4792 4793/4793/4793 4794/4794/4794
# material_color 0.431373 0.352941 0.639216 1.0
# s3d_label 0
f 4795/4795/4795 4796/4796/4796 4797/4797/4797
# material_color 0.431373 0.352941 0.639216 1.0
# s3d_label 0
f 4798/4798/4798 4799/4799/4799 4800/4800/4800
# material_color 0.431373 0.352941 0.639216 1.0
# s3d_label 0
f 4801/4801/4801 4802/4802/4802 4803/4803/4803
# material_color 0.431373 0.352941 0.639216 1.0
# s3d_label 0
f 4804/4804/4804 4805/4805/4805 4806/4806/4806
# material_color 0.431373 0.352941 0.639216 1.0
# s3d_label 0
f 4807/4807/4807 4808/4808/4808 4809/4809/4809
# material_color 0.431373 0.352941 0.639216 1.0
# s3d_label 0
f 4810/4810/4810 4811/4811/4811 4812/4812/4812
# material_color 0.431373 0.352941 0.639216 1.0
# s3d_label 0
f 4813/4813/4813 4814/4814/4814 4815/4815/4815
# material_color 0.431373 0.352941 0.639216 1.0
# s3d_label 0
f 4816/4816/4816 4817/4817/4817 4818/4818/4818
# material_color 0.431373 0.352941 0.639216 1.0
# s3d_label 0
f 4819/4819/4819 4820/4820/4820 4821/4821/4821
# material_color 0.431373 0.352941 0.639216 1.0
# s3d_label 0
f 4822/4822/4822 4823/4823/4823 4824/4824/4824
# material_color 0.431373 0.352941 0.639216 1.0
# s3d_label 0
f 4825/4825/4825 4826/4826/4826 4827/4827/4827
# material_color 0.431373 0.352941 0.639216 1.0
# s3d_label 0
f 4828/4828/4828 4829/4829/4829 4830/4830/4830
# material_color 0.431373 0.352941 0.639216 1.0
# s3d_label 0
f 4831/4831/4831 4832/4832/4832 4833/4833/4833
# material_color 0.431373 0.352941 0.639216 1.0
# s3d_label 0
f 4834/4834/4834 4835/4835/4835 4836/4836/4836
# material_color 0.431373 0.352941 0.639216 1.0
# s3d_label 0
f 4837/4837/4837 4838/4838/4838 4839/4839/4839
# material_color 0.431373 0.352941 0.639216 1.0
# s3d_label 0
f 4840/4840/4840 4841/4841/4841 4842/4842/4842
# material_color 0.431373 0.352941 0.639216 1.0
# s3d_label 0
f 4843/4843/4843 4844/4844/4844 4845/4845/4845
# material_color 0.431373 0.352941 0.639216 1.0
# s3d_label 0
f 4846/4846/4846 4847/4847/4847 4848/4848/4848
# material_color 0.431373 0.352941 0.639216 1.0
# s3d_label 0
f 4849/4849/4849 4850/4850/4850 4851/4851/4851
# material_color 0.431373 0.352941 0.639216 1.0
# s3d_label 0
f 4852/4852/4852 4853/4853/4853 4854/4854/4854
# material_color 0.431373 0.352941 0.639216 1.0
# s3d_label 0
f 4855/4855/4855 4856/4856/4856 4857/4857/4857
# material_color 0.431373 0.352941 0.639216 1.0
# s3d_label 0
f 4858/4858/4858 4859/4859/4859 4860/4860/4860
# material_color 0.431373 0.352941 0.639216 1.0
# s3d_label 0
f 4861/4861/4861 4862/4862/4862 4863/4863/4863
# material_color 0.431373 0.352941 0.639216 1.0
# s3d_label 0
f 4864/4864/4864 4865/4865/4865 4866/4866/4866
# material_color 0.431373 0.352941 0.639216 1.0
# s3d_label 0
f 4867/4867/4867 4868/4868/4868 4869/4869/4869
# material_color 0.431373 0.352941 0.639216 1.0
# s3d_label 0
f 4870/4870/4870 4871/4871/4871 4872/4872/4872
# material_color 0.431373 0.352941 0.639216 1.0
# s3d_label 0
f 4873/4873/4873 4874/4874/4874 4875/4875/4875
# material_color 0.431373 0.352941 0.639216 1.0
# s3d_label 0
f 4876/4876/4876 4877/4877/4877 4878/4878/4878
# material_color 0.431373 0.352941 0.639216 1.0
# s3d_label 0
f 4879/4879/4879 4880/4880/4880 4881/4881/4881
# material_color 0.431373 0.352941 0.639216 1.0
# s3d_label 0
f 4882/4882/4882 4883/4883/4883 4884/4884/4884
# material_color 0.431373 0.352941 0.639216 1.0
# s3d_label 0
f 4885/4885/4885 4886/4886/4886 4887/4887/4887
# material_color 0.431373 0.352941 0.639216 1.0
# s3d_label 0
f 4888/4888/4888 4889/4889/4889 4890/4890/4890
# material_color 0.431373 0.352941 0.639216 1.0
# s3d_label 0
f 4891/4891/4891 4892/4892/4892 4893/4893/4893
# material_color 0.431373 0.352941 0.639216 1.0
# s3d_label 0
f 4894/4894/4894 4895/4895/4895 4896/4896/4896
# material_color 0.431373 0.352941 0.639216 1.0
# s3d_label 0
f 4897/4897/4897 4898/4898/4898 4899/4899/4899
# material_color 0.431373 0.352941 0.639216 1.0
# s3d_label 0
f 4900/4900/4900 4901/4901/4901 4902/4902/4902
# material_color 0.431373 0.352941 0.639216 1.0
# s3d_label 0
f 4903/4903/4903 4904/4904/4904 4905/4905/4905
# material_color 0.431373 0.352941 0.639216 1.0
# s3d_label 0
f 4906/4906/4906 4907/4907/4907 4908/4908/4908
# material_color 0.431373 0.352941 0.639216 1.0
# s3d_label 0
f 4909/4909/4909 4910/4910/4910 4911/4911/4911
# material_color 0.431373 0.352941 0.639216 1.0
# s3d_label 0
f 4912/4912/4912 4913/4913/4913 4914/4914/4914
# material_color 0.431373 0.352941 0.639216 1.0
# s3d_label 0
f 4915/4915/4915 4916/4916/4916 4917/4917/4917
# material_color 0.431373 0.352941 0.639216 1.0
# s3d_label 0
f 4918/4918/4918 4919/4919/4919 4920/4920/4920
# material_color 0.431373 0.352941 0.639216 1.0
# s3d_label 0
f 4921/4921/4921 4922/4922/4922 4923/4923/4923
# material_color 0.431373 0.352941 0.639216 1.0
# s3d_label 0
f 4924/4924/4924 4925/4925/4925 4926/4926/4926
# material_color 0.431373 0.352941 0.639216 1.0
# s3d_label 0
f 4927/4927/4927 4928/4928/4928 4929/4929/4929
# material_color 0.431373 0.352941 0.639216 1.0
# s3d_label 0
f 4930/4930/4930 4931/4931/4931 4932/4932/4932
# material_color 0.431373 0.352941 0.639216 1.0
# s3d_label 0
f 4933/4933/4933 4934/4934/4934 4935/4935/4935
# material_color 0.431373 0.352941 0.639216 1.0
# s3d_label 0
f 4936/4936/4936 4937/4937/4937 4938/4938/4938
# material_color 0.431373 0.352941 0.639216 1.0
# s3d_label 0
f 4939/4939/4939 4940/4940/4940 4941/4941/4941
# material_color 0.431373 0.352941 0.639216 1.0
# s3d_label 0
f 4942/4942/4942 4943/4943/4943 4944/4944/4944
# material_color 0.431373 0.352941 0.639216 1.0
# s3d_label 0
f 4945/4945/4945 4946/4946/4946 4947/4947/4947
# material_color 0.431373 0.352941 0.639216 1.0
# s3d_label 0
f 4948/4948/4948 4949/4949/4949 4950/4950/4950
# material_color 0.431373 0.352941 0.639216 1.0
# s3d_label 0
f 4951/4951/4951 4952/4952/4952 4953/4953/4953
# material_color 0.431373 0.352941 0.639216 1.0
# s3d_label 0
f 4954/4954/4954 4955/4955/4955 4956/4956/4956
# material_color 0.431373 0.352941 0.639216 1.0
# s3d_label 0
f 4957/4957/4957 4958/4958/4958 4959/4959/4959
# material_color 0.431373 0.352941 0.639216 1.0
# s3d_label 0
f 4960/4960/4960 4961/4961/4961 4962/4962/4962
# material_color 0.431373 0.352941 0.639216 1.0
# s3d_label 0
f 4963/4963/4963 4964/4964/4964 4965/4965/4965
# material_color 0.431373 0.352941 0.639216 1.0
# s3d_label 0
f 4966/4966/4966 4967/4967/4967 4968/4968/4968
# material_color 0.431373 0.352941 0.639216 1.0
# s3d_label 0
f 4969/4969/4969 4970/4970/4970 4971/4971/4971
# material_color 0.431373 0.352941 0.639216 1.0
# s3d_label 0
f 4972/4972/4972 4973/4973/4973 4974/4974/4974
# material_color 0.431373 0.352941 0.639216 1.0
# s3d_label 0
f 4975/4975/4975 4976/4976/4976 4977/4977/4977
# material_color 0.431373 0.352941 0.639216 1.0
# s3d_label 0
f 4978/4978/4978 4979/4979/4979 4980/4980/4980
# material_color 0.431373 0.352941 0.639216 1.0
# s3d_label 0
f 4981/4981/4981 4982/4982/4982 4983/4983/4983
# material_color 0.431373 0.352941 0.639216 1.0
# s3d_label 0
f 4984/4984/4984 4985/4985/4985 4986/4986/4986
# material_color 0.431373 0.352941 0.639216 1.0
# s3d_label 0
f 4987/4987/4987 4988/4988/4988 4989/4989/4989
# material_color 0.431373 0.352941 0.639216 1.0
# s3d_label 0
f 4990/4990/4990 4991/4991/4991 4992/4992/4992
# material_color 0.431373 0.352941 0.639216 1.0
# s3d_label 0
f 4993/4993/4993 4994/4994/4994 4995/4995/4995
# material_color 0.431373 0.352941 0.639216 1.0
# s3d_label 0
f 4996/4996/4996 4997/4997/4997 4998/4998/4998
# material_color 0.431373 0.352941 0.639216 1.0
# s3d_label 0
f 4999/4999/4999 5000/5000/5000 5001/5001/5001
# material_color 0.431373 0.352941 0.639216 1.0
# s3d_label 0
f 5002/5002/5002 5003/5003/5003 5004/5004/5004
# material_color 0.431373 0.352941 0.639216 1.0
# s3d_label 0
f 5005/5005/5005 5006/5006/5006 5007/5007/5007
# material_color 0.431373 0.352941 0.639216 1.0
# s3d_label 0
f 5008/5008/5008 5009/5009/5009 5010/5010/5010
# material_color 0.431373 0.352941 0.639216 1.0
# s3d_label 0
f 5011/5011/5011 5012/5012/5012 5013/5013/5013
# material_color 0.431373 0.352941 0.639216 1.0
# s3d_label 0
f 5014/5014/5014 5015/5015/5015 5016/5016/5016
# material_color 0.431373 0.352941 0.639216 1.0
# s3d_label 0
f 5017/5017/5017 5018/5018/5018 5019/5019/5019
# material_color 0.431373 0.352941 0.639216 1.0
# s3d_label 0
f 5020/5020/5020 5021/5021/5021 5022/5022/5022
# material_color 0.431373 0.352941 0.639216 1.0
# s3d_label 0
f 5023/5023/5023 5024/5024/5024 5025/5025/5025
# material_color 0.431373 0.352941 0.639216 1.0
# s3d_label 0
f 5026/5026/5026 5027/5027/5027 5028/5028/5028
# material_color 0.431373 0.352941 0.639216 1.0
# s3d_label 0
f 5029/5029/5029 5030/5030/5030 5031/5031/5031
# material_color 0.431373 0.352941 0.639216 1.0
# s3d_label 0
f 5032/5032/5032 5033/5033/5033 5034/5034/5034
# material_color 0.431373 0.352941 0.639216 1.0
# s3d_label 0
f 5035/5035/5035 5036/5036/5036 5037/5037/5037
# material_color 0.431373 0.352941 0.639216 1.0
# s3d_label 0
f 5038/5038/5038 5039/5039/5039 5040/5040/5040
# material_color 0.431373 0.352941 0.639216 1.0
# s3d_label 0
f 5041/5041/5041 5042/5042/5042 5043/5043/5043
# material_color 0.431373 0.352941 0.639216 1.0
# s3d_label 0
f 5044/5044/5044 5045/5045/5045 5046/5046/5046
# material_color 0.431373 0.352941 0.639216 1.0
# s3d_label 0
f 5047/5047/5047 5048/5048/5048 5049/5049/5049
# material_color 0.431373 0.352941 0.639216 1.0
# s3d_label 0
f 5050/5050/5050 5051/5051/5051 5052/5052/5052
# material_color 0.431373 0.352941 0.639216 1.0
# s3d_label 0
f 5053/5053/5053 5054/5054/5054 5055/5055/5055
# material_color 0.431373 0.352941 0.639216 1.0
# s3d_label 0
f 5056/5056/5056 5057/5057/5057 5058/5058/5058
# material_color 0.431373 0.352941 0.639216 1.0
# s3d_label 0
f 5059/5059/5059 5060/5060/5060 5061/5061/5061
# material_color 0.431373 0.352941 0.639216 1.0
# s3d_label 0
f 5062/5062/5062 5063/5063/5063 5064/5064/5064
# material_color 0.431373 0.352941 0.639216 1.0
# s3d_label 0
f 5065/5065/5065 5066/5066/5066 5067/5067/5067
# material_color 0.431373 0.352941 0.639216 1.0
# s3d_label 0
f 5068/5068/5068 5069/5069/5069 5070/5070/5070
# material_color 0.431373 0.352941 0.639216 1.0
# s3d_label 0
f 5071/5071/5071 5072/5072/5072 5073/5073/5073
# material_color 0.431373 0.352941 0.639216 1.0
# s3d_label 0
f 5074/5074/5074 5075/5075/5075 5076/5076/5076
# material_color 0.431373 0.352941 0.639216 1.0
# s3d_label 0
f 5077/5077/5077 5078/5078/5078 5079/5079/5079
# material_color 0.431373 0.352941 0.639216 1.0
# s3d_label 0
f 5080/5080/5080 5081/5081/5081 5082/5082/5082
# material_color 0.431373 0.352941 0.639216 1.0
# s3d_label 0
f 5083/5083/5083 5084/5084/5084 5085/5085/5085
# material_color 0.431373 0.352941 0.639216 1.0
# s3d_label 0
f 5086/5086/5086 5087/5087/5087 5088/5088/5088
# material_color 0.431373 0.352941 0.639216 1.0
# s3d_label 0
f 5089/5089/5089 5090/5090/5090 5091/5091/5091
# material_color 0.431373 0.352941 0.639216 1.0
# s3d_label 0
f 5092/5092/5092 5093/5093/5093 5094/5094/5094
# material_color 0.431373 0.352941 0.639216 1.0
# s3d_label 0
f 5095/5095/5095 5096/5096/5096 5097/5097/5097
# material_color 0.431373 0.352941 0.639216 1.0
# s3d_label 0
f 5098/5098/5098 5099/5099/5099 5100/5100/5100
# material_color 0.431373 0.352941 0.639216 1.0
# s3d_label 0
f 5101/5101/5101 5102/5102/5102 5103/5103/5103
# material_color 0.431373 0.352941 0.639216 1.0
# s3d_label 0
f 5104/5104/5104 5105/5105/5105 5106/5106/5106
# material_color 0.431373 0.352941 0.639216 1.0
# s3d_label 0
f 5107/5107/5107 5108/5108/5108 5109/5109/5109
# material_color 0.431373 0.352941 0.639216 1.0
# s3d_label 0
f 5110/5110/5110 5111/5111/5111 5112/5112/5112
# material_color 0.431373 0.352941 0.639216 1.0
# s3d_label 0
f 5113/5113/5113 5114/5114/5114 5115/5115/5115
# material_color 0.431373 0.352941 0.639216 1.0
# s3d_label 0
f 5116/5116/5116 5117/5117/5117 5118/5118/5118
# material_color 0.431373 0.352941 0.639216 1.0
# s3d_label 0
f 5119/5119/5119 5120/5120/5120 5121/5121/5121
# material_color 0.431373 0.352941 0.639216 1.0
# s3d_label 0
f 5122/5122/5122 5123/5123/5123 5124/5124/5124
# material_color 0.431373 0.352941 0.639216 1.0
# s3d_label 0
f 5125/5125/5125 5126/5126/5126 5127/5127/5127
# material_color 0.431373 0.352941 0.639216 1.0
# s3d_label 0
f 5128/5128/5128 5129/5129/5129 5130/5130/5130
# material_color 0.431373 0.352941 0.639216 1.0
# s3d_label 0
f 5131/5131/5131 5132/5132/5132 5133/5133/5133
# material_color 0.431373 0.352941 0.639216 1.0
# s3d_label 0
f 5134/5134/5134 5135/5135/5135 5136/5136/5136
# material_color 0.431373 0.352941 0.639216 1.0
# s3d_label 0
f 5137/5137/5137 5138/5138/5138 5139/5139/5139
# material_color 0.431373 0.352941 0.639216 1.0
# s3d_label 0
f 5140/5140/5140 5141/5141/5141 5142/5142/5142
# material_color 0.431373 0.352941 0.639216 1.0
# s3d_label 0
f 5143/5143/5143 5144/5144/5144 5145/5145/5145
# material_color 0.431373 0.352941 0.639216 1.0
# s3d_label 0
f 5146/5146/5146 5147/5147/5147 5148/5148/5148
# material_color 0.431373 0.352941 0.639216 1.0
# s3d_label 0
f 5149/5149/5149 5150/5150/5150 5151/5151/5151
# material_color 0.431373 0.352941 0.639216 1.0
# s3d_label 0
f 5152/5152/5152 5153/5153/5153 5154/5154/5154
# material_color 0.431373 0.352941 0.639216 1.0
# s3d_label 0
f 5155/5155/5155 5156/5156/5156 5157/5157/5157
# material_color 0.431373 0.352941 0.639216 1.0
# s3d_label 0
f 5158/5158/5158 5159/5159/5159 5160/5160/5160
# material_color 0.431373 0.352941 0.639216 1.0
# s3d_label 0
f 5161/5161/5161 5162/5162/5162 5163/5163/5163
# material_color 0.431373 0.352941 0.639216 1.0
# s3d_label 0
f 5164/5164/5164 5165/5165/5165 5166/5166/5166
# material_color 0.431373 0.352941 0.639216 1.0
# s3d_label 0
f 5167/5167/5167 5168/5168/5168 5169/5169/5169
# material_color 0.431373 0.352941 0.639216 1.0
# s3d_label 0
f 5170/5170/5170 5171/5171/5171 5172/5172/5172
# material_color 0.431373 0.352941 0.639216 1.0
# s3d_label 0
f 5173/5173/5173 5174/5174/5174 5175/5175/5175
# material_color 0.431373 0.352941 0.639216 1.0
# s3d_label 0
f 5176/5176/5176 5177/5177/5177 5178/5178/5178
# material_color 0.431373 0.352941 0.639216 1.0
# s3d_label 0
f 5179/5179/5179 5180/5180/5180 5181/5181/5181
# material_color 0.431373 0.352941 0.639216 1.0
# s3d_label 0
f 5182/5182/5182 5183/5183/5183 5184/5184/5184
# material_color 0.431373 0.352941 0.639216 1.0
# s3d_label 0
f 5185/5185/5185 5186/5186/5186 5187/5187/5187
# material_color 0.431373 0.352941 0.639216 1.0
# s3d_label 0
f 5188/5188/5188 5189/5189/5189 5190/5190/5190
# material_color 0.431373 0.352941 0.639216 1.0
# s3d_label 0
f 5191/5191/5191 5192/5192/5192 5193/5193/5193
# material_color 0.431373 0.352941 0.639216 1.0
# s3d_label 0
f 5194/5194/5194 5195/5195/5195 5196/5196/5196
# material_color 0.431373 0.352941 0.639216 1.0
# s3d_label 0
f 5197/5197/5197 5198/5198/5198 5199/5199/5199
# material_color 0.431373 0.352941 0.639216 1.0
# s3d_label 0
f 5200/5200/5200 5201/5201/5201 5202/5202/5202
# material_color 0.431373 0.352941 0.639216 1.0
# s3d_label 0
f 5203/5203/5203 5204/5204/5204 5205/5205/5205
# material_color 0.431373 0.352941 0.639216 1.0
# s3d_label 0
f 5206/5206/5206 5207/5207/5207 5208/5208/5208
# material_color 0.431373 0.352941 0.639216 1.0
# s3d_label 0
f 5209/5209/5209 5210/5210/5210 5211/5211/5211
# material_color 0.431373 0.352941 0.639216 1.0
# s3d_label 0
f 5212/5212/5212 5213/5213/5213 5214/5214/5214
# material_color 0.431373 0.352941 0.639216 1.0
# s3d_label 0
f 5215/5215/5215 5216/5216/5216 5217/5217/5217
# material_color 0.431373 0.352941 0.639216 1.0
# s3d_label 0
f 5218/5218/5218 5219/5219/5219 5220/5220/5220
# material_color 0.431373 0.352941 0.639216 1.0
# s3d_label 0
f 5221/5221/5221 5222/5222/5222 5223/5223/5223
# material_color 0.431373 0.352941 0.639216 1.0
# s3d_label 0
f 5224/5224/5224 5225/5225/5225 5226/5226/5226
# material_color 0.431373 0.352941 0.639216 1.0
# s3d_label 0
f 5227/5227/5227 5228/5228/5228 5229/5229/5229
# material_color 0.431373 0.352941 0.639216 1.0
# s3d_label 0
f 5230/5230/5230 5231/5231/5231 5232/5232/5232
# material_color 0.431373 0.352941 0.639216 1.0
# s3d_label 0
f 5233/5233/5233 5234/5234/5234 5235/5235/5235
# material_color 0.431373 0.352941 0.639216 1.0
# s3d_label 0
f 5236/5236/5236 5237/5237/5237 5238/5238/5238
# material_color 0.431373 0.352941 0.639216 1.0
# s3d_label 0
f 5239/5239/5239 5240/5240/5240 5241/5241/5241
# material_color 0.431373 0.352941 0.639216 1.0
# s3d_label 0
f 5242/5242/5242 5243/5243/5243 5244/5244/5244
# material_color 0.431373 0.352941 0.639216 1.0
# s3d_label 0
f 5245/5245/5245 5246/5246/5246 5247/5247/5247
# material_color 0.431373 0.352941 0.639216 1.0
# s3d_label 0
f 5248/5248/5248 5249/5249/5249 5250/5250/5250
# material_color 0.431373 0.352941 0.639216 1.0
# s3d_label 0
f 5251/5251/5251 5252/5252/5252 5253/5253/5253
# material_color 0.431373 0.352941 0.639216 1.0
# s3d_label 0
f 5254/5254/5254 5255/5255/5255 5256/5256/5256
# material_color 0.431373 0.352941 0.639216 1.0
# s3d_label 0
f 5257/5257/5257 5258/5258/5258 5259/5259/5259
# material_color 0.431373 0.352941 0.639216 1.0
# s3d_label 0
f 5260/5260/5260 5261/5261/5261 5262/5262/5262
# material_color 0.431373 0.352941 0.639216 1.0
# s3d_label 0
f 5263/5263/5263 5264/5264/5264 5265/5265/5265
# material_color 0.431373 0.352941 0.639216 1.0
# s3d_label 0
f 5266/5266/5266 5267/5267/5267 5268/5268/5268
# material_color 0.431373 0.352941 0.639216 1.0
# s3d_label 0
f 5269/5269/5269 5270/5270/5270 5271/5271/5271
# material_color 0.431373 0.352941 0.639216 1.0
# s3d_label 0
f 5272/5272/5272 5273/5273/5273 5274/5274/5274
# material_color 0.431373 0.352941 0.639216 1.0
# s3d_label 0
f 5275/5275/5275 5276/5276/5276 5277/5277/5277
# material_color 0.431373 0.352941 0.639216 1.0
# s3d_label 0
f 5278/5278/5278 5279/5279/5279 5280/5280/5280
# material_color 0.431373 0.352941 0.639216 1.0
# s3d_label 0
f 5281/5281/5281 5282/5282/5282 5283/5283/5283
# material_color 0.431373 0.352941 0.639216 1.0
# s3d_label 0
f 5284/5284/5284 5285/5285/5285 5286/5286/5286
# material_color 0.431373 0.352941 0.639216 1.0
# s3d_label 0
f 5287/5287/5287 5288/5288/5288 5289/5289/5289
# material_color 0.431373 0.352941 0.639216 1.0
# s3d_label 0
f 5290/5290/5290 5291/5291/5291 5292/5292/5292
# material_color 0.431373 0.352941 0.639216 1.0
# s3d_label 0
f 5293/5293/5293 5294/5294/5294 5295/5295/5295
# material_color 0.431373 0.352941 0.639216 1.0
# s3d_label 0
f 5296/5296/5296 5297/5297/5297 5298/5298/5298
# material_color 0.431373 0.352941 0.639216 1.0
# s3d_label 0
f 5299/5299/5299 5300/5300/5300 5301/5301/5301
# material_color 0.431373 0.352941 0.639216 1.0
# s3d_label 0
f 5302/5302/5302 5303/5303/5303 5304/5304/5304
# material_color 0.431373 0.352941 0.639216 1.0
# s3d_label 0
f 5305/5305/5305 5306/5306/5306 5307/5307/5307
# material_color 0.431373 0.352941 0.639216 1.0
# s3d_label 0
f 5308/5308/5308 5309/5309/5309 5310/5310/5310
# material_color 0.431373 0.352941 0.639216 1.0
# s3d_label 0
f 5311/5311/5311 5312/5312/5312 5313/5313/5313
# material_color 0.431373 0.352941 0.639216 1.0
# s3d_label 0
f 5314/5314/5314 5315/5315/5315 5316/5316/5316
# material_color 0.431373 0.352941 0.639216 1.0
# s3d_label 0
f 5317/5317/5317 5318/5318/5318 5319/5319/5319
# material_color 0.431373 0.352941 0.639216 1.0
# s3d_label 0
f 5320/5320/5320 5321/5321/5321 5322/5322/5322
# material_color 0.431373 0.352941 0.639216 1.0
# s3d_label 0
f 5323/5323/5323 5324/5324/5324 5325/5325/5325
# material_color 0.431373 0.352941 0.639216 1.0
# s3d_label 0
f 5326/5326/5326 5327/5327/5327 5328/5328/5328
