# normalized_size 1.000000 0.666667
v 0.00000000 -0.33333331 0.05555565
v 0.00000000 -0.33333331 0.07782107
v 0.28823823 -0.33333331 0.07782107
v 0.28823823 -0.33333331 0.07782107
v 0.28823823 -0.33333331 0.05555565
v 0.00000000 -0.33333331 0.05555565
v -0.28823823 -0.33333331 0.07782107
v 0.00000000 -0.33333331 0.07782107
v 0.00000000 -0.33333331 0.05555565
v 0.00000000 -0.33333331 0.05555565
v -0.28823823 -0.33333331 0.05555565
v -0.28823823 -0.33333331 0.07782107
v 0.08680432 0.32445520 0.08333327
v 0.16944654 0.31386578 0.08333327
v 0.14925921 0.26517090 0.08333328
v 0.14925921 0.26517090 0.08333328
v 0.07659391 0.27438694 0.08333328
v 0.08680432 0.32445520 0.08333327
v 0.20860870 0.24818298 0.08333329
v 0.14925921 0.26517090 0.08333328
v 0.16944654 0.31386578 0.08333327
v 0.00000000 0.32787174 0.08333327
v 0.08680432 0.32445520 0.08333327
v 0.07659391 0.27438694 0.08333328
v 0.16944654 0.31386578 0.08333327
v 0.25042832 0.29935700 0.08333328
v 0.20860870 0.24818298 0.08333329
v 0.07659391 0.27438694 0.08333328
v 0.00000000 0.27777779 0.08333328
v 0.00000000 0.32787174 0.08333327
v 0.00000000 0.32787174 0.08333327
v 0.00000000 0.27777779 0.08333328
v -0.07659391 0.27438694 0.08333328
v -0.07659391 0.27438694 0.08333328
v -0.08680432 0.32445520 0.08333327
v 0.00000000 0.32787174 0.08333327
v -0.08680432 0.32445520 0.08333327
v -0.07659391 0.27438694 0.08333328
v -0.14925921 0.26517090 0.08333328
v -0.14925921 0.26517090 0.08333328
v -0.16944654 0.31386578 0.08333327
v -0.08680432 0.32445520 0.08333327
v -0.16944654 0.31386578 0.08333327
v -0.14925921 0.26517090 0.08333328
v -0.20860870 0.24818298 0.08333329
v -0.20860870 0.24818298 0.08333329
v -0.25042832 0.29935700 0.08333328
v -0.16944654 0.31386578 0.08333327
v -0.28823823 0.28925854 0.08333328
v -0.25042832 0.29935700 0.08333328
v -0.20860870 0.24818298 0.08333329
v -0.22235990 0.24251059 0.08333329
v -0.28823823 0.28925854 0.08333328
v -0.20860870 0.24818298 0.08333329
v -0.23242648 0.23091507 0.08333329
v -0.28823823 0.28925854 0.08333328
v -0.22235990 0.24251059 0.08333329
v -0.23611109 0.21650346 0.08333329
v -0.28823823 0.28925854 0.08333328
v -0.23242648 0.23091507 0.08333329
v -0.28823823 0.28925854 0.08333328
v -0.23611109 0.21650346 0.08333329
v -0.23611109 -0.24999997 0.08333341
v -0.23611109 -0.24999997 0.08333341
v -0.28823823 -0.32782093 0.08333343
v -0.28823823 0.28925854 0.08333328
v -0.23238955 -0.26388887 0.08333341
v -0.28823823 -0.32782093 0.08333343
v -0.23611109 -0.24999997 0.08333341
v -0.22222222 -0.27405623 0.08333341
v -0.28823823 -0.32782093 0.08333343
v -0.23238955 -0.26388887 0.08333341
v -0.20833331 -0.27777776 0.08333341
v -0.28823823 -0.32782093 0.08333343
v -0.22222222 -0.27405623 0.08333341
v 0.00000000 -0.32782093 0.08333343
v -0.28823823 -0.32782093 0.08333343
v -0.20833331 -0.27777776 0.08333341
v -0.20833331 -0.27777776 0.08333341
v 0.00000000 -0.27777776 0.08333336
v 0.00000000 -0.32782093 0.08333343
v 0.00000000 -0.32782093 0.08333343
v 0.00000000 -0.27777776 0.08333336
v 0.20833331 -0.27777776 0.08333341
v 0.20833331 -0.27777776 0.08333341
v 0.28823823 -0.32782093 0.08333343
v 0.00000000 -0.32782093 0.08333343
v 0.28823823 -0.32782093 0.08333343
v 0.20833331 -0.27777776 0.08333341
v 0.22222222 -0.27405623 0.08333341
v 0.28823823 -0.32782093 0.08333343
v 0.22222222 -0.27405623 0.08333341
v 0.23238955 -0.26388887 0.08333341
v 0.28823823 -0.32782093 0.08333343
v 0.23238955 -0.26388887 0.08333341
v 0.23611109 -0.24999997 0.08333341
v 0.28823823 0.28925854 0.08333328
v 0.28823823 -0.32782093 0.08333343
v 0.23611109 -0.24999997 0.08333341
v 0.23611109 -0.24999997 0.08333341
v 0.23611109 0.21650346 0.08333329
v 0.28823823 0.28925854 0.08333328
v 0.28823823 0.28925854 0.08333328
v 0.23611109 0.21650346 0.08333329
v 0.23242648 0.23091507 0.08333329
v 0.28823823 0.28925854 0.08333328
v 0.23242648 0.23091507 0.08333329
v 0.22235990 0.24251059 0.08333329
v 0.28823823 0.28925854 0.08333328
v 0.22235990 0.24251059 0.08333329
v 0.20860870 0.24818298 0.08333329
v 0.25042832 0.29935700 0.08333328
v 0.28823823 0.28925854 0.08333328
v 0.20860870 0.24818298 0.08333329
v 0.00000000 -0.33333331 0.05555565
v 0.28823823 -0.33333331 0.05555565
v 0.28823823 -0.27777776 0.05555563
v 0.28823823 -0.27777776 0.05555563
v 0.00000000 -0.27777776 0.05555563
v 0.00000000 -0.33333331 0.05555565
v 0.00000000 -0.33333331 0.05555565
v 0.00000000 -0.27777776 0.05555563
v -0.28823823 -0.27777776 0.05555563
v -0.28823823 -0.27777776 0.05555563
v -0.28823823 -0.33333331 0.05555565
v 0.00000000 -0.33333331 0.05555565
v 0.20833331 -0.27777776 0.07986119
v 0.20833331 -0.27777776 0.08333341
v 0.00000000 -0.27777776 0.08333336
v 0.00000000 -0.27777776 0.08333336
v 0.00000000 -0.27777776 0.07986113
v 0.20833331 -0.27777776 0.07986119
v 0.20833331 -0.27777776 0.08333341
v 0.20833331 -0.27777776 0.07986119
v 0.22222219 -0.27405623 0.07986119
v 0.22222219 -0.27405623 0.07986119
v 0.22222222 -0.27405623 0.08333341
v 0.20833331 -0.27777776 0.08333341
v 0.23238955 -0.26388887 0.08333341
v 0.22222222 -0.27405623 0.08333341
v 0.22222219 -0.27405623 0.07986119
v 0.22222219 -0.27405623 0.07986119
v 0.23238958 -0.26388887 0.07986119
v 0.23238955 -0.26388887 0.08333341
v 0.23611109 -0.24999997 0.08333341
v 0.23238955 -0.26388887 0.08333341
v 0.23238958 -0.26388887 0.07986119
v 0.23238958 -0.26388887 0.07986119
v 0.23611109 -0.24999997 0.07986119
v 0.23611109 -0.24999997 0.08333341
v 0.23611109 -0.24999997 0.08333341
v 0.23611109 -0.24999997 0.07986119
v 0.23611109 0.21650346 0.07986107
v 0.23611109 0.21650346 0.07986107
v 0.23611109 0.21650346 0.08333329
v 0.23611109 -0.24999997 0.08333341
v 0.23242648 0.23091507 0.08333329
v 0.23611109 0.21650346 0.08333329
v 0.23611109 0.21650346 0.07986107
v 0.23611109 0.21650346 0.07986107
v 0.23242648 0.23091507 0.07986107
v 0.23242648 0.23091507 0.08333329
v 0.22235990 0.24251059 0.08333329
v 0.23242648 0.23091507 0.08333329
v 0.23242648 0.23091507 0.07986107
v 0.23242648 0.23091507 0.07986107
v 0.22235990 0.24251059 0.07986107
v 0.22235990 0.24251059 0.08333329
v 0.20860870 0.24818298 0.08333329
v 0.22235990 0.24251059 0.08333329
v 0.22235990 0.24251059 0.07986107
v 0.22235990 0.24251059 0.07986107
v 0.20860870 0.24818298 0.07986107
v 0.20860870 0.24818298 0.08333329
v 0.20860870 0.24818298 0.08333329
v 0.20860870 0.24818298 0.07986107
v 0.14925921 0.26517084 0.07986106
v 0.14925921 0.26517084 0.07986106
v 0.14925921 0.26517090 0.08333328
v 0.20860870 0.24818298 0.08333329
v 0.14925921 0.26517090 0.08333328
v 0.14925921 0.26517084 0.07986106
v 0.07659391 0.27438688 0.07986106
v 0.07659391 0.27438688 0.07986106
v 0.07659391 0.27438694 0.08333328
v 0.14925921 0.26517090 0.08333328
v 0.07659391 0.27438694 0.08333328
v 0.07659391 0.27438688 0.07986106
v 0.00000000 0.27777779 0.07986106
v 0.00000000 0.27777779 0.07986106
v 0.00000000 0.27777779 0.08333328
v 0.07659391 0.27438694 0.08333328
v 0.25447714 0.30431154 0.07782092
v 0.17147265 0.31915152 0.07782091
v 0.17147265 0.31915146 -0.07782099
v 0.17147265 0.31915146 -0.07782099
v 0.17147265 0.31915152 0.07782091
v 0.08795664 0.32984024 0.07782091
v 0.17147265 0.31915146 -0.07782099
v 0.25447714 0.30431148 -0.07782099
v 0.25447714 0.30431154 0.07782092
v 0.25447714 0.30431154 0.07782092
v 0.25447714 0.30431148 -0.07782099
v 0.28823823 0.29477084 -0.07782099
v 0.28823823 0.29477084 -0.07782099
v 0.28823823 0.29477087 0.07782092
v 0.25447714 0.30431154 0.07782092
v 0.08795664 0.32984024 0.07782091
v 0.08795664 0.32984018 -0.07782102
v 0.17147265 0.31915146 -0.07782099
v 0.00000000 0.33333328 -0.07782099
v 0.08795664 0.32984018 -0.07782102
v 0.08795664 0.32984024 0.07782091
v 0.08795664 0.32984024 0.07782091
v 0.00000000 0.33333334 0.07782091
v 0.00000000 0.33333328 -0.07782099
v 0.00000000 0.33333328 -0.07782099
v 0.00000000 0.33333334 0.07782091
v -0.08795664 0.32984024 0.07782091
v -0.08795664 0.32984024 0.07782091
v -0.08795664 0.32984018 -0.07782102
v 0.00000000 0.33333328 -0.07782099
v -0.17147265 0.31915146 -0.07782099
v -0.08795664 0.32984018 -0.07782102
v -0.08795664 0.32984024 0.07782091
v -0.08795664 0.32984024 0.07782091
v -0.17147265 0.31915152 0.07782091
v -0.17147265 0.31915146 -0.07782099
v -0.17147265 0.31915146 -0.07782099
v -0.17147265 0.31915152 0.07782091
v -0.25447714 0.30431154 0.07782092
v -0.25447714 0.30431154 0.07782092
v -0.25447714 0.30431148 -0.07782099
v -0.17147265 0.31915146 -0.07782099
v -0.28823823 0.29477084 -0.07782099
v -0.25447714 0.30431148 -0.07782099
v -0.25447714 0.30431154 0.07782092
v -0.25447714 0.30431154 0.07782092
v -0.28823823 0.29477087 0.07782092
v -0.28823823 0.29477084 -0.07782099
v 0.00000000 -0.27405623 0.07986113
v 0.22222219 -0.27405623 0.07986119
v 0.20833331 -0.27777776 0.07986119
v 0.20833331 -0.27777776 0.07986119
v 0.00000000 -0.27777776 0.07986113
v 0.00000000 -0.27405623 0.07986113
v 0.00000000 -0.27405623 0.07986113
v 0.00000000 -0.27777776 0.07986113
v -0.20833331 -0.27777776 0.07986119
v -0.20833331 -0.27777776 0.07986119
v -0.22222219 -0.27405623 0.07986119
v 0.00000000 -0.27405623 0.07986113
v 0.22222219 -0.27405623 0.07986119
v 0.00000000 -0.27405623 0.07986113
v 0.00000000 -0.26388887 0.07986113
v 0.00000000 -0.26388887 0.07986113
v 0.00000000 -0.27405623 0.07986113
v -0.22222219 -0.27405623 0.07986119
v 0.00000000 -0.26388887 0.07986113
v 0.23238958 -0.26388887 0.07986119
v 0.22222219 -0.27405623 0.07986119
v -0.22222219 -0.27405623 0.07986119
v -0.23238958 -0.26388887 0.07986119
v 0.00000000 -0.26388887 0.07986113
v 0.23238958 -0.26388887 0.07986119
v 0.00000000 -0.26388887 0.07986113
v 0.00000000 -0.24999997 0.07986113
v 0.00000000 -0.24999997 0.07986113
v 0.00000000 -0.26388887 0.07986113
v -0.23238958 -0.26388887 0.07986119
v 0.00000000 -0.24999997 0.07986113
v 0.23611109 -0.24999997 0.07986119
v 0.23238958 -0.26388887 0.07986119
v -0.23238958 -0.26388887 0.07986119
v -0.23611109 -0.24999997 0.07986119
v 0.00000000 -0.24999997 0.07986113
v 0.23611109 0.21650346 0.07986107
v 0.23611109 -0.24999997 0.07986119
v 0.00000000 -0.24999997 0.07986113
v 0.00000000 -0.24999997 0.07986113
v -0.23611109 -0.24999997 0.07986119
v -0.23611109 0.21650346 0.07986107
v 0.00000000 -0.24999997 0.07986113
v 0.00000000 0.21650346 0.07986102
v 0.23611109 0.21650346 0.07986107
v -0.23611109 0.21650346 0.07986107
v 0.00000000 0.21650346 0.07986102
v 0.00000000 -0.24999997 0.07986113
v 0.23242648 0.23091507 0.07986107
v 0.23611109 0.21650346 0.07986107
v 0.00000000 0.21650346 0.07986102
v 0.00000000 0.21650346 0.07986102
v -0.23611109 0.21650346 0.07986107
v -0.23242648 0.23091507 0.07986107
v 0.00000000 0.21650346 0.07986102
v 0.00000000 0.23091507 0.07986102
v 0.23242648 0.23091507 0.07986107
v -0.23242648 0.23091507 0.07986107
v 0.00000000 0.23091507 0.07986102
v 0.00000000 0.21650346 0.07986102
v 0.22235990 0.24251059 0.07986107
v 0.23242648 0.23091507 0.07986107
v 0.00000000 0.23091507 0.07986102
v 0.00000000 0.23091507 0.07986102
v -0.23242648 0.23091507 0.07986107
v -0.22235990 0.24251059 0.07986107
v 0.00000000 0.23091507 0.07986102
v 0.00000000 0.24251059 0.07986102
v 0.22235990 0.24251059 0.07986107
v -0.22235990 0.24251059 0.07986107
v 0.00000000 0.24251059 0.07986102
v 0.00000000 0.23091507 0.07986102
v 0.20860870 0.24818298 0.07986107
v 0.22235990 0.24251059 0.07986107
v 0.00000000 0.24251059 0.07986102
v 0.00000000 0.24251059 0.07986102
v -0.22235990 0.24251059 0.07986107
v -0.20860870 0.24818298 0.07986107
v 0.00000000 0.24251059 0.07986102
v 0.00000000 0.24818298 0.07986102
v 0.20860870 0.24818298 0.07986107
v -0.20860870 0.24818298 0.07986107
v 0.00000000 0.24818298 0.07986102
v 0.00000000 0.24251059 0.07986102
v 0.14925921 0.26517084 0.07986106
v 0.20860870 0.24818298 0.07986107
v 0.00000000 0.24818298 0.07986102
v 0.00000000 0.24818298 0.07986102
v -0.20860870 0.24818298 0.07986107
v -0.14925921 0.26517084 0.07986106
v 0.00000000 0.24818298 0.07986102
v 0.00000000 0.26517084 0.07986101
v 0.14925921 0.26517084 0.07986106
v -0.14925921 0.26517084 0.07986106
v 0.00000000 0.26517084 0.07986101
v 0.00000000 0.24818298 0.07986102
v 0.07659391 0.27438688 0.07986106
v 0.14925921 0.26517084 0.07986106
v 0.00000000 0.26517084 0.07986101
v 0.00000000 0.26517084 0.07986101
v -0.14925921 0.26517084 0.07986106
v -0.07659391 0.27438688 0.07986106
v 0.00000000 0.26517084 0.07986101
v 0.00000000 0.27777779 0.07986106
v 0.07659391 0.27438688 0.07986106
v -0.07659391 0.27438688 0.07986106
v 0.00000000 0.27777779 0.07986106
v 0.00000000 0.26517084 0.07986101
v 0.28823823 -0.32782093 0.08333343
v 0.28823823 0.28925854 0.08333328
v 0.28823823 0.29129866 0.07986106
v 0.28823823 0.29129866 0.07986106
v 0.28823823 -0.32986894 0.07986905
v 0.28823823 -0.32782093 0.08333343
v 0.28823823 -0.32986894 0.07986905
v 0.28823823 -0.33333331 0.07782107
v 0.28823823 -0.32782093 0.08333343
v 0.00000000 -0.32782093 0.08333343
v 0.28823823 -0.32782093 0.08333343
v 0.28823823 -0.33333331 0.07782107
v 0.28823823 -0.33333331 0.07782107
v 0.00000000 -0.33333331 0.07782107
v 0.00000000 -0.32782093 0.08333343
v 0.00000000 -0.32782093 0.08333343
v 0.00000000 -0.33333331 0.07782107
v -0.28823823 -0.33333331 0.07782107
v 0.28823823 -0.32986107 0.05902787
v 0.28823823 -0.33333331 0.05555565
v 0.28823823 -0.33333331 0.07782107
v 0.28823823 -0.33333331 0.07782107
v 0.28823823 -0.32986894 0.07986905
v 0.28823823 -0.32986107 0.05902787
v -0.28823823 -0.33333331 0.07782107
v -0.28823823 -0.32782093 0.08333343
v 0.00000000 -0.32782093 0.08333343
v -0.28823823 -0.33333331 0.07782107
v -0.28823823 -0.32986894 0.07986905
v -0.28823823 -0.32782093 0.08333343
v -0.28823823 -0.32782093 0.08333343
v -0.28823823 -0.32986894 0.07986905
v -0.28823823 0.29129866 0.07986106
v -0.28823823 0.29129866 0.07986106
v -0.28823823 0.28925854 0.08333328
v -0.28823823 -0.32782093 0.08333343
v -0.28823823 -0.33333331 0.07782107
v -0.28823823 -0.33333331 0.05555565
v -0.28823823 -0.32986107 0.05902787
v -0.28823823 -0.32986107 0.05902787
v -0.28823823 -0.32986894 0.07986905
v -0.28823823 -0.33333331 0.07782107
v 0.28823823 0.29129866 0.07986106
v 0.28823823 0.29477087 0.07782092
v 0.28823823 0.29477084 -0.07782099
v 0.28823823 0.29477084 -0.07782099
v 0.28823823 0.29129860 -0.07986113
v 0.28823823 0.29129866 0.07986106
v 0.42361107 0.24297397 -0.07782099
v 0.42361107 0.24297401 0.07776194
v 0.31803828 0.28459963 0.07776187
v 0.44574893 0.23293495 0.07419538
v 0.42361107 0.24297401 0.07776194
v 0.42361107 0.24297397 -0.07782099
v 0.31803828 0.28459963 0.07776187
v 0.31803828 0.28459957 -0.07782099
v 0.42361107 0.24297397 -0.07782099
v 0.29504448 0.29256636 -0.07782099
v 0.31803828 0.28459957 -0.07782099
v 0.31803828 0.28459963 0.07776187
v 0.31803828 0.28459963 0.07776187
v 0.29504448 0.29256642 0.07776187
v 0.29504448 0.29256636 -0.07782099
v 0.44574893 0.23293495 0.07419538
v 0.42361107 0.24297397 -0.07782099
v 0.49497971 0.21060985 -0.07782098
v 0.44574893 0.23293495 0.07419538
v 0.49497971 0.21060985 -0.07782098
v 0.49497971 0.21060985 0.00516374
v 0.46566799 0.22390217 0.06387166
v 0.44574893 0.23293495 0.07419538
v 0.49497971 0.21060985 0.00516374
v 0.48140350 0.21676642 0.04786564
v 0.46566799 0.22390217 0.06387166
v 0.49497971 0.21060985 0.00516374
v 0.48140350 0.21676642 0.04786564
v 0.49497971 0.21060985 0.00516374
v 0.49145523 0.21220817 0.02779901
v 0.28823823 -0.27777776 0.05555563
v 0.28823823 -0.33333331 0.05555565
v 0.28823823 -0.32986107 0.05902787
v 0.28823823 -0.32986107 0.05902787
v 0.28823823 -0.27777776 0.05902786
v 0.28823823 -0.27777776 0.05555563
v 0.30557743 0.25205815 -0.07638907
v 0.30557743 0.25205815 -0.07986116
v 0.29504448 0.25727123 -0.07986114
v 0.29504448 0.25727123 -0.07986114
v 0.29504448 0.25727123 -0.07638893
v 0.30557743 0.25205815 -0.07638907
v 0.29504448 0.26421562 -0.07986114
v 0.29504448 0.25727123 -0.07638893
v 0.29504448 0.25727123 -0.07986114
v 0.29504448 0.25727123 -0.07986114
v 0.29504448 0.26421562 -0.08333336
v 0.29504448 0.26421562 -0.07986114
v 0.29504448 0.26421562 -0.07986114
v 0.29504448 0.26421562 -0.08333336
v 0.29504448 0.28668627 -0.08333336
v 0.29504448 0.28668627 -0.08333336
v 0.29504448 0.28909412 -0.07986115
v 0.29504448 0.26421562 -0.07986114
v 0.29504448 0.29256642 0.07776187
v 0.29504448 0.28910202 0.07986891
v 0.29504448 0.28909412 -0.07986115
v 0.29504448 0.28909412 -0.07986115
v 0.29504448 0.29256636 -0.07782099
v 0.29504448 0.29256642 0.07776187
v 0.29504448 0.28909412 -0.07986115
v 0.29504448 0.28668627 -0.08333336
v 0.29504448 0.29256636 -0.07782099
v 0.29504448 0.28910202 0.07986891
v 0.29504448 0.29256642 0.07776187
v 0.29504448 0.28706372 0.08333325
v 0.31783614 0.27916697 0.08333325
v 0.29504448 -0.32782477 0.08333344
v 0.29504448 0.28706372 0.08333325
v 0.42361107 -0.15277776 0.08333340
v 0.29504448 -0.32782477 0.08333344
v 0.31783614 0.27916697 0.08333325
v 0.42361107 -0.15277776 0.08333340
v 0.42361107 -0.32782093 0.08333343
v 0.29504448 -0.32782477 0.08333344
v 0.31783614 0.27916697 0.08333325
v 0.42361107 0.23746167 0.08333332
v 0.42361107 -0.15277776 0.08333340
v 0.44721657 -0.14006338 0.07953041
v 0.42361107 -0.15277776 0.08333340
v 0.42361107 0.23746167 0.08333332
v 0.42361107 0.23746167 0.08333332
v 0.44721657 0.22675711 0.07953033
v 0.44721657 -0.14006338 0.07953041
v 0.44721657 -0.14006338 0.07953041
v 0.44721657 0.22675711 0.07953033
v 0.46851137 0.21710035 0.06849357
v 0.46851137 0.21710035 0.06849357
v 0.46851137 -0.13284142 0.06849363
v 0.44721657 -0.14006338 0.07953041
v 0.46851137 -0.13284142 0.06849363
v 0.46851137 0.21710035 0.06849357
v 0.48541102 0.20943673 0.05130342
v 0.48541102 0.20943673 0.05130342
v 0.48541102 -0.12778629 0.05130355
v 0.46851137 -0.13284142 0.06849363
v 0.48541102 -0.12778629 0.05130355
v 0.48541102 0.20943673 0.05130342
v 0.49626127 0.20451635 0.02964261
v 0.49626127 0.20451635 0.02964261
v 0.49626127 -0.12499999 0.02964271
v 0.48541102 -0.12778629 0.05130355
v 0.49626127 -0.12499999 0.02964271
v 0.49626127 0.20451635 0.02964261
v 0.50000000 0.20282088 0.00563142
v 0.50000000 0.20282088 0.00563142
v 0.50000000 -0.12499999 0.00563150
v 0.49626127 -0.12499999 0.02964271
v 0.50000000 -0.12499999 0.00563150
v 0.50000000 0.20282088 0.00563142
v 0.50000000 0.20282094 -0.07782097
v 0.50000000 0.20282094 -0.07782097
v 0.50000000 -0.25837654 -0.05004311
v 0.50000000 -0.12499999 0.00563150
v 0.50000000 0.20282094 -0.07782097
v 0.49999994 -0.25837654 -0.07782088
v 0.50000000 -0.25837654 -0.05004311
v 0.50000000 -0.32782096 0.00563155
v 0.50000000 -0.12499999 0.00563150
v 0.50000000 -0.25837654 -0.05004311
v 0.50000000 -0.25837654 -0.05004311
v 0.49999994 -0.32782096 -0.05004309
v 0.50000000 -0.32782096 0.00563155
v 0.49509144 -0.12650755 0.03031875
v 0.50000000 -0.12499999 0.00563150
v 0.50000000 -0.32782096 0.00563155
v 0.50000000 -0.32782096 0.00563155
v 0.49509144 -0.32782096 0.03031880
v 0.49509144 -0.12650755 0.03031875
v 0.48355028 -0.13105407 0.05077819
v 0.49509144 -0.12650755 0.03031875
v 0.49509144 -0.32782096 0.03031880
v 0.49509144 -0.32782096 0.03031880
v 0.48355028 -0.32782096 0.05077824
v 0.48355028 -0.13105407 0.05077819
v 0.46588865 -0.13839847 0.06669108
v 0.48355028 -0.13105407 0.05077819
v 0.48355028 -0.32782096 0.05077824
v 0.48355028 -0.32782096 0.05077824
v 0.46588865 -0.32782096 0.06669113
v 0.46588865 -0.13839847 0.06669108
v 0.44577897 -0.14766642 0.07508471
v 0.46588865 -0.13839847 0.06669108
v 0.46588865 -0.32782096 0.06669113
v 0.46588865 -0.32782096 0.06669113
v 0.44577897 -0.32782096 0.07508475
v 0.44577897 -0.14766642 0.07508471
v 0.42916664 -0.15833333 0.07753285
v 0.44577897 -0.14766642 0.07508471
v 0.44577897 -0.32782096 0.07508475
v 0.44577897 -0.32782096 0.07508475
v 0.42916664 -0.32782093 0.07753289
v 0.42916664 -0.15833333 0.07753285
v 0.29504448 -0.32782477 0.08333344
v 0.29504448 -0.32986894 0.07986905
v 0.29504448 0.28910202 0.07986891
v 0.29504448 0.28910202 0.07986891
v 0.29504448 0.28706372 0.08333325
v 0.29504448 -0.32782477 0.08333344
v 0.29504448 -0.32986894 0.07986905
v 0.29504448 -0.32782477 0.08333344
v 0.29504448 -0.33333331 0.07782108
v 0.42125776 -0.33333331 0.07782107
v 0.29504448 -0.33333331 0.07782108
v 0.29504448 -0.32782477 0.08333344
v 0.29504448 -0.32782477 0.08333344
v 0.42361107 -0.32782093 0.08333343
v 0.42125776 -0.33333331 0.07782107
v 0.42125776 -0.33333331 0.07782107
v 0.42361107 -0.32782093 0.08333343
v 0.42916664 -0.32782093 0.07753289
v 0.42916664 -0.32782093 0.07753289
v 0.42649305 -0.33333331 0.07235498
v 0.42125776 -0.33333331 0.07782107
v 0.42125776 -0.33333331 0.07782107
v 0.42649305 -0.33333331 0.07235498
v 0.30555552 -0.33333331 0.05555565
v 0.30555552 -0.33333331 0.05555565
v 0.29504448 -0.33333331 0.07782108
v 0.42125776 -0.33333331 0.07782107
v 0.29504448 -0.33333331 0.07782108
v 0.30555552 -0.33333331 0.05555565
v 0.29504448 -0.33333331 0.05555565
v 0.49448764 -0.33333331 0.00508871
v 0.30555552 -0.33333331 0.05555565
v 0.42649305 -0.33333331 0.07235498
v 0.42649305 -0.33333331 0.07235498
v 0.48866564 -0.33333331 0.02990497
v 0.49448764 -0.33333331 0.00508871
v 0.47875622 -0.33333331 0.04757043
v 0.48866564 -0.33333331 0.02990497
v 0.42649305 -0.33333331 0.07235498
v 0.42649305 -0.33333331 0.07235498
v 0.44429266 -0.33333331 0.06973187
v 0.47875622 -0.33333331 0.04757043
v 0.46289742 -0.33333331 0.06196643
v 0.47875622 -0.33333331 0.04757043
v 0.44429266 -0.33333331 0.06973187
v 0.36111110 -0.33333331 -0.02777768
v 0.30555552 -0.33333331 0.05555565
v 0.49448764 -0.33333331 0.00508871
v 0.30555552 -0.33333331 -0.04166656
v 0.30555552 -0.33333331 0.05555565
v 0.36111110 -0.33333331 -0.02777768
v 0.49448764 -0.33333331 0.00508871
v 0.41666669 -0.33333331 -0.02777768
v 0.36111110 -0.33333331 -0.02777768
v 0.36111110 -0.33333331 -0.02777768
v 0.36111110 -0.33333334 -0.07782087
v 0.30555552 -0.33333331 -0.04166656
v 0.30555552 -0.33333331 -0.04166656
v 0.36111110 -0.33333334 -0.07782087
v 0.29504448 -0.33333334 -0.07782086
v 0.29504448 -0.33333334 -0.07782086
v 0.29504448 -0.33333331 -0.04166656
v 0.30555552 -0.33333331 -0.04166656
v 0.41666669 -0.33333331 -0.02777768
v 0.49448764 -0.33333331 0.00508871
v 0.49448761 -0.33333331 -0.05004309
v 0.49448761 -0.33333331 -0.05004309
v 0.42724812 -0.33333331 -0.04894062
v 0.41666669 -0.33333331 -0.02777768
v 0.41666669 -0.33333334 -0.07782087
v 0.41666669 -0.33333331 -0.02777768
v 0.42724812 -0.33333331 -0.04894062
v 0.42724812 -0.33333331 -0.04894062
v 0.42504323 -0.33333334 -0.07782087
v 0.41666669 -0.33333334 -0.07782087
v 0.30555552 -0.33333331 0.05555565
v 0.30555552 -0.27777776 0.05555563
v 0.29504448 -0.27777776 0.05555563
v 0.29504448 -0.27777776 0.05555563
v 0.29504448 -0.33333331 0.05555565
v 0.30555552 -0.33333331 0.05555565
v 0.42361107 -0.15277776 0.08333340
v 0.44721657 -0.14006338 0.07953041
v 0.44577897 -0.14766642 0.07508471
v 0.44577897 -0.14766642 0.07508471
v 0.42916664 -0.15833333 0.07753285
v 0.42361107 -0.15277776 0.08333340
v 0.46588865 -0.13839847 0.06669108
v 0.44577897 -0.14766642 0.07508471
v 0.44721657 -0.14006338 0.07953041
v 0.44721657 -0.14006338 0.07953041
v 0.46851137 -0.13284142 0.06849363
v 0.46588865 -0.13839847 0.06669108
v 0.42361107 -0.32782093 0.08333343
v 0.42361107 -0.15277776 0.08333340
v 0.42916664 -0.15833333 0.07753285
v 0.42916664 -0.15833333 0.07753285
v 0.42916664 -0.32782093 0.07753289
v 0.42361107 -0.32782093 0.08333343
v 0.48355028 -0.13105407 0.05077819
v 0.46588865 -0.13839847 0.06669108
v 0.46851137 -0.13284142 0.06849363
v 0.46851137 -0.13284142 0.06849363
v 0.48541102 -0.12778629 0.05130355
v 0.48355028 -0.13105407 0.05077819
v 0.49509144 -0.12650755 0.03031875
v 0.48355028 -0.13105407 0.05077819
v 0.48541102 -0.12778629 0.05130355
v 0.48541102 -0.12778629 0.05130355
v 0.49626127 -0.12499999 0.02964271
v 0.49509144 -0.12650755 0.03031875
v 0.49509144 -0.12650755 0.03031875
v 0.49626127 -0.12499999 0.02964271
v 0.50000000 -0.12499999 0.00563150
v 0.27306002 0.21954066 -0.08333319
v 0.26386368 0.23812209 -0.08333321
v 0.17075196 0.31368461 -0.08333336
v 0.25556213 0.29854903 -0.08333335
v 0.17075196 0.31368461 -0.08333336
v 0.26386368 0.23812209 -0.08333321
v 0.26386368 0.23812209 -0.08333321
v 0.27306002 0.25670350 -0.08333330
v 0.25556213 0.29854903 -0.08333335
v 0.28823823 0.28931496 -0.08333335
v 0.25556213 0.29854903 -0.08333335
v 0.27306002 0.25670350 -0.08333330
v 0.27306002 0.25670350 -0.08333330
v 0.28823823 0.26421562 -0.08333334
v 0.28823823 0.28931496 -0.08333335
v 0.28823823 0.12500000 -0.08333332
v 0.28823823 0.21202844 -0.08333334
v 0.27306002 0.21954066 -0.08333319
v 0.27306002 0.21954066 -0.08333319
v 0.00000000 0.12500000 -0.08333332
v 0.28823823 0.12500000 -0.08333332
v 0.17075196 0.31368461 -0.08333336
v 0.00000000 0.12500000 -0.08333332
v 0.27306002 0.21954066 -0.08333319
v 0.00000000 0.12500000 -0.08333332
v 0.17075196 0.31368461 -0.08333336
v 0.08565975 0.32455242 -0.08333339
v 0.00000000 0.12500000 -0.08333332
v 0.08565975 0.32455242 -0.08333339
v 0.00000000 0.32789284 -0.08333336
v -0.08565975 0.32455242 -0.08333339
v 0.00000000 0.12500000 -0.08333332
v 0.00000000 0.32789284 -0.08333336
v -0.17075194 0.31368461 -0.08333336
v 0.00000000 0.12500000 -0.08333332
v -0.08565975 0.32455242 -0.08333339
v -0.27306002 0.21954066 -0.08333319
v 0.00000000 0.12500000 -0.08333332
v -0.17075194 0.31368461 -0.08333336
v -0.28823823 0.12500000 -0.08333332
v 0.00000000 0.12500000 -0.08333332
v -0.27306002 0.21954066 -0.08333319
v -0.27306002 0.21954066 -0.08333319
v -0.28823823 0.21202844 -0.08333334
v -0.28823823 0.12500000 -0.08333332
v -0.17075194 0.31368461 -0.08333336
v -0.26386368 0.23812209 -0.08333321
v -0.27306002 0.21954066 -0.08333319
v -0.26386368 0.23812209 -0.08333321
v -0.17075194 0.31368461 -0.08333336
v -0.25556213 0.29854903 -0.08333335
v -0.25556213 0.29854903 -0.08333335
v -0.27306002 0.25670350 -0.08333330
v -0.26386368 0.23812209 -0.08333321
v -0.27306002 0.25670350 -0.08333330
v -0.25556213 0.29854903 -0.08333335
v -0.28823823 0.28931496 -0.08333335
v -0.28823823 0.28931496 -0.08333335
v -0.28823823 0.26421562 -0.08333334
v -0.27306002 0.25670350 -0.08333330
v 0.29504448 -0.33333331 0.07782108
v 0.29504448 -0.33333331 0.05555565
v 0.29504448 -0.32986107 0.05902787
v 0.29504448 -0.32986107 0.05902787
v 0.29504448 -0.32986894 0.07986905
v 0.29504448 -0.33333331 0.07782108
v 0.29504448 -0.27777776 0.05555563
v 0.29504448 -0.27777776 0.05902786
v 0.29504448 -0.32986107 0.05902787
v 0.29504448 -0.32986107 0.05902787
v 0.29504448 -0.33333331 0.05555565
v 0.29504448 -0.27777776 0.05555563
v 0.29504448 0.28909412 -0.07986115
v 0.29504448 0.28910202 0.07986891
v 0.28823823 0.29129866 0.07986106
v 0.28823823 0.29129866 0.07986106
v 0.28823823 0.29129860 -0.07986113
v 0.29504448 0.28909412 -0.07986115
v 0.28823823 -0.32986894 0.07986905
v 0.28823823 0.29129866 0.07986106
v 0.29504448 0.28910202 0.07986891
v 0.29504448 0.28909412 -0.07986115
v 0.28823823 0.29129860 -0.07986113
v 0.28823823 0.26421562 -0.07986112
v 0.28823823 0.26421562 -0.07986112
v 0.29504448 0.26421562 -0.07986114
v 0.29504448 0.28909412 -0.07986115
v 0.29164135 0.25895554 -0.07638892
v 0.29504448 0.26421562 -0.07986114
v 0.28823823 0.26421562 -0.07986112
v 0.29504448 0.28910202 0.07986891
v 0.29504448 -0.32986894 0.07986905
v 0.28823823 -0.32986894 0.07986905
v 0.28823823 -0.32986894 0.07986905
v 0.29504448 -0.32986894 0.07986905
v 0.29504448 -0.32986107 0.05902787
v 0.29504448 -0.32986107 0.05902787
v 0.28823823 -0.32986107 0.05902787
v 0.28823823 -0.32986894 0.07986905
v 0.29504448 -0.27777776 0.05902786
v 0.28823823 -0.27777776 0.05902786
v 0.28823823 -0.32986107 0.05902787
v 0.28823823 -0.32986107 0.05902787
v 0.29504448 -0.32986107 0.05902787
v 0.29504448 -0.27777776 0.05902786
v 0.00000000 0.12500000 -0.07986109
v 0.28823823 0.12500000 -0.07986109
v 0.28823823 0.12500000 -0.08333332
v 0.28823823 0.12500000 -0.08333332
v 0.00000000 0.12500000 -0.08333332
v 0.00000000 0.12500000 -0.07986109
v 0.00000000 0.12500000 -0.07986109
v 0.00000000 0.12500000 -0.08333332
v -0.28823823 0.12500000 -0.08333332
v -0.28823823 0.12500000 -0.08333332
v -0.28823823 0.12500000 -0.07986109
v 0.00000000 0.12500000 -0.07986109
v 0.28823823 0.21202844 -0.08333334
v 0.28823823 0.12500000 -0.08333332
v 0.28823823 0.12500000 -0.07986109
v 0.28823823 0.12500000 -0.07986109
v 0.28823823 0.21202844 -0.07986110
v 0.28823823 0.21202844 -0.08333334
v -0.28823823 0.12500000 -0.07986109
v -0.28823823 0.12500000 -0.08333332
v -0.28823823 0.21202844 -0.08333334
v -0.28823823 0.21202844 -0.08333334
v -0.28823823 0.21202844 -0.07986110
v -0.28823823 0.12500000 -0.07986109
v 0.28823823 0.21897306 -0.07986112
v 0.28823823 0.21202844 -0.08333334
v 0.28823823 0.21202844 -0.07986110
v 0.28823823 0.21202844 -0.07986110
v 0.28823823 0.21897306 -0.07638887
v 0.28823823 0.21897306 -0.07986112
v 0.27770537 0.22418611 -0.07986099
v 0.28823823 0.21897306 -0.07986112
v 0.28823823 0.21897306 -0.07638887
v 0.28823823 0.21897306 -0.07638887
v 0.27770537 0.22418611 -0.07638890
v 0.27770537 0.22418611 -0.07986099
v -0.28823823 0.21202844 -0.07986110
v -0.28823823 0.21202844 -0.08333334
v -0.28823823 0.21897306 -0.07986112
v -0.28823823 0.21897306 -0.07986112
v -0.28823823 0.21897306 -0.07638887
v -0.28823823 0.21202844 -0.07986110
v -0.28823823 0.21897306 -0.07638887
v -0.28823823 0.21897306 -0.07986112
v -0.27770537 0.22418611 -0.07986099
v -0.27770537 0.22418611 -0.07986099
v -0.27770537 0.22418611 -0.07638890
v -0.28823823 0.21897306 -0.07638887
v 0.00000000 -0.22222224 -0.07986102
v 0.00000000 -0.22222224 -0.08333325
v 0.28823823 -0.22222224 -0.08333324
v 0.28823823 -0.22222224 -0.08333324
v 0.28823823 -0.22222224 -0.07986102
v 0.00000000 -0.22222224 -0.07986102
v -0.28823823 -0.22222224 -0.08333324
v 0.00000000 -0.22222224 -0.08333325
v 0.00000000 -0.22222224 -0.07986102
v 0.00000000 -0.22222224 -0.07986102
v -0.28823823 -0.22222224 -0.07986102
v -0.28823823 -0.22222224 -0.08333324
v 0.28823823 -0.22222224 -0.07986102
v 0.28823823 -0.22222224 -0.08333324
v 0.28823823 -0.32782099 -0.08333323
v 0.28823823 -0.32782099 -0.08333323
v 0.28823823 -0.32986897 -0.07986886
v 0.28823823 -0.22222224 -0.07986102
v -0.28823823 -0.32782099 -0.08333323
v -0.28823823 -0.22222224 -0.08333324
v -0.28823823 -0.22222224 -0.07986102
v -0.28823823 -0.22222224 -0.07986102
v -0.28823823 -0.32986897 -0.07986886
v -0.28823823 -0.32782099 -0.08333323
v 0.28823823 -0.32986897 -0.07986886
v 0.28823823 -0.32782099 -0.08333323
v 0.28823823 -0.33333334 -0.07782087
v 0.28823823 -0.33333334 -0.07782087
v 0.28823823 -0.32782099 -0.08333323
v 0.00000000 -0.32782099 -0.08333323
v 0.00000000 -0.32782099 -0.08333323
v 0.00000000 -0.33333334 -0.07782087
v 0.28823823 -0.33333334 -0.07782087
v -0.28823823 -0.33333334 -0.07782087
v 0.00000000 -0.33333334 -0.07782087
v 0.00000000 -0.32782099 -0.08333323
v 0.00000000 -0.32782099 -0.08333323
v -0.28823823 -0.32782099 -0.08333323
v -0.28823823 -0.33333334 -0.07782087
v -0.28823823 -0.32782099 -0.08333323
v -0.28823823 -0.32986897 -0.07986886
v -0.28823823 -0.33333334 -0.07782087
v -0.28823823 -0.32986110 -0.04513879
v -0.28823823 -0.33333331 -0.04166656
v -0.28823823 -0.33333334 -0.07782087
v -0.28823823 -0.33333334 -0.07782087
v -0.28823823 -0.32986897 -0.07986886
v -0.28823823 -0.32986110 -0.04513879
v 0.28823823 -0.32986110 -0.04513879
v 0.28823823 -0.32986897 -0.07986886
v 0.28823823 -0.33333334 -0.07782087
v 0.28823823 -0.33333334 -0.07782087
v 0.28823823 -0.33333331 -0.04166656
v 0.28823823 -0.32986110 -0.04513879
v 0.28823823 -0.32986110 -0.04513879
v 0.28823823 -0.33333331 -0.04166656
v 0.28823823 -0.27777779 -0.04166658
v 0.28823823 -0.27777779 -0.04166658
v 0.28823823 -0.27777779 -0.04513880
v 0.28823823 -0.32986110 -0.04513879
v 0.28823823 -0.32782099 -0.08333323
v 0.28823823 -0.22222224 -0.08333324
v 0.00000000 -0.22222224 -0.08333325
v 0.00000000 -0.22222224 -0.08333325
v 0.00000000 -0.32782099 -0.08333323
v 0.28823823 -0.32782099 -0.08333323
v -0.28823823 -0.32782099 -0.08333323
v 0.00000000 -0.32782099 -0.08333323
v 0.00000000 -0.22222224 -0.08333325
v 0.00000000 -0.22222224 -0.08333325
v -0.28823823 -0.22222224 -0.08333324
v -0.28823823 -0.32782099 -0.08333323
v 0.28823823 -0.27777779 -0.04166658
v 0.28823823 -0.33333331 -0.04166656
v 0.00000000 -0.33333331 -0.04166656
v 0.00000000 -0.33333331 -0.04166656
v 0.00000000 -0.27777779 -0.04166658
v 0.28823823 -0.27777779 -0.04166658
v -0.28823823 -0.27777779 -0.04166658
v 0.00000000 -0.27777779 -0.04166658
v 0.00000000 -0.33333331 -0.04166656
v 0.00000000 -0.33333331 -0.04166656
v -0.28823823 -0.33333331 -0.04166656
v -0.28823823 -0.27777779 -0.04166658
v 0.28823823 -0.33333331 -0.04166656
v 0.28823823 -0.33333334 -0.07782087
v 0.00000000 -0.33333334 -0.07782087
v 0.00000000 -0.33333334 -0.07782087
v 0.00000000 -0.33333331 -0.04166656
v 0.28823823 -0.33333331 -0.04166656
v -0.28823823 -0.33333331 -0.04166656
v 0.00000000 -0.33333331 -0.04166656
v 0.00000000 -0.33333334 -0.07782087
v 0.00000000 -0.33333334 -0.07782087
v -0.28823823 -0.33333334 -0.07782087
v -0.28823823 -0.33333331 -0.04166656
v 0.34722221 0.09722219 -0.08333333
v 0.34722221 -0.19444446 -0.08333325
v 0.49448761 -0.25837654 -0.08333325
v 0.49448761 -0.25837654 -0.08333325
v 0.49448764 0.20475568 -0.08333334
v 0.34722221 0.09722219 -0.08333333
v 0.34722221 0.09722219 -0.08333333
v 0.49448764 0.20475568 -0.08333334
v 0.34350070 0.11111106 -0.08333333
v 0.49448761 -0.25837654 -0.08333325
v 0.34722221 -0.19444446 -0.08333325
v 0.42504323 -0.25837654 -0.08333325
v 0.42504323 -0.25837654 -0.08333325
v 0.34722221 -0.19444446 -0.08333325
v 0.34350070 -0.20833333 -0.08333325
v 0.34350070 0.11111106 -0.08333333
v 0.49448764 0.20475568 -0.08333334
v 0.42023760 0.23842642 -0.08333335
v 0.42504323 -0.25837654 -0.08333325
v 0.34350070 -0.20833333 -0.08333325
v 0.33333331 -0.21850073 -0.08333325
v 0.42023760 0.23842642 -0.08333335
v 0.33333331 0.12127844 -0.08333333
v 0.34350070 0.11111106 -0.08333333
v 0.42504323 -0.25837654 -0.08333325
v 0.33333331 -0.21850073 -0.08333325
v 0.31944442 -0.22222224 -0.08333325
v 0.42504323 -0.25837654 -0.08333325
v 0.31944442 -0.22222224 -0.08333325
v 0.29504448 -0.22222224 -0.08333324
v 0.31022283 0.21954066 -0.08333340
v 0.33333331 0.12127844 -0.08333333
v 0.42023760 0.23842642 -0.08333335
v 0.31944442 0.12500000 -0.08333333
v 0.33333331 0.12127844 -0.08333333
v 0.31022283 0.21954066 -0.08333340
v 0.31022283 0.21954066 -0.08333340
v 0.29504448 0.21202844 -0.08333334
v 0.31944442 0.12500000 -0.08333333
v 0.31944442 0.12500000 -0.08333333
v 0.29504448 0.21202844 -0.08333334
v 0.29504448 0.12500000 -0.08333333
v 0.42023760 0.23842642 -0.08333335
v 0.31941903 0.23812209 -0.08333344
v 0.31022283 0.21954066 -0.08333340
v 0.31941903 0.23812209 -0.08333344
v 0.42023760 0.23842642 -0.08333335
v 0.31809023 0.27870145 -0.08333336
v 0.31809023 0.27870145 -0.08333336
v 0.31022277 0.25670350 -0.08333340
v 0.31941903 0.23812209 -0.08333344
v 0.29504448 0.26421562 -0.08333336
v 0.31022277 0.25670350 -0.08333340
v 0.31809023 0.27870145 -0.08333336
v 0.31809023 0.27870145 -0.08333336
v 0.29504448 0.28668627 -0.08333336
v 0.29504448 0.26421562 -0.08333336
v 0.42504323 -0.25837654 -0.08333325
v 0.29504448 -0.22222224 -0.08333324
v 0.36111110 -0.31944445 -0.08333323
v 0.36111110 -0.31944445 -0.08333323
v 0.29504448 -0.22222224 -0.08333324
v 0.29504448 -0.32782099 -0.08333322
v 0.29504448 -0.32782099 -0.08333322
v 0.36111110 -0.32782099 -0.08333323
v 0.36111110 -0.31944445 -0.08333323
v 0.36111110 -0.31944445 -0.08333323
v 0.41666669 -0.31944445 -0.08333323
v 0.42504323 -0.25837654 -0.08333325
v 0.42504323 -0.32782099 -0.08333323
v 0.42504323 -0.25837654 -0.08333325
v 0.41666669 -0.31944445 -0.08333323
v 0.41666669 -0.31944445 -0.08333323
v 0.41666669 -0.32782099 -0.08333323
v 0.42504323 -0.32782099 -0.08333323
v 0.34350070 -0.20833333 -0.08333325
v 0.34722221 -0.19444446 -0.08333325
v 0.34722221 -0.19444446 -0.07986103
v 0.34722221 -0.19444446 -0.07986103
v 0.34350067 -0.20833333 -0.07986103
v 0.34350070 -0.20833333 -0.08333325
v 0.34722221 -0.19444446 -0.07986103
v 0.34722221 -0.19444446 -0.08333325
v 0.34722221 0.09722219 -0.08333333
v 0.34722221 0.09722219 -0.08333333
v 0.34722221 0.09722219 -0.07986110
v 0.34722221 -0.19444446 -0.07986103
v 0.33333331 -0.21850073 -0.08333325
v 0.34350070 -0.20833333 -0.08333325
v 0.34350067 -0.20833333 -0.07986103
v 0.34350067 -0.20833333 -0.07986103
v 0.33333331 -0.21850073 -0.07986103
v 0.33333331 -0.21850073 -0.08333325
v 0.34722221 0.09722219 -0.07986110
v 0.34722221 0.09722219 -0.08333333
v 0.34350070 0.11111106 -0.08333333
v 0.34350070 0.11111106 -0.08333333
v 0.34350067 0.11111106 -0.07986110
v 0.34722221 0.09722219 -0.07986110
v 0.31944442 -0.22222224 -0.08333325
v 0.33333331 -0.21850073 -0.08333325
v 0.33333331 -0.21850073 -0.07986103
v 0.33333331 -0.21850073 -0.07986103
v 0.31944442 -0.22222224 -0.07986103
v 0.31944442 -0.22222224 -0.08333325
v 0.34350067 0.11111106 -0.07986110
v 0.34350070 0.11111106 -0.08333333
v 0.33333331 0.12127844 -0.08333333
v 0.33333331 0.12127844 -0.08333333
v 0.33333331 0.12127844 -0.07986111
v 0.34350067 0.11111106 -0.07986110
v 0.29504448 -0.22222224 -0.08333324
v 0.31944442 -0.22222224 -0.08333325
v 0.31944442 -0.22222224 -0.07986103
v 0.31944442 -0.22222224 -0.07986103
v 0.29504448 -0.22222224 -0.07986103
v 0.29504448 -0.22222224 -0.08333324
v 0.33333331 0.12127844 -0.07986111
v 0.33333331 0.12127844 -0.08333333
v 0.31944442 0.12500000 -0.08333333
v 0.31944442 0.12500000 -0.08333333
v 0.31944442 0.12500000 -0.07986111
v 0.33333331 0.12127844 -0.07986111
v 0.31944442 0.12500000 -0.07986111
v 0.31944442 0.12500000 -0.08333333
v 0.29504448 0.12500000 -0.08333333
v 0.29504448 0.12500000 -0.08333333
v 0.29504448 0.12500000 -0.07986111
v 0.31944442 0.12500000 -0.07986111
v 0.29504448 0.12500000 -0.07986111
v 0.29504448 0.12500000 -0.08333333
v 0.29504448 0.21202844 -0.08333334
v 0.29504448 0.21202844 -0.08333334
v 0.29504448 0.21202844 -0.07986113
v 0.29504448 0.12500000 -0.07986111
v 0.29504448 0.21202844 -0.07986113
v 0.29504448 0.21202844 -0.08333334
v 0.29504448 0.21897306 -0.07986113
v 0.29504448 0.21897306 -0.07986113
v 0.29504448 0.21897306 -0.07638892
v 0.29504448 0.21202844 -0.07986113
v 0.30557743 0.22418611 -0.07638907
v 0.29504448 0.21897306 -0.07638892
v 0.29504448 0.21897306 -0.07986113
v 0.29504448 0.21897306 -0.07986113
v 0.30557743 0.22418611 -0.07986115
v 0.30557743 0.22418611 -0.07638907
v 0.30555552 -0.27777779 -0.04166658
v 0.30555552 -0.33333331 -0.04166656
v 0.29504448 -0.33333331 -0.04166656
v 0.29504448 -0.33333331 -0.04166656
v 0.29504448 -0.27777779 -0.04166658
v 0.30555552 -0.27777779 -0.04166658
v 0.30555552 -0.27777776 0.05555563
v 0.30555552 -0.33333331 0.05555565
v 0.30555552 -0.33333331 -0.04166656
v 0.30555552 -0.33333331 -0.04166656
v 0.30555552 -0.27777779 -0.04166658
v 0.30555552 -0.27777776 0.05555563
v 0.33333331 0.12127844 -0.07986111
v 0.31944442 0.12500000 -0.07986111
v 0.31944442 -0.22222224 -0.07986103
v 0.29504448 -0.22222224 -0.07986103
v 0.31944442 -0.22222224 -0.07986103
v 0.31944442 0.12500000 -0.07986111
v 0.31944442 -0.22222224 -0.07986103
v 0.33333331 -0.21850073 -0.07986103
v 0.33333331 0.12127844 -0.07986111
v 0.31944442 0.12500000 -0.07986111
v 0.29504448 0.12500000 -0.07986111
v 0.29504448 -0.22222224 -0.07986103
v 0.34350067 0.11111106 -0.07986110
v 0.33333331 0.12127844 -0.07986111
v 0.33333331 -0.21850073 -0.07986103
v 0.28823823 -0.22222224 -0.07986102
v 0.29504448 -0.22222224 -0.07986103
v 0.29504448 0.12500000 -0.07986111
v 0.33333331 -0.21850073 -0.07986103
v 0.34350067 -0.20833333 -0.07986103
v 0.34350067 0.11111106 -0.07986110
v 0.34350067 0.11111106 -0.07986110
v 0.34350067 -0.20833333 -0.07986103
v 0.34722221 -0.19444446 -0.07986103
v 0.34722221 -0.19444446 -0.07986103
v 0.34722221 0.09722219 -0.07986110
v 0.34350067 0.11111106 -0.07986110
v 0.29504448 0.12500000 -0.07986111
v 0.28823823 0.12500000 -0.07986109
v 0.28823823 -0.22222224 -0.07986102
v 0.00000000 -0.22222224 -0.07986102
v 0.28823823 -0.22222224 -0.07986102
v 0.28823823 0.12500000 -0.07986109
v 0.28823823 0.12500000 -0.07986109
v 0.00000000 0.12500000 -0.07986109
v 0.00000000 -0.22222224 -0.07986102
v 0.00000000 -0.22222224 -0.07986102
v 0.00000000 0.12500000 -0.07986109
v -0.28823823 0.12500000 -0.07986109
v -0.28823823 0.12500000 -0.07986109
v -0.28823823 -0.22222224 -0.07986102
v 0.00000000 -0.22222224 -0.07986102
v -0.28823823 -0.22222224 -0.07986102
v -0.28823823 0.12500000 -0.07986109
v -0.29504448 0.12500000 -0.07986111
v -0.29504448 0.12500000 -0.07986111
v -0.29504448 -0.22222224 -0.07986103
v -0.28823823 -0.22222224 -0.07986102
v -0.29504448 -0.22222224 -0.07986103
v -0.29504448 0.12500000 -0.07986111
v -0.31944442 0.12500000 -0.07986111
v -0.31944442 0.12500000 -0.07986111
v -0.31944442 -0.22222224 -0.07986103
v -0.29504448 -0.22222224 -0.07986103
v -0.31944442 -0.22222224 -0.07986103
v -0.31944442 0.12500000 -0.07986111
v -0.33333331 0.12127844 -0.07986111
v -0.33333331 0.12127844 -0.07986111
v -0.33333331 -0.21850073 -0.07986103
v -0.31944442 -0.22222224 -0.07986103
v -0.33333331 -0.21850073 -0.07986103
v -0.33333331 0.12127844 -0.07986111
v -0.34350067 0.11111106 -0.07986110
v -0.34350067 0.11111106 -0.07986110
v -0.34350067 -0.20833333 -0.07986103
v -0.33333331 -0.21850073 -0.07986103
v -0.34722221 -0.19444446 -0.07986103
v -0.34350067 -0.20833333 -0.07986103
v -0.34350067 0.11111106 -0.07986110
v -0.34350067 0.11111106 -0.07986110
v -0.34722221 0.09722219 -0.07986110
v -0.34722221 -0.19444446 -0.07986103
v 0.29504448 -0.27777779 -0.04166658
v 0.29504448 -0.33333331 -0.04166656
v 0.29504448 -0.32986110 -0.04513879
v 0.29504448 -0.32986110 -0.04513879
v 0.29504448 -0.27777779 -0.04513880
v 0.29504448 -0.27777779 -0.04166658
v 0.28823823 0.25727123 -0.07986113
v 0.28823823 0.25727123 -0.07638890
v 0.28823823 0.26421562 -0.07986112
v 0.28823823 0.26421562 -0.07986112
v 0.28823823 0.26421562 -0.08333334
v 0.28823823 0.25727123 -0.07986113
v 0.28823823 0.28931496 -0.08333335
v 0.28823823 0.26421562 -0.08333334
v 0.28823823 0.26421562 -0.07986112
v 0.28823823 0.26421562 -0.07986112
v 0.28823823 0.29129860 -0.07986113
v 0.28823823 0.28931496 -0.08333335
v 0.28823823 0.25727123 -0.07986113
v 0.27770537 0.25205815 -0.07986107
v 0.27770537 0.25205815 -0.07638899
v 0.27770537 0.25205815 -0.07638899
v 0.28823823 0.25727123 -0.07638890
v 0.28823823 0.25727123 -0.07986113
v 0.27770537 0.22418611 -0.07986099
v 0.27770537 0.22418611 -0.07638890
v 0.27080813 0.23812209 -0.07638892
v 0.27080813 0.23812209 -0.07638892
v 0.27080813 0.23812209 -0.07986100
v 0.27770537 0.22418611 -0.07986099
v 0.28823823 -0.32986897 -0.07986886
v 0.29504448 -0.32986897 -0.07986886
v 0.29504448 -0.22222224 -0.07986103
v 0.29504448 -0.22222224 -0.07986103
v 0.28823823 -0.22222224 -0.07986102
v 0.28823823 -0.32986897 -0.07986886
v 0.29504448 -0.32986110 -0.04513879
v 0.29504448 -0.32986897 -0.07986886
v 0.28823823 -0.32986897 -0.07986886
v 0.28823823 -0.32986897 -0.07986886
v 0.28823823 -0.32986110 -0.04513879
v 0.29504448 -0.32986110 -0.04513879
v 0.29504448 -0.32986110 -0.04513879
v 0.28823823 -0.32986110 -0.04513879
v 0.28823823 -0.27777779 -0.04513880
v 0.28823823 -0.27777779 -0.04513880
v 0.29504448 -0.27777779 -0.04513880
v 0.29504448 -0.32986110 -0.04513879
v 0.41666669 -0.33333334 -0.07782087
v 0.41666669 -0.31944445 -0.08333323
v 0.41666669 -0.31944445 -0.02777768
v 0.41666669 -0.33333334 -0.07782087
v 0.41666669 -0.32782099 -0.08333323
v 0.41666669 -0.31944445 -0.08333323
v 0.41666669 -0.33333334 -0.07782087
v 0.41666669 -0.31944445 -0.02777768
v 0.41666669 -0.33333331 -0.02777768
v 0.29504448 -0.32986110 -0.04513879
v 0.29504448 -0.33333331 -0.04166656
v 0.29504448 -0.33333334 -0.07782086
v 0.29504448 -0.33333334 -0.07782086
v 0.29504448 -0.32986897 -0.07986886
v 0.29504448 -0.32986110 -0.04513879
v 0.43606791 -0.26388890 -0.07782088
v 0.43606791 -0.26388890 -0.06106783
v 0.49448761 -0.26388890 -0.06106783
v 0.49448761 -0.26388890 -0.06106783
v 0.49448761 -0.26388890 -0.07782088
v 0.43606791 -0.26388890 -0.07782088
v 0.41666669 -0.33333331 -0.02777768
v 0.41666669 -0.31944445 -0.02777768
v 0.36111110 -0.31944445 -0.02777768
v 0.36111110 -0.31944445 -0.02777768
v 0.36111110 -0.33333331 -0.02777768
v 0.41666669 -0.33333331 -0.02777768
v 0.36111110 -0.31944445 -0.08333323
v 0.36111110 -0.31944445 -0.02777768
v 0.41666669 -0.31944445 -0.02777768
v 0.41666669 -0.31944445 -0.02777768
v 0.41666669 -0.31944445 -0.08333323
v 0.36111110 -0.31944445 -0.08333323
v 0.49448761 -0.26940125 -0.05555547
v 0.43606791 -0.26940125 -0.05555547
v 0.43606791 -0.32782096 -0.05555546
v 0.43606791 -0.32782096 -0.05555546
v 0.49448761 -0.32782096 -0.05555546
v 0.49448761 -0.26940125 -0.05555547
v 0.29504448 -0.32782099 -0.08333322
v 0.29504448 -0.22222224 -0.08333324
v 0.29504448 -0.22222224 -0.07986103
v 0.29504448 -0.22222224 -0.07986103
v 0.29504448 -0.32986897 -0.07986886
v 0.29504448 -0.32782099 -0.08333322
v 0.36111110 -0.33333334 -0.07782087
v 0.36111110 -0.32782099 -0.08333323
v 0.29504448 -0.32782099 -0.08333322
v 0.29504448 -0.32782099 -0.08333322
v 0.29504448 -0.33333334 -0.07782086
v 0.36111110 -0.33333334 -0.07782087
v 0.29504448 -0.32986897 -0.07986886
v 0.29504448 -0.33333334 -0.07782086
v 0.29504448 -0.32782099 -0.08333322
v 0.43055555 -0.32782096 -0.07782087
v 0.43055555 -0.32782096 -0.06106782
v 0.43055555 -0.26940125 -0.06106783
v 0.43055555 -0.26940125 -0.06106783
v 0.43055555 -0.26940125 -0.07782088
v 0.43055555 -0.32782096 -0.07782087
v 0.36111110 -0.31944445 -0.02777768
v 0.36111110 -0.33333334 -0.07782087
v 0.36111110 -0.33333331 -0.02777768
v 0.36111110 -0.31944445 -0.02777768
v 0.36111110 -0.31944445 -0.08333323
v 0.36111110 -0.33333334 -0.07782087
v 0.36111110 -0.31944445 -0.08333323
v 0.36111110 -0.32782099 -0.08333323
v 0.36111110 -0.33333334 -0.07782087
v 0.41634110 -0.33333331 -0.03826952
v 0.41634110 -0.31944445 -0.03826952
v 0.36143669 -0.31944445 -0.03826952
v 0.36143669 -0.31944445 -0.03826952
v 0.36143669 -0.33333331 -0.03826952
v 0.41634110 -0.33333331 -0.03826952
v 0.41634110 -0.33333331 -0.03826952
v 0.36143669 -0.33333331 -0.03826952
v 0.36143669 -0.33333331 -0.02837214
v 0.36143669 -0.33333331 -0.02837214
v 0.41634110 -0.33333331 -0.02837214
v 0.41634110 -0.33333331 -0.03826952
v 0.28823823 0.29129866 0.07986106
v 0.28823823 0.28925854 0.08333328
v 0.28823823 0.29477087 0.07782092
v 0.28823823 0.29129860 -0.07986113
v 0.28823823 0.29477084 -0.07782099
v 0.28823823 0.28931496 -0.08333335
v 0.50000000 0.20282094 -0.07782097
v 0.49497971 0.21060985 -0.07782098
v 0.49448764 0.20475568 -0.08333334
v 0.49497971 0.21060985 0.00516374
v 0.49497971 0.21060985 -0.07782098
v 0.50000000 0.20282094 -0.07782097
v 0.50000000 0.20282094 -0.07782097
v 0.50000000 0.20282088 0.00563142
v 0.49497971 0.21060985 0.00516374
v 0.42023760 0.23842642 -0.08333335
v 0.49448764 0.20475568 -0.08333334
v 0.49497971 0.21060985 -0.07782098
v 0.49497971 0.21060985 -0.07782098
v 0.42361107 0.24297397 -0.07782099
v 0.42023760 0.23842642 -0.08333335
v 0.49497971 0.21060985 0.00516374
v 0.50000000 0.20282088 0.00563142
v 0.49626127 0.20451635 0.02964261
v 0.49626127 0.20451635 0.02964261
v 0.49145523 0.21220817 0.02779901
v 0.49497971 0.21060985 0.00516374
v 0.49145523 0.21220817 0.02779901
v 0.49626127 0.20451635 0.02964261
v 0.48541102 0.20943673 0.05130342
v 0.48541102 0.20943673 0.05130342
v 0.48140350 0.21676642 0.04786564
v 0.49145523 0.21220817 0.02779901
v 0.31809023 0.27870145 -0.08333336
v 0.42023760 0.23842642 -0.08333335
v 0.42361107 0.24297397 -0.07782099
v 0.42361107 0.24297397 -0.07782099
v 0.31803828 0.28459957 -0.07782099
v 0.31809023 0.27870145 -0.08333336
v 0.31803828 0.28459957 -0.07782099
v 0.29504448 0.29256636 -0.07782099
v 0.29504448 0.28668627 -0.08333336
v 0.29504448 0.28668627 -0.08333336
v 0.31809023 0.27870145 -0.08333336
v 0.31803828 0.28459957 -0.07782099
v 0.48140350 0.21676642 0.04786564
v 0.48541102 0.20943673 0.05130342
v 0.46851137 0.21710035 0.06849357
v 0.46851137 0.21710035 0.06849357
v 0.46566799 0.22390217 0.06387166
v 0.48140350 0.21676642 0.04786564
v 0.46566799 0.22390217 0.06387166
v 0.46851137 0.21710035 0.06849357
v 0.44721657 0.22675711 0.07953033
v 0.44721657 0.22675711 0.07953033
v 0.44574893 0.23293495 0.07419538
v 0.46566799 0.22390217 0.06387166
v 0.44574893 0.23293495 0.07419538
v 0.44721657 0.22675711 0.07953033
v 0.42361107 0.23746167 0.08333332
v 0.42361107 0.23746167 0.08333332
v 0.42361107 0.24297401 0.07776194
v 0.44574893 0.23293495 0.07419538
v 0.42361107 0.24297401 0.07776194
v 0.42361107 0.23746167 0.08333332
v 0.31783614 0.27916697 0.08333325
v 0.31783614 0.27916697 0.08333325
v 0.31803828 0.28459963 0.07776187
v 0.42361107 0.24297401 0.07776194
v 0.29504448 0.28706372 0.08333325
v 0.29504448 0.29256642 0.07776187
v 0.31803828 0.28459963 0.07776187
v 0.31803828 0.28459963 0.07776187
v 0.31783614 0.27916697 0.08333325
v 0.29504448 0.28706372 0.08333325
v 0.49448761 -0.25837654 -0.08333325
v 0.49448761 -0.26388890 -0.07782088
v 0.49999994 -0.25837654 -0.07782088
v 0.49448761 -0.25837654 -0.08333325
v 0.49999994 -0.25837654 -0.07782088
v 0.50000000 0.20282094 -0.07782097
v 0.50000000 0.20282094 -0.07782097
v 0.49448764 0.20475568 -0.08333334
v 0.49448761 -0.25837654 -0.08333325
v 0.49999994 -0.25837654 -0.07782088
v 0.49448761 -0.26388890 -0.07782088
v 0.49448761 -0.26388890 -0.06106783
v 0.49448761 -0.26388890 -0.06106783
v 0.50000000 -0.25837654 -0.05004311
v 0.49999994 -0.25837654 -0.07782088
v 0.50000000 -0.25837654 -0.05004311
v 0.49448761 -0.26388890 -0.06106783
v 0.49448761 -0.26940125 -0.05555547
v 0.49999994 -0.32782096 -0.05004309
v 0.50000000 -0.25837654 -0.05004311
v 0.49448761 -0.26940125 -0.05555547
v 0.49448761 -0.26940125 -0.05555547
v 0.49448761 -0.32782096 -0.05555546
v 0.49999994 -0.32782096 -0.05004309
v 0.49448761 -0.32782096 -0.05555546
v 0.49448761 -0.33333331 -0.05004309
v 0.49999994 -0.32782096 -0.05004309
v 0.49999994 -0.32782096 -0.05004309
v 0.49448761 -0.33333331 -0.05004309
v 0.49448764 -0.33333331 0.00508871
v 0.49448764 -0.33333331 0.00508871
v 0.50000000 -0.32782096 0.00563155
v 0.49999994 -0.32782096 -0.05004309
v 0.49509144 -0.32782096 0.03031880
v 0.50000000 -0.32782096 0.00563155
v 0.49448764 -0.33333331 0.00508871
v 0.49448764 -0.33333331 0.00508871
v 0.48866564 -0.33333331 0.02990497
v 0.49509144 -0.32782096 0.03031880
v 0.48355028 -0.32782096 0.05077824
v 0.49509144 -0.32782096 0.03031880
v 0.48866564 -0.33333331 0.02990497
v 0.48866564 -0.33333331 0.02990497
v 0.47875622 -0.33333331 0.04757043
v 0.48355028 -0.32782096 0.05077824
v 0.46588865 -0.32782096 0.06669113
v 0.48355028 -0.32782096 0.05077824
v 0.47875622 -0.33333331 0.04757043
v 0.47875622 -0.33333331 0.04757043
v 0.46289742 -0.33333331 0.06196643
v 0.46588865 -0.32782096 0.06669113
v 0.44577897 -0.32782096 0.07508475
v 0.46588865 -0.32782096 0.06669113
v 0.46289742 -0.33333331 0.06196643
v 0.46289742 -0.33333331 0.06196643
v 0.44429266 -0.33333331 0.06973187
v 0.44577897 -0.32782096 0.07508475
v 0.42916664 -0.32782093 0.07753289
v 0.44577897 -0.32782096 0.07508475
v 0.44429266 -0.33333331 0.06973187
v 0.44429266 -0.33333331 0.06973187
v 0.42649305 -0.33333331 0.07235498
v 0.42916664 -0.32782093 0.07753289
v 0.42504323 -0.25837654 -0.08333325
v 0.43055555 -0.26940125 -0.07782088
v 0.43606791 -0.26388890 -0.07782088
v 0.43055555 -0.26940125 -0.07782088
v 0.42504323 -0.25837654 -0.08333325
v 0.42504323 -0.32782099 -0.08333323
v 0.42504323 -0.32782099 -0.08333323
v 0.43055555 -0.32782096 -0.07782087
v 0.43055555 -0.26940125 -0.07782088
v 0.43055555 -0.32782096 -0.07782087
v 0.42504323 -0.32782099 -0.08333323
v 0.42504323 -0.33333334 -0.07782087
v 0.43055555 -0.32782096 -0.06106782
v 0.43055555 -0.32782096 -0.07782087
v 0.42504323 -0.33333334 -0.07782087
v 0.42504323 -0.33333334 -0.07782087
v 0.42724812 -0.33333331 -0.04894062
v 0.43055555 -0.32782096 -0.06106782
v 0.43055555 -0.32782096 -0.06106782
v 0.42724812 -0.33333331 -0.04894062
v 0.43606791 -0.32782096 -0.05555546
v 0.43055555 -0.32782096 -0.06106782
v 0.43606791 -0.32782096 -0.05555546
v 0.43606791 -0.26940125 -0.05555547
v 0.43606791 -0.26940125 -0.05555547
v 0.43055555 -0.26940125 -0.06106783
v 0.43055555 -0.32782096 -0.06106782
v 0.49448761 -0.33333331 -0.05004309
v 0.49448761 -0.32782096 -0.05555546
v 0.43606791 -0.32782096 -0.05555546
v 0.43606791 -0.32782096 -0.05555546
v 0.42724812 -0.33333331 -0.04894062
v 0.49448761 -0.33333331 -0.05004309
v 0.43606791 -0.26388890 -0.06106783
v 0.43606791 -0.26940125 -0.05555547
v 0.49448761 -0.26940125 -0.05555547
v 0.49448761 -0.26940125 -0.05555547
v 0.49448761 -0.26388890 -0.06106783
v 0.43606791 -0.26388890 -0.06106783
v 0.43055555 -0.26940125 -0.06106783
v 0.43606791 -0.26940125 -0.05555547
v 0.43606791 -0.26388890 -0.06106783
v 0.43055555 -0.26940125 -0.06106783
v 0.43606791 -0.26388890 -0.06106783
v 0.43606791 -0.26388890 -0.07782088
v 0.43606791 -0.26388890 -0.07782088
v 0.43055555 -0.26940125 -0.07782088
v 0.43055555 -0.26940125 -0.06106783
v 0.17147265 0.31915152 0.07782091
v 0.25447714 0.30431154 0.07782092
v 0.25042832 0.29935700 0.08333328
v 0.28823823 0.28925854 0.08333328
v 0.25042832 0.29935700 0.08333328
v 0.25447714 0.30431154 0.07782092
v 0.25447714 0.30431154 0.07782092
v 0.28823823 0.29477087 0.07782092
v 0.28823823 0.28925854 0.08333328
v 0.25042832 0.29935700 0.08333328
v 0.16944654 0.31386578 0.08333327
v 0.17147265 0.31915152 0.07782091
v 0.08795664 0.32984024 0.07782091
v 0.17147265 0.31915152 0.07782091
v 0.16944654 0.31386578 0.08333327
v 0.16944654 0.31386578 0.08333327
v 0.08680432 0.32445520 0.08333327
v 0.08795664 0.32984024 0.07782091
v 0.00000000 0.33333334 0.07782091
v 0.08795664 0.32984024 0.07782091
v 0.08680432 0.32445520 0.08333327
v 0.08680432 0.32445520 0.08333327
v 0.00000000 0.32787174 0.08333327
v 0.00000000 0.33333334 0.07782091
v 0.00000000 0.33333334 0.07782091
v 0.00000000 0.32787174 0.08333327
v -0.08680432 0.32445520 0.08333327
v -0.08680432 0.32445520 0.08333327
v -0.08795664 0.32984024 0.07782091
v 0.00000000 0.33333334 0.07782091
v -0.08795664 0.32984024 0.07782091
v -0.08680432 0.32445520 0.08333327
v -0.16944654 0.31386578 0.08333327
v -0.16944654 0.31386578 0.08333327
v -0.17147265 0.31915152 0.07782091
v -0.08795664 0.32984024 0.07782091
v -0.17147265 0.31915152 0.07782091
v -0.16944654 0.31386578 0.08333327
v -0.25042832 0.29935700 0.08333328
v -0.25042832 0.29935700 0.08333328
v -0.25447714 0.30431154 0.07782092
v -0.17147265 0.31915152 0.07782091
v -0.25447714 0.30431154 0.07782092
v -0.25042832 0.29935700 0.08333328
v -0.28823823 0.28925854 0.08333328
v -0.28823823 0.28925854 0.08333328
v -0.28823823 0.29477087 0.07782092
v -0.25447714 0.30431154 0.07782092
v 0.17075196 0.31368461 -0.08333336
v 0.17147265 0.31915146 -0.07782099
v 0.08795664 0.32984018 -0.07782102
v 0.25447714 0.30431148 -0.07782099
v 0.17147265 0.31915146 -0.07782099
v 0.17075196 0.31368461 -0.08333336
v 0.08795664 0.32984018 -0.07782102
v 0.08565975 0.32455242 -0.08333339
v 0.17075196 0.31368461 -0.08333336
v 0.17075196 0.31368461 -0.08333336
v 0.25556213 0.29854903 -0.08333335
v 0.25447714 0.30431148 -0.07782099
v 0.28823823 0.29477084 -0.07782099
v 0.25447714 0.30431148 -0.07782099
v 0.25556213 0.29854903 -0.08333335
v 0.25556213 0.29854903 -0.08333335
v 0.28823823 0.28931496 -0.08333335
v 0.28823823 0.29477084 -0.07782099
v 0.08565975 0.32455242 -0.08333339
v 0.08795664 0.32984018 -0.07782102
v 0.00000000 0.33333328 -0.07782099
v 0.00000000 0.33333328 -0.07782099
v 0.00000000 0.32789284 -0.08333336
v 0.08565975 0.32455242 -0.08333339
v -0.08565975 0.32455242 -0.08333339
v 0.00000000 0.32789284 -0.08333336
v 0.00000000 0.33333328 -0.07782099
v 0.00000000 0.33333328 -0.07782099
v -0.08795664 0.32984018 -0.07782102
v -0.08565975 0.32455242 -0.08333339
v -0.17075194 0.31368461 -0.08333336
v -0.08565975 0.32455242 -0.08333339
v -0.08795664 0.32984018 -0.07782102
v -0.08795664 0.32984018 -0.07782102
v -0.17147265 0.31915146 -0.07782099
v -0.17075194 0.31368461 -0.08333336
v -0.17075194 0.31368461 -0.08333336
v -0.17147265 0.31915146 -0.07782099
v -0.25447714 0.30431148 -0.07782099
v -0.25447714 0.30431148 -0.07782099
v -0.25556213 0.29854903 -0.08333335
v -0.17075194 0.31368461 -0.08333336
v -0.25556213 0.29854903 -0.08333335
v -0.25447714 0.30431148 -0.07782099
v -0.28823823 0.29477084 -0.07782099
v -0.28823823 0.29477084 -0.07782099
v -0.28823823 0.28931496 -0.08333335
v -0.25556213 0.29854903 -0.08333335
v 0.49448761 -0.25837654 -0.08333325
v 0.42504323 -0.25837654 -0.08333325
v 0.43606791 -0.26388890 -0.07782088
v 0.43606791 -0.26388890 -0.07782088
v 0.49448761 -0.26388890 -0.07782088
v 0.49448761 -0.25837654 -0.08333325
v 0.41666669 -0.32782099 -0.08333323
v 0.41666669 -0.33333334 -0.07782087
v 0.42504323 -0.33333334 -0.07782087
v 0.42504323 -0.33333334 -0.07782087
v 0.42504323 -0.32782099 -0.08333323
v 0.41666669 -0.32782099 -0.08333323
v -0.20833331 -0.27777776 0.07986119
v 0.00000000 -0.27777776 0.07986113
v 0.00000000 -0.27777776 0.08333336
v 0.00000000 -0.27777776 0.08333336
v -0.20833331 -0.27777776 0.08333341
v -0.20833331 -0.27777776 0.07986119
v -0.22222219 -0.27405623 0.07986119
v -0.20833331 -0.27777776 0.07986119
v -0.20833331 -0.27777776 0.08333341
v -0.20833331 -0.27777776 0.08333341
v -0.22222222 -0.27405623 0.08333341
v -0.22222219 -0.27405623 0.07986119
v -0.22222219 -0.27405623 0.07986119
v -0.22222222 -0.27405623 0.08333341
v -0.23238955 -0.26388887 0.08333341
v -0.23238955 -0.26388887 0.08333341
v -0.23238958 -0.26388887 0.07986119
v -0.22222219 -0.27405623 0.07986119
v -0.23238958 -0.26388887 0.07986119
v -0.23238955 -0.26388887 0.08333341
v -0.23611109 -0.24999997 0.08333341
v -0.23611109 -0.24999997 0.08333341
v -0.23611109 -0.24999997 0.07986119
v -0.23238958 -0.26388887 0.07986119
v -0.23611109 0.21650346 0.07986107
v -0.23611109 -0.24999997 0.07986119
v -0.23611109 -0.24999997 0.08333341
v -0.23611109 -0.24999997 0.08333341
v -0.23611109 0.21650346 0.08333329
v -0.23611109 0.21650346 0.07986107
v -0.23611109 0.21650346 0.07986107
v -0.23611109 0.21650346 0.08333329
v -0.23242648 0.23091507 0.08333329
v -0.23242648 0.23091507 0.08333329
v -0.23242648 0.23091507 0.07986107
v -0.23611109 0.21650346 0.07986107
v -0.23242648 0.23091507 0.07986107
v -0.23242648 0.23091507 0.08333329
v -0.22235990 0.24251059 0.08333329
v -0.22235990 0.24251059 0.08333329
v -0.22235990 0.24251059 0.07986107
v -0.23242648 0.23091507 0.07986107
v -0.22235990 0.24251059 0.07986107
v -0.22235990 0.24251059 0.08333329
v -0.20860870 0.24818298 0.08333329
v -0.20860870 0.24818298 0.08333329
v -0.20860870 0.24818298 0.07986107
v -0.22235990 0.24251059 0.07986107
v -0.14925921 0.26517084 0.07986106
v -0.20860870 0.24818298 0.07986107
v -0.20860870 0.24818298 0.08333329
v -0.20860870 0.24818298 0.08333329
v -0.14925921 0.26517090 0.08333328
v -0.14925921 0.26517084 0.07986106
v -0.07659391 0.27438688 0.07986106
v -0.14925921 0.26517084 0.07986106
v -0.14925921 0.26517090 0.08333328
v -0.14925921 0.26517090 0.08333328
v -0.07659391 0.27438694 0.08333328
v -0.07659391 0.27438688 0.07986106
v 0.00000000 0.27777779 0.07986106
v -0.07659391 0.27438688 0.07986106
v -0.07659391 0.27438694 0.08333328
v -0.07659391 0.27438694 0.08333328
v 0.00000000 0.27777779 0.08333328
v 0.00000000 0.27777779 0.07986106
v -0.28823823 0.29477084 -0.07782099
v -0.28823823 0.29477087 0.07782092
v -0.28823823 0.29129866 0.07986106
v -0.28823823 0.29129866 0.07986106
v -0.28823823 0.29129860 -0.07986113
v -0.28823823 0.29477084 -0.07782099
v -0.31803828 0.28459963 0.07776187
v -0.42361107 0.24297401 0.07776194
v -0.42361107 0.24297397 -0.07782099
v -0.42361107 0.24297397 -0.07782099
v -0.31803828 0.28459957 -0.07782099
v -0.31803828 0.28459963 0.07776187
v -0.31803828 0.28459963 0.07776187
v -0.31803828 0.28459957 -0.07782099
v -0.29504448 0.29256636 -0.07782099
v -0.29504448 0.29256636 -0.07782099
v -0.29504448 0.29256642 0.07776187
v -0.31803828 0.28459963 0.07776187
v -0.49497971 0.21060985 0.00516374
v -0.42361107 0.24297397 -0.07782099
v -0.42361107 0.24297401 0.07776194
v -0.49497971 0.21060985 0.00516374
v -0.49497971 0.21060985 -0.07782098
v -0.42361107 0.24297397 -0.07782099
v -0.49497971 0.21060985 0.00516374
v -0.42361107 0.24297401 0.07776194
v -0.44574893 0.23293495 0.07419538
v -0.49497971 0.21060985 0.00516374
v -0.44574893 0.23293495 0.07419538
v -0.46566799 0.22390217 0.06387166
v -0.49497971 0.21060985 0.00516374
v -0.46566799 0.22390217 0.06387166
v -0.48140350 0.21676642 0.04786564
v -0.49497971 0.21060985 0.00516374
v -0.48140350 0.21676642 0.04786564
v -0.49145523 0.21220817 0.02779901
v -0.28823823 -0.27777776 0.05555563
v -0.28823823 -0.27777776 0.05902786
v -0.28823823 -0.32986107 0.05902787
v -0.28823823 -0.32986107 0.05902787
v -0.28823823 -0.33333331 0.05555565
v -0.28823823 -0.27777776 0.05555563
v -0.29504448 0.28909412 -0.07986115
v -0.29504448 0.28910202 0.07986891
v -0.29504448 0.29256642 0.07776187
v -0.29504448 0.29256642 0.07776187
v -0.29504448 0.29256636 -0.07782099
v -0.29504448 0.28909412 -0.07986115
v -0.29504448 0.28668627 -0.08333336
v -0.29504448 0.28909412 -0.07986115
v -0.29504448 0.29256636 -0.07782099
v -0.29504448 0.29256642 0.07776187
v -0.29504448 0.28910202 0.07986891
v -0.29504448 0.28706372 0.08333325
v -0.29504448 -0.32782477 0.08333344
v -0.31783614 0.27916697 0.08333325
v -0.29504448 0.28706372 0.08333325
v -0.31783614 0.27916697 0.08333325
v -0.29504448 -0.32782477 0.08333344
v -0.42361107 -0.15277776 0.08333340
v -0.42361107 -0.32782093 0.08333343
v -0.42361107 -0.15277776 0.08333340
v -0.29504448 -0.32782477 0.08333344
v -0.42361107 -0.15277776 0.08333340
v -0.42361107 0.23746167 0.08333332
v -0.31783614 0.27916697 0.08333325
v -0.42361107 0.23746167 0.08333332
v -0.42361107 -0.15277776 0.08333340
v -0.44721657 -0.14006338 0.07953041
v -0.44721657 -0.14006338 0.07953041
v -0.44721657 0.22675711 0.07953033
v -0.42361107 0.23746167 0.08333332
v -0.46851137 0.21710035 0.06849357
v -0.44721657 0.22675711 0.07953033
v -0.44721657 -0.14006338 0.07953041
v -0.44721657 -0.14006338 0.07953041
v -0.46851137 -0.13284142 0.06849363
v -0.46851137 0.21710035 0.06849357
v -0.48541102 0.20943673 0.05130342
v -0.46851137 0.21710035 0.06849357
v -0.46851137 -0.13284142 0.06849363
v -0.46851137 -0.13284142 0.06849363
v -0.48541102 -0.12778629 0.05130355
v -0.48541102 0.20943673 0.05130342
v -0.49626127 0.20451635 0.02964261
v -0.48541102 0.20943673 0.05130342
v -0.48541102 -0.12778629 0.05130355
v -0.48541102 -0.12778629 0.05130355
v -0.49626127 -0.12499999 0.02964271
v -0.49626127 0.20451635 0.02964261
v -0.50000000 0.20282088 0.00563142
v -0.49626127 0.20451635 0.02964261
v -0.49626127 -0.12499999 0.02964271
v -0.49626127 -0.12499999 0.02964271
v -0.50000000 -0.12499999 0.00563150
v -0.50000000 0.20282088 0.00563142
v -0.50000000 0.20282094 -0.07782097
v -0.50000000 0.20282088 0.00563142
v -0.50000000 -0.12499999 0.00563150
v -0.50000000 -0.12499999 0.00563150
v -0.50000000 -0.25837654 -0.05004311
v -0.50000000 0.20282094 -0.07782097
v -0.49999994 -0.25837654 -0.07782088
v -0.50000000 0.20282094 -0.07782097
v -0.50000000 -0.25837654 -0.05004311
v -0.50000000 -0.25837654 -0.05004311
v -0.50000000 -0.12499999 0.00563150
v -0.50000000 -0.32782096 0.00563155
v -0.50000000 -0.32782096 0.00563155
v -0.49999994 -0.32782096 -0.05004309
v -0.50000000 -0.25837654 -0.05004311
v -0.50000000 -0.32782096 0.00563155
v -0.50000000 -0.12499999 0.00563150
v -0.49509144 -0.12650755 0.03031875
v -0.49509144 -0.12650755 0.03031875
v -0.49509144 -0.32782096 0.03031880
v -0.50000000 -0.32782096 0.00563155
v -0.49509144 -0.32782096 0.03031880
v -0.49509144 -0.12650755 0.03031875
v -0.48355028 -0.13105407 0.05077819
v -0.48355028 -0.13105407 0.05077819
v -0.48355028 -0.32782096 0.05077824
v -0.49509144 -0.32782096 0.03031880
v -0.48355028 -0.32782096 0.05077824
v -0.48355028 -0.13105407 0.05077819
v -0.46588865 -0.13839847 0.06669108
v -0.46588865 -0.13839847 0.06669108
v -0.46588865 -0.32782096 0.06669113
v -0.48355028 -0.32782096 0.05077824
v -0.46588865 -0.32782096 0.06669113
v -0.46588865 -0.13839847 0.06669108
v -0.44577897 -0.14766642 0.07508471
v -0.44577897 -0.14766642 0.07508471
v -0.44577897 -0.32782096 0.07508475
v -0.46588865 -0.32782096 0.06669113
v -0.44577897 -0.32782096 0.07508475
v -0.44577897 -0.14766642 0.07508471
v -0.42916664 -0.15833333 0.07753285
v -0.42916664 -0.15833333 0.07753285
v -0.42916664 -0.32782093 0.07753289
v -0.44577897 -0.32782096 0.07508475
v -0.29504448 0.28910202 0.07986891
v -0.29504448 -0.32986894 0.07986905
v -0.29504448 -0.32782477 0.08333344
v -0.29504448 -0.32782477 0.08333344
v -0.29504448 0.28706372 0.08333325
v -0.29504448 0.28910202 0.07986891
v -0.29504448 -0.32782477 0.08333344
v -0.29504448 -0.32986894 0.07986905
v -0.29504448 -0.33333331 0.07782108
v -0.29504448 -0.32782477 0.08333344
v -0.29504448 -0.33333331 0.07782108
v -0.42125776 -0.33333331 0.07782107
v -0.42125776 -0.33333331 0.07782107
v -0.42361107 -0.32782093 0.08333343
v -0.29504448 -0.32782477 0.08333344
v -0.42916664 -0.32782093 0.07753289
v -0.42361107 -0.32782093 0.08333343
v -0.42125776 -0.33333331 0.07782107
v -0.42125776 -0.33333331 0.07782107
v -0.42649305 -0.33333331 0.07235498
v -0.42916664 -0.32782093 0.07753289
v -0.42125776 -0.33333331 0.07782107
v -0.29504448 -0.33333331 0.07782108
v -0.30555552 -0.33333331 0.05555565
v -0.30555552 -0.33333331 0.05555565
v -0.29504448 -0.33333331 0.07782108
v -0.29504448 -0.33333331 0.05555565
v -0.30555552 -0.33333331 0.05555565
v -0.42649305 -0.33333331 0.07235498
v -0.42125776 -0.33333331 0.07782107
v -0.42649305 -0.33333331 0.07235498
v -0.30555552 -0.33333331 0.05555565
v -0.49448764 -0.33333331 0.00508871
v -0.49448764 -0.33333331 0.00508871
v -0.48866564 -0.33333331 0.02990497
v -0.42649305 -0.33333331 0.07235498
v -0.42649305 -0.33333331 0.07235498
v -0.48866564 -0.33333331 0.02990497
v -0.47875622 -0.33333331 0.04757043
v -0.47875622 -0.33333331 0.04757043
v -0.44429266 -0.33333331 0.06973187
v -0.42649305 -0.33333331 0.07235498
v -0.47875622 -0.33333331 0.04757043
v -0.46289742 -0.33333331 0.06196643
v -0.44429266 -0.33333331 0.06973187
v -0.49448764 -0.33333331 0.00508871
v -0.30555552 -0.33333331 0.05555565
v -0.36111110 -0.33333331 -0.02777768
v -0.36111110 -0.33333331 -0.02777768
v -0.30555552 -0.33333331 0.05555565
v -0.30555552 -0.33333331 -0.04166656
v -0.36111110 -0.33333331 -0.02777768
v -0.41666669 -0.33333331 -0.02777768
v -0.49448764 -0.33333331 0.00508871
v -0.30555552 -0.33333331 -0.04166656
v -0.36111110 -0.33333334 -0.07782087
v -0.36111110 -0.33333331 -0.02777768
v -0.29504448 -0.33333334 -0.07782086
v -0.36111110 -0.33333334 -0.07782087
v -0.30555552 -0.33333331 -0.04166656
v -0.30555552 -0.33333331 -0.04166656
v -0.29504448 -0.33333331 -0.04166656
v -0.29504448 -0.33333334 -0.07782086
v -0.49448761 -0.33333331 -0.05004309
v -0.49448764 -0.33333331 0.00508871
v -0.41666669 -0.33333331 -0.02777768
v -0.41666669 -0.33333331 -0.02777768
v -0.42724812 -0.33333331 -0.04894062
v -0.49448761 -0.33333331 -0.05004309
v -0.42724812 -0.33333331 -0.04894062
v -0.41666669 -0.33333331 -0.02777768
v -0.41666669 -0.33333334 -0.07782087
v -0.41666669 -0.33333334 -0.07782087
v -0.42504323 -0.33333334 -0.07782087
v -0.42724812 -0.33333331 -0.04894062
v -0.29504448 -0.27777776 0.05555563
v -0.30555552 -0.27777776 0.05555563
v -0.30555552 -0.33333331 0.05555565
v -0.30555552 -0.33333331 0.05555565
v -0.29504448 -0.33333331 0.05555565
v -0.29504448 -0.27777776 0.05555563
v -0.44577897 -0.14766642 0.07508471
v -0.44721657 -0.14006338 0.07953041
v -0.42361107 -0.15277776 0.08333340
v -0.42361107 -0.15277776 0.08333340
v -0.42916664 -0.15833333 0.07753285
v -0.44577897 -0.14766642 0.07508471
v -0.44721657 -0.14006338 0.07953041
v -0.44577897 -0.14766642 0.07508471
v -0.46588865 -0.13839847 0.06669108
v -0.46588865 -0.13839847 0.06669108
v -0.46851137 -0.13284142 0.06849363
v -0.44721657 -0.14006338 0.07953041
v -0.42916664 -0.15833333 0.07753285
v -0.42361107 -0.15277776 0.08333340
v -0.42361107 -0.32782093 0.08333343
v -0.42361107 -0.32782093 0.08333343
v -0.42916664 -0.32782093 0.07753289
v -0.42916664 -0.15833333 0.07753285
v -0.46851137 -0.13284142 0.06849363
v -0.46588865 -0.13839847 0.06669108
v -0.48355028 -0.13105407 0.05077819
v -0.48355028 -0.13105407 0.05077819
v -0.48541102 -0.12778629 0.05130355
v -0.46851137 -0.13284142 0.06849363
v -0.48541102 -0.12778629 0.05130355
v -0.48355028 -0.13105407 0.05077819
v -0.49509144 -0.12650755 0.03031875
v -0.49509144 -0.12650755 0.03031875
v -0.49626127 -0.12499999 0.02964271
v -0.48541102 -0.12778629 0.05130355
v -0.49626127 -0.12499999 0.02964271
v -0.49509144 -0.12650755 0.03031875
v -0.50000000 -0.12499999 0.00563150
v -0.29504448 -0.32986107 0.05902787
v -0.29504448 -0.33333331 0.05555565
v -0.29504448 -0.33333331 0.07782108
v -0.29504448 -0.33333331 0.07782108
v -0.29504448 -0.32986894 0.07986905
v -0.29504448 -0.32986107 0.05902787
v -0.29504448 -0.27777776 0.05555563
v -0.29504448 -0.33333331 0.05555565
v -0.29504448 -0.32986107 0.05902787
v -0.29504448 -0.32986107 0.05902787
v -0.29504448 -0.27777776 0.05902786
v -0.29504448 -0.27777776 0.05555563
v -0.28823823 0.29129866 0.07986106
v -0.29504448 0.28910202 0.07986891
v -0.29504448 0.28909412 -0.07986115
v -0.29504448 0.28909412 -0.07986115
v -0.28823823 0.29129860 -0.07986113
v -0.28823823 0.29129866 0.07986106
v -0.29504448 0.28910202 0.07986891
v -0.28823823 0.29129866 0.07986106
v -0.28823823 -0.32986894 0.07986905
v -0.28823823 0.26421562 -0.07986112
v -0.28823823 0.29129860 -0.07986113
v -0.29504448 0.28909412 -0.07986115
v -0.29504448 0.28909412 -0.07986115
v -0.29504448 0.26421562 -0.07986114
v -0.28823823 0.26421562 -0.07986112
v -0.29504448 0.26421562 -0.07986114
v -0.29164135 0.25895554 -0.07638892
v -0.28823823 0.26421562 -0.07986112
v -0.28823823 -0.32986894 0.07986905
v -0.29504448 -0.32986894 0.07986905
v -0.29504448 0.28910202 0.07986891
v -0.29504448 -0.32986107 0.05902787
v -0.29504448 -0.32986894 0.07986905
v -0.28823823 -0.32986894 0.07986905
v -0.28823823 -0.32986894 0.07986905
v -0.28823823 -0.32986107 0.05902787
v -0.29504448 -0.32986107 0.05902787
v -0.29504448 -0.27777776 0.05902786
v -0.29504448 -0.32986107 0.05902787
v -0.28823823 -0.32986107 0.05902787
v -0.28823823 -0.32986107 0.05902787
v -0.28823823 -0.27777776 0.05902786
v -0.29504448 -0.27777776 0.05902786
v -0.49448761 -0.25837654 -0.08333325
v -0.34722221 -0.19444446 -0.08333325
v -0.34722221 0.09722219 -0.08333333
v -0.34722221 0.09722219 -0.08333333
v -0.49448764 0.20475568 -0.08333334
v -0.49448761 -0.25837654 -0.08333325
v -0.49448764 0.20475568 -0.08333334
v -0.34722221 0.09722219 -0.08333333
v -0.34350070 0.11111106 -0.08333333
v -0.34722221 -0.19444446 -0.08333325
v -0.49448761 -0.25837654 -0.08333325
v -0.42504323 -0.25837654 -0.08333325
v -0.42023760 0.23842642 -0.08333335
v -0.49448764 0.20475568 -0.08333334
v -0.34350070 0.11111106 -0.08333333
v -0.34722221 -0.19444446 -0.08333325
v -0.42504323 -0.25837654 -0.08333325
v -0.34350070 -0.20833333 -0.08333325
v -0.34350070 0.11111106 -0.08333333
v -0.33333331 0.12127844 -0.08333333
v -0.42023760 0.23842642 -0.08333335
v -0.34350070 -0.20833333 -0.08333325
v -0.42504323 -0.25837654 -0.08333325
v -0.33333331 -0.21850073 -0.08333325
v -0.33333331 -0.21850073 -0.08333325
v -0.42504323 -0.25837654 -0.08333325
v -0.31944442 -0.22222224 -0.08333325
v -0.31944442 -0.22222224 -0.08333325
v -0.42504323 -0.25837654 -0.08333325
v -0.29504448 -0.22222224 -0.08333324
v -0.42023760 0.23842642 -0.08333335
v -0.33333331 0.12127844 -0.08333333
v -0.31022283 0.21954066 -0.08333340
v -0.31022283 0.21954066 -0.08333340
v -0.33333331 0.12127844 -0.08333333
v -0.31944442 0.12500000 -0.08333333
v -0.31944442 0.12500000 -0.08333333
v -0.29504448 0.21202844 -0.08333334
v -0.31022283 0.21954066 -0.08333340
v -0.29504448 0.21202844 -0.08333334
v -0.31944442 0.12500000 -0.08333333
v -0.29504448 0.12500000 -0.08333333
v -0.31022283 0.21954066 -0.08333340
v -0.31941903 0.23812209 -0.08333344
v -0.42023760 0.23842642 -0.08333335
v -0.31809023 0.27870145 -0.08333336
v -0.42023760 0.23842642 -0.08333335
v -0.31941903 0.23812209 -0.08333344
v -0.31941903 0.23812209 -0.08333344
v -0.31022277 0.25670350 -0.08333340
v -0.31809023 0.27870145 -0.08333336
v -0.31809023 0.27870145 -0.08333336
v -0.31022277 0.25670350 -0.08333340
v -0.29504448 0.26421562 -0.08333335
v -0.29504448 0.26421562 -0.08333335
v -0.29504448 0.28668627 -0.08333336
v -0.31809023 0.27870145 -0.08333336
v -0.36111110 -0.31944445 -0.08333323
v -0.29504448 -0.22222224 -0.08333324
v -0.42504323 -0.25837654 -0.08333325
v -0.29504448 -0.32782099 -0.08333322
v -0.29504448 -0.22222224 -0.08333324
v -0.36111110 -0.31944445 -0.08333323
v -0.36111110 -0.31944445 -0.08333323
v -0.36111110 -0.32782099 -0.08333323
v -0.29504448 -0.32782099 -0.08333322
v -0.42504323 -0.25837654 -0.08333325
v -0.41666669 -0.31944445 -0.08333323
v -0.36111110 -0.31944445 -0.08333323
v -0.41666669 -0.31944445 -0.08333323
v -0.42504323 -0.25837654 -0.08333325
v -0.42504323 -0.32782099 -0.08333323
v -0.42504323 -0.32782099 -0.08333323
v -0.41666669 -0.32782099 -0.08333323
v -0.41666669 -0.31944445 -0.08333323
v -0.34350070 -0.20833333 -0.08333325
v -0.34350067 -0.20833333 -0.07986103
v -0.34722221 -0.19444446 -0.07986103
v -0.34722221 -0.19444446 -0.07986103
v -0.34722221 -0.19444446 -0.08333325
v -0.34350070 -0.20833333 -0.08333325
v -0.34722221 0.09722219 -0.08333333
v -0.34722221 -0.19444446 -0.08333325
v -0.34722221 -0.19444446 -0.07986103
v -0.34722221 -0.19444446 -0.07986103
v -0.34722221 0.09722219 -0.07986110
v -0.34722221 0.09722219 -0.08333333
v -0.34350070 0.11111106 -0.08333333
v -0.34722221 0.09722219 -0.08333333
v -0.34722221 0.09722219 -0.07986110
v -0.34722221 0.09722219 -0.07986110
v -0.34350067 0.11111106 -0.07986110
v -0.34350070 0.11111106 -0.08333333
v -0.34350067 -0.20833333 -0.07986103
v -0.34350070 -0.20833333 -0.08333325
v -0.33333331 -0.21850073 -0.08333325
v -0.33333331 -0.21850073 -0.08333325
v -0.33333331 -0.21850073 -0.07986103
v -0.34350067 -0.20833333 -0.07986103
v -0.33333331 0.12127844 -0.08333333
v -0.34350070 0.11111106 -0.08333333
v -0.34350067 0.11111106 -0.07986110
v -0.34350067 0.11111106 -0.07986110
v -0.33333331 0.12127844 -0.07986111
v -0.33333331 0.12127844 -0.08333333
v -0.33333331 -0.21850073 -0.07986103
v -0.33333331 -0.21850073 -0.08333325
v -0.31944442 -0.22222224 -0.08333325
v -0.31944442 -0.22222224 -0.08333325
v -0.31944442 -0.22222224 -0.07986103
v -0.33333331 -0.21850073 -0.07986103
v -0.31944442 0.12500000 -0.08333333
v -0.33333331 0.12127844 -0.08333333
v -0.33333331 0.12127844 -0.07986111
v -0.33333331 0.12127844 -0.07986111
v -0.31944442 0.12500000 -0.07986111
v -0.31944442 0.12500000 -0.08333333
v -0.31944442 -0.22222224 -0.07986103
v -0.31944442 -0.22222224 -0.08333325
v -0.29504448 -0.22222224 -0.08333324
v -0.29504448 -0.22222224 -0.08333324
v -0.29504448 -0.22222224 -0.07986103
v -0.31944442 -0.22222224 -0.07986103
v -0.29504448 0.12500000 -0.08333333
v -0.31944442 0.12500000 -0.08333333
v -0.31944442 0.12500000 -0.07986111
v -0.31944442 0.12500000 -0.07986111
v -0.29504448 0.12500000 -0.07986111
v -0.29504448 0.12500000 -0.08333333
v -0.29504448 0.21202844 -0.08333334
v -0.29504448 0.12500000 -0.08333333
v -0.29504448 0.12500000 -0.07986111
v -0.29504448 0.12500000 -0.07986111
v -0.29504448 0.21202844 -0.07986113
v -0.29504448 0.21202844 -0.08333334
v -0.29504448 0.21897306 -0.07986113
v -0.29504448 0.21202844 -0.08333334
v -0.29504448 0.21202844 -0.07986113
v -0.29504448 0.21202844 -0.07986113
v -0.29504448 0.21897306 -0.07638892
v -0.29504448 0.21897306 -0.07986113
v -0.30557743 0.22418611 -0.07638907
v -0.30557743 0.22418611 -0.07986115
v -0.29504448 0.21897306 -0.07986113
v -0.29504448 0.21897306 -0.07986113
v -0.29504448 0.21897306 -0.07638892
v -0.30557743 0.22418611 -0.07638907
v -0.29504448 -0.22222224 -0.07986103
v -0.29504448 -0.22222224 -0.08333324
v -0.29504448 -0.32782099 -0.08333322
v -0.29504448 -0.32782099 -0.08333322
v -0.29504448 -0.32986897 -0.07986886
v -0.29504448 -0.22222224 -0.07986103
v -0.29504448 -0.32782099 -0.08333322
v -0.36111110 -0.32782099 -0.08333323
v -0.36111110 -0.33333334 -0.07782087
v -0.36111110 -0.33333334 -0.07782087
v -0.29504448 -0.33333334 -0.07782086
v -0.29504448 -0.32782099 -0.08333322
v -0.29504448 -0.33333334 -0.07782086
v -0.29504448 -0.32986897 -0.07986886
v -0.29504448 -0.32782099 -0.08333322
v -0.30555552 -0.27777779 -0.04166658
v -0.29504448 -0.27777779 -0.04166658
v -0.29504448 -0.33333331 -0.04166656
v -0.29504448 -0.33333331 -0.04166656
v -0.30555552 -0.33333331 -0.04166656
v -0.30555552 -0.27777779 -0.04166658
v -0.30555552 -0.27777776 0.05555563
v -0.30555552 -0.27777779 -0.04166658
v -0.30555552 -0.33333331 -0.04166656
v -0.30555552 -0.33333331 -0.04166656
v -0.30555552 -0.33333331 0.05555565
v -0.30555552 -0.27777776 0.05555563
v -0.29504448 -0.27777779 -0.04166658
v -0.29504448 -0.27777779 -0.04513880
v -0.29504448 -0.32986110 -0.04513879
v -0.29504448 -0.32986110 -0.04513879
v -0.29504448 -0.33333331 -0.04166656
v -0.29504448 -0.27777779 -0.04166658
v -0.28823823 -0.27777779 -0.04166658
v -0.28823823 -0.33333331 -0.04166656
v -0.28823823 -0.32986110 -0.04513879
v -0.28823823 -0.32986110 -0.04513879
v -0.28823823 -0.27777779 -0.04513880
v -0.28823823 -0.27777779 -0.04166658
v -0.28823823 -0.32986897 -0.07986886
v -0.28823823 -0.22222224 -0.07986102
v -0.29504448 -0.22222224 -0.07986103
v -0.29504448 -0.22222224 -0.07986103
v -0.29504448 -0.32986897 -0.07986886
v -0.28823823 -0.32986897 -0.07986886
v -0.28823823 -0.32986897 -0.07986886
v -0.29504448 -0.32986897 -0.07986886
v -0.29504448 -0.32986110 -0.04513879
v -0.29504448 -0.32986110 -0.04513879
v -0.28823823 -0.32986110 -0.04513879
v -0.28823823 -0.32986897 -0.07986886
v -0.28823823 -0.27777779 -0.04513880
v -0.28823823 -0.32986110 -0.04513879
v -0.29504448 -0.32986110 -0.04513879
v -0.29504448 -0.32986110 -0.04513879
v -0.29504448 -0.27777779 -0.04513880
v -0.28823823 -0.27777779 -0.04513880
v -0.41666669 -0.33333334 -0.07782087
v -0.41666669 -0.31944445 -0.08333323
v -0.41666669 -0.32782099 -0.08333323
v -0.41666669 -0.33333334 -0.07782087
v -0.41666669 -0.31944445 -0.02777768
v -0.41666669 -0.31944445 -0.08333323
v -0.41666669 -0.33333334 -0.07782087
v -0.41666669 -0.33333331 -0.02777768
v -0.41666669 -0.31944445 -0.02777768
v -0.29504448 -0.33333334 -0.07782086
v -0.29504448 -0.33333331 -0.04166656
v -0.29504448 -0.32986110 -0.04513879
v -0.29504448 -0.32986110 -0.04513879
v -0.29504448 -0.32986897 -0.07986886
v -0.29504448 -0.33333334 -0.07782086
v -0.49448761 -0.26388890 -0.06106783
v -0.43606791 -0.26388890 -0.06106783
v -0.43606791 -0.26388890 -0.07782088
v -0.43606791 -0.26388890 -0.07782088
v -0.49448761 -0.26388890 -0.07782088
v -0.49448761 -0.26388890 -0.06106783
v -0.41666669 -0.33333331 -0.02777768
v -0.36111110 -0.33333331 -0.02777768
v -0.36111110 -0.31944445 -0.02777768
v -0.36111110 -0.31944445 -0.02777768
v -0.41666669 -0.31944445 -0.02777768
v -0.41666669 -0.33333331 -0.02777768
v -0.41666669 -0.31944445 -0.02777768
v -0.36111110 -0.31944445 -0.02777768
v -0.36111110 -0.31944445 -0.08333323
v -0.36111110 -0.31944445 -0.08333323
v -0.41666669 -0.31944445 -0.08333323
v -0.41666669 -0.31944445 -0.02777768
v -0.49448761 -0.26940125 -0.05555547
v -0.49448761 -0.32782096 -0.05555546
v -0.43606791 -0.32782096 -0.05555546
v -0.43606791 -0.32782096 -0.05555546
v -0.43606791 -0.26940125 -0.05555547
v -0.49448761 -0.26940125 -0.05555547
v -0.43055555 -0.32782096 -0.07782087
v -0.43055555 -0.26940125 -0.07782088
v -0.43055555 -0.26940125 -0.06106783
v -0.43055555 -0.26940125 -0.06106783
v -0.43055555 -0.32782096 -0.06106782
v -0.43055555 -0.32782096 -0.07782087
v -0.36111110 -0.31944445 -0.08333323
v -0.36111110 -0.33333334 -0.07782087
v -0.36111110 -0.32782099 -0.08333323
v -0.36111110 -0.31944445 -0.08333323
v -0.36111110 -0.31944445 -0.02777768
v -0.36111110 -0.33333334 -0.07782087
v -0.36111110 -0.31944445 -0.02777768
v -0.36111110 -0.33333331 -0.02777768
v -0.36111110 -0.33333334 -0.07782087
v -0.41634110 -0.33333331 -0.03826952
v -0.36143669 -0.33333331 -0.03826952
v -0.36143669 -0.31944445 -0.03826952
v -0.36143669 -0.31944445 -0.03826952
v -0.41634110 -0.31944445 -0.03826952
v -0.41634110 -0.33333331 -0.03826952
v -0.41634110 -0.33333331 -0.03826952
v -0.41634110 -0.33333331 -0.02837214
v -0.36143669 -0.33333331 -0.02837214
v -0.36143669 -0.33333331 -0.02837214
v -0.36143669 -0.33333331 -0.03826952
v -0.41634110 -0.33333331 -0.03826952
v -0.28823823 0.28925854 0.08333328
v -0.28823823 0.29129866 0.07986106
v -0.28823823 0.29477087 0.07782092
v -0.28823823 0.29477084 -0.07782099
v -0.28823823 0.29129860 -0.07986113
v -0.28823823 0.28931496 -0.08333335
v -0.49497971 0.21060985 -0.07782098
v -0.50000000 0.20282094 -0.07782097
v -0.49448764 0.20475568 -0.08333334
v -0.50000000 0.20282094 -0.07782097
v -0.49497971 0.21060985 -0.07782098
v -0.49497971 0.21060985 0.00516374
v -0.49497971 0.21060985 0.00516374
v -0.50000000 0.20282088 0.00563142
v -0.50000000 0.20282094 -0.07782097
v -0.49497971 0.21060985 -0.07782098
v -0.49448764 0.20475568 -0.08333334
v -0.42023760 0.23842642 -0.08333335
v -0.42023760 0.23842642 -0.08333335
v -0.42361107 0.24297397 -0.07782099
v -0.49497971 0.21060985 -0.07782098
v -0.49626127 0.20451635 0.02964261
v -0.50000000 0.20282088 0.00563142
v -0.49497971 0.21060985 0.00516374
v -0.49497971 0.21060985 0.00516374
v -0.49145523 0.21220817 0.02779901
v -0.49626127 0.20451635 0.02964261
v -0.48541102 0.20943673 0.05130342
v -0.49626127 0.20451635 0.02964261
v -0.49145523 0.21220817 0.02779901
v -0.49145523 0.21220817 0.02779901
v -0.48140350 0.21676642 0.04786564
v -0.48541102 0.20943673 0.05130342
v -0.42361107 0.24297397 -0.07782099
v -0.42023760 0.23842642 -0.08333335
v -0.31809023 0.27870145 -0.08333336
v -0.31809023 0.27870145 -0.08333336
v -0.31803828 0.28459957 -0.07782099
v -0.42361107 0.24297397 -0.07782099
v -0.29504448 0.28668627 -0.08333336
v -0.29504448 0.29256636 -0.07782099
v -0.31803828 0.28459957 -0.07782099
v -0.31803828 0.28459957 -0.07782099
v -0.31809023 0.27870145 -0.08333336
v -0.29504448 0.28668627 -0.08333336
v -0.46851137 0.21710035 0.06849357
v -0.48541102 0.20943673 0.05130342
v -0.48140350 0.21676642 0.04786564
v -0.48140350 0.21676642 0.04786564
v -0.46566799 0.22390217 0.06387166
v -0.46851137 0.21710035 0.06849357
v -0.44721657 0.22675711 0.07953033
v -0.46851137 0.21710035 0.06849357
v -0.46566799 0.22390217 0.06387166
v -0.46566799 0.22390217 0.06387166
v -0.44574893 0.23293495 0.07419538
v -0.44721657 0.22675711 0.07953033
v -0.42361107 0.23746167 0.08333332
v -0.44721657 0.22675711 0.07953033
v -0.44574893 0.23293495 0.07419538
v -0.44574893 0.23293495 0.07419538
v -0.42361107 0.24297401 0.07776194
v -0.42361107 0.23746167 0.08333332
v -0.31783614 0.27916697 0.08333325
v -0.42361107 0.23746167 0.08333332
v -0.42361107 0.24297401 0.07776194
v -0.42361107 0.24297401 0.07776194
v -0.31803828 0.28459963 0.07776187
v -0.31783614 0.27916697 0.08333325
v -0.29504448 0.28706372 0.08333325
v -0.31783614 0.27916697 0.08333325
v -0.31803828 0.28459963 0.07776187
v -0.31803828 0.28459963 0.07776187
v -0.29504448 0.29256642 0.07776187
v -0.29504448 0.28706372 0.08333325
v -0.49448761 -0.26388890 -0.07782088
v -0.49448761 -0.25837654 -0.08333325
v -0.49999994 -0.25837654 -0.07782088
v -0.50000000 0.20282094 -0.07782097
v -0.49999994 -0.25837654 -0.07782088
v -0.49448761 -0.25837654 -0.08333325
v -0.49448761 -0.25837654 -0.08333325
v -0.49448764 0.20475568 -0.08333334
v -0.50000000 0.20282094 -0.07782097
v -0.49448761 -0.26388890 -0.06106783
v -0.49448761 -0.26388890 -0.07782088
v -0.49999994 -0.25837654 -0.07782088
v -0.49999994 -0.25837654 -0.07782088
v -0.50000000 -0.25837654 -0.05004311
v -0.49448761 -0.26388890 -0.06106783
v -0.49448761 -0.26388890 -0.06106783
v -0.50000000 -0.25837654 -0.05004311
v -0.49448761 -0.26940125 -0.05555547
v -0.49448761 -0.26940125 -0.05555547
v -0.50000000 -0.25837654 -0.05004311
v -0.49999994 -0.32782096 -0.05004309
v -0.49999994 -0.32782096 -0.05004309
v -0.49448761 -0.32782096 -0.05555546
v -0.49448761 -0.26940125 -0.05555547
v -0.49448761 -0.33333331 -0.05004309
v -0.49448761 -0.32782096 -0.05555546
v -0.49999994 -0.32782096 -0.05004309
v -0.49448764 -0.33333331 0.00508871
v -0.49448761 -0.33333331 -0.05004309
v -0.49999994 -0.32782096 -0.05004309
v -0.49999994 -0.32782096 -0.05004309
v -0.50000000 -0.32782096 0.00563155
v -0.49448764 -0.33333331 0.00508871
v -0.49448764 -0.33333331 0.00508871
v -0.50000000 -0.32782096 0.00563155
v -0.49509144 -0.32782096 0.03031880
v -0.49509144 -0.32782096 0.03031880
v -0.48866564 -0.33333331 0.02990497
v -0.49448764 -0.33333331 0.00508871
v -0.48866564 -0.33333331 0.02990497
v -0.49509144 -0.32782096 0.03031880
v -0.48355028 -0.32782096 0.05077824
v -0.48355028 -0.32782096 0.05077824
v -0.47875622 -0.33333331 0.04757043
v -0.48866564 -0.33333331 0.02990497
v -0.47875622 -0.33333331 0.04757043
v -0.48355028 -0.32782096 0.05077824
v -0.46588865 -0.32782096 0.06669113
v -0.46588865 -0.32782096 0.06669113
v -0.46289742 -0.33333331 0.06196643
v -0.47875622 -0.33333331 0.04757043
v -0.46289742 -0.33333331 0.06196643
v -0.46588865 -0.32782096 0.06669113
v -0.44577897 -0.32782096 0.07508475
v -0.44577897 -0.32782096 0.07508475
v -0.44429266 -0.33333331 0.06973187
v -0.46289742 -0.33333331 0.06196643
v -0.44429266 -0.33333331 0.06973187
v -0.44577897 -0.32782096 0.07508475
v -0.42916664 -0.32782093 0.07753289
v -0.42916664 -0.32782093 0.07753289
v -0.42649305 -0.33333331 0.07235498
v -0.44429266 -0.33333331 0.06973187
v -0.43055555 -0.26940125 -0.07782088
v -0.42504323 -0.25837654 -0.08333325
v -0.43606791 -0.26388890 -0.07782088
v -0.43055555 -0.26940125 -0.06106783
v -0.43055555 -0.26940125 -0.07782088
v -0.43606791 -0.26388890 -0.07782088
v -0.43606791 -0.26388890 -0.07782088
v -0.43606791 -0.26388890 -0.06106783
v -0.43055555 -0.26940125 -0.06106783
v -0.43606791 -0.26940125 -0.05555547
v -0.43055555 -0.26940125 -0.06106783
v -0.43606791 -0.26388890 -0.06106783
v -0.42504323 -0.32782099 -0.08333323
v -0.42504323 -0.25837654 -0.08333325
v -0.43055555 -0.26940125 -0.07782088
v -0.43055555 -0.26940125 -0.07782088
v -0.43055555 -0.32782096 -0.07782087
v -0.42504323 -0.32782099 -0.08333323
v -0.42504323 -0.32782099 -0.08333323
v -0.43055555 -0.32782096 -0.07782087
v -0.42504323 -0.33333334 -0.07782087
v -0.42504323 -0.33333334 -0.07782087
v -0.43055555 -0.32782096 -0.07782087
v -0.43055555 -0.32782096 -0.06106782
v -0.43055555 -0.32782096 -0.06106782
v -0.42724812 -0.33333331 -0.04894062
v -0.42504323 -0.33333334 -0.07782087
v -0.43055555 -0.32782096 -0.06106782
v -0.43055555 -0.26940125 -0.06106783
v -0.43606791 -0.26940125 -0.05555547
v -0.43606791 -0.26940125 -0.05555547
v -0.43606791 -0.32782096 -0.05555546
v -0.43055555 -0.32782096 -0.06106782
v -0.42724812 -0.33333331 -0.04894062
v -0.43055555 -0.32782096 -0.06106782
v -0.43606791 -0.32782096 -0.05555546
v -0.49448761 -0.26940125 -0.05555547
v -0.43606791 -0.26940125 -0.05555547
v -0.43606791 -0.26388890 -0.06106783
v -0.43606791 -0.26388890 -0.06106783
v -0.49448761 -0.26388890 -0.06106783
v -0.49448761 -0.26940125 -0.05555547
v -0.43606791 -0.32782096 -0.05555546
v -0.49448761 -0.32782096 -0.05555546
v -0.49448761 -0.33333331 -0.05004309
v -0.49448761 -0.33333331 -0.05004309
v -0.42724812 -0.33333331 -0.04894062
v -0.43606791 -0.32782096 -0.05555546
v -0.43606791 -0.26388890 -0.07782088
v -0.42504323 -0.25837654 -0.08333325
v -0.49448761 -0.25837654 -0.08333325
v -0.49448761 -0.25837654 -0.08333325
v -0.49448761 -0.26388890 -0.07782088
v -0.43606791 -0.26388890 -0.07782088
v -0.41666669 -0.32782099 -0.08333323
v -0.42504323 -0.32782099 -0.08333323
v -0.42504323 -0.33333334 -0.07782087
v -0.42504323 -0.33333334 -0.07782087
v -0.41666669 -0.33333334 -0.07782087
v -0.41666669 -0.32782099 -0.08333323
v 0.29504448 0.21202844 -0.07986113
v 0.28823823 0.21202844 -0.07986110
v 0.28823823 0.12500000 -0.07986109
v 0.29504448 0.21202844 -0.07986113
v 0.29164135 0.21728881 -0.07638890
v 0.28823823 0.21202844 -0.07986110
v 0.28823823 0.12500000 -0.07986109
v 0.29504448 0.12500000 -0.07986111
v 0.29504448 0.21202844 -0.07986113
v 0.31247461 0.23812209 -0.07638910
v 0.31247461 0.23812209 -0.07986119
v 0.30557743 0.25205815 -0.07986116
v 0.30557743 0.25205815 -0.07986116
v 0.30557743 0.25205815 -0.07638907
v 0.31247461 0.23812209 -0.07638910
v 0.30557743 0.22418611 -0.07986115
v 0.31247461 0.23812209 -0.07986119
v 0.31247461 0.23812209 -0.07638910
v 0.31247461 0.23812209 -0.07638910
v 0.30557743 0.22418611 -0.07638907
v 0.30557743 0.22418611 -0.07986115
v 0.27080813 0.23812209 -0.07986100
v 0.27080813 0.23812209 -0.07638892
v 0.27770537 0.25205815 -0.07638899
v 0.27770537 0.25205815 -0.07638899
v 0.27770537 0.25205815 -0.07986107
v 0.27080813 0.23812209 -0.07986100
v 0.29504448 0.21897306 -0.07986113
v 0.29504448 0.21202844 -0.08333334
v 0.31022283 0.21954066 -0.08333340
v 0.31022283 0.21954066 -0.08333340
v 0.30557743 0.22418611 -0.07986115
v 0.29504448 0.21897306 -0.07986113
v 0.31247461 0.23812209 -0.07986119
v 0.30557743 0.22418611 -0.07986115
v 0.31022283 0.21954066 -0.08333340
v 0.31022283 0.21954066 -0.08333340
v 0.31941903 0.23812209 -0.08333344
v 0.31247461 0.23812209 -0.07986119
v 0.31247461 0.23812209 -0.07986119
v 0.31941903 0.23812209 -0.08333344
v 0.31022277 0.25670350 -0.08333340
v 0.31022277 0.25670350 -0.08333340
v 0.30557743 0.25205815 -0.07986116
v 0.31247461 0.23812209 -0.07986119
v 0.31022277 0.25670350 -0.08333340
v 0.29504448 0.26421562 -0.08333336
v 0.29504448 0.25727123 -0.07986114
v 0.29504448 0.25727123 -0.07986114
v 0.30557743 0.25205815 -0.07986116
v 0.31022277 0.25670350 -0.08333340
v 0.27306002 0.21954066 -0.08333319
v 0.28823823 0.21202844 -0.08333334
v 0.28823823 0.21897306 -0.07986112
v 0.28823823 0.21897306 -0.07986112
v 0.27770537 0.22418611 -0.07986099
v 0.27306002 0.21954066 -0.08333319
v 0.27306002 0.21954066 -0.08333319
v 0.27770537 0.22418611 -0.07986099
v 0.27080813 0.23812209 -0.07986100
v 0.27080813 0.23812209 -0.07986100
v 0.26386368 0.23812209 -0.08333321
v 0.27306002 0.21954066 -0.08333319
v 0.27306002 0.25670350 -0.08333330
v 0.26386368 0.23812209 -0.08333321
v 0.27080813 0.23812209 -0.07986100
v 0.27080813 0.23812209 -0.07986100
v 0.27770537 0.25205815 -0.07986107
v 0.27306002 0.25670350 -0.08333330
v 0.28823823 0.25727123 -0.07986113
v 0.28823823 0.26421562 -0.08333334
v 0.27306002 0.25670350 -0.08333330
v 0.27306002 0.25670350 -0.08333330
v 0.27770537 0.25205815 -0.07986107
v 0.28823823 0.25727123 -0.07986113
v 0.28823832 0.25727129 -0.05902779
v 0.28823832 0.21897310 -0.05902776
v 0.29164144 0.21728881 -0.05902778
v 0.28823832 0.21897310 -0.05902776
v 0.28823832 0.25727129 -0.05902779
v 0.27770546 0.25205818 -0.05902787
v 0.27770546 0.25205818 -0.05902787
v 0.27770546 0.22418611 -0.05902779
v 0.28823832 0.21897310 -0.05902776
v 0.27770546 0.22418611 -0.05902779
v 0.27770546 0.25205818 -0.05902787
v 0.27080822 0.23812215 -0.05902780
v 0.29164144 0.21728881 -0.05902778
v 0.29164144 0.25895560 -0.05902780
v 0.28823832 0.25727129 -0.05902779
v 0.29164144 0.25895560 -0.05902780
v 0.29164144 0.21728881 -0.05902778
v 0.29504457 0.21897310 -0.05902780
v 0.29504457 0.21897310 -0.05902780
v 0.29504457 0.25727129 -0.05902781
v 0.29164144 0.25895560 -0.05902780
v 0.30557755 0.25205818 -0.05902795
v 0.29504457 0.25727129 -0.05902781
v 0.29504457 0.21897310 -0.05902780
v 0.29504457 0.21897310 -0.05902780
v 0.30557755 0.22418611 -0.05902795
v 0.30557755 0.25205818 -0.05902795
v 0.30557755 0.25205818 -0.05902795
v 0.30557755 0.22418611 -0.05902795
v 0.31247473 0.23812215 -0.05902798
v 0.27770546 0.22418611 -0.05902779
v 0.27770537 0.22418611 -0.07638890
v 0.28823823 0.21897306 -0.07638887
v 0.28823823 0.21897306 -0.07638887
v 0.28823832 0.21897310 -0.05902776
v 0.27770546 0.22418611 -0.05902779
v 0.27080813 0.23812209 -0.07638892
v 0.27770537 0.22418611 -0.07638890
v 0.27770546 0.22418611 -0.05902779
v 0.27770546 0.22418611 -0.05902779
v 0.27080822 0.23812215 -0.05902780
v 0.27080813 0.23812209 -0.07638892
v 0.27770537 0.25205815 -0.07638899
v 0.27080813 0.23812209 -0.07638892
v 0.27080822 0.23812215 -0.05902780
v 0.27080822 0.23812215 -0.05902780
v 0.27770546 0.25205818 -0.05902787
v 0.27770537 0.25205815 -0.07638899
v 0.28823823 0.25727123 -0.07638890
v 0.27770537 0.25205815 -0.07638899
v 0.27770546 0.25205818 -0.05902787
v 0.27770546 0.25205818 -0.05902787
v 0.28823832 0.25727129 -0.05902779
v 0.28823823 0.25727123 -0.07638890
v 0.29164135 0.25895554 -0.07638892
v 0.28823823 0.25727123 -0.07638890
v 0.28823832 0.25727129 -0.05902779
v 0.28823823 0.26421562 -0.07986112
v 0.28823823 0.25727123 -0.07638890
v 0.29164135 0.25895554 -0.07638892
v 0.28823832 0.25727129 -0.05902779
v 0.29164144 0.25895560 -0.05902780
v 0.29164135 0.25895554 -0.07638892
v 0.29164144 0.25895560 -0.05902780
v 0.29504457 0.25727129 -0.05902781
v 0.29504448 0.25727123 -0.07638893
v 0.29504448 0.25727123 -0.07638893
v 0.29164135 0.25895554 -0.07638892
v 0.29164144 0.25895560 -0.05902780
v 0.29504448 0.26421562 -0.07986114
v 0.29164135 0.25895554 -0.07638892
v 0.29504448 0.25727123 -0.07638893
v 0.29504448 0.25727123 -0.07638893
v 0.29504457 0.25727129 -0.05902781
v 0.30557755 0.25205818 -0.05902795
v 0.30557755 0.25205818 -0.05902795
v 0.30557743 0.25205815 -0.07638907
v 0.29504448 0.25727123 -0.07638893
v 0.30557743 0.25205815 -0.07638907
v 0.30557755 0.25205818 -0.05902795
v 0.31247473 0.23812215 -0.05902798
v 0.31247473 0.23812215 -0.05902798
v 0.31247461 0.23812209 -0.07638910
v 0.30557743 0.25205815 -0.07638907
v 0.31247461 0.23812209 -0.07638910
v 0.31247473 0.23812215 -0.05902798
v 0.30557755 0.22418611 -0.05902795
v 0.30557755 0.22418611 -0.05902795
v 0.30557743 0.22418611 -0.07638907
v 0.31247461 0.23812209 -0.07638910
v 0.29504448 0.21897306 -0.07638892
v 0.30557743 0.22418611 -0.07638907
v 0.30557755 0.22418611 -0.05902795
v 0.30557755 0.22418611 -0.05902795
v 0.29504457 0.21897310 -0.05902780
v 0.29504448 0.21897306 -0.07638892
v 0.29504448 0.21897306 -0.07638892
v 0.29504457 0.21897310 -0.05902780
v 0.29164144 0.21728881 -0.05902778
v 0.29164144 0.21728881 -0.05902778
v 0.29164135 0.21728881 -0.07638890
v 0.29504448 0.21897306 -0.07638892
v 0.29504448 0.21202844 -0.07986113
v 0.29504448 0.21897306 -0.07638892
v 0.29164135 0.21728881 -0.07638890
v 0.29164144 0.21728881 -0.05902778
v 0.28823832 0.21897310 -0.05902776
v 0.28823823 0.21897306 -0.07638887
v 0.28823823 0.21897306 -0.07638887
v 0.29164135 0.21728881 -0.07638890
v 0.29164144 0.21728881 -0.05902778
v 0.28823823 0.21202844 -0.07986110
v 0.29164135 0.21728881 -0.07638890
v 0.28823823 0.21897306 -0.07638887
v -0.29504448 0.25727123 -0.07986114
v -0.30557743 0.25205815 -0.07986116
v -0.30557743 0.25205815 -0.07638907
v -0.30557743 0.25205815 -0.07638907
v -0.29504448 0.25727123 -0.07638893
v -0.29504448 0.25727123 -0.07986114
v -0.29504448 0.25727123 -0.07986114
v -0.29504448 0.25727123 -0.07638893
v -0.29504448 0.26421562 -0.07986114
v -0.29504448 0.26421562 -0.07986114
v -0.29504448 0.26421562 -0.08333335
v -0.29504448 0.25727123 -0.07986114
v -0.29504448 0.28668627 -0.08333336
v -0.29504448 0.26421562 -0.08333335
v -0.29504448 0.26421562 -0.07986114
v -0.29504448 0.26421562 -0.07986114
v -0.29504448 0.28909412 -0.07986115
v -0.29504448 0.28668627 -0.08333336
v -0.28823823 0.26421562 -0.07986112
v -0.28823823 0.25727123 -0.07638890
v -0.28823823 0.25727123 -0.07986113
v -0.28823823 0.25727123 -0.07986113
v -0.28823823 0.26421562 -0.08333334
v -0.28823823 0.26421562 -0.07986112
v -0.28823823 0.26421562 -0.07986112
v -0.28823823 0.26421562 -0.08333334
v -0.28823823 0.28931496 -0.08333335
v -0.28823823 0.28931496 -0.08333335
v -0.28823823 0.29129860 -0.07986113
v -0.28823823 0.26421562 -0.07986112
v -0.27770537 0.25205815 -0.07638899
v -0.27770537 0.25205815 -0.07986107
v -0.28823823 0.25727123 -0.07986113
v -0.28823823 0.25727123 -0.07986113
v -0.28823823 0.25727123 -0.07638890
v -0.27770537 0.25205815 -0.07638899
v -0.27770537 0.22418611 -0.07986099
v -0.27080813 0.23812209 -0.07986100
v -0.27080813 0.23812209 -0.07638892
v -0.27080813 0.23812209 -0.07638892
v -0.27770537 0.22418611 -0.07638890
v -0.27770537 0.22418611 -0.07986099
v -0.28823823 0.12500000 -0.07986109
v -0.28823823 0.21202844 -0.07986110
v -0.29504448 0.21202844 -0.07986113
v -0.29164135 0.21728881 -0.07638890
v -0.29504448 0.21202844 -0.07986113
v -0.28823823 0.21202844 -0.07986110
v -0.29504448 0.21202844 -0.07986113
v -0.29504448 0.12500000 -0.07986111
v -0.28823823 0.12500000 -0.07986109
v -0.30557743 0.25205815 -0.07986116
v -0.31247461 0.23812209 -0.07986119
v -0.31247461 0.23812209 -0.07638910
v -0.31247461 0.23812209 -0.07638910
v -0.30557743 0.25205815 -0.07638907
v -0.30557743 0.25205815 -0.07986116
v -0.30557743 0.22418611 -0.07986115
v -0.30557743 0.22418611 -0.07638907
v -0.31247461 0.23812209 -0.07638910
v -0.31247461 0.23812209 -0.07638910
v -0.31247461 0.23812209 -0.07986119
v -0.30557743 0.22418611 -0.07986115
v -0.27080813 0.23812209 -0.07986100
v -0.27770537 0.25205815 -0.07986107
v -0.27770537 0.25205815 -0.07638899
v -0.27770537 0.25205815 -0.07638899
v -0.27080813 0.23812209 -0.07638892
v -0.27080813 0.23812209 -0.07986100
v -0.31022283 0.21954066 -0.08333340
v -0.29504448 0.21202844 -0.08333334
v -0.29504448 0.21897306 -0.07986113
v -0.29504448 0.21897306 -0.07986113
v -0.30557743 0.22418611 -0.07986115
v -0.31022283 0.21954066 -0.08333340
v -0.31022283 0.21954066 -0.08333340
v -0.30557743 0.22418611 -0.07986115
v -0.31247461 0.23812209 -0.07986119
v -0.31247461 0.23812209 -0.07986119
v -0.31941903 0.23812209 -0.08333344
v -0.31022283 0.21954066 -0.08333340
v -0.31022277 0.25670350 -0.08333340
v -0.31941903 0.23812209 -0.08333344
v -0.31247461 0.23812209 -0.07986119
v -0.31247461 0.23812209 -0.07986119
v -0.30557743 0.25205815 -0.07986116
v -0.31022277 0.25670350 -0.08333340
v -0.31022277 0.25670350 -0.08333340
v -0.30557743 0.25205815 -0.07986116
v -0.29504448 0.25727123 -0.07986114
v -0.29504448 0.25727123 -0.07986114
v -0.29504448 0.26421562 -0.08333335
v -0.31022277 0.25670350 -0.08333340
v -0.28823823 0.21897306 -0.07986112
v -0.28823823 0.21202844 -0.08333334
v -0.27306002 0.21954066 -0.08333319
v -0.27306002 0.21954066 -0.08333319
v -0.27770537 0.22418611 -0.07986099
v -0.28823823 0.21897306 -0.07986112
v -0.27080813 0.23812209 -0.07986100
v -0.27770537 0.22418611 -0.07986099
v -0.27306002 0.21954066 -0.08333319
v -0.27306002 0.21954066 -0.08333319
v -0.26386368 0.23812209 -0.08333321
v -0.27080813 0.23812209 -0.07986100
v -0.27080813 0.23812209 -0.07986100
v -0.26386368 0.23812209 -0.08333321
v -0.27306002 0.25670350 -0.08333330
v -0.27306002 0.25670350 -0.08333330
v -0.27770537 0.25205815 -0.07986107
v -0.27080813 0.23812209 -0.07986100
v -0.28823823 0.25727123 -0.07986113
v -0.27770537 0.25205815 -0.07986107
v -0.27306002 0.25670350 -0.08333330
v -0.27306002 0.25670350 -0.08333330
v -0.28823823 0.26421562 -0.08333334
v -0.28823823 0.25727123 -0.07986113
v -0.28823832 0.25727129 -0.05902779
v -0.29164144 0.25895560 -0.05902780
v -0.29164144 0.21728881 -0.05902778
v -0.29164144 0.21728881 -0.05902778
v -0.28823832 0.21897310 -0.05902776
v -0.28823832 0.25727129 -0.05902779
v -0.29504457 0.21897310 -0.05902780
v -0.29164144 0.21728881 -0.05902778
v -0.29164144 0.25895560 -0.05902780
v -0.27770546 0.25205818 -0.05902787
v -0.28823832 0.25727129 -0.05902779
v -0.28823832 0.21897310 -0.05902776
v -0.28823832 0.21897310 -0.05902776
v -0.27770546 0.22418611 -0.05902779
v -0.27770546 0.25205818 -0.05902787
v -0.27770546 0.25205818 -0.05902787
v -0.27770546 0.22418611 -0.05902779
v -0.27080822 0.23812215 -0.05902780
v -0.29164144 0.25895560 -0.05902780
v -0.29504457 0.25727129 -0.05902781
v -0.29504457 0.21897310 -0.05902780
v -0.29504457 0.21897310 -0.05902780
v -0.29504457 0.25727129 -0.05902781
v -0.30557755 0.25205818 -0.05902795
v -0.30557755 0.25205818 -0.05902795
v -0.30557755 0.22418611 -0.05902795
v -0.29504457 0.21897310 -0.05902780
v -0.30557755 0.22418611 -0.05902795
v -0.30557755 0.25205818 -0.05902795
v -0.31247473 0.23812215 -0.05902798
v -0.27770546 0.22418611 -0.05902779
v -0.28823832 0.21897310 -0.05902776
v -0.28823823 0.21897306 -0.07638887
v -0.28823823 0.21897306 -0.07638887
v -0.27770537 0.22418611 -0.07638890
v -0.27770546 0.22418611 -0.05902779
v -0.27770546 0.22418611 -0.05902779
v -0.27770537 0.22418611 -0.07638890
v -0.27080813 0.23812209 -0.07638892
v -0.27080813 0.23812209 -0.07638892
v -0.27080822 0.23812215 -0.05902780
v -0.27770546 0.22418611 -0.05902779
v -0.27080822 0.23812215 -0.05902780
v -0.27080813 0.23812209 -0.07638892
v -0.27770537 0.25205815 -0.07638899
v -0.27770537 0.25205815 -0.07638899
v -0.27770546 0.25205818 -0.05902787
v -0.27080822 0.23812215 -0.05902780
v -0.27770546 0.25205818 -0.05902787
v -0.27770537 0.25205815 -0.07638899
v -0.28823823 0.25727123 -0.07638890
v -0.28823823 0.25727123 -0.07638890
v -0.28823832 0.25727129 -0.05902779
v -0.27770546 0.25205818 -0.05902787
v -0.28823832 0.25727129 -0.05902779
v -0.28823823 0.25727123 -0.07638890
v -0.29164135 0.25895554 -0.07638892
v -0.28823823 0.25727123 -0.07638890
v -0.28823823 0.26421562 -0.07986112
v -0.29164135 0.25895554 -0.07638892
v -0.29164135 0.25895554 -0.07638892
v -0.29164144 0.25895560 -0.05902780
v -0.28823832 0.25727129 -0.05902779
v -0.29504448 0.25727123 -0.07638893
v -0.29504457 0.25727129 -0.05902781
v -0.29164144 0.25895560 -0.05902780
v -0.29164144 0.25895560 -0.05902780
v -0.29164135 0.25895554 -0.07638892
v -0.29504448 0.25727123 -0.07638893
v -0.29164135 0.25895554 -0.07638892
v -0.29504448 0.26421562 -0.07986114
v -0.29504448 0.25727123 -0.07638893
v -0.30557755 0.25205818 -0.05902795
v -0.29504457 0.25727129 -0.05902781
v -0.29504448 0.25727123 -0.07638893
v -0.29504448 0.25727123 -0.07638893
v -0.30557743 0.25205815 -0.07638907
v -0.30557755 0.25205818 -0.05902795
v -0.31247473 0.23812215 -0.05902798
v -0.30557755 0.25205818 -0.05902795
v -0.30557743 0.25205815 -0.07638907
v -0.30557743 0.25205815 -0.07638907
v -0.31247461 0.23812209 -0.07638910
v -0.31247473 0.23812215 -0.05902798
v -0.30557755 0.22418611 -0.05902795
v -0.31247473 0.23812215 -0.05902798
v -0.31247461 0.23812209 -0.07638910
v -0.31247461 0.23812209 -0.07638910
v -0.30557743 0.22418611 -0.07638907
v -0.30557755 0.22418611 -0.05902795
v -0.30557755 0.22418611 -0.05902795
v -0.30557743 0.22418611 -0.07638907
v -0.29504448 0.21897306 -0.07638892
v -0.29504448 0.21897306 -0.07638892
v -0.29504457 0.21897310 -0.05902780
v -0.30557755 0.22418611 -0.05902795
v -0.29164144 0.21728881 -0.05902778
v -0.29504457 0.21897310 -0.05902780
v -0.29504448 0.21897306 -0.07638892
v -0.29504448 0.21897306 -0.07638892
v -0.29164135 0.21728881 -0.07638890
v -0.29164144 0.21728881 -0.05902778
v -0.29504448 0.21897306 -0.07638892
v -0.29504448 0.21202844 -0.07986113
v -0.29164135 0.21728881 -0.07638890
v -0.28823823 0.21897306 -0.07638887
v -0.28823832 0.21897310 -0.05902776
v -0.29164144 0.21728881 -0.05902778
v -0.29164144 0.21728881 -0.05902778
v -0.29164135 0.21728881 -0.07638890
v -0.28823823 0.21897306 -0.07638887
v -0.29164135 0.21728881 -0.07638890
v -0.28823823 0.21202844 -0.07986110
v -0.28823823 0.21897306 -0.07638887
v 0.28144938 0.22793007 -0.07384427
v 0.28144938 0.24831422 -0.07384434
v 0.27640507 0.23812215 -0.07384428
v 0.27903143 0.22551209 -0.05902781
v 0.28144938 0.22793007 -0.07384427
v 0.27640507 0.23812215 -0.07384428
v 0.27640507 0.23812215 -0.07384428
v 0.27279046 0.23812215 -0.05902782
v 0.27903143 0.22551209 -0.05902781
v 0.27640507 0.23812215 -0.07384428
v 0.28144938 0.24831422 -0.07384434
v 0.27903143 0.25073221 -0.05902789
v 0.27903143 0.25073221 -0.05902789
v 0.27279046 0.23812215 -0.05902782
v 0.27640507 0.23812215 -0.07384428
v 0.28144938 0.24831422 -0.07384434
v 0.28144938 0.22793007 -0.07384427
v 0.29164144 0.22288577 -0.07384426
v 0.29164144 0.22288577 -0.07384426
v 0.28144938 0.22793007 -0.07384427
v 0.27903143 0.22551209 -0.05902781
v 0.27903143 0.22551209 -0.05902781
v 0.29164144 0.21927108 -0.05902781
v 0.29164144 0.22288577 -0.07384426
v 0.29164144 0.22288577 -0.07384426
v 0.29164144 0.21927108 -0.05902781
v 0.30425155 0.22551209 -0.05902795
v 0.30425155 0.22551209 -0.05902795
v 0.30183360 0.22793007 -0.07384439
v 0.29164144 0.22288577 -0.07384426
v 0.29164144 0.22288577 -0.07384426
v 0.29164144 0.25335869 -0.07384428
v 0.28144938 0.24831422 -0.07384434
v 0.27903143 0.25073221 -0.05902789
v 0.28144938 0.24831422 -0.07384434
v 0.29164144 0.25335869 -0.07384428
v 0.29164144 0.25335869 -0.07384428
v 0.29164144 0.25697333 -0.05902783
v 0.27903143 0.25073221 -0.05902789
v 0.30183360 0.24831422 -0.07384440
v 0.29164144 0.25335869 -0.07384428
v 0.29164144 0.22288577 -0.07384426
v 0.29164144 0.22288577 -0.07384426
v 0.30183360 0.22793007 -0.07384439
v 0.30183360 0.24831422 -0.07384440
v 0.29164144 0.25335869 -0.07384428
v 0.30183360 0.24831422 -0.07384440
v 0.30425155 0.25073221 -0.05902796
v 0.30425155 0.25073221 -0.05902796
v 0.29164144 0.25697333 -0.05902783
v 0.29164144 0.25335869 -0.07384428
v 0.30183360 0.24831422 -0.07384440
v 0.30183360 0.22793007 -0.07384439
v 0.30687788 0.23812215 -0.07384441
v 0.30687788 0.23812215 -0.07384441
v 0.30183360 0.22793007 -0.07384439
v 0.30425155 0.22551209 -0.05902795
v 0.30425155 0.22551209 -0.05902795
v 0.31049249 0.23812215 -0.05902799
v 0.30687788 0.23812215 -0.07384441
v 0.30425155 0.25073221 -0.05902796
v 0.30183360 0.24831422 -0.07384440
v 0.30687788 0.23812215 -0.07384441
v 0.30687788 0.23812215 -0.07384441
v 0.31049249 0.23812215 -0.05902799
v 0.30425155 0.25073221 -0.05902796
v -0.30183351 0.22793007 -0.07384427
v -0.30183351 0.24831422 -0.07384434
v -0.30687782 0.23812215 -0.07384428
v -0.30425146 0.22551209 -0.05902781
v -0.30183351 0.22793007 -0.07384427
v -0.30687782 0.23812215 -0.07384428
v -0.30687782 0.23812215 -0.07384428
v -0.31049243 0.23812215 -0.05902782
v -0.30425146 0.22551209 -0.05902781
v -0.30687782 0.23812215 -0.07384428
v -0.30183351 0.24831422 -0.07384434
v -0.30425146 0.25073221 -0.05902789
v -0.30425146 0.25073221 -0.05902789
v -0.31049243 0.23812215 -0.05902782
v -0.30687782 0.23812215 -0.07384428
v -0.30183351 0.24831422 -0.07384434
v -0.30183351 0.22793007 -0.07384427
v -0.29164144 0.22288577 -0.07384426
v -0.29164144 0.22288577 -0.07384426
v -0.30183351 0.22793007 -0.07384427
v -0.30425146 0.22551209 -0.05902781
v -0.30425146 0.22551209 -0.05902781
v -0.29164144 0.21927108 -0.05902781
v -0.29164144 0.22288577 -0.07384426
v -0.29164144 0.22288577 -0.07384426
v -0.29164144 0.21927108 -0.05902781
v -0.27903134 0.22551209 -0.05902795
v -0.27903134 0.22551209 -0.05902795
v -0.28144929 0.22793007 -0.07384439
v -0.29164144 0.22288577 -0.07384426
v -0.29164144 0.22288577 -0.07384426
v -0.29164144 0.25335869 -0.07384428
v -0.30183351 0.24831422 -0.07384434
v -0.30425146 0.25073221 -0.05902789
v -0.30183351 0.24831422 -0.07384434
v -0.29164144 0.25335869 -0.07384428
v -0.29164144 0.25335869 -0.07384428
v -0.29164144 0.25697333 -0.05902783
v -0.30425146 0.25073221 -0.05902789
v -0.28144929 0.24831422 -0.07384440
v -0.29164144 0.25335869 -0.07384428
v -0.29164144 0.22288577 -0.07384426
v -0.29164144 0.22288577 -0.07384426
v -0.28144929 0.22793007 -0.07384439
v -0.28144929 0.24831422 -0.07384440
v -0.29164144 0.25335869 -0.07384428
v -0.28144929 0.24831422 -0.07384440
v -0.27903134 0.25073221 -0.05902796
v -0.27903134 0.25073221 -0.05902796
v -0.29164144 0.25697333 -0.05902783
v -0.29164144 0.25335869 -0.07384428
v -0.28144929 0.24831422 -0.07384440
v -0.28144929 0.22793007 -0.07384439
v -0.27640501 0.23812215 -0.07384441
v -0.27640501 0.23812215 -0.07384441
v -0.28144929 0.22793007 -0.07384439
v -0.27903134 0.22551209 -0.05902795
v -0.27903134 0.22551209 -0.05902795
v -0.27279040 0.23812215 -0.05902799
v -0.27640501 0.23812215 -0.07384441
v -0.27903134 0.25073221 -0.05902796
v -0.28144929 0.24831422 -0.07384440
v -0.27640501 0.23812215 -0.07384441
v -0.27640501 0.23812215 -0.07384441
v -0.27279040 0.23812215 -0.05902799
v -0.27903134 0.25073221 -0.05902796
v 0.30555552 -0.27777779 -0.04166658
v 0.28823823 -0.27777776 0.05555563
v 0.28823823 -0.27777776 0.05902786
v 0.29504448 -0.27777776 0.05555563
v 0.30555552 -0.27777779 -0.04166658
v 0.28823823 -0.27777776 0.05902786
v 0.29504448 -0.27777776 0.05555563
v 0.28823823 -0.27777776 0.05902786
v 0.29504448 -0.27777776 0.05902786
v 0.29504448 -0.27777776 0.05555563
v 0.30555552 -0.27777776 0.05555563
v 0.30555552 -0.27777779 -0.04166658
v 0.30555552 -0.27777779 -0.04166658
v 0.29504448 -0.27777779 -0.04166658
v 0.28823823 -0.27777776 0.05555563
v 0.29504448 -0.27777779 -0.04166658
v 0.28823823 -0.27777779 -0.04166658
v 0.28823823 -0.27777776 0.05555563
v 0.29504448 -0.27777779 -0.04166658
v 0.29504448 -0.27777779 -0.04513880
v 0.28823823 -0.27777779 -0.04166658
v 0.29504448 -0.27777779 -0.04513880
v 0.28823823 -0.27777779 -0.04513880
v 0.28823823 -0.27777779 -0.04166658
v 0.28823823 -0.27777779 -0.04166658
v 0.00000000 -0.27777779 -0.04166658
v 0.28823823 -0.27777776 0.05555563
v 0.00000000 -0.27777779 -0.04166658
v -0.28823823 -0.27777779 -0.04166658
v 0.28823823 -0.27777776 0.05555563
v -0.28823823 -0.27777779 -0.04166658
v -0.29504448 -0.27777779 -0.04166658
v 0.28823823 -0.27777776 0.05555563
v -0.29504448 -0.27777779 -0.04166658
v 0.00000000 -0.27777776 0.05555563
v 0.28823823 -0.27777776 0.05555563
v -0.28823823 -0.27777779 -0.04166658
v -0.28823823 -0.27777779 -0.04513880
v -0.29504448 -0.27777779 -0.04166658
v -0.28823823 -0.27777779 -0.04513880
v -0.29504448 -0.27777779 -0.04513880
v -0.29504448 -0.27777779 -0.04166658
v -0.29504448 -0.27777779 -0.04166658
v -0.28823823 -0.27777776 0.05555563
v 0.00000000 -0.27777776 0.05555563
v -0.29504448 -0.27777779 -0.04166658
v -0.29504448 -0.27777776 0.05555563
v -0.28823823 -0.27777776 0.05555563
v -0.29504448 -0.27777779 -0.04166658
v -0.30555552 -0.27777779 -0.04166658
v -0.29504448 -0.27777776 0.05555563
v -0.30555552 -0.27777779 -0.04166658
v -0.30555552 -0.27777776 0.05555563
v -0.29504448 -0.27777776 0.05555563
v -0.29504448 -0.27777776 0.05555563
v -0.29504448 -0.27777776 0.05902786
v -0.28823823 -0.27777776 0.05555563
v -0.29504448 -0.27777776 0.05902786
v -0.28823823 -0.27777776 0.05902786
v -0.28823823 -0.27777776 0.05555563
v 0.27777773 -0.27777776 0.00164506
v -0.27777773 -0.27777776 0.00164506
v -0.27777773 -0.32782483 0.00164507
v -0.27777773 -0.32782483 0.00164507
v 0.27777773 -0.32782483 0.00164507
v 0.27777773 -0.27777776 0.00164506
v 0.27777773 -0.27777776 0.00858951
v 0.27777773 -0.32782483 0.00858951
v -0.27777773 -0.32782483 0.00858951
v -0.27777773 -0.32782483 0.00858951
v -0.27777773 -0.27777776 0.00858951
v 0.27777773 -0.27777776 0.00858951
v 0.27777773 -0.32782483 0.00858951
v 0.27777773 -0.32782483 0.00164507
v -0.27777773 -0.32782483 0.00164507
v -0.27777773 -0.32782483 0.00164507
v -0.27777773 -0.32782483 0.00858951
v 0.27777773 -0.32782483 0.00858951
v -0.27777773 -0.32782483 0.00858951
v -0.27777773 -0.32782483 0.00164507
v -0.27777773 -0.27777776 0.00164506
v -0.27777773 -0.27777776 0.00164506
v -0.27777773 -0.27777776 0.00858951
v -0.27777773 -0.32782483 0.00858951
v 0.27777773 -0.32782483 0.00858951
v 0.27777773 -0.27777776 0.00858951
v 0.27777773 -0.27777776 0.00164506
v 0.27777773 -0.27777776 0.00164506
v 0.27777773 -0.32782483 0.00164507
v 0.27777773 -0.32782483 0.00858951
v 0.00000000 -0.27055579 0.08025857
v 0.21975559 -0.27055579 0.08025862
v 0.20602089 -0.27423599 0.08025862
v 0.20602089 -0.27423599 0.08025862
v 0.00000000 -0.27423599 0.08025857
v 0.00000000 -0.27055579 0.08025857
v 0.00000000 -0.27055579 0.08025857
v 0.00000000 -0.27423599 0.08025857
v -0.20602089 -0.27423599 0.08025862
v -0.20602089 -0.27423599 0.08025862
v -0.21975559 -0.27055579 0.08025862
v 0.00000000 -0.27055579 0.08025857
v 0.21975559 -0.27055579 0.08025862
v 0.00000000 -0.27055579 0.08025857
v 0.00000000 -0.26050127 0.08025857
v 0.00000000 -0.26050127 0.08025857
v 0.00000000 -0.27055579 0.08025857
v -0.21975559 -0.27055579 0.08025862
v 0.00000000 -0.26050127 0.08025857
v 0.22981013 -0.26050127 0.08025862
v 0.21975559 -0.27055579 0.08025862
v -0.21975559 -0.27055579 0.08025862
v -0.22981013 -0.26050127 0.08025862
v 0.00000000 -0.26050127 0.08025857
v 0.22981013 -0.26050127 0.08025862
v 0.00000000 -0.26050127 0.08025857
v 0.00000000 -0.24676657 0.08025856
v 0.00000000 -0.24676657 0.08025856
v 0.00000000 -0.26050127 0.08025857
v -0.22981013 -0.26050127 0.08025862
v 0.00000000 -0.24676657 0.08025856
v 0.23349033 -0.24676657 0.08025861
v 0.22981013 -0.26050127 0.08025862
v -0.22981013 -0.26050127 0.08025862
v -0.23349033 -0.24676657 0.08025861
v 0.00000000 -0.24676657 0.08025856
v 0.23349033 0.21455887 0.08025850
v 0.23349033 -0.24676657 0.08025861
v 0.00000000 -0.24676657 0.08025856
v 0.00000000 -0.24676657 0.08025856
v -0.23349033 -0.24676657 0.08025861
v -0.23349033 0.21455887 0.08025850
v 0.00000000 -0.24676657 0.08025856
v 0.00000000 0.21455887 0.08025845
v 0.23349033 0.21455887 0.08025850
v -0.23349033 0.21455887 0.08025850
v 0.00000000 0.21455887 0.08025845
v 0.00000000 -0.24676657 0.08025856
v 0.22984664 0.22881052 0.08025850
v 0.23349033 0.21455887 0.08025850
v 0.00000000 0.21455887 0.08025845
v 0.00000000 0.21455887 0.08025845
v -0.23349033 0.21455887 0.08025850
v -0.22984664 0.22881052 0.08025850
v 0.00000000 0.21455887 0.08025845
v 0.00000000 0.22881052 0.08025845
v 0.22984664 0.22881052 0.08025850
v -0.22984664 0.22881052 0.08025850
v 0.00000000 0.22881052 0.08025845
v 0.00000000 0.21455887 0.08025845
v 0.21989177 0.24027729 0.08025850
v 0.22984664 0.22881052 0.08025850
v 0.00000000 0.22881052 0.08025845
v 0.00000000 0.22881052 0.08025845
v -0.22984664 0.22881052 0.08025850
v -0.21989177 0.24027729 0.08025850
v 0.00000000 0.22881052 0.08025845
v 0.00000000 0.24027729 0.08025845
v 0.21989177 0.24027729 0.08025850
v -0.21989177 0.24027729 0.08025850
v 0.00000000 0.24027729 0.08025845
v 0.00000000 0.22881052 0.08025845
v 0.20629323 0.24588670 0.08025850
v 0.21989177 0.24027729 0.08025850
v 0.00000000 0.24027729 0.08025845
v 0.00000000 0.24027729 0.08025845
v -0.21989177 0.24027729 0.08025850
v -0.20629323 0.24588670 0.08025850
v 0.00000000 0.24027729 0.08025845
v 0.00000000 0.24588670 0.08025845
v 0.20629323 0.24588670 0.08025850
v -0.20629323 0.24588670 0.08025850
v 0.00000000 0.24588670 0.08025845
v 0.00000000 0.24027729 0.08025845
v 0.14760248 0.26268598 0.08025849
v 0.20629323 0.24588670 0.08025850
v 0.00000000 0.24588670 0.08025845
v 0.00000000 0.24588670 0.08025845
v -0.20629323 0.24588670 0.08025850
v -0.14760248 0.26268598 0.08025849
v 0.00000000 0.24588670 0.08025845
v 0.00000000 0.26268598 0.08025844
v 0.14760248 0.26268598 0.08025849
v -0.14760248 0.26268598 0.08025849
v 0.00000000 0.26268598 0.08025844
v 0.00000000 0.24588670 0.08025845
v 0.07574374 0.27179983 0.08025849
v 0.14760248 0.26268598 0.08025849
v 0.00000000 0.26268598 0.08025844
v 0.00000000 0.26268598 0.08025844
v -0.14760248 0.26268598 0.08025849
v -0.07574374 0.27179983 0.08025849
v 0.00000000 0.26268598 0.08025844
v 0.00000000 0.27515304 0.08025849
v 0.07574374 0.27179983 0.08025849
v -0.07574374 0.27179983 0.08025849
v 0.00000000 0.27515304 0.08025849
v 0.00000000 0.26268598 0.08025844
vt 0.38578752 0.02409744
vt 0.38578814 0.03695333
vt 0.55218709 0.03692752
vt 0.55218709 0.03692752
vt 0.55218554 0.02407396
vt 0.38578752 0.02409744
vt 0.21934894 0.03694153
vt 0.38578814 0.03695333
vt 0.38578752 0.02409744
vt 0.38578752 0.02409744
vt 0.21934761 0.02407873
vt 0.21934894 0.03694153
vt 0.43563697 0.41843492
vt 0.48359603 0.41237104
vt 0.47191125 0.38416582
vt 0.47191125 0.38416582
vt 0.42991975 0.38938749
vt 0.43563697 0.41843492
vt 0.50617409 0.37436515
vt 0.47191125 0.38416582
vt 0.48359603 0.41237104
vt 0.38573194 0.41969353
vt 0.43563697 0.41843492
vt 0.42991975 0.38938749
vt 0.48359603 0.41237104
vt 0.53045559 0.40382105
vt 0.50617409 0.37436515
vt 0.42991975 0.38938749
vt 0.38575667 0.39110881
vt 0.38573194 0.41969353
vt 0.38573194 0.41969353
vt 0.38575667 0.39110881
vt 0.34160805 0.38930911
vt 0.34160805 0.38930911
vt 0.33583823 0.41832381
vt 0.38573194 0.41969353
vt 0.33583823 0.41832381
vt 0.34160805 0.38930911
vt 0.29962540 0.38402557
vt 0.29962540 0.38402557
vt 0.28795061 0.41219550
vt 0.33583823 0.41832381
vt 0.28795061 0.41219550
vt 0.29962540 0.38402557
vt 0.26533657 0.37420225
vt 0.26533657 0.37420225
vt 0.24115720 0.40374076
vt 0.28795061 0.41219550
vt 0.21936092 0.39786696
vt 0.24115720 0.40374076
vt 0.26533657 0.37420225
vt 0.25738958 0.37091857
vt 0.21936092 0.39786696
vt 0.26533657 0.37420225
vt 0.25157124 0.36421978
vt 0.21936092 0.39786696
vt 0.25738958 0.37091857
vt 0.24944106 0.35588980
vt 0.21936092 0.39786696
vt 0.25157124 0.36421978
vt 0.21936092 0.39786696
vt 0.24944106 0.35588980
vt 0.24946031 0.08639616
vt 0.24946031 0.08639616
vt 0.21935144 0.04144865
vt 0.21936092 0.39786696
vt 0.25160706 0.07837421
vt 0.21935144 0.04144865
vt 0.24946031 0.08639616
vt 0.25747684 0.07250154
vt 0.21935144 0.04144865
vt 0.25160706 0.07837421
vt 0.26549563 0.07035160
vt 0.21935144 0.04144865
vt 0.25747684 0.07250154
vt 0.38578856 0.04145485
vt 0.21935144 0.04144865
vt 0.26549563 0.07035160
vt 0.26549563 0.07035160
vt 0.38579065 0.07034838
vt 0.38578856 0.04145485
vt 0.38578856 0.04145485
vt 0.38579065 0.07034838
vt 0.50606322 0.07032526
vt 0.50606322 0.07032526
vt 0.55218732 0.04142743
vt 0.38578856 0.04145485
vt 0.55218732 0.04142743
vt 0.50606322 0.07032526
vt 0.51407921 0.07247639
vt 0.55218732 0.04142743
vt 0.51407921 0.07247639
vt 0.51994836 0.07834959
vt 0.55218732 0.04142743
vt 0.51994836 0.07834959
vt 0.52209616 0.08637369
vt 0.55229294 0.39777273
vt 0.55218732 0.04142743
vt 0.52209616 0.08637369
vt 0.52209616 0.08637369
vt 0.52215350 0.35571575
vt 0.55229294 0.39777273
vt 0.55229294 0.39777273
vt 0.52215350 0.35571575
vt 0.52000058 0.36402023
vt 0.55229294 0.39777273
vt 0.52000058 0.36402023
vt 0.51415479 0.37070280
vt 0.55229294 0.39777273
vt 0.51415479 0.37070280
vt 0.50617409 0.37436515
vt 0.53045559 0.40382105
vt 0.55229294 0.39777273
vt 0.50617409 0.37436515
vt 0.38578752 0.02409744
vt 0.55218554 0.02407396
vt 0.55218303 0.00342089
vt 0.55218303 0.00342089
vt 0.38578719 0.00344151
vt 0.38578752 0.02409744
vt 0.38578752 0.02409744
vt 0.38578719 0.00344151
vt 0.21935022 0.00342059
vt 0.21935022 0.00342059
vt 0.21934761 0.02407873
vt 0.38578752 0.02409744
vt 0.68771553 0.60162890
vt 0.69010782 0.60162890
vt 0.69021285 0.46456939
vt 0.69021285 0.46456939
vt 0.68782055 0.46456939
vt 0.68771553 0.60162890
vt 0.69010782 0.60162890
vt 0.68771553 0.60162890
vt 0.68771553 0.61153585
vt 0.68771553 0.61153585
vt 0.69010782 0.61153585
vt 0.69010782 0.60162890
vt 0.69010782 0.62144279
vt 0.69010782 0.61153585
vt 0.68771553 0.61153585
vt 0.68771553 0.61153585
vt 0.68771553 0.62144279
vt 0.69010782 0.62144279
vt 0.69010782 0.63134974
vt 0.69010782 0.62144279
vt 0.68771553 0.62144279
vt 0.68771553 0.62144279
vt 0.68771553 0.63134974
vt 0.69010782 0.63134974
vt 0.69010782 0.63134974
vt 0.68771553 0.63134974
vt 0.68673718 0.76841700
vt 0.68673718 0.76841700
vt 0.68912947 0.76841700
vt 0.69010782 0.63134974
vt 0.68912947 0.77866590
vt 0.68912947 0.76841700
vt 0.68673718 0.76841700
vt 0.68673718 0.76841700
vt 0.68673718 0.77866590
vt 0.68912947 0.77866590
vt 0.68912947 0.78924572
vt 0.68912947 0.77866590
vt 0.68673718 0.77866590
vt 0.68673718 0.77866590
vt 0.68673718 0.78924572
vt 0.68912947 0.78924572
vt 0.68912935 0.79949456
vt 0.68912947 0.78924572
vt 0.68673718 0.78924572
vt 0.68673718 0.78924572
vt 0.68673706 0.79949456
vt 0.68912935 0.79949456
vt 0.68912935 0.79949456
vt 0.68673706 0.79949456
vt 0.68673658 0.84202749
vt 0.68673658 0.84202749
vt 0.68912888 0.84202754
vt 0.68912935 0.79949456
vt 0.68912888 0.84202754
vt 0.68673658 0.84202749
vt 0.68673611 0.89249343
vt 0.68673611 0.89249343
vt 0.68912828 0.89249349
vt 0.68912888 0.84202754
vt 0.68912828 0.89249349
vt 0.68673611 0.89249343
vt 0.68673539 0.94531685
vt 0.68673539 0.94531685
vt 0.68912768 0.94531691
vt 0.68912828 0.89249349
vt 0.53369009 0.42298597
vt 0.48493621 0.42305946
vt 0.48507190 0.51305115
vt 0.48507190 0.51305115
vt 0.48493621 0.42305946
vt 0.43625361 0.42313290
vt 0.48507190 0.51305115
vt 0.53382587 0.51297760
vt 0.53369009 0.42298597
vt 0.53369009 0.42298597
vt 0.53382587 0.51297760
vt 0.55411077 0.51294702
vt 0.55411077 0.51294702
vt 0.55397522 0.42295539
vt 0.53369009 0.42298597
vt 0.43625361 0.42313290
vt 0.43638930 0.51312459
vt 0.48507190 0.51305115
vt 0.38564503 0.51273298
vt 0.43638930 0.51312459
vt 0.43625361 0.42313290
vt 0.43625361 0.42313290
vt 0.38573781 0.42391837
vt 0.38564503 0.51273298
vt 0.38564503 0.51273298
vt 0.38573781 0.42391837
vt 0.33521661 0.42302150
vt 0.33521661 0.42302150
vt 0.33489147 0.51302612
vt 0.38564503 0.51273298
vt 0.28620189 0.51285022
vt 0.33489147 0.51302612
vt 0.33521661 0.42302150
vt 0.33521661 0.42302150
vt 0.28652701 0.42284560
vt 0.28620189 0.51285022
vt 0.28620189 0.51285022
vt 0.28652701 0.42284560
vt 0.23776603 0.42266941
vt 0.23776603 0.42266941
vt 0.23744091 0.51267409
vt 0.28620189 0.51285022
vt 0.21715295 0.51260078
vt 0.23744091 0.51267409
vt 0.23776603 0.42266941
vt 0.23776603 0.42266941
vt 0.21747813 0.42259610
vt 0.21715295 0.51260078
vt 0.38617876 0.07054651
vt 0.51572192 0.07054591
vt 0.50762546 0.06837648
vt 0.50762546 0.06837648
vt 0.38617870 0.06837708
vt 0.38617876 0.07054651
vt 0.38617876 0.07054651
vt 0.38617870 0.06837708
vt 0.26473364 0.06837767
vt 0.26473364 0.06837767
vt 0.25663754 0.07054710
vt 0.38617876 0.07054651
vt 0.51572192 0.07054591
vt 0.38617876 0.07054651
vt 0.38617876 0.07647336
vt 0.38617876 0.07647336
vt 0.38617876 0.07054651
vt 0.25663754 0.07054710
vt 0.38617876 0.07647336
vt 0.52164900 0.07647288
vt 0.51572192 0.07054591
vt 0.25663754 0.07054710
vt 0.25071076 0.07647389
vt 0.38617876 0.07647336
vt 0.52164900 0.07647288
vt 0.38617876 0.07647336
vt 0.38617876 0.08456975
vt 0.38617876 0.08456975
vt 0.38617876 0.07647336
vt 0.25071076 0.07647389
vt 0.38617876 0.08456975
vt 0.52381849 0.08456933
vt 0.52164900 0.07647288
vt 0.25071076 0.07647389
vt 0.24854138 0.08457017
vt 0.38617876 0.08456975
vt 0.52381814 0.35651326
vt 0.52381849 0.08456933
vt 0.38617876 0.08456975
vt 0.38617876 0.08456975
vt 0.24854138 0.08457017
vt 0.24854109 0.35651302
vt 0.38617876 0.08456975
vt 0.38617954 0.35651314
vt 0.52381814 0.35651326
vt 0.24854109 0.35651302
vt 0.38617954 0.35651314
vt 0.38617876 0.08456975
vt 0.52167034 0.36491442
vt 0.52381814 0.35651326
vt 0.38617954 0.35651314
vt 0.38617954 0.35651314
vt 0.24854109 0.35651302
vt 0.25068900 0.36491430
vt 0.38617954 0.35651314
vt 0.38617954 0.36491430
vt 0.52167034 0.36491442
vt 0.25068900 0.36491430
vt 0.38617954 0.36491430
vt 0.38617954 0.35651314
vt 0.51580203 0.37167394
vt 0.52167034 0.36491442
vt 0.38617954 0.36491430
vt 0.38617954 0.36491430
vt 0.25068900 0.36491430
vt 0.25655714 0.37167364
vt 0.38617954 0.36491430
vt 0.38617954 0.37167376
vt 0.51580203 0.37167394
vt 0.25655714 0.37167364
vt 0.38617954 0.37167376
vt 0.38617954 0.36491430
vt 0.50778580 0.37498057
vt 0.51580203 0.37167394
vt 0.38617954 0.37167376
vt 0.38617954 0.37167376
vt 0.25655714 0.37167364
vt 0.26457331 0.37498033
vt 0.38617954 0.37167376
vt 0.38617954 0.37498045
vt 0.50778580 0.37498057
vt 0.26457331 0.37498033
vt 0.38617954 0.37498045
vt 0.38617954 0.37167376
vt 0.47318855 0.38488346
vt 0.50778580 0.37498057
vt 0.38617954 0.37498045
vt 0.38617954 0.37498045
vt 0.26457331 0.37498033
vt 0.29917046 0.38488334
vt 0.38617954 0.37498045
vt 0.38617948 0.38488334
vt 0.47318855 0.38488346
vt 0.29917046 0.38488334
vt 0.38617948 0.38488334
vt 0.38617954 0.37498045
vt 0.43082914 0.39025593
vt 0.47318855 0.38488346
vt 0.38617948 0.38488334
vt 0.38617948 0.38488334
vt 0.29917046 0.38488334
vt 0.34152982 0.39025581
vt 0.38617948 0.38488334
vt 0.38617948 0.39223254
vt 0.43082914 0.39025593
vt 0.34152982 0.39025581
vt 0.38617948 0.39223254
vt 0.38617948 0.38488334
vt 0.55218732 0.04142743
vt 0.55229294 0.39777273
vt 0.55853307 0.39890015
vt 0.55853307 0.39890015
vt 0.55846965 0.03771228
vt 0.55218732 0.04142743
vt 0.55276537 0.03917748
vt 0.55218709 0.03692752
vt 0.55218732 0.04142743
vt 0.38578856 0.04145485
vt 0.55218732 0.04142743
vt 0.55218709 0.03692752
vt 0.55218709 0.03692752
vt 0.38578814 0.03695333
vt 0.38578856 0.04145485
vt 0.38578856 0.04145485
vt 0.38578814 0.03695333
vt 0.21934894 0.03694153
vt 0.55419028 0.02607822
vt 0.55218554 0.02407396
vt 0.55218709 0.03692752
vt 0.55218709 0.03692752
vt 0.55418718 0.03810954
vt 0.55419028 0.02607822
vt 0.21934894 0.03694153
vt 0.21935144 0.04144865
vt 0.38578856 0.04145485
vt 0.21934894 0.03694153
vt 0.21877113 0.03919542
vt 0.21935144 0.04144865
vt 0.21935144 0.04144865
vt 0.21306708 0.04020703
vt 0.21303283 0.40148413
vt 0.21303283 0.40148413
vt 0.21936092 0.39786696
vt 0.21935144 0.04144865
vt 0.21934894 0.03694153
vt 0.21934761 0.02407873
vt 0.21734190 0.02608484
vt 0.21734190 0.02608484
vt 0.21734768 0.03812480
vt 0.21934894 0.03694153
vt 0.55598116 0.42177266
vt 0.55397522 0.42295539
vt 0.55411077 0.51294702
vt 0.55411077 0.51294702
vt 0.55612016 0.51412362
vt 0.55598116 0.42177266
vt 0.67949748 0.45407236
vt 0.64655960 0.37055361
vt 0.58564079 0.39457858
vt 0.66036344 0.36732209
vt 0.64655960 0.37055361
vt 0.67949748 0.45407236
vt 0.58564079 0.39457858
vt 0.61857855 0.47809738
vt 0.67949748 0.45407236
vt 0.60551536 0.48324919
vt 0.61857855 0.47809738
vt 0.58564079 0.39457858
vt 0.58564079 0.39457858
vt 0.57257760 0.39973044
vt 0.60551536 0.48324919
vt 0.66036344 0.36732209
vt 0.67949748 0.45407236
vt 0.72156417 0.43748236
vt 0.66036344 0.36732209
vt 0.72156417 0.43748236
vt 0.70399594 0.39293516
vt 0.67428994 0.36823368
vt 0.66036344 0.36732209
vt 0.70399594 0.39293516
vt 0.68695343 0.37316811
vt 0.67428994 0.36823368
vt 0.70399594 0.39293516
vt 0.68695343 0.37316811
vt 0.70399594 0.39293516
vt 0.69712639 0.38160354
vt 0.55218303 0.00342089
vt 0.55218554 0.02407396
vt 0.55418980 0.02206922
vt 0.55418980 0.02206922
vt 0.55418754 0.00342059
vt 0.55218303 0.00342089
vt 0.56295741 0.56175762
vt 0.56385326 0.55994779
vt 0.55772722 0.55691588
vt 0.55772722 0.55691588
vt 0.55683148 0.55872577
vt 0.56295741 0.56175762
vt 0.55610979 0.55321503
vt 0.55587673 0.55772454
vt 0.55772722 0.55691588
vt 0.55772722 0.55691588
vt 0.55796027 0.55240625
vt 0.55610979 0.55321503
vt 0.55594075 0.55240625
vt 0.55796027 0.55240625
vt 0.55796027 0.53933728
vt 0.55796027 0.53933728
vt 0.55594075 0.53793681
vt 0.55594075 0.55240625
vt 0.57257760 0.39973044
vt 0.57027185 0.39933276
vt 0.60408342 0.48507947
vt 0.60408342 0.48507947
vt 0.60551536 0.48324919
vt 0.57257760 0.39973044
vt 0.60640943 0.48539424
vt 0.60820568 0.48704308
vt 0.60551536 0.48324919
vt 0.57169080 0.39756513
vt 0.57257760 0.39973044
vt 0.57193124 0.39525819
vt 0.58500648 0.39013159
vt 0.57182634 0.03986877
vt 0.57185531 0.39468944
vt 0.64602363 0.14087343
vt 0.57182634 0.03986877
vt 0.58500648 0.39013159
vt 0.64602363 0.14087343
vt 0.64601541 0.03986496
vt 0.57182634 0.03986877
vt 0.58500648 0.39013159
vt 0.64604187 0.36606061
vt 0.64602363 0.14087343
vt 0.65982187 0.14820933
vt 0.64602363 0.14087343
vt 0.64604187 0.36606061
vt 0.64604187 0.36606061
vt 0.65983891 0.35988241
vt 0.65982187 0.14820933
vt 0.65982187 0.14820933
vt 0.65983891 0.35988241
vt 0.67367864 0.35430896
vt 0.67367864 0.35430896
vt 0.67366266 0.15237570
vt 0.65982187 0.14820933
vt 0.67366266 0.15237570
vt 0.67367864 0.35430896
vt 0.68758857 0.34988558
vt 0.68758857 0.34988558
vt 0.68757319 0.15529168
vt 0.67366266 0.15237570
vt 0.68757319 0.15529168
vt 0.68758857 0.34988558
vt 0.70156813 0.34704524
vt 0.70156813 0.34704524
vt 0.70155323 0.15689838
vt 0.68757319 0.15529168
vt 0.70155323 0.15689838
vt 0.70156813 0.34704524
vt 0.71559048 0.34606576
vt 0.71559048 0.34606576
vt 0.71557581 0.15689731
vt 0.70155323 0.15689838
vt 0.71557581 0.15689731
vt 0.71559048 0.34606576
vt 0.76374650 0.34606206
vt 0.76374650 0.34606206
vt 0.74769676 0.07993019
vt 0.71557581 0.15689731
vt 0.76374650 0.34606206
vt 0.76372588 0.07992893
vt 0.74769676 0.07993019
vt 0.71556675 0.03985989
vt 0.71557581 0.15689731
vt 0.74769676 0.07993019
vt 0.74769676 0.07993019
vt 0.74769366 0.03985745
vt 0.71556675 0.03985989
vt 0.70105112 0.15602845
vt 0.71557581 0.15689731
vt 0.71556675 0.03985989
vt 0.71556675 0.03985989
vt 0.70104206 0.03986108
vt 0.70105112 0.15602845
vt 0.68749595 0.15340596
vt 0.70105112 0.15602845
vt 0.70104206 0.03986108
vt 0.70104206 0.03986108
vt 0.68748713 0.03986210
vt 0.68749595 0.15340596
vt 0.67377746 0.14916897
vt 0.68749595 0.15340596
vt 0.68748713 0.03986210
vt 0.68748713 0.03986210
vt 0.67376912 0.03986317
vt 0.67377746 0.14916897
vt 0.66120255 0.14382184
vt 0.67377746 0.14916897
vt 0.67376912 0.03986317
vt 0.67376912 0.03986317
vt 0.66119444 0.03986418
vt 0.66120255 0.14382184
vt 0.65151250 0.13766730
vt 0.66120255 0.14382184
vt 0.66119444 0.03986418
vt 0.66119444 0.03986418
vt 0.65150476 0.03986490
vt 0.65151250 0.13766730
vt 0.57182634 0.03986877
vt 0.56556988 0.03863072
vt 0.56555557 0.39829588
vt 0.56555557 0.39829588
vt 0.57185531 0.39468944
vt 0.57182634 0.03986877
vt 0.57124734 0.03762084
vt 0.57182634 0.03986877
vt 0.57182598 0.03537172
vt 0.64465714 0.03536659
vt 0.57182598 0.03537172
vt 0.57182634 0.03986877
vt 0.57182634 0.03986877
vt 0.64601541 0.03986496
vt 0.64465714 0.03536659
vt 0.64465714 0.03536659
vt 0.64601541 0.03986496
vt 0.64987588 0.03730023
vt 0.64987588 0.03730023
vt 0.64829504 0.03294969
vt 0.64465714 0.03536659
vt 0.63097656 0.99530184
vt 0.63402843 0.99211538
vt 0.56352913 0.98232245
vt 0.56352913 0.98232245
vt 0.55740190 0.99530184
vt 0.63097656 0.99530184
vt 0.55740190 0.99530184
vt 0.56352913 0.98232245
vt 0.55740190 0.98232245
vt 0.67366529 0.95290321
vt 0.56352913 0.98232245
vt 0.63402843 0.99211538
vt 0.63402843 0.99211538
vt 0.67027128 0.96736962
vt 0.67366529 0.95290321
vt 0.66449475 0.97766751
vt 0.67027128 0.96736962
vt 0.63402843 0.99211538
vt 0.63402843 0.99211538
vt 0.64440453 0.99058628
vt 0.66449475 0.97766751
vt 0.65524995 0.98605955
vt 0.66449475 0.97766751
vt 0.64440453 0.99058628
vt 0.59591472 0.93374413
vt 0.56352913 0.98232245
vt 0.67366529 0.95290321
vt 0.56352913 0.92564774
vt 0.56352913 0.98232245
vt 0.59591472 0.93374413
vt 0.67366529 0.95290321
vt 0.62830019 0.93374407
vt 0.59591472 0.93374413
vt 0.59591472 0.93374413
vt 0.59591472 0.90457195
vt 0.56352913 0.92564774
vt 0.56352913 0.92564774
vt 0.59591472 0.90457195
vt 0.55740190 0.90457195
vt 0.55740190 0.90457195
vt 0.55740190 0.92564774
vt 0.56352913 0.92564774
vt 0.62830019 0.93374407
vt 0.67366529 0.95290321
vt 0.67366517 0.92076468
vt 0.67366517 0.92076468
vt 0.63446856 0.92140734
vt 0.62830019 0.93374407
vt 0.62830019 0.90457195
vt 0.62830019 0.93374407
vt 0.63446856 0.92140734
vt 0.63446856 0.92140734
vt 0.63318324 0.90457195
vt 0.62830019 0.90457195
vt 0.22551022 0.02408928
vt 0.22551034 0.00323397
vt 0.21938299 0.00323397
vt 0.21938299 0.00323397
vt 0.21938299 0.02408928
vt 0.22551022 0.02408928
vt 0.64602363 0.14087343
vt 0.65982187 0.14820933
vt 0.65981567 0.14305961
vt 0.65981567 0.14305961
vt 0.65008593 0.13696730
vt 0.64602363 0.14087343
vt 0.67292190 0.14875537
vt 0.66048145 0.14310217
vt 0.65982187 0.14820933
vt 0.65982187 0.14820933
vt 0.67366266 0.15237570
vt 0.67292190 0.14875537
vt 0.64601541 0.03986496
vt 0.64602363 0.14087343
vt 0.65065813 0.13766718
vt 0.65065813 0.13766718
vt 0.65065026 0.03986460
vt 0.64601541 0.03986496
vt 0.68708920 0.15315473
vt 0.67344415 0.14868683
vt 0.67366266 0.15237570
vt 0.67366266 0.15237570
vt 0.68757319 0.15529168
vt 0.68708920 0.15315473
vt 0.70091438 0.15592027
vt 0.68739748 0.15310770
vt 0.68757319 0.15529168
vt 0.68757319 0.15529168
vt 0.70155323 0.15689838
vt 0.70091438 0.15592027
vt 0.70106375 0.15583766
vt 0.70155323 0.15689838
vt 0.71557581 0.15689731
vt 0.54372966 0.57883012
vt 0.53839087 0.56806850
vt 0.48439702 0.52433610
vt 0.53354728 0.53305954
vt 0.48439702 0.52433610
vt 0.53839087 0.56806850
vt 0.53839087 0.56806850
vt 0.54370928 0.55729663
vt 0.53354728 0.53305954
vt 0.55248606 0.53839213
vt 0.53354728 0.53305954
vt 0.54370928 0.55729663
vt 0.54370928 0.55729663
vt 0.55249989 0.55293554
vt 0.55248606 0.53839213
vt 0.55257666 0.63360196
vt 0.55252862 0.58317453
vt 0.54372966 0.57883012
vt 0.54372966 0.57883012
vt 0.38556114 0.63376075
vt 0.55257666 0.63360196
vt 0.48439702 0.52433610
vt 0.38556114 0.63376075
vt 0.54372966 0.57883012
vt 0.38556114 0.63376075
vt 0.48439702 0.52433610
vt 0.43508554 0.51808578
vt 0.38556114 0.63376075
vt 0.43508554 0.51808578
vt 0.38565165 0.51669705
vt 0.33619425 0.51799041
vt 0.38556114 0.63376075
vt 0.38565165 0.51669705
vt 0.28686365 0.52417058
vt 0.38556114 0.63376075
vt 0.33619425 0.51799041
vt 0.22743982 0.57858980
vt 0.38556114 0.63376075
vt 0.28686365 0.52417058
vt 0.21851183 0.63335997
vt 0.38556114 0.63376075
vt 0.22743982 0.57858980
vt 0.22743982 0.57858980
vt 0.21863282 0.58292252
vt 0.21851183 0.63335997
vt 0.28686365 0.52417058
vt 0.23279539 0.56783366
vt 0.22743982 0.57858980
vt 0.23279539 0.56783366
vt 0.28686365 0.52417058
vt 0.23769060 0.53282458
vt 0.23769060 0.53282458
vt 0.22749147 0.55705202
vt 0.23279539 0.56783366
vt 0.22749147 0.55705202
vt 0.23769060 0.53282458
vt 0.21874021 0.53813076
vt 0.21874021 0.53813076
vt 0.21870531 0.55267721
vt 0.22749147 0.55705202
vt 0.55740190 0.99530184
vt 0.55740190 0.98232245
vt 0.55537784 0.98434651
vt 0.55537784 0.98434651
vt 0.55538249 0.99649566
vt 0.55740190 0.99530184
vt 0.21938299 0.00323397
vt 0.21735893 0.00323397
vt 0.21735893 0.02206522
vt 0.21735893 0.02206522
vt 0.21938299 0.02408928
vt 0.21938299 0.00323397
vt 0.07122019 0.91849333
vt 0.05194631 0.81162643
vt 0.04716232 0.81249458
vt 0.04716232 0.81249458
vt 0.06643358 0.91935658
vt 0.07122019 0.91849333
vt 0.08235517 0.54877657
vt 0.04716232 0.81249458
vt 0.05194631 0.81162643
vt 0.07122019 0.91849333
vt 0.06643358 0.91935658
vt 0.07512560 0.93558830
vt 0.07512560 0.93558830
vt 0.07920483 0.93340391
vt 0.07122019 0.91849333
vt 0.07918802 0.93827355
vt 0.07920483 0.93340391
vt 0.07512560 0.93558830
vt 0.05194631 0.81162643
vt 0.08693579 0.54936320
vt 0.08235517 0.54877657
vt 0.08235517 0.54877657
vt 0.08693579 0.54936320
vt 0.08873191 0.53533703
vt 0.08873191 0.53533703
vt 0.08415142 0.53475052
vt 0.08235517 0.54877657
vt 0.09151605 0.51359642
vt 0.08693543 0.51300985
vt 0.08415142 0.53475052
vt 0.08415142 0.53475052
vt 0.08873191 0.53533703
vt 0.09151605 0.51359642
vt 0.38557720 0.63667572
vt 0.55259264 0.63651705
vt 0.55257666 0.63360196
vt 0.55257666 0.63360196
vt 0.38556114 0.63376075
vt 0.38557720 0.63667572
vt 0.38553837 0.63667619
vt 0.38556114 0.63376075
vt 0.21851183 0.63335997
vt 0.21851183 0.63335997
vt 0.21848910 0.63627541
vt 0.38553837 0.63667619
vt 0.55252862 0.58317453
vt 0.55257666 0.63360196
vt 0.55458844 0.63360012
vt 0.55458844 0.63360012
vt 0.55454063 0.58317268
vt 0.55252862 0.58317453
vt 0.21649951 0.63335514
vt 0.21851183 0.63335997
vt 0.21863282 0.58292252
vt 0.21863282 0.58292252
vt 0.21662050 0.58291757
vt 0.21649951 0.63335514
vt 0.55275643 0.57868147
vt 0.55252862 0.58317453
vt 0.55437148 0.58236718
vt 0.55437148 0.58236718
vt 0.55459929 0.57787400
vt 0.55275643 0.57868147
vt 0.54665053 0.57566667
vt 0.55275643 0.57868147
vt 0.55364716 0.57687742
vt 0.55364716 0.57687742
vt 0.54754114 0.57386279
vt 0.54665053 0.57566667
vt 0.21679081 0.58211213
vt 0.21863282 0.58292252
vt 0.21841148 0.57842803
vt 0.21841148 0.57842803
vt 0.21656945 0.57761770
vt 0.21679081 0.58211213
vt 0.21752320 0.57662225
vt 0.21841148 0.57842803
vt 0.22452305 0.57542139
vt 0.22452305 0.57542139
vt 0.22363482 0.57361585
vt 0.21752320 0.57662225
vt 0.38690782 0.83244139
vt 0.38690791 0.83536333
vt 0.55431867 0.83555323
vt 0.55431867 0.83555323
vt 0.55431402 0.83263630
vt 0.38690782 0.83244139
vt 0.21949777 0.83556086
vt 0.38690791 0.83536333
vt 0.38690782 0.83244139
vt 0.38690782 0.83244139
vt 0.21950224 0.83264393
vt 0.21949777 0.83556086
vt 0.55633187 0.83555478
vt 0.55431867 0.83555323
vt 0.55427217 0.89677972
vt 0.55427217 0.89677972
vt 0.55628026 0.89796883
vt 0.55633187 0.83555478
vt 0.21954703 0.89678711
vt 0.21949777 0.83556086
vt 0.21748459 0.83556253
vt 0.21748459 0.83556253
vt 0.21753913 0.89797622
vt 0.21954703 0.89678711
vt 0.55485296 0.89904320
vt 0.55427217 0.89677972
vt 0.55427051 0.90130615
vt 0.55427051 0.90130615
vt 0.55427217 0.89677972
vt 0.38690919 0.89671522
vt 0.38690919 0.89671522
vt 0.38690928 0.90124178
vt 0.55427051 0.90130615
vt 0.21954897 0.90131342
vt 0.38690928 0.90124178
vt 0.38690919 0.89671522
vt 0.38690919 0.89671522
vt 0.21954703 0.89678711
vt 0.21954897 0.90131342
vt 0.21954703 0.89678711
vt 0.21896648 0.89905047
vt 0.21954897 0.90131342
vt 0.21754107 0.92028892
vt 0.21955781 0.92230392
vt 0.21954897 0.90131342
vt 0.21954897 0.90131342
vt 0.21753711 0.90012515
vt 0.21754107 0.92028892
vt 0.55627930 0.92028165
vt 0.55628228 0.90011787
vt 0.55427051 0.90130615
vt 0.55427051 0.90130615
vt 0.55426252 0.92229688
vt 0.55627930 0.92028165
vt 0.55627775 0.92431343
vt 0.55426252 0.92229688
vt 0.55425501 0.94306779
vt 0.55425501 0.94306779
vt 0.55627084 0.94306839
vt 0.55627775 0.92431343
vt 0.55427217 0.89677972
vt 0.55431867 0.83555323
vt 0.38690791 0.83536333
vt 0.38690791 0.83536333
vt 0.38690919 0.89671522
vt 0.55427217 0.89677972
vt 0.21954703 0.89678711
vt 0.38690919 0.89671522
vt 0.38690791 0.83536333
vt 0.38690791 0.83536333
vt 0.21949777 0.83556086
vt 0.21954703 0.89678711
vt 0.55425501 0.94306779
vt 0.55426252 0.92229688
vt 0.38690972 0.92223549
vt 0.38690972 0.92223549
vt 0.38691017 0.94300675
vt 0.55425501 0.94306779
vt 0.21956623 0.94307470
vt 0.38691017 0.94300675
vt 0.38690972 0.92223549
vt 0.38690972 0.92223549
vt 0.21955781 0.92230392
vt 0.21956623 0.94307470
vt 0.55426252 0.92229688
vt 0.55427051 0.90130615
vt 0.38690928 0.90124178
vt 0.38690928 0.90124178
vt 0.38690972 0.92223549
vt 0.55426252 0.92229688
vt 0.21955781 0.92230392
vt 0.38690972 0.92223549
vt 0.38690928 0.90124178
vt 0.38690928 0.90124178
vt 0.21954897 0.90131342
vt 0.21955781 0.92230392
vt 0.58830678 0.64953047
vt 0.58830678 0.81916493
vt 0.67395699 0.85634810
vt 0.67395699 0.85634810
vt 0.67395687 0.58698857
vt 0.58830678 0.64953047
vt 0.58830678 0.64953047
vt 0.67395687 0.58698857
vt 0.58614230 0.64145243
vt 0.67395699 0.85634810
vt 0.58830678 0.81916493
vt 0.63356781 0.85634810
vt 0.63356781 0.85634810
vt 0.58830678 0.81916493
vt 0.58614230 0.82724279
vt 0.58614230 0.64145243
vt 0.67395687 0.58698857
vt 0.63077295 0.56740546
vt 0.63356781 0.85634810
vt 0.58614230 0.82724279
vt 0.58022892 0.83315623
vt 0.63077295 0.56740546
vt 0.58022892 0.63553905
vt 0.58614230 0.64145243
vt 0.63356781 0.85634810
vt 0.58022892 0.83315623
vt 0.57215118 0.83532065
vt 0.63356781 0.85634810
vt 0.57215118 0.83532065
vt 0.55796003 0.83532071
vt 0.56678796 0.57838941
vt 0.58022892 0.63553905
vt 0.63077295 0.56740546
vt 0.57215118 0.63337463
vt 0.58022892 0.63553905
vt 0.56678796 0.57838941
vt 0.56678796 0.57838941
vt 0.55796015 0.58275855
vt 0.57215118 0.63337463
vt 0.57215118 0.63337463
vt 0.55796015 0.58275855
vt 0.55796003 0.63337457
vt 0.63077295 0.56740546
vt 0.57213652 0.56758237
vt 0.56678796 0.57838941
vt 0.57213652 0.56758237
vt 0.63077295 0.56740546
vt 0.57136369 0.54398131
vt 0.57136369 0.54398131
vt 0.56678796 0.55677533
vt 0.57213652 0.56758237
vt 0.55796027 0.55240625
vt 0.56678796 0.55677533
vt 0.57136369 0.54398131
vt 0.57136369 0.54398131
vt 0.55796027 0.53933728
vt 0.55796027 0.55240625
vt 0.63356781 0.85634810
vt 0.55796003 0.83532071
vt 0.59638464 0.89186555
vt 0.59638464 0.89186555
vt 0.55796003 0.83532071
vt 0.55796003 0.89673740
vt 0.55796003 0.89673740
vt 0.59638464 0.89673740
vt 0.59638464 0.89186555
vt 0.59638464 0.89186555
vt 0.62869608 0.89186549
vt 0.63356781 0.85634810
vt 0.63356781 0.89673740
vt 0.63356781 0.85634810
vt 0.62869608 0.89186549
vt 0.62869608 0.89186549
vt 0.62869608 0.89673740
vt 0.63356781 0.89673740
vt 0.58614230 0.82724279
vt 0.58830678 0.81916493
vt 0.58635616 0.81864232
vt 0.58635616 0.81864232
vt 0.58419168 0.82672018
vt 0.58614230 0.82724279
vt 0.58534610 0.81917876
vt 0.58830678 0.81916493
vt 0.58830678 0.64953047
vt 0.58830678 0.64953047
vt 0.58534610 0.64954430
vt 0.58534610 0.81917876
vt 0.58022892 0.83315623
vt 0.58614230 0.82724279
vt 0.58471441 0.82581484
vt 0.58471441 0.82581484
vt 0.57880104 0.83172828
vt 0.58022892 0.83315623
vt 0.58635616 0.65005314
vt 0.58830678 0.64953047
vt 0.58614230 0.64145243
vt 0.58614230 0.64145243
vt 0.58419168 0.64197516
vt 0.58635616 0.65005314
vt 0.57215118 0.83532065
vt 0.58022892 0.83315623
vt 0.57970631 0.83120555
vt 0.57970631 0.83120555
vt 0.57162845 0.83337003
vt 0.57215118 0.83532065
vt 0.58471441 0.64288044
vt 0.58614230 0.64145243
vt 0.58022892 0.63553905
vt 0.58022892 0.63553905
vt 0.57880104 0.63696700
vt 0.58471441 0.64288044
vt 0.55796003 0.83532071
vt 0.57215118 0.83532065
vt 0.57215118 0.83330125
vt 0.57215118 0.83330125
vt 0.55796003 0.83330125
vt 0.55796003 0.83532071
vt 0.57970631 0.63748968
vt 0.58022892 0.63553905
vt 0.57215118 0.63337463
vt 0.57215118 0.63337463
vt 0.57162845 0.63532525
vt 0.57970631 0.63748968
vt 0.57215118 0.63539404
vt 0.57215118 0.63337463
vt 0.55796003 0.63337457
vt 0.55796003 0.63337457
vt 0.55796003 0.63539404
vt 0.57215118 0.63539404
vt 0.55594063 0.63337457
vt 0.55796003 0.63337457
vt 0.55796015 0.58275855
vt 0.55796015 0.58275855
vt 0.55594063 0.58275855
vt 0.55594063 0.63337457
vt 0.55610967 0.58194983
vt 0.55796015 0.58275855
vt 0.55772722 0.57824880
vt 0.55772722 0.57824880
vt 0.55587661 0.57744002
vt 0.55610967 0.58194983
vt 0.56295741 0.57340705
vt 0.55683136 0.57643878
vt 0.55772722 0.57824880
vt 0.55772722 0.57824880
vt 0.56385314 0.57521689
vt 0.56295741 0.57340705
vt 0.22575860 0.94300896
vt 0.22575860 0.92215359
vt 0.21963136 0.92215359
vt 0.21963136 0.92215359
vt 0.21963136 0.94300896
vt 0.22575860 0.94300896
vt 0.54267383 0.98232245
vt 0.56352913 0.98232245
vt 0.56352913 0.92564774
vt 0.56352913 0.92564774
vt 0.54267383 0.92564774
vt 0.54267383 0.98232245
vt 0.98335302 0.98073089
vt 0.98626530 0.96986210
vt 0.71454084 0.96986175
vt 0.71454084 0.95076734
vt 0.71454084 0.96986175
vt 0.98626530 0.96986210
vt 0.71454084 0.96986175
vt 0.71745324 0.98073059
vt 0.98335302 0.98073089
vt 0.98626530 0.96986210
vt 0.98626530 0.95076734
vt 0.71454084 0.95076734
vt 0.97539628 0.98868775
vt 0.98335302 0.98073089
vt 0.71745324 0.98073059
vt 0.71454084 0.94544113
vt 0.71454084 0.95076734
vt 0.98626530 0.95076734
vt 0.71745324 0.98073059
vt 0.72540987 0.98868716
vt 0.97539628 0.98868775
vt 0.97539628 0.98868775
vt 0.72540987 0.98868716
vt 0.74096334 0.99294281
vt 0.74096334 0.99294281
vt 0.96450835 0.99286103
vt 0.97539628 0.98868775
vt 0.98626530 0.95076734
vt 0.98626530 0.94544113
vt 0.71454084 0.94544113
vt 0.71454084 0.71987575
vt 0.71454084 0.94544113
vt 0.98626530 0.94544113
vt 0.98626530 0.94544113
vt 0.98626530 0.71987563
vt 0.71454084 0.71987575
vt 0.71454084 0.71987575
vt 0.98626530 0.71987563
vt 0.98626506 0.49431014
vt 0.98626506 0.49431014
vt 0.71454084 0.49431014
vt 0.71454084 0.71987575
vt 0.71454084 0.49431014
vt 0.98626506 0.49431014
vt 0.98626506 0.48898399
vt 0.98626506 0.48898399
vt 0.71454084 0.48898399
vt 0.71454084 0.49431014
vt 0.71454084 0.48898399
vt 0.98626506 0.48898399
vt 0.98626506 0.46988940
vt 0.98626506 0.46988940
vt 0.71454084 0.46988916
vt 0.71454084 0.48898399
vt 0.71454084 0.46988916
vt 0.98626506 0.46988940
vt 0.98335302 0.45902073
vt 0.98335302 0.45902073
vt 0.71745312 0.45902038
vt 0.71454084 0.46988916
vt 0.71745312 0.45902038
vt 0.98335302 0.45902073
vt 0.97539628 0.45106399
vt 0.97539628 0.45106399
vt 0.72540969 0.45106375
vt 0.71745312 0.45902038
vt 0.73604566 0.44696832
vt 0.72540969 0.45106375
vt 0.97539628 0.45106399
vt 0.97539628 0.45106399
vt 0.95982105 0.44689059
vt 0.73604566 0.44696832
vt 0.21963136 0.94300896
vt 0.21963136 0.92215359
vt 0.21760730 0.92417771
vt 0.21760730 0.92417771
vt 0.21760730 0.94300896
vt 0.21963136 0.94300896
vt 0.55273628 0.55742812
vt 0.55458057 0.55823207
vt 0.55434418 0.55373955
vt 0.55434418 0.55373955
vt 0.55249989 0.55293554
vt 0.55273628 0.55742812
vt 0.55248606 0.53839213
vt 0.55249989 0.55293554
vt 0.55451190 0.55293357
vt 0.55451190 0.55293357
vt 0.55449688 0.53724074
vt 0.55248606 0.53839213
vt 0.55273628 0.55742812
vt 0.54663610 0.56045455
vt 0.54753017 0.56225681
vt 0.54753017 0.56225681
vt 0.55363047 0.55923039
vt 0.55273628 0.55742812
vt 0.54688752 0.57590330
vt 0.54868984 0.57500923
vt 0.54468560 0.56693804
vt 0.54468560 0.56693804
vt 0.54288340 0.56783217
vt 0.54688752 0.57590330
vt 0.69948554 0.50190681
vt 0.69551790 0.50190681
vt 0.69551778 0.56465793
vt 0.69551778 0.56465793
vt 0.69948554 0.56465793
vt 0.69948554 0.50190681
vt 0.69551790 0.48166138
vt 0.69551790 0.50190681
vt 0.69948554 0.50190681
vt 0.69948554 0.50190681
vt 0.69948554 0.48166138
vt 0.69551790 0.48166138
vt 0.69551790 0.48166138
vt 0.69948554 0.48166138
vt 0.69948542 0.46283025
vt 0.69948542 0.46283025
vt 0.69551790 0.46283025
vt 0.69551790 0.48166138
vt 0.57210207 0.82848942
vt 0.57531536 0.82039303
vt 0.54292977 0.82039315
vt 0.57210207 0.82848942
vt 0.57531548 0.82527602
vt 0.57531536 0.82039303
vt 0.57210207 0.82848942
vt 0.54292977 0.82039315
vt 0.54292989 0.82848954
vt 0.55537784 0.92362368
vt 0.55740190 0.92564774
vt 0.55740190 0.90457195
vt 0.55740190 0.90457195
vt 0.55538237 0.90337813
vt 0.55537784 0.92362368
vt 0.63997984 0.86088210
vt 0.63997984 0.87062579
vt 0.67395687 0.87062579
vt 0.67395687 0.87062579
vt 0.67395699 0.86088210
vt 0.63997984 0.86088210
vt 0.54292989 0.82848954
vt 0.54292977 0.82039315
vt 0.51054430 0.82039326
vt 0.51054430 0.82039326
vt 0.51054442 0.82848966
vt 0.54292989 0.82848954
vt 0.51054418 0.78800774
vt 0.51054430 0.82039326
vt 0.54292977 0.82039315
vt 0.54292977 0.82039315
vt 0.54292965 0.78800762
vt 0.51054418 0.78800774
vt 0.67395687 0.87515968
vt 0.63997984 0.87515968
vt 0.63997984 0.90913683
vt 0.63997984 0.90913683
vt 0.67395699 0.90913683
vt 0.67395687 0.87515968
vt 0.55796003 0.89673740
vt 0.55796003 0.83532071
vt 0.55594051 0.83532071
vt 0.55594051 0.83532071
vt 0.55594492 0.89792866
vt 0.55796003 0.89673740
vt 0.59638464 0.90127134
vt 0.59638464 0.89673740
vt 0.55796003 0.89673740
vt 0.55796003 0.89673740
vt 0.55796003 0.90127140
vt 0.59638464 0.90127134
vt 0.55737758 0.89900440
vt 0.55796003 0.90127140
vt 0.55796003 0.89673740
vt 0.62570226 0.90913689
vt 0.63544583 0.90913683
vt 0.63544583 0.87515980
vt 0.63544583 0.87515980
vt 0.62570226 0.87515980
vt 0.62570226 0.90913689
vt 0.51054430 0.82039326
vt 0.48137215 0.82848978
vt 0.51054442 0.82848966
vt 0.51054430 0.82039326
vt 0.47815880 0.82039344
vt 0.48137215 0.82848978
vt 0.47815880 0.82039344
vt 0.47815880 0.82527643
vt 0.48137215 0.82848978
vt 0.67300856 0.56109035
vt 0.67300856 0.55299401
vt 0.64100266 0.55299401
vt 0.64100266 0.55299401
vt 0.64100266 0.56109035
vt 0.67300856 0.56109035
vt 0.67300856 0.56109035
vt 0.64100266 0.56109035
vt 0.64100266 0.56685990
vt 0.64100266 0.56685990
vt 0.67300856 0.56685990
vt 0.67300856 0.56109035
vt 0.55995989 0.40788954
vt 0.55938232 0.40550971
vt 0.55930614 0.41024959
vt 0.56750238 0.52691197
vt 0.56675220 0.52443302
vt 0.56692457 0.52941787
vt 0.72653866 0.43552053
vt 0.72156417 0.43748236
vt 0.72545469 0.44002694
vt 0.70399594 0.39293516
vt 0.72156417 0.43748236
vt 0.72653866 0.43552053
vt 0.72653866 0.43552053
vt 0.70887136 0.39072227
vt 0.70399594 0.39293516
vt 0.68051016 0.45851862
vt 0.72427523 0.44125867
vt 0.72156417 0.43748236
vt 0.72156417 0.43748236
vt 0.67949748 0.45407236
vt 0.68051016 0.45851862
vt 0.70399594 0.39293516
vt 0.70880985 0.39059150
vt 0.70152283 0.37857103
vt 0.70152283 0.37857103
vt 0.69712639 0.38160354
vt 0.70399594 0.39293516
vt 0.69712639 0.38160354
vt 0.70135236 0.37833774
vt 0.69037127 0.36923218
vt 0.69037127 0.36923218
vt 0.68695343 0.37316811
vt 0.69712639 0.38160354
vt 0.62140965 0.48179716
vt 0.68035197 0.45855170
vt 0.67949748 0.45407236
vt 0.67949748 0.45407236
vt 0.61857855 0.47809738
vt 0.62140965 0.48179716
vt 0.61857855 0.47809738
vt 0.60551536 0.48324919
vt 0.60820568 0.48704308
vt 0.60820568 0.48704308
vt 0.62129843 0.48187959
vt 0.61857855 0.47809738
vt 0.68695343 0.37316811
vt 0.69014573 0.36904722
vt 0.67654538 0.36374772
vt 0.67654538 0.36374772
vt 0.67428994 0.36823368
vt 0.68695343 0.37316811
vt 0.67428994 0.36823368
vt 0.67627418 0.36362135
vt 0.66138577 0.36264688
vt 0.66138577 0.36264688
vt 0.66036344 0.36732209
vt 0.67428994 0.36823368
vt 0.66036344 0.36732209
vt 0.66107643 0.36258972
vt 0.64635754 0.36603552
vt 0.64635754 0.36603552
vt 0.64655960 0.37055361
vt 0.66036344 0.36732209
vt 0.64655960 0.37055361
vt 0.64604187 0.36606061
vt 0.58500648 0.39013159
vt 0.58500648 0.39013159
vt 0.58564079 0.39457858
vt 0.64655960 0.37055361
vt 0.57193124 0.39525819
vt 0.57257760 0.39973044
vt 0.58564079 0.39457858
vt 0.58564079 0.39457858
vt 0.58487964 0.39015162
vt 0.57193124 0.39525819
vt 0.76837122 0.07993114
vt 0.76605046 0.07590705
vt 0.76372588 0.07992893
vt 0.76837122 0.07993114
vt 0.76372588 0.07992893
vt 0.76374650 0.34606206
vt 0.76374650 0.34606206
vt 0.76839197 0.34718037
vt 0.76837122 0.07993114
vt 0.76372588 0.07992893
vt 0.76372552 0.07543045
vt 0.75405824 0.07543117
vt 0.75405824 0.07543117
vt 0.74769676 0.07993019
vt 0.76372588 0.07992893
vt 0.74769676 0.07993019
vt 0.75405824 0.07543117
vt 0.75051105 0.07266456
vt 0.74769366 0.03985745
vt 0.74769676 0.07993019
vt 0.75219476 0.07356805
vt 0.75219476 0.07356805
vt 0.75219202 0.03985709
vt 0.74769366 0.03985745
vt 0.75219202 0.03985709
vt 0.74994254 0.03596151
vt 0.74769366 0.03985745
vt 0.74769366 0.03985745
vt 0.74769330 0.03535897
vt 0.71587956 0.03536141
vt 0.71587956 0.03536141
vt 0.71556675 0.03985989
vt 0.74769366 0.03985745
vt 0.70104206 0.03986108
vt 0.71556675 0.03985989
vt 0.71525323 0.03536147
vt 0.71525323 0.03536147
vt 0.70054889 0.03499472
vt 0.70104206 0.03986108
vt 0.68748713 0.03986210
vt 0.70104206 0.03986108
vt 0.69942796 0.03524381
vt 0.69942796 0.03524381
vt 0.68773985 0.03526497
vt 0.68748713 0.03986210
vt 0.67376912 0.03986317
vt 0.68748713 0.03986210
vt 0.68667054 0.03533101
vt 0.68667054 0.03533101
vt 0.67431128 0.03536463
vt 0.67376912 0.03986317
vt 0.66119444 0.03986418
vt 0.67376912 0.03986317
vt 0.67322600 0.03536475
vt 0.67322600 0.03536475
vt 0.66159248 0.03536564
vt 0.66119444 0.03986418
vt 0.65150476 0.03986490
vt 0.66119444 0.03986418
vt 0.66079593 0.03536564
vt 0.66079593 0.03536564
vt 0.65041375 0.03536648
vt 0.65150476 0.03986490
vt 0.61818349 0.87289280
vt 0.62570226 0.87515980
vt 0.62570226 0.87062579
vt 0.62570226 0.87515980
vt 0.62116826 0.86874777
vt 0.62116826 0.90913689
vt 0.62116826 0.90913689
vt 0.62570226 0.90913689
vt 0.62570226 0.87515980
vt 0.62570226 0.90913689
vt 0.62116826 0.90913689
vt 0.62343526 0.91306341
vt 0.63544583 0.90913683
vt 0.62570226 0.90913689
vt 0.62570226 0.91367084
vt 0.62570226 0.91367084
vt 0.64252663 0.91282326
vt 0.63544583 0.90913683
vt 0.63544583 0.90913683
vt 0.63907301 0.91624814
vt 0.63997984 0.90913683
vt 0.63544583 0.90913683
vt 0.63997984 0.90913683
vt 0.63997984 0.87515968
vt 0.63997984 0.87515968
vt 0.63544583 0.87515980
vt 0.63544583 0.90913683
vt 0.67395699 0.91367084
vt 0.67395699 0.90913683
vt 0.63997984 0.90913683
vt 0.63997984 0.90913683
vt 0.63484788 0.91414237
vt 0.67395699 0.91367084
vt 0.63997984 0.87062579
vt 0.63997984 0.87515968
vt 0.67395687 0.87515968
vt 0.67395687 0.87515968
vt 0.67395687 0.87062579
vt 0.63997984 0.87062579
vt 0.63544583 0.87515980
vt 0.63937247 0.87289274
vt 0.63544583 0.87062579
vt 0.63544583 0.87515980
vt 0.63544583 0.87062579
vt 0.62570226 0.87062579
vt 0.62570226 0.87062579
vt 0.62570226 0.87515980
vt 0.63544583 0.87515980
vt 0.48732352 0.41947407
vt 0.53830707 0.41401488
vt 0.53591609 0.40946966
vt 0.55938232 0.40550971
vt 0.53591609 0.40946966
vt 0.53830707 0.41401488
vt 0.53830707 0.41401488
vt 0.55930614 0.41024959
vt 0.55938232 0.40550971
vt 0.53591609 0.40946966
vt 0.48617312 0.41480899
vt 0.48732352 0.41947407
vt 0.43625361 0.42313290
vt 0.48732352 0.41947407
vt 0.48617312 0.41480899
vt 0.48617312 0.41480899
vt 0.43563697 0.41843492
vt 0.43625361 0.42313290
vt 0.38573781 0.42391837
vt 0.43625361 0.42313290
vt 0.43563697 0.41843492
vt 0.43563697 0.41843492
vt 0.38573194 0.41969353
vt 0.38573781 0.42391837
vt 0.38573781 0.42391837
vt 0.38573194 0.41969353
vt 0.33583823 0.41832381
vt 0.33583823 0.41832381
vt 0.33521661 0.42302150
vt 0.38573781 0.42391837
vt 0.33521661 0.42302150
vt 0.33583823 0.41832381
vt 0.28530237 0.41464424
vt 0.28530237 0.41464424
vt 0.28414699 0.41930842
vt 0.33521661 0.42302150
vt 0.28414699 0.41930842
vt 0.28530237 0.41464424
vt 0.23556113 0.40925199
vt 0.23556113 0.40925199
vt 0.23316523 0.41379505
vt 0.28414699 0.41930842
vt 0.23316523 0.41379505
vt 0.23556113 0.40925199
vt 0.21209720 0.40526700
vt 0.21209720 0.40526700
vt 0.21216843 0.41000730
vt 0.23316523 0.41379505
vt 0.49017385 0.52105963
vt 0.49045846 0.51605344
vt 0.43638930 0.51312459
vt 0.54447055 0.52088445
vt 0.49045846 0.51605344
vt 0.49017385 0.52105963
vt 0.43638930 0.51312459
vt 0.43508554 0.51808578
vt 0.49017385 0.52105963
vt 0.49017385 0.52105963
vt 0.54535890 0.52598339
vt 0.54447055 0.52088445
vt 0.56675220 0.52443302
vt 0.54447055 0.52088445
vt 0.54535890 0.52598339
vt 0.54535890 0.52598339
vt 0.56692457 0.52941787
vt 0.56675220 0.52443302
vt 0.43508554 0.51808578
vt 0.43638930 0.51312459
vt 0.38564503 0.51273298
vt 0.38564503 0.51273298
vt 0.38565165 0.51669705
vt 0.43508554 0.51808578
vt 0.33619425 0.51799041
vt 0.38565165 0.51669705
vt 0.38564503 0.51273298
vt 0.38564503 0.51273298
vt 0.33489147 0.51302612
vt 0.33619425 0.51799041
vt 0.28107604 0.52094692
vt 0.33619425 0.51799041
vt 0.33489147 0.51302612
vt 0.33489147 0.51302612
vt 0.28079298 0.51593786
vt 0.28107604 0.52094692
vt 0.28107604 0.52094692
vt 0.28079298 0.51593786
vt 0.22675055 0.52075285
vt 0.22675055 0.52075285
vt 0.22585997 0.52585423
vt 0.28107604 0.52094692
vt 0.22585997 0.52585423
vt 0.22675055 0.52075285
vt 0.20445569 0.52429575
vt 0.20445569 0.52429575
vt 0.20428160 0.52928323
vt 0.22585997 0.52585423
vt 0.67395699 0.85634810
vt 0.63356781 0.85634810
vt 0.63997984 0.86088210
vt 0.63997984 0.86088210
vt 0.67395699 0.86088210
vt 0.67395699 0.85634810
vt 0.62869608 0.89673740
vt 0.62869608 0.90127128
vt 0.63356793 0.90127128
vt 0.63356793 0.90127128
vt 0.63356781 0.89673740
vt 0.62869608 0.89673740
vt 0.68083835 0.60210866
vt 0.68133152 0.46505249
vt 0.67893922 0.46504200
vt 0.67893922 0.46504200
vt 0.67844605 0.60209817
vt 0.68083835 0.60210866
vt 0.68079484 0.61201531
vt 0.68083835 0.60210866
vt 0.67844605 0.60209817
vt 0.67844605 0.60209817
vt 0.67840254 0.61200482
vt 0.68079484 0.61201531
vt 0.68079484 0.61201531
vt 0.67840254 0.61200482
vt 0.67835915 0.62191153
vt 0.67835915 0.62191153
vt 0.68075132 0.62192202
vt 0.68079484 0.61201531
vt 0.68075132 0.62192202
vt 0.67835915 0.62191153
vt 0.67831564 0.63181823
vt 0.67831564 0.63181823
vt 0.68070793 0.63182878
vt 0.68075132 0.62192202
vt 0.68147790 0.76890576
vt 0.68070793 0.63182878
vt 0.67831564 0.63181823
vt 0.67831564 0.63181823
vt 0.67908561 0.76889527
vt 0.68147790 0.76890576
vt 0.68147790 0.76890576
vt 0.67908561 0.76889527
vt 0.67904067 0.77914393
vt 0.67904067 0.77914393
vt 0.68143296 0.77915442
vt 0.68147790 0.76890576
vt 0.68143296 0.77915442
vt 0.67904067 0.77914393
vt 0.67899418 0.78972352
vt 0.67899418 0.78972352
vt 0.68138647 0.78973407
vt 0.68143296 0.77915442
vt 0.68138647 0.78973407
vt 0.67899418 0.78972352
vt 0.67894924 0.79997224
vt 0.67894924 0.79997224
vt 0.68134153 0.79998279
vt 0.68138647 0.78973407
vt 0.68115485 0.84251535
vt 0.68134153 0.79998279
vt 0.67894924 0.79997224
vt 0.67894924 0.79997224
vt 0.67876256 0.84250486
vt 0.68115485 0.84251535
vt 0.68093359 0.89298165
vt 0.68115485 0.84251535
vt 0.67876256 0.84250486
vt 0.67876256 0.84250486
vt 0.67854118 0.89297116
vt 0.68093359 0.89298165
vt 0.68070173 0.94580573
vt 0.68093359 0.89298165
vt 0.67854118 0.89297116
vt 0.67854118 0.89297116
vt 0.67830944 0.94579524
vt 0.68070173 0.94580573
vt 0.21715295 0.51260078
vt 0.21747813 0.42259610
vt 0.21547447 0.42140913
vt 0.21547447 0.42140913
vt 0.21514057 0.51377338
vt 0.21715295 0.51260078
vt 0.18576853 0.39962190
vt 0.12484045 0.37560290
vt 0.09191080 0.45913416
vt 0.09191080 0.45913416
vt 0.15283877 0.48315316
vt 0.18576853 0.39962190
vt 0.18576853 0.39962190
vt 0.15283877 0.48315316
vt 0.16590402 0.48830378
vt 0.16590402 0.48830378
vt 0.19883367 0.40477246
vt 0.18576853 0.39962190
vt 0.06740168 0.39799428
vt 0.09191080 0.45913416
vt 0.12484045 0.37560290
vt 0.06740168 0.39799428
vt 0.04983769 0.44254816
vt 0.09191080 0.45913416
vt 0.06740168 0.39799428
vt 0.12484045 0.37560290
vt 0.11103496 0.37237293
vt 0.06740168 0.39799428
vt 0.11103496 0.37237293
vt 0.09710721 0.37328637
vt 0.06740168 0.39799428
vt 0.09710721 0.37328637
vt 0.08444311 0.37822306
vt 0.06740168 0.39799428
vt 0.08444311 0.37822306
vt 0.07427027 0.38666064
vt 0.21935022 0.00342059
vt 0.21734527 0.00342029
vt 0.21734290 0.02207351
vt 0.21734290 0.02207351
vt 0.21934761 0.02407873
vt 0.21935022 0.00342059
vt 0.16733631 0.49013400
vt 0.20113963 0.40437442
vt 0.19883367 0.40477246
vt 0.19883367 0.40477246
vt 0.16590402 0.48830378
vt 0.16733631 0.49013400
vt 0.16321398 0.49209839
vt 0.16501009 0.49044913
vt 0.16590402 0.48830378
vt 0.19883367 0.40477246
vt 0.19972023 0.40260679
vt 0.19947939 0.40029961
vt 0.19953668 0.04487532
vt 0.18640228 0.39517450
vt 0.19955570 0.39973092
vt 0.18640228 0.39517450
vt 0.19953668 0.04487532
vt 0.12534556 0.14589983
vt 0.12534016 0.04488146
vt 0.12534556 0.14589983
vt 0.19953668 0.04487532
vt 0.12534556 0.14589983
vt 0.12535764 0.37110937
vt 0.18640228 0.39517450
vt 0.12535764 0.37110937
vt 0.12534556 0.14589983
vt 0.11154696 0.15323836
vt 0.11154696 0.15323836
vt 0.11155874 0.36493254
vt 0.12535764 0.37110937
vt 0.09771657 0.35936028
vt 0.11155874 0.36493254
vt 0.11154696 0.15323836
vt 0.11154696 0.15323836
vt 0.09770557 0.15740687
vt 0.09771657 0.35936028
vt 0.08380459 0.35493833
vt 0.09771657 0.35936028
vt 0.09770557 0.15740687
vt 0.09770557 0.15740687
vt 0.08379405 0.16032499
vt 0.08380459 0.35493833
vt 0.06982320 0.35209954
vt 0.08380459 0.35493833
vt 0.08379405 0.16032499
vt 0.08379405 0.16032499
vt 0.06981301 0.16193372
vt 0.06982320 0.35209954
vt 0.05579913 0.35112184
vt 0.06982320 0.35209954
vt 0.06981301 0.16193372
vt 0.06981301 0.16193372
vt 0.05578921 0.16193449
vt 0.05579913 0.35112184
vt 0.00763822 0.35112441
vt 0.05579913 0.35112184
vt 0.05578921 0.16193449
vt 0.05578921 0.16193449
vt 0.02365503 0.08496392
vt 0.00763822 0.35112441
vt 0.00762466 0.08496475
vt 0.00763822 0.35112441
vt 0.02365503 0.08496392
vt 0.02365503 0.08496392
vt 0.05578921 0.16193449
vt 0.05578307 0.04488546
vt 0.05578307 0.04488546
vt 0.02365298 0.04488719
vt 0.02365503 0.08496392
vt 0.05578307 0.04488546
vt 0.05578921 0.16193449
vt 0.07031523 0.16106367
vt 0.07031523 0.16106367
vt 0.07030912 0.04488462
vt 0.05578307 0.04488546
vt 0.07030912 0.04488462
vt 0.07031523 0.16106367
vt 0.08387136 0.15843916
vt 0.08387136 0.15843916
vt 0.08386543 0.04488397
vt 0.07030912 0.04488462
vt 0.08386543 0.04488397
vt 0.08387136 0.15843916
vt 0.09759057 0.15419996
vt 0.09759057 0.15419996
vt 0.09758496 0.04488325
vt 0.08386543 0.04488397
vt 0.09758496 0.04488325
vt 0.09759057 0.15419996
vt 0.11016609 0.14885068
vt 0.11016609 0.14885068
vt 0.11016069 0.04488260
vt 0.09758496 0.04488325
vt 0.11016069 0.04488260
vt 0.11016609 0.14885068
vt 0.11985649 0.14269423
vt 0.11985649 0.14269423
vt 0.11985132 0.04488212
vt 0.11016069 0.04488260
vt 0.20576955 0.40086174
vt 0.20579350 0.04118401
vt 0.19953668 0.04487532
vt 0.19953668 0.04487532
vt 0.19955570 0.39973092
vt 0.20576955 0.40086174
vt 0.19953668 0.04487532
vt 0.20011529 0.04262722
vt 0.19953635 0.04037797
vt 0.19953668 0.04487532
vt 0.19953635 0.04037797
vt 0.12669808 0.04038239
vt 0.12669808 0.04038239
vt 0.12534016 0.04488146
vt 0.19953668 0.04487532
vt 0.12147890 0.04231691
vt 0.12534016 0.04488146
vt 0.12669808 0.04038239
vt 0.12669808 0.04038239
vt 0.12305942 0.03796566
vt 0.12147890 0.04231691
vt 0.14021790 0.99428207
vt 0.21379256 0.99428219
vt 0.20766532 0.98130280
vt 0.20766532 0.98130280
vt 0.21379256 0.99428219
vt 0.21379262 0.98130280
vt 0.20766532 0.98130280
vt 0.13716608 0.99109572
vt 0.14021790 0.99428207
vt 0.13716608 0.99109572
vt 0.20766532 0.98130280
vt 0.09752935 0.95188344
vt 0.09752935 0.95188344
vt 0.10092324 0.96634984
vt 0.13716608 0.99109572
vt 0.13716608 0.99109572
vt 0.10092324 0.96634984
vt 0.10669976 0.97664773
vt 0.10669976 0.97664773
vt 0.12678993 0.98956656
vt 0.13716608 0.99109572
vt 0.10669976 0.97664773
vt 0.11594456 0.98503977
vt 0.12678993 0.98956656
vt 0.09752935 0.95188344
vt 0.20766532 0.98130280
vt 0.17527986 0.93272442
vt 0.17527986 0.93272442
vt 0.20766532 0.98130280
vt 0.20766544 0.92462808
vt 0.17527986 0.93272442
vt 0.14289427 0.93272436
vt 0.09752935 0.95188344
vt 0.20766544 0.92462808
vt 0.17527992 0.90355229
vt 0.17527986 0.93272442
vt 0.21379274 0.90355241
vt 0.17527992 0.90355229
vt 0.20766544 0.92462808
vt 0.20766544 0.92462808
vt 0.21379268 0.92462808
vt 0.21379274 0.90355241
vt 0.09752941 0.91974491
vt 0.09752935 0.95188344
vt 0.14289427 0.93272436
vt 0.14289427 0.93272436
vt 0.13672596 0.92038769
vt 0.09752941 0.91974491
vt 0.13672596 0.92038769
vt 0.14289427 0.93272436
vt 0.14289433 0.90355229
vt 0.14289433 0.90355229
vt 0.13801134 0.90355229
vt 0.13672596 0.92038769
vt 0.55214888 0.00318152
vt 0.54602152 0.00318164
vt 0.54602152 0.02403694
vt 0.54602152 0.02403694
vt 0.55214882 0.02403694
vt 0.55214888 0.00318152
vt 0.11155231 0.14808810
vt 0.11154696 0.15323836
vt 0.12534556 0.14589983
vt 0.12534556 0.14589983
vt 0.12128231 0.14199382
vt 0.11155231 0.14808810
vt 0.11154696 0.15323836
vt 0.11088653 0.14813089
vt 0.09844594 0.15378624
vt 0.09844594 0.15378624
vt 0.09770557 0.15740687
vt 0.11154696 0.15323836
vt 0.12071016 0.14269394
vt 0.12534556 0.14589983
vt 0.12534016 0.04488146
vt 0.12534016 0.04488146
vt 0.12070495 0.04488170
vt 0.12071016 0.14269394
vt 0.09770557 0.15740687
vt 0.09792363 0.15371770
vt 0.08427791 0.15818787
vt 0.08427791 0.15818787
vt 0.08379405 0.16032499
vt 0.09770557 0.15740687
vt 0.08379405 0.16032499
vt 0.08396962 0.15814084
vt 0.07045167 0.16095549
vt 0.07045167 0.16095549
vt 0.06981301 0.16193372
vt 0.08379405 0.16032499
vt 0.06981301 0.16193372
vt 0.07030229 0.16087288
vt 0.05578921 0.16193449
vt 0.21581674 0.98332691
vt 0.21379262 0.98130280
vt 0.21379256 0.99428219
vt 0.21379256 0.99428219
vt 0.21581215 0.99547607
vt 0.21581674 0.98332691
vt 0.55214888 0.00318152
vt 0.55214882 0.02403694
vt 0.55417287 0.02201277
vt 0.55417287 0.02201277
vt 0.55417293 0.00318164
vt 0.55214888 0.00318152
vt 0.04638293 0.81574720
vt 0.04168299 0.81497133
vt 0.02447024 0.91995460
vt 0.02447024 0.91995460
vt 0.02917245 0.92072546
vt 0.04638293 0.81574720
vt 0.04168299 0.81497133
vt 0.04638293 0.81574720
vt 0.03511730 0.54785669
vt 0.02091137 0.93676072
vt 0.02917245 0.92072546
vt 0.02447024 0.91995460
vt 0.02447024 0.91995460
vt 0.01688161 0.93468457
vt 0.02091137 0.93676072
vt 0.01688161 0.93468457
vt 0.01697388 0.93945438
vt 0.02091137 0.93676072
vt 0.03511730 0.54785669
vt 0.03045693 0.54802251
vt 0.04168299 0.81497133
vt 0.02994922 0.53375250
vt 0.03045693 0.54802251
vt 0.03511730 0.54785669
vt 0.03511730 0.54785669
vt 0.03460947 0.53358674
vt 0.02994922 0.53375250
vt 0.02916208 0.51163393
vt 0.02994922 0.53375250
vt 0.03460947 0.53358674
vt 0.03460947 0.53358674
vt 0.03382233 0.51146805
vt 0.02916208 0.51163393
vt 0.09773722 0.85676241
vt 0.18337944 0.81956100
vt 0.18334332 0.64992642
vt 0.18334332 0.64992642
vt 0.09767976 0.58740276
vt 0.09773722 0.85676241
vt 0.09767976 0.58740276
vt 0.18334332 0.64992642
vt 0.18550602 0.64184815
vt 0.18337944 0.81956100
vt 0.09773722 0.85676241
vt 0.13812639 0.85675377
vt 0.14085974 0.56781048
vt 0.09767976 0.58740276
vt 0.18550602 0.64184815
vt 0.18337944 0.81956100
vt 0.13812639 0.85675377
vt 0.18554571 0.82763839
vt 0.18550602 0.64184815
vt 0.19141820 0.63593346
vt 0.14085974 0.56781048
vt 0.18554571 0.82763839
vt 0.13812639 0.85675377
vt 0.19146028 0.83355045
vt 0.19146028 0.83355045
vt 0.13812639 0.85675377
vt 0.19953850 0.83571315
vt 0.19953850 0.83571315
vt 0.13812639 0.85675377
vt 0.21372989 0.83571011
vt 0.14085974 0.56781048
vt 0.19141820 0.63593346
vt 0.20484713 0.57878083
vt 0.20484713 0.57878083
vt 0.19141820 0.63593346
vt 0.19949558 0.63376725
vt 0.19949558 0.63376725
vt 0.21367589 0.58314818
vt 0.20484713 0.57878083
vt 0.21367589 0.58314818
vt 0.19949558 0.63376725
vt 0.21368673 0.63376421
vt 0.20484713 0.57878083
vt 0.19949630 0.56797498
vt 0.14085974 0.56781048
vt 0.20026401 0.54437369
vt 0.14085974 0.56781048
vt 0.19949630 0.56797498
vt 0.19949630 0.56797498
vt 0.20484248 0.55716681
vt 0.20026401 0.54437369
vt 0.20026401 0.54437369
vt 0.20484248 0.55716681
vt 0.21366933 0.55279583
vt 0.21366933 0.55279583
vt 0.21366659 0.53972679
vt 0.20026401 0.54437369
vt 0.17531720 0.89226329
vt 0.21372989 0.83571011
vt 0.13812639 0.85675377
vt 0.21374288 0.89712691
vt 0.21372989 0.83571011
vt 0.17531720 0.89226329
vt 0.17531720 0.89226329
vt 0.17531815 0.89713508
vt 0.21374288 0.89712691
vt 0.13812639 0.85675377
vt 0.14300574 0.89227015
vt 0.17531720 0.89226329
vt 0.14300574 0.89227015
vt 0.13812639 0.85675377
vt 0.13813497 0.89714301
vt 0.13813497 0.89714301
vt 0.14300682 0.89714193
vt 0.14300574 0.89227015
vt 0.18554571 0.82763839
vt 0.18749610 0.82711530
vt 0.18532994 0.81903791
vt 0.18532994 0.81903791
vt 0.18337944 0.81956100
vt 0.18554571 0.82763839
vt 0.18334332 0.64992642
vt 0.18337944 0.81956100
vt 0.18634012 0.81957680
vt 0.18634012 0.81957680
vt 0.18630388 0.64994222
vt 0.18334332 0.64992642
vt 0.18550602 0.64184815
vt 0.18334332 0.64992642
vt 0.18529406 0.65044874
vt 0.18529406 0.65044874
vt 0.18745676 0.64237040
vt 0.18550602 0.64184815
vt 0.18697336 0.82621008
vt 0.18554571 0.82763839
vt 0.19146028 0.83355045
vt 0.19146028 0.83355045
vt 0.19288793 0.83212221
vt 0.18697336 0.82621008
vt 0.19141820 0.63593346
vt 0.18550602 0.64184815
vt 0.18693426 0.64327580
vt 0.18693426 0.64327580
vt 0.19284645 0.63736111
vt 0.19141820 0.63593346
vt 0.19198254 0.83159971
vt 0.19146028 0.83355045
vt 0.19953850 0.83571315
vt 0.19953850 0.83571315
vt 0.20006076 0.83376241
vt 0.19198254 0.83159971
vt 0.19949558 0.63376725
vt 0.19141820 0.63593346
vt 0.19194129 0.63788396
vt 0.19194129 0.63788396
vt 0.20001867 0.63571781
vt 0.19949558 0.63376725
vt 0.19953814 0.83369368
vt 0.19953850 0.83571315
vt 0.21372989 0.83571011
vt 0.21372989 0.83571011
vt 0.21372941 0.83369064
vt 0.19953814 0.83369368
vt 0.21368673 0.63376421
vt 0.19949558 0.63376725
vt 0.19949606 0.63578671
vt 0.19949606 0.63578671
vt 0.21368721 0.63578373
vt 0.21368673 0.63376421
vt 0.21367589 0.58314818
vt 0.21368673 0.63376421
vt 0.21570614 0.63376385
vt 0.21570614 0.63376385
vt 0.21569529 0.58314770
vt 0.21367589 0.58314818
vt 0.21390787 0.57863832
vt 0.21367589 0.58314818
vt 0.21552613 0.58233899
vt 0.21552613 0.58233899
vt 0.21575812 0.57782918
vt 0.21390787 0.57863832
vt 0.20867661 0.57379764
vt 0.20778123 0.57560772
vt 0.21390787 0.57863832
vt 0.21390787 0.57863832
vt 0.21480325 0.57682818
vt 0.20867661 0.57379764
vt 0.21574941 0.83570969
vt 0.21372989 0.83571011
vt 0.21374288 0.89712691
vt 0.21374288 0.89712691
vt 0.21575823 0.89831775
vt 0.21574941 0.83570969
vt 0.21374288 0.89712691
vt 0.17531815 0.89713508
vt 0.17531911 0.90166914
vt 0.17531911 0.90166914
vt 0.21374384 0.90166092
vt 0.21374288 0.89712691
vt 0.21374384 0.90166092
vt 0.21432582 0.89939380
vt 0.21374288 0.89712691
vt 0.54813236 0.94300717
vt 0.55425966 0.94300717
vt 0.55425966 0.92215180
vt 0.55425966 0.92215180
vt 0.54813242 0.92215180
vt 0.54813236 0.94300717
vt 0.22852063 0.98130286
vt 0.22852075 0.92462814
vt 0.20766544 0.92462808
vt 0.20766544 0.92462808
vt 0.20766532 0.98130280
vt 0.22852063 0.98130286
vt 0.55425966 0.94300717
vt 0.55628371 0.94300717
vt 0.55628383 0.92417598
vt 0.55628383 0.92417598
vt 0.55425966 0.92215180
vt 0.55425966 0.94300717
vt 0.21956623 0.94307470
vt 0.21955781 0.92230392
vt 0.21754274 0.92432070
vt 0.21754274 0.92432070
vt 0.21755037 0.94307554
vt 0.21956623 0.94307470
vt 0.69551778 0.60442013
vt 0.69551778 0.66717023
vt 0.69948530 0.66717029
vt 0.69948530 0.66717029
vt 0.69948542 0.60442013
vt 0.69551778 0.60442013
vt 0.69551778 0.60442013
vt 0.69948542 0.60442013
vt 0.69948542 0.58417410
vt 0.69948542 0.58417410
vt 0.69551778 0.58417410
vt 0.69551778 0.60442013
vt 0.69551778 0.56534255
vt 0.69551778 0.58417410
vt 0.69948542 0.58417410
vt 0.69948542 0.58417410
vt 0.69948542 0.56534255
vt 0.69551778 0.56534255
vt 0.20073573 0.82833767
vt 0.19752237 0.82024133
vt 0.19752237 0.82512426
vt 0.20073573 0.82833767
vt 0.22990790 0.82024133
vt 0.19752237 0.82024133
vt 0.20073573 0.82833767
vt 0.22990790 0.82833755
vt 0.22990790 0.82024133
vt 0.21379274 0.90355241
vt 0.21379268 0.92462808
vt 0.21581686 0.92260402
vt 0.21581686 0.92260402
vt 0.21581227 0.90235847
vt 0.21379274 0.90355241
vt 0.09774031 0.87103999
vt 0.13171746 0.87103277
vt 0.13171531 0.86128914
vt 0.13171531 0.86128914
vt 0.09773817 0.86129636
vt 0.09774031 0.87103999
vt 0.22990790 0.82833755
vt 0.26229346 0.82833755
vt 0.26229346 0.82024121
vt 0.26229346 0.82024121
vt 0.22990790 0.82024133
vt 0.22990790 0.82833755
vt 0.22990790 0.82024133
vt 0.26229346 0.82024121
vt 0.26229346 0.78785574
vt 0.26229346 0.78785574
vt 0.22990790 0.78785574
vt 0.22990790 0.82024133
vt 0.09774127 0.87557399
vt 0.09774842 0.90955114
vt 0.13172559 0.90954387
vt 0.13172559 0.90954387
vt 0.13171841 0.87556672
vt 0.09774127 0.87557399
vt 0.14600329 0.90954083
vt 0.14599599 0.87556374
vt 0.13625230 0.87556577
vt 0.13625230 0.87556577
vt 0.13625960 0.90954292
vt 0.14600329 0.90954083
vt 0.29467899 0.82024133
vt 0.29146561 0.82833755
vt 0.29467902 0.82512426
vt 0.29467899 0.82024133
vt 0.26229346 0.82024121
vt 0.29146561 0.82833755
vt 0.26229346 0.82024121
vt 0.26229346 0.82833755
vt 0.29146561 0.82833755
vt 0.63952625 0.49295866
vt 0.67153215 0.49295866
vt 0.67153215 0.48486227
vt 0.67153215 0.48486227
vt 0.63952625 0.48486227
vt 0.63952625 0.49295866
vt 0.63952625 0.49295866
vt 0.63952625 0.49872816
vt 0.67153215 0.49872816
vt 0.67153215 0.49872816
vt 0.67153215 0.49295866
vt 0.63952625 0.49295866
vt 0.21209720 0.40526700
vt 0.21151705 0.40764642
vt 0.21216843 0.41000730
vt 0.20445569 0.52429575
vt 0.20370421 0.52677572
vt 0.20428160 0.52928323
vt 0.04983769 0.44254816
vt 0.04486252 0.44058692
vt 0.04594723 0.44509357
vt 0.04486252 0.44058692
vt 0.04983769 0.44254816
vt 0.06740168 0.39799428
vt 0.06740168 0.39799428
vt 0.06252552 0.39578187
vt 0.04486252 0.44058692
vt 0.04983769 0.44254816
vt 0.04712690 0.44632530
vt 0.09089860 0.46358091
vt 0.09089860 0.46358091
vt 0.09191080 0.45913416
vt 0.04983769 0.44254816
vt 0.06987307 0.38362855
vt 0.06258693 0.39565104
vt 0.06740168 0.39799428
vt 0.06740168 0.39799428
vt 0.07427027 0.38666064
vt 0.06987307 0.38362855
vt 0.08102450 0.37428719
vt 0.07004345 0.38339514
vt 0.07427027 0.38666064
vt 0.07427027 0.38666064
vt 0.08444311 0.37822306
vt 0.08102450 0.37428719
vt 0.09191080 0.45913416
vt 0.09105681 0.46361405
vt 0.15000801 0.48685366
vt 0.15000801 0.48685366
vt 0.15283877 0.48315316
vt 0.09191080 0.45913416
vt 0.16321398 0.49209839
vt 0.16590402 0.48830378
vt 0.15283877 0.48315316
vt 0.15283877 0.48315316
vt 0.15011925 0.48693621
vt 0.16321398 0.49209839
vt 0.09485096 0.36880034
vt 0.08125000 0.37410218
vt 0.08444311 0.37822306
vt 0.08444311 0.37822306
vt 0.09710721 0.37328637
vt 0.09485096 0.36880034
vt 0.11001177 0.36769736
vt 0.09512213 0.36867392
vt 0.09710721 0.37328637
vt 0.09710721 0.37328637
vt 0.11103496 0.37237293
vt 0.11001177 0.36769736
vt 0.12504201 0.37108427
vt 0.11032116 0.36764020
vt 0.11103496 0.37237293
vt 0.11103496 0.37237293
vt 0.12484045 0.37560290
vt 0.12504201 0.37108427
vt 0.18640228 0.39517450
vt 0.12535764 0.37110937
vt 0.12484045 0.37560290
vt 0.12484045 0.37560290
vt 0.18576853 0.39962190
vt 0.18640228 0.39517450
vt 0.19947939 0.40029961
vt 0.18652910 0.39519441
vt 0.18576853 0.39962190
vt 0.18576853 0.39962190
vt 0.19883367 0.40477246
vt 0.19947939 0.40029961
vt 0.00529935 0.08094275
vt 0.00297887 0.08496749
vt 0.00762466 0.08496475
vt 0.00763822 0.35112441
vt 0.00762466 0.08496475
vt 0.00297887 0.08496749
vt 0.00297887 0.08496749
vt 0.00299189 0.35227776
vt 0.00763822 0.35112441
vt 0.01729254 0.08046538
vt 0.00762438 0.08046585
vt 0.00762466 0.08496475
vt 0.00762466 0.08496475
vt 0.02365503 0.08496392
vt 0.01729254 0.08046538
vt 0.01729254 0.08046538
vt 0.02365503 0.08496392
vt 0.02083961 0.07769811
vt 0.01915578 0.07860166
vt 0.02365503 0.08496392
vt 0.02365298 0.04488719
vt 0.02365298 0.04488719
vt 0.01915402 0.04488736
vt 0.01915578 0.07860166
vt 0.02140331 0.04099107
vt 0.01915402 0.04488736
vt 0.02365298 0.04488719
vt 0.05546954 0.04038656
vt 0.02365274 0.04038823
vt 0.02365298 0.04488719
vt 0.02365298 0.04488719
vt 0.05578307 0.04488546
vt 0.05546954 0.04038656
vt 0.05609598 0.04038656
vt 0.05578307 0.04488546
vt 0.07030912 0.04488462
vt 0.07030912 0.04488462
vt 0.07080180 0.04001784
vt 0.05609598 0.04038656
vt 0.07192288 0.04026675
vt 0.07030912 0.04488462
vt 0.08386543 0.04488397
vt 0.08386543 0.04488397
vt 0.08361217 0.04028642
vt 0.07192288 0.04026675
vt 0.08468146 0.04035234
vt 0.08386543 0.04488397
vt 0.09758496 0.04488325
vt 0.09758496 0.04488325
vt 0.09704208 0.04038435
vt 0.08468146 0.04035234
vt 0.09812753 0.04038435
vt 0.09758496 0.04488325
vt 0.11016069 0.04488260
vt 0.11016069 0.04488260
vt 0.10976213 0.04038370
vt 0.09812753 0.04038435
vt 0.11055872 0.04038370
vt 0.11016069 0.04488260
vt 0.11985132 0.04488212
vt 0.11985132 0.04488212
vt 0.12094188 0.04038316
vt 0.11055872 0.04038370
vt 0.14599599 0.87556374
vt 0.15351428 0.87329507
vt 0.14599504 0.87102973
vt 0.13625230 0.87556577
vt 0.14599599 0.87556374
vt 0.14599504 0.87102973
vt 0.14599504 0.87102973
vt 0.13625135 0.87103182
vt 0.13625230 0.87556577
vt 0.13232531 0.87329966
vt 0.13625230 0.87556577
vt 0.13625135 0.87103182
vt 0.15053730 0.90953988
vt 0.15052857 0.86915076
vt 0.14599599 0.87556374
vt 0.14599599 0.87556374
vt 0.14600329 0.90954083
vt 0.15053730 0.90953988
vt 0.14993028 0.91180700
vt 0.14600329 0.90954083
vt 0.14600424 0.91407484
vt 0.14600424 0.91407484
vt 0.14600329 0.90954083
vt 0.13625960 0.90954292
vt 0.13625960 0.90954292
vt 0.12917964 0.91323078
vt 0.14600424 0.91407484
vt 0.13625960 0.90954292
vt 0.13625230 0.87556577
vt 0.13171841 0.87556672
vt 0.13171841 0.87556672
vt 0.13172559 0.90954387
vt 0.13625960 0.90954292
vt 0.13263397 0.91665494
vt 0.13625960 0.90954292
vt 0.13172559 0.90954387
vt 0.09774127 0.87557399
vt 0.13171841 0.87556672
vt 0.13171746 0.87103277
vt 0.13171746 0.87103277
vt 0.09774031 0.87103999
vt 0.09774127 0.87557399
vt 0.13172559 0.90954387
vt 0.09774842 0.90955114
vt 0.09774937 0.91408515
vt 0.09774937 0.91408515
vt 0.13685875 0.91454828
vt 0.13172559 0.90954387
vt 0.13171531 0.86128914
vt 0.13812639 0.85675377
vt 0.09773722 0.85676241
vt 0.09773722 0.85676241
vt 0.09773817 0.86129636
vt 0.13171531 0.86128914
vt 0.14300682 0.89714193
vt 0.13813497 0.89714301
vt 0.13813592 0.90167701
vt 0.13813592 0.90167701
vt 0.14300777 0.90167600
vt 0.14300682 0.89714193
vt 0.70017016 0.56865394
vt 0.70413768 0.56865394
vt 0.70413780 0.51792151
vt 0.70017016 0.56865394
vt 0.70215392 0.57232821
vt 0.70413768 0.56865394
vt 0.70413780 0.51792151
vt 0.70017016 0.51792157
vt 0.70017016 0.56865394
vt 0.56581700 0.56871104
vt 0.56762683 0.56781530
vt 0.56361544 0.55971003
vt 0.56361544 0.55971003
vt 0.56180561 0.56060576
vt 0.56581700 0.56871104
vt 0.56361544 0.57545465
vt 0.56762683 0.56734931
vt 0.56581700 0.56645364
vt 0.56581700 0.56645364
vt 0.56180561 0.57455891
vt 0.56361544 0.57545465
vt 0.54288387 0.56829631
vt 0.54468787 0.56918693
vt 0.54867661 0.56110817
vt 0.54867661 0.56110817
vt 0.54687274 0.56021750
vt 0.54288387 0.56829631
vt 0.55772722 0.57824880
vt 0.55796015 0.58275855
vt 0.56678796 0.57838941
vt 0.56678796 0.57838941
vt 0.56385314 0.57521689
vt 0.55772722 0.57824880
vt 0.56762683 0.56734931
vt 0.56361544 0.57545465
vt 0.56678796 0.57838941
vt 0.56678796 0.57838941
vt 0.57213652 0.56758237
vt 0.56762683 0.56734931
vt 0.56762683 0.56781530
vt 0.57213652 0.56758237
vt 0.56678796 0.55677533
vt 0.56678796 0.55677533
vt 0.56361544 0.55971003
vt 0.56762683 0.56781530
vt 0.56678796 0.55677533
vt 0.55796027 0.55240625
vt 0.55772722 0.55691588
vt 0.55772722 0.55691588
vt 0.56385326 0.55994779
vt 0.56678796 0.55677533
vt 0.54372966 0.57883012
vt 0.55252862 0.58317453
vt 0.55275643 0.57868147
vt 0.55275643 0.57868147
vt 0.54665053 0.57566667
vt 0.54372966 0.57883012
vt 0.54372966 0.57883012
vt 0.54688752 0.57590330
vt 0.54288340 0.56783217
vt 0.54288340 0.56783217
vt 0.53839087 0.56806850
vt 0.54372966 0.57883012
vt 0.54370928 0.55729663
vt 0.53839087 0.56806850
vt 0.54288387 0.56829631
vt 0.54288387 0.56829631
vt 0.54687274 0.56021750
vt 0.54370928 0.55729663
vt 0.55273628 0.55742812
vt 0.55249989 0.55293554
vt 0.54370928 0.55729663
vt 0.54370928 0.55729663
vt 0.54663610 0.56045455
vt 0.55273628 0.55742812
vt 0.64828479 0.53716379
vt 0.64828479 0.51483828
vt 0.64630091 0.51385641
vt 0.64828479 0.51483828
vt 0.64828479 0.53716379
vt 0.65442479 0.53412479
vt 0.65442479 0.53412479
vt 0.65442479 0.51787710
vt 0.64828479 0.51483828
vt 0.65442479 0.51787710
vt 0.65442479 0.53412479
vt 0.65844548 0.52600098
vt 0.64630091 0.51385641
vt 0.64630091 0.53814560
vt 0.64828479 0.53716379
vt 0.64630091 0.53814560
vt 0.64630091 0.51385641
vt 0.64431715 0.51483828
vt 0.64431715 0.51483828
vt 0.64431715 0.53716379
vt 0.64630091 0.53814560
vt 0.63817704 0.53412479
vt 0.64431715 0.53716379
vt 0.64431715 0.51483828
vt 0.64431715 0.51483828
vt 0.63817704 0.51787710
vt 0.63817704 0.53412479
vt 0.63817704 0.53412479
vt 0.63817704 0.51787710
vt 0.63415635 0.52600098
vt 0.65442479 0.51787710
vt 0.65891397 0.50880677
vt 0.65277398 0.50576788
vt 0.65277398 0.50576788
vt 0.64828479 0.51483828
vt 0.65442479 0.51787710
vt 0.66751587 0.52151185
vt 0.66349518 0.51338798
vt 0.65442479 0.51787710
vt 0.65442479 0.51787710
vt 0.65844548 0.52600098
vt 0.66751587 0.52151185
vt 0.66349518 0.53861398
vt 0.66751587 0.53049010
vt 0.65844548 0.52600098
vt 0.65844548 0.52600098
vt 0.65442479 0.53412479
vt 0.66349518 0.53861398
vt 0.65277410 0.54623407
vt 0.65891409 0.54319507
vt 0.65442479 0.53412479
vt 0.65442479 0.53412479
vt 0.64828479 0.53716379
vt 0.65277410 0.54623407
vt 0.65079010 0.54721600
vt 0.65277398 0.54623419
vt 0.64828479 0.53716379
vt 0.65300739 0.55075407
vt 0.65277398 0.54623419
vt 0.65079010 0.54721600
vt 0.64828479 0.53716379
vt 0.64630091 0.53814560
vt 0.65079010 0.54721600
vt 0.64630091 0.53814560
vt 0.64431715 0.53716379
vt 0.63982809 0.54623413
vt 0.63982809 0.54623413
vt 0.64181185 0.54721600
vt 0.64630091 0.53814560
vt 0.63959455 0.55075407
vt 0.64181185 0.54721600
vt 0.63982809 0.54623413
vt 0.63982785 0.54623407
vt 0.64431715 0.53716379
vt 0.63817704 0.53412479
vt 0.63817704 0.53412479
vt 0.63368773 0.54319519
vt 0.63982785 0.54623407
vt 0.62910664 0.53861392
vt 0.63817704 0.53412479
vt 0.63415635 0.52600098
vt 0.63415635 0.52600098
vt 0.62508595 0.53049010
vt 0.62910664 0.53861392
vt 0.62508595 0.52151179
vt 0.63415635 0.52600098
vt 0.63817704 0.51787710
vt 0.63817704 0.51787710
vt 0.62910664 0.51338798
vt 0.62508595 0.52151179
vt 0.63982797 0.50576788
vt 0.63368785 0.50880677
vt 0.63817704 0.51787710
vt 0.63817704 0.51787710
vt 0.64431715 0.51483828
vt 0.63982797 0.50576788
vt 0.63982797 0.50576782
vt 0.64431715 0.51483828
vt 0.64630091 0.51385641
vt 0.64630091 0.51385641
vt 0.64181173 0.50478595
vt 0.63982797 0.50576782
vt 0.63959432 0.50124770
vt 0.63982797 0.50576782
vt 0.64181173 0.50478595
vt 0.64630091 0.51385641
vt 0.64828479 0.51483828
vt 0.65277386 0.50576782
vt 0.65277386 0.50576782
vt 0.65078998 0.50478601
vt 0.64630091 0.51385641
vt 0.65300739 0.50124776
vt 0.65078998 0.50478601
vt 0.65277386 0.50576782
vt 0.21390334 0.55730540
vt 0.20777789 0.56033862
vt 0.20867410 0.56214827
vt 0.20867410 0.56214827
vt 0.21479943 0.55911511
vt 0.21390334 0.55730540
vt 0.21390334 0.55730540
vt 0.21575394 0.55811375
vt 0.21551993 0.55360419
vt 0.21551993 0.55360419
vt 0.21366933 0.55279583
vt 0.21390334 0.55730540
vt 0.21366659 0.53972679
vt 0.21366933 0.55279583
vt 0.21568885 0.55279541
vt 0.21568885 0.55279541
vt 0.21568564 0.53832597
vt 0.21366659 0.53972679
vt 0.21685944 0.55347872
vt 0.21661654 0.55797184
vt 0.21846238 0.55717033
vt 0.21846238 0.55717033
vt 0.21870531 0.55267721
vt 0.21685944 0.55347872
vt 0.21669295 0.55267239
vt 0.21870531 0.55267721
vt 0.21874021 0.53813076
vt 0.21874021 0.53813076
vt 0.21673064 0.53697628
vt 0.21669295 0.55267239
vt 0.22366256 0.56200755
vt 0.22455949 0.56020629
vt 0.21846238 0.55717033
vt 0.21846238 0.55717033
vt 0.21756542 0.55897176
vt 0.22366256 0.56200755
vt 0.22428559 0.57565778
vt 0.22830224 0.56759071
vt 0.22650096 0.56669378
vt 0.22650096 0.56669378
vt 0.22248429 0.57476085
vt 0.22428559 0.57565778
vt 0.70017016 0.46283025
vt 0.70017016 0.51356268
vt 0.70413780 0.51356268
vt 0.70215392 0.51723689
vt 0.70413780 0.51356268
vt 0.70017016 0.51356268
vt 0.70413780 0.51356268
vt 0.70413768 0.46283025
vt 0.70017016 0.46283025
vt 0.20801559 0.56010085
vt 0.20400587 0.56820697
vt 0.20581594 0.56910223
vt 0.20581594 0.56910223
vt 0.20982566 0.56099623
vt 0.20801559 0.56010085
vt 0.20801893 0.57584542
vt 0.20982864 0.57494926
vt 0.20581546 0.56684488
vt 0.20581546 0.56684488
vt 0.20400575 0.56774098
vt 0.20801893 0.57584542
vt 0.22830111 0.56805503
vt 0.22432318 0.55996865
vt 0.22251755 0.56085700
vt 0.22251755 0.56085700
vt 0.22649550 0.56894332
vt 0.22830111 0.56805503
vt 0.20484713 0.57878083
vt 0.21367589 0.58314818
vt 0.21390787 0.57863832
vt 0.21390787 0.57863832
vt 0.20778123 0.57560772
vt 0.20484713 0.57878083
vt 0.20484713 0.57878083
vt 0.20801893 0.57584542
vt 0.20400575 0.56774098
vt 0.20400575 0.56774098
vt 0.19949630 0.56797498
vt 0.20484713 0.57878083
vt 0.20484248 0.55716681
vt 0.19949630 0.56797498
vt 0.20400587 0.56820697
vt 0.20400587 0.56820697
vt 0.20801559 0.56010085
vt 0.20484248 0.55716681
vt 0.20484248 0.55716681
vt 0.20777789 0.56033862
vt 0.21390334 0.55730540
vt 0.21390334 0.55730540
vt 0.21366933 0.55279583
vt 0.20484248 0.55716681
vt 0.21841148 0.57842803
vt 0.21863282 0.58292252
vt 0.22743982 0.57858980
vt 0.22743982 0.57858980
vt 0.22452305 0.57542139
vt 0.21841148 0.57842803
vt 0.22830224 0.56759071
vt 0.22428559 0.57565778
vt 0.22743982 0.57858980
vt 0.22743982 0.57858980
vt 0.23279539 0.56783366
vt 0.22830224 0.56759071
vt 0.22830111 0.56805503
vt 0.23279539 0.56783366
vt 0.22749147 0.55705202
vt 0.22749147 0.55705202
vt 0.22432318 0.55996865
vt 0.22830111 0.56805503
vt 0.21846238 0.55717033
vt 0.22455949 0.56020629
vt 0.22749147 0.55705202
vt 0.22749147 0.55705202
vt 0.21870531 0.55267721
vt 0.21846238 0.55717033
vt 0.59587967 0.53301138
vt 0.59786344 0.53399318
vt 0.59786344 0.50970405
vt 0.59786344 0.50970405
vt 0.59587955 0.51068586
vt 0.59587967 0.53301138
vt 0.59984720 0.51068586
vt 0.59786344 0.50970405
vt 0.59786344 0.53399318
vt 0.58973956 0.52997249
vt 0.59587967 0.53301138
vt 0.59587955 0.51068586
vt 0.59587955 0.51068586
vt 0.58973956 0.51372474
vt 0.58973956 0.52997249
vt 0.58973956 0.52997249
vt 0.58973956 0.51372474
vt 0.58571887 0.52184862
vt 0.59786344 0.53399318
vt 0.59984732 0.53301138
vt 0.59984720 0.51068586
vt 0.59984720 0.51068586
vt 0.59984732 0.53301138
vt 0.60598731 0.52997237
vt 0.60598731 0.52997237
vt 0.60598731 0.51372468
vt 0.59984720 0.51068586
vt 0.60598731 0.51372468
vt 0.60598731 0.52997237
vt 0.61000800 0.52184850
vt 0.58973956 0.51372474
vt 0.59587955 0.51068586
vt 0.59139037 0.50161552
vt 0.59139037 0.50161552
vt 0.58525038 0.50465441
vt 0.58973956 0.51372474
vt 0.58973956 0.51372474
vt 0.58066916 0.50923562
vt 0.57664847 0.51735950
vt 0.57664847 0.51735950
vt 0.58571887 0.52184862
vt 0.58973956 0.51372474
vt 0.58571887 0.52184862
vt 0.57664847 0.52633774
vt 0.58066928 0.53446162
vt 0.58066928 0.53446162
vt 0.58973956 0.52997249
vt 0.58571887 0.52184862
vt 0.58973956 0.52997249
vt 0.58525026 0.53904277
vt 0.59139037 0.54208171
vt 0.59139037 0.54208171
vt 0.59587967 0.53301138
vt 0.58973956 0.52997249
vt 0.59587967 0.53301138
vt 0.59139049 0.54208171
vt 0.59337425 0.54306352
vt 0.59139049 0.54208171
vt 0.59115696 0.54660171
vt 0.59337425 0.54306352
vt 0.59337425 0.54306352
vt 0.59786344 0.53399318
vt 0.59587967 0.53301138
vt 0.60433650 0.54208177
vt 0.59984732 0.53301138
vt 0.59786344 0.53399318
vt 0.59786344 0.53399318
vt 0.60235274 0.54306358
vt 0.60433650 0.54208177
vt 0.60235274 0.54306358
vt 0.60457003 0.54660171
vt 0.60433650 0.54208177
vt 0.60598731 0.52997237
vt 0.59984732 0.53301138
vt 0.60433662 0.54208171
vt 0.60433662 0.54208171
vt 0.61047673 0.53904277
vt 0.60598731 0.52997237
vt 0.61000800 0.52184850
vt 0.60598731 0.52997237
vt 0.61505771 0.53446144
vt 0.61505771 0.53446144
vt 0.61907840 0.52633762
vt 0.61000800 0.52184850
vt 0.60598731 0.51372468
vt 0.61000800 0.52184850
vt 0.61907840 0.51735938
vt 0.61907840 0.51735938
vt 0.61505771 0.50923556
vt 0.60598731 0.51372468
vt 0.60598731 0.51372468
vt 0.61047649 0.50465435
vt 0.60433638 0.50161552
vt 0.60433638 0.50161552
vt 0.59984720 0.51068586
vt 0.60598731 0.51372468
vt 0.59786344 0.50970405
vt 0.59984720 0.51068586
vt 0.60433626 0.50161541
vt 0.60433626 0.50161541
vt 0.60235250 0.50063360
vt 0.59786344 0.50970405
vt 0.60433626 0.50161541
vt 0.60456979 0.49709541
vt 0.60235250 0.50063360
vt 0.59139049 0.50161541
vt 0.59587955 0.51068586
vt 0.59786344 0.50970405
vt 0.59786344 0.50970405
vt 0.59337425 0.50063360
vt 0.59139049 0.50161541
vt 0.59337425 0.50063360
vt 0.59115696 0.49709535
vt 0.59139049 0.50161541
vt 0.85007679 0.08299118
vt 0.90949035 0.08299118
vt 0.87978375 0.06828791
vt 0.82760906 0.04478699
vt 0.85007679 0.08299118
vt 0.87978375 0.06828791
vt 0.87978375 0.06828791
vt 0.86436343 0.02659625
vt 0.82760906 0.04478699
vt 0.87978375 0.06828791
vt 0.90949035 0.08299118
vt 0.93195808 0.04478699
vt 0.93195808 0.04478699
vt 0.89520347 0.02659625
vt 0.87978375 0.06828791
vt 0.90949035 0.08299118
vt 0.85007679 0.08299118
vt 0.83537412 0.11269754
vt 0.83537412 0.11269754
vt 0.85007679 0.08299118
vt 0.81187284 0.06052321
vt 0.81187284 0.06052321
vt 0.79368246 0.09727782
vt 0.83537412 0.11269754
vt 0.83537412 0.11269754
vt 0.79368210 0.12811726
vt 0.81187284 0.16487187
vt 0.81187284 0.16487187
vt 0.85007679 0.14240509
vt 0.83537412 0.11269754
vt 0.83537412 0.11269754
vt 0.92419362 0.11269754
vt 0.90949035 0.08299118
vt 0.94769430 0.06052321
vt 0.90949035 0.08299118
vt 0.92419362 0.11269754
vt 0.92419362 0.11269754
vt 0.96588564 0.09727782
vt 0.94769430 0.06052321
vt 0.90949035 0.14240509
vt 0.92419362 0.11269754
vt 0.83537412 0.11269754
vt 0.83537412 0.11269754
vt 0.85007679 0.14240509
vt 0.90949035 0.14240509
vt 0.92419362 0.11269754
vt 0.90949035 0.14240509
vt 0.94769454 0.16487187
vt 0.94769454 0.16487187
vt 0.96588564 0.12811786
vt 0.92419362 0.11269754
vt 0.90949035 0.14240509
vt 0.85007679 0.14240509
vt 0.87978399 0.15710717
vt 0.87978399 0.15710717
vt 0.85007679 0.14240509
vt 0.82760942 0.18060869
vt 0.82760942 0.18060869
vt 0.86436367 0.19879884
vt 0.87978399 0.15710717
vt 0.93195808 0.18060869
vt 0.90949035 0.14240509
vt 0.87978399 0.15710717
vt 0.87978399 0.15710717
vt 0.89520347 0.19879884
vt 0.93195808 0.18060869
vt 0.85007679 0.25861686
vt 0.90949070 0.25861686
vt 0.87978375 0.24391419
vt 0.82760942 0.22041267
vt 0.85007679 0.25861686
vt 0.87978375 0.24391419
vt 0.87978375 0.24391419
vt 0.86436403 0.20222253
vt 0.82760942 0.22041267
vt 0.87978375 0.24391419
vt 0.90949070 0.25861686
vt 0.93195808 0.22041327
vt 0.93195808 0.22041327
vt 0.89520371 0.20222253
vt 0.87978375 0.24391419
vt 0.90949070 0.25861686
vt 0.85007679 0.25861686
vt 0.83537447 0.28832382
vt 0.83537447 0.28832382
vt 0.85007679 0.25861686
vt 0.81187320 0.23614889
vt 0.81187320 0.23614889
vt 0.79368246 0.27290291
vt 0.83537447 0.28832382
vt 0.83537447 0.28832382
vt 0.79368222 0.30374295
vt 0.81187296 0.34049755
vt 0.81187296 0.34049755
vt 0.85007679 0.31803018
vt 0.83537447 0.28832382
vt 0.83537447 0.28832382
vt 0.92419374 0.28832382
vt 0.90949070 0.25861686
vt 0.94769430 0.23614949
vt 0.90949070 0.25861686
vt 0.92419374 0.28832382
vt 0.92419374 0.28832382
vt 0.96588564 0.27290350
vt 0.94769430 0.23614949
vt 0.90949047 0.31803077
vt 0.92419374 0.28832382
vt 0.83537447 0.28832382
vt 0.83537447 0.28832382
vt 0.85007679 0.31803018
vt 0.90949047 0.31803077
vt 0.92419374 0.28832382
vt 0.90949047 0.31803077
vt 0.94769430 0.34049815
vt 0.94769430 0.34049815
vt 0.96588564 0.30374354
vt 0.92419374 0.28832382
vt 0.90949047 0.31803077
vt 0.85007679 0.31803018
vt 0.87978375 0.33273345
vt 0.87978375 0.33273345
vt 0.85007679 0.31803018
vt 0.82760918 0.35623437
vt 0.82760918 0.35623437
vt 0.86436379 0.37442511
vt 0.87978375 0.33273345
vt 0.93195844 0.35623437
vt 0.90949047 0.31803077
vt 0.87978375 0.33273345
vt 0.87978375 0.33273345
vt 0.89520347 0.37442511
vt 0.93195844 0.35623437
vt 0.55510569 0.71447527
vt 0.54501069 0.77114999
vt 0.54501069 0.77317417
vt 0.54897833 0.77114999
vt 0.55510569 0.71447527
vt 0.54501069 0.77317417
vt 0.54897833 0.77114999
vt 0.54501069 0.77317417
vt 0.54897833 0.77317417
vt 0.54897833 0.77114999
vt 0.55510569 0.77114999
vt 0.55510569 0.71447527
vt 0.55510569 0.71447527
vt 0.54897833 0.71447527
vt 0.54501069 0.77114999
vt 0.54897833 0.71447527
vt 0.54501069 0.71447527
vt 0.54501069 0.77114999
vt 0.54897833 0.71447527
vt 0.54897833 0.71245134
vt 0.54501069 0.71447527
vt 0.54897833 0.71245134
vt 0.54501069 0.71245134
vt 0.54501069 0.71447527
vt 0.54501069 0.71447527
vt 0.37698519 0.71447527
vt 0.54501069 0.77114999
vt 0.37698519 0.71447527
vt 0.20895959 0.71447527
vt 0.54501069 0.77114999
vt 0.20895959 0.71447527
vt 0.20499195 0.71447527
vt 0.54501069 0.77114999
vt 0.20499195 0.71447527
vt 0.37698519 0.77114999
vt 0.54501069 0.77114999
vt 0.20895959 0.71447527
vt 0.20895959 0.71245122
vt 0.20499195 0.71447527
vt 0.20895959 0.71245122
vt 0.20499198 0.71245122
vt 0.20499195 0.71447527
vt 0.20499195 0.71447527
vt 0.20895959 0.77114999
vt 0.37698519 0.77114999
vt 0.20499195 0.71447527
vt 0.20499198 0.77114999
vt 0.20895959 0.77114999
vt 0.20499195 0.71447527
vt 0.19886464 0.71447527
vt 0.20499198 0.77114999
vt 0.19886464 0.71447527
vt 0.19886467 0.77114999
vt 0.20499198 0.77114999
vt 0.20499198 0.77114999
vt 0.20499198 0.77317417
vt 0.20895959 0.77114999
vt 0.20499198 0.77317417
vt 0.20895964 0.77317417
vt 0.20895959 0.77114999
vt 0.54964995 0.64098650
vt 0.22021663 0.64098650
vt 0.22021663 0.67240638
vt 0.22021663 0.67240638
vt 0.54964995 0.67240614
vt 0.54964995 0.64098650
vt 0.54969275 0.70905411
vt 0.54969275 0.67763424
vt 0.22025946 0.67763448
vt 0.22025946 0.67763448
vt 0.22025946 0.70905411
vt 0.54969275 0.70905411
vt 0.54969275 0.67763424
vt 0.54964995 0.67240614
vt 0.22021663 0.67240638
vt 0.22021663 0.67240638
vt 0.22025946 0.67763448
vt 0.54969275 0.67763424
vt 0.22025946 0.67763448
vt 0.22021663 0.67240638
vt 0.19194996 0.67259300
vt 0.19194996 0.67259300
vt 0.19198960 0.67782104
vt 0.22025946 0.67763448
vt 0.54969275 0.67763424
vt 0.57795930 0.67744780
vt 0.57791972 0.67221975
vt 0.57791972 0.67221975
vt 0.54964995 0.67240614
vt 0.54969275 0.67763424
vt 0.49982202 0.00678968
vt 0.89974976 0.00678974
vt 0.87475395 0.00009215
vt 0.87475395 0.00009215
vt 0.49982202 0.00009227
vt 0.49982202 0.00678968
vt 0.49982202 0.00678968
vt 0.49982202 0.00009227
vt 0.12489195 0.00009245
vt 0.12489195 0.00009245
vt 0.09989735 0.00678974
vt 0.49982202 0.00678968
vt 0.89974976 0.00678974
vt 0.49982202 0.00678968
vt 0.49982202 0.02508765
vt 0.49982202 0.02508765
vt 0.49982202 0.00678968
vt 0.09989735 0.00678974
vt 0.49982202 0.02508765
vt 0.91804779 0.02508783
vt 0.89974976 0.00678974
vt 0.09989735 0.00678974
vt 0.08159947 0.02508765
vt 0.49982202 0.02508765
vt 0.91804779 0.02508783
vt 0.49982202 0.02508765
vt 0.49982202 0.05008298
vt 0.49982202 0.05008298
vt 0.49982202 0.02508765
vt 0.08159947 0.02508765
vt 0.49982202 0.05008298
vt 0.92474532 0.05008340
vt 0.91804779 0.02508783
vt 0.08159947 0.02508765
vt 0.07490204 0.05008280
vt 0.49982202 0.05008298
vt 0.92474306 0.88963574
vt 0.92474532 0.05008340
vt 0.49982202 0.05008298
vt 0.49982202 0.05008298
vt 0.07490204 0.05008280
vt 0.07489997 0.88963342
vt 0.49982202 0.05008298
vt 0.49982095 0.88963437
vt 0.92474306 0.88963574
vt 0.07489997 0.88963342
vt 0.49982095 0.88963437
vt 0.49982202 0.05008298
vt 0.91811180 0.91557211
vt 0.92474306 0.88963574
vt 0.49982095 0.88963437
vt 0.49982095 0.88963437
vt 0.07489997 0.88963342
vt 0.08153106 0.91556984
vt 0.49982095 0.88963437
vt 0.49982086 0.91557062
vt 0.91811180 0.91557211
vt 0.08153106 0.91556984
vt 0.49982086 0.91557062
vt 0.49982095 0.88963437
vt 0.89999580 0.93643951
vt 0.91811180 0.91557211
vt 0.49982086 0.91557062
vt 0.49982086 0.91557062
vt 0.08153106 0.91556984
vt 0.09964705 0.93643743
vt 0.49982086 0.91557062
vt 0.49982080 0.93643838
vt 0.89999580 0.93643951
vt 0.09964705 0.93643743
vt 0.49982080 0.93643838
vt 0.49982086 0.91557062
vt 0.87524807 0.94664788
vt 0.89999580 0.93643951
vt 0.49982080 0.93643838
vt 0.49982080 0.93643838
vt 0.09964705 0.93643743
vt 0.12439473 0.94664580
vt 0.49982080 0.93643838
vt 0.49982077 0.94664693
vt 0.87524807 0.94664788
vt 0.12439473 0.94664580
vt 0.49982077 0.94664693
vt 0.49982080 0.93643838
vt 0.76843834 0.97722018
vt 0.87524807 0.94664788
vt 0.49982077 0.94664693
vt 0.49982077 0.94664693
vt 0.12439473 0.94664580
vt 0.23120379 0.97721863
vt 0.49982077 0.94664693
vt 0.49982065 0.97721940
vt 0.76843834 0.97722018
vt 0.23120379 0.97721863
vt 0.49982065 0.97721940
vt 0.49982077 0.94664693
vt 0.63766420 0.99380594
vt 0.76843834 0.97722018
vt 0.49982065 0.97721940
vt 0.49982065 0.97721940
vt 0.23120379 0.97721863
vt 0.36197734 0.99380499
vt 0.49982065 0.97721940
vt 0.49982062 0.99990779
vt 0.63766420 0.99380594
vt 0.36197734 0.99380499
vt 0.49982062 0.99990779
vt 0.49982065 0.97721940
vn 0.00000000 -1.00000000 0.00000024
vn 0.00000000 -1.00000000 0.00000024
vn 0.00000000 -1.00000000 0.00000024
vn 0.00000000 -1.00000000 0.00000024
vn 0.00000000 -1.00000000 0.00000024
vn 0.00000000 -1.00000000 0.00000024
vn 0.00000000 -1.00000000 0.00000024
vn 0.00000000 -1.00000000 0.00000024
vn 0.00000000 -1.00000000 0.00000024
vn 0.00000000 -1.00000000 0.00000024
vn 0.00000000 -1.00000000 0.00000024
vn 0.00000000 -1.00000000 0.00000024
vn 0.00000000 -0.00001502 1.00000000
vn 0.00000000 -0.00001502 1.00000000
vn 0.00000000 -0.00001502 1.00000000
vn 0.00000000 -0.00001502 1.00000000
vn 0.00000000 -0.00001502 1.00000000
vn 0.00000000 -0.00001502 1.00000000
vn 0.00000000 -0.00001502 1.00000000
vn 0.00000000 -0.00001502 1.00000000
vn 0.00000000 -0.00001502 1.00000000
vn 0.00000000 -0.00001502 1.00000000
vn 0.00000000 -0.00001502 1.00000000
vn 0.00000000 -0.00001502 1.00000000
vn 0.00000000 -0.00001502 1.00000000
vn 0.00000000 -0.00001502 1.00000000
vn 0.00000000 -0.00001502 1.00000000
vn 0.00000000 -0.00001502 1.00000000
vn 0.00000000 -0.00001502 1.00000000
vn 0.00000000 -0.00001502 1.00000000
vn 0.00000000 -0.00001502 1.00000000
vn 0.00000000 -0.00001502 1.00000000
vn 0.00000000 -0.00001502 1.00000000
vn 0.00000000 -0.00001502 1.00000000
vn 0.00000000 -0.00001502 1.00000000
vn 0.00000000 -0.00001502 1.00000000
vn 0.00000000 -0.00001502 1.00000000
vn 0.00000000 -0.00001502 1.00000000
vn 0.00000000 -0.00001502 1.00000000
vn 0.00000000 -0.00001502 1.00000000
vn 0.00000000 -0.00001502 1.00000000
vn 0.00000000 -0.00001502 1.00000000
vn 0.00000000 -0.00001502 1.00000000
vn 0.00000000 -0.00001502 1.00000000
vn 0.00000000 -0.00001502 1.00000000
vn 0.00000000 -0.00001502 1.00000000
vn 0.00000000 -0.00001502 1.00000000
vn 0.00000000 -0.00001502 1.00000000
vn 0.00000000 -0.00001502 1.00000000
vn 0.00000000 -0.00001502 1.00000000
vn 0.00000000 -0.00001502 1.00000000
vn 0.00000000 -0.00001502 1.00000000
vn 0.00000000 -0.00001502 1.00000000
vn 0.00000000 -0.00001502 1.00000000
vn 0.00000000 -0.00001502 1.00000000
vn 0.00000000 -0.00001502 1.00000000
vn 0.00000000 -0.00001502 1.00000000
vn 0.00000000 -0.00001502 1.00000000
vn 0.00000000 -0.00001502 1.00000000
vn 0.00000000 -0.00001502 1.00000000
vn 0.00000000 -0.00001502 1.00000000
vn 0.00000000 -0.00001502 1.00000000
vn 0.00000000 -0.00001502 1.00000000
vn 0.00000000 -0.00001502 1.00000000
vn 0.00000000 -0.00001502 1.00000000
vn 0.00000000 -0.00001502 1.00000000
vn 0.00000000 -0.00001502 1.00000000
vn 0.00000000 -0.00001502 1.00000000
vn 0.00000000 -0.00001502 1.00000000
vn 0.00000000 -0.00001502 1.00000000
vn 0.00000000 -0.00001502 1.00000000
vn 0.00000000 -0.00001502 1.00000000
vn 0.00000000 -0.00001502 1.00000000
vn 0.00000000 -0.00001502 1.00000000
vn 0.00000000 -0.00001502 1.00000000
vn 0.00000000 -0.00001502 1.00000000
vn 0.00000000 -0.00001502 1.00000000
vn 0.00000000 -0.00001502 1.00000000
vn 0.00000000 -0.00001502 1.00000000
vn 0.00000000 -0.00001502 1.00000000
vn 0.00000000 -0.00001502 1.00000000
vn 0.00000000 -0.00001502 1.00000000
vn 0.00000000 -0.00001502 1.00000000
vn 0.00000000 -0.00001502 1.00000000
vn 0.00000000 -0.00001502 1.00000000
vn 0.00000000 -0.00001502 1.00000000
vn 0.00000000 -0.00001502 1.00000000
vn 0.00000000 -0.00001502 1.00000000
vn 0.00000000 -0.00001502 1.00000000
vn 0.00000000 -0.00001502 1.00000000
vn 0.00000000 -0.00001502 1.00000000
vn 0.00000000 -0.00001502 1.00000000
vn 0.00000000 -0.00001502 1.00000000
vn 0.00000000 -0.00001502 1.00000000
vn 0.00000000 -0.00001502 1.00000000
vn 0.00000000 -0.00001502 1.00000000
vn 0.00000000 -0.00001502 1.00000000
vn 0.00000000 -0.00001502 1.00000000
vn 0.00000000 -0.00001502 1.00000000
vn 0.00000000 -0.00001502 1.00000000
vn 0.00000000 -0.00001502 1.00000000
vn 0.00000000 -0.00001502 1.00000000
vn 0.00000000 -0.00001502 1.00000000
vn 0.00000000 -0.00001502 1.00000000
vn 0.00000000 -0.00001502 1.00000000
vn 0.00000000 -0.00001502 1.00000000
vn 0.00000000 -0.00001502 1.00000000
vn 0.00000000 -0.00001502 1.00000000
vn 0.00000000 -0.00001502 1.00000000
vn 0.00000000 -0.00001502 1.00000000
vn 0.00000000 -0.00001502 1.00000000
vn 0.00000000 -0.00001502 1.00000000
vn 0.00000000 -0.00001502 1.00000000
vn 0.00000000 -0.00001502 1.00000000
vn 0.00000000 -0.00001550 -1.00000000
vn 0.00000000 -0.00001550 -1.00000000
vn 0.00000000 -0.00001550 -1.00000000
vn 0.00000000 -0.00001550 -1.00000000
vn 0.00000000 -0.00001550 -1.00000000
vn 0.00000000 -0.00001550 -1.00000000
vn 0.00000000 -0.00001550 -1.00000000
vn 0.00000000 -0.00001550 -1.00000000
vn 0.00000000 -0.00001550 -1.00000000
vn 0.00000000 -0.00001550 -1.00000000
vn 0.00000000 -0.00001550 -1.00000000
vn 0.00000000 -0.00001550 -1.00000000
vn -0.13054533 0.99144232 0.00001688
vn -0.13054533 0.99144232 0.00001688
vn -0.00001526 1.00000000 0.00001502
vn -0.00001526 1.00000000 0.00001502
vn -0.00001526 1.00000000 0.00001502
vn -0.13054533 0.99144232 0.00001688
vn -0.13054533 0.99144232 0.00001688
vn -0.13054533 0.99144232 0.00001688
vn -0.50004667 0.86599845 0.00002064
vn -0.50004667 0.86599845 0.00002064
vn -0.50004667 0.86599845 0.00002064
vn -0.13054533 0.99144232 0.00001688
vn -0.86605543 0.49994802 0.00002072
vn -0.50004667 0.86599845 0.00002064
vn -0.50004667 0.86599845 0.00002064
vn -0.50004667 0.86599845 0.00002064
vn -0.86605543 0.49994802 0.00002072
vn -0.86605543 0.49994802 0.00002072
vn -0.99144733 0.13050723 0.00001709
vn -0.86605543 0.49994802 0.00002072
vn -0.86605543 0.49994802 0.00002072
vn -0.86605543 0.49994802 0.00002072
vn -0.99144733 0.13050723 0.00001709
vn -0.99144733 0.13050723 0.00001709
vn -0.99144733 0.13050723 0.00001709
vn -0.99144733 0.13050723 0.00001709
vn -0.99218005 -0.12481502 0.00000003
vn -0.99218005 -0.12481502 0.00000003
vn -0.99218005 -0.12481502 0.00000003
vn -0.99144733 0.13050723 0.00001709
vn -0.88578838 -0.46408933 0.00000011
vn -0.99218005 -0.12481502 0.00000003
vn -0.99218005 -0.12481502 0.00000003
vn -0.99218005 -0.12481502 0.00000003
vn -0.88578838 -0.46408933 0.00000011
vn -0.88578838 -0.46408933 0.00000011
vn -0.58393669 -0.81179917 0.00000019
vn -0.88578838 -0.46408933 0.00000011
vn -0.88578838 -0.46408933 0.00000011
vn -0.88578838 -0.46408933 0.00000011
vn -0.58393669 -0.81179917 0.00000019
vn -0.58393669 -0.81179917 0.00000019
vn -0.32874820 -0.94441760 0.00000023
vn -0.58393669 -0.81179917 0.00000019
vn -0.58393669 -0.81179917 0.00000019
vn -0.58393669 -0.81179917 0.00000019
vn -0.32874820 -0.94441760 0.00000023
vn -0.32874820 -0.94441760 0.00000023
vn -0.32874820 -0.94441760 0.00000023
vn -0.32874820 -0.94441760 0.00000023
vn -0.20105056 -0.97958088 0.00000023
vn -0.20105056 -0.97958088 0.00000023
vn -0.20105056 -0.97958088 0.00000023
vn -0.32874820 -0.94441760 0.00000023
vn -0.20105056 -0.97958088 0.00000023
vn -0.20105056 -0.97958088 0.00000023
vn -0.08508427 -0.99637377 0.00000024
vn -0.08508427 -0.99637377 0.00000024
vn -0.08508427 -0.99637377 0.00000024
vn -0.20105056 -0.97958088 0.00000023
vn -0.08508427 -0.99637377 0.00000024
vn -0.08508427 -0.99637377 0.00000024
vn 0.00000000 -1.00000000 0.00003076
vn 0.00000000 -1.00000000 0.00003076
vn 0.00000000 -1.00000000 0.00003076
vn -0.08508427 -0.99637377 0.00000024
vn 0.22420487 0.97454202 0.00001806
vn 0.15149118 0.98845863 0.00001716
vn 0.15149118 0.98845863 0.00001716
vn 0.15149118 0.98845863 0.00001716
vn 0.15149118 0.98845863 0.00001716
vn 0.08336323 0.99651921 0.00001624
vn 0.15149118 0.98845863 0.00001716
vn 0.22420487 0.97454202 0.00001806
vn 0.22420487 0.97454202 0.00001806
vn 0.22420487 0.97454202 0.00001806
vn 0.22420487 0.97454202 0.00001806
vn 0.27194142 0.96231383 0.00001860
vn 0.27194142 0.96231383 0.00001860
vn 0.27194142 0.96231383 0.00001860
vn 0.22420487 0.97454202 0.00001806
vn 0.08336323 0.99651921 0.00001624
vn 0.08336323 0.99651921 0.00001624
vn 0.15149118 0.98845863 0.00001716
vn -0.00001526 1.00000000 0.00001502
vn 0.08336323 0.99651921 0.00001624
vn 0.08336323 0.99651921 0.00001624
vn 0.08336323 0.99651921 0.00001624
vn -0.00001526 1.00000000 0.00001502
vn -0.00001526 1.00000000 0.00001502
vn -0.00001526 1.00000000 0.00001502
vn -0.00001526 1.00000000 0.00001502
vn -0.08339871 0.99651629 0.00001624
vn -0.08339871 0.99651629 0.00001624
vn -0.08339871 0.99651629 0.00001624
vn -0.00001526 1.00000000 0.00001502
vn -0.15153039 0.98845261 0.00001716
vn -0.08339871 0.99651629 0.00001624
vn -0.08339871 0.99651629 0.00001624
vn -0.08339871 0.99651629 0.00001624
vn -0.15153039 0.98845261 0.00001716
vn -0.15153039 0.98845261 0.00001716
vn -0.15153039 0.98845261 0.00001716
vn -0.15153039 0.98845261 0.00001716
vn -0.22424760 0.97453219 0.00001806
vn -0.22424760 0.97453219 0.00001806
vn -0.22424760 0.97453219 0.00001806
vn -0.15153039 0.98845261 0.00001716
vn -0.27198622 0.96230114 0.00001860
vn -0.22424760 0.97453219 0.00001806
vn -0.22424760 0.97453219 0.00001806
vn -0.22424760 0.97453219 0.00001806
vn -0.27198622 0.96230114 0.00001860
vn -0.27198622 0.96230114 0.00001860
vn 0.00000000 -0.00001502 1.00000000
vn 0.00000000 -0.00001502 1.00000000
vn 0.00000000 -0.00001502 1.00000000
vn 0.00000000 -0.00001502 1.00000000
vn 0.00000000 -0.00001502 1.00000000
vn 0.00000000 -0.00001502 1.00000000
vn 0.00000000 -0.00001502 1.00000000
vn 0.00000000 -0.00001502 1.00000000
vn 0.00000000 -0.00001502 1.00000000
vn 0.00000000 -0.00001502 1.00000000
vn 0.00000000 -0.00001502 1.00000000
vn 0.00000000 -0.00001502 1.00000000
vn 0.00000000 -0.00001502 1.00000000
vn 0.00000000 -0.00001502 1.00000000
vn 0.00000000 -0.00001502 1.00000000
vn 0.00000000 -0.00001502 1.00000000
vn 0.00000000 -0.00001502 1.00000000
vn 0.00000000 -0.00001502 1.00000000
vn 0.00000000 -0.00001502 1.00000000
vn 0.00000000 -0.00001502 1.00000000
vn 0.00000000 -0.00001502 1.00000000
vn 0.00000000 -0.00001502 1.00000000
vn 0.00000000 -0.00001502 1.00000000
vn 0.00000000 -0.00001502 1.00000000
vn 0.00000000 -0.00001502 1.00000000
vn 0.00000000 -0.00001502 1.00000000
vn 0.00000000 -0.00001502 1.00000000
vn 0.00000000 -0.00001502 1.00000000
vn 0.00000000 -0.00001502 1.00000000
vn 0.00000000 -0.00001502 1.00000000
vn 0.00000000 -0.00001502 1.00000000
vn 0.00000000 -0.00001502 1.00000000
vn 0.00000000 -0.00001502 1.00000000
vn 0.00000000 -0.00001502 1.00000000
vn 0.00000000 -0.00001502 1.00000000
vn 0.00000000 -0.00001502 1.00000000
vn 0.00000000 -0.00001502 1.00000000
vn 0.00000000 -0.00001502 1.00000000
vn 0.00000000 -0.00001502 1.00000000
vn 0.00000000 -0.00001502 1.00000000
vn 0.00000000 -0.00001502 1.00000000
vn 0.00000000 -0.00001502 1.00000000
vn 0.00000000 -0.00001502 1.00000000
vn 0.00000000 -0.00001502 1.00000000
vn 0.00000000 -0.00001502 1.00000000
vn 0.00000000 -0.00001502 1.00000000
vn 0.00000000 -0.00001502 1.00000000
vn 0.00000000 -0.00001502 1.00000000
vn 0.00000000 -0.00001502 1.00000000
vn 0.00000000 -0.00001502 1.00000000
vn 0.00000000 -0.00001502 1.00000000
vn 0.00000000 -0.00001502 1.00000000
vn 0.00000000 -0.00001502 1.00000000
vn 0.00000000 -0.00001502 1.00000000
vn 0.00000000 -0.00001502 1.00000000
vn 0.00000000 -0.00001502 1.00000000
vn 0.00000000 -0.00001502 1.00000000
vn 0.00000000 -0.00001502 1.00000000
vn 0.00000000 -0.00001502 1.00000000
vn 0.00000000 -0.00001502 1.00000000
vn 0.00000000 -0.00001502 1.00000000
vn 0.00000000 -0.00001502 1.00000000
vn 0.00000000 -0.00001502 1.00000000
vn 0.00000000 -0.00001502 1.00000000
vn 0.00000000 -0.00001502 1.00000000
vn 0.00000000 -0.00001502 1.00000000
vn 0.00000000 -0.00001502 1.00000000
vn 0.00000000 -0.00001502 1.00000000
vn 0.00000000 -0.00001502 1.00000000
vn 0.00000000 -0.00001502 1.00000000
vn 0.00000000 -0.00001502 1.00000000
vn 0.00000000 -0.00001502 1.00000000
vn 0.00000000 -0.00001502 1.00000000
vn 0.00000000 -0.00001502 1.00000000
vn 0.00000000 -0.00001502 1.00000000
vn 0.00000000 -0.00001502 1.00000000
vn 0.00000000 -0.00001502 1.00000000
vn 0.00000000 -0.00001502 1.00000000
vn 0.00000000 -0.00001502 1.00000000
vn 0.00000000 -0.00001502 1.00000000
vn 0.00000000 -0.00001502 1.00000000
vn 0.00000000 -0.00001502 1.00000000
vn 0.00000000 -0.00001502 1.00000000
vn 0.00000000 -0.00001502 1.00000000
vn 0.00000000 -0.00001502 1.00000000
vn 0.00000000 -0.00001502 1.00000000
vn 0.00000000 -0.00001502 1.00000000
vn 0.00000000 -0.00001502 1.00000000
vn 0.00000000 -0.00001502 1.00000000
vn 0.00000000 -0.00001502 1.00000000
vn 0.00000000 -0.00001502 1.00000000
vn 0.00000000 -0.00001502 1.00000000
vn 0.00000000 -0.00001502 1.00000000
vn 0.00000000 -0.00001502 1.00000000
vn 0.00000000 -0.00001502 1.00000000
vn 0.00000000 -0.00001502 1.00000000
vn 0.00000000 -0.00001502 1.00000000
vn 0.00000000 -0.00001502 1.00000000
vn 0.00000000 -0.00001502 1.00000000
vn 0.00000000 -0.00001502 1.00000000
vn 0.00000000 -0.00001502 1.00000000
vn 0.00000000 -0.00001502 1.00000000
vn 0.00000000 -0.00001502 1.00000000
vn 0.00000000 -0.00001502 1.00000000
vn 0.00000000 -0.00001502 1.00000000
vn 0.00000000 -0.00001502 1.00000000
vn 0.00000000 -0.00001502 1.00000000
vn 0.00000000 -0.00001502 1.00000000
vn 0.83201772 -0.39227909 0.39225459
vn 1.00000000 0.00001526 0.00001526
vn 0.93594134 0.26942530 0.22676831
vn 0.93594134 0.26942530 0.22676831
vn 0.90454453 -0.30155298 0.30143830
vn 0.83201772 -0.39227909 0.39225459
vn 0.90454453 -0.30155298 0.30143830
vn 0.83201772 -0.39227909 0.39225459
vn 0.83201772 -0.39227909 0.39225459
vn 0.00000000 -0.70709586 0.70711774
vn 0.83201772 -0.39227909 0.39225459
vn 0.83201772 -0.39227909 0.39225459
vn 0.83201772 -0.39227909 0.39225459
vn 0.00000000 -0.70709586 0.70711774
vn 0.00000000 -0.70709586 0.70711774
vn 0.00000000 -0.70709586 0.70711774
vn 0.00000000 -0.70709586 0.70711774
vn -0.83201772 -0.39232841 0.39220524
vn 0.90450269 -0.30147785 -0.30163890
vn 1.00000000 -0.00001526 0.00000000
vn 0.83201772 -0.39227909 0.39225459
vn 0.83201772 -0.39227909 0.39225459
vn 0.90454453 -0.30155298 0.30143830
vn 0.90450269 -0.30147785 -0.30163890
vn -0.83201772 -0.39232841 0.39220524
vn -0.83201772 -0.39232841 0.39220524
vn 0.00000000 -0.70709586 0.70711774
vn -0.83201772 -0.39232841 0.39220524
vn -0.90454453 -0.30159906 0.30139217
vn -0.83201772 -0.39232841 0.39220524
vn -0.83201772 -0.39232841 0.39220524
vn -0.90454453 -0.30159906 0.30139217
vn -0.93595773 0.26937377 0.22676173
vn -0.93595773 0.26937377 0.22676173
vn -1.00000000 -0.00001526 0.00000000
vn -0.83201772 -0.39232841 0.39220524
vn -0.83201772 -0.39232841 0.39220524
vn -1.00000000 -0.00001526 0.00000000
vn -0.90452361 -0.30146956 -0.30158442
vn -0.90452361 -0.30146956 -0.30158442
vn -0.90454453 -0.30159906 0.30139217
vn -0.83201772 -0.39232841 0.39220524
vn 0.93594134 0.26942530 0.22676831
vn 1.00000000 -0.00001526 0.00000000
vn 1.00000000 0.00001526 0.00001526
vn 1.00000000 0.00001526 0.00001526
vn 0.93603289 0.26928881 -0.22655225
vn 0.93594134 0.26942530 0.22676831
vn 0.39002430 0.92080456 0.00001978
vn 0.38886574 0.92129445 0.00001977
vn 0.34715158 0.93780905 0.00001938
vn 0.41296580 0.91074651 0.00001998
vn 0.38886574 0.92129445 0.00001977
vn 0.39002430 0.92080456 0.00001978
vn 0.34715158 0.93780905 0.00001938
vn 0.34715158 0.93780905 0.00001938
vn 0.39002430 0.92080456 0.00001978
vn 0.32737663 0.94489396 0.00001919
vn 0.34715158 0.93780905 0.00001938
vn 0.34715158 0.93780905 0.00001938
vn 0.34715158 0.93780905 0.00001938
vn 0.32737663 0.94489396 0.00001919
vn 0.32737663 0.94489396 0.00001919
vn 0.41296580 0.91074651 0.00001998
vn 0.39002430 0.92080456 0.00001978
vn 0.41296580 0.91074651 0.00001998
vn 0.41296580 0.91074651 0.00001998
vn 0.41296580 0.91074651 0.00001998
vn 0.41296580 0.91074651 0.00001998
vn 0.41296580 0.91074651 0.00001998
vn 0.41296580 0.91074651 0.00001998
vn 0.41296580 0.91074651 0.00001998
vn 0.41296580 0.91074651 0.00001998
vn 0.41296580 0.91074651 0.00001998
vn 0.41296580 0.91074651 0.00001998
vn 0.41296580 0.91074651 0.00001998
vn 0.41296580 0.91074651 0.00001998
vn 0.41296580 0.91074651 0.00001998
vn 1.00000000 0.00001526 0.00001526
vn 1.00000000 0.00001526 0.00001526
vn 1.00000000 0.00001526 0.00001526
vn 1.00000000 0.00001526 0.00001526
vn 1.00000000 0.00001526 0.00001526
vn 1.00000000 0.00001526 0.00001526
vn -0.70707446 -0.70713913 0.00000017
vn -0.70711762 -0.70709598 0.00000017
vn -0.88888448 -0.45813137 0.00000011
vn -0.88888448 -0.45813137 0.00000011
vn -0.58040398 -0.79620177 -0.17086238
vn -0.70707446 -0.70713913 0.00000017
vn -0.77555120 -0.17004015 -0.60795283
vn -0.58040398 -0.79620177 -0.17086238
vn -0.88888448 -0.45813137 0.00000011
vn -0.88888448 -0.45813137 0.00000011
vn -1.00000000 -0.00001526 0.00000000
vn -0.77555120 -0.17004015 -0.60795283
vn -0.77555120 -0.17004015 -0.60795283
vn -1.00000000 -0.00001526 0.00000000
vn -1.00000000 -0.00001526 0.00000000
vn -1.00000000 -0.00001526 0.00000000
vn -0.86928833 0.30721316 -0.38724396
vn -0.77555120 -0.17004015 -0.60795283
vn -1.00000000 -0.00001526 0.00000000
vn -0.86949342 0.30691245 0.38702190
vn -0.86928833 0.30721316 -0.38724396
vn -0.86928833 0.30721316 -0.38724396
vn -1.00000000 -0.00001526 0.00000000
vn -1.00000000 -0.00001526 0.00000000
vn -0.86928833 0.30721316 -0.38724396
vn -1.00000000 -0.00001526 0.00000000
vn -1.00000000 -0.00001526 0.00000000
vn -0.86949342 0.30691245 0.38702190
vn -1.00000000 -0.00001526 0.00000000
vn -1.00000000 -0.00001526 0.00000000
vn 0.00000000 -0.00001502 1.00000000
vn 0.00000000 -0.00001502 1.00000000
vn 0.00000000 -0.00001502 1.00000000
vn 0.04081600 -0.00001563 0.99916667
vn 0.00000000 -0.00001502 1.00000000
vn 0.00000000 -0.00001502 1.00000000
vn 0.04081600 -0.00001563 0.99916667
vn 0.00000000 -0.00001502 1.00000000
vn 0.00000000 -0.00001502 1.00000000
vn 0.00000000 -0.00001502 1.00000000
vn 0.05921955 -0.00001590 0.99824500
vn 0.04081600 -0.00001563 0.99916667
vn 0.27765986 -0.00001867 0.96067947
vn 0.04081600 -0.00001563 0.99916667
vn 0.05921955 -0.00001590 0.99824500
vn 0.05921955 -0.00001590 0.99824500
vn 0.27476346 0.00001917 0.96151185
vn 0.27765986 -0.00001867 0.96067947
vn 0.27765986 -0.00001867 0.96067947
vn 0.27476346 0.00001917 0.96151185
vn 0.56616324 -0.00002102 0.82429314
vn 0.56616324 -0.00002102 0.82429314
vn 0.57400578 0.00002145 0.81885123
vn 0.27765986 -0.00001867 0.96067947
vn 0.57400578 0.00002145 0.81885123
vn 0.56616324 -0.00002102 0.82429314
vn 0.79892176 -0.00002122 0.60143495
vn 0.79892176 -0.00002122 0.60143495
vn 0.80429947 0.00002140 0.59422421
vn 0.57400578 0.00002145 0.81885123
vn 0.80429947 0.00002140 0.59422421
vn 0.79892176 -0.00002122 0.60143495
vn 0.94850165 0.00001938 0.31677213
vn 0.94850165 0.00001938 0.31677213
vn 0.95081943 0.00001923 0.30974576
vn 0.80429947 0.00002140 0.59422421
vn 0.95081943 0.00001923 0.30974576
vn 0.94850165 0.00001938 0.31677213
vn 0.99688727 0.00001637 0.07884029
vn 0.99688727 0.00001637 0.07884029
vn 0.99624944 0.00001654 0.08652762
vn 0.95081943 0.00001923 0.30974576
vn 0.99624944 0.00001654 0.08652762
vn 0.99688727 0.00001637 0.07884029
vn 1.00000000 0.00001526 0.00001526
vn 1.00000000 0.00001526 0.00001526
vn 1.00000000 0.00001526 0.00001526
vn 0.99624944 0.00001654 0.08652762
vn 1.00000000 0.00001526 0.00001526
vn 1.00000000 -0.00001526 0.00000000
vn 1.00000000 0.00001526 0.00001526
vn 0.99518800 -0.00001672 0.09798408
vn 0.99624944 0.00001654 0.08652762
vn 1.00000000 0.00001526 0.00001526
vn 1.00000000 0.00001526 0.00001526
vn 1.00000000 0.00001526 0.00001526
vn 0.99518800 -0.00001672 0.09798408
vn 0.94221675 0.00001965 0.33500391
vn 0.99624944 0.00001654 0.08652762
vn 0.99518800 -0.00001672 0.09798408
vn 0.99518800 -0.00001672 0.09798408
vn 0.93766022 -0.00001945 0.34755328
vn 0.94221675 0.00001965 0.33500391
vn 0.79661107 -0.00002124 0.60449213
vn 0.94221675 0.00001965 0.33500391
vn 0.93766022 -0.00001945 0.34755328
vn 0.93766022 -0.00001945 0.34755328
vn 0.78036422 0.00002160 0.62532526
vn 0.79661107 -0.00002124 0.60449213
vn 0.56771910 -0.00002103 0.82322234
vn 0.79661107 -0.00002124 0.60449213
vn 0.78036422 0.00002160 0.62532526
vn 0.78036422 0.00002160 0.62532526
vn 0.53487676 -0.00002094 0.84493005
vn 0.56771910 -0.00002103 0.82322234
vn 0.30649891 -0.00001898 0.95187098
vn 0.56771910 -0.00002103 0.82322234
vn 0.53487676 -0.00002094 0.84493005
vn 0.53487676 -0.00002094 0.84493005
vn 0.26754317 -0.00001855 0.96354586
vn 0.30649891 -0.00001898 0.95187098
vn 0.14577025 -0.00001702 0.98931849
vn 0.30649891 -0.00001898 0.95187098
vn 0.26754317 -0.00001855 0.96354586
vn 0.26754317 -0.00001855 0.96354586
vn 0.14577025 -0.00001702 0.98931849
vn 0.14577025 -0.00001702 0.98931849
vn -0.83198643 -0.39238629 0.39221373
vn -0.90458632 -0.30153629 0.30132943
vn -0.86949342 0.30691245 0.38702190
vn -0.86949342 0.30691245 0.38702190
vn -1.00000000 -0.00001526 0.00000000
vn -0.83198643 -0.39238629 0.39221373
vn -0.90458632 -0.30153629 0.30132943
vn -0.83198643 -0.39238629 0.39221373
vn -0.83208025 -0.39231136 0.39208955
vn 0.26576051 -0.73608357 0.62253708
vn -0.83208025 -0.39231136 0.39208955
vn -0.83198643 -0.39238629 0.39221373
vn -0.83198643 -0.39238629 0.39221373
vn 0.26576051 -0.73608357 0.62253708
vn 0.26576051 -0.73608357 0.62253708
vn 0.26576051 -0.73608357 0.62253708
vn 0.26576051 -0.73608357 0.62253708
vn 0.31526637 -0.72646898 0.61061442
vn 0.31526637 -0.72646898 0.61061442
vn 0.31526637 -0.72646898 0.61061442
vn 0.26576051 -0.73608357 0.62253708
vn 0.00000000 -1.00000000 -0.00003028
vn 0.00000000 -1.00000000 0.00000024
vn 0.00000000 -1.00000000 -0.00003028
vn 0.00000000 -1.00000000 -0.00003028
vn 0.00000000 -1.00000000 -0.00003028
vn 0.00000000 -1.00000000 -0.00003028
vn 0.00000000 -1.00000000 -0.00003028
vn 0.00000000 -1.00000000 -0.00003028
vn 0.00003052 -1.00000000 -0.00003028
vn 0.00000000 -1.00000000 0.00000024
vn 0.00000000 -1.00000000 -0.00003028
vn 0.00000000 -1.00000000 0.00000024
vn 0.00000000 -1.00000000 0.00000024
vn 0.00000000 -1.00000000 0.00000024
vn 0.00000000 -1.00000000 0.00000024
vn 0.00000000 -1.00000000 0.00000024
vn 0.00000000 -1.00000000 0.00000024
vn 0.00000000 -1.00000000 0.00000024
vn 0.00000000 -1.00000000 0.00000024
vn 0.00000000 -1.00000000 0.00000024
vn 0.00000000 -1.00000000 0.00000024
vn -0.00003052 -1.00000000 0.00000024
vn 0.00000000 -1.00000000 0.00000024
vn 0.00000000 -1.00000000 0.00000024
vn 0.00000000 -1.00000000 0.00000024
vn 0.00000000 -1.00000000 -0.00003028
vn 0.00000000 -1.00000000 0.00000024
vn 0.00000000 -1.00000000 0.00000024
vn 0.00000000 -1.00000000 -0.00003028
vn 0.00000000 -1.00000000 0.00000024
vn 0.00000000 -1.00000000 0.00000024
vn 0.00000000 -1.00000000 0.00000024
vn 0.00000000 -1.00000000 0.00000024
vn 0.00000000 -1.00000000 0.00000024
vn 0.00000000 -1.00000000 0.00000024
vn 0.00000000 -1.00000000 0.00000024
vn 0.00000000 -1.00000000 0.00000024
vn 0.00000000 -1.00000000 0.00000024
vn 0.00000000 -1.00000000 0.00000024
vn 0.00000000 -1.00000000 0.00000024
vn 0.00000000 -1.00000000 0.00000024
vn 0.00000000 -1.00000000 0.00000024
vn 0.00000000 -1.00000000 0.00000024
vn 0.00000000 -1.00000000 0.00000024
vn 0.00000000 -1.00000000 0.00000024
vn 0.00000000 -1.00000000 0.00000024
vn 0.00000000 -1.00000000 0.00000024
vn 0.00000000 -1.00000000 0.00000024
vn 0.00000000 -1.00000000 0.00000024
vn 0.00000000 -1.00000000 0.00000024
vn 0.00000000 -1.00000000 0.00000024
vn 0.00000000 -1.00000000 0.00000024
vn 0.00000000 -1.00000000 0.00000024
vn 0.00000000 -1.00000000 0.00000024
vn 0.00000000 -0.00001550 -1.00000000
vn 0.00000000 -0.00001550 -1.00000000
vn 0.00000000 -0.00001550 -1.00000000
vn 0.00000000 -0.00001550 -1.00000000
vn 0.00000000 -0.00001550 -1.00000000
vn 0.00000000 -0.00001550 -1.00000000
vn 0.56506640 -0.28411874 0.77458149
vn 0.47717234 -0.48910534 0.73012501
vn 0.44764251 -0.48653090 0.75026917
vn 0.44764251 -0.48653090 0.75026917
vn 0.60219312 -0.22893949 0.76482034
vn 0.56506640 -0.28411874 0.77458149
vn 0.58447599 -0.49446541 0.64334416
vn 0.44764251 -0.48653090 0.75026917
vn 0.47717234 -0.48910534 0.73012501
vn 0.47717234 -0.48910534 0.73012501
vn 0.63085765 -0.49420497 0.59814721
vn 0.58447599 -0.49446541 0.64334416
vn 0.72217453 0.00002182 0.69171083
vn 0.56506640 -0.28411874 0.77458149
vn 0.60219312 -0.22893949 0.76482034
vn 0.60219312 -0.22893949 0.76482034
vn 0.72217453 0.00002182 0.69171083
vn 0.72217453 0.00002182 0.69171083
vn 0.73455626 -0.49589768 0.46315506
vn 0.58447599 -0.49446541 0.64334416
vn 0.63085765 -0.49420497 0.59814721
vn 0.63085765 -0.49420497 0.59814721
vn 0.76022363 -0.49726194 0.41807964
vn 0.73455626 -0.49589768 0.46315506
vn 0.80714232 -0.52300984 0.27382839
vn 0.73455626 -0.49589768 0.46315506
vn 0.76022363 -0.49726194 0.41807964
vn 0.76022363 -0.49726194 0.41807964
vn 0.81133562 -0.55217987 0.19191624
vn 0.80714232 -0.52300984 0.27382839
vn 0.80714232 -0.52300984 0.27382839
vn 0.81133562 -0.55217987 0.19191624
vn 0.81033379 -0.57221568 0.12620763
vn -0.00001526 0.00001502 -1.00000000
vn -0.00001526 0.00001502 -1.00000000
vn -0.00001526 0.00001502 -1.00000000
vn -0.00001526 0.00001502 -1.00000000
vn -0.00001526 0.00001502 -1.00000000
vn -0.00001526 0.00001502 -1.00000000
vn -0.00001526 0.00001502 -1.00000000
vn -0.00001526 0.00001502 -1.00000000
vn -0.00001526 0.00001502 -1.00000000
vn -0.00001526 0.00001502 -1.00000000
vn -0.00001526 0.00001502 -1.00000000
vn -0.00001526 0.00001502 -1.00000000
vn -0.00001526 0.00001502 -1.00000000
vn -0.00001526 0.00001502 -1.00000000
vn -0.00001526 0.00001502 -1.00000000
vn -0.00001526 0.00001502 -1.00000000
vn -0.00001526 0.00001502 -1.00000000
vn -0.00001526 0.00001502 -1.00000000
vn -0.00001526 0.00001502 -1.00000000
vn -0.00001526 0.00001502 -1.00000000
vn -0.00001526 0.00001502 -1.00000000
vn -0.00001526 0.00001502 -1.00000000
vn -0.00001526 0.00001502 -1.00000000
vn -0.00001526 0.00001502 -1.00000000
vn -0.00001526 0.00001502 -1.00000000
vn -0.00001526 0.00001502 -1.00000000
vn 0.00000000 -0.00001550 -1.00000000
vn -0.00001526 0.00001502 -1.00000000
vn 0.00000000 -0.00001550 -1.00000000
vn 0.00000000 -0.00001550 -1.00000000
vn 0.00000000 -0.00001550 -1.00000000
vn -0.00001526 0.00001502 -1.00000000
vn 0.00000000 -0.00001550 -1.00000000
vn -0.00001526 0.00001502 -1.00000000
vn -0.00001526 0.00001502 -1.00000000
vn 0.00000000 -0.00001550 -1.00000000
vn -0.00001526 0.00001502 -1.00000000
vn -0.00001526 0.00001502 -1.00000000
vn -0.00001526 0.00001502 -1.00000000
vn -0.00001526 0.00001502 -1.00000000
vn -0.00001526 0.00001502 -1.00000000
vn -0.00001526 0.00001502 -1.00000000
vn -0.00001526 0.00001502 -1.00000000
vn -0.00001526 0.00001502 -1.00000000
vn -0.00001526 0.00001502 -1.00000000
vn -0.00001526 0.00001502 -1.00000000
vn -0.00001526 0.00001502 -1.00000000
vn -0.00001526 0.00001502 -1.00000000
vn -0.00001526 0.00001502 -1.00000000
vn -0.00001526 0.00001502 -1.00000000
vn -0.00001526 0.00001502 -1.00000000
vn -0.00001526 0.00001502 -1.00000000
vn -0.00001526 0.00001502 -1.00000000
vn -0.00001526 0.00001502 -1.00000000
vn -0.00001526 0.00001502 -1.00000000
vn -0.00001526 0.00001502 -1.00000000
vn -0.00001526 0.00001502 -1.00000000
vn -0.00001526 0.00001502 -1.00000000
vn -0.00001526 0.00001502 -1.00000000
vn -0.00001526 0.00001502 -1.00000000
vn -0.83208025 -0.39231136 0.39208955
vn -1.00000000 -0.00001526 0.00000000
vn -0.90452361 -0.30146956 -0.30158442
vn -0.90452361 -0.30146956 -0.30158442
vn -0.90458632 -0.30153629 0.30132943
vn -0.83208025 -0.39231136 0.39208955
vn -1.00000000 -0.00001526 0.00000000
vn -1.00000000 -0.00001526 0.00000000
vn -1.00000000 -0.00001526 0.00000000
vn -1.00000000 -0.00001526 0.00000000
vn -1.00000000 -0.00001526 0.00000000
vn -1.00000000 -0.00001526 0.00000000
vn -0.86928833 0.30721316 -0.38724396
vn -0.86949342 0.30691245 0.38702190
vn 0.93594134 0.26942530 0.22676831
vn 0.93594134 0.26942530 0.22676831
vn 0.93603289 0.26928881 -0.22655225
vn -0.86928833 0.30721316 -0.38724396
vn 0.90454453 -0.30155298 0.30143830
vn 0.93594134 0.26942530 0.22676831
vn -0.86949342 0.30691245 0.38702190
vn -0.86928833 0.30721316 -0.38724396
vn 0.93603289 0.26928881 -0.22655225
vn 0.77553511 -0.16998920 -0.60798758
vn 0.77553511 -0.16998920 -0.60798758
vn -0.77555120 -0.17004015 -0.60795283
vn -0.86928833 0.30721316 -0.38724396
vn 0.00004265 -0.80734712 -0.59007680
vn -0.77555120 -0.17004015 -0.60795283
vn 0.77553511 -0.16998920 -0.60798758
vn -0.86949342 0.30691245 0.38702190
vn -0.90458632 -0.30153629 0.30132943
vn 0.90454453 -0.30155298 0.30143830
vn 0.90454453 -0.30155298 0.30143830
vn -0.90458632 -0.30153629 0.30132943
vn -0.90452361 -0.30146956 -0.30158442
vn -0.90452361 -0.30146956 -0.30158442
vn 0.90450269 -0.30147785 -0.30163890
vn 0.90454453 -0.30155298 0.30143830
vn 0.00000000 -0.00001550 -1.00000000
vn 0.00000000 -0.00001550 -1.00000000
vn 0.00000000 -0.00001550 -1.00000000
vn 0.00000000 -0.00001550 -1.00000000
vn 0.00000000 -0.00001550 -1.00000000
vn 0.00000000 -0.00001550 -1.00000000
vn 0.00000000 -1.00000000 0.00000024
vn 0.57737678 -0.57729733 -0.57737660
vn 0.70711762 -0.70709598 0.00000017
vn 0.70711762 -0.70709598 0.00000017
vn 0.00000000 -1.00000000 0.00000024
vn 0.00000000 -1.00000000 0.00000024
vn 0.00000000 -1.00000000 0.00000024
vn 0.00000000 -1.00000000 0.00000024
vn -0.70711762 -0.70709598 0.00000017
vn -0.70711762 -0.70709598 0.00000017
vn -0.57737678 -0.57735026 -0.57732373
vn 0.00000000 -1.00000000 0.00000024
vn 1.00000000 -0.00001526 0.00000000
vn 0.70711762 -0.70709598 0.00000017
vn 0.57737678 -0.57729733 -0.57737660
vn 0.57737678 -0.57729733 -0.57737660
vn 0.77554673 0.17009147 -0.60794425
vn 1.00000000 -0.00001526 0.00000000
vn -0.57737678 -0.57735026 -0.57732373
vn -0.70711762 -0.70709598 0.00000017
vn -1.00000000 -0.00001526 0.00000000
vn -1.00000000 -0.00001526 0.00000000
vn -0.77557188 0.17003918 -0.60792679
vn -0.57737678 -0.57735026 -0.57732373
vn 0.88885480 0.45818892 0.00002045
vn 1.00000000 -0.00001526 0.00000000
vn 0.77554673 0.17009147 -0.60794425
vn 0.77554673 0.17009147 -0.60794425
vn 0.58033282 0.79624850 -0.17088626
vn 0.88885480 0.45818892 0.00002045
vn 0.70710683 0.70710677 0.00002141
vn 0.88885480 0.45818892 0.00002045
vn 0.58033282 0.79624850 -0.17088626
vn 0.58033282 0.79624850 -0.17088626
vn 0.70710683 0.70710677 0.00002141
vn 0.70710683 0.70710677 0.00002141
vn -0.77557188 0.17003918 -0.60792679
vn -1.00000000 -0.00001526 0.00000000
vn -0.88888019 0.45813966 0.00002044
vn -0.88888019 0.45813966 0.00002044
vn -0.58038592 0.79620939 -0.17088802
vn -0.77557188 0.17003918 -0.60792679
vn -0.58038592 0.79620939 -0.17088802
vn -0.88888019 0.45813966 0.00002044
vn -0.70714992 0.70706367 0.00002141
vn -0.70714992 0.70706367 0.00002141
vn -0.70714992 0.70706367 0.00002141
vn -0.58038592 0.79620939 -0.17088802
vn -0.00001526 1.00000000 0.00001502
vn -0.00001526 1.00000000 0.00001502
vn 0.70710683 0.70710677 0.00002141
vn 0.70710683 0.70710677 0.00002141
vn 0.57729751 0.57745570 -0.57729763
vn -0.00001526 1.00000000 0.00001502
vn -0.70714992 0.70706367 0.00002141
vn -0.00001526 1.00000000 0.00001502
vn -0.00001526 1.00000000 0.00001502
vn -0.00001526 1.00000000 0.00001502
vn -0.57735026 0.57740289 -0.57729763
vn -0.70714992 0.70706367 0.00002141
vn 0.57729751 0.57745570 -0.57729763
vn 0.70710683 0.70710677 0.00002141
vn 0.83204901 -0.39222139 -0.39224589
vn 0.83204901 -0.39222139 -0.39224589
vn 0.90458632 -0.30139837 -0.30146739
vn 0.57729751 0.57745570 -0.57729763
vn -0.83204901 -0.39227071 -0.39219657
vn -0.70714992 0.70706367 0.00002141
vn -0.57735026 0.57740289 -0.57729763
vn -0.57735026 0.57740289 -0.57729763
vn -0.90458632 -0.30144447 -0.30142131
vn -0.83204901 -0.39227071 -0.39219657
vn 0.90458632 -0.30139837 -0.30146739
vn 0.83204901 -0.39222139 -0.39224589
vn 0.83204901 -0.39222139 -0.39224589
vn 0.83204901 -0.39222139 -0.39224589
vn 0.83204901 -0.39222139 -0.39224589
vn 0.00000000 -0.70709616 -0.70711744
vn 0.00000000 -0.70709616 -0.70711744
vn 0.00000000 -0.70709616 -0.70711744
vn 0.83204901 -0.39222139 -0.39224589
vn -0.83204901 -0.39227071 -0.39219657
vn 0.00000000 -0.70709616 -0.70711744
vn 0.00000000 -0.70709616 -0.70711744
vn 0.00000000 -0.70709616 -0.70711744
vn -0.83204901 -0.39227071 -0.39219657
vn -0.83204901 -0.39227071 -0.39219657
vn -0.83204901 -0.39227071 -0.39219657
vn -0.90458632 -0.30144447 -0.30142131
vn -0.83204901 -0.39227071 -0.39219657
vn -0.90450269 -0.30156979 0.30154693
vn -1.00000000 -0.00001526 0.00000000
vn -0.83204901 -0.39227071 -0.39219657
vn -0.83204901 -0.39227071 -0.39219657
vn -0.90458632 -0.30144447 -0.30142131
vn -0.90450269 -0.30156979 0.30154693
vn 0.90450269 -0.30152369 0.30159304
vn 0.90458632 -0.30139837 -0.30146739
vn 0.83204901 -0.39222139 -0.39224589
vn 0.83204901 -0.39222139 -0.39224589
vn 1.00000000 0.00001526 0.00001526
vn 0.90450269 -0.30152369 0.30159304
vn 0.90450269 -0.30152369 0.30159304
vn 1.00000000 0.00001526 0.00001526
vn 1.00000000 -0.00001526 0.00000000
vn 1.00000000 -0.00001526 0.00000000
vn 0.70708525 -0.00002141 0.70712835
vn 0.90450269 -0.30152369 0.30159304
vn -0.00001526 0.00001502 -1.00000000
vn -0.00001526 0.00001502 -1.00000000
vn -0.00001526 0.00001502 -1.00000000
vn -0.00001526 0.00001502 -1.00000000
vn -0.00001526 0.00001502 -1.00000000
vn -0.00001526 0.00001502 -1.00000000
vn -0.00001526 0.00001502 -1.00000000
vn -0.00001526 0.00001502 -1.00000000
vn -0.00001526 0.00001502 -1.00000000
vn -0.00001526 0.00001502 -1.00000000
vn -0.00001526 0.00001502 -1.00000000
vn -0.00001526 0.00001502 -1.00000000
vn 0.00000000 -0.00001502 1.00000000
vn 0.00000000 -0.00001502 1.00000000
vn 0.00000000 -0.00001502 1.00000000
vn 0.00000000 -0.00001502 1.00000000
vn 0.00000000 -0.00001502 1.00000000
vn 0.00000000 -0.00001502 1.00000000
vn 0.00000000 -0.00001502 1.00000000
vn 0.00000000 -0.00001502 1.00000000
vn 0.00000000 -0.00001502 1.00000000
vn 0.00000000 -0.00001502 1.00000000
vn 0.00000000 -0.00001502 1.00000000
vn 0.00000000 -0.00001502 1.00000000
vn 0.00000000 -1.00000000 0.00000024
vn 0.00000000 -1.00000000 0.00000024
vn 0.00000000 -1.00000000 0.00000024
vn 0.00000000 -1.00000000 0.00000024
vn 0.00000000 -1.00000000 0.00000024
vn 0.00000000 -1.00000000 0.00000024
vn 0.00000000 -1.00000000 0.00000024
vn 0.00000000 -1.00000000 0.00000024
vn 0.00000000 -1.00000000 0.00000024
vn 0.00000000 -1.00000000 0.00000024
vn 0.00000000 -1.00000000 0.00000024
vn 0.00000000 -1.00000000 0.00000024
vn 0.00000000 -0.00001550 -1.00000000
vn 0.00000000 -0.00001550 -1.00000000
vn 0.00000000 -0.00001550 -1.00000000
vn 0.00000000 -0.00001550 -1.00000000
vn 0.00000000 -0.00001550 -1.00000000
vn 0.00000000 -0.00001550 -1.00000000
vn 0.00000000 -0.00001550 -1.00000000
vn 0.00000000 -0.00001550 -1.00000000
vn -0.00001526 0.00001502 -1.00000000
vn 0.00000000 -0.00001550 -1.00000000
vn 0.00000000 -0.00001550 -1.00000000
vn -0.00001526 0.00001502 -1.00000000
vn -0.00001526 0.00001502 -1.00000000
vn 0.00000000 -0.00001550 -1.00000000
vn 0.00000000 -0.00001550 -1.00000000
vn -0.00001526 0.00001502 -1.00000000
vn 0.00000000 -0.00001550 -1.00000000
vn -0.00001526 0.00001502 -1.00000000
vn -0.00001526 0.00001502 -1.00000000
vn 0.00000000 -0.00001550 -1.00000000
vn -0.00001526 0.00001502 -1.00000000
vn -0.00001526 0.00001502 -1.00000000
vn -0.00001526 0.00001502 -1.00000000
vn -0.00001526 0.00001502 -1.00000000
vn -0.00001526 0.00001502 -1.00000000
vn -0.00001526 0.00001502 -1.00000000
vn -0.00001526 0.00001502 -1.00000000
vn -0.00001526 0.00001502 -1.00000000
vn -0.00001526 0.00001502 -1.00000000
vn -0.00001526 0.00001502 -1.00000000
vn -0.00001526 0.00001502 -1.00000000
vn -0.00001526 0.00001502 -1.00000000
vn -0.00001526 0.00001502 -1.00000000
vn -0.00001526 0.00001502 -1.00000000
vn -0.00001526 0.00001502 -1.00000000
vn -0.00001526 0.00001502 -1.00000000
vn -0.00001526 0.00001502 -1.00000000
vn -0.00001526 0.00001502 -1.00000000
vn -0.00001526 0.00001502 -1.00000000
vn -0.00001526 0.00001502 -1.00000000
vn -0.00001526 0.00001502 -1.00000000
vn -0.00001526 0.00001502 -1.00000000
vn -0.00001526 0.00001502 -1.00000000
vn -0.00001526 0.00001502 -1.00000000
vn -0.00001526 0.00001502 -1.00000000
vn -0.00001526 0.00001502 -1.00000000
vn -0.00001526 0.00001502 -1.00000000
vn -0.00001526 0.00001502 -1.00000000
vn -0.00001526 0.00001502 -1.00000000
vn -0.00001526 0.00001502 -1.00000000
vn -0.00001526 0.00001502 -1.00000000
vn -0.00001526 0.00001502 -1.00000000
vn -0.00001526 0.00001502 -1.00000000
vn -0.00001526 0.00001502 -1.00000000
vn -0.00001526 0.00001502 -1.00000000
vn -0.00001526 0.00001502 -1.00000000
vn -0.00001526 0.00001502 -1.00000000
vn -0.00001526 0.00001502 -1.00000000
vn -0.00001526 0.00001502 -1.00000000
vn -0.00001526 0.00001502 -1.00000000
vn -0.00001526 0.00001502 -1.00000000
vn -0.00001526 0.00001502 -1.00000000
vn -0.00001526 0.00001502 -1.00000000
vn -0.00001526 0.00001502 -1.00000000
vn -0.00001526 0.00001502 -1.00000000
vn -0.00001526 0.00001502 -1.00000000
vn -0.00001526 0.00001502 -1.00000000
vn 0.00000000 -0.00001550 -1.00000000
vn -0.00001526 0.00001502 -1.00000000
vn 0.00000000 -0.00001550 -1.00000000
vn -0.00001526 0.00001502 -1.00000000
vn 0.00000000 -0.00001550 -1.00000000
vn 0.00000000 -0.00001550 -1.00000000
vn 0.00000000 -0.00001550 -1.00000000
vn 0.00000000 -0.00001550 -1.00000000
vn -0.86605543 0.49994802 0.00002072
vn -0.99144733 0.13050723 0.00001709
vn -0.99144733 0.13050723 0.00001709
vn -0.99144733 0.13050723 0.00001709
vn -0.86605543 0.49994802 0.00002072
vn -0.86605543 0.49994802 0.00002072
vn -0.99144733 0.13050723 0.00001709
vn -0.99144733 0.13050723 0.00001709
vn -0.99144763 -0.13050501 0.00000003
vn -0.99144763 -0.13050501 0.00000003
vn -0.99144763 -0.13050501 0.00000003
vn -0.99144733 0.13050723 0.00001709
vn -0.50004667 0.86599845 0.00002064
vn -0.86605543 0.49994802 0.00002072
vn -0.86605543 0.49994802 0.00002072
vn -0.86605543 0.49994802 0.00002072
vn -0.50004667 0.86599845 0.00002064
vn -0.50004667 0.86599845 0.00002064
vn -0.99144763 -0.13050501 0.00000003
vn -0.99144763 -0.13050501 0.00000003
vn -0.86603218 -0.49998829 0.00000012
vn -0.86603218 -0.49998829 0.00000012
vn -0.86603218 -0.49998829 0.00000012
vn -0.99144763 -0.13050501 0.00000003
vn -0.13054533 0.99144232 0.00001688
vn -0.50004667 0.86599845 0.00002064
vn -0.50004667 0.86599845 0.00002064
vn -0.50004667 0.86599845 0.00002064
vn -0.13054533 0.99144232 0.00001688
vn -0.13054533 0.99144232 0.00001688
vn -0.86603218 -0.49998829 0.00000012
vn -0.86603218 -0.49998829 0.00000012
vn -0.50001305 -0.86601788 0.00000021
vn -0.50001305 -0.86601788 0.00000021
vn -0.50001305 -0.86601788 0.00000021
vn -0.86603218 -0.49998829 0.00000012
vn -0.70714992 0.70706367 0.00002141
vn -0.13054533 0.99144232 0.00001688
vn -0.13054533 0.99144232 0.00001688
vn -0.13054533 0.99144232 0.00001688
vn -0.57735026 0.57740289 -0.57729763
vn -0.70714992 0.70706367 0.00002141
vn -0.50001305 -0.86601788 0.00000021
vn -0.50001305 -0.86601788 0.00000021
vn -0.13056216 -0.99144012 0.00000024
vn -0.13056216 -0.99144012 0.00000024
vn -0.13056216 -0.99144012 0.00000024
vn -0.50001305 -0.86601788 0.00000021
vn -0.13056216 -0.99144012 0.00000024
vn -0.13056216 -0.99144012 0.00000024
vn -0.70711762 -0.70709598 0.00000017
vn -0.70711762 -0.70709598 0.00000017
vn -0.57737678 -0.57735026 -0.57732373
vn -0.13056216 -0.99144012 0.00000024
vn -0.57737678 -0.57735026 -0.57732373
vn -0.70711762 -0.70709598 0.00000017
vn -1.00000000 -0.00001526 0.00000000
vn -1.00000000 -0.00001526 0.00000000
vn -0.77557188 0.17003918 -0.60792679
vn -0.57737678 -0.57735026 -0.57732373
vn -0.77557188 0.17003918 -0.60792679
vn -1.00000000 -0.00001526 0.00000000
vn -0.88888019 0.45813966 0.00002044
vn -0.88888019 0.45813966 0.00002044
vn -0.58038592 0.79620939 -0.17088802
vn -0.77557188 0.17003918 -0.60792679
vn -0.70714992 0.70706367 0.00002141
vn -0.58038592 0.79620939 -0.17088802
vn -0.88888019 0.45813966 0.00002044
vn -0.88888019 0.45813966 0.00002044
vn -0.70714992 0.70706367 0.00002141
vn -0.70714992 0.70706367 0.00002141
vn 0.00000000 -0.00001502 1.00000000
vn 0.00000000 -0.00001502 1.00000000
vn 0.00000000 -0.00001502 1.00000000
vn 0.00000000 -0.00001502 1.00000000
vn 0.00000000 -0.00001502 1.00000000
vn 0.00000000 -0.00001502 1.00000000
vn -1.00000000 -0.00001526 0.00000000
vn -1.00000000 -0.00001526 0.00000000
vn -1.00000000 -0.00001526 0.00000000
vn -1.00000000 -0.00001526 0.00000000
vn -1.00000000 -0.00001526 0.00000000
vn -1.00000000 -0.00001526 0.00000000
vn 0.00000000 -0.00001550 -1.00000000
vn 0.00000000 -0.00001550 -1.00000000
vn 0.00000000 -0.00001550 -1.00000000
vn -0.00001526 0.00001502 -1.00000000
vn 0.00000000 -0.00001550 -1.00000000
vn 0.00000000 -0.00001550 -1.00000000
vn 0.00000000 -0.00001550 -1.00000000
vn 0.00000000 -0.00001550 -1.00000000
vn 0.00000000 -0.00001550 -1.00000000
vn 0.00000000 -0.00001550 -1.00000000
vn -0.00001526 0.00001502 -1.00000000
vn -0.00001526 0.00001502 -1.00000000
vn 0.00000000 -0.00001550 -1.00000000
vn 0.00000000 -0.00001550 -1.00000000
vn 0.00000000 -0.00001550 -1.00000000
vn -0.00001526 0.00001502 -1.00000000
vn -0.00001526 0.00001502 -1.00000000
vn -0.00001526 0.00001502 -1.00000000
vn 0.00000000 -0.00001550 -1.00000000
vn 0.00000000 -0.00001550 -1.00000000
vn 0.00000000 -0.00001550 -1.00000000
vn 0.00000000 -0.00001550 -1.00000000
vn 0.00000000 -0.00001550 -1.00000000
vn -0.00001526 0.00001502 -1.00000000
vn -0.00001526 0.00001502 -1.00000000
vn -0.00001526 0.00001502 -1.00000000
vn 0.00000000 -0.00001550 -1.00000000
vn -0.00001526 0.00001502 -1.00000000
vn -0.00001526 0.00001502 -1.00000000
vn -0.00001526 0.00001502 -1.00000000
vn 0.00000000 -0.00001550 -1.00000000
vn -0.00001526 0.00001502 -1.00000000
vn -0.00001526 0.00001502 -1.00000000
vn -0.00001526 0.00001502 -1.00000000
vn 0.00000000 -0.00001550 -1.00000000
vn 0.00000000 -0.00001550 -1.00000000
vn 0.00000000 -0.00001550 -1.00000000
vn 0.00000000 -0.00001550 -1.00000000
vn -0.00001526 0.00001502 -1.00000000
vn -0.00001526 0.00001502 -1.00000000
vn -0.00001526 0.00001502 -1.00000000
vn 0.00000000 -0.00001550 -1.00000000
vn -0.00001526 0.00001502 -1.00000000
vn -0.00001526 0.00001502 -1.00000000
vn -0.00001526 0.00001502 -1.00000000
vn -0.00001526 0.00001502 -1.00000000
vn -0.00001526 0.00001502 -1.00000000
vn -0.00001526 0.00001502 -1.00000000
vn -0.00001526 0.00001502 -1.00000000
vn -0.00001526 0.00001502 -1.00000000
vn 0.00000000 -0.00001550 -1.00000000
vn 0.00000000 -0.00001550 -1.00000000
vn 0.00000000 -0.00001550 -1.00000000
vn -0.00001526 0.00001502 -1.00000000
vn 0.00000000 -0.00001550 -1.00000000
vn 0.00000000 -0.00001550 -1.00000000
vn 0.00000000 -0.00001550 -1.00000000
vn 0.00000000 -0.00001550 -1.00000000
vn 0.00000000 -0.00001550 -1.00000000
vn 0.00000000 -0.00001550 -1.00000000
vn 0.00000000 -0.00001550 -1.00000000
vn 0.00000000 -0.00001550 -1.00000000
vn 0.00000000 -0.00001550 -1.00000000
vn 0.00000000 -0.00001550 -1.00000000
vn 0.00000000 -0.00001550 -1.00000000
vn 0.00000000 -0.00001550 -1.00000000
vn -0.00001526 0.00001502 -1.00000000
vn 0.00000000 -0.00001550 -1.00000000
vn 0.00000000 -0.00001550 -1.00000000
vn 0.00000000 -0.00001550 -1.00000000
vn -0.00001526 0.00001502 -1.00000000
vn -0.00001526 0.00001502 -1.00000000
vn -1.00000000 -0.00001526 0.00000000
vn -1.00000000 -0.00001526 0.00000000
vn -0.90450269 -0.30156979 0.30154693
vn -0.90450269 -0.30156979 0.30154693
vn -0.70710683 -0.00006457 0.70710677
vn -1.00000000 -0.00001526 0.00000000
vn 0.88888448 -0.45813137 0.00000011
vn 0.58042109 -0.79617810 -0.17091465
vn 0.77553511 -0.16998920 -0.60798758
vn 0.77553511 -0.16998920 -0.60798758
vn 1.00000000 -0.00001526 0.00000000
vn 0.88888448 -0.45813137 0.00000011
vn 1.00000000 0.00001526 0.00001526
vn 1.00000000 -0.00001526 0.00000000
vn 0.77553511 -0.16998920 -0.60798758
vn 0.77553511 -0.16998920 -0.60798758
vn 0.93603289 0.26928881 -0.22655225
vn 1.00000000 0.00001526 0.00001526
vn 0.88888448 -0.45813137 0.00000011
vn 0.70711762 -0.70709598 0.00000017
vn 0.70713919 -0.70707440 -0.00004299
vn 0.70713919 -0.70707440 -0.00004299
vn 0.58042109 -0.79617810 -0.17091465
vn 0.88888448 -0.45813137 0.00000011
vn 0.70710683 0.70710677 0.00002141
vn 0.70710683 0.70710677 0.00002141
vn 1.00000000 0.00001526 0.00001526
vn 1.00000000 0.00001526 0.00001526
vn 1.00000000 0.00001526 0.00001526
vn 0.70710683 0.70710677 0.00002141
vn 0.90458632 -0.30139837 -0.30146739
vn -0.90456545 -0.30149883 -0.30142966
vn -0.57735026 0.57740289 -0.57729763
vn -0.57735026 0.57740289 -0.57729763
vn 0.57729751 0.57745570 -0.57729763
vn 0.90458632 -0.30139837 -0.30146739
vn -0.90450269 -0.30156979 0.30154693
vn -0.90456545 -0.30149883 -0.30142966
vn 0.90458632 -0.30139837 -0.30146739
vn 0.90458632 -0.30139837 -0.30146739
vn 0.90450269 -0.30152369 0.30159304
vn -0.90450269 -0.30156979 0.30154693
vn -0.90450269 -0.30156979 0.30154693
vn 0.90450269 -0.30152369 0.30159304
vn 0.70708525 -0.00002141 0.70712835
vn 0.70708525 -0.00002141 0.70712835
vn -0.70710683 -0.00006457 0.70710677
vn -0.90450269 -0.30156979 0.30154693
vn -1.00000000 -0.00001526 0.00000000
vn -1.00000000 -0.00001526 0.00000000
vn -1.00000000 -0.00001526 0.00000000
vn -1.00000000 -0.00001526 0.00000000
vn -1.00000000 -0.00001526 0.00000000
vn -1.00000000 -0.00001526 0.00000000
vn -1.00000000 -0.00001526 0.00000000
vn -1.00000000 -0.00001526 0.00000000
vn -1.00000000 -0.00001526 0.00000000
vn -0.90450269 -0.30156979 0.30154693
vn -1.00000000 -0.00001526 0.00000000
vn -0.83204901 -0.39227071 -0.39219657
vn -0.83204901 -0.39227071 -0.39219657
vn -0.90456545 -0.30149883 -0.30142966
vn -0.90450269 -0.30156979 0.30154693
vn 0.00000000 -1.00000000 0.00000024
vn 0.00000000 -1.00000000 0.00000024
vn 0.00000000 -1.00000000 0.00000024
vn 0.00000000 -1.00000000 0.00000024
vn 0.00000000 -1.00000000 0.00000024
vn 0.00000000 -1.00000000 0.00000024
vn 0.00000000 -0.00001550 -1.00000000
vn 0.00000000 -0.00001550 -1.00000000
vn 0.00000000 -0.00001550 -1.00000000
vn 0.00000000 -0.00001550 -1.00000000
vn 0.00000000 -0.00001550 -1.00000000
vn 0.00000000 -0.00001550 -1.00000000
vn 0.00000000 -1.00000000 0.00000024
vn 0.00000000 -1.00000000 0.00000024
vn 0.00000000 -1.00000000 0.00000024
vn 0.00000000 -1.00000000 0.00000024
vn 0.00000000 -1.00000000 0.00000024
vn 0.00000000 -1.00000000 0.00000024
vn 0.00000000 -0.00001550 -1.00000000
vn 0.00000000 -0.00001550 -1.00000000
vn 0.00000000 -0.00001550 -1.00000000
vn 0.00000000 -0.00001550 -1.00000000
vn 0.00000000 -0.00001550 -1.00000000
vn 0.00000000 -0.00001550 -1.00000000
vn -0.83204901 -0.39227071 -0.39219657
vn -0.70714992 0.70706367 0.00002141
vn -0.57735026 0.57740289 -0.57729763
vn -0.57735026 0.57740289 -0.57729763
vn -0.90456545 -0.30149883 -0.30142966
vn -0.83204901 -0.39227071 -0.39219657
vn 0.83204901 -0.39217204 -0.39229527
vn 0.83204901 -0.39222139 -0.39224589
vn -0.83204901 -0.39227071 -0.39219657
vn -0.83204901 -0.39227071 -0.39219657
vn -0.83204901 -0.39227071 -0.39219657
vn 0.83204901 -0.39217204 -0.39229527
vn -0.90456545 -0.30149883 -0.30142966
vn -0.83204901 -0.39227071 -0.39219657
vn -0.83204901 -0.39227071 -0.39219657
vn 1.00000000 -0.00001526 0.00000000
vn 1.00000000 -0.00001526 0.00000000
vn 1.00000000 -0.00001526 0.00000000
vn 1.00000000 -0.00001526 0.00000000
vn 1.00000000 -0.00001526 0.00000000
vn 1.00000000 -0.00001526 0.00000000
vn 1.00000000 -0.00001526 0.00000000
vn 1.00000000 -0.00001526 0.00000000
vn 1.00000000 -0.00001526 0.00000000
vn 1.00000000 -0.00001526 0.00000000
vn 1.00000000 -0.00001526 0.00000000
vn 1.00000000 -0.00001526 0.00000000
vn 1.00000000 -0.00001526 0.00000000
vn 1.00000000 -0.00001526 0.00000000
vn 1.00000000 -0.00001526 0.00000000
vn 0.00000000 -0.00001550 -1.00000000
vn 0.00000000 -0.00001550 -1.00000000
vn 0.00000000 -0.00001550 -1.00000000
vn 0.00000000 -0.00001550 -1.00000000
vn 0.00000000 -0.00001550 -1.00000000
vn 0.00000000 -0.00001550 -1.00000000
vn 0.00000000 -1.00000000 0.00000024
vn 0.00000000 -1.00000000 0.00000024
vn 0.00000000 -1.00000000 0.00000024
vn 0.00000000 -1.00000000 0.00000024
vn 0.00000000 -1.00000000 0.00000024
vn 0.00000000 -1.00000000 0.00000024
vn 0.93594134 0.26942530 0.22676831
vn 1.00000000 0.00001526 0.00001526
vn 1.00000000 -0.00001526 0.00000000
vn 0.93603289 0.26928881 -0.22655225
vn 1.00000000 0.00001526 0.00001526
vn 1.00000000 0.00001526 0.00001526
vn 0.82838774 0.32507214 -0.45618182
vn 0.63764334 0.62005931 -0.45709679
vn 0.60129255 0.38677844 -0.69917792
vn 0.83833241 0.54317838 0.04643224
vn 0.63764334 0.62005931 -0.45709679
vn 0.82838774 0.32507214 -0.45618182
vn 0.82838774 0.32507214 -0.45618182
vn 0.83843201 0.54312706 0.04521871
vn 0.83833241 0.54317838 0.04643224
vn 0.27430907 0.65266484 -0.70624578
vn 0.60129255 0.38677844 -0.69917792
vn 0.63764334 0.62005931 -0.45709679
vn 0.63764334 0.62005931 -0.45709679
vn 0.27761707 0.65076679 -0.70670462
vn 0.27430907 0.65266484 -0.70624578
vn 0.83833241 0.54317838 0.04643224
vn 0.83843201 0.54312706 0.04521871
vn 0.81546134 0.55155736 0.17551997
vn 0.81546134 0.55155736 0.17551997
vn 0.81296581 0.55224919 0.18468207
vn 0.83833241 0.54317838 0.04643224
vn 0.81296581 0.55224919 0.18468207
vn 0.81546134 0.55155736 0.17551997
vn 0.74913681 0.56881392 0.33947730
vn 0.74913681 0.56881392 0.33947730
vn 0.74000424 0.57116836 0.35519069
vn 0.81296581 0.55224919 0.18468207
vn 0.24794279 0.66268563 -0.70666271
vn 0.27430907 0.65266484 -0.70624578
vn 0.27761707 0.65076679 -0.70670462
vn 0.27761707 0.65076679 -0.70670462
vn 0.24297060 0.66354489 -0.70758283
vn 0.24794279 0.66268563 -0.70666271
vn 0.24297060 0.66354489 -0.70758283
vn 0.23057200 0.66554409 -0.70985043
vn 0.23057200 0.66554409 -0.70985043
vn 0.23057200 0.66554409 -0.70985043
vn 0.24794279 0.66268563 -0.70666271
vn 0.24297060 0.66354489 -0.70758283
vn 0.74000424 0.57116836 0.35519069
vn 0.74913681 0.56881392 0.33947730
vn 0.64242423 0.59596491 0.48178515
vn 0.64242423 0.59596491 0.48178515
vn 0.62413788 0.60056084 0.49977848
vn 0.74000424 0.57116836 0.35519069
vn 0.62413788 0.60056084 0.49977848
vn 0.64242423 0.59596491 0.48178515
vn 0.49922714 0.63118303 0.59361631
vn 0.49922714 0.63118303 0.59361631
vn 0.47111771 0.63797146 0.60913098
vn 0.62413788 0.60056084 0.49977848
vn 0.47111771 0.63797146 0.60913098
vn 0.49922714 0.63118303 0.59361631
vn 0.34481543 0.66725248 0.66020936
vn 0.34481543 0.66725248 0.66020936
vn 0.32638353 0.67192745 0.66482127
vn 0.47111771 0.63797146 0.60913098
vn 0.32638353 0.67192745 0.66482127
vn 0.34481543 0.66725248 0.66020936
vn 0.25672576 0.68728614 0.67950690
vn 0.25672576 0.68728614 0.67950690
vn 0.25244227 0.68817550 0.68021131
vn 0.32638353 0.67192745 0.66482127
vn 0.23932150 0.69080198 0.68228865
vn 0.23932150 0.69080198 0.68228865
vn 0.25244227 0.68817550 0.68021131
vn 0.25244227 0.68817550 0.68021131
vn 0.25672576 0.68728614 0.67950690
vn 0.23932150 0.69080198 0.68228865
vn 0.46058643 -0.46050969 -0.75880891
vn 0.46059701 -0.75874960 -0.46059680
vn 0.75880903 -0.46050960 -0.46058628
vn 0.46058643 -0.46050969 -0.75880891
vn 0.75880903 -0.46050960 -0.46058628
vn 0.82838774 0.32507214 -0.45618182
vn 0.82838774 0.32507214 -0.45618182
vn 0.60129255 0.38677844 -0.69917792
vn 0.46058643 -0.46050969 -0.75880891
vn 0.75880903 -0.46050960 -0.46058628
vn 0.46059701 -0.75874960 -0.46059680
vn 0.63210857 -0.70507324 -0.32141954
vn 0.63210857 -0.70507324 -0.32141954
vn 0.85070771 -0.37164655 -0.37171933
vn 0.75880903 -0.46050960 -0.46058628
vn 0.85070771 -0.37164655 -0.37171933
vn 0.63210857 -0.70507324 -0.32141954
vn 0.63209015 -0.32133460 -0.70512849
vn 0.75880903 -0.46050960 -0.46058628
vn 0.85070771 -0.37164655 -0.37171933
vn 0.63209015 -0.32133460 -0.70512849
vn 0.63209015 -0.32133460 -0.70512849
vn 0.46053952 -0.47594756 -0.74925113
vn 0.75880903 -0.46050960 -0.46058628
vn 0.46053952 -0.47594756 -0.74925113
vn 0.45565620 -0.76991498 -0.44677550
vn 0.75880903 -0.46050960 -0.46058628
vn 0.75880903 -0.46050960 -0.46058628
vn 0.45565620 -0.76991498 -0.44677550
vn 0.68792498 -0.72211528 0.07286106
vn 0.68792498 -0.72211528 0.07286106
vn 0.68811935 -0.72198242 0.07234088
vn 0.75880903 -0.46050960 -0.46058628
vn 0.64140320 -0.73255384 0.22796227
vn 0.68811935 -0.72198242 0.07234088
vn 0.68792498 -0.72211528 0.07286106
vn 0.68792498 -0.72211528 0.07286106
vn 0.63223433 -0.73125565 0.25601745
vn 0.64140320 -0.73255384 0.22796227
vn 0.54321253 -0.72150010 0.42936900
vn 0.64140320 -0.73255384 0.22796227
vn 0.63223433 -0.73125565 0.25601745
vn 0.63223433 -0.73125565 0.25601745
vn 0.53820193 -0.72090560 0.43661636
vn 0.54321253 -0.72150010 0.42936900
vn 0.37507612 -0.71351117 0.59179366
vn 0.54321253 -0.72150010 0.42936900
vn 0.53820193 -0.72090560 0.43661636
vn 0.53820193 -0.72090560 0.43661636
vn 0.37518933 -0.71348011 0.59175926
vn 0.37507612 -0.71351117 0.59179366
vn 0.18841055 -0.70987189 0.67866290
vn 0.37507612 -0.71351117 0.59179366
vn 0.37518933 -0.71348011 0.59175926
vn 0.37518933 -0.71348011 0.59175926
vn 0.18841055 -0.70987189 0.67866290
vn 0.18841055 -0.70987189 0.67866290
vn 0.31526637 -0.72646898 0.61061442
vn 0.18841055 -0.70987189 0.67866290
vn 0.18841055 -0.70987189 0.67866290
vn 0.18841055 -0.70987189 0.67866290
vn 0.31526637 -0.72646898 0.61061442
vn 0.31526637 -0.72646898 0.61061442
vn 0.37171948 -0.37164670 -0.85070753
vn 0.59057599 -0.10476580 -0.80015260
vn 0.10478959 -0.59055990 -0.80016136
vn 0.59057599 -0.10476580 -0.80015260
vn 0.37171948 -0.37164670 -0.85070753
vn 0.46058643 -0.46050969 -0.75880891
vn 0.46058643 -0.46050969 -0.75880891
vn 0.77091336 -0.43007278 -0.46981904
vn 0.59057599 -0.10476580 -0.80015260
vn 0.77091336 -0.43007278 -0.46981904
vn 0.46058643 -0.46050969 -0.75880891
vn 0.47823948 -0.73426771 -0.48180699
vn 0.74449795 -0.57831514 -0.33357817
vn 0.77091336 -0.43007278 -0.46981904
vn 0.47823948 -0.73426771 -0.48180699
vn 0.47823948 -0.73426771 -0.48180699
vn 0.34360421 -0.83898312 -0.42195201
vn 0.74449795 -0.57831514 -0.33357817
vn 0.74449795 -0.57831514 -0.33357817
vn 0.34360421 -0.83898312 -0.42195201
vn 0.33436644 -0.65186954 -0.68063593
vn 0.74449795 -0.57831514 -0.33357817
vn 0.33436644 -0.65186954 -0.68063593
vn 0.46058643 -0.46050969 -0.75880891
vn 0.46058643 -0.46050969 -0.75880891
vn 0.75880903 -0.46050960 -0.46058628
vn 0.74449795 -0.57831514 -0.33357817
vn 0.45565620 -0.76991498 -0.44677550
vn 0.46053952 -0.47594756 -0.74925113
vn 0.33436644 -0.65186954 -0.68063593
vn 0.33436644 -0.65186954 -0.68063593
vn 0.34360421 -0.83898312 -0.42195201
vn 0.45565620 -0.76991498 -0.44677550
vn 0.46059701 -0.75874960 -0.46059680
vn 0.46058643 -0.46050969 -0.75880891
vn 0.63209015 -0.32133460 -0.70512849
vn 0.63209015 -0.32133460 -0.70512849
vn 0.63210857 -0.70507324 -0.32141954
vn 0.46059701 -0.75874960 -0.46059680
vn 0.75880903 -0.46050960 -0.46058628
vn 0.46058643 -0.46050969 -0.75880891
vn 0.46059701 -0.75874960 -0.46059680
vn 0.75880903 -0.46050960 -0.46058628
vn 0.46059701 -0.75874960 -0.46059680
vn 0.70711762 -0.70709598 0.00000017
vn 0.70711762 -0.70709598 0.00000017
vn 0.70711762 -0.70709598 0.00000017
vn 0.75880903 -0.46050960 -0.46058628
vn 0.10858465 0.69691551 0.70888519
vn 0.16188149 0.68352377 0.71175110
vn 0.14822885 0.68672401 0.71164483
vn 0.18590042 0.67758143 0.71156478
vn 0.14822885 0.68672401 0.71164483
vn 0.16188149 0.68352377 0.71175110
vn 0.16188149 0.68352377 0.71175110
vn 0.18590042 0.67758143 0.71156478
vn 0.18590042 0.67758143 0.71156478
vn 0.14822885 0.68672401 0.71164483
vn 0.10529471 0.69789755 0.70841521
vn 0.10858465 0.69691551 0.70888519
vn 0.06086642 0.70687354 0.70471627
vn 0.10858465 0.69691551 0.70888519
vn 0.10529471 0.69789755 0.70841521
vn 0.10529471 0.69789755 0.70841521
vn 0.05732463 0.70737743 0.70450765
vn 0.06086642 0.70687354 0.70471627
vn -0.00002158 0.71132386 0.70286441
vn 0.06086642 0.70687354 0.70471627
vn 0.05732463 0.70737743 0.70450765
vn 0.05732463 0.70737743 0.70450765
vn -0.00002158 0.71132386 0.70286441
vn -0.00002158 0.71132386 0.70286441
vn -0.00002158 0.71132386 0.70286441
vn -0.00002158 0.71132386 0.70286441
vn -0.05737114 0.70735329 0.70452815
vn -0.05737114 0.70735329 0.70452815
vn -0.06091322 0.70684910 0.70473683
vn -0.00002158 0.71132386 0.70286441
vn -0.06091322 0.70684910 0.70473683
vn -0.05737114 0.70735329 0.70452815
vn -0.10534373 0.69787049 0.70843452
vn -0.10534373 0.69787049 0.70843452
vn -0.10863382 0.69688827 0.70890439
vn -0.06091322 0.70684910 0.70473683
vn -0.10863382 0.69688827 0.70890439
vn -0.10534373 0.69787049 0.70843452
vn -0.14827991 0.68669420 0.71166295
vn -0.14827991 0.68669420 0.71166295
vn -0.16193312 0.68349308 0.71176881
vn -0.10863382 0.69688827 0.70890439
vn -0.16193312 0.68349308 0.71176881
vn -0.14827991 0.68669420 0.71166295
vn -0.18595290 0.67754942 0.71158159
vn -0.18595290 0.67754942 0.71158159
vn -0.18595290 0.67754942 0.71158159
vn -0.16193312 0.68349308 0.71176881
vn 0.10721019 0.69902509 -0.70701480
vn 0.10686632 0.69902879 -0.70706314
vn 0.06348585 0.70644492 -0.70491493
vn 0.15383101 0.69752920 -0.69984931
vn 0.10686632 0.69902879 -0.70706314
vn 0.10721019 0.69902509 -0.70701480
vn 0.06348585 0.70644492 -0.70491493
vn 0.05435351 0.70834011 -0.70377547
vn 0.10721019 0.69902509 -0.70701480
vn 0.10721019 0.69902509 -0.70701480
vn 0.16750523 0.69744962 -0.69678259
vn 0.15383101 0.69752920 -0.69984931
vn 0.19688933 0.69688016 -0.68963224
vn 0.15383101 0.69752920 -0.69984931
vn 0.16750523 0.69744962 -0.69678259
vn 0.16750523 0.69744962 -0.69678259
vn 0.19688933 0.69688016 -0.68963224
vn 0.19688933 0.69688016 -0.68963224
vn 0.05435351 0.70834011 -0.70377547
vn 0.06348585 0.70644492 -0.70491493
vn -0.00002158 0.71376449 -0.70038575
vn -0.00002158 0.71376449 -0.70038575
vn -0.00002158 0.71376449 -0.70038575
vn 0.05435351 0.70834011 -0.70377547
vn -0.05439975 0.70831621 -0.70379603
vn -0.00002158 0.71376449 -0.70038575
vn -0.00002158 0.71376449 -0.70038575
vn -0.00002158 0.71376449 -0.70038575
vn -0.06353262 0.70642042 -0.70493525
vn -0.05439975 0.70831621 -0.70379603
vn -0.10725930 0.69899803 -0.70703411
vn -0.05439975 0.70831621 -0.70379603
vn -0.06353262 0.70642042 -0.70493525
vn -0.06353262 0.70642042 -0.70493525
vn -0.10691541 0.69900173 -0.70708257
vn -0.10725930 0.69899803 -0.70703411
vn -0.10725930 0.69899803 -0.70703411
vn -0.10691541 0.69900173 -0.70708257
vn -0.15388221 0.69749981 -0.69986731
vn -0.15388221 0.69749981 -0.69986731
vn -0.16755705 0.69741958 -0.69680023
vn -0.10725930 0.69899803 -0.70703411
vn -0.16755705 0.69741958 -0.69680023
vn -0.15388221 0.69749981 -0.69986731
vn -0.19694243 0.69684869 -0.68964893
vn -0.19694243 0.69684869 -0.68964893
vn -0.19694243 0.69684869 -0.68964893
vn -0.16755705 0.69741958 -0.69680023
vn 0.46058643 -0.46050969 -0.75880891
vn 0.37171948 -0.37164670 -0.85070753
vn 0.10478959 -0.59055990 -0.80016136
vn 0.10478959 -0.59055990 -0.80016136
vn 0.46059701 -0.75874960 -0.46059680
vn 0.46058643 -0.46050969 -0.75880891
vn -0.83204901 -0.39227071 -0.39219657
vn -0.83204901 -0.39222139 -0.39224589
vn 0.47823948 -0.73426771 -0.48180699
vn 0.47823948 -0.73426771 -0.48180699
vn 0.46058643 -0.46050969 -0.75880891
vn -0.83204901 -0.39227071 -0.39219657
vn 0.13050725 0.99144733 0.00001688
vn -0.00001526 1.00000000 0.00001502
vn -0.00001526 1.00000000 0.00001502
vn -0.00001526 1.00000000 0.00001502
vn 0.13050725 0.99144733 0.00001688
vn 0.13050725 0.99144733 0.00001688
vn 0.49999741 0.86602688 0.00002064
vn 0.13050725 0.99144733 0.00001688
vn 0.13050725 0.99144733 0.00001688
vn 0.13050725 0.99144733 0.00001688
vn 0.49999741 0.86602688 0.00002064
vn 0.49999741 0.86602688 0.00002064
vn 0.49999741 0.86602688 0.00002064
vn 0.49999741 0.86602688 0.00002064
vn 0.86602694 0.49999729 0.00002072
vn 0.86602694 0.49999729 0.00002072
vn 0.86602694 0.49999729 0.00002072
vn 0.49999741 0.86602688 0.00002064
vn 0.86602694 0.49999729 0.00002072
vn 0.86602694 0.49999729 0.00002072
vn 0.99144232 0.13054532 0.00001709
vn 0.99144232 0.13054532 0.00001709
vn 0.99144232 0.13054532 0.00001709
vn 0.86602694 0.49999729 0.00002072
vn 0.99218005 -0.12481502 0.00000003
vn 0.99144232 0.13054532 0.00001709
vn 0.99144232 0.13054532 0.00001709
vn 0.99144232 0.13054532 0.00001709
vn 0.99218005 -0.12481502 0.00000003
vn 0.99218005 -0.12481502 0.00000003
vn 0.99218005 -0.12481502 0.00000003
vn 0.99218005 -0.12481502 0.00000003
vn 0.88578838 -0.46408933 0.00000011
vn 0.88578838 -0.46408933 0.00000011
vn 0.88578838 -0.46408933 0.00000011
vn 0.99218005 -0.12481502 0.00000003
vn 0.88578838 -0.46408933 0.00000011
vn 0.88578838 -0.46408933 0.00000011
vn 0.58393669 -0.81179917 0.00000019
vn 0.58393669 -0.81179917 0.00000019
vn 0.58393669 -0.81179917 0.00000019
vn 0.88578838 -0.46408933 0.00000011
vn 0.58393669 -0.81179917 0.00000019
vn 0.58393669 -0.81179917 0.00000019
vn 0.32876027 -0.94441342 0.00003908
vn 0.32876027 -0.94441342 0.00003908
vn 0.32876027 -0.94441342 0.00003908
vn 0.58393669 -0.81179917 0.00000019
vn 0.20105767 -0.97957939 0.00003626
vn 0.32876027 -0.94441342 0.00003908
vn 0.32876027 -0.94441342 0.00003908
vn 0.32876027 -0.94441342 0.00003908
vn 0.20105767 -0.97957939 0.00003626
vn 0.20105767 -0.97957939 0.00003626
vn 0.08508706 -0.99637353 0.00003324
vn 0.20105767 -0.97957939 0.00003626
vn 0.20105767 -0.97957939 0.00003626
vn 0.20105767 -0.97957939 0.00003626
vn 0.08508706 -0.99637353 0.00003324
vn 0.08508706 -0.99637353 0.00003324
vn 0.00000000 -1.00000000 0.00003076
vn 0.08508706 -0.99637353 0.00003324
vn 0.08508706 -0.99637353 0.00003324
vn 0.08508706 -0.99637353 0.00003324
vn 0.00000000 -1.00000000 0.00003076
vn 0.00000000 -1.00000000 0.00003076
vn -1.00000000 -0.00001526 0.00000000
vn -1.00000000 -0.00001526 0.00000000
vn -0.93595773 0.26937377 0.22676173
vn -0.93595773 0.26937377 0.22676173
vn -0.93604934 0.26923725 -0.22654563
vn -1.00000000 -0.00001526 0.00000000
vn -0.34719875 0.93779159 0.00001938
vn -0.38891399 0.92127407 0.00001977
vn -0.39007258 0.92078412 0.00001978
vn -0.39007258 0.92078412 0.00001978
vn -0.34719875 0.93779159 0.00001938
vn -0.34719875 0.93779159 0.00001938
vn -0.34719875 0.93779159 0.00001938
vn -0.34719875 0.93779159 0.00001938
vn -0.32742330 0.94487774 0.00001919
vn -0.32742330 0.94487774 0.00001919
vn -0.32742330 0.94487774 0.00001919
vn -0.34719875 0.93779159 0.00001938
vn -0.41301453 0.91072446 0.00001998
vn -0.39007258 0.92078412 0.00001978
vn -0.38891399 0.92127407 0.00001977
vn -0.41301453 0.91072446 0.00001998
vn -0.41301453 0.91072446 0.00001998
vn -0.39007258 0.92078412 0.00001978
vn -0.41301453 0.91072446 0.00001998
vn -0.38891399 0.92127407 0.00001977
vn -0.41301453 0.91072446 0.00001998
vn -0.41301453 0.91072446 0.00001998
vn -0.41301453 0.91072446 0.00001998
vn -0.41301453 0.91072446 0.00001998
vn -0.41301453 0.91072446 0.00001998
vn -0.41301453 0.91072446 0.00001998
vn -0.41301453 0.91072446 0.00001998
vn -0.41301453 0.91072446 0.00001998
vn -0.41301453 0.91072446 0.00001998
vn -0.41301453 0.91072446 0.00001998
vn -1.00000000 -0.00001526 0.00000000
vn -1.00000000 -0.00001526 0.00000000
vn -1.00000000 -0.00001526 0.00000000
vn -1.00000000 -0.00001526 0.00000000
vn -1.00000000 -0.00001526 0.00000000
vn -1.00000000 -0.00001526 0.00000000
vn 0.86926395 0.30726910 -0.38725436
vn 0.86946905 0.30696839 0.38703227
vn 1.00000000 -0.00001526 0.00000000
vn 1.00000000 -0.00001526 0.00000000
vn 1.00000000 0.00001526 0.00001526
vn 0.86926395 0.30726910 -0.38725436
vn 1.00000000 0.00001526 0.00001526
vn 0.86926395 0.30726910 -0.38725436
vn 1.00000000 0.00001526 0.00001526
vn 1.00000000 -0.00001526 0.00000000
vn 0.86946905 0.30696839 0.38703227
vn 1.00000000 -0.00001526 0.00000000
vn 0.00000000 -0.00001502 1.00000000
vn 0.00000000 -0.00001502 1.00000000
vn 0.00000000 -0.00001502 1.00000000
vn 0.00000000 -0.00001502 1.00000000
vn 0.00000000 -0.00001502 1.00000000
vn -0.04081729 -0.00004737 0.99916661
vn 0.00000000 -0.00001502 1.00000000
vn -0.04081729 -0.00004737 0.99916661
vn 0.00000000 -0.00001502 1.00000000
vn -0.04081729 -0.00004737 0.99916661
vn -0.05922145 -0.00004817 0.99824488
vn 0.00000000 -0.00001502 1.00000000
vn -0.05922145 -0.00004817 0.99824488
vn -0.04081729 -0.00004737 0.99916661
vn -0.27766994 -0.00005639 0.96067655
vn -0.27766994 -0.00005639 0.96067655
vn -0.27478594 -0.00001864 0.96150541
vn -0.05922145 -0.00004817 0.99824488
vn -0.56618303 -0.00006346 0.82427955
vn -0.27478594 -0.00001864 0.96150541
vn -0.27766994 -0.00005639 0.96067655
vn -0.27766994 -0.00005639 0.96067655
vn -0.57402998 -0.00002106 0.81883430
vn -0.56618303 -0.00006346 0.82427955
vn -0.79894227 -0.00006396 0.60140771
vn -0.56618303 -0.00006346 0.82427955
vn -0.57402998 -0.00002106 0.81883430
vn -0.57402998 -0.00002106 0.81883430
vn -0.80431718 -0.00002120 0.59420025
vn -0.79894227 -0.00006396 0.60140771
vn -0.94850940 -0.00001923 0.31674895
vn -0.79894227 -0.00006396 0.60140771
vn -0.80431718 -0.00002120 0.59420025
vn -0.80431718 -0.00002120 0.59420025
vn -0.95082694 -0.00001916 0.30972275
vn -0.94850940 -0.00001923 0.31674895
vn -0.99688864 -0.00001640 0.07882269
vn -0.94850940 -0.00001923 0.31674895
vn -0.95082694 -0.00001916 0.30972275
vn -0.95082694 -0.00001916 0.30972275
vn -0.99625099 -0.00001650 0.08650979
vn -0.99688864 -0.00001640 0.07882269
vn -1.00000000 -0.00001526 0.00000000
vn -0.99688864 -0.00001640 0.07882269
vn -0.99625099 -0.00001650 0.08650979
vn -0.99625099 -0.00001650 0.08650979
vn -1.00000000 -0.00001526 0.00000000
vn -1.00000000 -0.00001526 0.00000000
vn -1.00000000 -0.00001526 0.00000000
vn -1.00000000 -0.00001526 0.00000000
vn -1.00000000 -0.00001526 0.00000000
vn -1.00000000 -0.00001526 0.00000000
vn -0.99625099 -0.00001650 0.08650979
vn -0.99519122 -0.00005002 0.09795110
vn -0.99519122 -0.00005002 0.09795110
vn -1.00000000 -0.00001526 0.00000000
vn -1.00000000 -0.00001526 0.00000000
vn -0.99519122 -0.00005002 0.09795110
vn -0.99625099 -0.00001650 0.08650979
vn -0.94222510 -0.00001941 0.33498040
vn -0.94222510 -0.00001941 0.33498040
vn -0.93767303 -0.00005875 0.34751868
vn -0.99519122 -0.00005002 0.09795110
vn -0.93767303 -0.00005875 0.34751868
vn -0.94222510 -0.00001941 0.33498040
vn -0.79663169 -0.00006400 0.60446501
vn -0.79663169 -0.00006400 0.60446501
vn -0.78038311 -0.00002130 0.62530172
vn -0.93767303 -0.00005875 0.34751868
vn -0.78038311 -0.00002130 0.62530172
vn -0.79663169 -0.00006400 0.60446501
vn -0.56773889 -0.00006348 0.82320869
vn -0.56773889 -0.00006348 0.82320869
vn -0.53489584 -0.00006296 0.84491801
vn -0.78038311 -0.00002130 0.62530172
vn -0.53489584 -0.00006296 0.84491801
vn -0.56773889 -0.00006348 0.82320869
vn -0.30651015 -0.00005738 0.95186740
vn -0.30651015 -0.00005738 0.95186740
vn -0.26755282 -0.00005613 0.96354318
vn -0.53489584 -0.00006296 0.84491801
vn -0.26755282 -0.00005613 0.96354318
vn -0.30651015 -0.00005738 0.95186740
vn -0.14577526 -0.00005173 0.98931772
vn -0.14577526 -0.00005173 0.98931772
vn -0.14577526 -0.00005173 0.98931772
vn -0.26755282 -0.00005613 0.96354318
vn 0.86946905 0.30696839 0.38703227
vn 0.90458632 -0.30149022 0.30137557
vn 0.83198643 -0.39233696 0.39226308
vn 0.83198643 -0.39233696 0.39226308
vn 1.00000000 -0.00001526 0.00000000
vn 0.86946905 0.30696839 0.38703227
vn 0.83198643 -0.39233696 0.39226308
vn 0.90458632 -0.30149022 0.30137557
vn 0.83208025 -0.39226204 0.39213887
vn 0.83198643 -0.39233696 0.39226308
vn 0.83208025 -0.39226204 0.39213887
vn -0.26575902 -0.73612899 0.62248397
vn -0.26575902 -0.73612899 0.62248397
vn -0.26575902 -0.73612899 0.62248397
vn 0.83198643 -0.39233696 0.39226308
vn -0.31526455 -0.72651517 0.61056042
vn -0.26575902 -0.73612899 0.62248397
vn -0.26575902 -0.73612899 0.62248397
vn -0.26575902 -0.73612899 0.62248397
vn -0.31526455 -0.72651517 0.61056042
vn -0.31526455 -0.72651517 0.61056042
vn 0.00000000 -1.00000000 0.00000024
vn 0.00000000 -1.00000000 0.00000024
vn 0.00000000 -1.00000000 0.00000024
vn 0.00000000 -1.00000000 0.00000024
vn 0.00000000 -1.00000000 0.00000024
vn -0.00003052 -1.00000000 0.00000024
vn 0.00000000 -1.00000000 0.00000024
vn 0.00000000 -1.00000000 0.00000024
vn 0.00000000 -1.00000000 0.00000024
vn 0.00000000 -1.00000000 0.00000024
vn 0.00000000 -1.00000000 0.00000024
vn 0.00000000 -1.00000000 0.00000024
vn 0.00000000 -1.00000000 0.00000024
vn 0.00000000 -1.00000000 0.00000024
vn 0.00000000 -1.00000000 0.00000024
vn 0.00000000 -1.00000000 0.00000024
vn 0.00000000 -1.00000000 0.00000024
vn 0.00000000 -1.00000000 0.00000024
vn 0.00000000 -1.00000000 0.00000024
vn 0.00000000 -1.00000000 0.00000024
vn 0.00000000 -1.00000000 0.00000024
vn 0.00000000 -1.00000000 0.00000024
vn 0.00003052 -1.00000000 -0.00003028
vn 0.00000000 -1.00000000 0.00000024
vn 0.00000000 -1.00000000 0.00000024
vn 0.00000000 -1.00000000 0.00000024
vn 0.00000000 -1.00000000 0.00000024
vn 0.00000000 -1.00000000 0.00000024
vn 0.00000000 -1.00000000 0.00000024
vn 0.00000000 -1.00000000 0.00000024
vn 0.00000000 -1.00000000 0.00000024
vn 0.00000000 -1.00000000 -0.00003028
vn 0.00000000 -1.00000000 0.00000024
vn 0.00000000 -1.00000000 0.00000024
vn 0.00000000 -1.00000000 0.00000024
vn 0.00000000 -1.00000000 0.00000024
vn 0.00000000 -1.00000000 0.00000024
vn 0.00000000 -1.00000000 0.00000024
vn 0.00000000 -1.00000000 0.00000024
vn 0.00000000 -1.00000000 0.00000024
vn 0.00000000 -1.00000000 0.00000024
vn 0.00000000 -1.00000000 0.00000024
vn 0.00000000 -1.00000000 0.00000024
vn 0.00000000 -1.00000000 0.00000024
vn 0.00000000 -1.00000000 -0.00003028
vn 0.00000000 -1.00000000 -0.00003028
vn 0.00000000 -1.00000000 0.00000024
vn 0.00000000 -1.00000000 0.00000024
vn 0.00000000 -1.00000000 0.00000024
vn 0.00000000 -1.00000000 -0.00003028
vn 0.00000000 -1.00000000 0.00000024
vn 0.00000000 -1.00000000 0.00000024
vn 0.00000000 -1.00000000 0.00000024
vn 0.00000000 -1.00000000 0.00000024
vn 0.00000000 -0.00001550 -1.00000000
vn 0.00000000 -0.00001550 -1.00000000
vn 0.00000000 -0.00001550 -1.00000000
vn 0.00000000 -0.00001550 -1.00000000
vn 0.00000000 -0.00001550 -1.00000000
vn 0.00000000 -0.00001550 -1.00000000
vn -0.44764864 -0.48658890 0.75022793
vn -0.47717831 -0.48916319 0.73008239
vn -0.56508011 -0.28417519 0.77455080
vn -0.56508011 -0.28417519 0.77455080
vn -0.60220885 -0.22899418 0.76479161
vn -0.44764864 -0.48658890 0.75022793
vn -0.47717831 -0.48916319 0.73008239
vn -0.44764864 -0.48658890 0.75022793
vn -0.58448058 -0.49452183 0.64329672
vn -0.58448058 -0.49452183 0.64329672
vn -0.63086104 -0.49426016 0.59809798
vn -0.47717831 -0.48916319 0.73008239
vn -0.60220885 -0.22899418 0.76479161
vn -0.56508011 -0.28417519 0.77455080
vn -0.72219568 -0.00002141 0.69168878
vn -0.72219568 -0.00002141 0.69168878
vn -0.72219568 -0.00002141 0.69168878
vn -0.60220885 -0.22899418 0.76479161
vn -0.63086104 -0.49426016 0.59809798
vn -0.58448058 -0.49452183 0.64329672
vn -0.73455501 -0.49594852 0.46310261
vn -0.73455501 -0.49594852 0.46310261
vn -0.76022059 -0.49731106 0.41802683
vn -0.63086104 -0.49426016 0.59809798
vn -0.76022059 -0.49731106 0.41802683
vn -0.73455501 -0.49594852 0.46310261
vn -0.80713248 -0.52305245 0.27377608
vn -0.80713248 -0.52305245 0.27377608
vn -0.81132174 -0.55221796 0.19186552
vn -0.76022059 -0.49731106 0.41802683
vn -0.81132174 -0.55221796 0.19186552
vn -0.80713248 -0.52305245 0.27377608
vn -0.81031716 -0.57224995 0.12615891
vn 0.90450269 -0.30147785 -0.30163890
vn 1.00000000 0.00001526 0.00001526
vn 0.83208025 -0.39226204 0.39213887
vn 0.83208025 -0.39226204 0.39213887
vn 0.90458632 -0.30149022 0.30137557
vn 0.90450269 -0.30147785 -0.30163890
vn 1.00000000 0.00001526 0.00001526
vn 1.00000000 0.00001526 0.00001526
vn 1.00000000 0.00001526 0.00001526
vn 1.00000000 0.00001526 0.00001526
vn 1.00000000 0.00001526 0.00001526
vn 1.00000000 0.00001526 0.00001526
vn -0.93595773 0.26937377 0.22676173
vn 0.86946905 0.30696839 0.38703227
vn 0.86926395 0.30726910 -0.38725436
vn 0.86926395 0.30726910 -0.38725436
vn -0.93604934 0.26923725 -0.22654563
vn -0.93595773 0.26937377 0.22676173
vn 0.86946905 0.30696839 0.38703227
vn -0.93595773 0.26937377 0.22676173
vn -0.90454453 -0.30159906 0.30139217
vn -0.77555120 -0.17004015 -0.60795283
vn -0.93604934 0.26923725 -0.22654563
vn 0.86926395 0.30726910 -0.38725436
vn 0.86926395 0.30726910 -0.38725436
vn 0.77553511 -0.16998920 -0.60798758
vn -0.77555120 -0.17004015 -0.60795283
vn 0.77553511 -0.16998920 -0.60798758
vn -0.00004265 -0.80738229 -0.59002864
vn -0.77555120 -0.17004015 -0.60795283
vn -0.90454453 -0.30159906 0.30139217
vn 0.90458632 -0.30149022 0.30137557
vn 0.86946905 0.30696839 0.38703227
vn 0.90450269 -0.30147785 -0.30163890
vn 0.90458632 -0.30149022 0.30137557
vn -0.90454453 -0.30159906 0.30139217
vn -0.90454453 -0.30159906 0.30139217
vn -0.90452361 -0.30146956 -0.30158442
vn 0.90450269 -0.30147785 -0.30163890
vn 0.00000000 -0.00001550 -1.00000000
vn 0.00000000 -0.00001550 -1.00000000
vn 0.00000000 -0.00001550 -1.00000000
vn 0.00000000 -0.00001550 -1.00000000
vn 0.00000000 -0.00001550 -1.00000000
vn 0.00000000 -0.00001550 -1.00000000
vn 0.00000000 -0.00001550 -1.00000000
vn 0.00000000 -0.00001550 -1.00000000
vn 0.00000000 -0.00001550 -1.00000000
vn 0.00000000 -0.00001550 -1.00000000
vn 0.00000000 -0.00001550 -1.00000000
vn 0.00000000 -0.00001550 -1.00000000
vn 0.00000000 -0.00001550 -1.00000000
vn 0.00000000 -0.00001550 -1.00000000
vn -0.00001526 0.00001502 -1.00000000
vn 0.00000000 -0.00001550 -1.00000000
vn 0.00000000 -0.00001550 -1.00000000
vn -0.00001526 0.00001502 -1.00000000
vn -0.00001526 0.00001502 -1.00000000
vn 0.00000000 -0.00001550 -1.00000000
vn -0.00001526 0.00001502 -1.00000000
vn 0.00000000 -0.00001550 -1.00000000
vn -0.00001526 0.00001502 -1.00000000
vn 0.00000000 -0.00001550 -1.00000000
vn -0.00001526 0.00001502 -1.00000000
vn -0.00001526 0.00001502 -1.00000000
vn -0.00001526 0.00001502 -1.00000000
vn 0.00000000 -0.00001550 -1.00000000
vn -0.00001526 0.00001502 -1.00000000
vn -0.00001526 0.00001502 -1.00000000
vn -0.00001526 0.00001502 -1.00000000
vn -0.00001526 0.00001502 -1.00000000
vn -0.00001526 0.00001502 -1.00000000
vn -0.00001526 0.00001502 -1.00000000
vn -0.00001526 0.00001502 -1.00000000
vn -0.00001526 0.00001502 -1.00000000
vn -0.00001526 0.00001502 -1.00000000
vn -0.00001526 0.00001502 -1.00000000
vn -0.00001526 0.00001502 -1.00000000
vn -0.00001526 0.00001502 -1.00000000
vn -0.00001526 0.00001502 -1.00000000
vn -0.00001526 0.00001502 -1.00000000
vn -0.00001526 0.00001502 -1.00000000
vn -0.00001526 0.00001502 -1.00000000
vn -0.00001526 0.00001502 -1.00000000
vn -0.00001526 0.00001502 -1.00000000
vn -0.00001526 0.00001502 -1.00000000
vn -0.00001526 0.00001502 -1.00000000
vn -0.00001526 0.00001502 -1.00000000
vn -0.00001526 0.00001502 -1.00000000
vn -0.00001526 0.00001502 -1.00000000
vn -0.00001526 0.00001502 -1.00000000
vn -0.00001526 0.00001502 -1.00000000
vn -0.00001526 0.00001502 -1.00000000
vn -0.00001526 0.00001502 -1.00000000
vn -0.00001526 0.00001502 -1.00000000
vn -0.00001526 0.00001502 -1.00000000
vn -0.00001526 0.00001502 -1.00000000
vn -0.00001526 0.00001502 -1.00000000
vn -0.00001526 0.00001502 -1.00000000
vn -0.00001526 0.00001502 -1.00000000
vn -0.00001526 0.00001502 -1.00000000
vn -0.00001526 0.00001502 -1.00000000
vn -0.00001526 0.00001502 -1.00000000
vn -0.00001526 0.00001502 -1.00000000
vn -0.00001526 0.00001502 -1.00000000
vn -0.00001526 0.00001502 -1.00000000
vn -0.00001526 0.00001502 -1.00000000
vn -0.00001526 0.00001502 -1.00000000
vn -0.00001526 0.00001502 -1.00000000
vn -0.00001526 0.00001502 -1.00000000
vn -0.00001526 0.00001502 -1.00000000
vn -0.00001526 0.00001502 -1.00000000
vn 0.00000000 -0.00001550 -1.00000000
vn -0.00001526 0.00001502 -1.00000000
vn 0.00000000 -0.00001550 -1.00000000
vn -0.00001526 0.00001502 -1.00000000
vn 0.00000000 -0.00001550 -1.00000000
vn 0.00000000 -0.00001550 -1.00000000
vn 0.00000000 -0.00001550 -1.00000000
vn 0.00000000 -0.00001550 -1.00000000
vn 0.86602694 0.49999729 0.00002072
vn 0.86602694 0.49999729 0.00002072
vn 0.99144232 0.13054532 0.00001709
vn 0.99144232 0.13054532 0.00001709
vn 0.99144232 0.13054532 0.00001709
vn 0.86602694 0.49999729 0.00002072
vn 0.99144763 -0.13050501 0.00000003
vn 0.99144232 0.13054532 0.00001709
vn 0.99144232 0.13054532 0.00001709
vn 0.99144232 0.13054532 0.00001709
vn 0.99144763 -0.13050501 0.00000003
vn 0.99144763 -0.13050501 0.00000003
vn 0.86603218 -0.49998829 0.00000012
vn 0.99144763 -0.13050501 0.00000003
vn 0.99144763 -0.13050501 0.00000003
vn 0.99144763 -0.13050501 0.00000003
vn 0.86603218 -0.49998829 0.00000012
vn 0.86603218 -0.49998829 0.00000012
vn 0.86602694 0.49999729 0.00002072
vn 0.86602694 0.49999729 0.00002072
vn 0.49999741 0.86602688 0.00002064
vn 0.49999741 0.86602688 0.00002064
vn 0.49999741 0.86602688 0.00002064
vn 0.86602694 0.49999729 0.00002072
vn 0.50001305 -0.86601788 0.00000021
vn 0.86603218 -0.49998829 0.00000012
vn 0.86603218 -0.49998829 0.00000012
vn 0.86603218 -0.49998829 0.00000012
vn 0.50001305 -0.86601788 0.00000021
vn 0.50001305 -0.86601788 0.00000021
vn 0.49999741 0.86602688 0.00002064
vn 0.49999741 0.86602688 0.00002064
vn 0.13050725 0.99144733 0.00001688
vn 0.13050725 0.99144733 0.00001688
vn 0.13050725 0.99144733 0.00001688
vn 0.49999741 0.86602688 0.00002064
vn 0.13056216 -0.99144012 0.00000024
vn 0.50001305 -0.86601788 0.00000021
vn 0.50001305 -0.86601788 0.00000021
vn 0.50001305 -0.86601788 0.00000021
vn 0.13056216 -0.99144012 0.00000024
vn 0.13056216 -0.99144012 0.00000024
vn 0.13050725 0.99144733 0.00001688
vn 0.13050725 0.99144733 0.00001688
vn 0.70710683 0.70710677 0.00002141
vn 0.70710683 0.70710677 0.00002141
vn 0.57729751 0.57745570 -0.57729763
vn 0.13050725 0.99144733 0.00001688
vn 0.70711762 -0.70709598 0.00000017
vn 0.13056216 -0.99144012 0.00000024
vn 0.13056216 -0.99144012 0.00000024
vn 0.13056216 -0.99144012 0.00000024
vn 0.57737678 -0.57729733 -0.57737660
vn 0.70711762 -0.70709598 0.00000017
vn 1.00000000 -0.00001526 0.00000000
vn 0.70711762 -0.70709598 0.00000017
vn 0.57737678 -0.57729733 -0.57737660
vn 0.57737678 -0.57729733 -0.57737660
vn 0.77554673 0.17009147 -0.60794425
vn 1.00000000 -0.00001526 0.00000000
vn 0.88885480 0.45818892 0.00002045
vn 1.00000000 -0.00001526 0.00000000
vn 0.77554673 0.17009147 -0.60794425
vn 0.77554673 0.17009147 -0.60794425
vn 0.58033282 0.79624850 -0.17088626
vn 0.88885480 0.45818892 0.00002045
vn 0.70710683 0.70710677 0.00002141
vn 0.70710683 0.70710677 0.00002141
vn 0.88885480 0.45818892 0.00002045
vn 0.88885480 0.45818892 0.00002045
vn 0.58033282 0.79624850 -0.17088626
vn 0.70710683 0.70710677 0.00002141
vn 0.57729751 0.57745570 -0.57729763
vn 0.70710683 0.70710677 0.00002141
vn 0.83204901 -0.39222139 -0.39224589
vn 0.83204901 -0.39222139 -0.39224589
vn 0.90456545 -0.30145273 -0.30147576
vn 0.57729751 0.57745570 -0.57729763
vn 0.83204901 -0.39222139 -0.39224589
vn -0.83204901 -0.39227071 -0.39219657
vn -0.83204901 -0.39222139 -0.39224589
vn -0.83204901 -0.39222139 -0.39224589
vn 0.83204901 -0.39222139 -0.39224589
vn 0.83204901 -0.39222139 -0.39224589
vn 0.83204901 -0.39222139 -0.39224589
vn 0.90456545 -0.30145273 -0.30147576
vn 0.83204901 -0.39222139 -0.39224589
vn 0.00000000 -0.00001502 1.00000000
vn 0.00000000 -0.00001502 1.00000000
vn 0.00000000 -0.00001502 1.00000000
vn 0.00000000 -0.00001502 1.00000000
vn 0.00000000 -0.00001502 1.00000000
vn 0.00000000 -0.00001502 1.00000000
vn 1.00000000 -0.00001526 0.00000000
vn 1.00000000 -0.00001526 0.00000000
vn 1.00000000 -0.00001526 0.00000000
vn 1.00000000 -0.00001526 0.00000000
vn 1.00000000 -0.00001526 0.00000000
vn 1.00000000 -0.00001526 0.00000000
vn 1.00000000 -0.00001526 0.00000000
vn 1.00000000 -0.00001526 0.00000000
vn 1.00000000 -0.00001526 0.00000000
vn 1.00000000 -0.00001526 0.00000000
vn 1.00000000 -0.00001526 0.00000000
vn 1.00000000 -0.00001526 0.00000000
vn -1.00000000 -0.00001526 0.00000000
vn -1.00000000 -0.00001526 0.00000000
vn -1.00000000 -0.00001526 0.00000000
vn -1.00000000 -0.00001526 0.00000000
vn -1.00000000 -0.00001526 0.00000000
vn -1.00000000 -0.00001526 0.00000000
vn -0.90458632 -0.30144447 -0.30142131
vn -0.57735026 0.57740289 -0.57729763
vn 0.57729751 0.57745570 -0.57729763
vn 0.57729751 0.57745570 -0.57729763
vn 0.90456545 -0.30145273 -0.30147576
vn -0.90458632 -0.30144447 -0.30142131
vn -0.90458632 -0.30144447 -0.30142131
vn 0.90456545 -0.30145273 -0.30147576
vn 0.90450269 -0.30152369 0.30159304
vn 0.90450269 -0.30152369 0.30159304
vn -0.90450269 -0.30156979 0.30154693
vn -0.90458632 -0.30144447 -0.30142131
vn 0.00000000 -0.00001502 1.00000000
vn 0.00000000 -0.00001502 1.00000000
vn 0.00000000 -0.00001502 1.00000000
vn 0.00000000 -0.00001502 1.00000000
vn 0.00000000 -0.00001502 1.00000000
vn 0.00000000 -0.00001502 1.00000000
vn 1.00000000 -0.00001526 0.00000000
vn 1.00000000 -0.00001526 0.00000000
vn 1.00000000 -0.00001526 0.00000000
vn 1.00000000 -0.00001526 0.00000000
vn 1.00000000 -0.00001526 0.00000000
vn 1.00000000 -0.00001526 0.00000000
vn 1.00000000 -0.00001526 0.00000000
vn 1.00000000 -0.00001526 0.00000000
vn 1.00000000 -0.00001526 0.00000000
vn 0.83204901 -0.39222139 -0.39224589
vn 1.00000000 0.00001526 0.00001526
vn 0.90450269 -0.30152369 0.30159304
vn 0.90450269 -0.30152369 0.30159304
vn 0.90456545 -0.30145273 -0.30147576
vn 0.83204901 -0.39222139 -0.39224589
vn 0.00000000 -1.00000000 0.00000024
vn 0.00000000 -1.00000000 0.00000024
vn 0.00000000 -1.00000000 0.00000024
vn 0.00000000 -1.00000000 0.00000024
vn 0.00000000 -1.00000000 0.00000024
vn 0.00000000 -1.00000000 0.00000024
vn 0.00000000 -0.00001550 -1.00000000
vn 0.00000000 -0.00001550 -1.00000000
vn 0.00000000 -0.00001550 -1.00000000
vn 0.00000000 -0.00001550 -1.00000000
vn 0.00000000 -0.00001550 -1.00000000
vn 0.00000000 -0.00001550 -1.00000000
vn 0.00000000 -1.00000000 0.00000024
vn 0.00000000 -1.00000000 0.00000024
vn 0.00000000 -1.00000000 0.00000024
vn 0.00000000 -1.00000000 0.00000024
vn 0.00000000 -1.00000000 0.00000024
vn 0.00000000 -1.00000000 0.00000024
vn 0.00000000 -0.00001550 -1.00000000
vn 0.00000000 -0.00001550 -1.00000000
vn 0.00000000 -0.00001550 -1.00000000
vn 0.00000000 -0.00001550 -1.00000000
vn 0.00000000 -0.00001550 -1.00000000
vn 0.00000000 -0.00001550 -1.00000000
vn -1.00000000 -0.00001526 0.00000000
vn -1.00000000 -0.00001526 0.00000000
vn -1.00000000 -0.00001526 0.00000000
vn -1.00000000 -0.00001526 0.00000000
vn -1.00000000 -0.00001526 0.00000000
vn -1.00000000 -0.00001526 0.00000000
vn -1.00000000 -0.00001526 0.00000000
vn -1.00000000 -0.00001526 0.00000000
vn -1.00000000 -0.00001526 0.00000000
vn -1.00000000 -0.00001526 0.00000000
vn -1.00000000 -0.00001526 0.00000000
vn -1.00000000 -0.00001526 0.00000000
vn -1.00000000 -0.00001526 0.00000000
vn -1.00000000 -0.00001526 0.00000000
vn -1.00000000 -0.00001526 0.00000000
vn 0.00000000 -0.00001550 -1.00000000
vn 0.00000000 -0.00001550 -1.00000000
vn 0.00000000 -0.00001550 -1.00000000
vn 0.00000000 -0.00001550 -1.00000000
vn 0.00000000 -0.00001550 -1.00000000
vn 0.00000000 -0.00001550 -1.00000000
vn 0.00000000 -1.00000000 0.00000024
vn 0.00000000 -1.00000000 0.00000024
vn 0.00000000 -1.00000000 0.00000024
vn 0.00000000 -1.00000000 0.00000024
vn 0.00000000 -1.00000000 0.00000024
vn 0.00000000 -1.00000000 0.00000024
vn -1.00000000 -0.00001526 0.00000000
vn -0.93595773 0.26937377 0.22676173
vn -1.00000000 -0.00001526 0.00000000
vn -1.00000000 -0.00001526 0.00000000
vn -0.93604934 0.26923725 -0.22654563
vn -1.00000000 -0.00001526 0.00000000
vn -0.63769495 0.62000650 -0.45709637
vn -0.82841641 0.32501495 -0.45617056
vn -0.60133731 0.38672274 -0.69917023
vn -0.82841641 0.32501495 -0.45617056
vn -0.63769495 0.62000650 -0.45709637
vn -0.83836520 0.54312783 0.04643164
vn -0.83836520 0.54312783 0.04643164
vn -0.83846480 0.54307646 0.04521813
vn -0.82841641 0.32501495 -0.45617056
vn -0.63769495 0.62000650 -0.45709637
vn -0.60133731 0.38672274 -0.69917023
vn -0.27436417 0.65262723 -0.70625913
vn -0.27436417 0.65262723 -0.70625913
vn -0.27767199 0.65072906 -0.70671773
vn -0.63769495 0.62000650 -0.45709637
vn -0.81549835 0.55150336 0.17551780
vn -0.83846480 0.54307646 0.04521813
vn -0.83836520 0.54312783 0.04643164
vn -0.83836520 0.54312783 0.04643164
vn -0.81300306 0.55219501 0.18467981
vn -0.81549835 0.55150336 0.17551780
vn -0.74918056 0.56875807 0.33947417
vn -0.81549835 0.55150336 0.17551780
vn -0.81300306 0.55219501 0.18467981
vn -0.81300306 0.55219501 0.18467981
vn -0.74004871 0.57111263 0.35518762
vn -0.74918056 0.56875807 0.33947417
vn -0.27767199 0.65072906 -0.70671773
vn -0.27436417 0.65262723 -0.70625913
vn -0.24799709 0.66264987 -0.70667714
vn -0.24799709 0.66264987 -0.70667714
vn -0.24302498 0.66350937 -0.70759749
vn -0.27767199 0.65072906 -0.70671773
vn -0.23062603 0.66550916 -0.70986557
vn -0.23062603 0.66550916 -0.70986557
vn -0.24302498 0.66350937 -0.70759749
vn -0.24302498 0.66350937 -0.70759749
vn -0.24799709 0.66264987 -0.70667714
vn -0.23062603 0.66550916 -0.70986557
vn -0.64247513 0.59591097 0.48178399
vn -0.74918056 0.56875807 0.33947417
vn -0.74004871 0.57111263 0.35518762
vn -0.74004871 0.57111263 0.35518762
vn -0.62418979 0.60050738 0.49977788
vn -0.64247513 0.59591097 0.48178399
vn -0.49928319 0.63113475 0.59362042
vn -0.64247513 0.59591097 0.48178399
vn -0.62418979 0.60050738 0.49977788
vn -0.62418979 0.60050738 0.49977788
vn -0.47117424 0.63792461 0.60913628
vn -0.49928319 0.63113475 0.59362042
vn -0.34487227 0.66721243 0.66022021
vn -0.49928319 0.63113475 0.59362042
vn -0.47117424 0.63792461 0.60913628
vn -0.47117424 0.63792461 0.60913628
vn -0.32643995 0.67188847 0.66483289
vn -0.34487227 0.66721243 0.66022021
vn -0.25678080 0.68725121 0.67952144
vn -0.34487227 0.66721243 0.66022021
vn -0.32643995 0.67188847 0.66483289
vn -0.32643995 0.67188847 0.66483289
vn -0.25249717 0.68814087 0.68022597
vn -0.25678080 0.68725121 0.67952144
vn -0.23937601 0.69076812 0.68230385
vn -0.25678080 0.68725121 0.67952144
vn -0.25249717 0.68814087 0.68022597
vn -0.25249717 0.68814087 0.68022597
vn -0.23937601 0.69076812 0.68230385
vn -0.23937601 0.69076812 0.68230385
vn -0.34159690 -0.87558883 -0.34154910
vn -0.46059349 -0.46056798 -0.75876921
vn -0.75880903 -0.46056089 -0.46053502
vn -0.82841641 0.32501495 -0.45617056
vn -0.75880903 -0.46056089 -0.46053502
vn -0.46059349 -0.46056798 -0.75876921
vn -0.46059349 -0.46056798 -0.75876921
vn -0.60133731 0.38672274 -0.69917023
vn -0.82841641 0.32501495 -0.45617056
vn -0.50134283 -0.82685071 -0.25489852
vn -0.34159690 -0.87558883 -0.34154910
vn -0.75880903 -0.46056089 -0.46053502
vn -0.75880903 -0.46056089 -0.46053502
vn -0.85070765 -0.37169519 -0.37167075
vn -0.50134283 -0.82685071 -0.25489852
vn -0.50134283 -0.82685071 -0.25489852
vn -0.85070765 -0.37169519 -0.37167075
vn -0.50134969 -0.25492644 -0.82683796
vn -0.50134969 -0.25492644 -0.82683796
vn -0.85070765 -0.37169519 -0.37167075
vn -0.75880903 -0.46056089 -0.46053502
vn -0.75880903 -0.46056089 -0.46053502
vn -0.34184831 -0.35334224 -0.87079793
vn -0.50134969 -0.25492644 -0.82683796
vn -0.45564866 -0.76995331 -0.44671711
vn -0.34184831 -0.35334224 -0.87079793
vn -0.75880903 -0.46056089 -0.46053502
vn -0.68790483 -0.72213930 0.07281376
vn -0.45564866 -0.76995331 -0.44671711
vn -0.75880903 -0.46056089 -0.46053502
vn -0.75880903 -0.46056089 -0.46053502
vn -0.68809909 -0.72200644 0.07229351
vn -0.68790483 -0.72213930 0.07281376
vn -0.68790483 -0.72213930 0.07281376
vn -0.68809909 -0.72200644 0.07229351
vn -0.64138740 -0.73258466 0.22790775
vn -0.64138740 -0.73258466 0.22790775
vn -0.63221949 -0.73128784 0.25596201
vn -0.68790483 -0.72213930 0.07281376
vn -0.63221949 -0.73128784 0.25596201
vn -0.64138740 -0.73258466 0.22790775
vn -0.54320431 -0.72154081 0.42931095
vn -0.54320431 -0.72154081 0.42931095
vn -0.53819400 -0.72094673 0.43655819
vn -0.63221949 -0.73128784 0.25596201
vn -0.53819400 -0.72094673 0.43655819
vn -0.54320431 -0.72154081 0.42931095
vn -0.37507376 -0.71355796 0.59173876
vn -0.37507376 -0.71355796 0.59173876
vn -0.37518701 -0.71352696 0.59170431
vn -0.53819400 -0.72094673 0.43655819
vn -0.37518701 -0.71352696 0.59170431
vn -0.37507376 -0.71355796 0.59173876
vn -0.18841025 -0.70991898 0.67861378
vn -0.18841025 -0.70991898 0.67861378
vn -0.18841025 -0.70991898 0.67861378
vn -0.37518701 -0.71352696 0.59170431
vn -0.18841025 -0.70991898 0.67861378
vn -0.18841025 -0.70991898 0.67861378
vn -0.31526455 -0.72651517 0.61056042
vn -0.31526455 -0.72651517 0.61056042
vn -0.31526455 -0.72651517 0.61056042
vn -0.18841025 -0.70991898 0.67861378
vn -0.82687336 -0.25492248 -0.50129330
vn -0.37172812 -0.37170386 -0.85067880
vn -0.25495017 -0.82686067 -0.50130016
vn -0.87557614 -0.34162503 -0.34155351
vn -0.82687336 -0.25492248 -0.50129330
vn -0.25495017 -0.82686067 -0.50130016
vn -0.25495017 -0.82686067 -0.50130016
vn -0.34160554 -0.87556350 -0.34160537
vn -0.87557614 -0.34162503 -0.34155351
vn -0.34160119 -0.34157759 -0.87557602
vn -0.87557614 -0.34162503 -0.34155351
vn -0.34160554 -0.87556350 -0.34160537
vn -0.46059349 -0.46056798 -0.75876921
vn -0.37172812 -0.37170386 -0.85067880
vn -0.82687336 -0.25492248 -0.50129330
vn -0.82687336 -0.25492248 -0.50129330
vn -0.88116270 -0.31929028 -0.34872058
vn -0.46059349 -0.46056798 -0.75876921
vn -0.46059349 -0.46056798 -0.75876921
vn -0.88116270 -0.31929028 -0.34872058
vn -0.47823325 -0.73430973 -0.48174912
vn -0.47823325 -0.73430973 -0.48174912
vn -0.88116270 -0.31929028 -0.34872058
vn -0.85072315 -0.45532921 -0.26257464
vn -0.85072315 -0.45532921 -0.26257464
vn -0.34359720 -0.83901495 -0.42189440
vn -0.47823325 -0.73430973 -0.48174912
vn -0.85072315 -0.45532921 -0.26257464
vn -0.87557614 -0.34162503 -0.34155351
vn -0.34160119 -0.34157759 -0.87557602
vn -0.34160119 -0.34157759 -0.87557602
vn -0.26662391 -0.51986092 -0.81157643
vn -0.85072315 -0.45532921 -0.26257464
vn -0.34359720 -0.83901495 -0.42189440
vn -0.85072315 -0.45532921 -0.26257464
vn -0.26662391 -0.51986092 -0.81157643
vn -0.50134969 -0.25492644 -0.82683796
vn -0.34160119 -0.34157759 -0.87557602
vn -0.34160554 -0.87556350 -0.34160537
vn -0.34160554 -0.87556350 -0.34160537
vn -0.50134283 -0.82685071 -0.25489852
vn -0.50134969 -0.25492644 -0.82683796
vn -0.26662391 -0.51986092 -0.81157643
vn -0.34184831 -0.35334224 -0.87079793
vn -0.45564866 -0.76995331 -0.44671711
vn -0.45564866 -0.76995331 -0.44671711
vn -0.34359720 -0.83901495 -0.42189440
vn -0.26662391 -0.51986092 -0.81157643
vn -0.25495017 -0.82686067 -0.50130016
vn -0.37172812 -0.37170386 -0.85067880
vn -0.46059349 -0.46056798 -0.75876921
vn -0.46059349 -0.46056798 -0.75876921
vn -0.34159690 -0.87558883 -0.34154910
vn -0.25495017 -0.82686067 -0.50130016
vn 0.83204901 -0.39222139 -0.39224589
vn -0.46059349 -0.46056798 -0.75876921
vn -0.47823325 -0.73430973 -0.48174912
vn -0.47823325 -0.73430973 -0.48174912
vn 0.83204901 -0.39217204 -0.39229527
vn 0.83204901 -0.39222139 -0.39224589
vn -0.77557188 0.17003918 -0.60792679
vn 0.77554673 0.17009147 -0.60794425
vn 0.57737678 -0.57729733 -0.57737660
vn -0.77557188 0.17003918 -0.60792679
vn -0.00002132 0.80737185 -0.59004301
vn 0.77554673 0.17009147 -0.60794425
vn 0.57737678 -0.57729733 -0.57737660
vn -0.57737678 -0.57735026 -0.57732373
vn -0.77557188 0.17003918 -0.60792679
vn -1.00000000 -0.00001526 0.00000000
vn -1.00000000 -0.00001526 0.00000000
vn -0.70711762 -0.70709598 0.00000017
vn -0.70711762 -0.70709598 0.00000017
vn -0.70707446 -0.70713913 0.00000017
vn -1.00000000 -0.00001526 0.00000000
vn -0.70714992 0.70706367 0.00002141
vn -1.00000000 -0.00001526 0.00000000
vn -1.00000000 -0.00001526 0.00000000
vn -1.00000000 -0.00001526 0.00000000
vn -0.70714992 0.70706367 0.00002141
vn -0.70714992 0.70706367 0.00002141
vn 1.00000000 0.00001526 0.00001526
vn 1.00000000 0.00001526 0.00001526
vn 0.70713919 -0.70707440 -0.00004299
vn 0.70713919 -0.70707440 -0.00004299
vn 0.70711762 -0.70709598 0.00000017
vn 1.00000000 0.00001526 0.00001526
vn -0.21611723 0.43663540 -0.87329429
vn -0.21611723 0.43663540 -0.87329429
vn -0.33044159 0.33039421 -0.88410860
vn -0.33044159 0.33039421 -0.88410860
vn -0.33044159 0.33039421 -0.88410860
vn -0.21611723 0.43663540 -0.87329429
vn -0.44724640 -0.00002061 -0.89441079
vn -0.33044159 0.33039421 -0.88410860
vn -0.33044159 0.33039421 -0.88410860
vn -0.33044159 0.33039421 -0.88410860
vn -0.44724640 -0.00002061 -0.89441079
vn -0.44724640 -0.00002061 -0.89441079
vn -0.44724640 -0.00002061 -0.89441079
vn -0.44724640 -0.00002061 -0.89441079
vn -0.33046937 -0.33039904 -0.88409638
vn -0.33046937 -0.33039904 -0.88409638
vn -0.33046937 -0.33039904 -0.88409638
vn -0.44724640 -0.00002061 -0.89441079
vn -0.33046937 -0.33039904 -0.88409638
vn -0.21614379 -0.43664241 -0.87328416
vn -0.21614379 -0.43664241 -0.87328416
vn -0.21614379 -0.43664241 -0.87328416
vn -0.33046937 -0.33039904 -0.88409638
vn -0.33046937 -0.33039904 -0.88409638
vn 0.33039436 0.33044145 -0.88410860
vn 0.21606842 0.43667743 -0.87328529
vn 0.21606842 0.43667743 -0.87328529
vn 0.21606842 0.43667743 -0.87328529
vn 0.33039436 0.33044145 -0.88410860
vn 0.33039436 0.33044145 -0.88410860
vn 0.33039436 0.33044145 -0.88410860
vn 0.33039436 0.33044145 -0.88410860
vn 0.44718912 0.00006120 -0.89443946
vn 0.44718912 0.00006120 -0.89443946
vn 0.44722188 0.00002026 -0.89442307
vn 0.33039436 0.33044145 -0.88410860
vn 0.33041364 -0.33039045 -0.88412046
vn 0.44722188 0.00002026 -0.89442307
vn 0.44718912 0.00006120 -0.89443946
vn 0.44718912 0.00006120 -0.89443946
vn 0.33046076 -0.33034331 -0.88412046
vn 0.33041364 -0.33039045 -0.88412046
vn 0.21613942 -0.43658698 -0.87331301
vn 0.21613942 -0.43658698 -0.87331301
vn 0.33041364 -0.33039045 -0.88412046
vn 0.33041364 -0.33039045 -0.88412046
vn 0.33046076 -0.33034331 -0.88412046
vn 0.21613942 -0.43658698 -0.87331301
vn -0.00001526 0.00001502 -1.00000000
vn -0.00001526 0.00001502 -1.00000000
vn -0.00001526 0.00001502 -1.00000000
vn -0.00001526 0.00001502 -1.00000000
vn -0.00001526 0.00001502 -1.00000000
vn -0.00001526 0.00001502 -1.00000000
vn -0.00001526 0.00001502 -1.00000000
vn -0.00001526 0.00001502 -1.00000000
vn -0.00001526 0.00001502 -1.00000000
vn -0.00001526 0.00001502 -1.00000000
vn -0.00001526 0.00001502 -1.00000000
vn -0.00001526 0.00001502 -1.00000000
vn -0.00001526 0.00001502 -1.00000000
vn -0.00001526 0.00001502 -1.00000000
vn -0.00001526 0.00001502 -1.00000000
vn -0.00001526 0.00001502 -1.00000000
vn -0.00001526 0.00001502 -1.00000000
vn -0.00001526 0.00001502 -1.00000000
vn -0.00001526 0.00001502 -1.00000000
vn -0.00001526 0.00001502 -1.00000000
vn -0.00001526 0.00001502 -1.00000000
vn -0.00001526 0.00001502 -1.00000000
vn -0.00001526 0.00001502 -1.00000000
vn -0.00001526 0.00001502 -1.00000000
vn -0.00001526 0.00001502 -1.00000000
vn -0.00001526 0.00001502 -1.00000000
vn -0.00001526 0.00001502 -1.00000000
vn -0.00001526 0.00001502 -1.00000000
vn -0.00001526 0.00001502 -1.00000000
vn -0.00001526 0.00001502 -1.00000000
vn 0.70710683 0.70710677 0.00002141
vn 0.70710683 0.70710677 0.00002141
vn 0.58033282 0.79624850 -0.17088626
vn 0.58033282 0.79624850 -0.17088626
vn 0.44353798 0.89625555 0.00002023
vn 0.70710683 0.70710677 0.00002141
vn 1.00000000 0.00001526 0.00001526
vn 0.70710683 0.70710677 0.00002141
vn 0.70710683 0.70710677 0.00002141
vn 0.70710683 0.70710677 0.00002141
vn 1.00000000 0.00001526 0.00001526
vn 1.00000000 0.00001526 0.00001526
vn 0.70713919 -0.70707440 -0.00004299
vn 1.00000000 0.00001526 0.00001526
vn 1.00000000 0.00001526 0.00001526
vn 1.00000000 0.00001526 0.00001526
vn 0.70713919 -0.70707440 -0.00004299
vn 0.70713919 -0.70707440 -0.00004299
vn 0.58042109 -0.79617810 -0.17091465
vn 0.70713919 -0.70707440 -0.00004299
vn 0.70713919 -0.70707440 -0.00004299
vn 0.70713919 -0.70707440 -0.00004299
vn 0.44357079 -0.89623934 0.00004110
vn 0.58042109 -0.79617810 -0.17091465
vn 0.00004265 -0.80734712 -0.59007680
vn 0.58042109 -0.79617810 -0.17091465
vn 0.44357079 -0.89623934 0.00004110
vn 0.77553511 -0.16998920 -0.60798758
vn 0.58042109 -0.79617810 -0.17091465
vn 0.00004265 -0.80734712 -0.59007680
vn 0.44357079 -0.89623934 0.00004110
vn 0.00000000 -1.00000000 0.00000024
vn 0.00004265 -0.80734712 -0.59007680
vn 0.00000000 -1.00000000 0.00000024
vn -0.44355449 -0.89624739 0.00000021
vn -0.58040398 -0.79620177 -0.17086238
vn -0.58040398 -0.79620177 -0.17086238
vn 0.00004265 -0.80734712 -0.59007680
vn 0.00000000 -1.00000000 0.00000024
vn -0.77555120 -0.17004015 -0.60795283
vn 0.00004265 -0.80734712 -0.59007680
vn -0.58040398 -0.79620177 -0.17086238
vn -0.58040398 -0.79620177 -0.17086238
vn -0.44355449 -0.89624739 0.00000021
vn -0.70707446 -0.70713913 0.00000017
vn -0.70707446 -0.70713913 0.00000017
vn -0.70707446 -0.70713913 0.00000017
vn -0.58040398 -0.79620177 -0.17086238
vn -0.70707446 -0.70713913 0.00000017
vn -0.70707446 -0.70713913 0.00000017
vn -1.00000000 -0.00001526 0.00000000
vn -1.00000000 -0.00001526 0.00000000
vn -1.00000000 -0.00001526 0.00000000
vn -0.70707446 -0.70713913 0.00000017
vn -1.00000000 -0.00001526 0.00000000
vn -1.00000000 -0.00001526 0.00000000
vn -0.70714992 0.70706367 0.00002141
vn -0.70714992 0.70706367 0.00002141
vn -0.70714992 0.70706367 0.00002141
vn -1.00000000 -0.00001526 0.00000000
vn -0.58038592 0.79620939 -0.17088802
vn -0.70714992 0.70706367 0.00002141
vn -0.70714992 0.70706367 0.00002141
vn -0.70714992 0.70706367 0.00002141
vn -0.44358718 0.89623123 0.00002023
vn -0.58038592 0.79620939 -0.17088802
vn -0.58038592 0.79620939 -0.17088802
vn -0.44358718 0.89623123 0.00002023
vn -0.00001526 1.00000000 0.00001502
vn -0.00001526 1.00000000 0.00001502
vn -0.00002132 0.80737185 -0.59004301
vn -0.58038592 0.79620939 -0.17088802
vn -0.77557188 0.17003918 -0.60792679
vn -0.58038592 0.79620939 -0.17088802
vn -0.00002132 0.80737185 -0.59004301
vn -0.00001526 1.00000000 0.00001502
vn 0.44353798 0.89625555 0.00002023
vn 0.58033282 0.79624850 -0.17088626
vn 0.58033282 0.79624850 -0.17088626
vn -0.00002132 0.80737185 -0.59004301
vn -0.00001526 1.00000000 0.00001502
vn 0.77554673 0.17009147 -0.60794425
vn -0.00002132 0.80737185 -0.59004301
vn 0.58033282 0.79624850 -0.17088626
vn 0.88888448 -0.45813137 0.00000011
vn 0.70711762 -0.70709598 0.00000017
vn 0.70709598 -0.70711762 0.00004333
vn 0.70709598 -0.70711762 0.00004333
vn 0.58042109 -0.79617810 -0.17091465
vn 0.88888448 -0.45813137 0.00000011
vn 0.88888448 -0.45813137 0.00000011
vn 0.58042109 -0.79617810 -0.17091465
vn 0.77553511 -0.16998920 -0.60798758
vn 0.77553511 -0.16998920 -0.60798758
vn 1.00000000 -0.00001526 0.00000000
vn 0.88888448 -0.45813137 0.00000011
vn 1.00000000 0.00001526 0.00001526
vn 1.00000000 -0.00001526 0.00000000
vn 0.77553511 -0.16998920 -0.60798758
vn 0.77553511 -0.16998920 -0.60798758
vn 0.86926395 0.30726910 -0.38725436
vn 1.00000000 0.00001526 0.00001526
vn -0.77555120 -0.17004015 -0.60795283
vn -0.58040398 -0.79620177 -0.17086238
vn -0.88888448 -0.45813137 0.00000011
vn -0.88888448 -0.45813137 0.00000011
vn -1.00000000 -0.00001526 0.00000000
vn -0.77555120 -0.17004015 -0.60795283
vn -0.77555120 -0.17004015 -0.60795283
vn -1.00000000 -0.00001526 0.00000000
vn -1.00000000 -0.00001526 0.00000000
vn -1.00000000 -0.00001526 0.00000000
vn -0.93604934 0.26923725 -0.22654563
vn -0.77555120 -0.17004015 -0.60795283
vn -0.70711762 -0.70709598 0.00000017
vn -0.70711762 -0.70709598 0.00000017
vn -0.88888448 -0.45813137 0.00000011
vn -0.88888448 -0.45813137 0.00000011
vn -0.58040398 -0.79620177 -0.17086238
vn -0.70711762 -0.70709598 0.00000017
vn -0.70714992 0.70706367 0.00002141
vn -1.00000000 -0.00001526 0.00000000
vn -1.00000000 -0.00001526 0.00000000
vn -1.00000000 -0.00001526 0.00000000
vn -0.70714992 0.70706367 0.00002141
vn -0.70714992 0.70706367 0.00002141
vn -0.57737678 -0.57735026 -0.57732373
vn -0.77557188 0.17003918 -0.60792679
vn 0.77554673 0.17009147 -0.60794425
vn -0.00002132 0.80737185 -0.59004301
vn 0.77554673 0.17009147 -0.60794425
vn -0.77557188 0.17003918 -0.60792679
vn 0.77554673 0.17009147 -0.60794425
vn 0.57737678 -0.57729733 -0.57737660
vn -0.57737678 -0.57735026 -0.57732373
vn 0.70711762 -0.70709598 0.00000017
vn 1.00000000 -0.00001526 0.00000000
vn 1.00000000 0.00001526 0.00001526
vn 1.00000000 0.00001526 0.00001526
vn 0.70709598 -0.70711762 0.00004333
vn 0.70711762 -0.70709598 0.00000017
vn 0.70710683 0.70710677 0.00002141
vn 0.70710683 0.70710677 0.00002141
vn 1.00000000 0.00001526 0.00001526
vn 1.00000000 0.00001526 0.00001526
vn 1.00000000 -0.00001526 0.00000000
vn 0.70710683 0.70710677 0.00002141
vn -1.00000000 -0.00001526 0.00000000
vn -0.70711762 -0.70709598 0.00000017
vn -0.70711762 -0.70709598 0.00000017
vn -0.70711762 -0.70709598 0.00000017
vn -1.00000000 -0.00001526 0.00000000
vn -1.00000000 -0.00001526 0.00000000
vn 0.33039436 0.33044145 -0.88410860
vn 0.21606842 0.43667743 -0.87328529
vn 0.21606842 0.43667743 -0.87328529
vn 0.21606842 0.43667743 -0.87328529
vn 0.33039436 0.33044145 -0.88410860
vn 0.33039436 0.33044145 -0.88410860
vn 0.33039436 0.33044145 -0.88410860
vn 0.33039436 0.33044145 -0.88410860
vn 0.44722188 0.00002026 -0.89442307
vn 0.44722188 0.00002026 -0.89442307
vn 0.44722188 0.00002026 -0.89442307
vn 0.33039436 0.33044145 -0.88410860
vn 0.33046076 -0.33034331 -0.88412046
vn 0.44722188 0.00002026 -0.89442307
vn 0.44722188 0.00002026 -0.89442307
vn 0.44722188 0.00002026 -0.89442307
vn 0.33046076 -0.33034331 -0.88412046
vn 0.33046076 -0.33034331 -0.88412046
vn 0.33046076 -0.33034331 -0.88412046
vn 0.33046076 -0.33034331 -0.88412046
vn 0.21613942 -0.43658698 -0.87331301
vn 0.21613942 -0.43658698 -0.87331301
vn 0.21613942 -0.43658698 -0.87331301
vn 0.33046076 -0.33034331 -0.88412046
vn -0.21611723 0.43663540 -0.87329429
vn -0.21611723 0.43663540 -0.87329429
vn -0.33044159 0.33039421 -0.88410860
vn -0.33044159 0.33039421 -0.88410860
vn -0.33044159 0.33039421 -0.88410860
vn -0.21611723 0.43663540 -0.87329429
vn -0.44722182 0.00002034 -0.89442307
vn -0.33044159 0.33039421 -0.88410860
vn -0.33044159 0.33039421 -0.88410860
vn -0.33044159 0.33039421 -0.88410860
vn -0.44722182 0.00002034 -0.89442307
vn -0.44722182 0.00002034 -0.89442307
vn -0.44722182 0.00002034 -0.89442307
vn -0.44722182 0.00002034 -0.89442307
vn -0.33042225 -0.33044621 -0.88409638
vn -0.33042225 -0.33044621 -0.88409638
vn -0.33046937 -0.33039904 -0.88409638
vn -0.44722182 0.00002034 -0.89442307
vn -0.21614379 -0.43664241 -0.87328416
vn -0.33046937 -0.33039904 -0.88409638
vn -0.33042225 -0.33044621 -0.88409638
vn -0.33042225 -0.33044621 -0.88409638
vn -0.21614379 -0.43664241 -0.87328416
vn -0.21614379 -0.43664241 -0.87328416
vn -0.00001526 0.00001502 -1.00000000
vn -0.00001526 0.00001502 -1.00000000
vn -0.00001526 0.00001502 -1.00000000
vn -0.00001526 0.00001502 -1.00000000
vn -0.00001526 0.00001502 -1.00000000
vn -0.00001526 0.00001502 -1.00000000
vn -0.00001526 0.00001502 -1.00000000
vn -0.00001526 0.00001502 -1.00000000
vn -0.00001526 0.00001502 -1.00000000
vn -0.00001526 0.00001502 -1.00000000
vn -0.00001526 0.00001502 -1.00000000
vn -0.00001526 0.00001502 -1.00000000
vn -0.00001526 0.00001502 -1.00000000
vn -0.00001526 0.00001502 -1.00000000
vn -0.00001526 0.00001502 -1.00000000
vn -0.00001526 0.00001502 -1.00000000
vn -0.00001526 0.00001502 -1.00000000
vn -0.00001526 0.00001502 -1.00000000
vn -0.00001526 0.00001502 -1.00000000
vn -0.00001526 0.00001502 -1.00000000
vn -0.00001526 0.00001502 -1.00000000
vn -0.00001526 0.00001502 -1.00000000
vn -0.00001526 0.00001502 -1.00000000
vn -0.00001526 0.00001502 -1.00000000
vn -0.00001526 0.00001502 -1.00000000
vn -0.00001526 0.00001502 -1.00000000
vn -0.00001526 0.00001502 -1.00000000
vn -0.00001526 0.00001502 -1.00000000
vn -0.00001526 0.00001502 -1.00000000
vn -0.00001526 0.00001502 -1.00000000
vn -0.70714992 0.70706367 0.00002141
vn -0.44358718 0.89623123 0.00002023
vn -0.58038592 0.79620939 -0.17088802
vn -0.58038592 0.79620939 -0.17088802
vn -0.70714992 0.70706367 0.00002141
vn -0.70714992 0.70706367 0.00002141
vn -0.70714992 0.70706367 0.00002141
vn -0.70714992 0.70706367 0.00002141
vn -1.00000000 -0.00001526 0.00000000
vn -1.00000000 -0.00001526 0.00000000
vn -1.00000000 -0.00001526 0.00000000
vn -0.70714992 0.70706367 0.00002141
vn -1.00000000 -0.00001526 0.00000000
vn -1.00000000 -0.00001526 0.00000000
vn -0.70711762 -0.70709598 0.00000017
vn -0.70711762 -0.70709598 0.00000017
vn -0.70711762 -0.70709598 0.00000017
vn -1.00000000 -0.00001526 0.00000000
vn -0.70711762 -0.70709598 0.00000017
vn -0.70711762 -0.70709598 0.00000017
vn -0.58040398 -0.79620177 -0.17086238
vn -0.58040398 -0.79620177 -0.17086238
vn -0.44355449 -0.89624739 0.00000021
vn -0.70711762 -0.70709598 0.00000017
vn -0.44355449 -0.89624739 0.00000021
vn -0.58040398 -0.79620177 -0.17086238
vn -0.00004265 -0.80738229 -0.59002864
vn -0.58040398 -0.79620177 -0.17086238
vn -0.77555120 -0.17004015 -0.60795283
vn -0.00004265 -0.80738229 -0.59002864
vn -0.00004265 -0.80738229 -0.59002864
vn 0.00000000 -1.00000000 0.00003076
vn -0.44355449 -0.89624739 0.00000021
vn 0.58042109 -0.79617810 -0.17091465
vn 0.44357079 -0.89623934 0.00004110
vn 0.00000000 -1.00000000 0.00003076
vn 0.00000000 -1.00000000 0.00003076
vn -0.00004265 -0.80738229 -0.59002864
vn 0.58042109 -0.79617810 -0.17091465
vn -0.00004265 -0.80738229 -0.59002864
vn 0.77553511 -0.16998920 -0.60798758
vn 0.58042109 -0.79617810 -0.17091465
vn 0.70709598 -0.70711762 0.00004333
vn 0.44357079 -0.89623934 0.00004110
vn 0.58042109 -0.79617810 -0.17091465
vn 0.58042109 -0.79617810 -0.17091465
vn 0.70709598 -0.70711762 0.00004333
vn 0.70709598 -0.70711762 0.00004333
vn 1.00000000 0.00001526 0.00001526
vn 0.70709598 -0.70711762 0.00004333
vn 0.70709598 -0.70711762 0.00004333
vn 0.70709598 -0.70711762 0.00004333
vn 1.00000000 0.00001526 0.00001526
vn 1.00000000 0.00001526 0.00001526
vn 0.70710683 0.70710677 0.00002141
vn 1.00000000 0.00001526 0.00001526
vn 1.00000000 0.00001526 0.00001526
vn 1.00000000 0.00001526 0.00001526
vn 0.70710683 0.70710677 0.00002141
vn 0.70710683 0.70710677 0.00002141
vn 0.70710683 0.70710677 0.00002141
vn 0.70710683 0.70710677 0.00002141
vn 0.58033282 0.79624850 -0.17088626
vn 0.58033282 0.79624850 -0.17088626
vn 0.44353798 0.89625555 0.00002023
vn 0.70710683 0.70710677 0.00002141
vn -0.00001526 1.00000000 0.00001502
vn 0.44353798 0.89625555 0.00002023
vn 0.58033282 0.79624850 -0.17088626
vn 0.58033282 0.79624850 -0.17088626
vn -0.00002132 0.80737185 -0.59004301
vn -0.00001526 1.00000000 0.00001502
vn 0.58033282 0.79624850 -0.17088626
vn 0.77554673 0.17009147 -0.60794425
vn -0.00002132 0.80737185 -0.59004301
vn -0.58038592 0.79620939 -0.17088802
vn -0.44358718 0.89623123 0.00002023
vn -0.00001526 1.00000000 0.00001502
vn -0.00001526 1.00000000 0.00001502
vn -0.00002132 0.80737185 -0.59004301
vn -0.58038592 0.79620939 -0.17088802
vn -0.00002132 0.80737185 -0.59004301
vn -0.77557188 0.17003918 -0.60792679
vn -0.58038592 0.79620939 -0.17088802
vn -0.48780137 -0.48772362 -0.72399962
vn -0.48777828 0.48777807 -0.72397852
vn -0.70671827 0.00002141 -0.70749503
vn -0.68903393 -0.68896061 -0.22486770
vn -0.48780137 -0.48772362 -0.72399962
vn -0.70671827 0.00002141 -0.70749503
vn -0.70671827 0.00002141 -0.70749503
vn -0.97151405 0.00001838 -0.23698206
vn -0.68903393 -0.68896061 -0.22486770
vn -0.70671827 0.00002141 -0.70749503
vn -0.48777828 0.48777807 -0.72397852
vn -0.68900168 0.68900156 -0.22484104
vn -0.68900168 0.68900156 -0.22484104
vn -0.97151405 0.00001838 -0.23698206
vn -0.70671827 0.00002141 -0.70749503
vn -0.48777828 0.48777807 -0.72397852
vn -0.48780137 -0.48772362 -0.72399962
vn -0.00004316 -0.70668602 -0.70752728
vn -0.00004316 -0.70668602 -0.70752728
vn -0.48780137 -0.48772362 -0.72399962
vn -0.68903393 -0.68896061 -0.22486770
vn -0.68903393 -0.68896061 -0.22486770
vn -0.00003688 -0.97150779 -0.23700774
vn -0.00004316 -0.70668602 -0.70752728
vn -0.00004316 -0.70668602 -0.70752728
vn -0.00003688 -0.97150779 -0.23700774
vn 0.68904960 -0.68892729 -0.22492172
vn 0.68904960 -0.68892729 -0.22492172
vn 0.48779538 -0.48766568 -0.72404271
vn -0.00004316 -0.70668602 -0.70752728
vn -0.00004316 -0.70668602 -0.70752728
vn -0.00002158 0.70671809 -0.70749521
vn -0.48777828 0.48777807 -0.72397852
vn -0.68900168 0.68900156 -0.22484104
vn -0.48777828 0.48777807 -0.72397852
vn -0.00002158 0.70671809 -0.70749521
vn -0.00002158 0.70671809 -0.70749521
vn -0.00001844 0.97151399 -0.23698232
vn -0.68900168 0.68900156 -0.22484104
vn 0.48772651 0.48782980 -0.72397852
vn -0.00002158 0.70671809 -0.70749521
vn -0.00004316 -0.70668602 -0.70752728
vn -0.00004316 -0.70668602 -0.70752728
vn 0.48779538 -0.48766568 -0.72404271
vn 0.48772651 0.48782980 -0.72397852
vn -0.00002158 0.70671809 -0.70749521
vn 0.48772651 0.48782980 -0.72397852
vn 0.68895274 0.68905056 -0.22484106
vn 0.68895274 0.68905056 -0.22484106
vn -0.00001844 0.97151399 -0.23698232
vn -0.00002158 0.70671809 -0.70749521
vn 0.48772651 0.48782980 -0.72397852
vn 0.48779538 -0.48766568 -0.72404271
vn 0.70669669 0.00006457 -0.70751667
vn 0.70669669 0.00006457 -0.70751667
vn 0.48779538 -0.48766568 -0.72404271
vn 0.68904960 -0.68892729 -0.22492172
vn 0.68904960 -0.68892729 -0.22492172
vn 0.97151196 0.00005527 -0.23699054
vn 0.70669669 0.00006457 -0.70751667
vn 0.68895274 0.68905056 -0.22484106
vn 0.48772651 0.48782980 -0.72397852
vn 0.70669669 0.00006457 -0.70751667
vn 0.70669669 0.00006457 -0.70751667
vn 0.97151196 0.00005527 -0.23699054
vn 0.68895274 0.68905056 -0.22484106
vn -0.48780137 -0.48772362 -0.72399962
vn -0.48777828 0.48777807 -0.72397852
vn -0.70671827 0.00002141 -0.70749503
vn -0.68903393 -0.68896061 -0.22486770
vn -0.48780137 -0.48772362 -0.72399962
vn -0.70671827 0.00002141 -0.70749503
vn -0.70671827 0.00002141 -0.70749503
vn -0.97151405 0.00001838 -0.23698206
vn -0.68903393 -0.68896061 -0.22486770
vn -0.70671827 0.00002141 -0.70749503
vn -0.48777828 0.48777807 -0.72397852
vn -0.68900168 0.68900156 -0.22484104
vn -0.68900168 0.68900156 -0.22484104
vn -0.97151405 0.00001838 -0.23698206
vn -0.70671827 0.00002141 -0.70749503
vn -0.48777828 0.48777807 -0.72397852
vn -0.48780137 -0.48772362 -0.72399962
vn -0.00004316 -0.70668602 -0.70752728
vn -0.00004316 -0.70668602 -0.70752728
vn -0.48780137 -0.48772362 -0.72399962
vn -0.68903393 -0.68896061 -0.22486770
vn -0.68903393 -0.68896061 -0.22486770
vn -0.00003688 -0.97150779 -0.23700774
vn -0.00004316 -0.70668602 -0.70752728
vn -0.00004316 -0.70668602 -0.70752728
vn -0.00003688 -0.97150779 -0.23700774
vn 0.68904960 -0.68892729 -0.22492172
vn 0.68904960 -0.68892729 -0.22492172
vn 0.48779538 -0.48766568 -0.72404271
vn -0.00004316 -0.70668602 -0.70752728
vn -0.00004316 -0.70668602 -0.70752728
vn -0.00002158 0.70671809 -0.70749521
vn -0.48777828 0.48777807 -0.72397852
vn -0.68900168 0.68900156 -0.22484104
vn -0.48777828 0.48777807 -0.72397852
vn -0.00002158 0.70671809 -0.70749521
vn -0.00002158 0.70671809 -0.70749521
vn -0.00001844 0.97151399 -0.23698232
vn -0.68900168 0.68900156 -0.22484104
vn 0.48772651 0.48782980 -0.72397852
vn -0.00002158 0.70671809 -0.70749521
vn -0.00004316 -0.70668602 -0.70752728
vn -0.00004316 -0.70668602 -0.70752728
vn 0.48779538 -0.48766568 -0.72404271
vn 0.48772651 0.48782980 -0.72397852
vn -0.00002158 0.70671809 -0.70749521
vn 0.48772651 0.48782980 -0.72397852
vn 0.68895274 0.68905056 -0.22484106
vn 0.68895274 0.68905056 -0.22484106
vn -0.00001844 0.97151399 -0.23698232
vn -0.00002158 0.70671809 -0.70749521
vn 0.48772651 0.48782980 -0.72397852
vn 0.48779538 -0.48766568 -0.72404271
vn 0.70669669 0.00006457 -0.70751667
vn 0.70669669 0.00006457 -0.70751667
vn 0.48779538 -0.48766568 -0.72404271
vn 0.68904960 -0.68892729 -0.22492172
vn 0.68904960 -0.68892729 -0.22492172
vn 0.97151196 0.00005527 -0.23699054
vn 0.70669669 0.00006457 -0.70751667
vn 0.68895274 0.68905056 -0.22484106
vn 0.48772651 0.48782980 -0.72397852
vn 0.70669669 0.00006457 -0.70751667
vn 0.70669669 0.00006457 -0.70751667
vn 0.97151196 0.00005527 -0.23699054
vn 0.68895274 0.68905056 -0.22484106
vn 0.00000000 -1.00000000 0.00000024
vn 0.00000000 -1.00000000 0.00000024
vn 0.00000000 -1.00000000 0.00000024
vn 0.00000000 -1.00000000 0.00000024
vn 0.00000000 -1.00000000 0.00000024
vn 0.00000000 -1.00000000 0.00000024
vn 0.00000000 -1.00000000 0.00000024
vn 0.00000000 -1.00000000 0.00000024
vn 0.00000000 -1.00000000 0.00000024
vn 0.00000000 -1.00000000 0.00000024
vn 0.00000000 -1.00000000 0.00000024
vn 0.00000000 -1.00000000 0.00000024
vn 0.00000000 -1.00000000 0.00000024
vn 0.00000000 -1.00000000 0.00000024
vn 0.00000000 -1.00000000 0.00000024
vn 0.00000000 -1.00000000 0.00000024
vn 0.00000000 -1.00000000 0.00000024
vn 0.00000000 -1.00000000 0.00000024
vn 0.00000000 -1.00000000 0.00000024
vn 0.00000000 -1.00000000 0.00000024
vn 0.00000000 -1.00000000 0.00000024
vn 0.00000000 -1.00000000 0.00000024
vn 0.00000000 -1.00000000 0.00000024
vn 0.00000000 -1.00000000 0.00000024
vn 0.00000000 -1.00000000 0.00000024
vn 0.00000000 -1.00000000 0.00000024
vn 0.00000000 -1.00000000 0.00000024
vn 0.00000000 -1.00000000 0.00000024
vn 0.00000000 -1.00000000 0.00000024
vn 0.00000000 -1.00000000 0.00000024
vn 0.00000000 -1.00000000 0.00000024
vn 0.00000000 -1.00000000 0.00000024
vn 0.00000000 -1.00000000 0.00000024
vn 0.00000000 -1.00000000 0.00000024
vn 0.00000000 -1.00000000 0.00000024
vn 0.00000000 -1.00000000 0.00000024
vn 0.00000000 -1.00000000 0.00000024
vn 0.00000000 -1.00000000 0.00000024
vn 0.00000000 -1.00000000 0.00000024
vn 0.00000000 -1.00000000 0.00000024
vn 0.00000000 -1.00000000 0.00000024
vn 0.00000000 -1.00000000 0.00000024
vn 0.00000000 -1.00000000 0.00000024
vn 0.00000000 -1.00000000 0.00000024
vn 0.00000000 -1.00000000 0.00000024
vn 0.00000000 -1.00000000 0.00000024
vn 0.00000000 -1.00000000 0.00000024
vn 0.00000000 -1.00000000 0.00000024
vn 0.00000000 -1.00000000 0.00000024
vn 0.00000000 -1.00000000 0.00000024
vn 0.00000000 -1.00000000 0.00000024
vn 0.00000000 -1.00000000 0.00000024
vn 0.00000000 -1.00000000 0.00000024
vn 0.00000000 -1.00000000 0.00000024
vn 0.00000000 -1.00000000 0.00000024
vn 0.00000000 -1.00000000 0.00000024
vn 0.00000000 -1.00000000 0.00000024
vn 0.00000000 -1.00000000 0.00000024
vn 0.00000000 -1.00000000 0.00000024
vn 0.00000000 -1.00000000 0.00000024
vn -0.00001526 0.00001502 -1.00000000
vn -0.00001526 0.00001502 -1.00000000
vn -0.00001526 0.00001502 -1.00000000
vn -0.00001526 0.00001502 -1.00000000
vn -0.00001526 0.00001502 -1.00000000
vn -0.00001526 0.00001502 -1.00000000
vn 0.00000000 -0.00001502 1.00000000
vn 0.00000000 -0.00001502 1.00000000
vn 0.00000000 -0.00001502 1.00000000
vn 0.00000000 -0.00001502 1.00000000
vn 0.00000000 -0.00001502 1.00000000
vn 0.00000000 -0.00001502 1.00000000
vn 0.00000000 -1.00000000 0.00000024
vn 0.00000000 -1.00000000 0.00000024
vn 0.00000000 -1.00000000 0.00000024
vn 0.00000000 -1.00000000 0.00000024
vn 0.00000000 -1.00000000 0.00000024
vn 0.00000000 -1.00000000 0.00000024
vn -1.00000000 -0.00001526 0.00000000
vn -1.00000000 -0.00001526 0.00000000
vn -1.00000000 -0.00001526 0.00000000
vn -1.00000000 -0.00001526 0.00000000
vn -1.00000000 -0.00001526 0.00000000
vn -1.00000000 -0.00001526 0.00000000
vn 1.00000000 -0.00001526 0.00000000
vn 1.00000000 -0.00001526 0.00000000
vn 1.00000000 -0.00001526 0.00000000
vn 1.00000000 -0.00001526 0.00000000
vn 1.00000000 -0.00001526 0.00000000
vn 1.00000000 -0.00001526 0.00000000
vn 0.00000000 -0.00001502 1.00000000
vn 0.00000000 -0.00001502 1.00000000
vn 0.00000000 -0.00001502 1.00000000
vn 0.00000000 -0.00001502 1.00000000
vn 0.00000000 -0.00001502 1.00000000
vn 0.00000000 -0.00001502 1.00000000
vn 0.00000000 -0.00001502 1.00000000
vn 0.00000000 -0.00001502 1.00000000
vn 0.00000000 -0.00001502 1.00000000
vn 0.00000000 -0.00001502 1.00000000
vn 0.00000000 -0.00001502 1.00000000
vn 0.00000000 -0.00001502 1.00000000
vn 0.00000000 -0.00001502 1.00000000
vn 0.00000000 -0.00001502 1.00000000
vn 0.00000000 -0.00001502 1.00000000
vn 0.00000000 -0.00001502 1.00000000
vn 0.00000000 -0.00001502 1.00000000
vn 0.00000000 -0.00001502 1.00000000
vn 0.00000000 -0.00001502 1.00000000
vn 0.00000000 -0.00001502 1.00000000
vn 0.00000000 -0.00001502 1.00000000
vn 0.00000000 -0.00001502 1.00000000
vn 0.00000000 -0.00001502 1.00000000
vn 0.00000000 -0.00001502 1.00000000
vn 0.00000000 -0.00001502 1.00000000
vn 0.00000000 -0.00001502 1.00000000
vn 0.00000000 -0.00001502 1.00000000
vn 0.00000000 -0.00001502 1.00000000
vn 0.00000000 -0.00001502 1.00000000
vn 0.00000000 -0.00001502 1.00000000
vn 0.00000000 -0.00001502 1.00000000
vn 0.00000000 -0.00001502 1.00000000
vn 0.00000000 -0.00001502 1.00000000
vn 0.00000000 -0.00001502 1.00000000
vn 0.00000000 -0.00001502 1.00000000
vn 0.00000000 -0.00001502 1.00000000
vn 0.00000000 -0.00001502 1.00000000
vn 0.00000000 -0.00001502 1.00000000
vn 0.00000000 -0.00001502 1.00000000
vn 0.00000000 -0.00001502 1.00000000
vn 0.00000000 -0.00001502 1.00000000
vn 0.00000000 -0.00001502 1.00000000
vn 0.00000000 -0.00001502 1.00000000
vn 0.00000000 -0.00001502 1.00000000
vn 0.00000000 -0.00001502 1.00000000
vn 0.00000000 -0.00001502 1.00000000
vn 0.00000000 -0.00001502 1.00000000
vn 0.00000000 -0.00001502 1.00000000
vn 0.00000000 -0.00001502 1.00000000
vn 0.00000000 -0.00001502 1.00000000
vn 0.00000000 -0.00001502 1.00000000
vn 0.00000000 -0.00001502 1.00000000
vn 0.00000000 -0.00001502 1.00000000
vn 0.00000000 -0.00001502 1.00000000
vn 0.00000000 -0.00001502 1.00000000
vn 0.00000000 -0.00001502 1.00000000
vn 0.00000000 -0.00001502 1.00000000
vn 0.00000000 -0.00001502 1.00000000
vn 0.00000000 -0.00001502 1.00000000
vn 0.00000000 -0.00001502 1.00000000
vn 0.00000000 -0.00001502 1.00000000
vn 0.00000000 -0.00001502 1.00000000
vn 0.00000000 -0.00001502 1.00000000
vn 0.00000000 -0.00001502 1.00000000
vn 0.00000000 -0.00001502 1.00000000
vn 0.00000000 -0.00001502 1.00000000
vn 0.00000000 -0.00001502 1.00000000
vn 0.00000000 -0.00001502 1.00000000
vn 0.00000000 -0.00001502 1.00000000
vn 0.00000000 -0.00001502 1.00000000
vn 0.00000000 -0.00001502 1.00000000
vn 0.00000000 -0.00001502 1.00000000
vn 0.00000000 -0.00001502 1.00000000
vn 0.00000000 -0.00001502 1.00000000
vn 0.00000000 -0.00001502 1.00000000
vn 0.00000000 -0.00001502 1.00000000
vn 0.00000000 -0.00001502 1.00000000
vn 0.00000000 -0.00001502 1.00000000
vn 0.00000000 -0.00001502 1.00000000
vn 0.00000000 -0.00001502 1.00000000
vn 0.00000000 -0.00001502 1.00000000
vn 0.00000000 -0.00001502 1.00000000
vn 0.00000000 -0.00001502 1.00000000
vn 0.00000000 -0.00001502 1.00000000
vn 0.00000000 -0.00001502 1.00000000
vn 0.00000000 -0.00001502 1.00000000
vn 0.00000000 -0.00001502 1.00000000
vn 0.00000000 -0.00001502 1.00000000
vn 0.00000000 -0.00001502 1.00000000
vn 0.00000000 -0.00001502 1.00000000
vn 0.00000000 -0.00001502 1.00000000
vn 0.00000000 -0.00001502 1.00000000
vn 0.00000000 -0.00001502 1.00000000
vn 0.00000000 -0.00001502 1.00000000
vn 0.00000000 -0.00001502 1.00000000
vn 0.00000000 -0.00001502 1.00000000
vn 0.00000000 -0.00001502 1.00000000
vn 0.00000000 -0.00001502 1.00000000
vn 0.00000000 -0.00001502 1.00000000
vn 0.00000000 -0.00001502 1.00000000
vn 0.00000000 -0.00001502 1.00000000
vn 0.00000000 -0.00001502 1.00000000
vn 0.00000000 -0.00001502 1.00000000
vn 0.00000000 -0.00001502 1.00000000
vn 0.00000000 -0.00001502 1.00000000
vn 0.00000000 -0.00001502 1.00000000
vn 0.00000000 -0.00001502 1.00000000
vn 0.00000000 -0.00001502 1.00000000
# s3d_label 0
f 1/1/1 2/2/2 3/3/3
# s3d_label 0
f 4/4/4 5/5/5 6/6/6
# s3d_label 0
f 7/7/7 8/8/8 9/9/9
# s3d_label 0
f 10/10/10 11/11/11 12/12/12
# s3d_label 0
f 13/13/13 14/14/14 15/15/15
# s3d_label 0
f 16/16/16 17/17/17 18/18/18
# s3d_label 0
f 19/19/19 20/20/20 21/21/21
# s3d_label 0
f 22/22/22 23/23/23 24/24/24
# s3d_label 0
f 25/25/25 26/26/26 27/27/27
# s3d_label 0
f 28/28/28 29/29/29 30/30/30
# s3d_label 0
f 31/31/31 32/32/32 33/33/33
# s3d_label 0
f 34/34/34 35/35/35 36/36/36
# s3d_label 0
f 37/37/37 38/38/38 39/39/39
# s3d_label 0
f 40/40/40 41/41/41 42/42/42
# s3d_label 0
f 43/43/43 44/44/44 45/45/45
# s3d_label 0
f 46/46/46 47/47/47 48/48/48
# s3d_label 0
f 49/49/49 50/50/50 51/51/51
# s3d_label 0
f 52/52/52 53/53/53 54/54/54
# s3d_label 0
f 55/55/55 56/56/56 57/57/57
# s3d_label 0
f 58/58/58 59/59/59 60/60/60
# s3d_label 0
f 61/61/61 62/62/62 63/63/63
# s3d_label 0
f 64/64/64 65/65/65 66/66/66
# s3d_label 0
f 67/67/67 68/68/68 69/69/69
# s3d_label 0
f 70/70/70 71/71/71 72/72/72
# s3d_label 0
f 73/73/73 74/74/74 75/75/75
# s3d_label 0
f 76/76/76 77/77/77 78/78/78
# s3d_label 0
f 79/79/79 80/80/80 81/81/81
# s3d_label 0
f 82/82/82 83/83/83 84/84/84
# s3d_label 0
f 85/85/85 86/86/86 87/87/87
# s3d_label 0
f 88/88/88 89/89/89 90/90/90
# s3d_label 0
f 91/91/91 92/92/92 93/93/93
# s3d_label 0
f 94/94/94 95/95/95 96/96/96
# s3d_label 0
f 97/97/97 98/98/98 99/99/99
# s3d_label 0
f 100/100/100 101/101/101 102/102/102
# s3d_label 0
f 103/103/103 104/104/104 105/105/105
# s3d_label 0
f 106/106/106 107/107/107 108/108/108
# s3d_label 0
f 109/109/109 110/110/110 111/111/111
# s3d_label 0
f 112/112/112 113/113/113 114/114/114
# s3d_label 0
f 115/115/115 116/116/116 117/117/117
# s3d_label 0
f 118/118/118 119/119/119 120/120/120
# s3d_label 0
f 121/121/121 122/122/122 123/123/123
# s3d_label 0
f 124/124/124 125/125/125 126/126/126
# s3d_label 0
f 127/127/127 128/128/128 129/129/129
# s3d_label 0
f 130/130/130 131/131/131 132/132/132
# s3d_label 0
f 133/133/133 134/134/134 135/135/135
# s3d_label 0
f 136/136/136 137/137/137 138/138/138
# s3d_label 0
f 139/139/139 140/140/140 141/141/141
# s3d_label 0
f 142/142/142 143/143/143 144/144/144
# s3d_label 0
f 145/145/145 146/146/146 147/147/147
# s3d_label 0
f 148/148/148 149/149/149 150/150/150
# s3d_label 0
f 151/151/151 152/152/152 153/153/153
# s3d_label 0
f 154/154/154 155/155/155 156/156/156
# s3d_label 0
f 157/157/157 158/158/158 159/159/159
# s3d_label 0
f 160/160/160 161/161/161 162/162/162
# s3d_label 0
f 163/163/163 164/164/164 165/165/165
# s3d_label 0
f 166/166/166 167/167/167 168/168/168
# s3d_label 0
f 169/169/169 170/170/170 171/171/171
# s3d_label 0
f 172/172/172 173/173/173 174/174/174
# s3d_label 0
f 175/175/175 176/176/176 177/177/177
# s3d_label 0
f 178/178/178 179/179/179 180/180/180
# s3d_label 0
f 181/181/181 182/182/182 183/183/183
# s3d_label 0
f 184/184/184 185/185/185 186/186/186
# s3d_label 0
f 187/187/187 188/188/188 189/189/189
# s3d_label 0
f 190/190/190 191/191/191 192/192/192
# s3d_label 0
f 193/193/193 194/194/194 195/195/195
# s3d_label 0
f 196/196/196 197/197/197 198/198/198
# s3d_label 0
f 199/199/199 200/200/200 201/201/201
# s3d_label 0
f 202/202/202 203/203/203 204/204/204
# s3d_label 0
f 205/205/205 206/206/206 207/207/207
# s3d_label 0
f 208/208/208 209/209/209 210/210/210
# s3d_label 0
f 211/211/211 212/212/212 213/213/213
# s3d_label 0
f 214/214/214 215/215/215 216/216/216
# s3d_label 0
f 217/217/217 218/218/218 219/219/219
# s3d_label 0
f 220/220/220 221/221/221 222/222/222
# s3d_label 0
f 223/223/223 224/224/224 225/225/225
# s3d_label 0
f 226/226/226 227/227/227 228/228/228
# s3d_label 0
f 229/229/229 230/230/230 231/231/231
# s3d_label 0
f 232/232/232 233/233/233 234/234/234
# s3d_label 0
f 235/235/235 236/236/236 237/237/237
# s3d_label 0
f 238/238/238 239/239/239 240/240/240
# s3d_label 0
f 241/241/241 242/242/242 243/243/243
# s3d_label 0
f 244/244/244 245/245/245 246/246/246
# s3d_label 0
f 247/247/247 248/248/248 249/249/249
# s3d_label 0
f 250/250/250 251/251/251 252/252/252
# s3d_label 0
f 253/253/253 254/254/254 255/255/255
# s3d_label 0
f 256/256/256 257/257/257 258/258/258
# s3d_label 0
f 259/259/259 260/260/260 261/261/261
# s3d_label 0
f 262/262/262 263/263/263 264/264/264
# s3d_label 0
f 265/265/265 266/266/266 267/267/267
# s3d_label 0
f 268/268/268 269/269/269 270/270/270
# s3d_label 0
f 271/271/271 272/272/272 273/273/273
# s3d_label 0
f 274/274/274 275/275/275 276/276/276
# s3d_label 0
f 277/277/277 278/278/278 279/279/279
# s3d_label 0
f 280/280/280 281/281/281 282/282/282
# s3d_label 0
f 283/283/283 284/284/284 285/285/285
# s3d_label 0
f 286/286/286 287/287/287 288/288/288
# s3d_label 0
f 289/289/289 290/290/290 291/291/291
# s3d_label 0
f 292/292/292 293/293/293 294/294/294
# s3d_label 0
f 295/295/295 296/296/296 297/297/297
# s3d_label 0
f 298/298/298 299/299/299 300/300/300
# s3d_label 0
f 301/301/301 302/302/302 303/303/303
# s3d_label 0
f 304/304/304 305/305/305 306/306/306
# s3d_label 0
f 307/307/307 308/308/308 309/309/309
# s3d_label 0
f 310/310/310 311/311/311 312/312/312
# s3d_label 0
f 313/313/313 314/314/314 315/315/315
# s3d_label 0
f 316/316/316 317/317/317 318/318/318
# s3d_label 0
f 319/319/319 320/320/320 321/321/321
# s3d_label 0
f 322/322/322 323/323/323 324/324/324
# s3d_label 0
f 325/325/325 326/326/326 327/327/327
# s3d_label 0
f 328/328/328 329/329/329 330/330/330
# s3d_label 0
f 331/331/331 332/332/332 333/333/333
# s3d_label 0
f 334/334/334 335/335/335 336/336/336
# s3d_label 0
f 337/337/337 338/338/338 339/339/339
# s3d_label 0
f 340/340/340 341/341/341 342/342/342
# s3d_label 0
f 343/343/343 344/344/344 345/345/345
# s3d_label 0
f 346/346/346 347/347/347 348/348/348
# s3d_label 0
f 349/349/349 350/350/350 351/351/351
# s3d_label 0
f 352/352/352 353/353/353 354/354/354
# s3d_label 0
f 355/355/355 356/356/356 357/357/357
# s3d_label 0
f 358/358/358 359/359/359 360/360/360
# s3d_label 0
f 361/361/361 362/362/362 363/363/363
# s3d_label 0
f 364/364/364 365/365/365 366/366/366
# s3d_label 0
f 367/367/367 368/368/368 369/369/369
# s3d_label 0
f 370/370/370 371/371/371 372/372/372
# s3d_label 0
f 373/373/373 374/374/374 375/375/375
# s3d_label 0
f 376/376/376 377/377/377 378/378/378
# s3d_label 0
f 379/379/379 380/380/380 381/381/381
# s3d_label 0
f 382/382/382 383/383/383 384/384/384
# s3d_label 0
f 385/385/385 386/386/386 387/387/387
# s3d_label 0
f 388/388/388 389/389/389 390/390/390
# s3d_label 0
f 391/391/391 392/392/392 393/393/393
# s3d_label 0
f 394/394/394 395/395/395 396/396/396
# s3d_label 0
f 397/397/397 398/398/398 399/399/399
# s3d_label 0
f 400/400/400 401/401/401 402/402/402
# s3d_label 0
f 403/403/403 404/404/404 405/405/405
# s3d_label 0
f 406/406/406 407/407/407 408/408/408
# s3d_label 0
f 409/409/409 410/410/410 411/411/411
# s3d_label 0
f 412/412/412 413/413/413 414/414/414
# s3d_label 0
f 415/415/415 416/416/416 417/417/417
# s3d_label 0
f 418/418/418 419/419/419 420/420/420
# s3d_label 0
f 421/421/421 422/422/422 423/423/423
# s3d_label 0
f 424/424/424 425/425/425 426/426/426
# s3d_label 0
f 427/427/427 428/428/428 429/429/429
# s3d_label 0
f 430/430/430 431/431/431 432/432/432
# s3d_label 0
f 433/433/433 434/434/434 435/435/435
# s3d_label 0
f 436/436/436 437/437/437 438/438/438
# s3d_label 0
f 439/439/439 440/440/440 441/441/441
# s3d_label 0
f 442/442/442 443/443/443 444/444/444
# s3d_label 0
f 445/445/445 446/446/446 447/447/447
# s3d_label 0
f 448/448/448 449/449/449 450/450/450
# s3d_label 0
f 451/451/451 452/452/452 453/453/453
# s3d_label 0
f 454/454/454 455/455/455 456/456/456
# s3d_label 0
f 457/457/457 458/458/458 459/459/459
# s3d_label 0
f 460/460/460 461/461/461 462/462/462
# s3d_label 0
f 463/463/463 464/464/464 465/465/465
# s3d_label 0
f 466/466/466 467/467/467 468/468/468
# s3d_label 0
f 469/469/469 470/470/470 471/471/471
# s3d_label 0
f 472/472/472 473/473/473 474/474/474
# s3d_label 0
f 475/475/475 476/476/476 477/477/477
# s3d_label 0
f 478/478/478 479/479/479 480/480/480
# s3d_label 0
f 481/481/481 482/482/482 483/483/483
# s3d_label 0
f 484/484/484 485/485/485 486/486/486
# s3d_label 0
f 487/487/487 488/488/488 489/489/489
# s3d_label 0
f 490/490/490 491/491/491 492/492/492
# s3d_label 0
f 493/493/493 494/494/494 495/495/495
# s3d_label 0
f 496/496/496 497/497/497 498/498/498
# s3d_label 0
f 499/499/499 500/500/500 501/501/501
# s3d_label 0
f 502/502/502 503/503/503 504/504/504
# s3d_label 0
f 505/505/505 506/506/506 507/507/507
# s3d_label 0
f 508/508/508 509/509/509 510/510/510
# s3d_label 0
f 511/511/511 512/512/512 513/513/513
# s3d_label 0
f 514/514/514 515/515/515 516/516/516
# s3d_label 0
f 517/517/517 518/518/518 519/519/519
# s3d_label 0
f 520/520/520 521/521/521 522/522/522
# s3d_label 0
f 523/523/523 524/524/524 525/525/525
# s3d_label 0
f 526/526/526 527/527/527 528/528/528
# s3d_label 0
f 529/529/529 530/530/530 531/531/531
# s3d_label 0
f 532/532/532 533/533/533 534/534/534
# s3d_label 0
f 535/535/535 536/536/536 537/537/537
# s3d_label 0
f 538/538/538 539/539/539 540/540/540
# s3d_label 0
f 541/541/541 542/542/542 543/543/543
# s3d_label 0
f 544/544/544 545/545/545 546/546/546
# s3d_label 0
f 547/547/547 548/548/548 549/549/549
# s3d_label 0
f 550/550/550 551/551/551 552/552/552
# s3d_label 0
f 553/553/553 554/554/554 555/555/555
# s3d_label 0
f 556/556/556 557/557/557 558/558/558
# s3d_label 0
f 559/559/559 560/560/560 561/561/561
# s3d_label 0
f 562/562/562 563/563/563 564/564/564
# s3d_label 0
f 565/565/565 566/566/566 567/567/567
# s3d_label 0
f 568/568/568 569/569/569 570/570/570
# s3d_label 0
f 571/571/571 572/572/572 573/573/573
# s3d_label 0
f 574/574/574 575/575/575 576/576/576
# s3d_label 0
f 577/577/577 578/578/578 579/579/579
# s3d_label 0
f 580/580/580 581/581/581 582/582/582
# s3d_label 0
f 583/583/583 584/584/584 585/585/585
# s3d_label 0
f 586/586/586 587/587/587 588/588/588
# s3d_label 0
f 589/589/589 590/590/590 591/591/591
# s3d_label 0
f 592/592/592 593/593/593 594/594/594
# s3d_label 0
f 595/595/595 596/596/596 597/597/597
# s3d_label 0
f 598/598/598 599/599/599 600/600/600
# s3d_label 0
f 601/601/601 602/602/602 603/603/603
# s3d_label 0
f 604/604/604 605/605/605 606/606/606
# s3d_label 0
f 607/607/607 608/608/608 609/609/609
# s3d_label 0
f 610/610/610 611/611/611 612/612/612
# s3d_label 0
f 613/613/613 614/614/614 615/615/615
# s3d_label 0
f 616/616/616 617/617/617 618/618/618
# s3d_label 0
f 619/619/619 620/620/620 621/621/621
# s3d_label 0
f 622/622/622 623/623/623 624/624/624
# s3d_label 0
f 625/625/625 626/626/626 627/627/627
# s3d_label 0
f 628/628/628 629/629/629 630/630/630
# s3d_label 0
f 631/631/631 632/632/632 633/633/633
# s3d_label 0
f 634/634/634 635/635/635 636/636/636
# s3d_label 0
f 637/637/637 638/638/638 639/639/639
# s3d_label 0
f 640/640/640 641/641/641 642/642/642
# s3d_label 0
f 643/643/643 644/644/644 645/645/645
# s3d_label 0
f 646/646/646 647/647/647 648/648/648
# s3d_label 0
f 649/649/649 650/650/650 651/651/651
# s3d_label 0
f 652/652/652 653/653/653 654/654/654
# s3d_label 0
f 655/655/655 656/656/656 657/657/657
# s3d_label 0
f 658/658/658 659/659/659 660/660/660
# s3d_label 0
f 661/661/661 662/662/662 663/663/663
# s3d_label 0
f 664/664/664 665/665/665 666/666/666
# s3d_label 0
f 667/667/667 668/668/668 669/669/669
# s3d_label 0
f 670/670/670 671/671/671 672/672/672
# s3d_label 0
f 673/673/673 674/674/674 675/675/675
# s3d_label 0
f 676/676/676 677/677/677 678/678/678
# s3d_label 0
f 679/679/679 680/680/680 681/681/681
# s3d_label 0
f 682/682/682 683/683/683 684/684/684
# s3d_label 0
f 685/685/685 686/686/686 687/687/687
# s3d_label 0
f 688/688/688 689/689/689 690/690/690
# s3d_label 0
f 691/691/691 692/692/692 693/693/693
# s3d_label 0
f 694/694/694 695/695/695 696/696/696
# s3d_label 0
f 697/697/697 698/698/698 699/699/699
# s3d_label 0
f 700/700/700 701/701/701 702/702/702
# s3d_label 0
f 703/703/703 704/704/704 705/705/705
# s3d_label 0
f 706/706/706 707/707/707 708/708/708
# s3d_label 0
f 709/709/709 710/710/710 711/711/711
# s3d_label 0
f 712/712/712 713/713/713 714/714/714
# s3d_label 0
f 715/715/715 716/716/716 717/717/717
# s3d_label 0
f 718/718/718 719/719/719 720/720/720
# s3d_label 0
f 721/721/721 722/722/722 723/723/723
# s3d_label 0
f 724/724/724 725/725/725 726/726/726
# s3d_label 0
f 727/727/727 728/728/728 729/729/729
# s3d_label 0
f 730/730/730 731/731/731 732/732/732
# s3d_label 0
f 733/733/733 734/734/734 735/735/735
# s3d_label 0
f 736/736/736 737/737/737 738/738/738
# s3d_label 0
f 739/739/739 740/740/740 741/741/741
# s3d_label 0
f 742/742/742 743/743/743 744/744/744
# s3d_label 0
f 745/745/745 746/746/746 747/747/747
# s3d_label 0
f 748/748/748 749/749/749 750/750/750
# s3d_label 0
f 751/751/751 752/752/752 753/753/753
# s3d_label 0
f 754/754/754 755/755/755 756/756/756
# s3d_label 0
f 757/757/757 758/758/758 759/759/759
# s3d_label 0
f 760/760/760 761/761/761 762/762/762
# s3d_label 0
f 763/763/763 764/764/764 765/765/765
# s3d_label 0
f 766/766/766 767/767/767 768/768/768
# s3d_label 0
f 769/769/769 770/770/770 771/771/771
# s3d_label 0
f 772/772/772 773/773/773 774/774/774
# s3d_label 0
f 775/775/775 776/776/776 777/777/777
# s3d_label 0
f 778/778/778 779/779/779 780/780/780
# s3d_label 0
f 781/781/781 782/782/782 783/783/783
# s3d_label 0
f 784/784/784 785/785/785 786/786/786
# s3d_label 0
f 787/787/787 788/788/788 789/789/789
# s3d_label 0
f 790/790/790 791/791/791 792/792/792
# s3d_label 0
f 793/793/793 794/794/794 795/795/795
# s3d_label 0
f 796/796/796 797/797/797 798/798/798
# s3d_label 0
f 799/799/799 800/800/800 801/801/801
# s3d_label 0
f 802/802/802 803/803/803 804/804/804
# s3d_label 0
f 805/805/805 806/806/806 807/807/807
# s3d_label 0
f 808/808/808 809/809/809 810/810/810
# s3d_label 0
f 811/811/811 812/812/812 813/813/813
# s3d_label 0
f 814/814/814 815/815/815 816/816/816
# s3d_label 0
f 817/817/817 818/818/818 819/819/819
# s3d_label 0
f 820/820/820 821/821/821 822/822/822
# s3d_label 0
f 823/823/823 824/824/824 825/825/825
# s3d_label 0
f 826/826/826 827/827/827 828/828/828
# s3d_label 0
f 829/829/829 830/830/830 831/831/831
# s3d_label 0
f 832/832/832 833/833/833 834/834/834
# s3d_label 0
f 835/835/835 836/836/836 837/837/837
# s3d_label 0
f 838/838/838 839/839/839 840/840/840
# s3d_label 0
f 841/841/841 842/842/842 843/843/843
# s3d_label 0
f 844/844/844 845/845/845 846/846/846
# s3d_label 0
f 847/847/847 848/848/848 849/849/849
# s3d_label 0
f 850/850/850 851/851/851 852/852/852
# s3d_label 0
f 853/853/853 854/854/854 855/855/855
# s3d_label 0
f 856/856/856 857/857/857 858/858/858
# s3d_label 0
f 859/859/859 860/860/860 861/861/861
# s3d_label 0
f 862/862/862 863/863/863 864/864/864
# s3d_label 0
f 865/865/865 866/866/866 867/867/867
# s3d_label 0
f 868/868/868 869/869/869 870/870/870
# s3d_label 0
f 871/871/871 872/872/872 873/873/873
# s3d_label 0
f 874/874/874 875/875/875 876/876/876
# s3d_label 0
f 877/877/877 878/878/878 879/879/879
# s3d_label 0
f 880/880/880 881/881/881 882/882/882
# s3d_label 0
f 883/883/883 884/884/884 885/885/885
# s3d_label 0
f 886/886/886 887/887/887 888/888/888
# s3d_label 0
f 889/889/889 890/890/890 891/891/891
# s3d_label 0
f 892/892/892 893/893/893 894/894/894
# s3d_label 0
f 895/895/895 896/896/896 897/897/897
# s3d_label 0
f 898/898/898 899/899/899 900/900/900
# s3d_label 0
f 901/901/901 902/902/902 903/903/903
# s3d_label 0
f 904/904/904 905/905/905 906/906/906
# s3d_label 0
f 907/907/907 908/908/908 909/909/909
# s3d_label 0
f 910/910/910 911/911/911 912/912/912
# s3d_label 0
f 913/913/913 914/914/914 915/915/915
# s3d_label 0
f 916/916/916 917/917/917 918/918/918
# s3d_label 0
f 919/919/919 920/920/920 921/921/921
# s3d_label 0
f 922/922/922 923/923/923 924/924/924
# s3d_label 0
f 925/925/925 926/926/926 927/927/927
# s3d_label 0
f 928/928/928 929/929/929 930/930/930
# s3d_label 0
f 931/931/931 932/932/932 933/933/933
# s3d_label 0
f 934/934/934 935/935/935 936/936/936
# s3d_label 0
f 937/937/937 938/938/938 939/939/939
# s3d_label 0
f 940/940/940 941/941/941 942/942/942
# s3d_label 0
f 943/943/943 944/944/944 945/945/945
# s3d_label 0
f 946/946/946 947/947/947 948/948/948
# s3d_label 0
f 949/949/949 950/950/950 951/951/951
# s3d_label 0
f 952/952/952 953/953/953 954/954/954
# s3d_label 0
f 955/955/955 956/956/956 957/957/957
# s3d_label 0
f 958/958/958 959/959/959 960/960/960
# s3d_label 0
f 961/961/961 962/962/962 963/963/963
# s3d_label 0
f 964/964/964 965/965/965 966/966/966
# s3d_label 0
f 967/967/967 968/968/968 969/969/969
# s3d_label 0
f 970/970/970 971/971/971 972/972/972
# s3d_label 0
f 973/973/973 974/974/974 975/975/975
# s3d_label 0
f 976/976/976 977/977/977 978/978/978
# s3d_label 0
f 979/979/979 980/980/980 981/981/981
# s3d_label 0
f 982/982/982 983/983/983 984/984/984
# s3d_label 0
f 985/985/985 986/986/986 987/987/987
# s3d_label 0
f 988/988/988 989/989/989 990/990/990
# s3d_label 0
f 991/991/991 992/992/992 993/993/993
# s3d_label 0
f 994/994/994 995/995/995 996/996/996
# s3d_label 0
f 997/997/997 998/998/998 999/999/999
# s3d_label 0
f 1000/1000/1000 1001/1001/1001 1002/1002/1002
# s3d_label 0
f 1003/1003/1003 1004/1004/1004 1005/1005/1005
# s3d_label 0
f 1006/1006/1006 1007/1007/1007 1008/1008/1008
# s3d_label 0
f 1009/1009/1009 1010/1010/1010 1011/1011/1011
# s3d_label 0
f 1012/1012/1012 1013/1013/1013 1014/1014/1014
# s3d_label 0
f 1015/1015/1015 1016/1016/1016 1017/1017/1017
# s3d_label 0
f 1018/1018/1018 1019/1019/1019 1020/1020/1020
# s3d_label 0
f 1021/1021/1021 1022/1022/1022 1023/1023/1023
# s3d_label 0
f 1024/1024/1024 1025/1025/1025 1026/1026/1026
# s3d_label 0
f 1027/1027/1027 1028/1028/1028 1029/1029/1029
# s3d_label 0
f 1030/1030/1030 1031/1031/1031 1032/1032/1032
# s3d_label 0
f 1033/1033/1033 1034/1034/1034 1035/1035/1035
# s3d_label 0
f 1036/1036/1036 1037/1037/1037 1038/1038/1038
# s3d_label 0
f 1039/1039/1039 1040/1040/1040 1041/1041/1041
# s3d_label 0
f 1042/1042/1042 1043/1043/1043 1044/1044/1044
# s3d_label 0
f 1045/1045/1045 1046/1046/1046 1047/1047/1047
# s3d_label 0
f 1048/1048/1048 1049/1049/1049 1050/1050/1050
# s3d_label 0
f 1051/1051/1051 1052/1052/1052 1053/1053/1053
# s3d_label 0
f 1054/1054/1054 1055/1055/1055 1056/1056/1056
# s3d_label 0
f 1057/1057/1057 1058/1058/1058 1059/1059/1059
# s3d_label 0
f 1060/1060/1060 1061/1061/1061 1062/1062/1062
# s3d_label 0
f 1063/1063/1063 1064/1064/1064 1065/1065/1065
# s3d_label 0
f 1066/1066/1066 1067/1067/1067 1068/1068/1068
# s3d_label 0
f 1069/1069/1069 1070/1070/1070 1071/1071/1071
# s3d_label 0
f 1072/1072/1072 1073/1073/1073 1074/1074/1074
# s3d_label 0
f 1075/1075/1075 1076/1076/1076 1077/1077/1077
# s3d_label 0
f 1078/1078/1078 1079/1079/1079 1080/1080/1080
# s3d_label 0
f 1081/1081/1081 1082/1082/1082 1083/1083/1083
# s3d_label 0
f 1084/1084/1084 1085/1085/1085 1086/1086/1086
# s3d_label 0
f 1087/1087/1087 1088/1088/1088 1089/1089/1089
# s3d_label 0
f 1090/1090/1090 1091/1091/1091 1092/1092/1092
# s3d_label 0
f 1093/1093/1093 1094/1094/1094 1095/1095/1095
# s3d_label 0
f 1096/1096/1096 1097/1097/1097 1098/1098/1098
# s3d_label 0
f 1099/1099/1099 1100/1100/1100 1101/1101/1101
# s3d_label 0
f 1102/1102/1102 1103/1103/1103 1104/1104/1104
# s3d_label 0
f 1105/1105/1105 1106/1106/1106 1107/1107/1107
# s3d_label 0
f 1108/1108/1108 1109/1109/1109 1110/1110/1110
# s3d_label 0
f 1111/1111/1111 1112/1112/1112 1113/1113/1113
# s3d_label 0
f 1114/1114/1114 1115/1115/1115 1116/1116/1116
# s3d_label 0
f 1117/1117/1117 1118/1118/1118 1119/1119/1119
# s3d_label 0
f 1120/1120/1120 1121/1121/1121 1122/1122/1122
# s3d_label 0
f 1123/1123/1123 1124/1124/1124 1125/1125/1125
# s3d_label 0
f 1126/1126/1126 1127/1127/1127 1128/1128/1128
# s3d_label 0
f 1129/1129/1129 1130/1130/1130 1131/1131/1131
# s3d_label 0
f 1132/1132/1132 1133/1133/1133 1134/1134/1134
# s3d_label 0
f 1135/1135/1135 1136/1136/1136 1137/1137/1137
# s3d_label 0
f 1138/1138/1138 1139/1139/1139 1140/1140/1140
# s3d_label 0
f 1141/1141/1141 1142/1142/1142 1143/1143/1143
# s3d_label 0
f 1144/1144/1144 1145/1145/1145 1146/1146/1146
# s3d_label 0
f 1147/1147/1147 1148/1148/1148 1149/1149/1149
# s3d_label 0
f 1150/1150/1150 1151/1151/1151 1152/1152/1152
# s3d_label 0
f 1153/1153/1153 1154/1154/1154 1155/1155/1155
# s3d_label 0
f 1156/1156/1156 1157/1157/1157 1158/1158/1158
# s3d_label 0
f 1159/1159/1159 1160/1160/1160 1161/1161/1161
# s3d_label 0
f 1162/1162/1162 1163/1163/1163 1164/1164/1164
# s3d_label 0
f 1165/1165/1165 1166/1166/1166 1167/1167/1167
# s3d_label 0
f 1168/1168/1168 1169/1169/1169 1170/1170/1170
# s3d_label 0
f 1171/1171/1171 1172/1172/1172 1173/1173/1173
# s3d_label 0
f 1174/1174/1174 1175/1175/1175 1176/1176/1176
# s3d_label 0
f 1177/1177/1177 1178/1178/1178 1179/1179/1179
# s3d_label 0
f 1180/1180/1180 1181/1181/1181 1182/1182/1182
# s3d_label 0
f 1183/1183/1183 1184/1184/1184 1185/1185/1185
# s3d_label 0
f 1186/1186/1186 1187/1187/1187 1188/1188/1188
# s3d_label 0
f 1189/1189/1189 1190/1190/1190 1191/1191/1191
# s3d_label 0
f 1192/1192/1192 1193/1193/1193 1194/1194/1194
# s3d_label 0
f 1195/1195/1195 1196/1196/1196 1197/1197/1197
# s3d_label 0
f 1198/1198/1198 1199/1199/1199 1200/1200/1200
# s3d_label 0
f 1201/1201/1201 1202/1202/1202 1203/1203/1203
# s3d_label 0
f 1204/1204/1204 1205/1205/1205 1206/1206/1206
# s3d_label 0
f 1207/1207/1207 1208/1208/1208 1209/1209/1209
# s3d_label 0
f 1210/1210/1210 1211/1211/1211 1212/1212/1212
# s3d_label 0
f 1213/1213/1213 1214/1214/1214 1215/1215/1215
# s3d_label 0
f 1216/1216/1216 1217/1217/1217 1218/1218/1218
# s3d_label 0
f 1219/1219/1219 1220/1220/1220 1221/1221/1221
# s3d_label 0
f 1222/1222/1222 1223/1223/1223 1224/1224/1224
# s3d_label 0
f 1225/1225/1225 1226/1226/1226 1227/1227/1227
# s3d_label 0
f 1228/1228/1228 1229/1229/1229 1230/1230/1230
# s3d_label 0
f 1231/1231/1231 1232/1232/1232 1233/1233/1233
# s3d_label 0
f 1234/1234/1234 1235/1235/1235 1236/1236/1236
# s3d_label 0
f 1237/1237/1237 1238/1238/1238 1239/1239/1239
# s3d_label 0
f 1240/1240/1240 1241/1241/1241 1242/1242/1242
# s3d_label 0
f 1243/1243/1243 1244/1244/1244 1245/1245/1245
# s3d_label 0
f 1246/1246/1246 1247/1247/1247 1248/1248/1248
# s3d_label 0
f 1249/1249/1249 1250/1250/1250 1251/1251/1251
# s3d_label 0
f 1252/1252/1252 1253/1253/1253 1254/1254/1254
# s3d_label 0
f 1255/1255/1255 1256/1256/1256 1257/1257/1257
# s3d_label 0
f 1258/1258/1258 1259/1259/1259 1260/1260/1260
# s3d_label 0
f 1261/1261/1261 1262/1262/1262 1263/1263/1263
# s3d_label 0
f 1264/1264/1264 1265/1265/1265 1266/1266/1266
# s3d_label 0
f 1267/1267/1267 1268/1268/1268 1269/1269/1269
# s3d_label 0
f 1270/1270/1270 1271/1271/1271 1272/1272/1272
# s3d_label 0
f 1273/1273/1273 1274/1274/1274 1275/1275/1275
# s3d_label 0
f 1276/1276/1276 1277/1277/1277 1278/1278/1278
# s3d_label 0
f 1279/1279/1279 1280/1280/1280 1281/1281/1281
# s3d_label 0
f 1282/1282/1282 1283/1283/1283 1284/1284/1284
# s3d_label 0
f 1285/1285/1285 1286/1286/1286 1287/1287/1287
# s3d_label 0
f 1288/1288/1288 1289/1289/1289 1290/1290/1290
# s3d_label 0
f 1291/1291/1291 1292/1292/1292 1293/1293/1293
# s3d_label 0
f 1294/1294/1294 1295/1295/1295 1296/1296/1296
# s3d_label 0
f 1297/1297/1297 1298/1298/1298 1299/1299/1299
# s3d_label 0
f 1300/1300/1300 1301/1301/1301 1302/1302/1302
# s3d_label 0
f 1303/1303/1303 1304/1304/1304 1305/1305/1305
# s3d_label 0
f 1306/1306/1306 1307/1307/1307 1308/1308/1308
# s3d_label 0
f 1309/1309/1309 1310/1310/1310 1311/1311/1311
# s3d_label 0
f 1312/1312/1312 1313/1313/1313 1314/1314/1314
# s3d_label 0
f 1315/1315/1315 1316/1316/1316 1317/1317/1317
# s3d_label 0
f 1318/1318/1318 1319/1319/1319 1320/1320/1320
# s3d_label 0
f 1321/1321/1321 1322/1322/1322 1323/1323/1323
# s3d_label 0
f 1324/1324/1324 1325/1325/1325 1326/1326/1326
# s3d_label 0
f 1327/1327/1327 1328/1328/1328 1329/1329/1329
# s3d_label 0
f 1330/1330/1330 1331/1331/1331 1332/1332/1332
# s3d_label 0
f 1333/1333/1333 1334/1334/1334 1335/1335/1335
# s3d_label 0
f 1336/1336/1336 1337/1337/1337 1338/1338/1338
# s3d_label 0
f 1339/1339/1339 1340/1340/1340 1341/1341/1341
# s3d_label 0
f 1342/1342/1342 1343/1343/1343 1344/1344/1344
# s3d_label 0
f 1345/1345/1345 1346/1346/1346 1347/1347/1347
# s3d_label 0
f 1348/1348/1348 1349/1349/1349 1350/1350/1350
# s3d_label 0
f 1351/1351/1351 1352/1352/1352 1353/1353/1353
# s3d_label 0
f 1354/1354/1354 1355/1355/1355 1356/1356/1356
# s3d_label 0
f 1357/1357/1357 1358/1358/1358 1359/1359/1359
# s3d_label 0
f 1360/1360/1360 1361/1361/1361 1362/1362/1362
# s3d_label 0
f 1363/1363/1363 1364/1364/1364 1365/1365/1365
# s3d_label 0
f 1366/1366/1366 1367/1367/1367 1368/1368/1368
# s3d_label 0
f 1369/1369/1369 1370/1370/1370 1371/1371/1371
# s3d_label 0
f 1372/1372/1372 1373/1373/1373 1374/1374/1374
# s3d_label 0
f 1375/1375/1375 1376/1376/1376 1377/1377/1377
# s3d_label 0
f 1378/1378/1378 1379/1379/1379 1380/1380/1380
# s3d_label 0
f 1381/1381/1381 1382/1382/1382 1383/1383/1383
# s3d_label 0
f 1384/1384/1384 1385/1385/1385 1386/1386/1386
# s3d_label 0
f 1387/1387/1387 1388/1388/1388 1389/1389/1389
# s3d_label 0
f 1390/1390/1390 1391/1391/1391 1392/1392/1392
# s3d_label 0
f 1393/1393/1393 1394/1394/1394 1395/1395/1395
# s3d_label 0
f 1396/1396/1396 1397/1397/1397 1398/1398/1398
# s3d_label 0
f 1399/1399/1399 1400/1400/1400 1401/1401/1401
# s3d_label 0
f 1402/1402/1402 1403/1403/1403 1404/1404/1404
# s3d_label 0
f 1405/1405/1405 1406/1406/1406 1407/1407/1407
# s3d_label 0
f 1408/1408/1408 1409/1409/1409 1410/1410/1410
# s3d_label 0
f 1411/1411/1411 1412/1412/1412 1413/1413/1413
# s3d_label 0
f 1414/1414/1414 1415/1415/1415 1416/1416/1416
# s3d_label 0
f 1417/1417/1417 1418/1418/1418 1419/1419/1419
# s3d_label 0
f 1420/1420/1420 1421/1421/1421 1422/1422/1422
# s3d_label 0
f 1423/1423/1423 1424/1424/1424 1425/1425/1425
# s3d_label 0
f 1426/1426/1426 1427/1427/1427 1428/1428/1428
# s3d_label 0
f 1429/1429/1429 1430/1430/1430 1431/1431/1431
# s3d_label 0
f 1432/1432/1432 1433/1433/1433 1434/1434/1434
# s3d_label 0
f 1435/1435/1435 1436/1436/1436 1437/1437/1437
# s3d_label 0
f 1438/1438/1438 1439/1439/1439 1440/1440/1440
# s3d_label 0
f 1441/1441/1441 1442/1442/1442 1443/1443/1443
# s3d_label 0
f 1444/1444/1444 1445/1445/1445 1446/1446/1446
# s3d_label 0
f 1447/1447/1447 1448/1448/1448 1449/1449/1449
# s3d_label 0
f 1450/1450/1450 1451/1451/1451 1452/1452/1452
# s3d_label 0
f 1453/1453/1453 1454/1454/1454 1455/1455/1455
# s3d_label 0
f 1456/1456/1456 1457/1457/1457 1458/1458/1458
# s3d_label 0
f 1459/1459/1459 1460/1460/1460 1461/1461/1461
# s3d_label 0
f 1462/1462/1462 1463/1463/1463 1464/1464/1464
# s3d_label 0
f 1465/1465/1465 1466/1466/1466 1467/1467/1467
# s3d_label 0
f 1468/1468/1468 1469/1469/1469 1470/1470/1470
# s3d_label 0
f 1471/1471/1471 1472/1472/1472 1473/1473/1473
# s3d_label 0
f 1474/1474/1474 1475/1475/1475 1476/1476/1476
# s3d_label 0
f 1477/1477/1477 1478/1478/1478 1479/1479/1479
# s3d_label 0
f 1480/1480/1480 1481/1481/1481 1482/1482/1482
# s3d_label 0
f 1483/1483/1483 1484/1484/1484 1485/1485/1485
# s3d_label 0
f 1486/1486/1486 1487/1487/1487 1488/1488/1488
# s3d_label 0
f 1489/1489/1489 1490/1490/1490 1491/1491/1491
# s3d_label 0
f 1492/1492/1492 1493/1493/1493 1494/1494/1494
# s3d_label 0
f 1495/1495/1495 1496/1496/1496 1497/1497/1497
# s3d_label 0
f 1498/1498/1498 1499/1499/1499 1500/1500/1500
# s3d_label 0
f 1501/1501/1501 1502/1502/1502 1503/1503/1503
# s3d_label 0
f 1504/1504/1504 1505/1505/1505 1506/1506/1506
# s3d_label 0
f 1507/1507/1507 1508/1508/1508 1509/1509/1509
# s3d_label 0
f 1510/1510/1510 1511/1511/1511 1512/1512/1512
# s3d_label 0
f 1513/1513/1513 1514/1514/1514 1515/1515/1515
# s3d_label 0
f 1516/1516/1516 1517/1517/1517 1518/1518/1518
# s3d_label 0
f 1519/1519/1519 1520/1520/1520 1521/1521/1521
# s3d_label 0
f 1522/1522/1522 1523/1523/1523 1524/1524/1524
# s3d_label 0
f 1525/1525/1525 1526/1526/1526 1527/1527/1527
# s3d_label 0
f 1528/1528/1528 1529/1529/1529 1530/1530/1530
# s3d_label 0
f 1531/1531/1531 1532/1532/1532 1533/1533/1533
# s3d_label 0
f 1534/1534/1534 1535/1535/1535 1536/1536/1536
# s3d_label 0
f 1537/1537/1537 1538/1538/1538 1539/1539/1539
# s3d_label 0
f 1540/1540/1540 1541/1541/1541 1542/1542/1542
# s3d_label 0
f 1543/1543/1543 1544/1544/1544 1545/1545/1545
# s3d_label 0
f 1546/1546/1546 1547/1547/1547 1548/1548/1548
# s3d_label 0
f 1549/1549/1549 1550/1550/1550 1551/1551/1551
# s3d_label 0
f 1552/1552/1552 1553/1553/1553 1554/1554/1554
# s3d_label 0
f 1555/1555/1555 1556/1556/1556 1557/1557/1557
# s3d_label 0
f 1558/1558/1558 1559/1559/1559 1560/1560/1560
# s3d_label 0
f 1561/1561/1561 1562/1562/1562 1563/1563/1563
# s3d_label 0
f 1564/1564/1564 1565/1565/1565 1566/1566/1566
# s3d_label 0
f 1567/1567/1567 1568/1568/1568 1569/1569/1569
# s3d_label 0
f 1570/1570/1570 1571/1571/1571 1572/1572/1572
# s3d_label 0
f 1573/1573/1573 1574/1574/1574 1575/1575/1575
# s3d_label 0
f 1576/1576/1576 1577/1577/1577 1578/1578/1578
# s3d_label 0
f 1579/1579/1579 1580/1580/1580 1581/1581/1581
# s3d_label 0
f 1582/1582/1582 1583/1583/1583 1584/1584/1584
# s3d_label 0
f 1585/1585/1585 1586/1586/1586 1587/1587/1587
# s3d_label 0
f 1588/1588/1588 1589/1589/1589 1590/1590/1590
# s3d_label 0
f 1591/1591/1591 1592/1592/1592 1593/1593/1593
# s3d_label 0
f 1594/1594/1594 1595/1595/1595 1596/1596/1596
# s3d_label 0
f 1597/1597/1597 1598/1598/1598 1599/1599/1599
# s3d_label 0
f 1600/1600/1600 1601/1601/1601 1602/1602/1602
# s3d_label 0
f 1603/1603/1603 1604/1604/1604 1605/1605/1605
# s3d_label 0
f 1606/1606/1606 1607/1607/1607 1608/1608/1608
# s3d_label 0
f 1609/1609/1609 1610/1610/1610 1611/1611/1611
# s3d_label 0
f 1612/1612/1612 1613/1613/1613 1614/1614/1614
# s3d_label 0
f 1615/1615/1615 1616/1616/1616 1617/1617/1617
# s3d_label 0
f 1618/1618/1618 1619/1619/1619 1620/1620/1620
# s3d_label 0
f 1621/1621/1621 1622/1622/1622 1623/1623/1623
# s3d_label 0
f 1624/1624/1624 1625/1625/1625 1626/1626/1626
# s3d_label 0
f 1627/1627/1627 1628/1628/1628 1629/1629/1629
# s3d_label 0
f 1630/1630/1630 1631/1631/1631 1632/1632/1632
# s3d_label 0
f 1633/1633/1633 1634/1634/1634 1635/1635/1635
# s3d_label 0
f 1636/1636/1636 1637/1637/1637 1638/1638/1638
# s3d_label 0
f 1639/1639/1639 1640/1640/1640 1641/1641/1641
# s3d_label 0
f 1642/1642/1642 1643/1643/1643 1644/1644/1644
# s3d_label 0
f 1645/1645/1645 1646/1646/1646 1647/1647/1647
# s3d_label 0
f 1648/1648/1648 1649/1649/1649 1650/1650/1650
# s3d_label 0
f 1651/1651/1651 1652/1652/1652 1653/1653/1653
# s3d_label 0
f 1654/1654/1654 1655/1655/1655 1656/1656/1656
# s3d_label 0
f 1657/1657/1657 1658/1658/1658 1659/1659/1659
# s3d_label 0
f 1660/1660/1660 1661/1661/1661 1662/1662/1662
# s3d_label 0
f 1663/1663/1663 1664/1664/1664 1665/1665/1665
# s3d_label 0
f 1666/1666/1666 1667/1667/1667 1668/1668/1668
# s3d_label 0
f 1669/1669/1669 1670/1670/1670 1671/1671/1671
# s3d_label 0
f 1672/1672/1672 1673/1673/1673 1674/1674/1674
# s3d_label 0
f 1675/1675/1675 1676/1676/1676 1677/1677/1677
# s3d_label 0
f 1678/1678/1678 1679/1679/1679 1680/1680/1680
# s3d_label 0
f 1681/1681/1681 1682/1682/1682 1683/1683/1683
# s3d_label 0
f 1684/1684/1684 1685/1685/1685 1686/1686/1686
# s3d_label 0
f 1687/1687/1687 1688/1688/1688 1689/1689/1689
# s3d_label 0
f 1690/1690/1690 1691/1691/1691 1692/1692/1692
# s3d_label 0
f 1693/1693/1693 1694/1694/1694 1695/1695/1695
# s3d_label 0
f 1696/1696/1696 1697/1697/1697 1698/1698/1698
# s3d_label 0
f 1699/1699/1699 1700/1700/1700 1701/1701/1701
# s3d_label 0
f 1702/1702/1702 1703/1703/1703 1704/1704/1704
# s3d_label 0
f 1705/1705/1705 1706/1706/1706 1707/1707/1707
# s3d_label 0
f 1708/1708/1708 1709/1709/1709 1710/1710/1710
# s3d_label 0
f 1711/1711/1711 1712/1712/1712 1713/1713/1713
# s3d_label 0
f 1714/1714/1714 1715/1715/1715 1716/1716/1716
# s3d_label 0
f 1717/1717/1717 1718/1718/1718 1719/1719/1719
# s3d_label 0
f 1720/1720/1720 1721/1721/1721 1722/1722/1722
# s3d_label 0
f 1723/1723/1723 1724/1724/1724 1725/1725/1725
# s3d_label 0
f 1726/1726/1726 1727/1727/1727 1728/1728/1728
# s3d_label 0
f 1729/1729/1729 1730/1730/1730 1731/1731/1731
# s3d_label 0
f 1732/1732/1732 1733/1733/1733 1734/1734/1734
# s3d_label 0
f 1735/1735/1735 1736/1736/1736 1737/1737/1737
# s3d_label 0
f 1738/1738/1738 1739/1739/1739 1740/1740/1740
# s3d_label 0
f 1741/1741/1741 1742/1742/1742 1743/1743/1743
# s3d_label 0
f 1744/1744/1744 1745/1745/1745 1746/1746/1746
# s3d_label 0
f 1747/1747/1747 1748/1748/1748 1749/1749/1749
# s3d_label 0
f 1750/1750/1750 1751/1751/1751 1752/1752/1752
# s3d_label 0
f 1753/1753/1753 1754/1754/1754 1755/1755/1755
# s3d_label 0
f 1756/1756/1756 1757/1757/1757 1758/1758/1758
# s3d_label 0
f 1759/1759/1759 1760/1760/1760 1761/1761/1761
# s3d_label 0
f 1762/1762/1762 1763/1763/1763 1764/1764/1764
# s3d_label 0
f 1765/1765/1765 1766/1766/1766 1767/1767/1767
# s3d_label 0
f 1768/1768/1768 1769/1769/1769 1770/1770/1770
# s3d_label 0
f 1771/1771/1771 1772/1772/1772 1773/1773/1773
# s3d_label 0
f 1774/1774/1774 1775/1775/1775 1776/1776/1776
# s3d_label 0
f 1777/1777/1777 1778/1778/1778 1779/1779/1779
# s3d_label 0
f 1780/1780/1780 1781/1781/1781 1782/1782/1782
# s3d_label 0
f 1783/1783/1783 1784/1784/1784 1785/1785/1785
# s3d_label 0
f 1786/1786/1786 1787/1787/1787 1788/1788/1788
# s3d_label 0
f 1789/1789/1789 1790/1790/1790 1791/1791/1791
# s3d_label 0
f 1792/1792/1792 1793/1793/1793 1794/1794/1794
# s3d_label 0
f 1795/1795/1795 1796/1796/1796 1797/1797/1797
# s3d_label 0
f 1798/1798/1798 1799/1799/1799 1800/1800/1800
# s3d_label 0
f 1801/1801/1801 1802/1802/1802 1803/1803/1803
# s3d_label 0
f 1804/1804/1804 1805/1805/1805 1806/1806/1806
# s3d_label 0
f 1807/1807/1807 1808/1808/1808 1809/1809/1809
# s3d_label 0
f 1810/1810/1810 1811/1811/1811 1812/1812/1812
# s3d_label 0
f 1813/1813/1813 1814/1814/1814 1815/1815/1815
# s3d_label 0
f 1816/1816/1816 1817/1817/1817 1818/1818/1818
# s3d_label 0
f 1819/1819/1819 1820/1820/1820 1821/1821/1821
# s3d_label 0
f 1822/1822/1822 1823/1823/1823 1824/1824/1824
# s3d_label 0
f 1825/1825/1825 1826/1826/1826 1827/1827/1827
# s3d_label 0
f 1828/1828/1828 1829/1829/1829 1830/1830/1830
# s3d_label 0
f 1831/1831/1831 1832/1832/1832 1833/1833/1833
# s3d_label 0
f 1834/1834/1834 1835/1835/1835 1836/1836/1836
# s3d_label 0
f 1837/1837/1837 1838/1838/1838 1839/1839/1839
# s3d_label 0
f 1840/1840/1840 1841/1841/1841 1842/1842/1842
# s3d_label 0
f 1843/1843/1843 1844/1844/1844 1845/1845/1845
# s3d_label 0
f 1846/1846/1846 1847/1847/1847 1848/1848/1848
# s3d_label 0
f 1849/1849/1849 1850/1850/1850 1851/1851/1851
# s3d_label 0
f 1852/1852/1852 1853/1853/1853 1854/1854/1854
# s3d_label 0
f 1855/1855/1855 1856/1856/1856 1857/1857/1857
# s3d_label 0
f 1858/1858/1858 1859/1859/1859 1860/1860/1860
# s3d_label 0
f 1861/1861/1861 1862/1862/1862 1863/1863/1863
# s3d_label 0
f 1864/1864/1864 1865/1865/1865 1866/1866/1866
# s3d_label 0
f 1867/1867/1867 1868/1868/1868 1869/1869/1869
# s3d_label 0
f 1870/1870/1870 1871/1871/1871 1872/1872/1872
# s3d_label 0
f 1873/1873/1873 1874/1874/1874 1875/1875/1875
# s3d_label 0
f 1876/1876/1876 1877/1877/1877 1878/1878/1878
# s3d_label 0
f 1879/1879/1879 1880/1880/1880 1881/1881/1881
# s3d_label 0
f 1882/1882/1882 1883/1883/1883 1884/1884/1884
# s3d_label 0
f 1885/1885/1885 1886/1886/1886 1887/1887/1887
# s3d_label 0
f 1888/1888/1888 1889/1889/1889 1890/1890/1890
# s3d_label 0
f 1891/1891/1891 1892/1892/1892 1893/1893/1893
# s3d_label 0
f 1894/1894/1894 1895/1895/1895 1896/1896/1896
# s3d_label 0
f 1897/1897/1897 1898/1898/1898 1899/1899/1899
# s3d_label 0
f 1900/1900/1900 1901/1901/1901 1902/1902/1902
# s3d_label 0
f 1903/1903/1903 1904/1904/1904 1905/1905/1905
# s3d_label 0
f 1906/1906/1906 1907/1907/1907 1908/1908/1908
# s3d_label 0
f 1909/1909/1909 1910/1910/1910 1911/1911/1911
# s3d_label 0
f 1912/1912/1912 1913/1913/1913 1914/1914/1914
# s3d_label 0
f 1915/1915/1915 1916/1916/1916 1917/1917/1917
# s3d_label 0
f 1918/1918/1918 1919/1919/1919 1920/1920/1920
# s3d_label 0
f 1921/1921/1921 1922/1922/1922 1923/1923/1923
# s3d_label 0
f 1924/1924/1924 1925/1925/1925 1926/1926/1926
# s3d_label 0
f 1927/1927/1927 1928/1928/1928 1929/1929/1929
# s3d_label 0
f 1930/1930/1930 1931/1931/1931 1932/1932/1932
# s3d_label 0
f 1933/1933/1933 1934/1934/1934 1935/1935/1935
# s3d_label 0
f 1936/1936/1936 1937/1937/1937 1938/1938/1938
# s3d_label 0
f 1939/1939/1939 1940/1940/1940 1941/1941/1941
# s3d_label 0
f 1942/1942/1942 1943/1943/1943 1944/1944/1944
# s3d_label 0
f 1945/1945/1945 1946/1946/1946 1947/1947/1947
# s3d_label 0
f 1948/1948/1948 1949/1949/1949 1950/1950/1950
# s3d_label 0
f 1951/1951/1951 1952/1952/1952 1953/1953/1953
# s3d_label 0
f 1954/1954/1954 1955/1955/1955 1956/1956/1956
# s3d_label 0
f 1957/1957/1957 1958/1958/1958 1959/1959/1959
# s3d_label 0
f 1960/1960/1960 1961/1961/1961 1962/1962/1962
# s3d_label 0
f 1963/1963/1963 1964/1964/1964 1965/1965/1965
# s3d_label 0
f 1966/1966/1966 1967/1967/1967 1968/1968/1968
# s3d_label 0
f 1969/1969/1969 1970/1970/1970 1971/1971/1971
# s3d_label 0
f 1972/1972/1972 1973/1973/1973 1974/1974/1974
# s3d_label 0
f 1975/1975/1975 1976/1976/1976 1977/1977/1977
# s3d_label 0
f 1978/1978/1978 1979/1979/1979 1980/1980/1980
# s3d_label 0
f 1981/1981/1981 1982/1982/1982 1983/1983/1983
# s3d_label 0
f 1984/1984/1984 1985/1985/1985 1986/1986/1986
# s3d_label 0
f 1987/1987/1987 1988/1988/1988 1989/1989/1989
# s3d_label 0
f 1990/1990/1990 1991/1991/1991 1992/1992/1992
# s3d_label 0
f 1993/1993/1993 1994/1994/1994 1995/1995/1995
# s3d_label 0
f 1996/1996/1996 1997/1997/1997 1998/1998/1998
# s3d_label 0
f 1999/1999/1999 2000/2000/2000 2001/2001/2001
# s3d_label 0
f 2002/2002/2002 2003/2003/2003 2004/2004/2004
# s3d_label 0
f 2005/2005/2005 2006/2006/2006 2007/2007/2007
# s3d_label 0
f 2008/2008/2008 2009/2009/2009 2010/2010/2010
# s3d_label 0
f 2011/2011/2011 2012/2012/2012 2013/2013/2013
# s3d_label 0
f 2014/2014/2014 2015/2015/2015 2016/2016/2016
# s3d_label 0
f 2017/2017/2017 2018/2018/2018 2019/2019/2019
# s3d_label 0
f 2020/2020/2020 2021/2021/2021 2022/2022/2022
# s3d_label 0
f 2023/2023/2023 2024/2024/2024 2025/2025/2025
# s3d_label 0
f 2026/2026/2026 2027/2027/2027 2028/2028/2028
# s3d_label 0
f 2029/2029/2029 2030/2030/2030 2031/2031/2031
# s3d_label 0
f 2032/2032/2032 2033/2033/2033 2034/2034/2034
# s3d_label 0
f 2035/2035/2035 2036/2036/2036 2037/2037/2037
# s3d_label 0
f 2038/2038/2038 2039/2039/2039 2040/2040/2040
# s3d_label 0
f 2041/2041/2041 2042/2042/2042 2043/2043/2043
# s3d_label 0
f 2044/2044/2044 2045/2045/2045 2046/2046/2046
# s3d_label 0
f 2047/2047/2047 2048/2048/2048 2049/2049/2049
# s3d_label 0
f 2050/2050/2050 2051/2051/2051 2052/2052/2052
# s3d_label 0
f 2053/2053/2053 2054/2054/2054 2055/2055/2055
# s3d_label 0
f 2056/2056/2056 2057/2057/2057 2058/2058/2058
# s3d_label 0
f 2059/2059/2059 2060/2060/2060 2061/2061/2061
# s3d_label 0
f 2062/2062/2062 2063/2063/2063 2064/2064/2064
# s3d_label 0
f 2065/2065/2065 2066/2066/2066 2067/2067/2067
# s3d_label 0
f 2068/2068/2068 2069/2069/2069 2070/2070/2070
# s3d_label 0
f 2071/2071/2071 2072/2072/2072 2073/2073/2073
# s3d_label 0
f 2074/2074/2074 2075/2075/2075 2076/2076/2076
# s3d_label 0
f 2077/2077/2077 2078/2078/2078 2079/2079/2079
# s3d_label 0
f 2080/2080/2080 2081/2081/2081 2082/2082/2082
# s3d_label 0
f 2083/2083/2083 2084/2084/2084 2085/2085/2085
# s3d_label 0
f 2086/2086/2086 2087/2087/2087 2088/2088/2088
# s3d_label 0
f 2089/2089/2089 2090/2090/2090 2091/2091/2091
# s3d_label 0
f 2092/2092/2092 2093/2093/2093 2094/2094/2094
# s3d_label 0
f 2095/2095/2095 2096/2096/2096 2097/2097/2097
# s3d_label 0
f 2098/2098/2098 2099/2099/2099 2100/2100/2100
# s3d_label 0
f 2101/2101/2101 2102/2102/2102 2103/2103/2103
# s3d_label 0
f 2104/2104/2104 2105/2105/2105 2106/2106/2106
# s3d_label 0
f 2107/2107/2107 2108/2108/2108 2109/2109/2109
# s3d_label 0
f 2110/2110/2110 2111/2111/2111 2112/2112/2112
# s3d_label 0
f 2113/2113/2113 2114/2114/2114 2115/2115/2115
# s3d_label 0
f 2116/2116/2116 2117/2117/2117 2118/2118/2118
# s3d_label 0
f 2119/2119/2119 2120/2120/2120 2121/2121/2121
# s3d_label 0
f 2122/2122/2122 2123/2123/2123 2124/2124/2124
# s3d_label 0
f 2125/2125/2125 2126/2126/2126 2127/2127/2127
# s3d_label 0
f 2128/2128/2128 2129/2129/2129 2130/2130/2130
# s3d_label 0
f 2131/2131/2131 2132/2132/2132 2133/2133/2133
# s3d_label 0
f 2134/2134/2134 2135/2135/2135 2136/2136/2136
# s3d_label 0
f 2137/2137/2137 2138/2138/2138 2139/2139/2139
# s3d_label 0
f 2140/2140/2140 2141/2141/2141 2142/2142/2142
# s3d_label 0
f 2143/2143/2143 2144/2144/2144 2145/2145/2145
# s3d_label 0
f 2146/2146/2146 2147/2147/2147 2148/2148/2148
# s3d_label 0
f 2149/2149/2149 2150/2150/2150 2151/2151/2151
# s3d_label 0
f 2152/2152/2152 2153/2153/2153 2154/2154/2154
# s3d_label 0
f 2155/2155/2155 2156/2156/2156 2157/2157/2157
# s3d_label 0
f 2158/2158/2158 2159/2159/2159 2160/2160/2160
# s3d_label 0
f 2161/2161/2161 2162/2162/2162 2163/2163/2163
# s3d_label 0
f 2164/2164/2164 2165/2165/2165 2166/2166/2166
# s3d_label 0
f 2167/2167/2167 2168/2168/2168 2169/2169/2169
# s3d_label 0
f 2170/2170/2170 2171/2171/2171 2172/2172/2172
# s3d_label 0
f 2173/2173/2173 2174/2174/2174 2175/2175/2175
# s3d_label 0
f 2176/2176/2176 2177/2177/2177 2178/2178/2178
# s3d_label 0
f 2179/2179/2179 2180/2180/2180 2181/2181/2181
# s3d_label 0
f 2182/2182/2182 2183/2183/2183 2184/2184/2184
# s3d_label 0
f 2185/2185/2185 2186/2186/2186 2187/2187/2187
# s3d_label 0
f 2188/2188/2188 2189/2189/2189 2190/2190/2190
# s3d_label 0
f 2191/2191/2191 2192/2192/2192 2193/2193/2193
# s3d_label 0
f 2194/2194/2194 2195/2195/2195 2196/2196/2196
# s3d_label 0
f 2197/2197/2197 2198/2198/2198 2199/2199/2199
# s3d_label 0
f 2200/2200/2200 2201/2201/2201 2202/2202/2202
# s3d_label 0
f 2203/2203/2203 2204/2204/2204 2205/2205/2205
# s3d_label 0
f 2206/2206/2206 2207/2207/2207 2208/2208/2208
# s3d_label 0
f 2209/2209/2209 2210/2210/2210 2211/2211/2211
# s3d_label 0
f 2212/2212/2212 2213/2213/2213 2214/2214/2214
# s3d_label 0
f 2215/2215/2215 2216/2216/2216 2217/2217/2217
# s3d_label 0
f 2218/2218/2218 2219/2219/2219 2220/2220/2220
# s3d_label 0
f 2221/2221/2221 2222/2222/2222 2223/2223/2223
# s3d_label 0
f 2224/2224/2224 2225/2225/2225 2226/2226/2226
# s3d_label 0
f 2227/2227/2227 2228/2228/2228 2229/2229/2229
# s3d_label 0
f 2230/2230/2230 2231/2231/2231 2232/2232/2232
# s3d_label 0
f 2233/2233/2233 2234/2234/2234 2235/2235/2235
# s3d_label 0
f 2236/2236/2236 2237/2237/2237 2238/2238/2238
# s3d_label 0
f 2239/2239/2239 2240/2240/2240 2241/2241/2241
# s3d_label 0
f 2242/2242/2242 2243/2243/2243 2244/2244/2244
# s3d_label 0
f 2245/2245/2245 2246/2246/2246 2247/2247/2247
# s3d_label 0
f 2248/2248/2248 2249/2249/2249 2250/2250/2250
# s3d_label 0
f 2251/2251/2251 2252/2252/2252 2253/2253/2253
# s3d_label 0
f 2254/2254/2254 2255/2255/2255 2256/2256/2256
# s3d_label 0
f 2257/2257/2257 2258/2258/2258 2259/2259/2259
# s3d_label 0
f 2260/2260/2260 2261/2261/2261 2262/2262/2262
# s3d_label 0
f 2263/2263/2263 2264/2264/2264 2265/2265/2265
# s3d_label 0
f 2266/2266/2266 2267/2267/2267 2268/2268/2268
# s3d_label 0
f 2269/2269/2269 2270/2270/2270 2271/2271/2271
# s3d_label 0
f 2272/2272/2272 2273/2273/2273 2274/2274/2274
# s3d_label 0
f 2275/2275/2275 2276/2276/2276 2277/2277/2277
# s3d_label 0
f 2278/2278/2278 2279/2279/2279 2280/2280/2280
# s3d_label 0
f 2281/2281/2281 2282/2282/2282 2283/2283/2283
# s3d_label 0
f 2284/2284/2284 2285/2285/2285 2286/2286/2286
# s3d_label 0
f 2287/2287/2287 2288/2288/2288 2289/2289/2289
# s3d_label 0
f 2290/2290/2290 2291/2291/2291 2292/2292/2292
# s3d_label 0
f 2293/2293/2293 2294/2294/2294 2295/2295/2295
# s3d_label 0
f 2296/2296/2296 2297/2297/2297 2298/2298/2298
# s3d_label 0
f 2299/2299/2299 2300/2300/2300 2301/2301/2301
# s3d_label 0
f 2302/2302/2302 2303/2303/2303 2304/2304/2304
# s3d_label 0
f 2305/2305/2305 2306/2306/2306 2307/2307/2307
# s3d_label 0
f 2308/2308/2308 2309/2309/2309 2310/2310/2310
# s3d_label 0
f 2311/2311/2311 2312/2312/2312 2313/2313/2313
# s3d_label 0
f 2314/2314/2314 2315/2315/2315 2316/2316/2316
# s3d_label 0
f 2317/2317/2317 2318/2318/2318 2319/2319/2319
# s3d_label 0
f 2320/2320/2320 2321/2321/2321 2322/2322/2322
# s3d_label 0
f 2323/2323/2323 2324/2324/2324 2325/2325/2325
# s3d_label 0
f 2326/2326/2326 2327/2327/2327 2328/2328/2328
# s3d_label 0
f 2329/2329/2329 2330/2330/2330 2331/2331/2331
# s3d_label 0
f 2332/2332/2332 2333/2333/2333 2334/2334/2334
# s3d_label 0
f 2335/2335/2335 2336/2336/2336 2337/2337/2337
# s3d_label 0
f 2338/2338/2338 2339/2339/2339 2340/2340/2340
# s3d_label 0
f 2341/2341/2341 2342/2342/2342 2343/2343/2343
# s3d_label 0
f 2344/2344/2344 2345/2345/2345 2346/2346/2346
# s3d_label 0
f 2347/2347/2347 2348/2348/2348 2349/2349/2349
# s3d_label 0
f 2350/2350/2350 2351/2351/2351 2352/2352/2352
# s3d_label 0
f 2353/2353/2353 2354/2354/2354 2355/2355/2355
# s3d_label 0
f 2356/2356/2356 2357/2357/2357 2358/2358/2358
# s3d_label 0
f 2359/2359/2359 2360/2360/2360 2361/2361/2361
# s3d_label 0
f 2362/2362/2362 2363/2363/2363 2364/2364/2364
# s3d_label 0
f 2365/2365/2365 2366/2366/2366 2367/2367/2367
# s3d_label 0
f 2368/2368/2368 2369/2369/2369 2370/2370/2370
# s3d_label 0
f 2371/2371/2371 2372/2372/2372 2373/2373/2373
# s3d_label 0
f 2374/2374/2374 2375/2375/2375 2376/2376/2376
# s3d_label 0
f 2377/2377/2377 2378/2378/2378 2379/2379/2379
# s3d_label 0
f 2380/2380/2380 2381/2381/2381 2382/2382/2382
# s3d_label 0
f 2383/2383/2383 2384/2384/2384 2385/2385/2385
# s3d_label 0
f 2386/2386/2386 2387/2387/2387 2388/2388/2388
# s3d_label 0
f 2389/2389/2389 2390/2390/2390 2391/2391/2391
# s3d_label 0
f 2392/2392/2392 2393/2393/2393 2394/2394/2394
# s3d_label 0
f 2395/2395/2395 2396/2396/2396 2397/2397/2397
# s3d_label 0
f 2398/2398/2398 2399/2399/2399 2400/2400/2400
# s3d_label 0
f 2401/2401/2401 2402/2402/2402 2403/2403/2403
# s3d_label 0
f 2404/2404/2404 2405/2405/2405 2406/2406/2406
# s3d_label 0
f 2407/2407/2407 2408/2408/2408 2409/2409/2409
# s3d_label 0
f 2410/2410/2410 2411/2411/2411 2412/2412/2412
# s3d_label 0
f 2413/2413/2413 2414/2414/2414 2415/2415/2415
# s3d_label 0
f 2416/2416/2416 2417/2417/2417 2418/2418/2418
# s3d_label 0
f 2419/2419/2419 2420/2420/2420 2421/2421/2421
# s3d_label 0
f 2422/2422/2422 2423/2423/2423 2424/2424/2424
# s3d_label 0
f 2425/2425/2425 2426/2426/2426 2427/2427/2427
# s3d_label 0
f 2428/2428/2428 2429/2429/2429 2430/2430/2430
# s3d_label 0
f 2431/2431/2431 2432/2432/2432 2433/2433/2433
# s3d_label 0
f 2434/2434/2434 2435/2435/2435 2436/2436/2436
# s3d_label 0
f 2437/2437/2437 2438/2438/2438 2439/2439/2439
# s3d_label 0
f 2440/2440/2440 2441/2441/2441 2442/2442/2442
# s3d_label 0
f 2443/2443/2443 2444/2444/2444 2445/2445/2445
# s3d_label 0
f 2446/2446/2446 2447/2447/2447 2448/2448/2448
# s3d_label 0
f 2449/2449/2449 2450/2450/2450 2451/2451/2451
# s3d_label 0
f 2452/2452/2452 2453/2453/2453 2454/2454/2454
# s3d_label 0
f 2455/2455/2455 2456/2456/2456 2457/2457/2457
# s3d_label 0
f 2458/2458/2458 2459/2459/2459 2460/2460/2460
# s3d_label 0
f 2461/2461/2461 2462/2462/2462 2463/2463/2463
# s3d_label 0
f 2464/2464/2464 2465/2465/2465 2466/2466/2466
# s3d_label 0
f 2467/2467/2467 2468/2468/2468 2469/2469/2469
# s3d_label 0
f 2470/2470/2470 2471/2471/2471 2472/2472/2472
# s3d_label 0
f 2473/2473/2473 2474/2474/2474 2475/2475/2475
# s3d_label 0
f 2476/2476/2476 2477/2477/2477 2478/2478/2478
# s3d_label 0
f 2479/2479/2479 2480/2480/2480 2481/2481/2481
# s3d_label 0
f 2482/2482/2482 2483/2483/2483 2484/2484/2484
# s3d_label 0
f 2485/2485/2485 2486/2486/2486 2487/2487/2487
# s3d_label 0
f 2488/2488/2488 2489/2489/2489 2490/2490/2490
# s3d_label 0
f 2491/2491/2491 2492/2492/2492 2493/2493/2493
# s3d_label 0
f 2494/2494/2494 2495/2495/2495 2496/2496/2496
# s3d_label 0
f 2497/2497/2497 2498/2498/2498 2499/2499/2499
# s3d_label 0
f 2500/2500/2500 2501/2501/2501 2502/2502/2502
# s3d_label 0
f 2503/2503/2503 2504/2504/2504 2505/2505/2505
# s3d_label 0
f 2506/2506/2506 2507/2507/2507 2508/2508/2508
# s3d_label 0
f 2509/2509/2509 2510/2510/2510 2511/2511/2511
# s3d_label 0
f 2512/2512/2512 2513/2513/2513 2514/2514/2514
# s3d_label 0
f 2515/2515/2515 2516/2516/2516 2517/2517/2517
# s3d_label 0
f 2518/2518/2518 2519/2519/2519 2520/2520/2520
# s3d_label 0
f 2521/2521/2521 2522/2522/2522 2523/2523/2523
# s3d_label 0
f 2524/2524/2524 2525/2525/2525 2526/2526/2526
# s3d_label 0
f 2527/2527/2527 2528/2528/2528 2529/2529/2529
# s3d_label 0
f 2530/2530/2530 2531/2531/2531 2532/2532/2532
# s3d_label 0
f 2533/2533/2533 2534/2534/2534 2535/2535/2535
# s3d_label 0
f 2536/2536/2536 2537/2537/2537 2538/2538/2538
# s3d_label 0
f 2539/2539/2539 2540/2540/2540 2541/2541/2541
# s3d_label 0
f 2542/2542/2542 2543/2543/2543 2544/2544/2544
# s3d_label 0
f 2545/2545/2545 2546/2546/2546 2547/2547/2547
# s3d_label 0
f 2548/2548/2548 2549/2549/2549 2550/2550/2550
# s3d_label 0
f 2551/2551/2551 2552/2552/2552 2553/2553/2553
# s3d_label 0
f 2554/2554/2554 2555/2555/2555 2556/2556/2556
# s3d_label 0
f 2557/2557/2557 2558/2558/2558 2559/2559/2559
# s3d_label 0
f 2560/2560/2560 2561/2561/2561 2562/2562/2562
# s3d_label 0
f 2563/2563/2563 2564/2564/2564 2565/2565/2565
# s3d_label 0
f 2566/2566/2566 2567/2567/2567 2568/2568/2568
# s3d_label 0
f 2569/2569/2569 2570/2570/2570 2571/2571/2571
# s3d_label 0
f 2572/2572/2572 2573/2573/2573 2574/2574/2574
# s3d_label 0
f 2575/2575/2575 2576/2576/2576 2577/2577/2577
# s3d_label 0
f 2578/2578/2578 2579/2579/2579 2580/2580/2580
# s3d_label 0
f 2581/2581/2581 2582/2582/2582 2583/2583/2583
# s3d_label 0
f 2584/2584/2584 2585/2585/2585 2586/2586/2586
# s3d_label 0
f 2587/2587/2587 2588/2588/2588 2589/2589/2589
# s3d_label 0
f 2590/2590/2590 2591/2591/2591 2592/2592/2592
# s3d_label 0
f 2593/2593/2593 2594/2594/2594 2595/2595/2595
# s3d_label 0
f 2596/2596/2596 2597/2597/2597 2598/2598/2598
# s3d_label 0
f 2599/2599/2599 2600/2600/2600 2601/2601/2601
# s3d_label 0
f 2602/2602/2602 2603/2603/2603 2604/2604/2604
# s3d_label 0
f 2605/2605/2605 2606/2606/2606 2607/2607/2607
# s3d_label 0
f 2608/2608/2608 2609/2609/2609 2610/2610/2610
# s3d_label 0
f 2611/2611/2611 2612/2612/2612 2613/2613/2613
# s3d_label 0
f 2614/2614/2614 2615/2615/2615 2616/2616/2616
# s3d_label 0
f 2617/2617/2617 2618/2618/2618 2619/2619/2619
# s3d_label 0
f 2620/2620/2620 2621/2621/2621 2622/2622/2622
# s3d_label 0
f 2623/2623/2623 2624/2624/2624 2625/2625/2625
# s3d_label 0
f 2626/2626/2626 2627/2627/2627 2628/2628/2628
# s3d_label 0
f 2629/2629/2629 2630/2630/2630 2631/2631/2631
# s3d_label 0
f 2632/2632/2632 2633/2633/2633 2634/2634/2634
# s3d_label 0
f 2635/2635/2635 2636/2636/2636 2637/2637/2637
# s3d_label 0
f 2638/2638/2638 2639/2639/2639 2640/2640/2640
# s3d_label 0
f 2641/2641/2641 2642/2642/2642 2643/2643/2643
# s3d_label 0
f 2644/2644/2644 2645/2645/2645 2646/2646/2646
# s3d_label 0
f 2647/2647/2647 2648/2648/2648 2649/2649/2649
# s3d_label 0
f 2650/2650/2650 2651/2651/2651 2652/2652/2652
# s3d_label 0
f 2653/2653/2653 2654/2654/2654 2655/2655/2655
# s3d_label 0
f 2656/2656/2656 2657/2657/2657 2658/2658/2658
# s3d_label 0
f 2659/2659/2659 2660/2660/2660 2661/2661/2661
# s3d_label 0
f 2662/2662/2662 2663/2663/2663 2664/2664/2664
# s3d_label 0
f 2665/2665/2665 2666/2666/2666 2667/2667/2667
# s3d_label 0
f 2668/2668/2668 2669/2669/2669 2670/2670/2670
# s3d_label 0
f 2671/2671/2671 2672/2672/2672 2673/2673/2673
# s3d_label 0
f 2674/2674/2674 2675/2675/2675 2676/2676/2676
# s3d_label 0
f 2677/2677/2677 2678/2678/2678 2679/2679/2679
# s3d_label 0
f 2680/2680/2680 2681/2681/2681 2682/2682/2682
# s3d_label 0
f 2683/2683/2683 2684/2684/2684 2685/2685/2685
# s3d_label 0
f 2686/2686/2686 2687/2687/2687 2688/2688/2688
# s3d_label 0
f 2689/2689/2689 2690/2690/2690 2691/2691/2691
# s3d_label 0
f 2692/2692/2692 2693/2693/2693 2694/2694/2694
# s3d_label 0
f 2695/2695/2695 2696/2696/2696 2697/2697/2697
# s3d_label 0
f 2698/2698/2698 2699/2699/2699 2700/2700/2700
# s3d_label 0
f 2701/2701/2701 2702/2702/2702 2703/2703/2703
# s3d_label 0
f 2704/2704/2704 2705/2705/2705 2706/2706/2706
# s3d_label 0
f 2707/2707/2707 2708/2708/2708 2709/2709/2709
# s3d_label 0
f 2710/2710/2710 2711/2711/2711 2712/2712/2712
# s3d_label 0
f 2713/2713/2713 2714/2714/2714 2715/2715/2715
# s3d_label 0
f 2716/2716/2716 2717/2717/2717 2718/2718/2718
# s3d_label 0
f 2719/2719/2719 2720/2720/2720 2721/2721/2721
# s3d_label 0
f 2722/2722/2722 2723/2723/2723 2724/2724/2724
# s3d_label 0
f 2725/2725/2725 2726/2726/2726 2727/2727/2727
# s3d_label 0
f 2728/2728/2728 2729/2729/2729 2730/2730/2730
# s3d_label 0
f 2731/2731/2731 2732/2732/2732 2733/2733/2733
# s3d_label 0
f 2734/2734/2734 2735/2735/2735 2736/2736/2736
# s3d_label 0
f 2737/2737/2737 2738/2738/2738 2739/2739/2739
# s3d_label 0
f 2740/2740/2740 2741/2741/2741 2742/2742/2742
# s3d_label 0
f 2743/2743/2743 2744/2744/2744 2745/2745/2745
# s3d_label 0
f 2746/2746/2746 2747/2747/2747 2748/2748/2748
# s3d_label 0
f 2749/2749/2749 2750/2750/2750 2751/2751/2751
# s3d_label 0
f 2752/2752/2752 2753/2753/2753 2754/2754/2754
# s3d_label 0
f 2755/2755/2755 2756/2756/2756 2757/2757/2757
# s3d_label 0
f 2758/2758/2758 2759/2759/2759 2760/2760/2760
# s3d_label 0
f 2761/2761/2761 2762/2762/2762 2763/2763/2763
# s3d_label 0
f 2764/2764/2764 2765/2765/2765 2766/2766/2766
# s3d_label 0
f 2767/2767/2767 2768/2768/2768 2769/2769/2769
# s3d_label 0
f 2770/2770/2770 2771/2771/2771 2772/2772/2772
# s3d_label 0
f 2773/2773/2773 2774/2774/2774 2775/2775/2775
# s3d_label 0
f 2776/2776/2776 2777/2777/2777 2778/2778/2778
# s3d_label 0
f 2779/2779/2779 2780/2780/2780 2781/2781/2781
# s3d_label 0
f 2782/2782/2782 2783/2783/2783 2784/2784/2784
# s3d_label 0
f 2785/2785/2785 2786/2786/2786 2787/2787/2787
# s3d_label 0
f 2788/2788/2788 2789/2789/2789 2790/2790/2790
# s3d_label 0
f 2791/2791/2791 2792/2792/2792 2793/2793/2793
# s3d_label 0
f 2794/2794/2794 2795/2795/2795 2796/2796/2796
# s3d_label 0
f 2797/2797/2797 2798/2798/2798 2799/2799/2799
# s3d_label 0
f 2800/2800/2800 2801/2801/2801 2802/2802/2802
# s3d_label 0
f 2803/2803/2803 2804/2804/2804 2805/2805/2805
# s3d_label 0
f 2806/2806/2806 2807/2807/2807 2808/2808/2808
# s3d_label 0
f 2809/2809/2809 2810/2810/2810 2811/2811/2811
# s3d_label 0
f 2812/2812/2812 2813/2813/2813 2814/2814/2814
# s3d_label 0
f 2815/2815/2815 2816/2816/2816 2817/2817/2817
# s3d_label 0
f 2818/2818/2818 2819/2819/2819 2820/2820/2820
# s3d_label 0
f 2821/2821/2821 2822/2822/2822 2823/2823/2823
# s3d_label 0
f 2824/2824/2824 2825/2825/2825 2826/2826/2826
# s3d_label 0
f 2827/2827/2827 2828/2828/2828 2829/2829/2829
# s3d_label 0
f 2830/2830/2830 2831/2831/2831 2832/2832/2832
# s3d_label 0
f 2833/2833/2833 2834/2834/2834 2835/2835/2835
# s3d_label 0
f 2836/2836/2836 2837/2837/2837 2838/2838/2838
# s3d_label 0
f 2839/2839/2839 2840/2840/2840 2841/2841/2841
# s3d_label 0
f 2842/2842/2842 2843/2843/2843 2844/2844/2844
# s3d_label 0
f 2845/2845/2845 2846/2846/2846 2847/2847/2847
# s3d_label 0
f 2848/2848/2848 2849/2849/2849 2850/2850/2850
# s3d_label 0
f 2851/2851/2851 2852/2852/2852 2853/2853/2853
# s3d_label 0
f 2854/2854/2854 2855/2855/2855 2856/2856/2856
# s3d_label 0
f 2857/2857/2857 2858/2858/2858 2859/2859/2859
# s3d_label 0
f 2860/2860/2860 2861/2861/2861 2862/2862/2862
# s3d_label 0
f 2863/2863/2863 2864/2864/2864 2865/2865/2865
# s3d_label 0
f 2866/2866/2866 2867/2867/2867 2868/2868/2868
# s3d_label 0
f 2869/2869/2869 2870/2870/2870 2871/2871/2871
# s3d_label 0
f 2872/2872/2872 2873/2873/2873 2874/2874/2874
# s3d_label 0
f 2875/2875/2875 2876/2876/2876 2877/2877/2877
# s3d_label 0
f 2878/2878/2878 2879/2879/2879 2880/2880/2880
# s3d_label 0
f 2881/2881/2881 2882/2882/2882 2883/2883/2883
# s3d_label 0
f 2884/2884/2884 2885/2885/2885 2886/2886/2886
# s3d_label 0
f 2887/2887/2887 2888/2888/2888 2889/2889/2889
# s3d_label 0
f 2890/2890/2890 2891/2891/2891 2892/2892/2892
# s3d_label 0
f 2893/2893/2893 2894/2894/2894 2895/2895/2895
# s3d_label 0
f 2896/2896/2896 2897/2897/2897 2898/2898/2898
# s3d_label 0
f 2899/2899/2899 2900/2900/2900 2901/2901/2901
# s3d_label 0
f 2902/2902/2902 2903/2903/2903 2904/2904/2904
# s3d_label 0
f 2905/2905/2905 2906/2906/2906 2907/2907/2907
# s3d_label 0
f 2908/2908/2908 2909/2909/2909 2910/2910/2910
# s3d_label 0
f 2911/2911/2911 2912/2912/2912 2913/2913/2913
# s3d_label 0
f 2914/2914/2914 2915/2915/2915 2916/2916/2916
# s3d_label 0
f 2917/2917/2917 2918/2918/2918 2919/2919/2919
# s3d_label 0
f 2920/2920/2920 2921/2921/2921 2922/2922/2922
# s3d_label 0
f 2923/2923/2923 2924/2924/2924 2925/2925/2925
# s3d_label 0
f 2926/2926/2926 2927/2927/2927 2928/2928/2928
# s3d_label 0
f 2929/2929/2929 2930/2930/2930 2931/2931/2931
# s3d_label 0
f 2932/2932/2932 2933/2933/2933 2934/2934/2934
# s3d_label 0
f 2935/2935/2935 2936/2936/2936 2937/2937/2937
# s3d_label 0
f 2938/2938/2938 2939/2939/2939 2940/2940/2940
# s3d_label 0
f 2941/2941/2941 2942/2942/2942 2943/2943/2943
# s3d_label 0
f 2944/2944/2944 2945/2945/2945 2946/2946/2946
# s3d_label 0
f 2947/2947/2947 2948/2948/2948 2949/2949/2949
# s3d_label 0
f 2950/2950/2950 2951/2951/2951 2952/2952/2952
# s3d_label 0
f 2953/2953/2953 2954/2954/2954 2955/2955/2955
# s3d_label 0
f 2956/2956/2956 2957/2957/2957 2958/2958/2958
# s3d_label 0
f 2959/2959/2959 2960/2960/2960 2961/2961/2961
# s3d_label 0
f 2962/2962/2962 2963/2963/2963 2964/2964/2964
# s3d_label 0
f 2965/2965/2965 2966/2966/2966 2967/2967/2967
# s3d_label 0
f 2968/2968/2968 2969/2969/2969 2970/2970/2970
# s3d_label 0
f 2971/2971/2971 2972/2972/2972 2973/2973/2973
# s3d_label 0
f 2974/2974/2974 2975/2975/2975 2976/2976/2976
# s3d_label 0
f 2977/2977/2977 2978/2978/2978 2979/2979/2979
# s3d_label 0
f 2980/2980/2980 2981/2981/2981 2982/2982/2982
# s3d_label 0
f 2983/2983/2983 2984/2984/2984 2985/2985/2985
# s3d_label 0
f 2986/2986/2986 2987/2987/2987 2988/2988/2988
# s3d_label 0
f 2989/2989/2989 2990/2990/2990 2991/2991/2991
# s3d_label 0
f 2992/2992/2992 2993/2993/2993 2994/2994/2994
# s3d_label 0
f 2995/2995/2995 2996/2996/2996 2997/2997/2997
# s3d_label 0
f 2998/2998/2998 2999/2999/2999 3000/3000/3000
# s3d_label 0
f 3001/3001/3001 3002/3002/3002 3003/3003/3003
# s3d_label 0
f 3004/3004/3004 3005/3005/3005 3006/3006/3006
# s3d_label 0
f 3007/3007/3007 3008/3008/3008 3009/3009/3009
# s3d_label 0
f 3010/3010/3010 3011/3011/3011 3012/3012/3012
# s3d_label 0
f 3013/3013/3013 3014/3014/3014 3015/3015/3015
# s3d_label 0
f 3016/3016/3016 3017/3017/3017 3018/3018/3018
# s3d_label 0
f 3019/3019/3019 3020/3020/3020 3021/3021/3021
# s3d_label 0
f 3022/3022/3022 3023/3023/3023 3024/3024/3024
# s3d_label 0
f 3025/3025/3025 3026/3026/3026 3027/3027/3027
# s3d_label 0
f 3028/3028/3028 3029/3029/3029 3030/3030/3030
# s3d_label 0
f 3031/3031/3031 3032/3032/3032 3033/3033/3033
# s3d_label 0
f 3034/3034/3034 3035/3035/3035 3036/3036/3036
# s3d_label 0
f 3037/3037/3037 3038/3038/3038 3039/3039/3039
# s3d_label 0
f 3040/3040/3040 3041/3041/3041 3042/3042/3042
# s3d_label 1
f 3043/3043/3043 3044/3044/3044 3045/3045/3045
# s3d_label 1
f 3046/3046/3046 3047/3047/3047 3048/3048/3048
# s3d_label 1
f 3049/3049/3049 3050/3050/3050 3051/3051/3051
# s3d_label 1
f 3052/3052/3052 3053/3053/3053 3054/3054/3054
# s3d_label 1
f 3055/3055/3055 3056/3056/3056 3057/3057/3057
# s3d_label 1
f 3058/3058/3058 3059/3059/3059 3060/3060/3060
# s3d_label 1
f 3061/3061/3061 3062/3062/3062 3063/3063/3063
# s3d_label 1
f 3064/3064/3064 3065/3065/3065 3066/3066/3066
# s3d_label 1
f 3067/3067/3067 3068/3068/3068 3069/3069/3069
# s3d_label 1
f 3070/3070/3070 3071/3071/3071 3072/3072/3072
# s3d_label 1
f 3073/3073/3073 3074/3074/3074 3075/3075/3075
# s3d_label 1
f 3076/3076/3076 3077/3077/3077 3078/3078/3078
# s3d_label 1
f 3079/3079/3079 3080/3080/3080 3081/3081/3081
# s3d_label 1
f 3082/3082/3082 3083/3083/3083 3084/3084/3084
# s3d_label 1
f 3085/3085/3085 3086/3086/3086 3087/3087/3087
# s3d_label 1
f 3088/3088/3088 3089/3089/3089 3090/3090/3090
# s3d_label 1
f 3091/3091/3091 3092/3092/3092 3093/3093/3093
# s3d_label 1
f 3094/3094/3094 3095/3095/3095 3096/3096/3096
# s3d_label 1
f 3097/3097/3097 3098/3098/3098 3099/3099/3099
# s3d_label 1
f 3100/3100/3100 3101/3101/3101 3102/3102/3102
# s3d_label 1
f 3103/3103/3103 3104/3104/3104 3105/3105/3105
# s3d_label 1
f 3106/3106/3106 3107/3107/3107 3108/3108/3108
# s3d_label 1
f 3109/3109/3109 3110/3110/3110 3111/3111/3111
# s3d_label 1
f 3112/3112/3112 3113/3113/3113 3114/3114/3114
# s3d_label 1
f 3115/3115/3115 3116/3116/3116 3117/3117/3117
# s3d_label 1
f 3118/3118/3118 3119/3119/3119 3120/3120/3120
# s3d_label 1
f 3121/3121/3121 3122/3122/3122 3123/3123/3123
# s3d_label 1
f 3124/3124/3124 3125/3125/3125 3126/3126/3126
# s3d_label 1
f 3127/3127/3127 3128/3128/3128 3129/3129/3129
# s3d_label 1
f 3130/3130/3130 3131/3131/3131 3132/3132/3132
# s3d_label 1
f 3133/3133/3133 3134/3134/3134 3135/3135/3135
# s3d_label 1
f 3136/3136/3136 3137/3137/3137 3138/3138/3138
# s3d_label 1
f 3139/3139/3139 3140/3140/3140 3141/3141/3141
# s3d_label 1
f 3142/3142/3142 3143/3143/3143 3144/3144/3144
# s3d_label 1
f 3145/3145/3145 3146/3146/3146 3147/3147/3147
# s3d_label 1
f 3148/3148/3148 3149/3149/3149 3150/3150/3150
