# Converted from switch.s3d
# normalized_size 0.680498 1.000000
# triangles 1494
v 0.04260322 -0.15910523 0.03003934
v 0.11517115 -0.15910521 0.03003934
v 0.11517115 -0.34900698 0.03003932
v 0.11517115 -0.34900698 0.03003932
v 0.04260322 -0.34900701 0.03003932
v 0.04260322 -0.15910523 0.03003934
v 0.11517115 -0.15910521 0.03003934
v 0.04260322 -0.15910523 0.03003934
v 0.04260322 0.03191238 0.03003936
v 0.04260322 -0.34900701 0.03003932
v 0.11517115 -0.34900698 0.03003932
v 0.11517115 -0.47483411 0.03003930
v 0.11517115 -0.47483411 0.03003930
v 0.04260322 -0.47483414 0.03003930
v 0.04260322 -0.34900701 0.03003932
v 0.04260322 -0.47483414 0.03003930
v 0.11517115 -0.47483411 0.03003930
v 0.11517115 -0.49526298 0.03003930
v 0.11517115 -0.49526298 0.03003930
v 0.04260322 -0.49526298 0.03003930
v 0.04260322 -0.47483414 0.03003930
v 0.04260322 0.03191238 0.03003936
v 0.11517115 0.03191238 0.03003936
v 0.11517115 -0.15910521 0.03003934
v 0.11517115 0.03191238 0.03003936
v 0.04260322 0.03191238 0.03003936
v 0.06074339 0.05005253 0.03003936
v 0.06074339 0.05005253 0.03003936
v 0.04260322 0.03191238 0.03003936
v 0.04503355 0.04098246 0.03003936
v 0.04503355 0.04098246 0.03003936
v 0.05167332 0.04762222 0.03003936
v 0.06074339 0.05005253 0.03003936
v 0.06074339 0.05005253 0.03003936
v 0.09703099 0.05005253 0.03003936
v 0.11517115 0.03191238 0.03003936
v 0.11274083 0.04098246 0.03003936
v 0.11517115 0.03191238 0.03003936
v 0.09703099 0.05005253 0.03003936
v 0.09703099 0.05005253 0.03003936
v 0.10610107 0.04762222 0.03003936
v 0.11274083 0.04098246 0.03003936
v 0.14472541 -0.34900701 0.03003932
v 0.14472541 -0.15910523 0.03003934
v 0.25660402 -0.15910517 0.03003934
v 0.25660402 -0.15910517 0.03003934
v 0.14472541 -0.15910523 0.03003934
v 0.14472540 0.03191238 0.03003936
v 0.25660402 -0.15910517 0.03003934
v 0.25660402 -0.34900725 0.03003932
v 0.14472541 -0.34900701 0.03003932
v 0.14472540 -0.47483414 0.03003930
v 0.14472541 -0.34900701 0.03003932
v 0.25660402 -0.34900725 0.03003932
v 0.25660402 -0.34900725 0.03003932
v 0.25660402 -0.47483400 0.03003930
v 0.14472540 -0.47483414 0.03003930
v 0.14472540 -0.47483414 0.03003930
v 0.25660402 -0.47483400 0.03003930
v 0.25660402 -0.49490872 0.03003930
v 0.25660402 -0.49490872 0.03003930
v 0.14472540 -0.49526298 0.03003930
v 0.14472540 -0.47483414 0.03003930
v 0.14472540 0.03191238 0.03003936
v 0.25660402 0.03191238 0.03003936
v 0.25660402 -0.15910517 0.03003934
v 0.25660402 0.03191238 0.03003936
v 0.14472540 0.03191238 0.03003936
v 0.16286556 0.05005253 0.03003936
v 0.16286556 0.05005253 0.03003936
v 0.14472540 0.03191238 0.03003936
v 0.14715573 0.04098246 0.03003936
v 0.14715573 0.04098246 0.03003936
v 0.15379550 0.04762222 0.03003936
v 0.16286556 0.05005253 0.03003936
v 0.16286556 0.05005253 0.03003936
v 0.23846386 0.05005253 0.03003936
v 0.25660402 0.03191238 0.03003936
v 0.25660402 0.03191238 0.03003936
v 0.23846386 0.05005253 0.03003936
v 0.24753395 0.04762222 0.03003936
v 0.24753395 0.04762222 0.03003936
v 0.25417370 0.04098246 0.03003936
v 0.25660402 0.03191238 0.03003936
v 0.01304897 -0.15910523 0.03003934
v 0.01304897 -0.34900701 0.03003932
v -0.05951895 -0.34900701 0.03003932
v -0.05951895 -0.47483414 0.03003930
v -0.05951895 -0.34900701 0.03003932
v 0.01304897 -0.34900701 0.03003932
v -0.05951895 -0.34900701 0.03003932
v -0.05951895 -0.15910523 0.03003934
v 0.01304897 -0.15910523 0.03003934
v 0.01304897 -0.34900701 0.03003932
v 0.01304897 -0.47483414 0.03003930
v -0.05951895 -0.47483414 0.03003930
v -0.05951895 -0.49526298 0.03003930
v -0.05951895 -0.47483414 0.03003930
v 0.01304897 -0.47483414 0.03003930
v 0.01304897 -0.47483414 0.03003930
v 0.01304897 -0.49526298 0.03003930
v -0.05951895 -0.49526298 0.03003930
v 0.01304897 0.03191238 0.03003936
v 0.01304897 -0.15910523 0.03003934
v -0.05951895 -0.15910523 0.03003934
v -0.05951895 -0.15910523 0.03003934
v -0.05951895 0.03191238 0.03003936
v 0.01304897 0.03191238 0.03003936
v 0.01304897 0.03191238 0.03003936
v -0.05951895 0.03191238 0.03003936
v -0.04137878 0.05005253 0.03003936
v -0.04137878 0.05005253 0.03003936
v -0.05951895 0.03191238 0.03003936
v -0.05708862 0.04098246 0.03003936
v -0.05708862 0.04098246 0.03003936
v -0.05044886 0.04762222 0.03003936
v -0.04137878 0.05005253 0.03003936
v -0.04137878 0.05005253 0.03003936
v -0.00509118 0.05005253 0.03003936
v 0.01304897 0.03191238 0.03003936
v 0.01061866 0.04098246 0.03003936
v 0.01304897 0.03191238 0.03003936
v -0.00509118 0.05005253 0.03003936
v -0.00509118 0.05005253 0.03003936
v 0.00397890 0.04762222 0.03003936
v 0.01061866 0.04098246 0.03003936
v -0.08907320 -0.15910523 0.03003934
v -0.08907320 -0.34900701 0.03003932
v -0.16164112 -0.34900698 0.03003932
v -0.16164112 -0.47483411 0.03003930
v -0.16164112 -0.34900698 0.03003932
v -0.08907320 -0.34900701 0.03003932
v -0.16164112 -0.34900698 0.03003932
v -0.16164112 -0.15910521 0.03003934
v -0.08907320 -0.15910523 0.03003934
v -0.08907320 -0.34900701 0.03003932
v -0.08907320 -0.47483414 0.03003930
v -0.16164112 -0.47483411 0.03003930
v -0.16164112 -0.49526298 0.03003930
v -0.16164112 -0.47483411 0.03003930
v -0.08907320 -0.47483414 0.03003930
v -0.08907320 -0.47483414 0.03003930
v -0.08907320 -0.49526298 0.03003930
v -0.16164112 -0.49526298 0.03003930
v -0.08907320 0.03191238 0.03003936
v -0.08907320 -0.15910523 0.03003934
v -0.16164112 -0.15910521 0.03003934
v -0.16164112 -0.15910521 0.03003934
v -0.16164112 0.03191238 0.03003936
v -0.08907320 0.03191238 0.03003936
v -0.16164112 0.03191238 0.03003936
v -0.15921080 0.04098246 0.03003936
v -0.15257104 0.04762222 0.03003936
v -0.15257104 0.04762222 0.03003936
v -0.14350095 0.05005253 0.03003936
v -0.16164112 0.03191238 0.03003936
v -0.08907320 0.03191238 0.03003936
v -0.16164112 0.03191238 0.03003936
v -0.14350095 0.05005253 0.03003936
v -0.14350095 0.05005253 0.03003936
v -0.10721335 0.05005253 0.03003936
v -0.08907320 0.03191238 0.03003936
v -0.08907320 0.03191238 0.03003936
v -0.10721335 0.05005253 0.03003936
v -0.09814327 0.04762222 0.03003936
v -0.09814327 0.04762222 0.03003936
v -0.09150351 0.04098246 0.03003936
v -0.08907320 0.03191238 0.03003936
v -0.29406089 -0.27503884 -0.00255632
v -0.30875874 -0.28973669 -0.00255632
v -0.30875874 -0.18477944 -0.00255631
v -0.30140981 -0.28776753 -0.00255632
v -0.30875874 -0.28973669 -0.00255632
v -0.29406089 -0.27503884 -0.00255632
v -0.29406089 -0.27503884 -0.00255632
v -0.29603004 -0.28238776 -0.00255632
v -0.30140981 -0.28776753 -0.00255632
v -0.30875874 -0.18477944 -0.00255631
v -0.29406089 -0.19947727 -0.00255631
v -0.29406089 -0.27503884 -0.00255632
v -0.29603004 -0.19212835 -0.00255631
v -0.29406089 -0.19947727 -0.00255631
v -0.30875874 -0.18477944 -0.00255631
v -0.30875874 -0.18477944 -0.00255631
v -0.30140981 -0.18674856 -0.00255631
v -0.29603004 -0.19212835 -0.00255631
v -0.33551198 -0.18477944 -0.00255631
v -0.30875874 -0.18477944 -0.00255631
v -0.30875874 -0.28973669 -0.00255632
v -0.30875874 -0.28973669 -0.00255632
v -0.33551198 -0.28973669 -0.00255632
v -0.33551198 -0.18477944 -0.00255631
v -0.29603004 -0.40942812 -0.00255634
v -0.29406089 -0.41677704 -0.00255634
v -0.30875874 -0.40207919 -0.00255634
v -0.30875874 -0.40207919 -0.00255634
v -0.30140981 -0.40404832 -0.00255634
v -0.29603004 -0.40942812 -0.00255634
v -0.29406089 -0.48381317 -0.00255635
v -0.31201681 -0.47163445 -0.00255634
v -0.29406089 -0.41677704 -0.00255634
v -0.31201681 -0.47163445 -0.00255634
v -0.32471621 -0.45508420 -0.00255634
v -0.29406089 -0.41677704 -0.00255634
v -0.32471621 -0.45508420 -0.00255634
v -0.33273581 -0.43572316 -0.00255634
v -0.29406089 -0.41677704 -0.00255634
v -0.30875874 -0.40207919 -0.00255634
v -0.29406089 -0.41677704 -0.00255634
v -0.33273581 -0.43572316 -0.00255634
v -0.33273581 -0.43572316 -0.00255634
v -0.33551198 -0.41463581 -0.00255634
v -0.30875874 -0.40207919 -0.00255634
v -0.30875874 -0.40207919 -0.00255634
v -0.33551198 -0.41463581 -0.00255634
v -0.33551198 -0.40207919 -0.00255634
v -0.19119537 -0.34900713 0.03003932
v -0.26376331 -0.34900713 0.03003932
v -0.26376331 -0.15910505 0.03003934
v -0.26376331 -0.47483408 0.03003930
v -0.26376331 -0.34900713 0.03003932
v -0.19119537 -0.34900713 0.03003932
v -0.26376331 -0.15910505 0.03003934
v -0.19119537 -0.15910470 0.03003934
v -0.19119537 -0.34900713 0.03003932
v -0.19119537 -0.34900713 0.03003932
v -0.19119537 -0.47483414 0.03003930
v -0.26376331 -0.47483408 0.03003930
v -0.26376331 -0.49314258 0.03003930
v -0.26376331 -0.47483408 0.03003930
v -0.19119537 -0.47483414 0.03003930
v -0.19119537 -0.47483414 0.03003930
v -0.19119537 -0.49524409 0.03003930
v -0.26376331 -0.49314258 0.03003930
v -0.19119537 -0.15910470 0.03003934
v -0.26376331 -0.15910505 0.03003934
v -0.26376331 0.03191238 0.03003936
v -0.26376331 0.03191238 0.03003936
v -0.19119537 0.03191238 0.03003936
v -0.19119537 -0.15910470 0.03003934
v -0.26376331 0.03191238 0.03003936
v -0.26133299 0.04098246 0.03003936
v -0.25469321 0.04762222 0.03003936
v -0.25469321 0.04762222 0.03003936
v -0.24562314 0.05005253 0.03003936
v -0.26376331 0.03191238 0.03003936
v -0.19119537 0.03191238 0.03003936
v -0.26376331 0.03191238 0.03003936
v -0.24562314 0.05005253 0.03003936
v -0.24562314 0.05005253 0.03003936
v -0.20933552 0.05005253 0.03003936
v -0.19119537 0.03191238 0.03003936
v -0.19119537 0.03191238 0.03003936
v -0.20933552 0.05005253 0.03003936
v -0.20026545 0.04762222 0.03003936
v -0.20026545 0.04762222 0.03003936
v -0.19362569 0.04098246 0.03003936
v -0.19119537 0.03191238 0.03003936
v -0.05078761 0.32646075 0.04795770
v -0.07429622 0.08298928 0.04795767
v -0.17641832 0.08298928 0.04795767
v -0.09569121 0.05186931 0.04795767
v -0.07429622 0.08298928 0.04795767
v -0.08725641 0.04343452 0.04795767
v -0.10658971 0.05478955 0.04795767
v -0.07429622 0.08298928 0.04795767
v -0.09569121 0.05186931 0.04795767
v -0.08725641 0.04343452 0.04795767
v -0.07429622 0.08298928 0.04795767
v -0.08433618 0.03253601 0.04795767
v -0.07429622 0.08298928 0.04795767
v -0.10658971 0.05478955 0.04795767
v -0.14412460 0.05478955 0.04795767
v -0.14412460 0.05478955 0.04795767
v -0.17641832 0.08298928 0.04795767
v -0.07429622 0.08298928 0.04795767
v -0.15502310 0.05186931 0.04795767
v -0.17641832 0.08298928 0.04795767
v -0.14412460 0.05478955 0.04795767
v -0.16345790 0.04343452 0.04795767
v -0.17641832 0.08298928 0.04795767
v -0.15502310 0.05186931 0.04795767
v -0.16637814 0.03253602 0.04795767
v -0.17641832 0.08298928 0.04795767
v -0.16345790 0.04343452 0.04795767
v -0.08433618 0.03253601 0.04795767
v -0.07429622 0.08298928 0.04795767
v -0.07429616 -0.15910491 0.04795764
v -0.07429616 -0.15910491 0.04795764
v -0.08433618 -0.15910511 0.04795764
v -0.08433618 0.03253601 0.04795767
v -0.08433618 -0.15910511 0.04795764
v -0.07429616 -0.15910491 0.04795764
v -0.07429612 -0.34900716 0.04795762
v -0.07429612 -0.34900716 0.04795762
v -0.08433618 -0.34900704 0.04795762
v -0.08433618 -0.15910511 0.04795764
v -0.08433618 -0.47285783 0.04795760
v -0.08433618 -0.34900704 0.04795762
v -0.07429612 -0.34900716 0.04795762
v -0.07429612 -0.34900716 0.04795762
v -0.07429616 -0.15910491 0.04795764
v -0.06425598 -0.15910511 0.04795764
v -0.06425598 0.03253602 0.04795767
v -0.06425598 -0.15910511 0.04795764
v -0.07429616 -0.15910491 0.04795764
v -0.07429616 -0.15910491 0.04795764
v -0.07429622 0.08298928 0.04795767
v -0.06425598 0.03253602 0.04795767
v -0.06425598 -0.15910511 0.04795764
v -0.06425598 -0.34900704 0.04795762
v -0.07429612 -0.34900716 0.04795762
v -0.07429612 -0.34900716 0.04795762
v -0.06425598 -0.34900704 0.04795762
v -0.06425598 -0.47285783 0.04795760
v -0.06425598 0.03253602 0.04795767
v -0.07429622 0.08298928 0.04795767
v -0.06133572 0.04343452 0.04795767
v -0.06133572 0.04343452 0.04795767
v -0.07429622 0.08298928 0.04795767
v -0.05290092 0.05186931 0.04795767
v -0.05290092 0.05186931 0.04795767
v -0.07429622 0.08298928 0.04795767
v -0.04200242 0.05478955 0.04795767
v -0.06425598 -0.47285783 0.04795760
v -0.07429608 -0.47285783 0.04795760
v -0.07429612 -0.34900716 0.04795762
v -0.07429612 -0.34900716 0.04795762
v -0.07429608 -0.47285783 0.04795760
v -0.08433618 -0.47285783 0.04795760
v -0.07429608 -0.47285783 0.04795760
v -0.06425598 -0.47285783 0.04795760
v -0.06425598 -0.47667062 0.04722770
v -0.04200242 0.05478955 0.04795767
v -0.07429622 0.08298928 0.04795767
v 0.02782599 0.08298928 0.04795767
v -0.08433618 -0.47285783 0.04795760
v -0.07429608 -0.47285783 0.04795760
v -0.07429608 -0.47667062 0.04722770
v -0.06425598 -0.47667062 0.04722770
v -0.07429608 -0.47667062 0.04722770
v -0.07429608 -0.47285783 0.04795760
v -0.07429608 -0.47667062 0.04722770
v -0.08433618 -0.47667062 0.04722770
v -0.08433618 -0.47285783 0.04795760
v -0.07429608 -0.49782008 0.03882211
v -0.07429608 -0.47667062 0.04722770
v -0.06425598 -0.47667062 0.04722770
v -0.08433618 -0.47667062 0.04722770
v -0.07429608 -0.47667062 0.04722770
v -0.07429608 -0.49782008 0.03882211
v -0.06425598 -0.47667062 0.04722770
v -0.06425598 -0.49782008 0.03882211
v -0.07429608 -0.49782008 0.03882211
v -0.07429608 -0.49782008 0.03882211
v -0.08433618 -0.49782008 0.03882211
v -0.08433618 -0.47667062 0.04722770
v 0.02782599 0.08298928 0.04795767
v -0.00446754 0.05478955 0.04795767
v -0.04200242 0.05478955 0.04795767
v -0.00446754 0.05478955 0.04795767
v 0.02782599 0.08298928 0.04795767
v 0.00643096 0.05186931 0.04795767
v 0.00643096 0.05186931 0.04795767
v 0.02782599 0.08298928 0.04795767
v 0.01486576 0.04343452 0.04795767
v 0.01486576 0.04343452 0.04795767
v 0.02782599 0.08298928 0.04795767
v 0.01778599 0.03253601 0.04795767
v -0.05078761 0.32646075 0.04795770
v 0.02782599 0.08298928 0.04795767
v -0.07429622 0.08298928 0.04795767
v 0.01778599 0.03253601 0.04795767
v 0.02782599 0.08298928 0.04795767
v 0.02782603 -0.15910491 0.04795764
v 0.02782603 -0.15910491 0.04795764
v 0.01778599 -0.15910511 0.04795764
v 0.01778599 0.03253601 0.04795767
v 0.02782603 -0.15910491 0.04795764
v 0.02782599 0.08298928 0.04795767
v 0.03786620 0.03253602 0.04795767
v 0.03786620 0.03253602 0.04795767
v 0.03786620 -0.15910511 0.04795764
v 0.02782603 -0.15910491 0.04795764
v 0.03786620 0.03253602 0.04795767
v 0.02782599 0.08298928 0.04795767
v 0.04078646 0.04343452 0.04795767
v 0.04078646 0.04343452 0.04795767
v 0.02782599 0.08298928 0.04795767
v 0.04922125 0.05186931 0.04795767
v 0.04922125 0.05186931 0.04795767
v 0.02782599 0.08298928 0.04795767
v 0.06011975 0.05478955 0.04795767
v 0.09765463 0.05478955 0.04795767
v 0.06011975 0.05478955 0.04795767
v 0.02782599 0.08298928 0.04795767
v 0.01778599 -0.15910511 0.04795764
v 0.02782603 -0.15910491 0.04795764
v 0.02782607 -0.34900716 0.04795762
v 0.02782607 -0.34900716 0.04795762
v 0.02782603 -0.15910491 0.04795764
v 0.03786620 -0.15910511 0.04795764
v 0.02782607 -0.34900716 0.04795762
v 0.01778599 -0.34900704 0.04795762
v 0.01778599 -0.15910511 0.04795764
v 0.03786620 -0.15910511 0.04795764
v 0.03786620 -0.34900704 0.04795762
v 0.02782607 -0.34900716 0.04795762
v 0.01778599 -0.47285783 0.04795760
v 0.01778599 -0.34900704 0.04795762
v 0.02782607 -0.34900716 0.04795762
v 0.02782607 -0.34900716 0.04795762
v 0.03786620 -0.34900704 0.04795762
v 0.03786620 -0.47285783 0.04795760
v 0.02782599 0.08298928 0.04795767
v 0.12994839 0.08298928 0.04795767
v 0.09765463 0.05478955 0.04795767
v 0.09765463 0.05478955 0.04795767
v 0.12994839 0.08298928 0.04795767
v 0.10855313 0.05186931 0.04795767
v 0.10855313 0.05186931 0.04795767
v 0.12994839 0.08298928 0.04795767
v 0.11698794 0.04343452 0.04795767
v 0.03786620 -0.47285783 0.04795760
v 0.02782610 -0.47285783 0.04795760
v 0.02782607 -0.34900716 0.04795762
v 0.02782607 -0.34900716 0.04795762
v 0.02782610 -0.47285783 0.04795760
v 0.01778599 -0.47285783 0.04795760
v 0.02782610 -0.47285783 0.04795760
v 0.03786620 -0.47285783 0.04795760
v 0.03786620 -0.47667062 0.04722770
v 0.01778599 -0.47285783 0.04795760
v 0.02782610 -0.47285783 0.04795760
v 0.02782610 -0.47667062 0.04722770
v 0.03786620 -0.47667062 0.04722770
v 0.02782610 -0.47667062 0.04722770
v 0.02782610 -0.47285783 0.04795760
v 0.02782610 -0.47667062 0.04722770
v 0.01778599 -0.47667062 0.04722770
v 0.01778599 -0.47285783 0.04795760
v 0.02782610 -0.47667062 0.04722770
v 0.03786620 -0.47667062 0.04722770
v 0.03786620 -0.49782008 0.03882211
v 0.01778599 -0.49782008 0.03882211
v 0.01778599 -0.47667062 0.04722770
v 0.02782610 -0.47667062 0.04722770
v 0.03786620 -0.49782008 0.03882211
v 0.02782610 -0.49782008 0.03882211
v 0.02782610 -0.47667062 0.04722770
v 0.02782610 -0.47667062 0.04722770
v 0.02782610 -0.49782008 0.03882211
v 0.01778599 -0.49782008 0.03882211
v 0.11698794 0.04343452 0.04795767
v 0.12994839 0.08298928 0.04795767
v 0.11990818 0.03253602 0.04795767
v 0.11990818 0.03253602 0.04795767
v 0.12994839 0.08298928 0.04795767
v 0.12994835 -0.15910491 0.04795764
v 0.12994835 -0.15910491 0.04795764
v 0.11990818 -0.15910511 0.04795764
v 0.11990818 0.03253602 0.04795767
v 0.11990818 -0.15910511 0.04795764
v 0.12994835 -0.15910491 0.04795764
v 0.12994830 -0.34900716 0.04795762
v 0.12994830 -0.34900716 0.04795762
v 0.11990817 -0.34900704 0.04795762
v 0.11990818 -0.15910511 0.04795764
v 0.11990817 -0.47285783 0.04795760
v 0.11990817 -0.34900704 0.04795762
v 0.12994830 -0.34900716 0.04795762
v 0.12994830 -0.34900716 0.04795762
v 0.12994835 -0.15910491 0.04795764
v 0.13998838 -0.15910511 0.04795764
v 0.13998838 0.03253602 0.04795767
v 0.13998838 -0.15910511 0.04795764
v 0.12994835 -0.15910491 0.04795764
v 0.12994835 -0.15910491 0.04795764
v 0.12994839 0.08298928 0.04795767
v 0.13998838 0.03253602 0.04795767
v 0.13998838 -0.15910511 0.04795764
v 0.13998839 -0.34900704 0.04795762
v 0.12994830 -0.34900716 0.04795762
v 0.13998838 0.03253602 0.04795767
v 0.12994839 0.08298928 0.04795767
v 0.14290863 0.04343452 0.04795767
v 0.12994830 -0.34900716 0.04795762
v 0.13998839 -0.34900704 0.04795762
v 0.13998838 -0.47285783 0.04795760
v 0.14290863 0.04343452 0.04795767
v 0.12994839 0.08298928 0.04795767
v 0.15134344 0.05186931 0.04795767
v 0.15134344 0.05186931 0.04795767
v 0.12994839 0.08298928 0.04795767
v 0.16224194 0.05478955 0.04795767
v 0.23908751 0.05478955 0.04795767
v 0.16224194 0.05478955 0.04795767
v 0.12994839 0.08298928 0.04795767
v 0.13998838 -0.47285783 0.04795760
v 0.12994827 -0.47285783 0.04795760
v 0.12994830 -0.34900716 0.04795762
v 0.12994830 -0.34900716 0.04795762
v 0.12994827 -0.47285783 0.04795760
v 0.11990817 -0.47285783 0.04795760
v 0.12994827 -0.47285783 0.04795760
v 0.13998838 -0.47285783 0.04795760
v 0.13998838 -0.47667062 0.04722770
v 0.11990817 -0.47285783 0.04795760
v 0.12994827 -0.47285783 0.04795760
v 0.12994827 -0.47667062 0.04722770
v 0.13998838 -0.47667062 0.04722770
v 0.12994827 -0.47667062 0.04722770
v 0.12994827 -0.47285783 0.04795760
v 0.12994827 -0.47667062 0.04722770
v 0.11990817 -0.47667062 0.04722770
v 0.11990817 -0.47285783 0.04795760
v 0.12994827 -0.47667062 0.04722770
v 0.13998838 -0.47667062 0.04722770
v 0.13998838 -0.49782008 0.03882211
v 0.11990817 -0.49782008 0.03882211
v 0.11990817 -0.47667062 0.04722770
v 0.12994827 -0.47667062 0.04722770
v 0.13998838 -0.49782008 0.03882211
v 0.12994827 -0.49782008 0.03882211
v 0.12994827 -0.47667062 0.04722770
v 0.12994827 -0.47667062 0.04722770
v 0.12994827 -0.49782008 0.03882211
v 0.11990817 -0.49782008 0.03882211
v 0.12994839 0.08298928 0.04795767
v 0.30678913 0.08298925 0.04795767
v 0.23908751 0.05478955 0.04795767
v 0.24998601 0.05186931 0.04795767
v 0.23908751 0.05478955 0.04795767
v 0.30678913 0.08298925 0.04795767
v 0.25842080 0.04343451 0.04795767
v 0.24998601 0.05186931 0.04795767
v 0.30678913 0.08298925 0.04795767
v 0.26134586 0.03253663 0.04794799
v 0.25842080 0.04343451 0.04795767
v 0.30678913 0.08298925 0.04795767
v 0.26134586 0.03253663 0.04794799
v 0.30678913 0.08298925 0.04795767
v 0.30681294 -0.15910503 0.04739254
v 0.30681294 -0.15910503 0.04739254
v 0.26136762 -0.15910518 0.04790403
v 0.26134586 0.03253663 0.04794799
v 0.26138836 -0.34900674 0.04725935
v 0.26136762 -0.15910518 0.04790403
v 0.30681294 -0.15910503 0.04739254
v 0.30681294 -0.15910503 0.04739254
v 0.30683175 -0.34900466 0.04725935
v 0.26138836 -0.34900674 0.04725935
v 0.26140201 -0.47482207 0.04725933
v 0.26138836 -0.34900674 0.04725935
v 0.30683175 -0.34900466 0.04725935
v 0.30683175 -0.34900466 0.04725935
v 0.30671859 -0.47492492 0.04725933
v 0.26140201 -0.47482207 0.04725933
v 0.26140201 -0.47482207 0.04725933
v 0.30671859 -0.47492492 0.04725933
v 0.29578117 -0.48568946 0.04362960
v 0.27619889 -0.49383283 0.04039027
v 0.26140201 -0.47482207 0.04725933
v 0.29578117 -0.48568946 0.04362960
v 0.26146978 -0.49580318 0.03960583
v 0.26140201 -0.47482207 0.04725933
v 0.27619889 -0.49383283 0.04039027
v -0.05078761 0.32646075 0.04795770
v 0.30678913 0.08298925 0.04795767
v 0.12994839 0.08298928 0.04795767
v -0.05078761 0.32646075 0.04795770
v 0.12994839 0.08298928 0.04795767
v 0.02782599 0.08298928 0.04795767
v -0.05078761 0.32646075 0.04795770
v 0.30685088 0.41392866 0.04795771
v 0.30678913 0.08298925 0.04795767
v 0.30685088 0.41392866 0.04795771
v -0.05078761 0.32646075 0.04795770
v 0.30415839 0.47522178 0.04795772
v 0.30415839 0.47522178 0.04795772
v 0.30679229 0.47314507 0.04795772
v 0.30685088 0.41392866 0.04795771
v 0.30426624 0.47826022 0.04795772
v 0.30679229 0.47314507 0.04795772
v 0.30415839 0.47522178 0.04795772
v 0.29559228 0.48491594 0.04795772
v 0.30426624 0.47826022 0.04795772
v 0.30415839 0.47522178 0.04795772
v 0.30415839 0.47522178 0.04795772
v -0.05078761 0.32646075 0.04795770
v 0.29559228 0.48491594 0.04795772
v -0.05078761 0.32646075 0.04795770
v 0.27610630 0.49298733 0.04795772
v 0.29559228 0.48491594 0.04795772
v -0.05078761 0.32646075 0.04795770
v 0.25491843 0.49577677 0.04795772
v 0.27610630 0.49298733 0.04795772
v -0.05078761 0.32646075 0.04795770
v -0.25491843 0.49577677 0.04795772
v 0.25491843 0.49577677 0.04795772
v -0.05078761 0.32646075 0.04795770
v -0.27610630 0.49298733 0.04795772
v -0.25491843 0.49577677 0.04795772
v -0.05078761 0.32646075 0.04795770
v -0.29559228 0.48491594 0.04795772
v -0.27610630 0.49298733 0.04795772
v -0.05078761 0.32646075 0.04795770
v -0.31232530 0.47207633 0.04795772
v -0.29559228 0.48491594 0.04795772
v -0.05078761 0.32646075 0.04795770
v -0.32516494 0.45534331 0.04795771
v -0.31232530 0.47207633 0.04795772
v -0.05078761 0.32646075 0.04795770
v -0.33323634 0.43585730 0.04795771
v -0.32516494 0.45534331 0.04795771
v -0.05078761 0.32646075 0.04795770
v -0.33602577 0.41466951 0.04795771
v -0.33323634 0.43585730 0.04795771
v -0.05078761 0.32646075 0.04795770
v -0.33602577 0.08298928 0.04795767
v -0.33602577 0.41466951 0.04795771
v -0.05078761 0.32646075 0.04795770
v -0.17641832 0.08298928 0.04795767
v -0.33602577 0.08298928 0.04795767
v -0.19781338 0.05186931 0.04795767
v -0.17641832 0.08298928 0.04795767
v -0.18937859 0.04343452 0.04795767
v -0.20871189 0.05478955 0.04795767
v -0.17641832 0.08298928 0.04795767
v -0.19781338 0.05186931 0.04795767
v -0.18937859 0.04343452 0.04795767
v -0.17641832 0.08298928 0.04795767
v -0.18645835 0.03253602 0.04795767
v -0.17641832 0.08298928 0.04795767
v -0.20871189 0.05478955 0.04795767
v -0.24624677 0.05478955 0.04795767
v -0.24624677 0.05478955 0.04795767
v -0.33602577 0.08298928 0.04795767
v -0.17641832 0.08298928 0.04795767
v -0.25714529 0.05186931 0.04795767
v -0.33602577 0.08298928 0.04795767
v -0.24624677 0.05478955 0.04795767
v -0.26558006 0.04343452 0.04795767
v -0.33602577 0.08298928 0.04795767
v -0.25714529 0.05186931 0.04795767
v -0.26850033 0.03253601 0.04795767
v -0.33602577 0.08298928 0.04795767
v -0.26558006 0.04343452 0.04795767
v -0.33602577 -0.15910497 0.04795764
v -0.33602577 0.08298928 0.04795767
v -0.26850033 0.03253601 0.04795767
v -0.18645835 0.03253602 0.04795767
v -0.17641832 0.08298928 0.04795767
v -0.17641827 -0.15910491 0.04795764
v -0.26850033 0.03253601 0.04795767
v -0.26850033 -0.15910505 0.04795764
v -0.33602577 -0.15910497 0.04795764
v -0.17641827 -0.15910491 0.04795764
v -0.18645835 -0.15910475 0.04795764
v -0.18645835 0.03253602 0.04795767
v -0.17641827 -0.15910491 0.04795764
v -0.17641832 0.08298928 0.04795767
v -0.16637814 0.03253602 0.04795767
v -0.18645835 -0.34900713 0.04795762
v -0.18645835 -0.15910475 0.04795764
v -0.17641827 -0.15910491 0.04795764
v -0.16637814 0.03253602 0.04795767
v -0.16637814 -0.15910511 0.04795764
v -0.17641827 -0.15910491 0.04795764
v -0.17641827 -0.15910491 0.04795764
v -0.17641826 -0.34900716 0.04795762
v -0.18645835 -0.34900713 0.04795762
v -0.17641826 -0.34900716 0.04795762
v -0.17641827 -0.15910491 0.04795764
v -0.16637814 -0.15910511 0.04795764
v -0.16637814 -0.15910511 0.04795764
v -0.16637814 -0.34900704 0.04795762
v -0.17641826 -0.34900716 0.04795762
v -0.18645835 -0.47285783 0.04795760
v -0.18645835 -0.34900713 0.04795762
v -0.17641826 -0.34900716 0.04795762
v -0.17641826 -0.34900716 0.04795762
v -0.16637814 -0.34900704 0.04795762
v -0.16637814 -0.47285783 0.04795760
v -0.16637814 -0.47285783 0.04795760
v -0.17641824 -0.47285783 0.04795760
v -0.17641826 -0.34900716 0.04795762
v -0.17641826 -0.34900716 0.04795762
v -0.17641824 -0.47285783 0.04795760
v -0.18645835 -0.47285783 0.04795760
v -0.17641824 -0.47285783 0.04795760
v -0.16637814 -0.47285783 0.04795760
v -0.16637814 -0.47667062 0.04722770
v -0.18645835 -0.47285783 0.04795760
v -0.17641824 -0.47285783 0.04795760
v -0.17641824 -0.47667062 0.04722770
v -0.16637814 -0.47667062 0.04722770
v -0.17641824 -0.47667062 0.04722770
v -0.17641824 -0.47285783 0.04795760
v -0.17641824 -0.47667062 0.04722770
v -0.18645835 -0.47667062 0.04722770
v -0.18645835 -0.47285783 0.04795760
v -0.17641824 -0.47667062 0.04722770
v -0.16637814 -0.47667062 0.04722770
v -0.16637814 -0.49782008 0.03882211
v -0.18645835 -0.49782008 0.03882211
v -0.18645835 -0.47667062 0.04722770
v -0.17641824 -0.47667062 0.04722770
v -0.16637814 -0.49782008 0.03882211
v -0.17641824 -0.49782008 0.03882211
v -0.17641824 -0.47667062 0.04722770
v -0.17641824 -0.47667062 0.04722770
v -0.17641824 -0.49782008 0.03882211
v -0.18645835 -0.49782008 0.03882211
v -0.06425598 0.03253602 0.04795767
v -0.06133572 0.04343452 0.04795767
v -0.05708862 0.04098246 0.04322065
v -0.05044886 0.04762222 0.04322065
v -0.05708862 0.04098246 0.04322065
v -0.06133572 0.04343452 0.04795767
v -0.06133572 0.04343452 0.04795767
v -0.05290092 0.05186931 0.04795767
v -0.05044886 0.04762222 0.04322065
v -0.05708862 0.04098246 0.04322065
v -0.05951895 0.03191238 0.04322065
v -0.06425598 0.03253602 0.04795767
v -0.06425598 -0.15910511 0.04795764
v -0.06425598 0.03253602 0.04795767
v -0.05951895 0.03191238 0.04322065
v -0.05951895 0.03191238 0.04322065
v -0.05951895 -0.15910521 0.04322062
v -0.06425598 -0.15910511 0.04795764
v -0.06425598 -0.34900704 0.04795762
v -0.06425598 -0.15910511 0.04795764
v -0.05951895 -0.15910521 0.04322062
v -0.05951895 -0.15910521 0.04322062
v -0.05951895 -0.34900698 0.04322060
v -0.06425598 -0.34900704 0.04795762
v -0.06425598 -0.34900704 0.04795762
v -0.05951895 -0.34900698 0.04322060
v -0.05951895 -0.47195101 0.04322058
v -0.05951895 -0.47195101 0.04322058
v -0.06425598 -0.47285783 0.04795760
v -0.06425598 -0.34900704 0.04795762
v -0.06425598 -0.47667062 0.04722770
v -0.06425598 -0.47285783 0.04795760
v -0.05951895 -0.47195101 0.04322058
v -0.05951895 -0.47195101 0.04322058
v -0.05951895 -0.47576380 0.04249067
v -0.06425598 -0.47667062 0.04722770
v -0.06425598 -0.47667062 0.04722770
v -0.05951895 -0.47576380 0.04249067
v -0.05951895 -0.49417302 0.03400126
v -0.05951895 -0.49417302 0.03400126
v -0.06425598 -0.49782008 0.03882211
v -0.06425598 -0.47667062 0.04722770
v -0.06425598 -0.50000000 0.03560992
v -0.06425598 -0.49782008 0.03882211
v -0.05951895 -0.49417302 0.03400126
v -0.06425598 -0.50000000 0.03560992
v -0.05951895 -0.49417302 0.03400126
v -0.05951895 -0.49526298 0.03003930
v -0.05951895 -0.49526298 0.03003930
v -0.06425598 -0.50000000 0.02530227
v -0.06425598 -0.50000000 0.03560992
v 0.26138836 -0.34900674 0.04725935
v 0.26140201 -0.47482207 0.04725933
v 0.25660402 -0.47391528 0.04315798
v 0.25660402 -0.47391528 0.04315798
v 0.25660402 -0.34900704 0.04317231
v 0.26138836 -0.34900674 0.04725935
v 0.25660402 -0.49177307 0.03609906
v 0.25660402 -0.47391528 0.04315798
v 0.26140201 -0.47482207 0.04725933
v 0.26138836 -0.34900674 0.04725935
v 0.25660402 -0.34900704 0.04317231
v 0.25660402 -0.15910518 0.04319374
v 0.26140201 -0.47482207 0.04725933
v 0.26146978 -0.49580318 0.03960583
v 0.25660402 -0.49177307 0.03609906
v 0.25660402 -0.15910518 0.04319374
v 0.26136762 -0.15910518 0.04790403
v 0.26138836 -0.34900674 0.04725935
v 0.26146978 -0.49580318 0.03960583
v 0.26122072 -0.49926379 0.03468134
v 0.25660402 -0.49177307 0.03609906
v 0.25660402 -0.49490872 0.03003930
v 0.25660402 -0.49177307 0.03609906
v 0.26122072 -0.49926379 0.03468134
v 0.26122072 -0.49926379 0.03468134
v 0.26058069 -0.49948862 0.02580909
v 0.25660402 -0.49490872 0.03003930
v 0.26136762 -0.15910518 0.04790403
v 0.25660402 -0.15910518 0.04319374
v 0.25660402 0.03191238 0.04321580
v 0.25660402 0.03191238 0.04321580
v 0.26134586 0.03253663 0.04794799
v 0.26136762 -0.15910518 0.04790403
v 0.26134586 0.03253663 0.04794799
v 0.25660402 0.03191238 0.04321580
v 0.25417370 0.04098246 0.04322065
v 0.25417370 0.04098246 0.04322065
v 0.25842080 0.04343451 0.04795767
v 0.26134586 0.03253663 0.04794799
v 0.24998601 0.05186931 0.04795767
v 0.25842080 0.04343451 0.04795767
v 0.25417370 0.04098246 0.04322065
v 0.25417370 0.04098246 0.04322065
v 0.24753395 0.04762222 0.04322065
v 0.24998601 0.05186931 0.04795767
v 0.14472540 -0.49526298 0.03003930
v 0.25660402 -0.49490872 0.03003930
v 0.26058069 -0.49948862 0.02580909
v 0.26058069 -0.49948862 0.02580909
v 0.13998838 -0.50000000 0.02530228
v 0.14472540 -0.49526298 0.03003930
v -0.04200242 0.05478955 0.04795767
v -0.04137878 0.05005253 0.04322065
v -0.05044886 0.04762222 0.04322065
v -0.05044886 0.04762222 0.04322065
v -0.05290092 0.05186931 0.04795767
v -0.04200242 0.05478955 0.04795767
v -0.04137878 0.05005253 0.04322065
v -0.04200242 0.05478955 0.04795767
v -0.00446754 0.05478955 0.04795767
v -0.00446754 0.05478955 0.04795767
v -0.00509118 0.05005253 0.04322065
v -0.04137878 0.05005253 0.04322065
v 0.00397890 0.04762222 0.04322065
v -0.00509118 0.05005253 0.04322065
v -0.00446754 0.05478955 0.04795767
v -0.00446754 0.05478955 0.04795767
v 0.00643096 0.05186931 0.04795767
v 0.00397890 0.04762222 0.04322065
v 0.01061866 0.04098246 0.04322065
v 0.01486576 0.04343452 0.04795767
v 0.01778599 0.03253601 0.04795767
v 0.00643096 0.05186931 0.04795767
v 0.01486576 0.04343452 0.04795767
v 0.01061866 0.04098246 0.04322065
v 0.01061866 0.04098246 0.04322065
v 0.00397890 0.04762222 0.04322065
v 0.00643096 0.05186931 0.04795767
v 0.01778599 0.03253601 0.04795767
v 0.01304897 0.03191238 0.04322065
v 0.01061866 0.04098246 0.04322065
v 0.01304897 0.03191238 0.04322065
v 0.01778599 0.03253601 0.04795767
v 0.01778599 -0.15910511 0.04795764
v 0.01778599 -0.15910511 0.04795764
v 0.01304897 -0.15910521 0.04322062
v 0.01304897 0.03191238 0.04322065
v 0.01304897 -0.15910521 0.04322062
v 0.01778599 -0.15910511 0.04795764
v 0.01778599 -0.34900704 0.04795762
v 0.01778599 -0.34900704 0.04795762
v 0.01304897 -0.34900698 0.04322060
v 0.01304897 -0.15910521 0.04322062
v 0.01304897 -0.47195101 0.04322058
v 0.01304897 -0.34900698 0.04322060
v 0.01778599 -0.34900704 0.04795762
v 0.01778599 -0.34900704 0.04795762
v 0.01778599 -0.47285783 0.04795760
v 0.01304897 -0.47195101 0.04322058
v 0.01304897 -0.47195101 0.04322058
v 0.01778599 -0.47285783 0.04795760
v 0.01778599 -0.47667062 0.04722770
v 0.01778599 -0.47667062 0.04722770
v 0.01304897 -0.47576380 0.04249067
v 0.01304897 -0.47195101 0.04322058
v 0.01304897 -0.49417302 0.03400126
v 0.01304897 -0.47576380 0.04249067
v 0.01778599 -0.47667062 0.04722770
v 0.01778599 -0.47667062 0.04722770
v 0.01778599 -0.49782008 0.03882211
v 0.01304897 -0.49417302 0.03400126
v 0.01778599 -0.49782008 0.03882211
v 0.01778599 -0.50000000 0.03560992
v 0.01304897 -0.49417302 0.03400126
v 0.01304897 -0.49526298 0.03003930
v 0.01304897 -0.49417302 0.03400126
v 0.01778599 -0.50000000 0.03560992
v 0.01778599 -0.50000000 0.03560992
v 0.01778599 -0.50000000 0.02530228
v 0.01304897 -0.49526298 0.03003930
v 0.03786620 0.03253602 0.04795767
v 0.04078646 0.04343452 0.04795767
v 0.04503355 0.04098246 0.04322065
v 0.05167332 0.04762222 0.04322065
v 0.04503355 0.04098246 0.04322065
v 0.04078646 0.04343452 0.04795767
v 0.04078646 0.04343452 0.04795767
v 0.04922125 0.05186931 0.04795767
v 0.05167332 0.04762222 0.04322065
v 0.04503355 0.04098246 0.04322065
v 0.04260322 0.03191238 0.04322065
v 0.03786620 0.03253602 0.04795767
v 0.03786620 -0.15910511 0.04795764
v 0.03786620 0.03253602 0.04795767
v 0.04260322 0.03191238 0.04322065
v 0.04260322 0.03191238 0.04322065
v 0.04260322 -0.15910521 0.04322062
v 0.03786620 -0.15910511 0.04795764
v 0.03786620 -0.34900704 0.04795762
v 0.03786620 -0.15910511 0.04795764
v 0.04260322 -0.15910521 0.04322062
v 0.04260322 -0.15910521 0.04322062
v 0.04260322 -0.34900698 0.04322060
v 0.03786620 -0.34900704 0.04795762
v 0.03786620 -0.34900704 0.04795762
v 0.04260322 -0.34900698 0.04322060
v 0.04260322 -0.47195101 0.04322058
v 0.04260322 -0.47195101 0.04322058
v 0.03786620 -0.47285783 0.04795760
v 0.03786620 -0.34900704 0.04795762
v 0.03786620 -0.47667062 0.04722770
v 0.03786620 -0.47285783 0.04795760
v 0.04260322 -0.47195101 0.04322058
v 0.04260322 -0.47195101 0.04322058
v 0.04260322 -0.47576380 0.04249067
v 0.03786620 -0.47667062 0.04722770
v 0.03786620 -0.47667062 0.04722770
v 0.04260322 -0.47576380 0.04249067
v 0.04260322 -0.49417302 0.03400126
v 0.04260322 -0.49417302 0.03400126
v 0.03786620 -0.49782008 0.03882211
v 0.03786620 -0.47667062 0.04722770
v 0.03786620 -0.50000000 0.03560992
v 0.03786620 -0.49782008 0.03882211
v 0.04260322 -0.49417302 0.03400126
v 0.03786620 -0.50000000 0.03560992
v 0.04260322 -0.49417302 0.03400126
v 0.04260322 -0.49526298 0.03003930
v 0.04260322 -0.49526298 0.03003930
v 0.03786620 -0.50000000 0.02530228
v 0.03786620 -0.50000000 0.03560992
v 0.06011975 0.05478955 0.04795767
v 0.06074339 0.05005253 0.04322065
v 0.05167332 0.04762222 0.04322065
v 0.05167332 0.04762222 0.04322065
v 0.04922125 0.05186931 0.04795767
v 0.06011975 0.05478955 0.04795767
v 0.06074339 0.05005253 0.04322065
v 0.06011975 0.05478955 0.04795767
v 0.09765463 0.05478955 0.04795767
v 0.09765463 0.05478955 0.04795767
v 0.09703099 0.05005253 0.04322065
v 0.06074339 0.05005253 0.04322065
v 0.10610107 0.04762222 0.04322065
v 0.09703099 0.05005253 0.04322065
v 0.09765463 0.05478955 0.04795767
v 0.09765463 0.05478955 0.04795767
v 0.10855313 0.05186931 0.04795767
v 0.10610107 0.04762222 0.04322065
v 0.11274083 0.04098246 0.04322065
v 0.11698794 0.04343452 0.04795767
v 0.11990818 0.03253602 0.04795767
v 0.10855313 0.05186931 0.04795767
v 0.11698794 0.04343452 0.04795767
v 0.11274083 0.04098246 0.04322065
v 0.11274083 0.04098246 0.04322065
v 0.10610107 0.04762222 0.04322065
v 0.10855313 0.05186931 0.04795767
v 0.11990818 0.03253602 0.04795767
v 0.11517115 0.03191238 0.04322065
v 0.11274083 0.04098246 0.04322065
v 0.11517115 0.03191238 0.04322065
v 0.11990818 0.03253602 0.04795767
v 0.11990818 -0.15910511 0.04795764
v 0.11990818 -0.15910511 0.04795764
v 0.11517115 -0.15910521 0.04322062
v 0.11517115 0.03191238 0.04322065
v 0.11517115 -0.15910521 0.04322062
v 0.11990818 -0.15910511 0.04795764
v 0.11990817 -0.34900704 0.04795762
v 0.11990817 -0.34900704 0.04795762
v 0.11517115 -0.34900698 0.04322060
v 0.11517115 -0.15910521 0.04322062
v 0.11517115 -0.47195101 0.04322058
v 0.11517115 -0.34900698 0.04322060
v 0.11990817 -0.34900704 0.04795762
v 0.11990817 -0.34900704 0.04795762
v 0.11990817 -0.47285783 0.04795760
v 0.11517115 -0.47195101 0.04322058
v 0.11517115 -0.47195101 0.04322058
v 0.11990817 -0.47285783 0.04795760
v 0.11990817 -0.47667062 0.04722770
v 0.11990817 -0.47667062 0.04722770
v 0.11517115 -0.47576380 0.04249067
v 0.11517115 -0.47195101 0.04322058
v 0.11517115 -0.49417302 0.03400126
v 0.11517115 -0.47576380 0.04249067
v 0.11990817 -0.47667062 0.04722770
v 0.11990817 -0.47667062 0.04722770
v 0.11990817 -0.49782008 0.03882211
v 0.11517115 -0.49417302 0.03400126
v 0.11990817 -0.49782008 0.03882211
v 0.11990817 -0.50000000 0.03560992
v 0.11517115 -0.49417302 0.03400126
v 0.11517115 -0.49526298 0.03003930
v 0.11517115 -0.49417302 0.03400126
v 0.11990817 -0.50000000 0.03560992
v 0.11990817 -0.50000000 0.03560992
v 0.11990817 -0.50000000 0.02530228
v 0.11517115 -0.49526298 0.03003930
v 0.13998838 0.03253602 0.04795767
v 0.14290863 0.04343452 0.04795767
v 0.14715573 0.04098246 0.04322065
v 0.15379550 0.04762222 0.04322065
v 0.14715573 0.04098246 0.04322065
v 0.14290863 0.04343452 0.04795767
v 0.14290863 0.04343452 0.04795767
v 0.15134344 0.05186931 0.04795767
v 0.15379550 0.04762222 0.04322065
v 0.14715573 0.04098246 0.04322065
v 0.14472540 0.03191238 0.04322065
v 0.13998838 0.03253602 0.04795767
v 0.13998838 -0.15910511 0.04795764
v 0.13998838 0.03253602 0.04795767
v 0.14472540 0.03191238 0.04322065
v 0.14472540 0.03191238 0.04322065
v 0.14472541 -0.15910521 0.04322062
v 0.13998838 -0.15910511 0.04795764
v 0.13998839 -0.34900704 0.04795762
v 0.13998838 -0.15910511 0.04795764
v 0.14472541 -0.15910521 0.04322062
v 0.14472541 -0.15910521 0.04322062
v 0.14472541 -0.34900698 0.04322060
v 0.13998839 -0.34900704 0.04795762
v 0.13998839 -0.34900704 0.04795762
v 0.14472541 -0.34900698 0.04322060
v 0.14472540 -0.47195101 0.04322058
v 0.14472540 -0.47195101 0.04322058
v 0.13998838 -0.47285783 0.04795760
v 0.13998839 -0.34900704 0.04795762
v 0.13998838 -0.47667062 0.04722770
v 0.13998838 -0.47285783 0.04795760
v 0.14472540 -0.47195101 0.04322058
v 0.14472540 -0.47195101 0.04322058
v 0.14472540 -0.47576380 0.04249067
v 0.13998838 -0.47667062 0.04722770
v 0.13998838 -0.47667062 0.04722770
v 0.14472540 -0.47576380 0.04249067
v 0.14472540 -0.49417302 0.03400126
v 0.14472540 -0.49417302 0.03400126
v 0.13998838 -0.49782008 0.03882211
v 0.13998838 -0.47667062 0.04722770
v 0.13998838 -0.50000000 0.03560992
v 0.13998838 -0.49782008 0.03882211
v 0.14472540 -0.49417302 0.03400126
v 0.13998838 -0.50000000 0.03560992
v 0.14472540 -0.49417302 0.03400126
v 0.14472540 -0.49526298 0.03003930
v 0.14472540 -0.49526298 0.03003930
v 0.13998838 -0.50000000 0.02530228
v 0.13998838 -0.50000000 0.03560992
v 0.16224194 0.05478955 0.04795767
v 0.16286556 0.05005253 0.04322065
v 0.15379550 0.04762222 0.04322065
v 0.15379550 0.04762222 0.04322065
v 0.15134344 0.05186931 0.04795767
v 0.16224194 0.05478955 0.04795767
v 0.23846386 0.05005253 0.04322065
v 0.16286556 0.05005253 0.04322065
v 0.16224194 0.05478955 0.04795767
v 0.16224194 0.05478955 0.04795767
v 0.23908751 0.05478955 0.04795767
v 0.23846386 0.05005253 0.04322065
v 0.24753395 0.04762222 0.04322065
v 0.23846386 0.05005253 0.04322065
v 0.23908751 0.05478955 0.04795767
v 0.23908751 0.05478955 0.04795767
v 0.24998601 0.05186931 0.04795767
v 0.24753395 0.04762222 0.04322065
v 0.11990817 -0.50000000 0.02530228
v 0.03786620 -0.50000000 0.02530228
v 0.04260322 -0.49526298 0.03003930
v 0.04260322 -0.49526298 0.03003930
v 0.11517115 -0.49526298 0.03003930
v 0.11990817 -0.50000000 0.02530228
v -0.09569121 0.05186931 0.04795767
v -0.08725641 0.04343452 0.04795767
v -0.09150351 0.04098246 0.04322065
v -0.09150351 0.04098246 0.04322065
v -0.09814327 0.04762222 0.04322065
v -0.09569121 0.05186931 0.04795767
v -0.09150351 0.04098246 0.04322065
v -0.08725641 0.04343452 0.04795767
v -0.08433618 0.03253601 0.04795767
v -0.08433618 0.03253601 0.04795767
v -0.08907320 0.03191238 0.04322065
v -0.09150351 0.04098246 0.04322065
v -0.08907320 0.03191238 0.04322065
v -0.08433618 0.03253601 0.04795767
v -0.08433618 -0.15910511 0.04795764
v -0.08433618 -0.15910511 0.04795764
v -0.08907320 -0.15910521 0.04322062
v -0.08907320 0.03191238 0.04322065
v -0.08907320 -0.15910521 0.04322062
v -0.08433618 -0.15910511 0.04795764
v -0.08433618 -0.34900704 0.04795762
v -0.08433618 -0.34900704 0.04795762
v -0.08907320 -0.34900698 0.04322060
v -0.08907320 -0.15910521 0.04322062
v -0.08907320 -0.47195101 0.04322058
v -0.08907320 -0.34900698 0.04322060
v -0.08433618 -0.34900704 0.04795762
v -0.08433618 -0.34900704 0.04795762
v -0.08433618 -0.47285783 0.04795760
v -0.08907320 -0.47195101 0.04322058
v -0.08907320 -0.47195101 0.04322058
v -0.08433618 -0.47285783 0.04795760
v -0.08433618 -0.47667062 0.04722770
v -0.08433618 -0.47667062 0.04722770
v -0.08907320 -0.47576380 0.04249067
v -0.08907320 -0.47195101 0.04322058
v -0.08907320 -0.49417302 0.03400126
v -0.08907320 -0.47576380 0.04249067
v -0.08433618 -0.47667062 0.04722770
v -0.08433618 -0.47667062 0.04722770
v -0.08433618 -0.49782008 0.03882211
v -0.08907320 -0.49417302 0.03400126
v -0.08907320 -0.49417302 0.03400126
v -0.08433618 -0.49782008 0.03882211
v -0.08433618 -0.50000000 0.03560992
v -0.08907320 -0.49526298 0.03003930
v -0.08907320 -0.49417302 0.03400126
v -0.08433618 -0.50000000 0.03560992
v -0.08433618 -0.50000000 0.03560992
v -0.08433618 -0.50000000 0.02530227
v -0.08907320 -0.49526298 0.03003930
v -0.10658971 0.05478955 0.04795767
v -0.09569121 0.05186931 0.04795767
v -0.09814327 0.04762222 0.04322065
v -0.09814327 0.04762222 0.04322065
v -0.10721335 0.05005253 0.04322065
v -0.10658971 0.05478955 0.04795767
v -0.14412460 0.05478955 0.04795767
v -0.10658971 0.05478955 0.04795767
v -0.10721335 0.05005253 0.04322065
v -0.10721335 0.05005253 0.04322065
v -0.14350095 0.05005253 0.04322065
v -0.14412460 0.05478955 0.04795767
v -0.14412460 0.05478955 0.04795767
v -0.14350095 0.05005253 0.04322065
v -0.15257104 0.04762222 0.04322065
v -0.15257104 0.04762222 0.04322065
v -0.15502310 0.05186931 0.04795767
v -0.14412460 0.05478955 0.04795767
v -0.16345790 0.04343452 0.04795767
v -0.15502310 0.05186931 0.04795767
v -0.15257104 0.04762222 0.04322065
v -0.15257104 0.04762222 0.04322065
v -0.15921080 0.04098246 0.04322065
v -0.16345790 0.04343452 0.04795767
v -0.16637814 0.03253602 0.04795767
v -0.16345790 0.04343452 0.04795767
v -0.15921080 0.04098246 0.04322065
v -0.15921080 0.04098246 0.04322065
v -0.16164112 0.03191238 0.04322065
v -0.16637814 0.03253602 0.04795767
v -0.16637814 -0.15910511 0.04795764
v -0.16637814 0.03253602 0.04795767
v -0.16164112 0.03191238 0.04322065
v -0.16164112 0.03191238 0.04322065
v -0.16164112 -0.15910521 0.04322062
v -0.16637814 -0.15910511 0.04795764
v -0.16637814 -0.34900704 0.04795762
v -0.16637814 -0.15910511 0.04795764
v -0.16164112 -0.15910521 0.04322062
v -0.16164112 -0.15910521 0.04322062
v -0.16164112 -0.34900698 0.04322060
v -0.16637814 -0.34900704 0.04795762
v -0.16637814 -0.34900704 0.04795762
v -0.16164112 -0.34900698 0.04322060
v -0.16164112 -0.47195101 0.04322058
v -0.16164112 -0.47195101 0.04322058
v -0.16637814 -0.47285783 0.04795760
v -0.16637814 -0.34900704 0.04795762
v -0.16637814 -0.47667062 0.04722770
v -0.16637814 -0.47285783 0.04795760
v -0.16164112 -0.47195101 0.04322058
v -0.16164112 -0.47195101 0.04322058
v -0.16164112 -0.47576380 0.04249067
v -0.16637814 -0.47667062 0.04722770
v -0.16637814 -0.47667062 0.04722770
v -0.16164112 -0.47576380 0.04249067
v -0.16164112 -0.49417302 0.03400126
v -0.16164112 -0.49417302 0.03400126
v -0.16637814 -0.49782008 0.03882211
v -0.16637814 -0.47667062 0.04722770
v -0.16637814 -0.50000000 0.03560992
v -0.16637814 -0.49782008 0.03882211
v -0.16164112 -0.49417302 0.03400126
v -0.16637814 -0.50000000 0.03560992
v -0.16164112 -0.49417302 0.03400126
v -0.16164112 -0.49526298 0.03003930
v -0.16164112 -0.49526298 0.03003930
v -0.16637814 -0.50000000 0.02530227
v -0.16637814 -0.50000000 0.03560992
v -0.20026545 0.04762222 0.04322065
v -0.19781338 0.05186931 0.04795767
v -0.18937859 0.04343452 0.04795767
v -0.18937859 0.04343452 0.04795767
v -0.19362569 0.04098246 0.04322065
v -0.20026545 0.04762222 0.04322065
v -0.19362569 0.04098246 0.04322065
v -0.18937859 0.04343452 0.04795767
v -0.18645835 0.03253602 0.04795767
v -0.18645835 0.03253602 0.04795767
v -0.19119537 0.03191238 0.04322065
v -0.19362569 0.04098246 0.04322065
v -0.19119537 0.03191238 0.04322065
v -0.18645835 0.03253602 0.04795767
v -0.18645835 -0.15910475 0.04795764
v -0.18645835 -0.15910475 0.04795764
v -0.19119537 -0.15910469 0.04322062
v -0.19119537 0.03191238 0.04322065
v -0.19119537 -0.34900710 0.04322060
v -0.19119537 -0.15910469 0.04322062
v -0.18645835 -0.15910475 0.04795764
v -0.18645835 -0.15910475 0.04795764
v -0.18645835 -0.34900713 0.04795762
v -0.19119537 -0.34900710 0.04322060
v -0.19119537 -0.47195101 0.04322058
v -0.19119537 -0.34900710 0.04322060
v -0.18645835 -0.34900713 0.04795762
v -0.18645835 -0.34900713 0.04795762
v -0.18645835 -0.47285783 0.04795760
v -0.19119537 -0.47195101 0.04322058
v -0.19119537 -0.47195101 0.04322058
v -0.18645835 -0.47285783 0.04795760
v -0.18645835 -0.47667062 0.04722770
v -0.18645835 -0.47667062 0.04722770
v -0.19119537 -0.47576380 0.04249067
v -0.19119537 -0.47195101 0.04322058
v -0.19119537 -0.49416754 0.03399916
v -0.19119537 -0.47576380 0.04249067
v -0.18645835 -0.47667062 0.04722770
v -0.18645835 -0.47667062 0.04722770
v -0.18645835 -0.49782008 0.03882211
v -0.19119537 -0.49416754 0.03399916
v -0.19119537 -0.49416754 0.03399916
v -0.18645835 -0.49782008 0.03882211
v -0.18645149 -0.50000000 0.03560992
v -0.19119537 -0.49524409 0.03003930
v -0.19119537 -0.49416754 0.03399916
v -0.18645149 -0.50000000 0.03560992
v -0.18645149 -0.50000000 0.03560992
v -0.18642129 -0.50000000 0.02526532
v -0.19119537 -0.49524409 0.03003930
v -0.20871189 0.05478955 0.04795767
v -0.19781338 0.05186931 0.04795767
v -0.20026545 0.04762222 0.04322065
v -0.20026545 0.04762222 0.04322065
v -0.20933552 0.05005253 0.04322065
v -0.20871189 0.05478955 0.04795767
v -0.24624677 0.05478955 0.04795767
v -0.20871189 0.05478955 0.04795767
v -0.20933552 0.05005253 0.04322065
v -0.20933552 0.05005253 0.04322065
v -0.24562314 0.05005253 0.04322065
v -0.24624677 0.05478955 0.04795767
v -0.24624677 0.05478955 0.04795767
v -0.24562314 0.05005253 0.04322065
v -0.25469321 0.04762222 0.04322065
v -0.25469321 0.04762222 0.04322065
v -0.25714529 0.05186931 0.04795767
v -0.24624677 0.05478955 0.04795767
v -0.26558006 0.04343452 0.04795767
v -0.25714529 0.05186931 0.04795767
v -0.25469321 0.04762222 0.04322065
v -0.25469321 0.04762222 0.04322065
v -0.26133299 0.04098246 0.04322065
v -0.26558006 0.04343452 0.04795767
v -0.26850033 0.03253601 0.04795767
v -0.26558006 0.04343452 0.04795767
v -0.26133299 0.04098246 0.04322065
v -0.26133299 0.04098246 0.04322065
v -0.26376331 0.03191238 0.04322065
v -0.26850033 0.03253601 0.04795767
v -0.26850033 -0.15910505 0.04795764
v -0.26850033 0.03253601 0.04795767
v -0.26376331 0.03191238 0.04322065
v -0.26376331 0.03191238 0.04322065
v -0.26376331 -0.15910505 0.04322062
v -0.26850033 -0.15910505 0.04795764
v -0.26850033 -0.34900713 0.04795762
v -0.26850033 -0.15910505 0.04795764
v -0.26376331 -0.15910505 0.04322062
v -0.26376331 -0.15910505 0.04322062
v -0.26376331 -0.34900713 0.04322060
v -0.26850033 -0.34900713 0.04795762
v -0.26850033 -0.34900713 0.04795762
v -0.26376331 -0.34900713 0.04322060
v -0.26376331 -0.47392726 0.04322058
v -0.26376331 -0.47392726 0.04322058
v -0.26850033 -0.47483408 0.04795760
v -0.26850033 -0.34900713 0.04795762
v -0.26861006 -0.49434197 0.04020444
v -0.26850033 -0.47483408 0.04795760
v -0.26376331 -0.47392726 0.04322058
v -0.26376331 -0.47392726 0.04322058
v -0.26376331 -0.49411610 0.03517647
v -0.26861006 -0.49434197 0.04020444
v -0.05951895 -0.49526298 0.03003930
v 0.01304897 -0.49526298 0.03003930
v 0.01778599 -0.50000000 0.02530228
v 0.01778599 -0.50000000 0.02530228
v -0.06425598 -0.50000000 0.02530227
v -0.05951895 -0.49526298 0.03003930
v -0.29895774 -0.18250148 0.04795764
v -0.29178295 -0.18967628 0.04795764
v -0.29603004 -0.19212835 0.04322062
v -0.29603004 -0.19212835 0.04322062
v -0.30140981 -0.18674856 0.04322062
v -0.29895774 -0.18250148 0.04795764
v -0.29603004 -0.19212835 0.04322062
v -0.29178295 -0.18967628 0.04795764
v -0.28932387 -0.19885364 0.04795764
v -0.28932387 -0.19885364 0.04795764
v -0.29406089 -0.19947727 0.04322062
v -0.29603004 -0.19212835 0.04322062
v -0.29406089 -0.27503884 0.04322061
v -0.29406089 -0.19947727 0.04322062
v -0.28932387 -0.19885364 0.04795764
v -0.28932387 -0.19885364 0.04795764
v -0.28932387 -0.27566248 0.04795763
v -0.29406089 -0.27503884 0.04322061
v -0.29603004 -0.28238776 0.04322061
v -0.29406089 -0.27503884 0.04322061
v -0.28932387 -0.27566248 0.04795763
v -0.28932387 -0.27566248 0.04795763
v -0.29178295 -0.28483984 0.04795763
v -0.29603004 -0.28238776 0.04322061
v -0.30140981 -0.28776753 0.04322061
v -0.29603004 -0.28238776 0.04322061
v -0.29178295 -0.28483984 0.04795763
v -0.29178295 -0.28483984 0.04795763
v -0.29895774 -0.29201463 0.04795763
v -0.30140981 -0.28776753 0.04322061
v -0.30813509 -0.18004240 0.04795763
v -0.29895774 -0.18250148 0.04795764
v -0.30140981 -0.18674856 0.04322062
v -0.30140981 -0.18674856 0.04322062
v -0.30875874 -0.18477944 0.04322061
v -0.30813509 -0.18004240 0.04795763
v -0.30813509 -0.18004240 0.04795763
v -0.30875874 -0.18477944 0.04322061
v -0.33340037 -0.18477944 0.04110898
v -0.33340037 -0.18477944 0.04110898
v -0.33602577 -0.18004240 0.04795763
v -0.30813509 -0.18004240 0.04795763
v -0.34024900 -0.29447371 -0.00729334
v -0.34024900 -0.18004240 -0.00729333
v -0.33551198 -0.18477944 -0.00255631
v -0.33551198 -0.18477944 -0.00255631
v -0.33551198 -0.28973669 -0.00255632
v -0.34024900 -0.29447371 -0.00729334
v -0.16164112 -0.49526298 0.03003930
v -0.08907320 -0.49526298 0.03003930
v -0.08433618 -0.50000000 0.02530227
v -0.08433618 -0.50000000 0.02530227
v -0.16637814 -0.50000000 0.02530227
v -0.16164112 -0.49526298 0.03003930
v -0.30813509 -0.29447371 0.04795762
v -0.30875874 -0.28973669 0.04322060
v -0.30140981 -0.28776753 0.04322061
v -0.30140981 -0.28776753 0.04322061
v -0.29895774 -0.29201463 0.04795763
v -0.30813509 -0.29447371 0.04795762
v -0.33128873 -0.28973669 0.04322060
v -0.30875874 -0.28973669 0.04322060
v -0.30813509 -0.29447371 0.04795762
v -0.30813509 -0.29447371 0.04795762
v -0.33602577 -0.29447371 0.04795762
v -0.33128873 -0.28973669 0.04322060
v -0.26491150 -0.49872082 0.02338902
v -0.26376331 -0.49314258 0.03003930
v -0.19119537 -0.49524409 0.03003930
v -0.19119537 -0.49524409 0.03003930
v -0.18642129 -0.50000000 0.02526532
v -0.26491150 -0.49872082 0.02338902
v -0.30140981 -0.40404832 0.04322059
v -0.29895774 -0.39980122 0.04795761
v -0.29178295 -0.40697604 0.04795761
v -0.29178295 -0.40697604 0.04795761
v -0.29603004 -0.40942812 0.04322059
v -0.30140981 -0.40404832 0.04322059
v -0.29603004 -0.40942812 0.04322059
v -0.29178295 -0.40697604 0.04795761
v -0.28932387 -0.41615337 0.04795761
v -0.28932387 -0.41615337 0.04795761
v -0.29406089 -0.41677704 0.04322059
v -0.29603004 -0.40942812 0.04322059
v -0.29406089 -0.47392726 0.04322058
v -0.29406089 -0.41677704 0.04322059
v -0.28932387 -0.41615337 0.04795761
v -0.28932387 -0.41615337 0.04795761
v -0.28932387 -0.47483408 0.04795760
v -0.29406089 -0.47392726 0.04322058
v -0.29406089 -0.47392726 0.04322058
v -0.28932387 -0.47483408 0.04795760
v -0.28938061 -0.48794839 0.04274549
v -0.28938061 -0.48794839 0.04274549
v -0.29406089 -0.48613304 0.03842023
v -0.29406089 -0.47392726 0.04322058
v -0.29406089 -0.48613304 0.03842023
v -0.28938061 -0.48794839 0.04274549
v -0.29019150 -0.49172425 0.03700844
v -0.29406089 -0.48381317 -0.00255635
v -0.29406089 -0.48613304 0.03842023
v -0.29019150 -0.49172425 0.03700844
v -0.29019150 -0.49172425 0.03700844
v -0.29447743 -0.48994896 -0.00770745
v -0.29406089 -0.48381317 -0.00255635
v -0.30813509 -0.39734218 0.04795761
v -0.29895774 -0.39980122 0.04795761
v -0.30140981 -0.40404832 0.04322059
v -0.30140981 -0.40404832 0.04322059
v -0.30875874 -0.40207919 0.04322059
v -0.30813509 -0.39734218 0.04795761
v -0.30813509 -0.39734218 0.04795761
v -0.30875874 -0.40207919 0.04322059
v -0.33128873 -0.40207919 0.04322059
v -0.33128873 -0.40207919 0.04322059
v -0.33602577 -0.39734218 0.04795761
v -0.30813509 -0.39734218 0.04795761
v -0.34024900 -0.41494629 -0.00729336
v -0.34024900 -0.39734218 -0.00729336
v -0.33551198 -0.40207919 -0.00255634
v -0.33551198 -0.40207919 -0.00255634
v -0.33551198 -0.41463581 -0.00255634
v -0.34024900 -0.41494629 -0.00729336
v -0.34024900 -0.41494629 -0.00729336
v -0.33551198 -0.41463581 -0.00255634
v -0.33273581 -0.43572316 -0.00255634
v -0.33273581 -0.43572316 -0.00255634
v -0.33735088 -0.43695977 -0.00729336
v -0.34024900 -0.41494629 -0.00729336
v -0.33735088 -0.43695977 -0.00729336
v -0.33273581 -0.43572316 -0.00255634
v -0.32471621 -0.45508420 -0.00255634
v -0.32471621 -0.45508420 -0.00255634
v -0.32885399 -0.45747316 -0.00729336
v -0.33735088 -0.43695977 -0.00729336
v -0.32885399 -0.45747316 -0.00729336
v -0.32471621 -0.45508420 -0.00255634
v -0.31201681 -0.47163445 -0.00255634
v -0.31201681 -0.47163445 -0.00255634
v -0.31533736 -0.47508839 -0.00729337
v -0.32885399 -0.45747316 -0.00729336
v -0.31533736 -0.47508839 -0.00729337
v -0.31201681 -0.47163445 -0.00255634
v -0.29406089 -0.48381317 -0.00255635
v -0.29406089 -0.48381317 -0.00255635
v -0.29447743 -0.48994896 -0.00770745
v -0.31533736 -0.47508839 -0.00729337
v -0.27720878 -0.49710187 0.03502021
v -0.27606153 -0.49339452 0.04058098
v -0.26861006 -0.49434197 0.04020444
v -0.26861006 -0.49434197 0.04020444
v -0.26889390 -0.49819654 0.03453860
v -0.27720878 -0.49710187 0.03502021
v -0.27606153 -0.49339452 0.04058098
v -0.27720878 -0.49710187 0.03502021
v -0.29019150 -0.49172425 0.03700844
v -0.29019150 -0.49172425 0.03700844
v -0.28938061 -0.48794839 0.04274549
v -0.27606153 -0.49339452 0.04058098
v -0.26376331 -0.49314258 0.03003930
v -0.26491150 -0.49872082 0.02338902
v -0.26889390 -0.49819654 0.03453860
v -0.26889390 -0.49819654 0.03453860
v -0.26376331 -0.49411610 0.03517647
v -0.26376331 -0.49314258 0.03003930
v -0.26861006 -0.49434197 0.04020444
v -0.26376331 -0.49411610 0.03517647
v -0.26889390 -0.49819654 0.03453860
v -0.05951895 0.03191238 0.03003936
v -0.05951895 0.03191238 0.04322065
v -0.05708862 0.04098246 0.04322065
v -0.05951895 -0.15910521 0.04322062
v -0.05951895 0.03191238 0.04322065
v -0.05951895 0.03191238 0.03003936
v -0.05708862 0.04098246 0.04322065
v -0.05708862 0.04098246 0.03003936
v -0.05951895 0.03191238 0.03003936
v -0.05708862 0.04098246 0.03003936
v -0.05708862 0.04098246 0.04322065
v -0.05044886 0.04762222 0.04322065
v -0.05044886 0.04762222 0.04322065
v -0.05044886 0.04762222 0.03003936
v -0.05708862 0.04098246 0.03003936
v -0.05951895 0.03191238 0.03003936
v -0.05951895 -0.15910523 0.03003934
v -0.05951895 -0.15910521 0.04322062
v -0.05951895 -0.34900698 0.04322060
v -0.05951895 -0.15910521 0.04322062
v -0.05951895 -0.15910523 0.03003934
v -0.05951895 -0.15910523 0.03003934
v -0.05951895 -0.34900701 0.03003932
v -0.05951895 -0.34900698 0.04322060
v -0.05951895 -0.47195101 0.04322058
v -0.05951895 -0.34900698 0.04322060
v -0.05951895 -0.34900701 0.03003932
v -0.05951895 -0.34900701 0.03003932
v -0.05951895 -0.47483414 0.03003930
v -0.05951895 -0.47195101 0.04322058
v -0.05951895 -0.47576380 0.04249067
v -0.05951895 -0.47195101 0.04322058
v -0.05951895 -0.47483414 0.03003930
v -0.05951895 -0.49417302 0.03400126
v -0.05951895 -0.47576380 0.04249067
v -0.05951895 -0.47483414 0.03003930
v -0.05951895 -0.47483414 0.03003930
v -0.05951895 -0.49526298 0.03003930
v -0.05951895 -0.49417302 0.03400126
v 0.25660402 -0.15910517 0.03003934
v 0.25660402 -0.15910518 0.04319374
v 0.25660402 -0.34900704 0.04317231
v 0.25660402 -0.15910518 0.04319374
v 0.25660402 -0.15910517 0.03003934
v 0.25660402 0.03191238 0.03003936
v 0.25660402 -0.34900704 0.04317231
v 0.25660402 -0.34900725 0.03003932
v 0.25660402 -0.15910517 0.03003934
v 0.25660402 0.03191238 0.03003936
v 0.25660402 0.03191238 0.04321580
v 0.25660402 -0.15910518 0.04319374
v 0.25660402 -0.34900725 0.03003932
v 0.25660402 -0.34900704 0.04317231
v 0.25660402 -0.47391528 0.04315798
v 0.25660402 0.03191238 0.04321580
v 0.25660402 0.03191238 0.03003936
v 0.25417370 0.04098246 0.03003936
v 0.25660402 -0.47391528 0.04315798
v 0.25660402 -0.47483400 0.03003930
v 0.25660402 -0.34900725 0.03003932
v 0.25660402 -0.47483400 0.03003930
v 0.25660402 -0.47391528 0.04315798
v 0.25660402 -0.49177307 0.03609906
v 0.25660402 -0.49177307 0.03609906
v 0.25660402 -0.49490872 0.03003930
v 0.25660402 -0.47483400 0.03003930
v 0.25417370 0.04098246 0.03003936
v 0.25417370 0.04098246 0.04322065
v 0.25660402 0.03191238 0.04321580
v 0.25417370 0.04098246 0.04322065
v 0.25417370 0.04098246 0.03003936
v 0.24753395 0.04762222 0.03003936
v 0.24753395 0.04762222 0.03003936
v 0.24753395 0.04762222 0.04322065
v 0.25417370 0.04098246 0.04322065
v -0.05044886 0.04762222 0.03003936
v -0.05044886 0.04762222 0.04322065
v -0.04137878 0.05005253 0.04322065
v -0.04137878 0.05005253 0.04322065
v -0.04137878 0.05005253 0.03003936
v -0.05044886 0.04762222 0.03003936
v -0.04137878 0.05005253 0.03003936
v -0.04137878 0.05005253 0.04322065
v -0.00509118 0.05005253 0.04322065
v -0.00509118 0.05005253 0.04322065
v -0.00509118 0.05005253 0.03003936
v -0.04137878 0.05005253 0.03003936
v -0.00509118 0.05005253 0.03003936
v -0.00509118 0.05005253 0.04322065
v 0.00397890 0.04762222 0.04322065
v 0.00397890 0.04762222 0.04322065
v 0.00397890 0.04762222 0.03003936
v -0.00509118 0.05005253 0.03003936
v 0.01061866 0.04098246 0.03003936
v 0.01061866 0.04098246 0.04322065
v 0.01304897 0.03191238 0.04322065
v 0.01061866 0.04098246 0.04322065
v 0.01061866 0.04098246 0.03003936
v 0.00397890 0.04762222 0.03003936
v 0.00397890 0.04762222 0.03003936
v 0.00397890 0.04762222 0.04322065
v 0.01061866 0.04098246 0.04322065
v 0.01304897 0.03191238 0.04322065
v 0.01304897 0.03191238 0.03003936
v 0.01061866 0.04098246 0.03003936
v 0.01304897 0.03191238 0.03003936
v 0.01304897 0.03191238 0.04322065
v 0.01304897 -0.15910521 0.04322062
v 0.01304897 -0.15910521 0.04322062
v 0.01304897 -0.15910523 0.03003934
v 0.01304897 0.03191238 0.03003936
v 0.01304897 -0.15910523 0.03003934
v 0.01304897 -0.15910521 0.04322062
v 0.01304897 -0.34900698 0.04322060
v 0.01304897 -0.34900698 0.04322060
v 0.01304897 -0.34900701 0.03003932
v 0.01304897 -0.15910523 0.03003934
v 0.01304897 -0.34900701 0.03003932
v 0.01304897 -0.34900698 0.04322060
v 0.01304897 -0.47195101 0.04322058
v 0.01304897 -0.47195101 0.04322058
v 0.01304897 -0.47483414 0.03003930
v 0.01304897 -0.34900701 0.03003932
v 0.01304897 -0.47195101 0.04322058
v 0.01304897 -0.47576380 0.04249067
v 0.01304897 -0.47483414 0.03003930
v 0.01304897 -0.47483414 0.03003930
v 0.01304897 -0.47576380 0.04249067
v 0.01304897 -0.49417302 0.03400126
v 0.01304897 -0.49417302 0.03400126
v 0.01304897 -0.49526298 0.03003930
v 0.01304897 -0.47483414 0.03003930
v 0.04260322 0.03191238 0.03003936
v 0.04260322 0.03191238 0.04322065
v 0.04503355 0.04098246 0.04322065
v 0.04260322 -0.15910521 0.04322062
v 0.04260322 0.03191238 0.04322065
v 0.04260322 0.03191238 0.03003936
v 0.04503355 0.04098246 0.04322065
v 0.04503355 0.04098246 0.03003936
v 0.04260322 0.03191238 0.03003936
v 0.04503355 0.04098246 0.03003936
v 0.04503355 0.04098246 0.04322065
v 0.05167332 0.04762222 0.04322065
v 0.05167332 0.04762222 0.04322065
v 0.05167332 0.04762222 0.03003936
v 0.04503355 0.04098246 0.03003936
v 0.04260322 0.03191238 0.03003936
v 0.04260322 -0.15910523 0.03003934
v 0.04260322 -0.15910521 0.04322062
v 0.04260322 -0.34900698 0.04322060
v 0.04260322 -0.15910521 0.04322062
v 0.04260322 -0.15910523 0.03003934
v 0.04260322 -0.15910523 0.03003934
v 0.04260322 -0.34900701 0.03003932
v 0.04260322 -0.34900698 0.04322060
v 0.04260322 -0.47195101 0.04322058
v 0.04260322 -0.34900698 0.04322060
v 0.04260322 -0.34900701 0.03003932
v 0.04260322 -0.34900701 0.03003932
v 0.04260322 -0.47483414 0.03003930
v 0.04260322 -0.47195101 0.04322058
v 0.04260322 -0.47576380 0.04249067
v 0.04260322 -0.47195101 0.04322058
v 0.04260322 -0.47483414 0.03003930
v 0.04260322 -0.49417302 0.03400126
v 0.04260322 -0.47576380 0.04249067
v 0.04260322 -0.47483414 0.03003930
v 0.04260322 -0.47483414 0.03003930
v 0.04260322 -0.49526298 0.03003930
v 0.04260322 -0.49417302 0.03400126
v 0.05167332 0.04762222 0.03003936
v 0.05167332 0.04762222 0.04322065
v 0.06074339 0.05005253 0.04322065
v 0.06074339 0.05005253 0.04322065
v 0.06074339 0.05005253 0.03003936
v 0.05167332 0.04762222 0.03003936
v 0.06074339 0.05005253 0.03003936
v 0.06074339 0.05005253 0.04322065
v 0.09703099 0.05005253 0.04322065
v 0.09703099 0.05005253 0.04322065
v 0.09703099 0.05005253 0.03003936
v 0.06074339 0.05005253 0.03003936
v 0.09703099 0.05005253 0.03003936
v 0.09703099 0.05005253 0.04322065
v 0.10610107 0.04762222 0.04322065
v 0.10610107 0.04762222 0.04322065
v 0.10610107 0.04762222 0.03003936
v 0.09703099 0.05005253 0.03003936
v 0.11274083 0.04098246 0.03003936
v 0.11274083 0.04098246 0.04322065
v 0.11517115 0.03191238 0.04322065
v 0.11274083 0.04098246 0.04322065
v 0.11274083 0.04098246 0.03003936
v 0.10610107 0.04762222 0.03003936
v 0.10610107 0.04762222 0.03003936
v 0.10610107 0.04762222 0.04322065
v 0.11274083 0.04098246 0.04322065
v 0.11517115 0.03191238 0.04322065
v 0.11517115 0.03191238 0.03003936
v 0.11274083 0.04098246 0.03003936
v 0.11517115 -0.15910521 0.03003934
v 0.11517115 0.03191238 0.03003936
v 0.11517115 0.03191238 0.04322065
v 0.11517115 0.03191238 0.04322065
v 0.11517115 -0.15910521 0.04322062
v 0.11517115 -0.15910521 0.03003934
v 0.11517115 -0.34900698 0.03003932
v 0.11517115 -0.15910521 0.03003934
v 0.11517115 -0.15910521 0.04322062
v 0.11517115 -0.15910521 0.04322062
v 0.11517115 -0.34900698 0.04322060
v 0.11517115 -0.34900698 0.03003932
v 0.11517115 -0.34900698 0.03003932
v 0.11517115 -0.34900698 0.04322060
v 0.11517115 -0.47195101 0.04322058
v 0.11517115 -0.47195101 0.04322058
v 0.11517115 -0.47483411 0.03003930
v 0.11517115 -0.34900698 0.03003932
v 0.11517115 -0.47195101 0.04322058
v 0.11517115 -0.47576380 0.04249067
v 0.11517115 -0.47483411 0.03003930
v 0.11517115 -0.47483411 0.03003930
v 0.11517115 -0.47576380 0.04249067
v 0.11517115 -0.49417302 0.03400126
v 0.11517115 -0.49417302 0.03400126
v 0.11517115 -0.49526298 0.03003930
v 0.11517115 -0.47483411 0.03003930
v 0.14472540 0.03191238 0.03003936
v 0.14472540 0.03191238 0.04322065
v 0.14715573 0.04098246 0.04322065
v 0.14472541 -0.15910521 0.04322062
v 0.14472540 0.03191238 0.04322065
v 0.14472540 0.03191238 0.03003936
v 0.14715573 0.04098246 0.04322065
v 0.14715573 0.04098246 0.03003936
v 0.14472540 0.03191238 0.03003936
v 0.14715573 0.04098246 0.03003936
v 0.14715573 0.04098246 0.04322065
v 0.15379550 0.04762222 0.04322065
v 0.15379550 0.04762222 0.04322065
v 0.15379550 0.04762222 0.03003936
v 0.14715573 0.04098246 0.03003936
v 0.14472540 0.03191238 0.03003936
v 0.14472541 -0.15910523 0.03003934
v 0.14472541 -0.15910521 0.04322062
v 0.14472541 -0.34900698 0.04322060
v 0.14472541 -0.15910521 0.04322062
v 0.14472541 -0.15910523 0.03003934
v 0.14472541 -0.15910523 0.03003934
v 0.14472541 -0.34900701 0.03003932
v 0.14472541 -0.34900698 0.04322060
v 0.14472540 -0.47195101 0.04322058
v 0.14472541 -0.34900698 0.04322060
v 0.14472541 -0.34900701 0.03003932
v 0.14472541 -0.34900701 0.03003932
v 0.14472540 -0.47483414 0.03003930
v 0.14472540 -0.47195101 0.04322058
v 0.14472540 -0.47576380 0.04249067
v 0.14472540 -0.47195101 0.04322058
v 0.14472540 -0.47483414 0.03003930
v 0.14472540 -0.49417302 0.03400126
v 0.14472540 -0.47576380 0.04249067
v 0.14472540 -0.47483414 0.03003930
v 0.14472540 -0.47483414 0.03003930
v 0.14472540 -0.49526298 0.03003930
v 0.14472540 -0.49417302 0.03400126
v 0.15379550 0.04762222 0.03003936
v 0.15379550 0.04762222 0.04322065
v 0.16286556 0.05005253 0.04322065
v 0.16286556 0.05005253 0.04322065
v 0.16286556 0.05005253 0.03003936
v 0.15379550 0.04762222 0.03003936
v 0.16286556 0.05005253 0.03003936
v 0.16286556 0.05005253 0.04322065
v 0.23846386 0.05005253 0.04322065
v 0.23846386 0.05005253 0.04322065
v 0.23846386 0.05005253 0.03003936
v 0.16286556 0.05005253 0.03003936
v 0.23846386 0.05005253 0.03003936
v 0.23846386 0.05005253 0.04322065
v 0.24753395 0.04762222 0.04322065
v 0.24753395 0.04762222 0.04322065
v 0.24753395 0.04762222 0.03003936
v 0.23846386 0.05005253 0.03003936
v -0.09814327 0.04762222 0.03003936
v -0.09814327 0.04762222 0.04322065
v -0.09150351 0.04098246 0.04322065
v -0.09150351 0.04098246 0.04322065
v -0.09150351 0.04098246 0.03003936
v -0.09814327 0.04762222 0.03003936
v -0.09150351 0.04098246 0.03003936
v -0.09150351 0.04098246 0.04322065
v -0.08907320 0.03191238 0.04322065
v -0.08907320 0.03191238 0.04322065
v -0.08907320 0.03191238 0.03003936
v -0.09150351 0.04098246 0.03003936
v -0.08907320 0.03191238 0.03003936
v -0.08907320 0.03191238 0.04322065
v -0.08907320 -0.15910521 0.04322062
v -0.08907320 -0.15910521 0.04322062
v -0.08907320 -0.15910523 0.03003934
v -0.08907320 0.03191238 0.03003936
v -0.08907320 -0.15910523 0.03003934
v -0.08907320 -0.15910521 0.04322062
v -0.08907320 -0.34900698 0.04322060
v -0.08907320 -0.34900698 0.04322060
v -0.08907320 -0.34900701 0.03003932
v -0.08907320 -0.15910523 0.03003934
v -0.08907320 -0.34900701 0.03003932
v -0.08907320 -0.34900698 0.04322060
v -0.08907320 -0.47195101 0.04322058
v -0.08907320 -0.47195101 0.04322058
v -0.08907320 -0.47483414 0.03003930
v -0.08907320 -0.34900701 0.03003932
v -0.08907320 -0.47195101 0.04322058
v -0.08907320 -0.47576380 0.04249067
v -0.08907320 -0.47483414 0.03003930
v -0.08907320 -0.47483414 0.03003930
v -0.08907320 -0.47576380 0.04249067
v -0.08907320 -0.49417302 0.03400126
v -0.08907320 -0.49417302 0.03400126
v -0.08907320 -0.49526298 0.03003930
v -0.08907320 -0.47483414 0.03003930
v -0.10721335 0.05005253 0.03003936
v -0.10721335 0.05005253 0.04322065
v -0.09814327 0.04762222 0.04322065
v -0.09814327 0.04762222 0.04322065
v -0.09814327 0.04762222 0.03003936
v -0.10721335 0.05005253 0.03003936
v -0.10721335 0.05005253 0.04322065
v -0.10721335 0.05005253 0.03003936
v -0.14350095 0.05005253 0.03003936
v -0.14350095 0.05005253 0.03003936
v -0.14350095 0.05005253 0.04322065
v -0.10721335 0.05005253 0.04322065
v -0.14350095 0.05005253 0.04322065
v -0.14350095 0.05005253 0.03003936
v -0.15257104 0.04762222 0.03003936
v -0.15257104 0.04762222 0.03003936
v -0.15257104 0.04762222 0.04322065
v -0.14350095 0.05005253 0.04322065
v -0.15921080 0.04098246 0.03003936
v -0.15921080 0.04098246 0.04322065
v -0.15257104 0.04762222 0.04322065
v -0.15257104 0.04762222 0.04322065
v -0.15257104 0.04762222 0.03003936
v -0.15921080 0.04098246 0.03003936
v -0.15921080 0.04098246 0.04322065
v -0.15921080 0.04098246 0.03003936
v -0.16164112 0.03191238 0.03003936
v -0.16164112 0.03191238 0.03003936
v -0.16164112 0.03191238 0.04322065
v -0.15921080 0.04098246 0.04322065
v -0.16164112 -0.15910521 0.04322062
v -0.16164112 0.03191238 0.04322065
v -0.16164112 0.03191238 0.03003936
v -0.16164112 0.03191238 0.03003936
v -0.16164112 -0.15910521 0.03003934
v -0.16164112 -0.15910521 0.04322062
v -0.16164112 -0.34900698 0.04322060
v -0.16164112 -0.15910521 0.04322062
v -0.16164112 -0.15910521 0.03003934
v -0.16164112 -0.15910521 0.03003934
v -0.16164112 -0.34900698 0.03003932
v -0.16164112 -0.34900698 0.04322060
v -0.16164112 -0.47195101 0.04322058
v -0.16164112 -0.34900698 0.04322060
v -0.16164112 -0.34900698 0.03003932
v -0.16164112 -0.34900698 0.03003932
v -0.16164112 -0.47483411 0.03003930
v -0.16164112 -0.47195101 0.04322058
v -0.16164112 -0.47576380 0.04249067
v -0.16164112 -0.47195101 0.04322058
v -0.16164112 -0.47483411 0.03003930
v -0.16164112 -0.49417302 0.03400126
v -0.16164112 -0.47576380 0.04249067
v -0.16164112 -0.47483411 0.03003930
v -0.16164112 -0.47483411 0.03003930
v -0.16164112 -0.49526298 0.03003930
v -0.16164112 -0.49417302 0.03400126
v -0.20026545 0.04762222 0.03003936
v -0.20026545 0.04762222 0.04322065
v -0.19362569 0.04098246 0.04322065
v -0.19362569 0.04098246 0.04322065
v -0.19362569 0.04098246 0.03003936
v -0.20026545 0.04762222 0.03003936
v -0.19362569 0.04098246 0.03003936
v -0.19362569 0.04098246 0.04322065
v -0.19119537 0.03191238 0.04322065
v -0.19119537 0.03191238 0.04322065
v -0.19119537 0.03191238 0.03003936
v -0.19362569 0.04098246 0.03003936
v -0.19119537 0.03191238 0.03003936
v -0.19119537 0.03191238 0.04322065
v -0.19119537 -0.15910469 0.04322062
v -0.19119537 -0.15910469 0.04322062
v -0.19119537 -0.15910470 0.03003934
v -0.19119537 0.03191238 0.03003936
v -0.19119537 -0.15910470 0.03003934
v -0.19119537 -0.15910469 0.04322062
v -0.19119537 -0.34900710 0.04322060
v -0.19119537 -0.34900710 0.04322060
v -0.19119537 -0.34900713 0.03003932
v -0.19119537 -0.15910470 0.03003934
v -0.19119537 -0.34900713 0.03003932
v -0.19119537 -0.34900710 0.04322060
v -0.19119537 -0.47195101 0.04322058
v -0.19119537 -0.47195101 0.04322058
v -0.19119537 -0.47483414 0.03003930
v -0.19119537 -0.34900713 0.03003932
v -0.19119537 -0.47195101 0.04322058
v -0.19119537 -0.47576380 0.04249067
v -0.19119537 -0.47483414 0.03003930
v -0.19119537 -0.47483414 0.03003930
v -0.19119537 -0.47576380 0.04249067
v -0.19119537 -0.49416754 0.03399916
v -0.19119537 -0.49416754 0.03399916
v -0.19119537 -0.49524409 0.03003930
v -0.19119537 -0.47483414 0.03003930
v -0.20933552 0.05005253 0.03003936
v -0.20933552 0.05005253 0.04322065
v -0.20026545 0.04762222 0.04322065
v -0.20026545 0.04762222 0.04322065
v -0.20026545 0.04762222 0.03003936
v -0.20933552 0.05005253 0.03003936
v -0.20933552 0.05005253 0.04322065
v -0.20933552 0.05005253 0.03003936
v -0.24562314 0.05005253 0.03003936
v -0.24562314 0.05005253 0.03003936
v -0.24562314 0.05005253 0.04322065
v -0.20933552 0.05005253 0.04322065
v -0.24562314 0.05005253 0.04322065
v -0.24562314 0.05005253 0.03003936
v -0.25469321 0.04762222 0.03003936
v -0.25469321 0.04762222 0.03003936
v -0.25469321 0.04762222 0.04322065
v -0.24562314 0.05005253 0.04322065
v -0.26133299 0.04098246 0.03003936
v -0.26133299 0.04098246 0.04322065
v -0.25469321 0.04762222 0.04322065
v -0.25469321 0.04762222 0.04322065
v -0.25469321 0.04762222 0.03003936
v -0.26133299 0.04098246 0.03003936
v -0.26133299 0.04098246 0.04322065
v -0.26133299 0.04098246 0.03003936
v -0.26376331 0.03191238 0.03003936
v -0.26376331 0.03191238 0.03003936
v -0.26376331 0.03191238 0.04322065
v -0.26133299 0.04098246 0.04322065
v -0.26376331 0.03191238 0.04322065
v -0.26376331 0.03191238 0.03003936
v -0.26376331 -0.15910505 0.03003934
v -0.26376331 -0.15910505 0.03003934
v -0.26376331 -0.15910505 0.04322062
v -0.26376331 0.03191238 0.04322065
v -0.26376331 -0.34900713 0.04322060
v -0.26376331 -0.15910505 0.04322062
v -0.26376331 -0.15910505 0.03003934
v -0.26376331 -0.15910505 0.03003934
v -0.26376331 -0.34900713 0.03003932
v -0.26376331 -0.34900713 0.04322060
v -0.26376331 -0.47392726 0.04322058
v -0.26376331 -0.34900713 0.04322060
v -0.26376331 -0.34900713 0.03003932
v -0.26376331 -0.34900713 0.03003932
v -0.26376331 -0.47483408 0.03003930
v -0.26376331 -0.47392726 0.04322058
v -0.26376331 -0.49411610 0.03517647
v -0.26376331 -0.47392726 0.04322058
v -0.26376331 -0.47483408 0.03003930
v -0.26376331 -0.47483408 0.03003930
v -0.26376331 -0.49314258 0.03003930
v -0.26376331 -0.49411610 0.03517647
v -0.30140981 -0.18674856 -0.00255631
v -0.30140981 -0.18674856 0.04322062
v -0.29603004 -0.19212835 0.04322062
v -0.29603004 -0.19212835 0.04322062
v -0.29603004 -0.19212835 -0.00255631
v -0.30140981 -0.18674856 -0.00255631
v -0.29603004 -0.19212835 -0.00255631
v -0.29603004 -0.19212835 0.04322062
v -0.29406089 -0.19947727 0.04322062
v -0.29406089 -0.19947727 0.04322062
v -0.29406089 -0.19947727 -0.00255631
v -0.29603004 -0.19212835 -0.00255631
v -0.29406089 -0.19947727 -0.00255631
v -0.29406089 -0.19947727 0.04322062
v -0.29406089 -0.27503884 0.04322061
v -0.29406089 -0.27503884 0.04322061
v -0.29406089 -0.27503884 -0.00255632
v -0.29406089 -0.19947727 -0.00255631
v -0.29406089 -0.27503884 -0.00255632
v -0.29406089 -0.27503884 0.04322061
v -0.29603004 -0.28238776 0.04322061
v -0.29603004 -0.28238776 0.04322061
v -0.29603004 -0.28238776 -0.00255632
v -0.29406089 -0.27503884 -0.00255632
v -0.29603004 -0.28238776 -0.00255632
v -0.29603004 -0.28238776 0.04322061
v -0.30140981 -0.28776753 0.04322061
v -0.30140981 -0.28776753 0.04322061
v -0.30140981 -0.28776753 -0.00255632
v -0.29603004 -0.28238776 -0.00255632
v -0.30140981 -0.18674856 -0.00255631
v -0.30875874 -0.18477944 -0.00255631
v -0.30875874 -0.18477944 0.04322061
v -0.30875874 -0.18477944 0.04322061
v -0.30140981 -0.18674856 0.04322062
v -0.30140981 -0.18674856 -0.00255631
v -0.33340037 -0.18477944 0.04110898
v -0.30875874 -0.18477944 0.04322061
v -0.30875874 -0.18477944 -0.00255631
v -0.30875874 -0.18477944 -0.00255631
v -0.33551198 -0.18477944 -0.00255631
v -0.33340037 -0.18477944 0.04110898
v -0.30140981 -0.28776753 -0.00255632
v -0.30140981 -0.28776753 0.04322061
v -0.30875874 -0.28973669 0.04322060
v -0.30875874 -0.28973669 0.04322060
v -0.30875874 -0.28973669 -0.00255632
v -0.30140981 -0.28776753 -0.00255632
v -0.30875874 -0.28973669 -0.00255632
v -0.30875874 -0.28973669 0.04322060
v -0.33551198 -0.28973669 0.03899734
v -0.30875874 -0.28973669 0.04322060
v -0.33128873 -0.28973669 0.04322060
v -0.33551198 -0.28973669 0.03899734
v -0.30875874 -0.28973669 -0.00255632
v -0.33551198 -0.28973669 0.03899734
v -0.33551198 -0.28973669 -0.00255632
v -0.30140981 -0.40404832 -0.00255634
v -0.30140981 -0.40404832 0.04322059
v -0.29603004 -0.40942812 0.04322059
v -0.29603004 -0.40942812 0.04322059
v -0.29603004 -0.40942812 -0.00255634
v -0.30140981 -0.40404832 -0.00255634
v -0.29603004 -0.40942812 -0.00255634
v -0.29603004 -0.40942812 0.04322059
v -0.29406089 -0.41677704 0.04322059
v -0.29406089 -0.41677704 0.04322059
v -0.29406089 -0.41677704 -0.00255634
v -0.29603004 -0.40942812 -0.00255634
v -0.29406089 -0.41677704 -0.00255634
v -0.29406089 -0.41677704 0.04322059
v -0.29406089 -0.47392726 0.04322058
v -0.29406089 -0.47392726 0.04322058
v -0.29406089 -0.48381317 -0.00255635
v -0.29406089 -0.41677704 -0.00255634
v -0.29406089 -0.48613304 0.03842023
v -0.29406089 -0.48381317 -0.00255635
v -0.29406089 -0.47392726 0.04322058
v -0.30875874 -0.40207919 -0.00255634
v -0.30875874 -0.40207919 0.04322059
v -0.30140981 -0.40404832 0.04322059
v -0.30140981 -0.40404832 0.04322059
v -0.30140981 -0.40404832 -0.00255634
v -0.30875874 -0.40207919 -0.00255634
v -0.33551198 -0.40207919 0.03899734
v -0.30875874 -0.40207919 0.04322059
v -0.30875874 -0.40207919 -0.00255634
v -0.33551198 -0.40207919 0.03899734
v -0.33128873 -0.40207919 0.04322059
v -0.30875874 -0.40207919 0.04322059
v -0.33551198 -0.40207919 0.03899734
v -0.30875874 -0.40207919 -0.00255634
v -0.33551198 -0.40207919 -0.00255634
v -0.27606153 -0.49339452 0.04058098
v -0.28938061 -0.48794839 0.04274549
v -0.28932387 -0.47483408 0.04795760
v -0.28932387 -0.47483408 0.04795760
v -0.26850033 -0.47483408 0.04795760
v -0.27606153 -0.49339452 0.04058098
v -0.26861006 -0.49434197 0.04020444
v -0.27606153 -0.49339452 0.04058098
v -0.26850033 -0.47483408 0.04795760
v -0.26850033 -0.47483408 0.04795760
v -0.28932387 -0.47483408 0.04795760
v -0.28932387 -0.41615337 0.04795761
v -0.28932387 -0.41615337 0.04795761
v -0.26850033 -0.34900713 0.04795762
v -0.26850033 -0.47483408 0.04795760
v -0.29178295 -0.40697604 0.04795761
v -0.26850033 -0.34900713 0.04795762
v -0.28932387 -0.41615337 0.04795761
v -0.29895774 -0.39980122 0.04795761
v -0.26850033 -0.34900713 0.04795762
v -0.29178295 -0.40697604 0.04795761
v -0.30813509 -0.39734218 0.04795761
v -0.26850033 -0.34900713 0.04795762
v -0.29895774 -0.39980122 0.04795761
v -0.30813509 -0.39734218 0.04795761
v -0.33602577 -0.39734218 0.04795761
v -0.33602577 -0.34900716 0.04795761
v -0.33602577 -0.34900716 0.04795761
v -0.26850033 -0.34900713 0.04795762
v -0.30813509 -0.39734218 0.04795761
v -0.33602577 -0.34900716 0.04795761
v -0.33602577 -0.29447371 0.04795762
v -0.30813509 -0.29447371 0.04795762
v -0.30813509 -0.29447371 0.04795762
v -0.26850033 -0.34900713 0.04795762
v -0.33602577 -0.34900716 0.04795761
v -0.30813509 -0.29447371 0.04795762
v -0.29895774 -0.29201463 0.04795763
v -0.26850033 -0.34900713 0.04795762
v -0.29895774 -0.29201463 0.04795763
v -0.29178295 -0.28483984 0.04795763
v -0.26850033 -0.34900713 0.04795762
v -0.29178295 -0.28483984 0.04795763
v -0.28932387 -0.27566248 0.04795763
v -0.26850033 -0.34900713 0.04795762
v -0.26850033 -0.15910505 0.04795764
v -0.26850033 -0.34900713 0.04795762
v -0.28932387 -0.27566248 0.04795763
v -0.28932387 -0.27566248 0.04795763
v -0.28932387 -0.19885364 0.04795764
v -0.26850033 -0.15910505 0.04795764
v -0.28932387 -0.19885364 0.04795764
v -0.29178295 -0.18967628 0.04795764
v -0.26850033 -0.15910505 0.04795764
v -0.29178295 -0.18967628 0.04795764
v -0.29895774 -0.18250148 0.04795764
v -0.26850033 -0.15910505 0.04795764
v -0.29895774 -0.18250148 0.04795764
v -0.30813509 -0.18004240 0.04795763
v -0.26850033 -0.15910505 0.04795764
v -0.33602577 -0.15910497 0.04795764
v -0.26850033 -0.15910505 0.04795764
v -0.30813509 -0.18004240 0.04795763
v -0.30813509 -0.18004240 0.04795763
v -0.33602577 -0.18004240 0.04795763
v -0.33602577 -0.15910497 0.04795764
v -0.33323634 0.43585730 0.04795771
v -0.33602577 0.41466951 0.04795771
v -0.34024900 0.41494629 0.04373445
v -0.34024900 0.41494629 0.04373445
v -0.33735088 0.43695977 0.04373445
v -0.33323634 0.43585730 0.04795771
v -0.34024900 0.08298928 0.04373441
v -0.34024900 0.41494629 0.04373445
v -0.33602577 0.41466951 0.04795771
v -0.32516494 0.45534331 0.04795771
v -0.33323634 0.43585730 0.04795771
v -0.33735088 0.43695977 0.04373445
v -0.33602577 0.41466951 0.04795771
v -0.33602577 0.08298928 0.04795767
v -0.34024900 0.08298928 0.04373441
v -0.33735088 0.43695977 0.04373445
v -0.32885396 0.45747316 0.04373445
v -0.32516494 0.45534331 0.04795771
v -0.34024900 0.08298928 0.04373441
v -0.33602577 0.08298928 0.04795767
v -0.33602577 -0.15910497 0.04795764
v -0.31232530 0.47207633 0.04795772
v -0.32516494 0.45534331 0.04795771
v -0.32885396 0.45747316 0.04373445
v -0.33602577 -0.15910497 0.04795764
v -0.34024900 -0.15910497 0.04373438
v -0.34024900 0.08298928 0.04373441
v -0.34024900 -0.18004240 0.04373437
v -0.34024900 -0.15910497 0.04373438
v -0.33602577 -0.15910497 0.04795764
v -0.33602577 -0.15910497 0.04795764
v -0.33602577 -0.18004240 0.04795763
v -0.34024900 -0.18004240 0.04373437
v -0.32885396 0.45747316 0.04373445
v -0.31533736 0.47508839 0.04373446
v -0.31232530 0.47207633 0.04795772
v -0.31232530 0.47207633 0.04795772
v -0.31533736 0.47508839 0.04373446
v -0.29772213 0.48860496 0.04373446
v -0.29772213 0.48860496 0.04373446
v -0.29559228 0.48491594 0.04795772
v -0.31232530 0.47207633 0.04795772
v 0.30681294 -0.15910503 0.04739254
v 0.30678913 0.08298925 0.04795767
v 0.31101242 0.08298928 0.04373441
v 0.31101242 0.08298928 0.04373441
v 0.30678913 0.08298925 0.04795767
v 0.30685088 0.41392866 0.04795771
v 0.31101242 0.08298928 0.04373441
v 0.31101239 -0.15910502 0.04314558
v 0.30681294 -0.15910503 0.04739254
v 0.30685088 0.41392866 0.04795771
v 0.31101239 0.41494641 0.04367357
v 0.31101242 0.08298928 0.04373441
v 0.31101239 0.41494641 0.04367357
v 0.30685088 0.41392866 0.04795771
v 0.30679229 0.47314507 0.04795772
v 0.30679229 0.47314507 0.04795772
v 0.31101242 0.47522658 0.04373141
v 0.31101239 0.41494641 0.04367357
v 0.30683175 -0.34900466 0.04725935
v 0.30681294 -0.15910503 0.04739254
v 0.31101239 -0.15910502 0.04314558
v 0.31101239 -0.15910502 0.04314558
v 0.31101242 -0.34900445 0.04268343
v 0.30683175 -0.34900466 0.04725935
v 0.30671859 -0.47492492 0.04725933
v 0.30683175 -0.34900466 0.04725935
v 0.31101242 -0.34900445 0.04268343
v 0.31101242 -0.34900445 0.04268343
v 0.31101242 -0.47524503 0.04225034
v 0.30671859 -0.47492492 0.04725933
v 0.30671859 -0.47492492 0.04725933
v 0.31101242 -0.47524503 0.04225034
v 0.29772213 -0.48860496 0.03874124
v 0.29772213 -0.48860496 0.03874124
v 0.29578117 -0.48568946 0.04362960
v 0.30671859 -0.47492492 0.04725933
v -0.27610630 0.49298733 0.04795772
v -0.29559228 0.48491594 0.04795772
v -0.29772213 0.48860496 0.04373446
v -0.29772213 0.48860496 0.04373446
v -0.27720878 0.49710187 0.04373446
v -0.27610630 0.49298733 0.04795772
v -0.27610630 0.49298733 0.04795772
v -0.27720878 0.49710187 0.04373446
v -0.25519526 0.50000000 0.04373446
v -0.25519526 0.50000000 0.04373446
v -0.25491843 0.49577677 0.04795772
v -0.27610630 0.49298733 0.04795772
v 0.25491843 0.49577677 0.04795772
v -0.25491843 0.49577677 0.04795772
v -0.25519526 0.50000000 0.04373446
v -0.25519526 0.50000000 0.04373446
v 0.25519526 0.50000000 0.04373446
v 0.25491843 0.49577677 0.04795772
v 0.27610630 0.49298733 0.04795772
v 0.25491843 0.49577677 0.04795772
v 0.25519526 0.50000000 0.04373446
v 0.25519526 0.50000000 0.04373446
v 0.27720878 0.49710187 0.04373446
v 0.27610630 0.49298733 0.04795772
v 0.27610630 0.49298733 0.04795772
v 0.27720878 0.49710187 0.04373446
v 0.29772213 0.48860496 0.04373446
v 0.29772213 0.48860496 0.04373446
v 0.29559228 0.48491594 0.04795772
v 0.27610630 0.49298733 0.04795772
v 0.27619889 -0.49383283 0.04039027
v 0.29578117 -0.48568946 0.04362960
v 0.29772213 -0.48860496 0.03874124
v 0.29772213 -0.48860496 0.03874124
v 0.27720878 -0.49710187 0.03545837
v 0.27619889 -0.49383283 0.04039027
v 0.26146978 -0.49580318 0.03960583
v 0.27619889 -0.49383283 0.04039027
v 0.27720878 -0.49710187 0.03545837
v 0.27720878 -0.49710187 0.03545837
v 0.26122072 -0.49926379 0.03468134
v 0.26146978 -0.49580318 0.03960583
v -0.34024900 -0.18004240 0.04373437
v -0.33602577 -0.18004240 0.04795763
v -0.33340037 -0.18477944 0.04110898
v -0.34024900 -0.18004240 0.04373437
v -0.33340037 -0.18477944 0.04110898
v -0.33551198 -0.18477944 -0.00255631
v -0.33551198 -0.18477944 -0.00255631
v -0.34024900 -0.18004240 -0.00729333
v -0.34024900 -0.18004240 0.04373437
v -0.34024900 -0.29447371 0.04373436
v -0.33551198 -0.28973669 0.03899734
v -0.33128873 -0.28973669 0.04322060
v -0.33128873 -0.28973669 0.04322060
v -0.33602577 -0.29447371 0.04795762
v -0.34024900 -0.29447371 0.04373436
v -0.34024900 -0.34900716 0.04373435
v -0.34024900 -0.29447371 0.04373436
v -0.33602577 -0.29447371 0.04795762
v -0.33602577 -0.29447371 0.04795762
v -0.33602577 -0.34900716 0.04795761
v -0.34024900 -0.34900716 0.04373435
v -0.34024900 -0.39734218 0.04373435
v -0.34024900 -0.34900716 0.04373435
v -0.33602577 -0.34900716 0.04795761
v -0.33602577 -0.34900716 0.04795761
v -0.33602577 -0.39734218 0.04795761
v -0.34024900 -0.39734218 0.04373435
v -0.34024900 -0.39734218 0.04373435
v -0.33602577 -0.39734218 0.04795761
v -0.33128873 -0.40207919 0.04322059
v -0.33128873 -0.40207919 0.04322059
v -0.33551198 -0.40207919 0.03899734
v -0.34024900 -0.39734218 0.04373435
v -0.34024900 -0.39734218 0.04373435
v -0.33551198 -0.40207919 0.03899734
v -0.33551198 -0.40207919 -0.00255634
v -0.33551198 -0.40207919 -0.00255634
v -0.34024900 -0.39734218 -0.00729336
v -0.34024900 -0.39734218 0.04373435
v 0.31101242 -0.15910503 0.03003934
v 0.31101242 -0.34900445 0.03003932
v 0.31101242 -0.34900445 0.04268343
v 0.31101242 -0.34900445 0.04268343
v 0.31101242 -0.34900445 0.03003932
v 0.31101242 -0.46939495 0.03003930
v 0.31101242 -0.34900445 0.04268343
v 0.31101239 -0.15910502 0.04314558
v 0.31101242 -0.15910503 0.03003934
v 0.31101242 -0.46939495 0.03003930
v 0.31101242 -0.47524503 0.04225034
v 0.31101242 -0.34900445 0.04268343
v 0.31101242 0.08298926 0.03003937
v 0.31101242 -0.15910503 0.03003934
v 0.31101239 -0.15910502 0.04314558
v 0.31101242 -0.47524503 0.04225034
v 0.31101242 -0.46939495 0.03003930
v 0.30848917 -0.48034313 0.02986934
v 0.29772213 -0.48860496 0.03874124
v 0.31101242 -0.47524503 0.04225034
v 0.30848917 -0.48034313 0.02986934
v 0.30848917 -0.48034313 0.02986934
v 0.29772210 -0.48860496 0.02914407
v 0.29772213 -0.48860496 0.03874124
v 0.31101239 -0.15910502 0.04314558
v 0.31101242 0.08298928 0.04373441
v 0.31101242 0.08298926 0.03003937
v 0.31101242 0.08298926 0.03003937
v 0.31101242 0.08298928 0.04373441
v 0.31101239 0.41494641 0.04367357
v 0.31101239 0.41494641 0.04367357
v 0.31101242 0.41494644 0.03003941
v 0.31101242 0.08298926 0.03003937
v 0.31101242 0.47442791 0.03003942
v 0.31101242 0.41494644 0.03003941
v 0.31101239 0.41494641 0.04367357
v 0.31101239 0.41494641 0.04367357
v 0.31101242 0.47522658 0.04373141
v 0.31101242 0.47442791 0.03003942
v 0.29772210 -0.48860496 0.02914407
v 0.27720878 -0.49710193 0.02730351
v 0.27720878 -0.49710187 0.03545837
v 0.27720878 -0.49710187 0.03545837
v 0.29772213 -0.48860496 0.03874124
v 0.29772210 -0.48860496 0.02914407
v 0.27720878 -0.49710193 0.02730351
v 0.29772210 -0.48860496 0.02914407
v 0.29772213 -0.48860496 -0.04321627
v 0.29772213 -0.48860496 -0.04321627
v 0.27720878 -0.49710187 -0.04321627
v 0.27720878 -0.49710193 0.02730351
v 0.27027336 -0.49809739 0.02668020
v 0.27720878 -0.49710187 0.03545837
v 0.27720878 -0.49710193 0.02730351
v 0.27027336 -0.49809739 0.02668020
v 0.27720878 -0.49710193 0.02730351
v 0.27720878 -0.49710187 -0.04321627
v 0.27027336 -0.49809739 0.02668020
v 0.26122072 -0.49926379 0.03468134
v 0.27720878 -0.49710187 0.03545837
v 0.27720878 -0.49710187 -0.04321627
v 0.27027366 -0.49801886 -0.04321470
v 0.27027336 -0.49809739 0.02668020
v 0.27027336 -0.49809739 0.02668020
v 0.26058069 -0.49948862 0.02580909
v 0.26122072 -0.49926379 0.03468134
v 0.26058069 -0.49948862 0.02580909
v 0.27027336 -0.49809739 0.02668020
v 0.27027366 -0.49801886 -0.04321470
v 0.27027366 -0.49801886 -0.04321470
v 0.25553331 -0.49996790 -0.04321137
v 0.26058069 -0.49948862 0.02580909
v 0.13998838 -0.50000000 0.02530228
v 0.26058069 -0.49948862 0.02580909
v 0.25553331 -0.49996790 -0.04321137
v 0.25553331 -0.49996790 -0.04321137
v 0.12994851 -0.50000000 -0.04263290
v 0.13998838 -0.50000000 0.02530228
v 0.13998838 -0.50000000 0.02530228
v 0.12994851 -0.50000000 -0.04263290
v 0.12994829 -0.50000000 0.03560992
v 0.12994829 -0.50000000 0.03560992
v 0.13998838 -0.50000000 0.03560992
v 0.13998838 -0.50000000 0.02530228
v 0.12994829 -0.50000000 0.03560992
v 0.12994851 -0.50000000 -0.04263290
v 0.11990817 -0.50000000 0.02530228
v 0.11990817 -0.50000000 0.02530228
v 0.11990817 -0.50000000 0.03560992
v 0.12994829 -0.50000000 0.03560992
v 0.03786620 -0.50000000 0.02530228
v 0.11990817 -0.50000000 0.02530228
v 0.12994851 -0.50000000 -0.04263290
v 0.12994851 -0.50000000 -0.04263290
v 0.02782607 -0.50000000 -0.04317003
v 0.03786620 -0.50000000 0.02530228
v 0.03786620 -0.50000000 0.02530228
v 0.02782607 -0.50000000 -0.04317003
v 0.02782610 -0.50000000 0.03560992
v 0.02782610 -0.50000000 0.03560992
v 0.03786620 -0.50000000 0.03560992
v 0.03786620 -0.50000000 0.02530228
v 0.02782610 -0.50000000 0.03560992
v 0.02782607 -0.50000000 -0.04317003
v 0.01778599 -0.50000000 0.02530228
v 0.01778599 -0.50000000 0.02530228
v 0.01778599 -0.50000000 0.03560992
v 0.02782610 -0.50000000 0.03560992
v 0.01778599 -0.50000000 0.02530228
v 0.02782607 -0.50000000 -0.04317003
v -0.07429595 -0.49999997 -0.04300729
v -0.07429595 -0.49999997 -0.04300729
v -0.06425598 -0.50000000 0.02530227
v 0.01778599 -0.50000000 0.02530228
v -0.06425598 -0.50000000 0.02530227
v -0.07429595 -0.49999997 -0.04300729
v -0.07429607 -0.50000000 0.03560992
v -0.07429607 -0.50000000 0.03560992
v -0.06425598 -0.50000000 0.03560992
v -0.06425598 -0.50000000 0.02530227
v -0.07429607 -0.50000000 0.03560992
v -0.07429595 -0.49999997 -0.04300729
v -0.08433618 -0.50000000 0.02530227
v -0.08433618 -0.50000000 0.02530227
v -0.08433618 -0.50000000 0.03560992
v -0.07429607 -0.50000000 0.03560992
v -0.08433618 -0.50000000 0.02530227
v -0.07429595 -0.49999997 -0.04300729
v -0.17641871 -0.49999997 -0.04241031
v -0.17641871 -0.49999997 -0.04241031
v -0.16637814 -0.50000000 0.02530227
v -0.08433618 -0.50000000 0.02530227
v -0.16637814 -0.50000000 0.02530227
v -0.17641871 -0.49999997 -0.04241031
v -0.17641824 -0.50000000 0.03560992
v -0.17641824 -0.50000000 0.03560992
v -0.16637814 -0.50000000 0.03560992
v -0.16637814 -0.50000000 0.02530227
v -0.17641824 -0.50000000 0.03560992
v -0.17641871 -0.49999997 -0.04241031
v -0.18642129 -0.50000000 0.02526532
v -0.18642129 -0.50000000 0.02526532
v -0.18645149 -0.50000000 0.03560992
v -0.17641824 -0.50000000 0.03560992
v -0.18642129 -0.50000000 0.02526532
v -0.17641871 -0.49999997 -0.04241031
v -0.25582507 -0.49991706 -0.04321725
v -0.25582507 -0.49991706 -0.04321725
v -0.26491150 -0.49872082 0.02338902
v -0.18642129 -0.50000000 0.02526532
v -0.26491150 -0.49872082 0.02338902
v -0.25582507 -0.49991706 -0.04321725
v -0.27006638 -0.49804217 -0.04321659
v -0.27006638 -0.49804217 -0.04321659
v -0.27720878 -0.49710187 -0.04321627
v -0.26491150 -0.49872082 0.02338902
v -0.26491150 -0.49872082 0.02338902
v -0.27720878 -0.49710187 -0.04321627
v -0.27720878 -0.49710187 0.03502021
v -0.27720878 -0.49710187 0.03502021
v -0.26889390 -0.49819654 0.03453860
v -0.26491150 -0.49872082 0.02338902
v -0.27720878 -0.49710187 0.03502021
v -0.27720878 -0.49710187 -0.04321627
v -0.29447743 -0.48994896 -0.00770745
v -0.29734731 -0.48876020 -0.04319884
v -0.29447743 -0.48994896 -0.00770745
v -0.27720878 -0.49710187 -0.04321627
v -0.29447743 -0.48994896 -0.00770745
v -0.29019150 -0.49172425 0.03700844
v -0.27720878 -0.49710187 0.03502021
v -0.34024900 -0.29447371 0.04373436
v -0.34024900 -0.29447371 -0.00729334
v -0.33551198 -0.28973669 -0.00255632
v -0.33551198 -0.28973669 -0.00255632
v -0.33551198 -0.28973669 0.03899734
v -0.34024900 -0.29447371 0.04373436
v 0.33621505 -0.41468191 0.03003931
v 0.33621505 -0.34900665 0.03003932
v 0.34024900 -0.34900701 0.02600535
v 0.34024900 -0.34900701 0.02600535
v 0.34024900 -0.41494629 0.02600534
v 0.33621505 -0.41468191 0.03003931
v 0.34024900 -0.15910499 0.02600537
v 0.34024900 -0.34900701 0.02600535
v 0.33621505 -0.34900665 0.03003932
v 0.33342075 -0.43590671 0.03003931
v 0.33621505 -0.41468191 0.03003931
v 0.34024900 -0.41494629 0.02600534
v 0.33621505 -0.34900665 0.03003932
v 0.33621505 -0.15910499 0.03003934
v 0.34024900 -0.15910499 0.02600537
v 0.34024900 -0.41494629 0.02600534
v 0.33735088 -0.43695977 0.02600534
v 0.33342075 -0.43590671 0.03003931
v 0.34024900 -0.15910499 0.02600537
v 0.33621505 -0.15910499 0.03003934
v 0.33621505 0.08298928 0.03003937
v 0.32537073 -0.45534113 0.03003930
v 0.33342075 -0.43590671 0.03003931
v 0.33735088 -0.43695977 0.02600534
v 0.33621505 0.08298928 0.03003937
v 0.34024900 0.08298928 0.02600540
v 0.34024900 -0.15910499 0.02600537
v 0.33735088 -0.43695977 0.02600534
v 0.32885396 -0.45747316 0.02600533
v 0.32537073 -0.45534113 0.03003930
v 0.31101242 -0.46939495 0.03003930
v 0.32537073 -0.45534113 0.03003930
v 0.32885396 -0.45747316 0.02600533
v 0.32885396 -0.45747316 0.02600533
v 0.30848917 -0.48034313 0.02986934
v 0.31101242 -0.46939495 0.03003930
v 0.34024900 0.08298928 0.02600540
v 0.33621505 0.08298928 0.03003937
v 0.33621505 0.41468191 0.03003941
v 0.33621505 0.41468191 0.03003941
v 0.34024900 0.41494629 0.02600544
v 0.34024900 0.08298928 0.02600540
v 0.34024900 0.41494629 0.02600544
v 0.33621505 0.41468191 0.03003941
v 0.33342075 0.43590671 0.03003941
v 0.33342075 0.43590671 0.03003941
v 0.33735088 0.43695977 0.02600544
v 0.34024900 0.41494629 0.02600544
v 0.33735088 0.43695977 0.02600544
v 0.33342075 0.43590671 0.03003941
v 0.32537073 0.45534113 0.03003941
v 0.32537073 0.45534113 0.03003941
v 0.32885396 0.45747316 0.02600544
v 0.33735088 0.43695977 0.02600544
v 0.32885396 0.45747316 0.02600544
v 0.32537073 0.45534113 0.03003941
v 0.31101242 0.47442791 0.03003942
v 0.31101242 0.47442791 0.03003942
v 0.31106356 0.47837603 0.02526197
v 0.32885396 0.45747316 0.02600544
v 0.30848917 0.48034313 0.03263948
v 0.31106356 0.47837603 0.02526197
v 0.31101242 0.47442791 0.03003942
v 0.30848917 0.48034313 0.03263948
v 0.31101242 0.47442791 0.03003942
v 0.31101242 0.47522658 0.04373141
v 0.31101242 0.47522658 0.04373141
v 0.30848917 0.48034313 0.04373446
v 0.30848917 0.48034313 0.03263948
v 0.30848917 0.48034313 0.03263948
v 0.30848917 0.48034313 0.04373446
v 0.29772213 0.48860496 0.04373446
v 0.29772213 0.48860496 0.04373446
v 0.29772213 0.48860496 -0.04321615
v 0.30848917 0.48034313 0.03263948
v 0.31106356 0.47837603 0.02526197
v 0.30848917 0.48034313 0.03263948
v 0.29772213 0.48860496 -0.04321615
v 0.29772213 0.48860496 -0.04321615
v 0.31179667 0.47793201 -0.04320996
v 0.31106356 0.47837603 0.02526197
v 0.31106356 0.47837603 0.02526197
v 0.31179667 0.47793201 -0.04320996
v 0.32885396 0.45747316 -0.04321616
v 0.32885396 0.45747316 -0.04321616
v 0.32885396 0.45747316 0.02600544
v 0.31106356 0.47837603 0.02526197
v 0.32885396 0.45747316 0.02600544
v 0.32885396 0.45747316 -0.04321616
v 0.33735088 0.43695977 -0.04321616
v 0.33735088 0.43695977 -0.04321616
v 0.33735088 0.43695977 0.02600544
v 0.32885396 0.45747316 0.02600544
v 0.34024900 0.41494629 0.02600544
v 0.33735088 0.43695977 0.02600544
v 0.33735088 0.43695977 -0.04321616
v 0.33735088 0.43695977 -0.04321616
v 0.34024900 0.41494629 -0.04321616
v 0.34024900 0.41494629 0.02600544
v 0.34024900 0.40041846 -0.04321616
v 0.34024900 0.41494629 0.02600544
v 0.34024900 0.41494629 -0.04321616
v 0.34024900 0.40041846 -0.04321616
v 0.34024900 0.08298928 0.02600540
v 0.34024900 0.41494629 0.02600544
v 0.34024900 0.40041846 -0.04321616
v 0.34024900 0.08298928 -0.04321620
v 0.34024900 0.08298928 0.02600540
v 0.34024900 0.08298928 0.02600540
v 0.34024900 0.08298928 -0.04321620
v 0.34024900 -0.15910499 -0.04293371
v 0.34024900 -0.15910499 -0.04293371
v 0.34024900 -0.15910499 0.02600537
v 0.34024900 0.08298928 0.02600540
v 0.34024900 -0.34900701 0.02600535
v 0.34024900 -0.15910499 0.02600537
v 0.34024900 -0.15910499 -0.04293371
v 0.34024900 -0.15910499 -0.04293371
v 0.34024900 -0.34900701 -0.04321600
v 0.34024900 -0.34900701 0.02600535
v 0.34024900 -0.41494629 0.02600534
v 0.34024900 -0.34900701 0.02600535
v 0.34024900 -0.34900701 -0.04321600
v 0.34024900 -0.41494629 -0.04321626
v 0.34024900 -0.41494629 0.02600534
v 0.34024900 -0.34900701 -0.04321600
v 0.34024900 -0.41494629 -0.04321626
v 0.34024900 -0.34900701 -0.04321600
v 0.34024900 -0.35652441 -0.04321603
v 0.33735088 -0.43695977 0.02600534
v 0.34024900 -0.41494629 0.02600534
v 0.34024900 -0.41494629 -0.04321626
v 0.34024900 -0.41494629 -0.04321626
v 0.33735088 -0.43695977 -0.04321626
v 0.33735088 -0.43695977 0.02600534
v 0.33735088 -0.43695977 0.02600534
v 0.33735088 -0.43695977 -0.04321626
v 0.32885396 -0.45747316 -0.04321627
v 0.32885396 -0.45747316 -0.04321627
v 0.32885396 -0.45747316 0.02600533
v 0.33735088 -0.43695977 0.02600534
v 0.32885396 -0.45747316 0.02600533
v 0.32885396 -0.45747316 -0.04321627
v 0.31088838 -0.47945210 -0.04318705
v 0.31088838 -0.47945210 -0.04318705
v 0.30848917 -0.48034313 0.02986934
v 0.32885396 -0.45747316 0.02600533
v 0.29772210 -0.48860496 0.02914407
v 0.30848917 -0.48034313 0.02986934
v 0.31088838 -0.47945210 -0.04318705
v 0.31088838 -0.47945210 -0.04318705
v 0.29772213 -0.48860496 -0.04321627
v 0.29772210 -0.48860496 0.02914407
v 0.30679229 0.47314507 0.04795772
v 0.30426624 0.47826022 0.04795772
v 0.30848917 0.48034313 0.04373446
v 0.30848917 0.48034313 0.04373446
v 0.31101242 0.47522658 0.04373141
v 0.30679229 0.47314507 0.04795772
v 0.29772213 0.48860496 0.04373446
v 0.30848917 0.48034313 0.04373446
v 0.30426624 0.47826022 0.04795772
v 0.30426624 0.47826022 0.04795772
v 0.29559228 0.48491594 0.04795772
v 0.29772213 0.48860496 0.04373446
v 0.33621505 -0.15910499 0.03003934
v 0.33621505 -0.34900665 0.03003932
v 0.31101242 -0.34900445 0.03003932
v 0.33621505 -0.34900665 0.03003932
v 0.33621505 -0.41468191 0.03003931
v 0.31101242 -0.34900445 0.03003932
v 0.33621505 -0.41468191 0.03003931
v 0.33342075 -0.43590671 0.03003931
v 0.31101242 -0.34900445 0.03003932
v 0.31101242 -0.46939495 0.03003930
v 0.31101242 -0.34900445 0.03003932
v 0.33342075 -0.43590671 0.03003931
v 0.33342075 -0.43590671 0.03003931
v 0.32537073 -0.45534113 0.03003930
v 0.31101242 -0.46939495 0.03003930
v 0.31101242 -0.34900445 0.03003932
v 0.31101242 -0.15910503 0.03003934
v 0.33621505 -0.15910499 0.03003934
v 0.33621505 -0.15910499 0.03003934
v 0.31101242 -0.15910503 0.03003934
v 0.31101242 0.08298926 0.03003937
v 0.31101242 0.08298926 0.03003937
v 0.33621505 0.08298928 0.03003937
v 0.33621505 -0.15910499 0.03003934
v 0.33621505 0.41468191 0.03003941
v 0.33621505 0.08298928 0.03003937
v 0.31101242 0.08298926 0.03003937
v 0.31101242 0.08298926 0.03003937
v 0.31101242 0.41494644 0.03003941
v 0.33621505 0.41468191 0.03003941
v 0.33342075 0.43590671 0.03003941
v 0.33621505 0.41468191 0.03003941
v 0.31101242 0.41494644 0.03003941
v 0.32537073 0.45534113 0.03003941
v 0.33342075 0.43590671 0.03003941
v 0.31101242 0.41494644 0.03003941
v 0.31101242 0.47442791 0.03003942
v 0.32537073 0.45534113 0.03003941
v 0.31101242 0.41494644 0.03003941
v 0.02782610 -0.49782008 0.03882211
v 0.03786620 -0.49782008 0.03882211
v 0.03786620 -0.50000000 0.03560992
v 0.03786620 -0.50000000 0.03560992
v 0.02782610 -0.50000000 0.03560992
v 0.02782610 -0.49782008 0.03882211
v 0.01778599 -0.49782008 0.03882211
v 0.02782610 -0.49782008 0.03882211
v 0.02782610 -0.50000000 0.03560992
v 0.02782610 -0.50000000 0.03560992
v 0.01778599 -0.50000000 0.03560992
v 0.01778599 -0.49782008 0.03882211
v 0.12994827 -0.49782008 0.03882211
v 0.12994829 -0.50000000 0.03560992
v 0.11990817 -0.50000000 0.03560992
v 0.11990817 -0.50000000 0.03560992
v 0.11990817 -0.49782008 0.03882211
v 0.12994827 -0.49782008 0.03882211
v 0.12994829 -0.50000000 0.03560992
v 0.12994827 -0.49782008 0.03882211
v 0.13998838 -0.49782008 0.03882211
v 0.13998838 -0.49782008 0.03882211
v 0.13998838 -0.50000000 0.03560992
v 0.12994829 -0.50000000 0.03560992
v -0.07429607 -0.50000000 0.03560992
v -0.07429608 -0.49782008 0.03882211
v -0.06425598 -0.49782008 0.03882211
v -0.06425598 -0.49782008 0.03882211
v -0.06425598 -0.50000000 0.03560992
v -0.07429607 -0.50000000 0.03560992
v -0.07429608 -0.49782008 0.03882211
v -0.07429607 -0.50000000 0.03560992
v -0.08433618 -0.50000000 0.03560992
v -0.08433618 -0.50000000 0.03560992
v -0.08433618 -0.49782008 0.03882211
v -0.07429608 -0.49782008 0.03882211
v -0.17641824 -0.49782008 0.03882211
v -0.16637814 -0.49782008 0.03882211
v -0.16637814 -0.50000000 0.03560992
v -0.16637814 -0.50000000 0.03560992
v -0.17641824 -0.50000000 0.03560992
v -0.17641824 -0.49782008 0.03882211
v -0.17641824 -0.49782008 0.03882211
v -0.17641824 -0.50000000 0.03560992
v -0.18645149 -0.50000000 0.03560992
v -0.18645149 -0.50000000 0.03560992
v -0.18645835 -0.49782008 0.03882211
v -0.17641824 -0.49782008 0.03882211
v 0.33563128 -0.35652724 -0.04783418
v 0.34024900 -0.35652441 -0.04321603
v 0.34024900 -0.34900701 -0.04321600
v 0.34024900 -0.35652441 -0.04321603
v 0.33563128 -0.35652724 -0.04783418
v 0.33563107 -0.41464362 -0.04783419
v 0.34024900 -0.34900701 -0.04321600
v 0.33563131 -0.34893894 -0.04783418
v 0.33563128 -0.35652724 -0.04783418
v 0.33563107 -0.41464362 -0.04783419
v 0.34024900 -0.41494629 -0.04321626
v 0.34024900 -0.35652441 -0.04321603
v 0.33593205 -0.16142410 -0.04783416
v 0.33563131 -0.34893894 -0.04783418
v 0.34024900 -0.34900701 -0.04321600
v 0.34024900 -0.41494629 -0.04321626
v 0.33563107 -0.41464362 -0.04783419
v 0.33285180 -0.43575427 -0.04783419
v 0.34024900 -0.34900701 -0.04321600
v 0.34024900 -0.15910499 -0.04293371
v 0.33593205 -0.16142410 -0.04783416
v 0.33285180 -0.43575427 -0.04783419
v 0.33735088 -0.43695977 -0.04321626
v 0.34024900 -0.41494629 -0.04321626
v 0.33563107 0.08298928 -0.04783413
v 0.33593205 -0.16142410 -0.04783416
v 0.34024900 -0.15910499 -0.04293371
v 0.33735088 -0.43695977 -0.04321626
v 0.33285180 -0.43575427 -0.04783419
v 0.32484525 -0.45508373 -0.04783419
v 0.34024900 -0.15910499 -0.04293371
v 0.34024900 0.08298928 -0.04321620
v 0.33563107 0.08298928 -0.04783413
v 0.32484525 -0.45508373 -0.04783419
v 0.32885396 -0.45747316 -0.04321627
v 0.33735088 -0.43695977 -0.04321626
v 0.33563107 0.40041846 -0.04783409
v 0.33563107 0.08298928 -0.04783413
v 0.34024900 0.08298928 -0.04321620
v 0.32885396 -0.45747316 -0.04321627
v 0.32484525 -0.45508373 -0.04783419
v 0.30785790 -0.47595599 -0.04783420
v 0.34024900 0.08298928 -0.04321620
v 0.34024900 0.40041846 -0.04321616
v 0.33563107 0.40041846 -0.04783409
v 0.30785790 -0.47595599 -0.04783420
v 0.31088838 -0.47945210 -0.04318705
v 0.32885396 -0.45747316 -0.04321627
v 0.29772213 -0.48860496 -0.04321627
v 0.31088838 -0.47945210 -0.04318705
v 0.30785790 -0.47595599 -0.04783420
v 0.30785790 -0.47595599 -0.04783420
v 0.29550037 -0.48452681 -0.04783420
v 0.29772213 -0.48860496 -0.04321627
v 0.33563107 0.41464362 -0.04783409
v 0.33563107 0.40041846 -0.04783409
v 0.34024900 0.40041846 -0.04321616
v 0.34024900 0.40041846 -0.04321616
v 0.34024900 0.41494629 -0.04321616
v 0.33563107 0.41464362 -0.04783409
v 0.33285180 0.43575427 -0.04783409
v 0.33563107 0.41464362 -0.04783409
v 0.34024900 0.41494629 -0.04321616
v 0.34024900 0.41494629 -0.04321616
v 0.33735088 0.43695977 -0.04321616
v 0.33285180 0.43575427 -0.04783409
v 0.32485607 0.45505774 -0.04783409
v 0.33285180 0.43575427 -0.04783409
v 0.33735088 0.43695977 -0.04321616
v 0.33735088 0.43695977 -0.04321616
v 0.32885396 0.45747316 -0.04321616
v 0.32485607 0.45505774 -0.04783409
v 0.32485607 0.45505774 -0.04783409
v 0.32885396 0.45747316 -0.04321616
v 0.31179667 0.47793201 -0.04320996
v 0.31179667 0.47793201 -0.04320996
v 0.30862904 0.47453400 -0.04783408
v 0.32485607 0.45505774 -0.04783409
v 0.29540631 0.48456576 -0.04783408
v 0.30862904 0.47453400 -0.04783408
v 0.31179667 0.47793201 -0.04320996
v 0.31179667 0.47793201 -0.04320996
v 0.29772213 0.48860496 -0.04321615
v 0.29540631 0.48456576 -0.04783408
v -0.32885396 0.45747316 -0.04321616
v -0.33735088 0.43695977 -0.04321616
v -0.33285180 0.43575427 -0.04783409
v -0.33285180 0.43575427 -0.04783409
v -0.33735088 0.43695977 -0.04321616
v -0.34024900 0.41494629 -0.04321616
v -0.33285180 0.43575427 -0.04783409
v -0.32482019 0.45514429 -0.04783409
v -0.32885396 0.45747316 -0.04321616
v -0.34024900 0.41494629 -0.04321616
v -0.33563107 0.41464362 -0.04783409
v -0.33285180 0.43575427 -0.04783409
v -0.32885396 0.45747316 -0.04321616
v -0.32482019 0.45514429 -0.04783409
v -0.31204382 0.47179484 -0.04783408
v -0.33563107 0.41464362 -0.04783409
v -0.34024900 0.41494629 -0.04321616
v -0.34024900 0.40041852 -0.04321616
v -0.31204382 0.47179484 -0.04783408
v -0.31533736 0.47508839 -0.04321615
v -0.32885396 0.45747316 -0.04321616
v -0.29772213 0.48860496 -0.04321615
v -0.31533736 0.47508839 -0.04321615
v -0.31204382 0.47179484 -0.04783408
v -0.31204382 0.47179484 -0.04783408
v -0.29539323 0.48457119 -0.04783408
v -0.29772213 0.48860496 -0.04321615
v -0.34024900 0.40041852 -0.04321616
v -0.33563107 0.40041846 -0.04783409
v -0.33563107 0.41464362 -0.04783409
v -0.33563107 0.40041846 -0.04783409
v -0.34024900 0.40041852 -0.04321616
v -0.34024900 0.08298928 -0.04321620
v -0.34024900 0.08298928 -0.04321620
v -0.33563107 0.08298928 -0.04783413
v -0.33563107 0.40041846 -0.04783409
v -0.33563107 0.08298928 -0.04783413
v -0.34024900 0.08298928 -0.04321620
v -0.34024900 -0.15910499 -0.04292281
v -0.34024900 -0.15910499 -0.04292281
v -0.33594444 -0.16146979 -0.04783416
v -0.33563107 0.08298928 -0.04783413
v -0.33594444 -0.16146979 -0.04783416
v -0.34024900 -0.15910499 -0.04292281
v -0.34024900 -0.34900716 -0.04321599
v -0.34024900 -0.34900716 -0.04321599
v -0.33563134 -0.34893754 -0.04783418
v -0.33594444 -0.16146979 -0.04783416
v -0.33563131 -0.35693592 -0.04783418
v -0.33563134 -0.34893754 -0.04783418
v -0.34024900 -0.34900716 -0.04321599
v -0.34024900 -0.34900716 -0.04321599
v -0.34024900 -0.35693875 -0.04321602
v -0.33563131 -0.35693592 -0.04783418
v -0.33563107 -0.41464362 -0.04783419
v -0.33563131 -0.35693592 -0.04783418
v -0.34024900 -0.35693875 -0.04321602
v -0.34024900 -0.35693875 -0.04321602
v -0.34024900 -0.41494629 -0.04321626
v -0.33563107 -0.41464362 -0.04783419
v -0.33285180 -0.43575427 -0.04783419
v -0.33563107 -0.41464362 -0.04783419
v -0.34024900 -0.41494629 -0.04321626
v -0.34024900 -0.41494629 -0.04321626
v -0.33735088 -0.43695977 -0.04321626
v -0.33285180 -0.43575427 -0.04783419
v -0.33285180 -0.43575427 -0.04783419
v -0.33735088 -0.43695977 -0.04321626
v -0.32885396 -0.45747316 -0.04321627
v -0.32885396 -0.45747316 -0.04321627
v -0.32482019 -0.45514429 -0.04783419
v -0.33285180 -0.43575427 -0.04783419
v -0.31204382 -0.47179484 -0.04783420
v -0.32482019 -0.45514429 -0.04783419
v -0.32885396 -0.45747316 -0.04321627
v -0.32885396 -0.45747316 -0.04321627
v -0.31533736 -0.47508839 -0.04321627
v -0.31204382 -0.47179484 -0.04783420
v -0.29538879 -0.48456353 -0.04783420
v -0.31204382 -0.47179484 -0.04783420
v -0.31533736 -0.47508839 -0.04321627
v -0.31533736 -0.47508839 -0.04321627
v -0.29734731 -0.48876020 -0.04319884
v -0.29538879 -0.48456353 -0.04783420
v -0.27600324 0.49260280 -0.04783408
v -0.27720878 0.49710187 -0.04321615
v -0.29772213 0.48860496 -0.04321615
v -0.29772213 0.48860496 -0.04321615
v -0.29539323 0.48457119 -0.04783408
v -0.27600324 0.49260280 -0.04783408
v -0.27720878 0.49710187 -0.04321615
v -0.27600324 0.49260280 -0.04783408
v -0.26976618 0.49342391 -0.04783408
v -0.26976618 0.49342391 -0.04783408
v -0.26976478 0.49808189 -0.04321615
v -0.27720878 0.49710187 -0.04321615
v -0.26976478 0.49808189 -0.04321615
v -0.26976618 0.49342391 -0.04783408
v -0.25489259 0.49538207 -0.04783408
v -0.25489259 0.49538207 -0.04783408
v -0.25519526 0.50000000 -0.04321615
v -0.26976478 0.49808189 -0.04321615
v 0.25519526 0.50000000 -0.04321615
v -0.25519526 0.50000000 -0.04321615
v -0.25489259 0.49538207 -0.04783408
v -0.25489259 0.49538207 -0.04783408
v 0.25489259 0.49538207 -0.04783408
v 0.25519526 0.50000000 -0.04321615
v 0.27395159 0.49753067 -0.04321615
v 0.25519526 0.50000000 -0.04321615
v 0.25489259 0.49538207 -0.04783408
v 0.25489259 0.49538207 -0.04783408
v 0.27393439 0.49287516 -0.04783408
v 0.27395159 0.49753067 -0.04321615
v 0.27395159 0.49753067 -0.04321615
v 0.27393439 0.49287516 -0.04783408
v 0.27600324 0.49260280 -0.04783408
v 0.27600324 0.49260280 -0.04783408
v 0.27720878 0.49710187 -0.04321615
v 0.27395159 0.49753067 -0.04321615
v 0.29772213 0.48860496 -0.04321615
v 0.27720878 0.49710187 -0.04321615
v 0.27600324 0.49260280 -0.04783408
v 0.27600324 0.49260280 -0.04783408
v 0.29540631 0.48456576 -0.04783408
v 0.29772213 0.48860496 -0.04321615
v 0.27600324 -0.49260280 -0.04783420
v 0.27720878 -0.49710187 -0.04321627
v 0.29772213 -0.48860496 -0.04321627
v 0.29772213 -0.48860496 -0.04321627
v 0.29550037 -0.48452681 -0.04783420
v 0.27600324 -0.49260280 -0.04783420
v 0.27720878 -0.49710187 -0.04321627
v 0.27600324 -0.49260280 -0.04783420
v 0.27029088 -0.49335045 -0.04783420
v 0.27029088 -0.49335045 -0.04783420
v 0.27027366 -0.49801886 -0.04321470
v 0.27720878 -0.49710187 -0.04321627
v 0.27027366 -0.49801886 -0.04321470
v 0.27029088 -0.49335045 -0.04783420
v 0.25489151 -0.49536595 -0.04783420
v 0.25489151 -0.49536595 -0.04783420
v 0.25553331 -0.49996790 -0.04321137
v 0.27027366 -0.49801886 -0.04321470
v 0.12994851 -0.50000000 -0.04263290
v 0.25553331 -0.49996790 -0.04321137
v 0.25489151 -0.49536595 -0.04783420
v 0.25489151 -0.49536595 -0.04783420
v 0.12656371 -0.49605069 -0.04783420
v 0.12994851 -0.50000000 -0.04263290
v 0.02782607 -0.50000000 -0.04317003
v 0.12994851 -0.50000000 -0.04263290
v 0.12656371 -0.49605069 -0.04783420
v 0.12656371 -0.49605069 -0.04783420
v 0.02689952 -0.49542880 -0.04783420
v 0.02782607 -0.50000000 -0.04317003
v 0.02782607 -0.50000000 -0.04317003
v 0.02689952 -0.49542880 -0.04783420
v -0.07230905 -0.49560094 -0.04783420
v -0.07230905 -0.49560094 -0.04783420
v -0.07429595 -0.49999997 -0.04300729
v 0.02782607 -0.50000000 -0.04317003
v -0.07429595 -0.49999997 -0.04300729
v -0.07230905 -0.49560094 -0.04783420
v -0.17239505 -0.49636236 -0.04783420
v -0.17239505 -0.49636236 -0.04783420
v -0.17641871 -0.49999997 -0.04241031
v -0.07429595 -0.49999997 -0.04300729
v -0.17641871 -0.49999997 -0.04241031
v -0.17239505 -0.49636236 -0.04783420
v -0.25488842 -0.49531862 -0.04783420
v -0.25488842 -0.49531862 -0.04783420
v -0.25582507 -0.49991706 -0.04321725
v -0.17641871 -0.49999997 -0.04241031
v -0.27006638 -0.49804217 -0.04321659
v -0.25582507 -0.49991706 -0.04321725
v -0.25488842 -0.49531862 -0.04783420
v -0.25488842 -0.49531862 -0.04783420
v -0.27006495 -0.49336660 -0.04783420
v -0.27006638 -0.49804217 -0.04321659
v -0.27006638 -0.49804217 -0.04321659
v -0.27006495 -0.49336660 -0.04783420
v -0.27600324 -0.49260280 -0.04783420
v -0.27600324 -0.49260280 -0.04783420
v -0.27720878 -0.49710187 -0.04321627
v -0.27006638 -0.49804217 -0.04321659
v -0.29734731 -0.48876020 -0.04319884
v -0.27720878 -0.49710187 -0.04321627
v -0.27600324 -0.49260280 -0.04783420
v -0.27600324 -0.49260280 -0.04783420
v -0.29538879 -0.48456353 -0.04783420
v -0.29734731 -0.48876020 -0.04319884
v -0.26988003 0.11744779 -0.04783412
v -0.33563107 0.40041846 -0.04783409
v -0.33563107 0.08298928 -0.04783413
v -0.33563107 0.08298928 -0.04783413
v -0.26989049 0.08298928 -0.04783413
v -0.26988003 0.11744779 -0.04783412
v -0.26991606 -0.00155969 -0.04783414
v -0.26989049 0.08298928 -0.04783413
v -0.33563107 0.08298928 -0.04783413
v -0.26988003 0.11744779 -0.04783412
v -0.26979929 0.38408676 -0.04783409
v -0.33563107 0.40041846 -0.04783409
v -0.26991606 -0.00155969 -0.04783414
v -0.33563107 0.08298928 -0.04783413
v -0.33594444 -0.16146979 -0.04783416
v -0.33594444 -0.16146979 -0.04783416
v -0.26997542 -0.19771107 -0.04783416
v -0.26991606 -0.00155969 -0.04783414
v -0.26997542 -0.19771107 -0.04783416
v -0.33594444 -0.16146979 -0.04783416
v -0.33563134 -0.34893754 -0.04783418
v -0.33563134 -0.34893754 -0.04783418
v -0.27002093 -0.34794852 -0.04783418
v -0.26997542 -0.19771107 -0.04783416
v -0.27002364 -0.35689592 -0.04783419
v -0.27002093 -0.34794852 -0.04783418
v -0.33563134 -0.34893754 -0.04783418
v -0.33563134 -0.34893754 -0.04783418
v -0.33563131 -0.35693592 -0.04783418
v -0.27002364 -0.35689592 -0.04783419
v -0.26979929 0.38408676 -0.04783409
v -0.30498439 0.40041846 -0.04783409
v -0.33563107 0.40041846 -0.04783409
v -0.33563107 0.41464362 -0.04783409
v -0.33563107 0.40041846 -0.04783409
v -0.30498439 0.40041846 -0.04783409
v -0.26979929 0.38408676 -0.04783409
v -0.26979434 0.40041852 -0.04783409
v -0.30498439 0.40041846 -0.04783409
v -0.27003688 -0.40066624 -0.04783419
v -0.27002364 -0.35689592 -0.04783419
v -0.33563131 -0.35693592 -0.04783418
v -0.06404041 -0.35677058 -0.04783419
v -0.27002364 -0.35689592 -0.04783419
v -0.27003688 -0.40066624 -0.04783419
v -0.33563131 -0.35693592 -0.04783418
v -0.33563107 -0.41464362 -0.04783419
v -0.27003688 -0.40066624 -0.04783419
v -0.06404041 -0.35677058 -0.04783419
v -0.27003688 -0.40066624 -0.04783419
v -0.27004221 -0.41822746 -0.04783419
v -0.27004221 -0.41822746 -0.04783419
v -0.27003688 -0.40066624 -0.04783419
v -0.33563107 -0.41464362 -0.04783419
v -0.27004221 -0.41822746 -0.04783419
v -0.04977216 -0.35676187 -0.04783419
v -0.06404041 -0.35677058 -0.04783419
v -0.33563107 -0.41464362 -0.04783419
v -0.33285180 -0.43575427 -0.04783419
v -0.27004221 -0.41822746 -0.04783419
v -0.04977216 -0.35676187 -0.04783419
v -0.27004221 -0.41822746 -0.04783419
v -0.27004763 -0.43616939 -0.04783419
v -0.27004763 -0.43616939 -0.04783419
v -0.27004221 -0.41822746 -0.04783419
v -0.33285180 -0.43575427 -0.04783419
v -0.27004763 -0.43616939 -0.04783419
v -0.04081571 -0.35675642 -0.04783419
v -0.04977216 -0.35676187 -0.04783419
v -0.33285180 -0.43575427 -0.04783419
v -0.32482019 -0.45514429 -0.04783419
v -0.27004763 -0.43616939 -0.04783419
v -0.03470616 -0.35675272 -0.04783419
v -0.04081571 -0.35675642 -0.04783419
v -0.27004763 -0.43616939 -0.04783419
v -0.27005315 -0.45437673 -0.04783419
v -0.27004763 -0.43616939 -0.04783419
v -0.32482019 -0.45514429 -0.04783419
v -0.27004763 -0.43616939 -0.04783419
v -0.27005315 -0.45437673 -0.04783419
v -0.03470616 -0.35675272 -0.04783419
v -0.32482019 -0.45514429 -0.04783419
v -0.31204382 -0.47179484 -0.04783420
v -0.27005315 -0.45437673 -0.04783419
v -0.03037715 -0.35675007 -0.04783419
v -0.03470616 -0.35675272 -0.04783419
v -0.27005315 -0.45437673 -0.04783419
v -0.27005315 -0.45437673 -0.04783419
v -0.31204382 -0.47179484 -0.04783420
v -0.29538879 -0.48456353 -0.04783420
v -0.27005315 -0.45437673 -0.04783419
v -0.27005857 -0.47234690 -0.04783420
v -0.03037715 -0.35675007 -0.04783419
v -0.29538879 -0.48456353 -0.04783420
v -0.27005857 -0.47234690 -0.04783420
v -0.27005315 -0.45437673 -0.04783419
v -0.02726590 -0.35674816 -0.04783419
v -0.03037715 -0.35675007 -0.04783419
v -0.27005857 -0.47234690 -0.04783420
v -0.27005857 -0.47234690 -0.04783420
v -0.29538879 -0.48456353 -0.04783420
v -0.27600324 -0.49260280 -0.04783420
v -0.27600324 -0.49260280 -0.04783420
v -0.27006373 -0.48935878 -0.04783420
v -0.27005857 -0.47234690 -0.04783420
v -0.27005857 -0.47234690 -0.04783420
v -0.27006373 -0.48935878 -0.04783420
v -0.02726590 -0.35674816 -0.04783419
v -0.27600324 -0.49260280 -0.04783420
v -0.27006495 -0.49336660 -0.04783420
v -0.27006373 -0.48935878 -0.04783420
v -0.27006373 -0.48935878 -0.04783420
v -0.27006495 -0.49336660 -0.04783420
v -0.25488842 -0.49531862 -0.04783420
v -0.02726590 -0.35674816 -0.04783419
v -0.27006373 -0.48935878 -0.04783420
v -0.25488842 -0.49531862 -0.04783420
v -0.02726590 -0.35674816 -0.04783419
v -0.25488842 -0.49531862 -0.04783420
v -0.02505574 -0.35674682 -0.04783419
v -0.02505574 -0.35674682 -0.04783419
v -0.25488842 -0.49531862 -0.04783420
v -0.17239505 -0.49636236 -0.04783420
v -0.17239505 -0.49636236 -0.04783420
v -0.01797199 -0.35674253 -0.04783419
v -0.02505574 -0.35674682 -0.04783419
v -0.01797199 -0.35674253 -0.04783419
v -0.17239505 -0.49636236 -0.04783420
v -0.07230905 -0.49560094 -0.04783420
v -0.07230905 -0.49560094 -0.04783420
v -0.00958927 -0.35673743 -0.04783419
v -0.01797199 -0.35674253 -0.04783419
v -0.00958927 -0.35673743 -0.04783419
v -0.07230905 -0.49560094 -0.04783420
v 0.02689952 -0.49542880 -0.04783420
v 0.02689952 -0.49542880 -0.04783420
v -0.00121325 -0.35673234 -0.04783419
v -0.00958927 -0.35673743 -0.04783419
v 0.00715611 -0.35672721 -0.04783419
v -0.00121325 -0.35673234 -0.04783419
v 0.02689952 -0.49542880 -0.04783420
v 0.02689952 -0.49542880 -0.04783420
v 0.12656371 -0.49605069 -0.04783420
v 0.00715611 -0.35672721 -0.04783419
v 0.01803456 -0.35672057 -0.04783419
v 0.00715611 -0.35672721 -0.04783419
v 0.12656371 -0.49605069 -0.04783420
v 0.12656371 -0.49605069 -0.04783420
v 0.25489151 -0.49536595 -0.04783420
v 0.01803456 -0.35672057 -0.04783419
v 0.25489151 -0.49536595 -0.04783420
v 0.02025355 -0.35671923 -0.04783419
v 0.01803456 -0.35672057 -0.04783419
v 0.25489151 -0.49536595 -0.04783420
v 0.27030486 -0.48957518 -0.04783420
v 0.02025355 -0.35671923 -0.04783419
v 0.25489151 -0.49536595 -0.04783420
v 0.27029088 -0.49335045 -0.04783420
v 0.27030486 -0.48957518 -0.04783420
v 0.27030486 -0.48957518 -0.04783420
v 0.27029088 -0.49335045 -0.04783420
v 0.27600324 -0.49260280 -0.04783420
v 0.02025355 -0.35671923 -0.04783419
v 0.27030486 -0.48957518 -0.04783420
v 0.27036712 -0.47272116 -0.04783420
v 0.27036712 -0.47272116 -0.04783420
v 0.27030486 -0.48957518 -0.04783420
v 0.27600324 -0.49260280 -0.04783420
v 0.27036712 -0.47272116 -0.04783420
v 0.02340442 -0.35671732 -0.04783419
v 0.02025355 -0.35671923 -0.04783419
v 0.27600324 -0.49260280 -0.04783420
v 0.29550037 -0.48452681 -0.04783420
v 0.27036712 -0.47272116 -0.04783420
v 0.02340442 -0.35671732 -0.04783419
v 0.27036712 -0.47272116 -0.04783420
v 0.27041376 -0.46009475 -0.04783420
v 0.27041376 -0.46009475 -0.04783420
v 0.27036712 -0.47272116 -0.04783420
v 0.29550037 -0.48452681 -0.04783420
v 0.27041376 -0.46009475 -0.04783420
v 0.02636318 -0.35671553 -0.04783419
v 0.02340442 -0.35671732 -0.04783419
v 0.29550037 -0.48452681 -0.04783420
v 0.30785790 -0.47595599 -0.04783420
v 0.27041376 -0.46009475 -0.04783420
v 0.02636318 -0.35671553 -0.04783419
v 0.27041376 -0.46009475 -0.04783420
v 0.27050015 -0.43670455 -0.04783419
v 0.27050015 -0.43670455 -0.04783419
v 0.27041376 -0.46009475 -0.04783420
v 0.30785790 -0.47595599 -0.04783420
v 0.27050015 -0.43670455 -0.04783419
v 0.03396833 -0.35671088 -0.04783419
v 0.02636318 -0.35671553 -0.04783419
v 0.30785790 -0.47595599 -0.04783420
v 0.32484525 -0.45508373 -0.04783419
v 0.27050015 -0.43670455 -0.04783419
v 0.04301452 -0.35670540 -0.04783419
v 0.03396833 -0.35671088 -0.04783419
v 0.27050015 -0.43670455 -0.04783419
v 0.27050015 -0.43670455 -0.04783419
v 0.32484525 -0.45508373 -0.04783419
v 0.33285180 -0.43575427 -0.04783419
v 0.27050015 -0.43670455 -0.04783419
v 0.27056646 -0.41876686 -0.04783419
v 0.04301452 -0.35670540 -0.04783419
v 0.33285180 -0.43575427 -0.04783419
v 0.27056646 -0.41876686 -0.04783419
v 0.27050015 -0.43670455 -0.04783419
v 0.05745329 -0.35669661 -0.04783419
v 0.04301452 -0.35670540 -0.04783419
v 0.27056646 -0.41876686 -0.04783419
v 0.27056646 -0.41876686 -0.04783419
v 0.33285180 -0.43575427 -0.04783419
v 0.33563107 -0.41464362 -0.04783419
v 0.27056646 -0.41876686 -0.04783419
v 0.27063170 -0.40110365 -0.04783419
v 0.05745329 -0.35669661 -0.04783419
v 0.33563107 -0.41464362 -0.04783419
v 0.27063170 -0.40110365 -0.04783419
v 0.27056646 -0.41876686 -0.04783419
v 0.27063170 -0.40110365 -0.04783419
v 0.27079624 -0.35656670 -0.04783418
v 0.05745329 -0.35669661 -0.04783419
v 0.27063170 -0.40110365 -0.04783419
v 0.33563107 -0.41464362 -0.04783419
v 0.33563128 -0.35652724 -0.04783418
v 0.33563128 -0.35652724 -0.04783418
v 0.27079624 -0.35656670 -0.04783418
v 0.27063170 -0.40110365 -0.04783419
v 0.27079624 -0.35656670 -0.04783418
v 0.33563128 -0.35652724 -0.04783418
v 0.33563131 -0.34893894 -0.04783418
v 0.33563131 -0.34893894 -0.04783418
v 0.27082795 -0.34798372 -0.04783418
v 0.27079624 -0.35656670 -0.04783418
v 0.27138907 -0.19609725 -0.04783416
v 0.27082795 -0.34798372 -0.04783418
v 0.33563131 -0.34893894 -0.04783418
v 0.33563131 -0.34893894 -0.04783418
v 0.33593205 -0.16142410 -0.04783416
v 0.27138907 -0.19609725 -0.04783416
v 0.27212504 0.00311522 -0.04783414
v 0.27138907 -0.19609725 -0.04783416
v 0.33593205 -0.16142410 -0.04783416
v 0.33593205 -0.16142410 -0.04783416
v 0.33563107 0.08298928 -0.04783413
v 0.27212504 0.00311522 -0.04783414
v 0.33563107 0.08298928 -0.04783413
v 0.27242014 0.08298928 -0.04783413
v 0.27212504 0.00311522 -0.04783414
v 0.27254224 0.11604661 -0.04783412
v 0.27242014 0.08298928 -0.04783413
v 0.33563107 0.08298928 -0.04783413
v 0.27254224 0.11604661 -0.04783412
v 0.33563107 0.08298928 -0.04783413
v 0.33563107 0.40041846 -0.04783409
v 0.27353892 0.38582778 -0.04783409
v 0.27254224 0.11604661 -0.04783412
v 0.33563107 0.40041846 -0.04783409
v 0.27353892 0.38582778 -0.04783409
v 0.33563107 0.40041846 -0.04783409
v 0.30497885 0.40041846 -0.04783409
v 0.30497885 0.40041846 -0.04783409
v 0.33563107 0.40041846 -0.04783409
v 0.33563107 0.41464362 -0.04783409
v 0.30497885 0.40041846 -0.04783409
v 0.27359283 0.40041852 -0.04783409
v 0.27353892 0.38582778 -0.04783409
v 0.30497885 0.40041846 -0.04783409
v 0.33563107 0.41464362 -0.04783409
v 0.33285180 0.43575427 -0.04783409
v 0.30497885 0.40041846 -0.04783409
v 0.27360708 0.40427312 -0.04783409
v 0.27359283 0.40041852 -0.04783409
v 0.30497885 0.40041846 -0.04783409
v 0.33285180 0.43575427 -0.04783409
v 0.27360708 0.40427312 -0.04783409
v 0.26635295 0.40041846 -0.04783409
v 0.27359283 0.40041852 -0.04783409
v 0.27360708 0.40427312 -0.04783409
v 0.27368051 0.42415446 -0.04783409
v 0.27360708 0.40427312 -0.04783409
v 0.33285180 0.43575427 -0.04783409
v 0.26635295 0.40041846 -0.04783409
v 0.27360708 0.40427312 -0.04783409
v 0.27368051 0.42415446 -0.04783409
v 0.33285180 0.43575427 -0.04783409
v 0.32485607 0.45505774 -0.04783409
v 0.27368051 0.42415446 -0.04783409
v 0.27368051 0.42415446 -0.04783409
v 0.23437391 0.40041846 -0.04783409
v 0.26635295 0.40041846 -0.04783409
v 0.27377671 0.45018217 -0.04783409
v 0.27368051 0.42415446 -0.04783409
v 0.32485607 0.45505774 -0.04783409
v 0.23437391 0.40041846 -0.04783409
v 0.27368051 0.42415446 -0.04783409
v 0.27377671 0.45018217 -0.04783409
v 0.32485607 0.45505774 -0.04783409
v 0.30862904 0.47453400 -0.04783408
v 0.27377671 0.45018217 -0.04783409
v 0.27377671 0.45018217 -0.04783409
v 0.20255487 0.40041846 -0.04783409
v 0.23437391 0.40041846 -0.04783409
v 0.27384284 0.46809253 -0.04783408
v 0.27377671 0.45018217 -0.04783409
v 0.30862904 0.47453400 -0.04783408
v 0.20255487 0.40041846 -0.04783409
v 0.27377671 0.45018217 -0.04783409
v 0.27384284 0.46809253 -0.04783408
v 0.27384284 0.46809253 -0.04783408
v 0.18525751 0.40041846 -0.04783409
v 0.20255487 0.40041846 -0.04783409
v 0.30862904 0.47453400 -0.04783408
v 0.29540631 0.48456576 -0.04783408
v 0.27384284 0.46809253 -0.04783408
v 0.16713582 0.40041852 -0.04783409
v 0.18525751 0.40041846 -0.04783409
v 0.27384284 0.46809253 -0.04783408
v 0.27392688 0.49084464 -0.04783408
v 0.27384284 0.46809253 -0.04783408
v 0.29540631 0.48456576 -0.04783408
v 0.27384284 0.46809253 -0.04783408
v 0.27392688 0.49084464 -0.04783408
v 0.16713582 0.40041852 -0.04783409
v 0.29540631 0.48456576 -0.04783408
v 0.27600324 0.49260280 -0.04783408
v 0.27392688 0.49084464 -0.04783408
v 0.27600324 0.49260280 -0.04783408
v 0.27393439 0.49287516 -0.04783408
v 0.27392688 0.49084464 -0.04783408
v 0.27392688 0.49084464 -0.04783408
v 0.27393439 0.49287516 -0.04783408
v 0.25489259 0.49538207 -0.04783408
v 0.16713582 0.40041852 -0.04783409
v 0.27392688 0.49084464 -0.04783408
v 0.25489259 0.49538207 -0.04783408
v 0.16713582 0.40041852 -0.04783409
v 0.25489259 0.49538207 -0.04783408
v 0.15253702 0.40041846 -0.04783409
v 0.15253702 0.40041846 -0.04783409
v 0.25489259 0.49538207 -0.04783408
v -0.25489259 0.49538207 -0.04783408
v -0.25489259 0.49538207 -0.04783408
v -0.15256134 0.40041843 -0.04783409
v 0.15253702 0.40041846 -0.04783409
v -0.25489259 0.49538207 -0.04783408
v -0.16715972 0.40041846 -0.04783409
v -0.15256134 0.40041843 -0.04783409
v -0.25489259 0.49538207 -0.04783408
v -0.26976803 0.48732191 -0.04783408
v -0.16715972 0.40041846 -0.04783409
v -0.25489259 0.49538207 -0.04783408
v -0.26976618 0.49342391 -0.04783408
v -0.26976803 0.48732191 -0.04783408
v -0.26976803 0.48732191 -0.04783408
v -0.26976618 0.49342391 -0.04783408
v -0.27600324 0.49260280 -0.04783408
v -0.18526749 0.40041846 -0.04783409
v -0.16715972 0.40041846 -0.04783409
v -0.26976803 0.48732191 -0.04783408
v -0.26976803 0.48732191 -0.04783408
v -0.27600324 0.49260280 -0.04783408
v -0.29539323 0.48457119 -0.04783408
v -0.26976803 0.48732191 -0.04783408
v -0.26977479 0.46499482 -0.04783408
v -0.18526749 0.40041846 -0.04783409
v -0.29539323 0.48457119 -0.04783408
v -0.26977479 0.46499482 -0.04783408
v -0.26976803 0.48732191 -0.04783408
v -0.20745142 0.40041846 -0.04783409
v -0.18526749 0.40041846 -0.04783409
v -0.26977479 0.46499482 -0.04783408
v -0.26977479 0.46499482 -0.04783408
v -0.29539323 0.48457119 -0.04783408
v -0.31204382 0.47179484 -0.04783408
v -0.26977479 0.46499482 -0.04783408
v -0.26978147 0.44295400 -0.04783409
v -0.20745142 0.40041846 -0.04783409
v -0.31204382 0.47179484 -0.04783408
v -0.26978147 0.44295400 -0.04783409
v -0.26977479 0.46499482 -0.04783408
v -0.23426162 0.40041852 -0.04783409
v -0.20745142 0.40041846 -0.04783409
v -0.26978147 0.44295400 -0.04783409
v -0.26978147 0.44295400 -0.04783409
v -0.31204382 0.47179484 -0.04783408
v -0.32482019 0.45514429 -0.04783409
v -0.26978147 0.44295400 -0.04783409
v -0.26978785 0.42188749 -0.04783409
v -0.23426162 0.40041852 -0.04783409
v -0.32482019 0.45514429 -0.04783409
v -0.26978785 0.42188749 -0.04783409
v -0.26978147 0.44295400 -0.04783409
v -0.26636505 0.40041852 -0.04783409
v -0.23426162 0.40041852 -0.04783409
v -0.26978785 0.42188749 -0.04783409
v -0.26978785 0.42188749 -0.04783409
v -0.32482019 0.45514429 -0.04783409
v -0.33285180 0.43575427 -0.04783409
v -0.26978785 0.42188749 -0.04783409
v -0.26979381 0.40224078 -0.04783409
v -0.26636505 0.40041852 -0.04783409
v -0.33285180 0.43575427 -0.04783409
v -0.26979381 0.40224078 -0.04783409
v -0.26978785 0.42188749 -0.04783409
v -0.26979381 0.40224078 -0.04783409
v -0.26979434 0.40041852 -0.04783409
v -0.26636505 0.40041852 -0.04783409
v -0.26979381 0.40224078 -0.04783409
v -0.33285180 0.43575427 -0.04783409
v -0.33563107 0.41464362 -0.04783409
v -0.26979381 0.40224078 -0.04783409
v -0.30498439 0.40041846 -0.04783409
v -0.26979434 0.40041852 -0.04783409
v -0.26979381 0.40224078 -0.04783409
v -0.33563107 0.41464362 -0.04783409
v -0.30498439 0.40041846 -0.04783409
v -0.34024900 -0.39734218 -0.00729336
v -0.34024900 -0.35693875 -0.04321602
v -0.34024900 -0.34900716 -0.04321599
v -0.34024900 -0.39734218 -0.00729336
v -0.34024900 -0.41494629 -0.00729336
v -0.34024900 -0.35693875 -0.04321602
v -0.34024900 -0.41494629 -0.00729336
v -0.34024900 -0.41494629 -0.04321626
v -0.34024900 -0.35693875 -0.04321602
v -0.34024900 -0.41494629 -0.04321626
v -0.34024900 -0.41494629 -0.00729336
v -0.33735088 -0.43695977 -0.00729336
v -0.33735088 -0.43695977 -0.00729336
v -0.33735088 -0.43695977 -0.04321626
v -0.34024900 -0.41494629 -0.04321626
v -0.33735088 -0.43695977 -0.04321626
v -0.33735088 -0.43695977 -0.00729336
v -0.32885399 -0.45747316 -0.00729336
v -0.32885399 -0.45747316 -0.00729336
v -0.32885396 -0.45747316 -0.04321627
v -0.33735088 -0.43695977 -0.04321626
v -0.32885396 -0.45747316 -0.04321627
v -0.32885399 -0.45747316 -0.00729336
v -0.31533736 -0.47508839 -0.00729337
v -0.31533736 -0.47508839 -0.00729337
v -0.31533736 -0.47508839 -0.04321627
v -0.32885396 -0.45747316 -0.04321627
v -0.29734731 -0.48876020 -0.04319884
v -0.31533736 -0.47508839 -0.04321627
v -0.31533736 -0.47508839 -0.00729337
v -0.31533736 -0.47508839 -0.00729337
v -0.29447743 -0.48994896 -0.00770745
v -0.29734731 -0.48876020 -0.04319884
v -0.34024900 -0.39734218 -0.00729336
v -0.34024900 -0.34900716 -0.04321599
v -0.34024900 -0.34900716 0.04373435
v -0.34024900 -0.34900716 0.04373435
v -0.34024900 -0.39734218 0.04373435
v -0.34024900 -0.39734218 -0.00729336
v -0.34024900 -0.34900716 0.04373435
v -0.34024900 -0.34900716 -0.04321599
v -0.34024900 -0.29447371 -0.00729334
v -0.34024900 -0.29447371 -0.00729334
v -0.34024900 -0.29447371 0.04373436
v -0.34024900 -0.34900716 0.04373435
v -0.34024900 -0.29447371 -0.00729334
v -0.34024900 -0.34900716 -0.04321599
v -0.34024900 -0.15910499 -0.04292281
v -0.34024900 -0.15910499 -0.04292281
v -0.34024900 -0.18004240 -0.00729333
v -0.34024900 -0.29447371 -0.00729334
v -0.34024900 -0.18004240 -0.00729333
v -0.34024900 -0.15910499 -0.04292281
v -0.34024900 -0.15910497 0.04373438
v -0.34024900 -0.15910497 0.04373438
v -0.34024900 -0.18004240 0.04373437
v -0.34024900 -0.18004240 -0.00729333
v -0.34024900 0.08298928 0.04373441
v -0.34024900 -0.15910497 0.04373438
v -0.34024900 -0.15910499 -0.04292281
v -0.34024900 -0.15910499 -0.04292281
v -0.34024900 0.08298928 -0.04321620
v -0.34024900 0.08298928 0.04373441
v -0.34024900 0.40041852 -0.04321616
v -0.34024900 0.08298928 0.04373441
v -0.34024900 0.08298928 -0.04321620
v -0.34024900 0.40041852 -0.04321616
v -0.34024900 0.41494629 -0.04321616
v -0.34024900 0.08298928 0.04373441
v -0.34024900 0.41494629 -0.04321616
v -0.34024900 0.41494629 0.04373445
v -0.34024900 0.08298928 0.04373441
v -0.34024900 0.41494629 0.04373445
v -0.34024900 0.41494629 -0.04321616
v -0.33735088 0.43695977 -0.04321616
v -0.33735088 0.43695977 -0.04321616
v -0.33735088 0.43695977 0.04373445
v -0.34024900 0.41494629 0.04373445
v -0.33735088 0.43695977 0.04373445
v -0.33735088 0.43695977 -0.04321616
v -0.32885396 0.45747316 -0.04321616
v -0.32885396 0.45747316 -0.04321616
v -0.32885396 0.45747316 0.04373445
v -0.33735088 0.43695977 0.04373445
v -0.32885396 0.45747316 0.04373445
v -0.32885396 0.45747316 -0.04321616
v -0.31533736 0.47508839 -0.04321615
v -0.31533736 0.47508839 -0.04321615
v -0.31533736 0.47508839 0.04373446
v -0.32885396 0.45747316 0.04373445
v -0.31533736 0.47508839 0.04373446
v -0.31533736 0.47508839 -0.04321615
v -0.29772213 0.48860496 -0.04321615
v -0.29772213 0.48860496 -0.04321615
v -0.29772213 0.48860496 0.04373446
v -0.31533736 0.47508839 0.04373446
v -0.29772213 0.48860496 0.04373446
v -0.29772213 0.48860496 -0.04321615
v -0.27720878 0.49710187 -0.04321615
v -0.27720878 0.49710187 -0.04321615
v -0.27720878 0.49710187 0.04373446
v -0.29772213 0.48860496 0.04373446
v -0.27720878 0.49710187 0.04373446
v -0.27720878 0.49710187 -0.04321615
v -0.26976478 0.49808189 -0.04321615
v -0.25519526 0.50000000 0.04373446
v -0.27720878 0.49710187 0.04373446
v -0.26976478 0.49808189 -0.04321615
v -0.25519526 0.50000000 0.04373446
v -0.26976478 0.49808189 -0.04321615
v -0.25519526 0.50000000 -0.04321615
v -0.25519526 0.50000000 0.04373446
v -0.25519526 0.50000000 -0.04321615
v 0.25519526 0.50000000 -0.04321615
v 0.25519526 0.50000000 -0.04321615
v 0.25519526 0.50000000 0.04373446
v -0.25519526 0.50000000 0.04373446
v 0.25519526 0.50000000 0.04373446
v 0.25519526 0.50000000 -0.04321615
v 0.27395159 0.49753067 -0.04321615
v 0.27720878 0.49710187 0.04373446
v 0.25519526 0.50000000 0.04373446
v 0.27395159 0.49753067 -0.04321615
v 0.27720878 0.49710187 0.04373446
v 0.27395159 0.49753067 -0.04321615
v 0.27720878 0.49710187 -0.04321615
v 0.29772213 0.48860496 0.04373446
v 0.27720878 0.49710187 0.04373446
v 0.27720878 0.49710187 -0.04321615
v 0.27720878 0.49710187 -0.04321615
v 0.29772213 0.48860496 -0.04321615
v 0.29772213 0.48860496 0.04373446
v -0.00380708 -0.34393549 -0.04795772
v 0.01803456 -0.36121234 -0.04795772
v 0.02025355 -0.36121100 -0.04795772
v -0.00380708 -0.34393549 -0.04795772
v 0.00715611 -0.36121896 -0.04795772
v 0.01803456 -0.36121234 -0.04795772
v -0.00380708 -0.34393549 -0.04795772
v 0.02025355 -0.36121100 -0.04795772
v 0.02340442 -0.36120909 -0.04795772
v -0.00380708 -0.34393549 -0.04795772
v -0.00121325 -0.36122409 -0.04795772
v 0.00715611 -0.36121896 -0.04795772
v -0.00380708 -0.34393549 -0.04795772
v 0.02340442 -0.36120909 -0.04795772
v 0.02636318 -0.36120731 -0.04795772
v -0.00380708 -0.34393549 -0.04795772
v -0.00958927 -0.36122921 -0.04795772
v -0.00121325 -0.36122409 -0.04795772
v -0.00380708 -0.34393549 -0.04795772
v 0.02636318 -0.36120731 -0.04795772
v 0.03396833 -0.36120263 -0.04795772
v -0.00380708 -0.34393549 -0.04795772
v -0.01797199 -0.36123428 -0.04795772
v -0.00958927 -0.36122921 -0.04795772
v -0.00380708 -0.34393549 -0.04795772
v 0.03396833 -0.36120263 -0.04795772
v 0.04301452 -0.36119714 -0.04795772
v -0.00380708 -0.34393549 -0.04795772
v -0.02505574 -0.36123860 -0.04795772
v -0.01797199 -0.36123428 -0.04795772
v -0.00380708 -0.34393549 -0.04795772
v -0.02726590 -0.36123991 -0.04795772
v -0.02505574 -0.36123860 -0.04795772
v -0.00380708 -0.34393549 -0.04795772
v -0.03037715 -0.36124182 -0.04795772
v -0.02726590 -0.36123991 -0.04795772
v -0.00380708 -0.34393549 -0.04795772
v -0.03470616 -0.36124447 -0.04795772
v -0.03037715 -0.36124182 -0.04795772
v -0.00380708 -0.34393549 -0.04795772
v -0.04081571 -0.36124817 -0.04795772
v -0.03470616 -0.36124447 -0.04795772
v -0.00380708 -0.34393549 -0.04795772
v -0.04977216 -0.36125362 -0.04795772
v -0.04081571 -0.36124817 -0.04795772
v -0.00380708 -0.34393549 -0.04795772
v 0.04301452 -0.36119714 -0.04795772
v 0.05745329 -0.36118835 -0.04795772
v -0.00380708 -0.34393549 -0.04795772
v -0.06404041 -0.36126232 -0.04795772
v -0.04977216 -0.36125362 -0.04795772
v 0.05745329 -0.36118835 -0.04795772
v 0.27079624 -0.36105844 -0.04795771
v 0.27082795 -0.34798372 -0.04795771
v 0.27082795 -0.34798372 -0.04795771
v -0.00380708 -0.34393549 -0.04795772
v 0.05745329 -0.36118835 -0.04795772
v -0.00380708 -0.34393549 -0.04795772
v 0.27082795 -0.34798372 -0.04795771
v 0.27138907 -0.19609725 -0.04795770
v -0.00380708 -0.34393549 -0.04795772
v 0.27138907 -0.19609725 -0.04795770
v 0.27212504 0.00311522 -0.04795767
v -0.27235994 -0.34794852 -0.04795771
v -0.27236265 -0.36138770 -0.04795772
v -0.06404041 -0.36126232 -0.04795772
v -0.06404041 -0.36126232 -0.04795772
v -0.00380708 -0.34393549 -0.04795772
v -0.27235994 -0.34794852 -0.04795771
v -0.00380708 -0.34393549 -0.04795772
v -0.27231443 -0.19771107 -0.04795770
v -0.27235994 -0.34794852 -0.04795771
v -0.00380708 -0.34393549 -0.04795772
v -0.27225506 -0.00155969 -0.04795767
v -0.27231443 -0.19771107 -0.04795770
v 0.27242014 0.08298928 -0.04795766
v -0.00380708 -0.34393549 -0.04795772
v 0.27212504 0.00311522 -0.04795767
v 0.27242014 0.08298928 -0.04795766
v -0.27225506 -0.00155969 -0.04795767
v -0.00380708 -0.34393549 -0.04795772
v 0.27242014 0.08298928 -0.04795766
v -0.27222949 0.08298928 -0.04795766
v -0.27225506 -0.00155969 -0.04795767
v -0.27221903 0.11744779 -0.04795766
v -0.27222949 0.08298928 -0.04795766
v 0.27242014 0.08298928 -0.04795766
v -0.00003030 0.25886932 -0.04795764
v -0.27221903 0.11744779 -0.04795766
v 0.27242014 0.08298928 -0.04795766
v -0.00003030 0.25886932 -0.04795764
v 0.27242014 0.08298928 -0.04795766
v 0.27254224 0.11604661 -0.04795766
v -0.00003030 0.25886932 -0.04795764
v -0.27213833 0.38408676 -0.04795762
v -0.27221903 0.11744779 -0.04795766
v -0.00003030 0.25886932 -0.04795764
v 0.27254224 0.11604661 -0.04795766
v 0.27353892 0.38582778 -0.04795762
v -0.26636505 0.40041852 -0.04795762
v -0.27213335 0.40041852 -0.04795762
v -0.27213833 0.38408676 -0.04795762
v -0.27213833 0.38408676 -0.04795762
v -0.00003030 0.25886932 -0.04795764
v -0.26636505 0.40041852 -0.04795762
v -0.00003030 0.25886932 -0.04795764
v -0.23426162 0.40041852 -0.04795762
v -0.26636505 0.40041852 -0.04795762
v -0.00003030 0.25886932 -0.04795764
v -0.20745142 0.40041846 -0.04795762
v -0.23426162 0.40041852 -0.04795762
v -0.00003030 0.25886932 -0.04795764
v -0.18526749 0.40041846 -0.04795762
v -0.20745142 0.40041846 -0.04795762
v -0.00003030 0.25886932 -0.04795764
v -0.16715972 0.40041846 -0.04795762
v -0.18526749 0.40041846 -0.04795762
v -0.00003030 0.25886932 -0.04795764
v -0.15256134 0.40041843 -0.04795762
v -0.16715972 0.40041846 -0.04795762
v -0.00003030 0.25886932 -0.04795764
v 0.15253702 0.40041846 -0.04795762
v -0.15256134 0.40041843 -0.04795762
v -0.00003030 0.25886932 -0.04795764
v 0.16713582 0.40041852 -0.04795762
v 0.15253702 0.40041846 -0.04795762
v -0.00003030 0.25886932 -0.04795764
v 0.18525751 0.40041846 -0.04795762
v 0.16713582 0.40041852 -0.04795762
v -0.00003030 0.25886932 -0.04795764
v 0.20255487 0.40041846 -0.04795762
v 0.18525751 0.40041846 -0.04795762
v -0.00003030 0.25886932 -0.04795764
v 0.23437391 0.40041846 -0.04795762
v 0.20255487 0.40041846 -0.04795762
v -0.00003030 0.25886932 -0.04795764
v 0.26635295 0.40041846 -0.04795762
v 0.23437391 0.40041846 -0.04795762
v 0.26635295 0.40041846 -0.04795762
v -0.00003030 0.25886932 -0.04795764
v 0.27353892 0.38582778 -0.04795762
v 0.27353892 0.38582778 -0.04795762
v 0.27359283 0.40041852 -0.04795763
v 0.26635295 0.40041846 -0.04795762
v 0.04436227 -0.44639918 0.03564394
v 0.04436227 -0.44639918 0.02860688
v 0.04260322 -0.44464016 0.02860688
v 0.04260322 -0.44464016 0.02860688
v 0.04260322 -0.44464016 0.03564394
v 0.04436227 -0.44639918 0.03564394
v 0.04436227 0.03168079 0.03740304
v 0.04436227 -0.44464016 0.03740299
v 0.04260322 -0.44464016 0.03564394
v 0.04260322 -0.44464016 0.03564394
v 0.04260322 0.03191238 0.03564399
v 0.04436227 0.03168079 0.03740304
v 0.04661067 0.04007190 0.03740304
v 0.04436227 0.03168079 0.03740304
v 0.04260322 0.03191238 0.03564399
v 0.04260322 0.03191238 0.03564399
v 0.04503355 0.04098246 0.03564400
v 0.04661067 0.04007190 0.03740304
v 0.05258386 0.04604510 0.03740304
v 0.04661067 0.04007190 0.03740304
v 0.04503355 0.04098246 0.03564400
v 0.04503355 0.04098246 0.03564400
v 0.05167332 0.04762222 0.03564400
v 0.05258386 0.04604510 0.03740304
v 0.05258386 0.04604510 0.03740304
v 0.05167332 0.04762222 0.03564400
v 0.06074339 0.05005253 0.03564400
v 0.06074339 0.05005253 0.03564400
v 0.06097497 0.04829349 0.03740304
v 0.05258386 0.04604510 0.03740304
v 0.09679941 0.04829349 0.03740304
v 0.06097497 0.04829349 0.03740304
v 0.06074339 0.05005253 0.03564400
v 0.06074339 0.05005253 0.03564400
v 0.09703099 0.05005253 0.03564400
v 0.09679941 0.04829349 0.03740304
v 0.10519052 0.04604510 0.03740304
v 0.09679941 0.04829349 0.03740304
v 0.09703099 0.05005253 0.03564400
v 0.09703099 0.05005253 0.03564400
v 0.10610107 0.04762222 0.03564400
v 0.10519052 0.04604510 0.03740304
v 0.11116372 0.04007191 0.03740304
v 0.10519052 0.04604510 0.03740304
v 0.10610107 0.04762222 0.03564400
v 0.10610107 0.04762222 0.03564400
v 0.11274083 0.04098246 0.03564400
v 0.11116372 0.04007191 0.03740304
v 0.11116372 0.04007191 0.03740304
v 0.11274083 0.04098246 0.03564400
v 0.11517115 0.03191238 0.03564399
v 0.11517115 0.03191238 0.03564399
v 0.11341210 0.03168079 0.03740304
v 0.11116372 0.04007191 0.03740304
v 0.11341210 0.03168079 0.03740304
v 0.11517115 0.03191238 0.03564399
v 0.11517115 -0.44464016 0.03564394
v 0.11517115 -0.44464016 0.03564394
v 0.11341210 -0.44464016 0.03740299
v 0.11341210 0.03168079 0.03740304
v 0.11341210 -0.44639918 0.03564394
v 0.04436227 -0.44639918 0.03564394
v 0.04436227 -0.44464016 0.03740299
v 0.04436227 -0.44464016 0.03740299
v 0.11341210 -0.44464016 0.03740299
v 0.11341210 -0.44639918 0.03564394
v 0.11517115 -0.44464016 0.03564394
v 0.11517115 -0.44464016 0.02860688
v 0.11341210 -0.44639918 0.02860688
v 0.11341210 -0.44639918 0.02860688
v 0.11341210 -0.44639918 0.03564394
v 0.11517115 -0.44464016 0.03564394
v 0.24662340 0.04604510 0.03740304
v 0.24753395 0.04762222 0.03564400
v 0.25417370 0.04098246 0.03564400
v 0.23846386 0.05005253 0.03564400
v 0.24753395 0.04762222 0.03564400
v 0.24662340 0.04604510 0.03740304
v 0.25417370 0.04098246 0.03564400
v 0.25259659 0.04007191 0.03740304
v 0.24662340 0.04604510 0.03740304
v 0.24662340 0.04604510 0.03740304
v 0.23823227 0.04829349 0.03740304
v 0.23846386 0.05005253 0.03564400
v 0.25259659 0.04007191 0.03740304
v 0.25417370 0.04098246 0.03564400
v 0.25660402 0.03191238 0.03564399
v 0.16286556 0.05005253 0.03564400
v 0.23846386 0.05005253 0.03564400
v 0.23823227 0.04829349 0.03740304
v 0.25660402 0.03191238 0.03564399
v 0.25484496 0.03168080 0.03740304
v 0.25259659 0.04007191 0.03740304
v 0.25484496 0.03168080 0.03740304
v 0.25660402 0.03191238 0.03564399
v 0.25660402 -0.44464070 0.03564394
v 0.25660402 -0.44464070 0.03564394
v 0.25484496 -0.44464064 0.03740299
v 0.25484496 0.03168080 0.03740304
v 0.23823227 0.04829349 0.03740304
v 0.16309716 0.04829349 0.03740304
v 0.16286556 0.05005253 0.03564400
v 0.16286556 0.05005253 0.03564400
v 0.16309716 0.04829349 0.03740304
v 0.15470605 0.04604510 0.03740304
v 0.15470605 0.04604510 0.03740304
v 0.15379550 0.04762222 0.03564400
v 0.16286556 0.05005253 0.03564400
v 0.15379550 0.04762222 0.03564400
v 0.15470605 0.04604510 0.03740304
v 0.14873284 0.04007191 0.03740304
v 0.14873284 0.04007191 0.03740304
v 0.14715573 0.04098246 0.03564400
v 0.15379550 0.04762222 0.03564400
v 0.14472540 0.03191238 0.03564399
v 0.14715573 0.04098246 0.03564400
v 0.14873284 0.04007191 0.03740304
v 0.14873284 0.04007191 0.03740304
v 0.14648445 0.03168079 0.03740304
v 0.14472540 0.03191238 0.03564399
v 0.14472540 -0.44464016 0.03564394
v 0.14472540 0.03191238 0.03564399
v 0.14648445 0.03168079 0.03740304
v 0.14648445 0.03168079 0.03740304
v 0.14648445 -0.44464016 0.03740299
v 0.14472540 -0.44464016 0.03564394
v 0.14648445 -0.44639918 0.03564394
v 0.14648445 -0.44639918 0.02860688
v 0.14472540 -0.44464016 0.02860688
v 0.14472540 -0.44464016 0.02860688
v 0.14472540 -0.44464016 0.03564394
v 0.14648445 -0.44639918 0.03564394
v 0.25484496 -0.44464064 0.03740299
v 0.25484496 -0.44639972 0.03564394
v 0.14648445 -0.44639918 0.03564394
v 0.14648445 -0.44639918 0.03564394
v 0.14648445 -0.44464016 0.03740299
v 0.25484496 -0.44464064 0.03740299
v 0.25484496 -0.44639972 0.02860688
v 0.25484496 -0.44639972 0.03564394
v 0.25660402 -0.44464070 0.03564394
v 0.25660402 -0.44464070 0.03564394
v 0.25660402 -0.44464070 0.02860688
v 0.25484496 -0.44639972 0.02860688
v -0.05775991 -0.44639918 0.03564394
v -0.05775991 -0.44639918 0.02860688
v -0.05951895 -0.44464016 0.02860688
v -0.05951895 -0.44464016 0.02860688
v -0.05951895 -0.44464016 0.03564394
v -0.05775991 -0.44639918 0.03564394
v -0.05775991 0.03168079 0.03740304
v -0.05775991 -0.44464016 0.03740299
v -0.05951895 -0.44464016 0.03564394
v -0.05951895 -0.44464016 0.03564394
v -0.05951895 0.03191238 0.03564399
v -0.05775991 0.03168079 0.03740304
v -0.05551151 0.04007191 0.03740304
v -0.05775991 0.03168079 0.03740304
v -0.05951895 0.03191238 0.03564399
v -0.05951895 0.03191238 0.03564399
v -0.05708862 0.04098246 0.03564400
v -0.05551151 0.04007191 0.03740304
v -0.04953831 0.04604510 0.03740304
v -0.05551151 0.04007191 0.03740304
v -0.05708862 0.04098246 0.03564400
v -0.05708862 0.04098246 0.03564400
v -0.05044886 0.04762222 0.03564400
v -0.04953831 0.04604510 0.03740304
v -0.04953831 0.04604510 0.03740304
v -0.05044886 0.04762222 0.03564400
v -0.04137878 0.05005253 0.03564400
v -0.04137878 0.05005253 0.03564400
v -0.04114720 0.04829349 0.03740304
v -0.04953831 0.04604510 0.03740304
v -0.00532276 0.04829349 0.03740304
v -0.04114720 0.04829349 0.03740304
v -0.04137878 0.05005253 0.03564400
v -0.04137878 0.05005253 0.03564400
v -0.00509118 0.05005253 0.03564400
v -0.00532276 0.04829349 0.03740304
v 0.00306835 0.04604510 0.03740304
v -0.00532276 0.04829349 0.03740304
v -0.00509118 0.05005253 0.03564400
v -0.00509118 0.05005253 0.03564400
v 0.00397890 0.04762222 0.03564400
v 0.00306835 0.04604510 0.03740304
v 0.00904154 0.04007191 0.03740304
v 0.00306835 0.04604510 0.03740304
v 0.00397890 0.04762222 0.03564400
v 0.00397890 0.04762222 0.03564400
v 0.01061866 0.04098246 0.03564400
v 0.00904154 0.04007191 0.03740304
v 0.00904154 0.04007191 0.03740304
v 0.01061866 0.04098246 0.03564400
v 0.01304897 0.03191238 0.03564399
v 0.01304897 0.03191238 0.03564399
v 0.01128993 0.03168079 0.03740304
v 0.00904154 0.04007191 0.03740304
v 0.01128993 0.03168079 0.03740304
v 0.01304897 0.03191238 0.03564399
v 0.01304897 -0.44464016 0.03564394
v 0.01304897 -0.44464016 0.03564394
v 0.01128993 -0.44464016 0.03740299
v 0.01128993 0.03168079 0.03740304
v 0.01128993 -0.44639918 0.03564394
v -0.05775991 -0.44639918 0.03564394
v -0.05775991 -0.44464016 0.03740299
v -0.05775991 -0.44464016 0.03740299
v 0.01128993 -0.44464016 0.03740299
v 0.01128993 -0.44639918 0.03564394
v 0.01304897 -0.44464016 0.03564394
v 0.01304897 -0.44464016 0.02860688
v 0.01128993 -0.44639918 0.02860688
v 0.01128993 -0.44639918 0.02860688
v 0.01128993 -0.44639918 0.03564394
v 0.01304897 -0.44464016 0.03564394
v -0.15988207 -0.44639918 0.03564394
v -0.15988207 -0.44639918 0.02860688
v -0.16164112 -0.44464016 0.02860688
v -0.16164112 -0.44464016 0.02860688
v -0.16164112 -0.44464016 0.03564394
v -0.15988207 -0.44639918 0.03564394
v -0.15988207 0.03168079 0.03740304
v -0.15988207 -0.44464016 0.03740299
v -0.16164112 -0.44464016 0.03564394
v -0.16164112 -0.44464016 0.03564394
v -0.16164112 0.03191238 0.03564399
v -0.15988207 0.03168079 0.03740304
v -0.15763369 0.04007191 0.03740304
v -0.15988207 0.03168079 0.03740304
v -0.16164112 0.03191238 0.03564399
v -0.16164112 0.03191238 0.03564399
v -0.15921080 0.04098246 0.03564400
v -0.15763369 0.04007191 0.03740304
v -0.15763369 0.04007191 0.03740304
v -0.15921080 0.04098246 0.03564400
v -0.15257104 0.04762222 0.03564400
v -0.15257104 0.04762222 0.03564400
v -0.15166049 0.04604510 0.03740304
v -0.15763369 0.04007191 0.03740304
v -0.15166049 0.04604510 0.03740304
v -0.15257104 0.04762222 0.03564400
v -0.14350095 0.05005253 0.03564400
v -0.14350095 0.05005253 0.03564400
v -0.14326937 0.04829349 0.03740304
v -0.15166049 0.04604510 0.03740304
v -0.10744493 0.04829349 0.03740304
v -0.14326937 0.04829349 0.03740304
v -0.14350095 0.05005253 0.03564400
v -0.14350095 0.05005253 0.03564400
v -0.10721335 0.05005253 0.03564400
v -0.10744493 0.04829349 0.03740304
v -0.09905382 0.04604510 0.03740304
v -0.10744493 0.04829349 0.03740304
v -0.10721335 0.05005253 0.03564400
v -0.10721335 0.05005253 0.03564400
v -0.09814327 0.04762222 0.03564400
v -0.09905382 0.04604510 0.03740304
v -0.09308063 0.04007191 0.03740304
v -0.09905382 0.04604510 0.03740304
v -0.09814327 0.04762222 0.03564400
v -0.09814327 0.04762222 0.03564400
v -0.09150351 0.04098246 0.03564400
v -0.09308063 0.04007191 0.03740304
v -0.09308063 0.04007191 0.03740304
v -0.09150351 0.04098246 0.03564400
v -0.08907320 0.03191238 0.03564399
v -0.08907320 0.03191238 0.03564399
v -0.09083225 0.03168080 0.03740304
v -0.09308063 0.04007191 0.03740304
v -0.09083225 0.03168080 0.03740304
v -0.08907320 0.03191238 0.03564399
v -0.08907320 -0.44464016 0.03564394
v -0.08907320 -0.44464016 0.03564394
v -0.09083225 -0.44464016 0.03740299
v -0.09083225 0.03168080 0.03740304
v -0.09083225 -0.44639918 0.03564394
v -0.15988207 -0.44639918 0.03564394
v -0.15988207 -0.44464016 0.03740299
v -0.15988207 -0.44464016 0.03740299
v -0.09083225 -0.44464016 0.03740299
v -0.09083225 -0.44639918 0.03564394
v -0.08907320 -0.44464016 0.03564394
v -0.08907320 -0.44464016 0.02860688
v -0.09083225 -0.44639918 0.02860688
v -0.09083225 -0.44639918 0.02860688
v -0.09083225 -0.44639918 0.03564394
v -0.08907320 -0.44464016 0.03564394
v -0.20117599 0.04604510 0.03740304
v -0.20026545 0.04762222 0.03564400
v -0.19362569 0.04098246 0.03564400
v -0.20933552 0.05005253 0.03564400
v -0.20026545 0.04762222 0.03564400
v -0.20117599 0.04604510 0.03740304
v -0.19362569 0.04098246 0.03564400
v -0.19520280 0.04007191 0.03740304
v -0.20117599 0.04604510 0.03740304
v -0.20117599 0.04604510 0.03740304
v -0.20956711 0.04829349 0.03740304
v -0.20933552 0.05005253 0.03564400
v -0.19520280 0.04007191 0.03740304
v -0.19362569 0.04098246 0.03564400
v -0.19119537 0.03191238 0.03564399
v -0.24562314 0.05005253 0.03564400
v -0.20933552 0.05005253 0.03564400
v -0.20956711 0.04829349 0.03740304
v -0.19119537 0.03191238 0.03564399
v -0.19295442 0.03168079 0.03740304
v -0.19520280 0.04007191 0.03740304
v -0.19295442 0.03168079 0.03740304
v -0.19119537 0.03191238 0.03564399
v -0.19119537 -0.44464016 0.03564394
v -0.19119537 -0.44464016 0.03564394
v -0.19295442 -0.44464016 0.03740299
v -0.19295442 0.03168079 0.03740304
v -0.20956711 0.04829349 0.03740304
v -0.24539155 0.04829349 0.03740304
v -0.24562314 0.05005253 0.03564400
v -0.24562314 0.05005253 0.03564400
v -0.24539155 0.04829349 0.03740304
v -0.25378266 0.04604510 0.03740304
v -0.25378266 0.04604510 0.03740304
v -0.25469321 0.04762222 0.03564400
v -0.24562314 0.05005253 0.03564400
v -0.26133299 0.04098246 0.03564400
v -0.25469321 0.04762222 0.03564400
v -0.25378266 0.04604510 0.03740304
v -0.25378266 0.04604510 0.03740304
v -0.25975585 0.04007191 0.03740304
v -0.26133299 0.04098246 0.03564400
v -0.26376331 0.03191238 0.03564399
v -0.26133299 0.04098246 0.03564400
v -0.25975585 0.04007191 0.03740304
v -0.25975585 0.04007191 0.03740304
v -0.26200423 0.03168079 0.03740304
v -0.26376331 0.03191238 0.03564399
v -0.26376331 -0.44464007 0.03564394
v -0.26376331 0.03191238 0.03564399
v -0.26200423 0.03168079 0.03740304
v -0.26200423 0.03168079 0.03740304
v -0.26200423 -0.44464007 0.03740299
v -0.26376331 -0.44464007 0.03564394
v -0.26200423 -0.44639909 0.03564394
v -0.26200423 -0.44639909 0.02860688
v -0.26376331 -0.44464007 0.02860688
v -0.26376331 -0.44464007 0.02860688
v -0.26376331 -0.44464007 0.03564394
v -0.26200423 -0.44639909 0.03564394
v -0.19295442 -0.44464016 0.03740299
v -0.19295442 -0.44639918 0.03564394
v -0.26200423 -0.44639909 0.03564394
v -0.26200423 -0.44639909 0.03564394
v -0.26200423 -0.44464007 0.03740299
v -0.19295442 -0.44464016 0.03740299
v -0.19119537 -0.44464016 0.03564394
v -0.19119537 -0.44464016 0.02860688
v -0.19295442 -0.44639918 0.02860688
v -0.19295442 -0.44639918 0.02860688
v -0.19295442 -0.44639918 0.03564394
v -0.19119537 -0.44464016 0.03564394
v 0.06097497 0.04829349 0.03740304
v 0.09679941 0.04829349 0.03740304
v 0.11341210 0.03168079 0.03740304
v 0.11116372 0.04007191 0.03740304
v 0.11341210 0.03168079 0.03740304
v 0.09679941 0.04829349 0.03740304
v 0.09679941 0.04829349 0.03740304
v 0.10519052 0.04604510 0.03740304
v 0.11116372 0.04007191 0.03740304
v 0.11341210 0.03168079 0.03740304
v 0.04436227 0.03168079 0.03740304
v 0.06097497 0.04829349 0.03740304
v 0.06097497 0.04829349 0.03740304
v 0.04436227 0.03168079 0.03740304
v 0.04661067 0.04007190 0.03740304
v 0.04661067 0.04007190 0.03740304
v 0.05258386 0.04604510 0.03740304
v 0.06097497 0.04829349 0.03740304
v 0.04436227 -0.44464016 0.03740299
v 0.04436227 0.03168079 0.03740304
v 0.11341210 0.03168079 0.03740304
v 0.11341210 0.03168079 0.03740304
v 0.11341210 -0.44464016 0.03740299
v 0.04436227 -0.44464016 0.03740299
v 0.16309716 0.04829349 0.03740304
v 0.23823227 0.04829349 0.03740304
v 0.25484496 0.03168080 0.03740304
v 0.25484496 0.03168080 0.03740304
v 0.23823227 0.04829349 0.03740304
v 0.24662340 0.04604510 0.03740304
v 0.24662340 0.04604510 0.03740304
v 0.25259659 0.04007191 0.03740304
v 0.25484496 0.03168080 0.03740304
v 0.25484496 0.03168080 0.03740304
v 0.14648445 0.03168079 0.03740304
v 0.16309716 0.04829349 0.03740304
v 0.15470605 0.04604510 0.03740304
v 0.16309716 0.04829349 0.03740304
v 0.14648445 0.03168079 0.03740304
v 0.14648445 0.03168079 0.03740304
v 0.14873284 0.04007191 0.03740304
v 0.15470605 0.04604510 0.03740304
v 0.14648445 -0.44464016 0.03740299
v 0.14648445 0.03168079 0.03740304
v 0.25484496 0.03168080 0.03740304
v 0.25484496 0.03168080 0.03740304
v 0.25484496 -0.44464064 0.03740299
v 0.14648445 -0.44464016 0.03740299
v -0.04114720 0.04829349 0.03740304
v -0.00532276 0.04829349 0.03740304
v 0.01128993 0.03168079 0.03740304
v 0.00904154 0.04007191 0.03740304
v 0.01128993 0.03168079 0.03740304
v -0.00532276 0.04829349 0.03740304
v -0.00532276 0.04829349 0.03740304
v 0.00306835 0.04604510 0.03740304
v 0.00904154 0.04007191 0.03740304
v 0.01128993 0.03168079 0.03740304
v -0.05775991 0.03168079 0.03740304
v -0.04114720 0.04829349 0.03740304
v -0.04114720 0.04829349 0.03740304
v -0.05775991 0.03168079 0.03740304
v -0.05551151 0.04007191 0.03740304
v -0.05551151 0.04007191 0.03740304
v -0.04953831 0.04604510 0.03740304
v -0.04114720 0.04829349 0.03740304
v -0.05775991 -0.44464016 0.03740299
v -0.05775991 0.03168079 0.03740304
v 0.01128993 0.03168079 0.03740304
v 0.01128993 0.03168079 0.03740304
v 0.01128993 -0.44464016 0.03740299
v -0.05775991 -0.44464016 0.03740299
v -0.14326937 0.04829349 0.03740304
v -0.10744493 0.04829349 0.03740304
v -0.09083225 0.03168080 0.03740304
v -0.09308063 0.04007191 0.03740304
v -0.09083225 0.03168080 0.03740304
v -0.10744493 0.04829349 0.03740304
v -0.10744493 0.04829349 0.03740304
v -0.09905382 0.04604510 0.03740304
v -0.09308063 0.04007191 0.03740304
v -0.09083225 0.03168080 0.03740304
v -0.15988207 0.03168079 0.03740304
v -0.14326937 0.04829349 0.03740304
v -0.15988207 0.03168079 0.03740304
v -0.09083225 0.03168080 0.03740304
v -0.09083225 -0.44464016 0.03740299
v -0.09083225 -0.44464016 0.03740299
v -0.15988207 -0.44464016 0.03740299
v -0.15988207 0.03168079 0.03740304
v -0.14326937 0.04829349 0.03740304
v -0.15988207 0.03168079 0.03740304
v -0.15763369 0.04007191 0.03740304
v -0.15763369 0.04007191 0.03740304
v -0.15166049 0.04604510 0.03740304
v -0.14326937 0.04829349 0.03740304
v -0.24539155 0.04829349 0.03740304
v -0.20956711 0.04829349 0.03740304
v -0.19295442 0.03168079 0.03740304
v -0.19295442 0.03168079 0.03740304
v -0.20956711 0.04829349 0.03740304
v -0.20117599 0.04604510 0.03740304
v -0.20117599 0.04604510 0.03740304
v -0.19520280 0.04007191 0.03740304
v -0.19295442 0.03168079 0.03740304
v -0.19295442 0.03168079 0.03740304
v -0.26200423 0.03168079 0.03740304
v -0.24539155 0.04829349 0.03740304
v -0.25378266 0.04604510 0.03740304
v -0.24539155 0.04829349 0.03740304
v -0.26200423 0.03168079 0.03740304
v -0.26200423 0.03168079 0.03740304
v -0.25975585 0.04007191 0.03740304
v -0.25378266 0.04604510 0.03740304
v -0.26200423 -0.44464007 0.03740299
v -0.26200423 0.03168079 0.03740304
v -0.19295442 0.03168079 0.03740304
v -0.19295442 0.03168079 0.03740304
v -0.19295442 -0.44464016 0.03740299
v -0.26200423 -0.44464007 0.03740299
v 0.11341210 -0.44639918 0.02860688
v 0.04436227 -0.44639918 0.02860688
v 0.04436227 -0.44639918 0.03564394
v 0.04436227 -0.44639918 0.03564394
v 0.11341210 -0.44639918 0.03564394
v 0.11341210 -0.44639918 0.02860688
v 0.11517115 0.03191238 0.02860693
v 0.11517115 -0.44464016 0.02860688
v 0.11517115 -0.44464016 0.03564394
v 0.11517115 -0.44464016 0.03564394
v 0.11517115 0.03191238 0.03564399
v 0.11517115 0.03191238 0.02860693
v 0.11517115 0.03191238 0.02860693
v 0.11517115 0.03191238 0.03564399
v 0.11274083 0.04098246 0.03564400
v 0.11274083 0.04098246 0.03564400
v 0.11274083 0.04098246 0.02860693
v 0.11517115 0.03191238 0.02860693
v 0.10610107 0.04762222 0.03564400
v 0.10610107 0.04762222 0.02860693
v 0.11274083 0.04098246 0.02860693
v 0.11274083 0.04098246 0.02860693
v 0.11274083 0.04098246 0.03564400
v 0.10610107 0.04762222 0.03564400
v 0.09703099 0.05005253 0.03564400
v 0.09703099 0.05005253 0.02860693
v 0.10610107 0.04762222 0.02860693
v 0.10610107 0.04762222 0.02860693
v 0.10610107 0.04762222 0.03564400
v 0.09703099 0.05005253 0.03564400
v 0.09703099 0.05005253 0.02860693
v 0.09703099 0.05005253 0.03564400
v 0.06074339 0.05005253 0.03564400
v 0.06074339 0.05005253 0.03564400
v 0.06074339 0.05005253 0.02860693
v 0.09703099 0.05005253 0.02860693
v 0.06074339 0.05005253 0.02860693
v 0.06074339 0.05005253 0.03564400
v 0.05167332 0.04762222 0.03564400
v 0.05167332 0.04762222 0.03564400
v 0.05167332 0.04762222 0.02860693
v 0.06074339 0.05005253 0.02860693
v 0.04503355 0.04098246 0.03564400
v 0.04503355 0.04098246 0.02860693
v 0.05167332 0.04762222 0.02860693
v 0.05167332 0.04762222 0.02860693
v 0.05167332 0.04762222 0.03564400
v 0.04503355 0.04098246 0.03564400
v 0.04503355 0.04098246 0.02860693
v 0.04503355 0.04098246 0.03564400
v 0.04260322 0.03191238 0.03564399
v 0.04260322 0.03191238 0.03564399
v 0.04260322 0.03191238 0.02860693
v 0.04503355 0.04098246 0.02860693
v 0.04260322 0.03191238 0.02860693
v 0.04260322 0.03191238 0.03564399
v 0.04260322 -0.44464016 0.03564394
v 0.04260322 -0.44464016 0.03564394
v 0.04260322 -0.44464016 0.02860688
v 0.04260322 0.03191238 0.02860693
v 0.25417370 0.04098246 0.03564400
v 0.25417370 0.04098246 0.02860693
v 0.25660402 0.03191238 0.02860693
v 0.25660402 0.03191238 0.02860693
v 0.25660402 0.03191238 0.03564399
v 0.25417370 0.04098246 0.03564400
v 0.25660402 -0.44464070 0.03564394
v 0.25660402 0.03191238 0.03564399
v 0.25660402 0.03191238 0.02860693
v 0.25660402 0.03191238 0.02860693
v 0.25660402 -0.44464070 0.02860688
v 0.25660402 -0.44464070 0.03564394
v 0.24753395 0.04762222 0.03564400
v 0.24753395 0.04762222 0.02860693
v 0.25417370 0.04098246 0.02860693
v 0.25417370 0.04098246 0.02860693
v 0.25417370 0.04098246 0.03564400
v 0.24753395 0.04762222 0.03564400
v 0.23846386 0.05005253 0.03564400
v 0.23846386 0.05005253 0.02860693
v 0.24753395 0.04762222 0.02860693
v 0.24753395 0.04762222 0.02860693
v 0.24753395 0.04762222 0.03564400
v 0.23846386 0.05005253 0.03564400
v 0.23846386 0.05005253 0.02860693
v 0.23846386 0.05005253 0.03564400
v 0.16286556 0.05005253 0.03564400
v 0.16286556 0.05005253 0.03564400
v 0.16286556 0.05005253 0.02860693
v 0.23846386 0.05005253 0.02860693
v 0.16286556 0.05005253 0.02860693
v 0.16286556 0.05005253 0.03564400
v 0.15379550 0.04762222 0.03564400
v 0.15379550 0.04762222 0.03564400
v 0.15379550 0.04762222 0.02860693
v 0.16286556 0.05005253 0.02860693
v 0.14715573 0.04098246 0.03564400
v 0.14715573 0.04098246 0.02860693
v 0.15379550 0.04762222 0.02860693
v 0.15379550 0.04762222 0.02860693
v 0.15379550 0.04762222 0.03564400
v 0.14715573 0.04098246 0.03564400
v 0.14715573 0.04098246 0.02860693
v 0.14715573 0.04098246 0.03564400
v 0.14472540 0.03191238 0.03564399
v 0.14472540 0.03191238 0.03564399
v 0.14472540 0.03191238 0.02860693
v 0.14715573 0.04098246 0.02860693
v 0.14472540 0.03191238 0.02860693
v 0.14472540 0.03191238 0.03564399
v 0.14472540 -0.44464016 0.03564394
v 0.14472540 -0.44464016 0.03564394
v 0.14472540 -0.44464016 0.02860688
v 0.14472540 0.03191238 0.02860693
v 0.25484496 -0.44639972 0.02860688
v 0.14648445 -0.44639918 0.02860688
v 0.14648445 -0.44639918 0.03564394
v 0.14648445 -0.44639918 0.03564394
v 0.25484496 -0.44639972 0.03564394
v 0.25484496 -0.44639972 0.02860688
v 0.01128993 -0.44639918 0.02860688
v -0.05775991 -0.44639918 0.02860688
v -0.05775991 -0.44639918 0.03564394
v -0.05775991 -0.44639918 0.03564394
v 0.01128993 -0.44639918 0.03564394
v 0.01128993 -0.44639918 0.02860688
v 0.01304897 0.03191238 0.02860693
v 0.01304897 -0.44464016 0.02860688
v 0.01304897 -0.44464016 0.03564394
v 0.01304897 -0.44464016 0.03564394
v 0.01304897 0.03191238 0.03564399
v 0.01304897 0.03191238 0.02860693
v 0.01304897 0.03191238 0.02860693
v 0.01304897 0.03191238 0.03564399
v 0.01061866 0.04098246 0.03564400
v 0.01061866 0.04098246 0.03564400
v 0.01061866 0.04098246 0.02860693
v 0.01304897 0.03191238 0.02860693
v 0.00397890 0.04762222 0.03564400
v 0.00397890 0.04762222 0.02860693
v 0.01061866 0.04098246 0.02860693
v 0.01061866 0.04098246 0.02860693
v 0.01061866 0.04098246 0.03564400
v 0.00397890 0.04762222 0.03564400
v -0.00509118 0.05005253 0.03564400
v -0.00509118 0.05005253 0.02860693
v 0.00397890 0.04762222 0.02860693
v 0.00397890 0.04762222 0.02860693
v 0.00397890 0.04762222 0.03564400
v -0.00509118 0.05005253 0.03564400
v -0.00509118 0.05005253 0.02860693
v -0.00509118 0.05005253 0.03564400
v -0.04137878 0.05005253 0.03564400
v -0.04137878 0.05005253 0.03564400
v -0.04137878 0.05005253 0.02860693
v -0.00509118 0.05005253 0.02860693
v -0.04137878 0.05005253 0.02860693
v -0.04137878 0.05005253 0.03564400
v -0.05044886 0.04762222 0.03564400
v -0.05044886 0.04762222 0.03564400
v -0.05044886 0.04762222 0.02860693
v -0.04137878 0.05005253 0.02860693
v -0.05708862 0.04098246 0.03564400
v -0.05708862 0.04098246 0.02860693
v -0.05044886 0.04762222 0.02860693
v -0.05044886 0.04762222 0.02860693
v -0.05044886 0.04762222 0.03564400
v -0.05708862 0.04098246 0.03564400
v -0.05708862 0.04098246 0.02860693
v -0.05708862 0.04098246 0.03564400
v -0.05951895 0.03191238 0.03564399
v -0.05951895 0.03191238 0.03564399
v -0.05951895 0.03191238 0.02860693
v -0.05708862 0.04098246 0.02860693
v -0.05951895 0.03191238 0.02860693
v -0.05951895 0.03191238 0.03564399
v -0.05951895 -0.44464016 0.03564394
v -0.05951895 -0.44464016 0.03564394
v -0.05951895 -0.44464016 0.02860688
v -0.05951895 0.03191238 0.02860693
v -0.09083225 -0.44639918 0.02860688
v -0.15988207 -0.44639918 0.02860688
v -0.15988207 -0.44639918 0.03564394
v -0.15988207 -0.44639918 0.03564394
v -0.09083225 -0.44639918 0.03564394
v -0.09083225 -0.44639918 0.02860688
v -0.08907320 0.03191238 0.02860693
v -0.08907320 -0.44464016 0.02860688
v -0.08907320 -0.44464016 0.03564394
v -0.08907320 -0.44464016 0.03564394
v -0.08907320 0.03191238 0.03564399
v -0.08907320 0.03191238 0.02860693
v -0.08907320 0.03191238 0.02860693
v -0.08907320 0.03191238 0.03564399
v -0.09150351 0.04098246 0.03564400
v -0.09150351 0.04098246 0.03564400
v -0.09150351 0.04098246 0.02860693
v -0.08907320 0.03191238 0.02860693
v -0.09814327 0.04762222 0.03564400
v -0.09814327 0.04762222 0.02860693
v -0.09150351 0.04098246 0.02860693
v -0.09150351 0.04098246 0.02860693
v -0.09150351 0.04098246 0.03564400
v -0.09814327 0.04762222 0.03564400
v -0.10721335 0.05005253 0.03564400
v -0.10721335 0.05005253 0.02860693
v -0.09814327 0.04762222 0.02860693
v -0.09814327 0.04762222 0.02860693
v -0.09814327 0.04762222 0.03564400
v -0.10721335 0.05005253 0.03564400
v -0.10721335 0.05005253 0.02860693
v -0.10721335 0.05005253 0.03564400
v -0.14350095 0.05005253 0.03564400
v -0.14350095 0.05005253 0.03564400
v -0.14350095 0.05005253 0.02860693
v -0.10721335 0.05005253 0.02860693
v -0.14350095 0.05005253 0.02860693
v -0.14350095 0.05005253 0.03564400
v -0.15257104 0.04762222 0.03564400
v -0.15257104 0.04762222 0.03564400
v -0.15257104 0.04762222 0.02860693
v -0.14350095 0.05005253 0.02860693
v -0.15921080 0.04098246 0.03564400
v -0.15921080 0.04098246 0.02860693
v -0.15257104 0.04762222 0.02860693
v -0.15257104 0.04762222 0.02860693
v -0.15257104 0.04762222 0.03564400
v -0.15921080 0.04098246 0.03564400
v -0.16164112 0.03191238 0.03564399
v -0.16164112 0.03191238 0.02860693
v -0.15921080 0.04098246 0.02860693
v -0.15921080 0.04098246 0.02860693
v -0.15921080 0.04098246 0.03564400
v -0.16164112 0.03191238 0.03564399
v -0.16164112 0.03191238 0.02860693
v -0.16164112 0.03191238 0.03564399
v -0.16164112 -0.44464016 0.03564394
v -0.16164112 -0.44464016 0.03564394
v -0.16164112 -0.44464016 0.02860688
v -0.16164112 0.03191238 0.02860693
v -0.19362569 0.04098246 0.03564400
v -0.19362569 0.04098246 0.02860693
v -0.19119537 0.03191238 0.02860693
v -0.19119537 0.03191238 0.02860693
v -0.19119537 0.03191238 0.03564399
v -0.19362569 0.04098246 0.03564400
v -0.19119537 -0.44464016 0.03564394
v -0.19119537 0.03191238 0.03564399
v -0.19119537 0.03191238 0.02860693
v -0.19119537 0.03191238 0.02860693
v -0.19119537 -0.44464016 0.02860688
v -0.19119537 -0.44464016 0.03564394
v -0.20026545 0.04762222 0.03564400
v -0.20026545 0.04762222 0.02860693
v -0.19362569 0.04098246 0.02860693
v -0.19362569 0.04098246 0.02860693
v -0.19362569 0.04098246 0.03564400
v -0.20026545 0.04762222 0.03564400
v -0.20933552 0.05005253 0.03564400
v -0.20933552 0.05005253 0.02860693
v -0.20026545 0.04762222 0.02860693
v -0.20026545 0.04762222 0.02860693
v -0.20026545 0.04762222 0.03564400
v -0.20933552 0.05005253 0.03564400
v -0.20933552 0.05005253 0.02860693
v -0.20933552 0.05005253 0.03564400
v -0.24562314 0.05005253 0.03564400
v -0.24562314 0.05005253 0.03564400
v -0.24562314 0.05005253 0.02860693
v -0.20933552 0.05005253 0.02860693
v -0.24562314 0.05005253 0.02860693
v -0.24562314 0.05005253 0.03564400
v -0.25469321 0.04762222 0.03564400
v -0.25469321 0.04762222 0.03564400
v -0.25469321 0.04762222 0.02860693
v -0.24562314 0.05005253 0.02860693
v -0.26133299 0.04098246 0.03564400
v -0.26133299 0.04098246 0.02860693
v -0.25469321 0.04762222 0.02860693
v -0.25469321 0.04762222 0.02860693
v -0.25469321 0.04762222 0.03564400
v -0.26133299 0.04098246 0.03564400
v -0.26376331 0.03191238 0.03564399
v -0.26376331 0.03191238 0.02860693
v -0.26133299 0.04098246 0.02860693
v -0.26133299 0.04098246 0.02860693
v -0.26133299 0.04098246 0.03564400
v -0.26376331 0.03191238 0.03564399
v -0.26376331 0.03191238 0.02860693
v -0.26376331 0.03191238 0.03564399
v -0.26376331 -0.44464007 0.03564394
v -0.26376331 -0.44464007 0.03564394
v -0.26376331 -0.44464007 0.02860688
v -0.26376331 0.03191238 0.02860693
v -0.19295442 -0.44639918 0.02860688
v -0.26200423 -0.44639909 0.02860688
v -0.26200423 -0.44639909 0.03564394
v -0.26200423 -0.44639909 0.03564394
v -0.19295442 -0.44639918 0.03564394
v -0.19295442 -0.44639918 0.02860688
v 0.04436227 -0.44464016 0.03740299
v 0.04436227 -0.44639918 0.03564394
v 0.04260322 -0.44464016 0.03564394
v 0.11517115 -0.44464016 0.03564394
v 0.11341210 -0.44639918 0.03564394
v 0.11341210 -0.44464016 0.03740299
v 0.14648445 -0.44639918 0.03564394
v 0.14472540 -0.44464016 0.03564394
v 0.14648445 -0.44464016 0.03740299
v 0.25660402 -0.44464070 0.03564394
v 0.25484496 -0.44639972 0.03564394
v 0.25484496 -0.44464064 0.03740299
v -0.05775991 -0.44464016 0.03740299
v -0.05775991 -0.44639918 0.03564394
v -0.05951895 -0.44464016 0.03564394
v 0.01304897 -0.44464016 0.03564394
v 0.01128993 -0.44639918 0.03564394
v 0.01128993 -0.44464016 0.03740299
v -0.15988207 -0.44464016 0.03740299
v -0.15988207 -0.44639918 0.03564394
v -0.16164112 -0.44464016 0.03564394
v -0.08907320 -0.44464016 0.03564394
v -0.09083225 -0.44639918 0.03564394
v -0.09083225 -0.44464016 0.03740299
v -0.26200423 -0.44639909 0.03564394
v -0.26376331 -0.44464007 0.03564394
v -0.26200423 -0.44464007 0.03740299
v -0.19119537 -0.44464016 0.03564394
v -0.19295442 -0.44639918 0.03564394
v -0.19295442 -0.44464016 0.03740299
vt 0.25458962 0.82380962
vt 0.29880908 0.82380378
vt 0.29879364 0.70808631
vt 0.29879364 0.70808631
vt 0.25457415 0.70809221
vt 0.25458962 0.82380962
vt 0.29880908 0.82380378
vt 0.25458962 0.82380962
vt 0.25460494 0.94020689
vt 0.25457415 0.70809221
vt 0.29879364 0.70808631
vt 0.29878339 0.63141304
vt 0.29878339 0.63141304
vt 0.25456402 0.63141888
vt 0.25457415 0.70809221
vt 0.25456402 0.63141888
vt 0.29878339 0.63141304
vt 0.29878184 0.61896461
vt 0.29878184 0.61896461
vt 0.25456223 0.61897051
vt 0.25456402 0.63141888
vt 0.25460494 0.94020689
vt 0.29882455 0.94020104
vt 0.29880908 0.82380378
vt 0.29882455 0.94020104
vt 0.25460494 0.94020689
vt 0.26566017 0.95125926
vt 0.26566017 0.95125926
vt 0.25460494 0.94020689
vt 0.25608659 0.94573361
vt 0.25608659 0.94573361
vt 0.26013318 0.94977909
vt 0.26566017 0.95125926
vt 0.26566017 0.95125926
vt 0.28777230 0.95125633
vt 0.29882455 0.94020104
vt 0.29734445 0.94572812
vt 0.29882455 0.94020104
vt 0.28777230 0.95125633
vt 0.28777230 0.95125633
vt 0.29329896 0.94977468
vt 0.29734445 0.94572812
vt 0.37624034 0.70723081
vt 0.37700304 0.82294571
vt 0.44517514 0.82249641
vt 0.44517514 0.82249641
vt 0.37700304 0.82294571
vt 0.37777030 0.93934053
vt 0.44517514 0.82249641
vt 0.44441244 0.70678139
vt 0.37624034 0.70723081
vt 0.37573493 0.63055927
vt 0.37624034 0.70723081
vt 0.44441244 0.70678139
vt 0.44441244 0.70678139
vt 0.44390714 0.63011003
vt 0.37573493 0.63055927
vt 0.37573493 0.63055927
vt 0.44390714 0.63011003
vt 0.44382653 0.61787766
vt 0.44382653 0.61787766
vt 0.37565297 0.61811113
vt 0.37573493 0.63055927
vt 0.37777030 0.93934053
vt 0.44594240 0.93889117
vt 0.44517514 0.82249641
vt 0.44594240 0.93889117
vt 0.37777030 0.93934053
vt 0.38889650 0.95032120
vt 0.38889650 0.95032120
vt 0.37777030 0.93934053
vt 0.37928748 0.94485748
vt 0.37928748 0.94485748
vt 0.38336015 0.94887674
vt 0.38889650 0.95032120
vt 0.38889650 0.95032120
vt 0.43496174 0.95001751
vt 0.44594240 0.93889117
vt 0.44594240 0.93889117
vt 0.43496174 0.95001751
vt 0.44047877 0.94850022
vt 0.44047877 0.94850022
vt 0.44449794 0.94442761
vt 0.44594240 0.93889117
vt 0.10786408 0.82399422
vt 0.10786527 0.70827681
vt 0.06364584 0.70827627
vt 0.06364673 0.63160294
vt 0.06364584 0.70827627
vt 0.10786527 0.70827681
vt 0.06364584 0.70827627
vt 0.06364453 0.82399368
vt 0.10786408 0.82399422
vt 0.10786527 0.70827681
vt 0.10786623 0.63160348
vt 0.06364673 0.63160294
vt 0.06364691 0.61915463
vt 0.06364673 0.63160294
vt 0.10786623 0.63160348
vt 0.10786623 0.63160348
vt 0.10786641 0.61915517
vt 0.06364691 0.61915463
vt 0.10786265 0.94039154
vt 0.10786408 0.82399422
vt 0.06364453 0.82399368
vt 0.06364453 0.82399368
vt 0.06364316 0.94039100
vt 0.10786265 0.94039154
vt 0.10786265 0.94039154
vt 0.06364316 0.94039100
vt 0.07469672 0.95144486
vt 0.07469672 0.95144486
vt 0.06364316 0.94039100
vt 0.06512398 0.94591796
vt 0.06512398 0.94591796
vt 0.06916988 0.94996399
vt 0.07469672 0.95144486
vt 0.07469672 0.95144486
vt 0.09680873 0.95144516
vt 0.10786265 0.94039154
vt 0.10638160 0.94591850
vt 0.10786265 0.94039154
vt 0.09680873 0.95144516
vt 0.09680873 0.95144516
vt 0.10233563 0.94996434
vt 0.10638160 0.94591850
vt 0.05202836 0.82344127
vt 0.05200654 0.70772392
vt 0.00778687 0.70773232
vt 0.00777245 0.63105905
vt 0.00778687 0.70773232
vt 0.05200654 0.70772392
vt 0.00778687 0.70773232
vt 0.00780892 0.82344967
vt 0.05202836 0.82344127
vt 0.05200654 0.70772392
vt 0.05199194 0.63105071
vt 0.00777245 0.63105905
vt 0.00777012 0.61861068
vt 0.00777245 0.63105905
vt 0.05199194 0.63105071
vt 0.05199194 0.63105071
vt 0.05198973 0.61860228
vt 0.00777012 0.61861068
vt 0.05205035 0.93983865
vt 0.05202836 0.82344127
vt 0.00780892 0.82344967
vt 0.00780892 0.82344967
vt 0.00783092 0.93984687
vt 0.05205035 0.93983865
vt 0.00783092 0.93984687
vt 0.00931281 0.94537354
vt 0.01335961 0.94941872
vt 0.01335961 0.94941872
vt 0.01888669 0.95089865
vt 0.00783092 0.93984687
vt 0.05205035 0.93983865
vt 0.00783092 0.93984687
vt 0.01888669 0.95089865
vt 0.01888669 0.95089865
vt 0.04099864 0.95089447
vt 0.05205035 0.93983865
vt 0.05205035 0.93983865
vt 0.04099864 0.95089447
vt 0.04652536 0.94941247
vt 0.04652536 0.94941247
vt 0.05057055 0.94536567
vt 0.05205035 0.93983865
vt 0.68204564 0.01388574
vt 0.67308950 0.00492954
vt 0.67308950 0.06888551
vt 0.67756724 0.00612944
vt 0.67308950 0.00492954
vt 0.68204564 0.01388574
vt 0.68204564 0.01388574
vt 0.68084562 0.00940764
vt 0.67756724 0.00612944
vt 0.67308950 0.06888551
vt 0.68204564 0.05992931
vt 0.68204564 0.01388574
vt 0.68084562 0.06440741
vt 0.68204564 0.05992931
vt 0.67308950 0.06888551
vt 0.67308950 0.06888551
vt 0.67756724 0.06768560
vt 0.68084562 0.06440741
vt 0.65678722 0.06888551
vt 0.67308950 0.06888551
vt 0.67308950 0.00492954
vt 0.67308950 0.00492954
vt 0.65678722 0.00492954
vt 0.65678722 0.06888551
vt 0.59752673 0.01175570
vt 0.59625322 0.01623452
vt 0.60538906 0.00732648
vt 0.60538906 0.00732648
vt 0.60086757 0.00849622
vt 0.59752673 0.01175570
vt 0.59638137 0.05735809
vt 0.60721183 0.04971075
vt 0.59625322 0.01623452
vt 0.60721183 0.04971075
vt 0.61489022 0.03967470
vt 0.59625322 0.01623452
vt 0.61489022 0.03967470
vt 0.61978626 0.02797723
vt 0.59625322 0.01623452
vt 0.60538906 0.00732648
vt 0.59625322 0.01623452
vt 0.61978626 0.02797723
vt 0.61978626 0.02797723
vt 0.62167233 0.01525271
vt 0.60538906 0.00732648
vt 0.60538906 0.00732648
vt 0.62167233 0.01525271
vt 0.62187105 0.00762957
vt 0.49672896 0.71045959
vt 0.45250949 0.71038944
vt 0.45232591 0.82610679
vt 0.45263106 0.63371640
vt 0.45250949 0.71038944
vt 0.49672896 0.71045959
vt 0.45232591 0.82610679
vt 0.49654540 0.82617718
vt 0.49672896 0.71045959
vt 0.49672896 0.71045959
vt 0.49685058 0.63378656
vt 0.45263106 0.63371640
vt 0.45264882 0.62256008
vt 0.45263106 0.63371640
vt 0.49685058 0.63378656
vt 0.49685058 0.63378656
vt 0.49687019 0.62134963
vt 0.45264882 0.62256008
vt 0.49654540 0.82617718
vt 0.45232591 0.82610679
vt 0.45214137 0.94250393
vt 0.45214137 0.94250393
vt 0.49636078 0.94257396
vt 0.49654540 0.82617718
vt 0.45214137 0.94250393
vt 0.45361355 0.94803309
vt 0.45765308 0.95208549
vt 0.45765308 0.95208549
vt 0.46317759 0.95357507
vt 0.45214137 0.94250393
vt 0.49636078 0.94257396
vt 0.45214137 0.94250393
vt 0.46317759 0.95357507
vt 0.46317759 0.95357507
vt 0.48528957 0.95361024
vt 0.49636078 0.94257396
vt 0.49636078 0.94257396
vt 0.48528957 0.95361024
vt 0.49081877 0.95213807
vt 0.49081877 0.95213807
vt 0.49487120 0.94809848
vt 0.49636078 0.94257396
vt 0.59670168 0.50824308
vt 0.58239877 0.35988069
vt 0.52017027 0.35987145
vt 0.56936449 0.34091568
vt 0.58239877 0.35988069
vt 0.57450497 0.33577669
vt 0.56272310 0.34269416
vt 0.58239877 0.35988069
vt 0.56936449 0.34091568
vt 0.57450497 0.33577669
vt 0.58239877 0.35988069
vt 0.57628542 0.32913589
vt 0.58239877 0.35988069
vt 0.56272310 0.34269416
vt 0.53985113 0.34269077
vt 0.53985113 0.34269077
vt 0.52017027 0.35987145
vt 0.58239877 0.35988069
vt 0.53321034 0.34091032
vt 0.52017027 0.35987145
vt 0.53985113 0.34269077
vt 0.52807134 0.33576977
vt 0.52017027 0.35987145
vt 0.53321034 0.34091032
vt 0.52629286 0.32912844
vt 0.52017027 0.35987145
vt 0.52807134 0.33576977
vt 0.57628542 0.32913589
vt 0.58239877 0.35988069
vt 0.58242071 0.21235973
vt 0.58242071 0.21235973
vt 0.57630283 0.21235871
vt 0.57628542 0.32913589
vt 0.57630283 0.21235871
vt 0.58242071 0.21235973
vt 0.58243799 0.09664208
vt 0.58243799 0.09664208
vt 0.57632005 0.09664124
vt 0.57630283 0.21235871
vt 0.57633126 0.02117234
vt 0.57632005 0.09664124
vt 0.58243799 0.09664208
vt 0.58243799 0.09664208
vt 0.58242071 0.21235973
vt 0.58853877 0.21236050
vt 0.58852136 0.32913774
vt 0.58853877 0.21236050
vt 0.58242071 0.21235973
vt 0.58242071 0.21235973
vt 0.58239877 0.35988069
vt 0.58852136 0.32913774
vt 0.58853877 0.21236050
vt 0.58855599 0.09664309
vt 0.58243799 0.09664208
vt 0.58243799 0.09664208
vt 0.58855599 0.09664309
vt 0.58856720 0.02117413
vt 0.58852136 0.32913774
vt 0.58239877 0.35988069
vt 0.59029984 0.33577901
vt 0.59029984 0.33577901
vt 0.58239877 0.35988069
vt 0.59543884 0.34091961
vt 0.59543884 0.34091961
vt 0.58239877 0.35988069
vt 0.60207963 0.34270000
vt 0.58856720 0.02117413
vt 0.58244926 0.02117324
vt 0.58243799 0.09664208
vt 0.58243799 0.09664208
vt 0.58244926 0.02117324
vt 0.57633126 0.02117234
vt 0.58244926 0.02117324
vt 0.58856720 0.02117413
vt 0.58856755 0.01880860
vt 0.60207963 0.34270000
vt 0.58239877 0.35988069
vt 0.64462727 0.35988998
vt 0.57633126 0.02117234
vt 0.58244926 0.02117324
vt 0.58244962 0.01880771
vt 0.58856755 0.01880860
vt 0.58244962 0.01880771
vt 0.58244926 0.02117324
vt 0.58244962 0.01880771
vt 0.57633162 0.01880682
vt 0.57633126 0.02117234
vt 0.58245170 0.00493967
vt 0.58244962 0.01880771
vt 0.58856755 0.01880860
vt 0.57633162 0.01880682
vt 0.58244962 0.01880771
vt 0.58245170 0.00493967
vt 0.58856755 0.01880860
vt 0.58856964 0.00494063
vt 0.58245170 0.00493967
vt 0.58245170 0.00493967
vt 0.57633370 0.00493878
vt 0.57633162 0.01880682
vt 0.64462727 0.35988998
vt 0.62495166 0.34270346
vt 0.60207963 0.34270000
vt 0.62495166 0.34270346
vt 0.64462727 0.35988998
vt 0.63159293 0.34092498
vt 0.63159293 0.34092498
vt 0.64462727 0.35988998
vt 0.63673347 0.33578598
vt 0.63673347 0.33578598
vt 0.64462727 0.35988998
vt 0.63851398 0.32914519
vt 0.59670168 0.50824308
vt 0.64462727 0.35988998
vt 0.58239877 0.35988069
vt 0.63851398 0.32914519
vt 0.64462727 0.35988998
vt 0.64464927 0.21236897
vt 0.64464927 0.21236897
vt 0.63853133 0.21236795
vt 0.63851398 0.32914519
vt 0.64464927 0.21236897
vt 0.64462727 0.35988998
vt 0.65074986 0.32914698
vt 0.65074986 0.32914698
vt 0.65076727 0.21236980
vt 0.64464927 0.21236897
vt 0.65074986 0.32914698
vt 0.64462727 0.35988998
vt 0.65252841 0.33578825
vt 0.65252841 0.33578825
vt 0.64462727 0.35988998
vt 0.65766740 0.34092885
vt 0.65766740 0.34092885
vt 0.64462727 0.35988998
vt 0.66430813 0.34270930
vt 0.68718016 0.34271270
vt 0.66430813 0.34270930
vt 0.64462727 0.35988998
vt 0.63853133 0.21236795
vt 0.64464927 0.21236897
vt 0.64466649 0.09665138
vt 0.64466649 0.09665138
vt 0.64464927 0.21236897
vt 0.65076727 0.21236980
vt 0.64466649 0.09665138
vt 0.63854855 0.09665054
vt 0.63853133 0.21236795
vt 0.65076727 0.21236980
vt 0.65078449 0.09665233
vt 0.64466649 0.09665138
vt 0.63855982 0.02118158
vt 0.63854855 0.09665054
vt 0.64466649 0.09665138
vt 0.64466649 0.09665138
vt 0.65078449 0.09665233
vt 0.65079576 0.02118343
vt 0.64462727 0.35988998
vt 0.70685595 0.35989922
vt 0.68718016 0.34271270
vt 0.68718016 0.34271270
vt 0.70685595 0.35989922
vt 0.69382143 0.34093422
vt 0.69382143 0.34093422
vt 0.70685595 0.35989922
vt 0.69896203 0.33579522
vt 0.65079576 0.02118343
vt 0.64467776 0.02118254
vt 0.64466649 0.09665138
vt 0.64466649 0.09665138
vt 0.64467776 0.02118254
vt 0.63855982 0.02118158
vt 0.64467776 0.02118254
vt 0.65079576 0.02118343
vt 0.65079612 0.01881790
vt 0.63855982 0.02118158
vt 0.64467776 0.02118254
vt 0.64467812 0.01881701
vt 0.65079612 0.01881790
vt 0.64467812 0.01881701
vt 0.64467776 0.02118254
vt 0.64467812 0.01881701
vt 0.63856012 0.01881605
vt 0.63855982 0.02118158
vt 0.64467812 0.01881701
vt 0.65079612 0.01881790
vt 0.65079814 0.00494987
vt 0.63856220 0.00494802
vt 0.63856012 0.01881605
vt 0.64467812 0.01881701
vt 0.65079814 0.00494987
vt 0.64468014 0.00494897
vt 0.64467812 0.01881701
vt 0.64467812 0.01881701
vt 0.64468014 0.00494897
vt 0.63856220 0.00494802
vt 0.69896203 0.33579522
vt 0.70685595 0.35989922
vt 0.70074248 0.32915449
vt 0.70074248 0.32915449
vt 0.70685595 0.35989922
vt 0.70687783 0.21237826
vt 0.70687783 0.21237826
vt 0.70075983 0.21237719
vt 0.70074248 0.32915449
vt 0.70075983 0.21237719
vt 0.70687783 0.21237826
vt 0.70689505 0.09666061
vt 0.70689505 0.09666061
vt 0.70077705 0.09665978
vt 0.70075983 0.21237719
vt 0.70078832 0.02119088
vt 0.70077705 0.09665978
vt 0.70689505 0.09666061
vt 0.70689505 0.09666061
vt 0.70687783 0.21237826
vt 0.71299583 0.21237904
vt 0.71297836 0.32915628
vt 0.71299583 0.21237904
vt 0.70687783 0.21237826
vt 0.70687783 0.21237826
vt 0.70685595 0.35989922
vt 0.71297836 0.32915628
vt 0.71299583 0.21237904
vt 0.71301305 0.09666157
vt 0.70689505 0.09666061
vt 0.71297836 0.32915628
vt 0.70685595 0.35989922
vt 0.71475691 0.33579755
vt 0.70689505 0.09666061
vt 0.71301305 0.09666157
vt 0.71302420 0.02119267
vt 0.71475691 0.33579755
vt 0.70685595 0.35989922
vt 0.71989590 0.34093809
vt 0.71989590 0.34093809
vt 0.70685595 0.35989922
vt 0.72653663 0.34271854
vt 0.77336282 0.34272552
vt 0.72653663 0.34271854
vt 0.70685595 0.35989922
vt 0.71302420 0.02119267
vt 0.70690626 0.02119178
vt 0.70689505 0.09666061
vt 0.70689505 0.09666061
vt 0.70690626 0.02119178
vt 0.70078832 0.02119088
vt 0.70690626 0.02119178
vt 0.71302420 0.02119267
vt 0.71302462 0.01882714
vt 0.70078832 0.02119088
vt 0.70690626 0.02119178
vt 0.70690662 0.01882625
vt 0.71302462 0.01882714
vt 0.70690662 0.01882625
vt 0.70690626 0.02119178
vt 0.70690662 0.01882625
vt 0.70078862 0.01882535
vt 0.70078832 0.02119088
vt 0.70690662 0.01882625
vt 0.71302462 0.01882714
vt 0.71302664 0.00495911
vt 0.70079070 0.00495732
vt 0.70078862 0.01882535
vt 0.70690662 0.01882625
vt 0.71302664 0.00495911
vt 0.70690870 0.00495821
vt 0.70690662 0.01882625
vt 0.70690662 0.01882625
vt 0.70690870 0.00495821
vt 0.70079070 0.00495732
vt 0.70685595 0.35989922
vt 0.81461447 0.35991526
vt 0.77336282 0.34272552
vt 0.78000408 0.34094703
vt 0.77336282 0.34272552
vt 0.81461447 0.35991526
vt 0.78514457 0.33580804
vt 0.78000408 0.34094703
vt 0.81461447 0.35991526
vt 0.78692800 0.32916760
vt 0.78514457 0.33580804
vt 0.81461447 0.35991526
vt 0.78692800 0.32916760
vt 0.81461447 0.35991526
vt 0.81465131 0.21239382
vt 0.81465131 0.21239382
vt 0.78695726 0.21239001
vt 0.78692800 0.32916760
vt 0.78698826 0.09667212
vt 0.78695726 0.21239001
vt 0.81465131 0.21239382
vt 0.81465131 0.21239382
vt 0.81467927 0.09667778
vt 0.78698826 0.09667212
vt 0.78700864 0.02000612
vt 0.78698826 0.09667212
vt 0.81467927 0.09667778
vt 0.81467927 0.09667778
vt 0.81462240 0.01994777
vt 0.78700864 0.02000612
vt 0.78700864 0.02000612
vt 0.81462240 0.01994777
vt 0.80795801 0.01302522
vt 0.79602396 0.00768799
vt 0.78700864 0.02000612
vt 0.80795801 0.01302522
vt 0.78704858 0.00639713
vt 0.78700864 0.02000612
vt 0.79602396 0.00768799
vt 0.59670168 0.50824308
vt 0.81461447 0.35991526
vt 0.70685595 0.35989922
vt 0.59670168 0.50824308
vt 0.70685595 0.35989922
vt 0.64462727 0.35988998
vt 0.59670168 0.50824308
vt 0.81462204 0.56157440
vt 0.81461447 0.35991526
vt 0.81462204 0.56157440
vt 0.59670168 0.50824308
vt 0.81297576 0.59892333
vt 0.81297576 0.59892333
vt 0.81458098 0.59765810
vt 0.81462204 0.56157440
vt 0.81304133 0.60077482
vt 0.81458098 0.59765810
vt 0.81297576 0.59892333
vt 0.80775511 0.60482967
vt 0.81304133 0.60077482
vt 0.81297576 0.59892333
vt 0.81297576 0.59892333
vt 0.59670168 0.50824308
vt 0.80775511 0.60482967
vt 0.59670168 0.50824308
vt 0.79588056 0.60974634
vt 0.80775511 0.60482967
vt 0.59670168 0.50824308
vt 0.78296936 0.61144412
vt 0.79588056 0.60974634
vt 0.59670168 0.50824308
vt 0.47229850 0.61139786
vt 0.78296936 0.61144412
vt 0.59670168 0.50824308
vt 0.45938787 0.60969621
vt 0.47229850 0.61139786
vt 0.59670168 0.50824308
vt 0.44751474 0.60477614
vt 0.45938787 0.60969621
vt 0.59670168 0.50824308
vt 0.43731958 0.59695071
vt 0.44751474 0.60477614
vt 0.59670168 0.50824308
vt 0.42949721 0.58675319
vt 0.43731958 0.59695071
vt 0.59670168 0.50824308
vt 0.42458063 0.57487857
vt 0.42949721 0.58675319
vt 0.59670168 0.50824308
vt 0.42288283 0.56196749
vt 0.42458063 0.57487857
vt 0.59670168 0.50824308
vt 0.42291293 0.35985696
vt 0.42288283 0.56196749
vt 0.59670168 0.50824308
vt 0.52017027 0.35987145
vt 0.42291293 0.35985696
vt 0.50713593 0.34090644
vt 0.52017027 0.35987145
vt 0.51227647 0.33576739
vt 0.50049466 0.34268486
vt 0.52017027 0.35987145
vt 0.50713593 0.34090644
vt 0.51227647 0.33576739
vt 0.52017027 0.35987145
vt 0.51405692 0.32912666
vt 0.52017027 0.35987145
vt 0.50049466 0.34268486
vt 0.47762263 0.34268153
vt 0.47762263 0.34268153
vt 0.42291293 0.35985696
vt 0.52017027 0.35987145
vt 0.47098184 0.34090102
vt 0.42291293 0.35985696
vt 0.47762263 0.34268153
vt 0.46584284 0.33576047
vt 0.42291293 0.35985696
vt 0.47098184 0.34090102
vt 0.46406436 0.32911921
vt 0.42291293 0.35985696
vt 0.46584284 0.33576047
vt 0.42293486 0.21233594
vt 0.42291293 0.35985696
vt 0.46406436 0.32911921
vt 0.51405692 0.32912666
vt 0.52017027 0.35987145
vt 0.52019227 0.21235049
vt 0.46406436 0.32911921
vt 0.46408173 0.21234202
vt 0.42293486 0.21233594
vt 0.52019227 0.21235049
vt 0.51407433 0.21234965
vt 0.51405692 0.32912666
vt 0.52019227 0.21235049
vt 0.52017027 0.35987145
vt 0.52629286 0.32912844
vt 0.51409155 0.09663194
vt 0.51407433 0.21234965
vt 0.52019227 0.21235049
vt 0.52629286 0.32912844
vt 0.52631027 0.21235126
vt 0.52019227 0.21235049
vt 0.52019227 0.21235049
vt 0.52020949 0.09663284
vt 0.51409155 0.09663194
vt 0.52020949 0.09663284
vt 0.52019227 0.21235049
vt 0.52631027 0.21235126
vt 0.52631027 0.21235126
vt 0.52632749 0.09663379
vt 0.52020949 0.09663284
vt 0.51410276 0.02116305
vt 0.51409155 0.09663194
vt 0.52020949 0.09663284
vt 0.52020949 0.09663284
vt 0.52632749 0.09663379
vt 0.52633870 0.02116489
vt 0.52633870 0.02116489
vt 0.52022076 0.02116400
vt 0.52020949 0.09663284
vt 0.52020949 0.09663284
vt 0.52022076 0.02116400
vt 0.51410276 0.02116305
vt 0.52022076 0.02116400
vt 0.52633870 0.02116489
vt 0.52633905 0.01879936
vt 0.51410276 0.02116305
vt 0.52022076 0.02116400
vt 0.52022111 0.01879847
vt 0.52633905 0.01879936
vt 0.52022111 0.01879847
vt 0.52022076 0.02116400
vt 0.52022111 0.01879847
vt 0.51410311 0.01879752
vt 0.51410276 0.02116305
vt 0.52022111 0.01879847
vt 0.52633905 0.01879936
vt 0.52634114 0.00493133
vt 0.51410520 0.00492954
vt 0.51410311 0.01879752
vt 0.52022111 0.01879847
vt 0.52634114 0.00493133
vt 0.52022314 0.00493044
vt 0.52022111 0.01879847
vt 0.52022111 0.01879847
vt 0.52022314 0.00493044
vt 0.51410520 0.00492954
vt 0.52668303 0.94369209
vt 0.52706367 0.95020020
vt 0.53124213 0.94948179
vt 0.53253633 0.95523089
vt 0.53124213 0.94948179
vt 0.52706367 0.95020020
vt 0.52706367 0.95020020
vt 0.52891415 0.95700729
vt 0.53253633 0.95523089
vt 0.53124213 0.94948179
vt 0.53076285 0.94350231
vt 0.52668303 0.94369209
vt 0.52640635 0.82696056
vt 0.52668303 0.94369209
vt 0.53076285 0.94350231
vt 0.53076285 0.94350231
vt 0.53048635 0.82697576
vt 0.52640635 0.82696056
vt 0.52681047 0.71121228
vt 0.52640635 0.82696056
vt 0.53048635 0.82697576
vt 0.53048635 0.82697576
vt 0.53089535 0.71122730
vt 0.52681047 0.71121228
vt 0.52681047 0.71121228
vt 0.53089535 0.71122730
vt 0.53100073 0.63633370
vt 0.53100073 0.63633370
vt 0.52692318 0.63569325
vt 0.52681047 0.71121228
vt 0.52732098 0.63329238
vt 0.52692318 0.63569325
vt 0.53100073 0.63633370
vt 0.53100073 0.63633370
vt 0.53139782 0.63407391
vt 0.52732098 0.63329238
vt 0.52732098 0.63329238
vt 0.53139782 0.63407391
vt 0.53600544 0.62276512
vt 0.53600544 0.62276512
vt 0.53215843 0.62015575
vt 0.52732098 0.63329238
vt 0.53403902 0.61859965
vt 0.53215843 0.62015575
vt 0.53600544 0.62276512
vt 0.53403902 0.61859965
vt 0.53600544 0.62276512
vt 0.53833151 0.62184900
vt 0.53833151 0.62184900
vt 0.54022366 0.61722255
vt 0.53403902 0.61859965
vt 0.57643402 0.71068895
vt 0.57623917 0.63397121
vt 0.57239807 0.63464928
vt 0.57239807 0.63464928
vt 0.57259661 0.71071267
vt 0.57643402 0.71068895
vt 0.56871974 0.62377065
vt 0.57239807 0.63464928
vt 0.57623917 0.63397121
vt 0.57643402 0.71068895
vt 0.57259661 0.71071267
vt 0.57332033 0.82646698
vt 0.57623917 0.63397121
vt 0.57201511 0.62089366
vt 0.56871974 0.62377065
vt 0.57332033 0.82646698
vt 0.57740021 0.82644165
vt 0.57643402 0.71068895
vt 0.57201511 0.62089366
vt 0.56911761 0.61844438
vt 0.56871974 0.62377065
vt 0.56527877 0.62146711
vt 0.56871974 0.62377065
vt 0.56911761 0.61844438
vt 0.56911761 0.61844438
vt 0.56377429 0.61721832
vt 0.56527877 0.62146711
vt 0.57740021 0.82644165
vt 0.57332033 0.82646698
vt 0.57326615 0.94300431
vt 0.57326615 0.94300431
vt 0.57734382 0.94316566
vt 0.57740021 0.82644165
vt 0.57734382 0.94316566
vt 0.57326615 0.94300431
vt 0.57282710 0.94904411
vt 0.57282710 0.94904411
vt 0.57700658 0.94964910
vt 0.57734382 0.94316566
vt 0.57521713 0.95656008
vt 0.57700658 0.94964910
vt 0.57282710 0.94904411
vt 0.57282710 0.94904411
vt 0.57152289 0.95470333
vt 0.57521713 0.95656008
vt 0.37565297 0.61811113
vt 0.44382653 0.61787766
vt 0.44622782 0.61406475
vt 0.44622782 0.61406475
vt 0.37274316 0.61404556
vt 0.37565297 0.61811113
vt 0.90217620 0.03447741
vt 0.89806640 0.03427410
vt 0.89759398 0.04003733
vt 0.89759398 0.04003733
vt 0.90155894 0.04124069
vt 0.90217620 0.03447741
vt 0.89806640 0.03427410
vt 0.90217620 0.03447741
vt 0.90208566 0.01169097
vt 0.90208566 0.01169097
vt 0.89800841 0.01193947
vt 0.89806640 0.03427410
vt 0.89747703 0.00615192
vt 0.89800841 0.01193947
vt 0.90208566 0.01169097
vt 0.90208566 0.01169097
vt 0.90142041 0.00491071
vt 0.89747703 0.00615192
vt 0.13513345 0.94726008
vt 0.13931185 0.94787228
vt 0.13966292 0.94139016
vt 0.13751042 0.95477992
vt 0.13931185 0.94787228
vt 0.13513345 0.94726008
vt 0.13513345 0.94726008
vt 0.13381940 0.95291680
vt 0.13751042 0.95477992
vt 0.13966292 0.94139016
vt 0.13558561 0.94122142
vt 0.13513345 0.94726008
vt 0.13558561 0.94122142
vt 0.13966292 0.94139016
vt 0.13994211 0.82466960
vt 0.13994211 0.82466960
vt 0.13586217 0.82468754
vt 0.13558561 0.94122142
vt 0.13586217 0.82468754
vt 0.13994211 0.82466960
vt 0.13944894 0.70891702
vt 0.13944894 0.70891702
vt 0.13536376 0.70893526
vt 0.13586217 0.82468754
vt 0.13519466 0.63403976
vt 0.13536376 0.70893526
vt 0.13944894 0.70891702
vt 0.13944894 0.70891702
vt 0.13927329 0.63339359
vt 0.13519466 0.63403976
vt 0.13519466 0.63403976
vt 0.13927329 0.63339359
vt 0.13886493 0.63099170
vt 0.13886493 0.63099170
vt 0.13479763 0.63178092
vt 0.13519466 0.63403976
vt 0.13017488 0.62047589
vt 0.13479763 0.63178092
vt 0.13886493 0.63099170
vt 0.13886493 0.63099170
vt 0.13401872 0.61786193
vt 0.13017488 0.62047589
vt 0.13401872 0.61786193
vt 0.13213682 0.61630797
vt 0.13017488 0.62047589
vt 0.12784797 0.61956191
vt 0.13017488 0.62047589
vt 0.13213682 0.61630797
vt 0.13213682 0.61630797
vt 0.12595075 0.61493731
vt 0.12784797 0.61956191
vt 0.50805116 0.94368613
vt 0.50843161 0.95019418
vt 0.51261008 0.94947600
vt 0.51390386 0.95522517
vt 0.51261008 0.94947600
vt 0.50843161 0.95019418
vt 0.50843161 0.95019418
vt 0.51028174 0.95700127
vt 0.51390386 0.95522517
vt 0.51261008 0.94947600
vt 0.51213115 0.94349653
vt 0.50805116 0.94368613
vt 0.50778049 0.82695454
vt 0.50805116 0.94368613
vt 0.51213115 0.94349653
vt 0.51213115 0.94349653
vt 0.51186049 0.82697004
vt 0.50778049 0.82695454
vt 0.50819075 0.71120638
vt 0.50778049 0.82695454
vt 0.51186049 0.82697004
vt 0.51186049 0.82697004
vt 0.51227546 0.71122158
vt 0.50819075 0.71120638
vt 0.50819075 0.71120638
vt 0.51227546 0.71122158
vt 0.51238471 0.63632810
vt 0.51238471 0.63632810
vt 0.50830704 0.63568735
vt 0.50819075 0.71120638
vt 0.50870520 0.63328654
vt 0.50830704 0.63568735
vt 0.51238471 0.63632810
vt 0.51238471 0.63632810
vt 0.51278210 0.63406831
vt 0.50870520 0.63328654
vt 0.50870520 0.63328654
vt 0.51278210 0.63406831
vt 0.51739013 0.62275982
vt 0.51739013 0.62275982
vt 0.51354331 0.62015015
vt 0.50870520 0.63328654
vt 0.51542389 0.61859417
vt 0.51354331 0.62015015
vt 0.51739013 0.62275982
vt 0.51542389 0.61859417
vt 0.51739013 0.62275982
vt 0.51971626 0.62184370
vt 0.51971626 0.62184370
vt 0.52160847 0.61721742
vt 0.51542389 0.61859417
vt 0.95339572 0.07518953
vt 0.94928628 0.07498723
vt 0.94881499 0.08075058
vt 0.94881499 0.08075058
vt 0.95278043 0.08195299
vt 0.95339572 0.07518953
vt 0.94928628 0.07498723
vt 0.95339572 0.07518953
vt 0.95330000 0.05240327
vt 0.95330000 0.05240327
vt 0.94922274 0.05265272
vt 0.94928628 0.07498723
vt 0.94869000 0.04686528
vt 0.94922274 0.05265272
vt 0.95330000 0.05240327
vt 0.95330000 0.05240327
vt 0.95263302 0.04562306
vt 0.94869000 0.04686528
vt 0.15375358 0.94712240
vt 0.15793192 0.94773477
vt 0.15828335 0.94125265
vt 0.15613008 0.95464242
vt 0.15793192 0.94773477
vt 0.15375358 0.94712240
vt 0.15375358 0.94712240
vt 0.15243912 0.95277894
vt 0.15613008 0.95464242
vt 0.15828335 0.94125265
vt 0.15420598 0.94108373
vt 0.15375358 0.94712240
vt 0.15420598 0.94108373
vt 0.15828335 0.94125265
vt 0.15856966 0.82453215
vt 0.15856966 0.82453215
vt 0.15448990 0.82454979
vt 0.15420598 0.94108373
vt 0.15448990 0.82454979
vt 0.15856966 0.82453215
vt 0.15808368 0.70877957
vt 0.15808368 0.70877957
vt 0.15399879 0.70879740
vt 0.15448990 0.82454979
vt 0.15383416 0.63390183
vt 0.15399879 0.70879740
vt 0.15808368 0.70877957
vt 0.15808368 0.70877957
vt 0.15791276 0.63325602
vt 0.15383416 0.63390183
vt 0.15383416 0.63390183
vt 0.15791276 0.63325602
vt 0.15750468 0.63085413
vt 0.15750468 0.63085413
vt 0.15343726 0.63164312
vt 0.15383416 0.63390183
vt 0.14881527 0.62033772
vt 0.15343726 0.63164312
vt 0.15750468 0.63085413
vt 0.15750468 0.63085413
vt 0.15265930 0.61772400
vt 0.14881527 0.62033772
vt 0.15265930 0.61772400
vt 0.15077737 0.61616993
vt 0.14881527 0.62033772
vt 0.14648813 0.61942357
vt 0.14881527 0.62033772
vt 0.15077737 0.61616993
vt 0.15077737 0.61616993
vt 0.14459139 0.61479884
vt 0.14648813 0.61942357
vt 0.54531443 0.94369686
vt 0.54569554 0.95020485
vt 0.54987383 0.94948626
vt 0.55116832 0.95523536
vt 0.54987383 0.94948626
vt 0.54569554 0.95020485
vt 0.54569554 0.95020485
vt 0.54754633 0.95701182
vt 0.55116832 0.95523536
vt 0.54987383 0.94948626
vt 0.54939431 0.94350672
vt 0.54531443 0.94369686
vt 0.54503220 0.82696563
vt 0.54531443 0.94369686
vt 0.54939431 0.94350672
vt 0.54939431 0.94350672
vt 0.54911214 0.82698071
vt 0.54503220 0.82696563
vt 0.54543066 0.71121764
vt 0.54503220 0.82696563
vt 0.54911214 0.82698071
vt 0.54911214 0.82698071
vt 0.54951555 0.71123248
vt 0.54543066 0.71121764
vt 0.54543066 0.71121764
vt 0.54951555 0.71123248
vt 0.54961723 0.63633907
vt 0.54961723 0.63633907
vt 0.54553968 0.63569885
vt 0.54543066 0.71121764
vt 0.54593748 0.63329798
vt 0.54553968 0.63569885
vt 0.54961723 0.63633907
vt 0.54961723 0.63633907
vt 0.55001444 0.63407928
vt 0.54593748 0.63329798
vt 0.54593748 0.63329798
vt 0.55001444 0.63407928
vt 0.55462134 0.62277025
vt 0.55462134 0.62277025
vt 0.55077434 0.62016106
vt 0.54593748 0.63329798
vt 0.55265462 0.61860490
vt 0.55077434 0.62016106
vt 0.55462134 0.62277025
vt 0.55265462 0.61860490
vt 0.55462134 0.62277025
vt 0.55694741 0.62185407
vt 0.55694741 0.62185407
vt 0.55883926 0.61722761
vt 0.55265462 0.61860490
vt 0.76713425 0.05845267
vt 0.76303691 0.05821985
vt 0.76254672 0.06398928
vt 0.76254672 0.06398928
vt 0.76650685 0.06520486
vt 0.76713425 0.05845267
vt 0.76298010 0.01194048
vt 0.76303691 0.05821985
vt 0.76713425 0.05845267
vt 0.76713425 0.05845267
vt 0.76705962 0.01168144
vt 0.76298010 0.01194048
vt 0.76244295 0.00614911
vt 0.76298010 0.01194048
vt 0.76705962 0.01168144
vt 0.76705962 0.01168144
vt 0.76638973 0.00490862
vt 0.76244295 0.00614911
vt 0.30166778 0.61488205
vt 0.25167519 0.61488873
vt 0.25456223 0.61897051
vt 0.25456223 0.61897051
vt 0.29878184 0.61896461
vt 0.30166778 0.61488205
vt 0.87736797 0.97967321
vt 0.87916958 0.97276562
vt 0.87499130 0.97215343
vt 0.87499130 0.97215343
vt 0.87367696 0.97780991
vt 0.87736797 0.97967321
vt 0.87499130 0.97215343
vt 0.87916958 0.97276562
vt 0.87952095 0.96628338
vt 0.87952095 0.96628338
vt 0.87544364 0.96611458
vt 0.87499130 0.97215343
vt 0.87544364 0.96611458
vt 0.87952095 0.96628338
vt 0.87980419 0.84956264
vt 0.87980419 0.84956264
vt 0.87572443 0.84958029
vt 0.87544364 0.96611458
vt 0.87572443 0.84958029
vt 0.87980419 0.84956264
vt 0.87931520 0.73380959
vt 0.87931520 0.73380959
vt 0.87523031 0.73382765
vt 0.87572443 0.84958029
vt 0.87506390 0.65893191
vt 0.87523031 0.73382765
vt 0.87931520 0.73380959
vt 0.87931520 0.73380959
vt 0.87914252 0.65828592
vt 0.87506390 0.65893191
vt 0.87506390 0.65893191
vt 0.87914252 0.65828592
vt 0.87873429 0.65588409
vt 0.87873429 0.65588409
vt 0.87466699 0.65667313
vt 0.87506390 0.65893191
vt 0.87004465 0.64536786
vt 0.87466699 0.65667313
vt 0.87873429 0.65588409
vt 0.87873429 0.65588409
vt 0.87388849 0.64275402
vt 0.87004465 0.64536786
vt 0.87004465 0.64536786
vt 0.87388849 0.64275402
vt 0.87200660 0.64120001
vt 0.86771739 0.64445376
vt 0.87004465 0.64536786
vt 0.87200660 0.64120001
vt 0.87200660 0.64120001
vt 0.86582065 0.63982910
vt 0.86771739 0.64445376
vt 0.92071158 0.01169109
vt 0.92004615 0.00491071
vt 0.91610289 0.00615203
vt 0.91610289 0.00615203
vt 0.91663414 0.01193959
vt 0.92071158 0.01169109
vt 0.92080164 0.03447753
vt 0.92071158 0.01169109
vt 0.91663414 0.01193959
vt 0.91663414 0.01193959
vt 0.91669226 0.03427422
vt 0.92080164 0.03447753
vt 0.92080164 0.03447753
vt 0.91669226 0.03427422
vt 0.91621965 0.04003751
vt 0.91621965 0.04003751
vt 0.92018485 0.04124081
vt 0.92080164 0.03447753
vt 0.84788138 0.97421074
vt 0.84973389 0.98101717
vt 0.85335529 0.97923976
vt 0.85335529 0.97923976
vt 0.85205966 0.97349119
vt 0.84788138 0.97421074
vt 0.84749877 0.96770275
vt 0.84788138 0.97421074
vt 0.85205966 0.97349119
vt 0.85205966 0.97349119
vt 0.85157871 0.96751177
vt 0.84749877 0.96770275
vt 0.84718859 0.85097194
vt 0.84749877 0.96770275
vt 0.85157871 0.96751177
vt 0.85157871 0.96751177
vt 0.85126865 0.85098588
vt 0.84718859 0.85097194
vt 0.84755945 0.73522413
vt 0.84718859 0.85097194
vt 0.85126865 0.85098588
vt 0.85126865 0.85098588
vt 0.85164434 0.73523790
vt 0.84755945 0.73522413
vt 0.84755945 0.73522413
vt 0.85164434 0.73523790
vt 0.85172814 0.66034466
vt 0.85172814 0.66034466
vt 0.84765023 0.65970540
vt 0.84755945 0.73522413
vt 0.84804755 0.65730441
vt 0.84765023 0.65970540
vt 0.85172814 0.66034466
vt 0.85172814 0.66034466
vt 0.85212457 0.65808475
vt 0.84804755 0.65730441
vt 0.84804755 0.65730441
vt 0.85212457 0.65808475
vt 0.85672885 0.64677465
vt 0.85672885 0.64677465
vt 0.85288125 0.64416647
vt 0.84804755 0.65730441
vt 0.85476130 0.64260983
vt 0.85288125 0.64416647
vt 0.85672885 0.64677465
vt 0.85476130 0.64260983
vt 0.85672885 0.64677465
vt 0.85905468 0.64585787
vt 0.85905468 0.64585787
vt 0.86094540 0.64123094
vt 0.85476130 0.64260983
vt 0.24091524 0.95259607
vt 0.24460602 0.95445955
vt 0.24640793 0.94755185
vt 0.24640793 0.94755185
vt 0.24222976 0.94693953
vt 0.24091524 0.95259607
vt 0.24222976 0.94693953
vt 0.24640793 0.94755185
vt 0.24675941 0.94106972
vt 0.24675941 0.94106972
vt 0.24268204 0.94090080
vt 0.24222976 0.94693953
vt 0.24268204 0.94090080
vt 0.24675941 0.94106972
vt 0.24704587 0.82434916
vt 0.24704587 0.82434916
vt 0.24296606 0.82436693
vt 0.24268204 0.94090080
vt 0.24247521 0.70861375
vt 0.24296606 0.82436693
vt 0.24704587 0.82434916
vt 0.24704587 0.82434916
vt 0.24656028 0.70859593
vt 0.24247521 0.70861375
vt 0.24231082 0.63371813
vt 0.24247521 0.70861375
vt 0.24656028 0.70859593
vt 0.24656028 0.70859593
vt 0.24638945 0.63307220
vt 0.24231082 0.63371813
vt 0.24231082 0.63371813
vt 0.24638945 0.63307220
vt 0.24598134 0.63067025
vt 0.24598134 0.63067025
vt 0.24191403 0.63145941
vt 0.24231082 0.63371813
vt 0.23729098 0.62015730
vt 0.24191403 0.63145941
vt 0.24598134 0.63067025
vt 0.24598134 0.63067025
vt 0.24113536 0.61754018
vt 0.23729098 0.62015730
vt 0.23729098 0.62015730
vt 0.24113536 0.61754018
vt 0.23925477 0.61598456
vt 0.23496473 0.61925089
vt 0.23729098 0.62015730
vt 0.23925477 0.61598456
vt 0.23925477 0.61598456
vt 0.23304933 0.61459851
vt 0.23496473 0.61925089
vt 0.93933320 0.01169252
vt 0.93866688 0.00491232
vt 0.93472368 0.00615418
vt 0.93472368 0.00615418
vt 0.93525583 0.01194155
vt 0.93933320 0.01169252
vt 0.93942696 0.03447878
vt 0.93933320 0.01169252
vt 0.93525583 0.01194155
vt 0.93525583 0.01194155
vt 0.93531728 0.03427607
vt 0.93942696 0.03447878
vt 0.93942696 0.03447878
vt 0.93531728 0.03427607
vt 0.93484575 0.04003924
vt 0.93484575 0.04003924
vt 0.93881112 0.04124206
vt 0.93942696 0.03447878
vt 0.97951239 0.93341035
vt 0.98138714 0.94021147
vt 0.98500240 0.93842155
vt 0.98500240 0.93842155
vt 0.98368794 0.93267620
vt 0.97951239 0.93341035
vt 0.97911286 0.92690098
vt 0.97951239 0.93341035
vt 0.98368794 0.93267620
vt 0.98368794 0.93267620
vt 0.98319250 0.92669648
vt 0.97911286 0.92690098
vt 0.97841841 0.81016225
vt 0.97911286 0.92690098
vt 0.98319250 0.92669648
vt 0.98319250 0.92669648
vt 0.98249882 0.81016219
vt 0.97841841 0.81016225
vt 0.97838974 0.69440305
vt 0.97841841 0.81016225
vt 0.98249882 0.81016219
vt 0.98249882 0.81016219
vt 0.98247522 0.69440120
vt 0.97838974 0.69440305
vt 0.97838974 0.69440305
vt 0.98247522 0.69440120
vt 0.98215783 0.61832339
vt 0.98215783 0.61832339
vt 0.97808295 0.61768061
vt 0.97838974 0.69440305
vt 0.98223323 0.60537916
vt 0.97808295 0.61768061
vt 0.98215783 0.61832339
vt 0.98215783 0.61832339
vt 0.98633021 0.60618579
vt 0.98223323 0.60537916
vt 0.06364691 0.61915463
vt 0.10786641 0.61915517
vt 0.11075288 0.61507297
vt 0.11075288 0.61507297
vt 0.06076032 0.61507243
vt 0.06364691 0.61915463
vt 0.47185946 0.00492209
vt 0.47058728 0.01080394
vt 0.47482011 0.01132315
vt 0.47482011 0.01132315
vt 0.47555339 0.00671071
vt 0.47185946 0.00492209
vt 0.47482011 0.01132315
vt 0.47058728 0.01080394
vt 0.47052881 0.01607788
vt 0.47052881 0.01607788
vt 0.47461492 0.01611227
vt 0.47482011 0.01132315
vt 0.47518119 0.06312257
vt 0.47461492 0.01611227
vt 0.47052881 0.01607788
vt 0.47052881 0.01607788
vt 0.47112656 0.06327981
vt 0.47518119 0.06312257
vt 0.47545913 0.06789190
vt 0.47518119 0.06312257
vt 0.47112656 0.06327981
vt 0.47112656 0.06327981
vt 0.47124302 0.06856996
vt 0.47545913 0.06789190
vt 0.47620642 0.07255632
vt 0.47545913 0.06789190
vt 0.47124302 0.06856996
vt 0.47124302 0.06856996
vt 0.47260934 0.07428682
vt 0.47620642 0.07255632
vt 0.43622380 0.03711498
vt 0.44193414 0.03676587
vt 0.44082922 0.03278911
vt 0.44082922 0.03278911
vt 0.43617022 0.03300470
vt 0.43622380 0.03711498
vt 0.43622380 0.03711498
vt 0.43617022 0.03300470
vt 0.42114514 0.03155160
vt 0.42114514 0.03155160
vt 0.41930774 0.03654492
vt 0.43622380 0.03711498
vt 0.85855764 0.15551853
vt 0.85956997 0.22000664
vt 0.86321115 0.21688223
vt 0.86321115 0.21688223
vt 0.86228007 0.15850723
vt 0.85855764 0.15551853
vt 0.00777012 0.61861068
vt 0.05198973 0.61860228
vt 0.05487537 0.61451960
vt 0.05487537 0.61451960
vt 0.00488281 0.61452907
vt 0.00777012 0.61861068
vt 0.88036478 0.00492912
vt 0.88036573 0.00907087
vt 0.88501364 0.00923204
vt 0.88501364 0.00923204
vt 0.88607079 0.00522906
vt 0.88036478 0.00492912
vt 0.86669362 0.00956470
vt 0.88036573 0.00907087
vt 0.88036478 0.00492912
vt 0.88036478 0.00492912
vt 0.86346704 0.00571579
vt 0.86669362 0.00956470
vt 0.45190299 0.61727720
vt 0.45264882 0.62256008
vt 0.49687019 0.62134963
vt 0.49687019 0.62134963
vt 0.49975124 0.61722362
vt 0.45190299 0.61727720
vt 0.55914921 0.06075138
vt 0.56281495 0.06259972
vt 0.56418699 0.05674654
vt 0.56418699 0.05674654
vt 0.55996579 0.05615860
vt 0.55914921 0.06075138
vt 0.55996579 0.05615860
vt 0.56418699 0.05674654
vt 0.56433672 0.05147165
vt 0.56433672 0.05147165
vt 0.56026250 0.05138862
vt 0.55996579 0.05615860
vt 0.56138623 0.01659006
vt 0.56026250 0.05138862
vt 0.56433672 0.05147165
vt 0.56433672 0.05147165
vt 0.56545103 0.01588619
vt 0.56138623 0.01659006
vt 0.56138623 0.01659006
vt 0.56545103 0.01588619
vt 0.56249982 0.00745302
vt 0.56249982 0.00745302
vt 0.55887491 0.00908846
vt 0.56138623 0.01659006
vt 0.55887491 0.00908846
vt 0.56249982 0.00745302
vt 0.55861646 0.00492954
vt 0.53402811 0.00880361
vt 0.55887491 0.00908846
vt 0.55861646 0.00492954
vt 0.55861646 0.00492954
vt 0.53106278 0.00493217
vt 0.53402811 0.00880361
vt 0.74173105 0.04050511
vt 0.74747354 0.04038399
vt 0.74658859 0.03631610
vt 0.74658859 0.03631610
vt 0.74192637 0.03632939
vt 0.74173105 0.04050511
vt 0.74173105 0.04050511
vt 0.74192637 0.03632939
vt 0.72839260 0.03527164
vt 0.72839260 0.03527164
vt 0.72473973 0.03880095
vt 0.74173105 0.04050511
vt 0.62575161 0.01564068
vt 0.62604558 0.00488281
vt 0.62187105 0.00762957
vt 0.62187105 0.00762957
vt 0.62167233 0.01525271
vt 0.62575161 0.01564068
vt 0.62575161 0.01564068
vt 0.62167233 0.01525271
vt 0.61978626 0.02797723
vt 0.61978626 0.02797723
vt 0.62373072 0.02911276
vt 0.62575161 0.01564068
vt 0.62373072 0.02911276
vt 0.61978626 0.02797723
vt 0.61489022 0.03967470
vt 0.61489022 0.03967470
vt 0.61843073 0.04174674
vt 0.62373072 0.02911276
vt 0.61843073 0.04174674
vt 0.61489022 0.03967470
vt 0.60721183 0.04971075
vt 0.60721183 0.04971075
vt 0.61008000 0.05263448
vt 0.61843073 0.04174674
vt 0.61008000 0.05263448
vt 0.60721183 0.04971075
vt 0.59638137 0.05735809
vt 0.59638137 0.05735809
vt 0.59749103 0.06211686
vt 0.61008000 0.05263448
vt 0.35994259 0.96765393
vt 0.36402711 0.96764976
vt 0.36415619 0.96298361
vt 0.36415619 0.96298361
vt 0.35993120 0.96250582
vt 0.35994259 0.96765393
vt 0.36402711 0.96764976
vt 0.35994259 0.96765393
vt 0.36107489 0.97619718
vt 0.36107489 0.97619718
vt 0.36528903 0.97648627
vt 0.36402711 0.96764976
vt 0.98940033 0.60618037
vt 0.99294597 0.60218835
vt 0.98565501 0.60241252
vt 0.98565501 0.60241252
vt 0.98633021 0.60618579
vt 0.98940033 0.60618037
vt 0.98223323 0.60537916
vt 0.98633021 0.60618579
vt 0.98565501 0.60241252
vt 0.53881031 0.94317991
vt 0.53076285 0.94350231
vt 0.53124213 0.94948179
vt 0.53048635 0.82697576
vt 0.53076285 0.94350231
vt 0.53881031 0.94317991
vt 0.53124213 0.94948179
vt 0.53929573 0.94858402
vt 0.53881031 0.94317991
vt 0.53929573 0.94858402
vt 0.53124213 0.94948179
vt 0.53253633 0.95523089
vt 0.53253633 0.95523089
vt 0.54019803 0.95402932
vt 0.53929573 0.94858402
vt 0.53881031 0.94317991
vt 0.53851169 0.82700443
vt 0.53048635 0.82697576
vt 0.53089535 0.71122730
vt 0.53048635 0.82697576
vt 0.53851169 0.82700443
vt 0.53851169 0.82700443
vt 0.53893375 0.71125573
vt 0.53089535 0.71122730
vt 0.53100073 0.63633370
vt 0.53089535 0.71122730
vt 0.53893375 0.71125573
vt 0.53893375 0.71125573
vt 0.53902799 0.63446009
vt 0.53100073 0.63633370
vt 0.53139782 0.63407391
vt 0.53100073 0.63633370
vt 0.53902799 0.63446009
vt 0.53600544 0.62276512
vt 0.53139782 0.63407391
vt 0.53902799 0.63446009
vt 0.53902799 0.63446009
vt 0.53833151 0.62184900
vt 0.53600544 0.62276512
vt 0.56530023 0.82651490
vt 0.57332033 0.82646698
vt 0.57259661 0.71071267
vt 0.57332033 0.82646698
vt 0.56530023 0.82651490
vt 0.56526107 0.94267267
vt 0.57259661 0.71071267
vt 0.56458569 0.71076089
vt 0.56530023 0.82651490
vt 0.56526107 0.94267267
vt 0.57326615 0.94300431
vt 0.57332033 0.82646698
vt 0.56458569 0.71076089
vt 0.57259661 0.71071267
vt 0.57239807 0.63464928
vt 0.57326615 0.94300431
vt 0.56526107 0.94267267
vt 0.56469244 0.94798243
vt 0.57239807 0.63464928
vt 0.56440967 0.63393146
vt 0.56458569 0.71076089
vt 0.56440967 0.63393146
vt 0.57239807 0.63464928
vt 0.56871974 0.62377065
vt 0.56871974 0.62377065
vt 0.56527877 0.62146711
vt 0.56440967 0.63393146
vt 0.56469244 0.94798243
vt 0.57282710 0.94904411
vt 0.57326615 0.94300431
vt 0.57282710 0.94904411
vt 0.56469244 0.94798243
vt 0.56365800 0.95350361
vt 0.56365800 0.95350361
vt 0.57152289 0.95470333
vt 0.57282710 0.94904411
vt 0.88961023 0.03967041
vt 0.89759398 0.04003733
vt 0.89806640 0.03427410
vt 0.89806640 0.03427410
vt 0.88997269 0.03401321
vt 0.88961023 0.03967041
vt 0.88997269 0.03401321
vt 0.89806640 0.03427410
vt 0.89800841 0.01193947
vt 0.89800841 0.01193947
vt 0.88999945 0.01219887
vt 0.88997269 0.03401321
vt 0.88999945 0.01219887
vt 0.89800841 0.01193947
vt 0.89747703 0.00615192
vt 0.89747703 0.00615192
vt 0.88962013 0.00659949
vt 0.88999945 0.01219887
vt 0.12700075 0.94618434
vt 0.13513345 0.94726008
vt 0.13558561 0.94122142
vt 0.13513345 0.94726008
vt 0.12700075 0.94618434
vt 0.12595701 0.95170343
vt 0.12595701 0.95170343
vt 0.13381940 0.95291680
vt 0.13513345 0.94726008
vt 0.13558561 0.94122142
vt 0.12757850 0.94087559
vt 0.12700075 0.94618434
vt 0.12757850 0.94087559
vt 0.13558561 0.94122142
vt 0.13586217 0.82468754
vt 0.13586217 0.82468754
vt 0.12782598 0.82472098
vt 0.12757850 0.94087559
vt 0.12782598 0.82472098
vt 0.13586217 0.82468754
vt 0.13536376 0.70893526
vt 0.13536376 0.70893526
vt 0.12732518 0.70896965
vt 0.12782598 0.82472098
vt 0.12732518 0.70896965
vt 0.13536376 0.70893526
vt 0.13519466 0.63403976
vt 0.13519466 0.63403976
vt 0.12716573 0.63217211
vt 0.12732518 0.70896965
vt 0.13519466 0.63403976
vt 0.13479763 0.63178092
vt 0.12716573 0.63217211
vt 0.12716573 0.63217211
vt 0.13479763 0.63178092
vt 0.13017488 0.62047589
vt 0.13017488 0.62047589
vt 0.12784797 0.61956191
vt 0.12716573 0.63217211
vt 0.52017856 0.94317448
vt 0.51213115 0.94349653
vt 0.51261008 0.94947600
vt 0.51186049 0.82697004
vt 0.51213115 0.94349653
vt 0.52017856 0.94317448
vt 0.51261008 0.94947600
vt 0.52066356 0.94857866
vt 0.52017856 0.94317448
vt 0.52066356 0.94857866
vt 0.51261008 0.94947600
vt 0.51390386 0.95522517
vt 0.51390386 0.95522517
vt 0.52156574 0.95402390
vt 0.52066356 0.94857866
vt 0.52017856 0.94317448
vt 0.51988590 0.82699907
vt 0.51186049 0.82697004
vt 0.51227546 0.71122158
vt 0.51186049 0.82697004
vt 0.51988590 0.82699907
vt 0.51988590 0.82699907
vt 0.52031386 0.71125042
vt 0.51227546 0.71122158
vt 0.51238471 0.63632810
vt 0.51227546 0.71122158
vt 0.52031386 0.71125042
vt 0.52031386 0.71125042
vt 0.52041209 0.63445497
vt 0.51238471 0.63632810
vt 0.51278210 0.63406831
vt 0.51238471 0.63632810
vt 0.52041209 0.63445497
vt 0.51739013 0.62275982
vt 0.51278210 0.63406831
vt 0.52041209 0.63445497
vt 0.52041209 0.63445497
vt 0.51971626 0.62184370
vt 0.51739013 0.62275982
vt 0.94083130 0.08038563
vt 0.94881499 0.08075058
vt 0.94928628 0.07498723
vt 0.94928628 0.07498723
vt 0.94119215 0.07472837
vt 0.94083130 0.08038563
vt 0.94119215 0.07472837
vt 0.94928628 0.07498723
vt 0.94922274 0.05265272
vt 0.94922274 0.05265272
vt 0.94121373 0.05291396
vt 0.94119215 0.07472837
vt 0.94121373 0.05291396
vt 0.94922274 0.05265272
vt 0.94869000 0.04686528
vt 0.94869000 0.04686528
vt 0.94083315 0.04731470
vt 0.94121373 0.05291396
vt 0.14562097 0.94604611
vt 0.15375358 0.94712240
vt 0.15420598 0.94108373
vt 0.15375358 0.94712240
vt 0.14562097 0.94604611
vt 0.14457661 0.95156521
vt 0.14457661 0.95156521
vt 0.15243912 0.95277894
vt 0.15375358 0.94712240
vt 0.15420598 0.94108373
vt 0.14619896 0.94073731
vt 0.14562097 0.94604611
vt 0.14645353 0.82458276
vt 0.14619896 0.94073731
vt 0.15420598 0.94108373
vt 0.15420598 0.94108373
vt 0.15448990 0.82454979
vt 0.14645353 0.82458276
vt 0.14596000 0.70883131
vt 0.14645353 0.82458276
vt 0.15448990 0.82454979
vt 0.15448990 0.82454979
vt 0.15399879 0.70879740
vt 0.14596000 0.70883131
vt 0.14596000 0.70883131
vt 0.15399879 0.70879740
vt 0.15383416 0.63390183
vt 0.15383416 0.63390183
vt 0.14580521 0.63203377
vt 0.14596000 0.70883131
vt 0.15383416 0.63390183
vt 0.15343726 0.63164312
vt 0.14580521 0.63203377
vt 0.14580521 0.63203377
vt 0.15343726 0.63164312
vt 0.14881527 0.62033772
vt 0.14881527 0.62033772
vt 0.14648813 0.61942357
vt 0.14580521 0.63203377
vt 0.55744165 0.94318402
vt 0.54939431 0.94350672
vt 0.54987383 0.94948626
vt 0.54911214 0.82698071
vt 0.54939431 0.94350672
vt 0.55744165 0.94318402
vt 0.54987383 0.94948626
vt 0.55792743 0.94858813
vt 0.55744165 0.94318402
vt 0.55792743 0.94858813
vt 0.54987383 0.94948626
vt 0.55116832 0.95523536
vt 0.55116832 0.95523536
vt 0.55883002 0.95403332
vt 0.55792743 0.94858813
vt 0.55744165 0.94318402
vt 0.55713755 0.82700890
vt 0.54911214 0.82698071
vt 0.54951555 0.71123248
vt 0.54911214 0.82698071
vt 0.55713755 0.82700890
vt 0.55713755 0.82700890
vt 0.55755395 0.71126050
vt 0.54951555 0.71123248
vt 0.54961723 0.63633907
vt 0.54951555 0.71123248
vt 0.55755395 0.71126050
vt 0.55755395 0.71126050
vt 0.55764449 0.63446516
vt 0.54961723 0.63633907
vt 0.55001444 0.63407928
vt 0.54961723 0.63633907
vt 0.55764449 0.63446516
vt 0.55462134 0.62277025
vt 0.55001444 0.63407928
vt 0.55764449 0.63446516
vt 0.55764449 0.63446516
vt 0.55694741 0.62185407
vt 0.55462134 0.62277025
vt 0.75457692 0.06360990
vt 0.76254672 0.06398928
vt 0.76303691 0.05821985
vt 0.76303691 0.05821985
vt 0.75496727 0.05796403
vt 0.75457692 0.06360990
vt 0.75496727 0.05796403
vt 0.76303691 0.05821985
vt 0.76298010 0.01194048
vt 0.76298010 0.01194048
vt 0.75496507 0.01219338
vt 0.75496727 0.05796403
vt 0.75496507 0.01219338
vt 0.76298010 0.01194048
vt 0.76244295 0.00614911
vt 0.76244295 0.00614911
vt 0.75457287 0.00659978
vt 0.75496507 0.01219338
vt 0.86581439 0.97659642
vt 0.87367696 0.97780991
vt 0.87499130 0.97215343
vt 0.87499130 0.97215343
vt 0.86685842 0.97107708
vt 0.86581439 0.97659642
vt 0.86685842 0.97107708
vt 0.87499130 0.97215343
vt 0.87544364 0.96611458
vt 0.87544364 0.96611458
vt 0.86743647 0.96576846
vt 0.86685842 0.97107708
vt 0.86743647 0.96576846
vt 0.87544364 0.96611458
vt 0.87572443 0.84958029
vt 0.87572443 0.84958029
vt 0.86768818 0.84961349
vt 0.86743647 0.96576846
vt 0.86768818 0.84961349
vt 0.87572443 0.84958029
vt 0.87523031 0.73382765
vt 0.87523031 0.73382765
vt 0.86719161 0.73386180
vt 0.86768818 0.84961349
vt 0.86719161 0.73386180
vt 0.87523031 0.73382765
vt 0.87506390 0.65893191
vt 0.87506390 0.65893191
vt 0.86703491 0.65706396
vt 0.86719161 0.73386180
vt 0.87506390 0.65893191
vt 0.87466699 0.65667313
vt 0.86703491 0.65706396
vt 0.86703491 0.65706396
vt 0.87466699 0.65667313
vt 0.87004465 0.64536786
vt 0.87004465 0.64536786
vt 0.86771739 0.64445376
vt 0.86703491 0.65706396
vt 0.90862513 0.01219893
vt 0.91663414 0.01193959
vt 0.91610289 0.00615203
vt 0.91610289 0.00615203
vt 0.90824586 0.00659955
vt 0.90862513 0.01219893
vt 0.91663414 0.01193959
vt 0.90862513 0.01219893
vt 0.90859842 0.03401333
vt 0.90859842 0.03401333
vt 0.91669226 0.03427422
vt 0.91663414 0.01193959
vt 0.91669226 0.03427422
vt 0.90859842 0.03401333
vt 0.90823603 0.03967059
vt 0.90823603 0.03967059
vt 0.91621965 0.04003751
vt 0.91669226 0.03427422
vt 0.86011297 0.97259104
vt 0.85205966 0.97349119
vt 0.85335529 0.97923976
vt 0.85335529 0.97923976
vt 0.86101687 0.97803593
vt 0.86011297 0.97259104
vt 0.85205966 0.97349119
vt 0.86011297 0.97259104
vt 0.85962600 0.96718705
vt 0.85962600 0.96718705
vt 0.85157871 0.96751177
vt 0.85205966 0.97349119
vt 0.85126865 0.85098588
vt 0.85157871 0.96751177
vt 0.85962600 0.96718705
vt 0.85962600 0.96718705
vt 0.85929400 0.85101223
vt 0.85126865 0.85098588
vt 0.85164434 0.73523790
vt 0.85126865 0.85098588
vt 0.85929400 0.85101223
vt 0.85929400 0.85101223
vt 0.85968274 0.73526406
vt 0.85164434 0.73523790
vt 0.85172814 0.66034466
vt 0.85164434 0.73523790
vt 0.85968274 0.73526406
vt 0.85968274 0.73526406
vt 0.85975492 0.65846884
vt 0.85172814 0.66034466
vt 0.85212457 0.65808475
vt 0.85172814 0.66034466
vt 0.85975492 0.65846884
vt 0.85672885 0.64677465
vt 0.85212457 0.65808475
vt 0.85975492 0.65846884
vt 0.85975492 0.65846884
vt 0.85905468 0.64585787
vt 0.85672885 0.64677465
vt 0.23305267 0.95138228
vt 0.24091524 0.95259607
vt 0.24222976 0.94693953
vt 0.24222976 0.94693953
vt 0.23409700 0.94586313
vt 0.23305267 0.95138228
vt 0.23409700 0.94586313
vt 0.24222976 0.94693953
vt 0.24268204 0.94090080
vt 0.24268204 0.94090080
vt 0.23467493 0.94055450
vt 0.23409700 0.94586313
vt 0.23467493 0.94055450
vt 0.24268204 0.94090080
vt 0.24296606 0.82436693
vt 0.24296606 0.82436693
vt 0.23492992 0.82439983
vt 0.23467493 0.94055450
vt 0.23492992 0.82439983
vt 0.24296606 0.82436693
vt 0.24247521 0.70861375
vt 0.24247521 0.70861375
vt 0.23443645 0.70864767
vt 0.23492992 0.82439983
vt 0.23443645 0.70864767
vt 0.24247521 0.70861375
vt 0.24231082 0.63371813
vt 0.24231082 0.63371813
vt 0.23428196 0.63184988
vt 0.23443645 0.70864767
vt 0.24231082 0.63371813
vt 0.24191403 0.63145941
vt 0.23428196 0.63184988
vt 0.23428196 0.63184988
vt 0.24191403 0.63145941
vt 0.23729098 0.62015730
vt 0.23729098 0.62015730
vt 0.23496473 0.61925089
vt 0.23428196 0.63184988
vt 0.92724687 0.01220208
vt 0.93525583 0.01194155
vt 0.93472368 0.00615418
vt 0.93472368 0.00615418
vt 0.92686683 0.00660282
vt 0.92724687 0.01220208
vt 0.93525583 0.01194155
vt 0.92724687 0.01220208
vt 0.92722338 0.03401643
vt 0.92722338 0.03401643
vt 0.93531728 0.03427607
vt 0.93525583 0.01194155
vt 0.93531728 0.03427607
vt 0.92722338 0.03401643
vt 0.92686188 0.03967363
vt 0.92686188 0.03967363
vt 0.93484575 0.04003924
vt 0.93531728 0.03427607
vt 0.99173260 0.93175220
vt 0.98368794 0.93267620
vt 0.98500240 0.93842155
vt 0.98500240 0.93842155
vt 0.99265653 0.93719369
vt 0.99173260 0.93175220
vt 0.98368794 0.93267620
vt 0.99173260 0.93175220
vt 0.99122071 0.92635196
vt 0.99122071 0.92635196
vt 0.98319250 0.92669648
vt 0.98368794 0.93267620
vt 0.98319250 0.92669648
vt 0.99122071 0.92635196
vt 0.99053544 0.81015921
vt 0.99053544 0.81015921
vt 0.98249882 0.81016219
vt 0.98319250 0.92669648
vt 0.98247522 0.69440120
vt 0.98249882 0.81016219
vt 0.99053544 0.81015921
vt 0.99053544 0.81015921
vt 0.99051565 0.69439775
vt 0.98247522 0.69440120
vt 0.98215783 0.61832339
vt 0.98247522 0.69440120
vt 0.99051565 0.69439775
vt 0.99051565 0.69439775
vt 0.99019575 0.61756414
vt 0.98215783 0.61832339
vt 0.98633021 0.60618579
vt 0.98215783 0.61832339
vt 0.99019575 0.61756414
vt 0.99019575 0.61756414
vt 0.98940033 0.60618037
vt 0.98633021 0.60618579
vt 0.50349325 0.00791198
vt 0.47555339 0.00671071
vt 0.47482011 0.01132315
vt 0.47482011 0.01132315
vt 0.50315595 0.01251912
vt 0.50349325 0.00791198
vt 0.50315595 0.01251912
vt 0.47482011 0.01132315
vt 0.47461492 0.01611227
vt 0.47461492 0.01611227
vt 0.50286585 0.01703358
vt 0.50315595 0.01251912
vt 0.50286585 0.01703358
vt 0.47461492 0.01611227
vt 0.47518119 0.06312257
vt 0.47518119 0.06312257
vt 0.50272822 0.06196386
vt 0.50286585 0.01703358
vt 0.50272822 0.06196386
vt 0.47518119 0.06312257
vt 0.47545913 0.06789190
vt 0.47545913 0.06789190
vt 0.50307828 0.06649238
vt 0.50272822 0.06196386
vt 0.50307828 0.06649238
vt 0.47545913 0.06789190
vt 0.47620642 0.07255632
vt 0.47620642 0.07255632
vt 0.50345093 0.07105237
vt 0.50307828 0.06649238
vt 0.44060528 0.00492930
vt 0.43599290 0.00499576
vt 0.43617022 0.03300470
vt 0.43617022 0.03300470
vt 0.44082922 0.03278911
vt 0.44060528 0.00492930
vt 0.42114514 0.03155160
vt 0.43617022 0.03300470
vt 0.43599290 0.00499576
vt 0.43599290 0.00499576
vt 0.41969082 0.00505513
vt 0.42114514 0.03155160
vt 0.88509429 0.03720760
vt 0.88501364 0.00923204
vt 0.88036573 0.00907087
vt 0.88036573 0.00907087
vt 0.88046259 0.03718495
vt 0.88509429 0.03720760
vt 0.88046259 0.03718495
vt 0.88036573 0.00907087
vt 0.86407626 0.01203018
vt 0.88036573 0.00907087
vt 0.86669362 0.00956470
vt 0.86407626 0.01203018
vt 0.88046259 0.03718495
vt 0.86407626 0.01203018
vt 0.86411279 0.03720832
vt 0.53136420 0.05885613
vt 0.55914921 0.06075138
vt 0.55996579 0.05615860
vt 0.55996579 0.05615860
vt 0.53179419 0.05425447
vt 0.53136420 0.05885613
vt 0.53179419 0.05425447
vt 0.55996579 0.05615860
vt 0.56026250 0.05138862
vt 0.56026250 0.05138862
vt 0.53218293 0.04973567
vt 0.53179419 0.05425447
vt 0.53218293 0.04973567
vt 0.56026250 0.05138862
vt 0.56138623 0.01659006
vt 0.56138623 0.01659006
vt 0.53402811 0.00880361
vt 0.53218293 0.04973567
vt 0.55887491 0.00908846
vt 0.53402811 0.00880361
vt 0.56138623 0.01659006
vt 0.74270386 0.00795603
vt 0.74192637 0.03632939
vt 0.74658859 0.03631610
vt 0.74658859 0.03631610
vt 0.74732620 0.00806159
vt 0.74270386 0.00795603
vt 0.72598755 0.03267390
vt 0.74192637 0.03632939
vt 0.74270386 0.00795603
vt 0.72598755 0.03267390
vt 0.72839260 0.03527164
vt 0.74192637 0.03632939
vt 0.72598755 0.03267390
vt 0.74270386 0.00795603
vt 0.72607434 0.00771838
vt 0.45950472 0.00778031
vt 0.45138818 0.01135021
vt 0.45142147 0.01994950
vt 0.45142147 0.01994950
vt 0.46411037 0.01995140
vt 0.45950472 0.00778031
vt 0.46404541 0.00715977
vt 0.45950472 0.00778031
vt 0.46411037 0.01995140
vt 0.46411037 0.01995140
vt 0.45142147 0.01994950
vt 0.45141616 0.05570680
vt 0.45141616 0.05570680
vt 0.46409899 0.09662449
vt 0.46411037 0.01995140
vt 0.44991687 0.06129885
vt 0.46409899 0.09662449
vt 0.45141616 0.05570680
vt 0.44554424 0.06567019
vt 0.46409899 0.09662449
vt 0.44991687 0.06129885
vt 0.43995175 0.06716776
vt 0.46409899 0.09662449
vt 0.44554424 0.06567019
vt 0.43995175 0.06716776
vt 0.42295647 0.06716526
vt 0.42295209 0.09661835
vt 0.42295209 0.09661835
vt 0.46409899 0.09662449
vt 0.43995175 0.06716776
vt 0.42295209 0.09661835
vt 0.42294717 0.12984854
vt 0.43994242 0.12985104
vt 0.43994242 0.12985104
vt 0.46409899 0.09662449
vt 0.42295209 0.09661835
vt 0.43994242 0.12985104
vt 0.44553444 0.13135034
vt 0.46409899 0.09662449
vt 0.44553444 0.13135034
vt 0.44990578 0.13572299
vt 0.46409899 0.09662449
vt 0.44990578 0.13572299
vt 0.45140341 0.14131546
vt 0.46409899 0.09662449
vt 0.46408173 0.21234202
vt 0.46409899 0.09662449
vt 0.45140341 0.14131546
vt 0.45140341 0.14131546
vt 0.45139644 0.18811917
vt 0.46408173 0.21234202
vt 0.45139644 0.18811917
vt 0.44989717 0.19371122
vt 0.46408173 0.21234202
vt 0.44989717 0.19371122
vt 0.44552451 0.19808257
vt 0.46408173 0.21234202
vt 0.44552451 0.19808257
vt 0.43993205 0.19958019
vt 0.46408173 0.21234202
vt 0.42293486 0.21233594
vt 0.46408173 0.21234202
vt 0.43993205 0.19958019
vt 0.43993205 0.19958019
vt 0.42293674 0.19957763
vt 0.42293486 0.21233594
vt 0.88064325 0.56569642
vt 0.88110465 0.55327666
vt 0.87777394 0.55321383
vt 0.87777394 0.55321383
vt 0.87729067 0.56555146
vt 0.88064325 0.56569642
vt 0.88268107 0.36806250
vt 0.87777394 0.55321383
vt 0.88110465 0.55327666
vt 0.88025582 0.57798481
vt 0.88064325 0.56569642
vt 0.87729067 0.56555146
vt 0.88110465 0.55327666
vt 0.88601410 0.36815655
vt 0.88268107 0.36806250
vt 0.87729067 0.56555146
vt 0.87693459 0.57791644
vt 0.88025582 0.57798481
vt 0.88268107 0.36806250
vt 0.88601410 0.36815655
vt 0.89081901 0.23371994
vt 0.87997526 0.59023786
vt 0.88025582 0.57798481
vt 0.87693459 0.57791644
vt 0.89081901 0.23371994
vt 0.88748270 0.23368645
vt 0.88268107 0.36806250
vt 0.88792980 0.22245491
vt 0.88748270 0.23368645
vt 0.89081901 0.23371994
vt 0.89081901 0.23371994
vt 0.89113706 0.22196716
vt 0.88792980 0.22245491
vt 0.87693459 0.57791644
vt 0.87666649 0.59029830
vt 0.87997526 0.59023786
vt 0.87997526 0.59023786
vt 0.87666649 0.59029830
vt 0.87676293 0.60276306
vt 0.87676293 0.60276306
vt 0.88011914 0.60227740
vt 0.87997526 0.59023786
vt 0.98345798 0.20976794
vt 0.98304749 0.35732424
vt 0.98668784 0.35732722
vt 0.98668784 0.35732722
vt 0.98304749 0.35732424
vt 0.98294717 0.55903178
vt 0.98668784 0.35732722
vt 0.98709816 0.20977163
vt 0.98345798 0.20976794
vt 0.98294717 0.55903178
vt 0.98658699 0.55965471
vt 0.98668784 0.35732722
vt 0.98658699 0.55965471
vt 0.98294717 0.55903178
vt 0.98289233 0.59512419
vt 0.98289233 0.59512419
vt 0.98653162 0.59639579
vt 0.98658699 0.55965471
vt 0.98363489 0.09402490
vt 0.98345798 0.20976794
vt 0.98709816 0.20977163
vt 0.98709816 0.20977163
vt 0.98741323 0.09402853
vt 0.98363489 0.09402490
vt 0.98304147 0.01738489
vt 0.98363489 0.09402490
vt 0.98741323 0.09402853
vt 0.98741323 0.09402853
vt 0.98703289 0.01752669
vt 0.98304147 0.01738489
vt 0.98304147 0.01738489
vt 0.98703289 0.01752669
vt 0.98622763 0.00634575
vt 0.98622763 0.00634575
vt 0.98273939 0.00763953
vt 0.98304147 0.01738489
vt 0.16373187 0.96604759
vt 0.16323769 0.97900492
vt 0.16691220 0.97957891
vt 0.16691220 0.97957891
vt 0.16735482 0.96615881
vt 0.16373187 0.96604759
vt 0.16373187 0.96604759
vt 0.16735482 0.96615881
vt 0.16726142 0.95264566
vt 0.16726142 0.95264566
vt 0.16362298 0.95258772
vt 0.16373187 0.96604759
vt 0.16358674 0.64169449
vt 0.16362298 0.95258772
vt 0.16726142 0.95264566
vt 0.16726142 0.95264566
vt 0.16722304 0.64163685
vt 0.16358674 0.64169449
vt 0.16368204 0.62826496
vt 0.16358674 0.64169449
vt 0.16722304 0.64163685
vt 0.16722304 0.64163685
vt 0.16731900 0.62815797
vt 0.16368204 0.62826496
vt 0.16368204 0.62826496
vt 0.16731900 0.62815797
vt 0.16684830 0.61473954
vt 0.16684830 0.61473954
vt 0.16320246 0.61531901
vt 0.16368204 0.62826496
vt 0.36361751 0.62798518
vt 0.36534414 0.61499012
vt 0.36170244 0.61452240
vt 0.36170244 0.61452240
vt 0.35998991 0.62800246
vt 0.36361751 0.62798518
vt 0.36373353 0.63717145
vt 0.36361751 0.62798518
vt 0.35998991 0.62800246
vt 0.35998991 0.62800246
vt 0.36008221 0.63783622
vt 0.36373353 0.63717145
vt 0.88792980 0.22245491
vt 0.89113706 0.22196716
vt 0.88763016 0.21790230
vt 0.88792980 0.22245491
vt 0.88763016 0.21790230
vt 0.86321115 0.21688223
vt 0.86321115 0.21688223
vt 0.85956997 0.22000664
vt 0.88792980 0.22245491
vt 0.86074793 0.00818229
vt 0.86407626 0.01203018
vt 0.86669362 0.00956470
vt 0.86669362 0.00956470
vt 0.86346704 0.00571579
vt 0.86074793 0.00818229
vt 0.41931269 0.09661782
vt 0.41930777 0.12984800
vt 0.42294717 0.12984854
vt 0.42294717 0.12984854
vt 0.42295209 0.09661835
vt 0.41931269 0.09661782
vt 0.41931710 0.06716472
vt 0.41931269 0.09661782
vt 0.42295209 0.09661835
vt 0.42295209 0.09661835
vt 0.42295647 0.06716526
vt 0.41931710 0.06716472
vt 0.72199315 0.03585851
vt 0.72473973 0.03880095
vt 0.72839260 0.03527164
vt 0.72839260 0.03527164
vt 0.72598755 0.03267390
vt 0.72199315 0.03585851
vt 0.72199315 0.03585851
vt 0.72598755 0.03267390
vt 0.72607434 0.00771838
vt 0.72607434 0.00771838
vt 0.72197765 0.00490457
vt 0.72199315 0.03585851
vt 0.99508643 0.20977432
vt 0.99511719 0.09402955
vt 0.98741323 0.09402853
vt 0.98741323 0.09402853
vt 0.99511719 0.09402955
vt 0.99451458 0.02054948
vt 0.98741323 0.09402853
vt 0.98709816 0.20977163
vt 0.99508643 0.20977432
vt 0.99451458 0.02054948
vt 0.98703289 0.01752669
vt 0.98741323 0.09402853
vt 0.99503505 0.35733175
vt 0.99508643 0.20977432
vt 0.98709816 0.20977163
vt 0.98703289 0.01752669
vt 0.99451458 0.02054948
vt 0.99369538 0.01314378
vt 0.98622763 0.00634575
vt 0.98703289 0.01752669
vt 0.99369538 0.01314378
vt 0.99369538 0.01314378
vt 0.99194473 0.00492912
vt 0.98622763 0.00634575
vt 0.98709816 0.20977163
vt 0.98668784 0.35732722
vt 0.99503505 0.35733175
vt 0.99503505 0.35733175
vt 0.98668784 0.35732722
vt 0.98658699 0.55965471
vt 0.98658699 0.55965471
vt 0.99489713 0.55966014
vt 0.99503505 0.35733175
vt 0.99487710 0.59591359
vt 0.99489713 0.55966014
vt 0.98658699 0.55965471
vt 0.98658699 0.55965471
vt 0.98653162 0.59639579
vt 0.99487710 0.59591359
vt 0.35579398 0.61462653
vt 0.35507774 0.62819415
vt 0.35998991 0.62800246
vt 0.35998991 0.62800246
vt 0.36170244 0.61452240
vt 0.35579398 0.61462653
vt 0.35507774 0.62819415
vt 0.35579398 0.61462653
vt 0.31151804 0.61602890
vt 0.31151804 0.61602890
vt 0.31245762 0.62950599
vt 0.35507774 0.62819415
vt 0.35489774 0.63252330
vt 0.35998991 0.62800246
vt 0.35507774 0.62819415
vt 0.35489774 0.63252330
vt 0.35507774 0.62819415
vt 0.31245762 0.62950599
vt 0.35489774 0.63252330
vt 0.36008221 0.63783622
vt 0.35998991 0.62800246
vt 0.31245762 0.62950599
vt 0.31255749 0.63370353
vt 0.35489774 0.63252330
vt 0.35489774 0.63252330
vt 0.35464621 0.63857365
vt 0.36008221 0.63783622
vt 0.35464621 0.63857365
vt 0.35489774 0.63252330
vt 0.31255749 0.63370353
vt 0.31255749 0.63370353
vt 0.31276974 0.64262515
vt 0.35464621 0.63857365
vt 0.35499290 0.71256971
vt 0.35464621 0.63857365
vt 0.31276974 0.64262515
vt 0.31276974 0.64262515
vt 0.31348822 0.71873963
vt 0.35499290 0.71256971
vt 0.35499290 0.71256971
vt 0.31348822 0.71873963
vt 0.36127141 0.71868986
vt 0.36127141 0.71868986
vt 0.36127049 0.71256965
vt 0.35499290 0.71256971
vt 0.36127141 0.71868986
vt 0.31348822 0.71873963
vt 0.35496593 0.72482163
vt 0.35496593 0.72482163
vt 0.36126488 0.72481191
vt 0.36127141 0.71868986
vt 0.35495371 0.77482909
vt 0.35496593 0.72482163
vt 0.31348822 0.71873963
vt 0.31348822 0.71873963
vt 0.31322014 0.78095037
vt 0.35495371 0.77482909
vt 0.35495371 0.77482909
vt 0.31322014 0.78095037
vt 0.36123234 0.78095239
vt 0.36123234 0.78095239
vt 0.36123508 0.77483308
vt 0.35495371 0.77482909
vt 0.36123234 0.78095239
vt 0.31322014 0.78095037
vt 0.35494748 0.78707421
vt 0.35494748 0.78707421
vt 0.36122948 0.78707302
vt 0.36123234 0.78095239
vt 0.35494748 0.78707421
vt 0.31322014 0.78095037
vt 0.31328726 0.84316814
vt 0.31328726 0.84316814
vt 0.35492620 0.83708113
vt 0.35494748 0.78707421
vt 0.35492620 0.83708113
vt 0.31328726 0.84316814
vt 0.36120787 0.84320825
vt 0.36120787 0.84320825
vt 0.36120936 0.83708745
vt 0.35492620 0.83708113
vt 0.36120787 0.84320825
vt 0.31328726 0.84316814
vt 0.35492441 0.84932601
vt 0.35492441 0.84932601
vt 0.36120555 0.84932733
vt 0.36120787 0.84320825
vt 0.35492441 0.84932601
vt 0.31328726 0.84316814
vt 0.31353575 0.90536141
vt 0.31353575 0.90536141
vt 0.35489553 0.89934790
vt 0.35492441 0.84932601
vt 0.35489553 0.89934790
vt 0.31353575 0.90536141
vt 0.36119807 0.90549487
vt 0.36119807 0.90549487
vt 0.36119872 0.89937091
vt 0.35489553 0.89934790
vt 0.36119807 0.90549487
vt 0.31353575 0.90536141
vt 0.35488972 0.91158599
vt 0.35488972 0.91158599
vt 0.36118796 0.91161227
vt 0.36119807 0.90549487
vt 0.35488972 0.91158599
vt 0.31353575 0.90536141
vt 0.31291854 0.95340335
vt 0.31291854 0.95340335
vt 0.35322651 0.95984799
vt 0.35488972 0.91158599
vt 0.35322651 0.95984799
vt 0.31291854 0.95340335
vt 0.31273818 0.96204323
vt 0.31273818 0.96204323
vt 0.31264773 0.96637636
vt 0.35322651 0.95984799
vt 0.35322651 0.95984799
vt 0.31264773 0.96637636
vt 0.35994259 0.96765393
vt 0.35994259 0.96765393
vt 0.35993120 0.96250582
vt 0.35322651 0.95984799
vt 0.35994259 0.96765393
vt 0.31264773 0.96637636
vt 0.33361471 0.97844779
vt 0.31166494 0.97943330
vt 0.33361471 0.97844779
vt 0.31264773 0.96637636
vt 0.33361471 0.97844779
vt 0.36107489 0.97619718
vt 0.35994259 0.96765393
vt 0.88776904 0.15116990
vt 0.85855764 0.15551853
vt 0.86228007 0.15850723
vt 0.86228007 0.15850723
vt 0.88576788 0.15516812
vt 0.88776904 0.15116990
vt 0.89865524 0.20756322
vt 0.89865524 0.24776381
vt 0.90156198 0.24776381
vt 0.90156198 0.24776381
vt 0.90156198 0.20756322
vt 0.89865524 0.20756322
vt 0.90156198 0.36351287
vt 0.90156198 0.24776381
vt 0.89865524 0.24776381
vt 0.89865524 0.19409299
vt 0.89865524 0.20756322
vt 0.90156198 0.20756322
vt 0.89865524 0.24776381
vt 0.89865530 0.36351287
vt 0.90156198 0.36351287
vt 0.90156198 0.20756322
vt 0.90156198 0.19409299
vt 0.89865524 0.19409299
vt 0.90156198 0.36351287
vt 0.89865530 0.36351287
vt 0.89865530 0.51102996
vt 0.89865518 0.18068552
vt 0.89865524 0.19409299
vt 0.90156198 0.19409299
vt 0.89865530 0.51102996
vt 0.90156198 0.51102996
vt 0.90156198 0.36351287
vt 0.90156198 0.19409299
vt 0.90156198 0.18068552
vt 0.89865518 0.18068552
vt 0.89865524 0.16847795
vt 0.89865518 0.18068552
vt 0.90156198 0.18068552
vt 0.90156198 0.18068552
vt 0.90156198 0.16289151
vt 0.89865524 0.16847795
vt 0.90156198 0.51102996
vt 0.89865530 0.51102996
vt 0.89865524 0.71327138
vt 0.89865524 0.71327138
vt 0.90156198 0.71327138
vt 0.90156198 0.51102996
vt 0.90156198 0.71327138
vt 0.89865524 0.71327138
vt 0.89865518 0.72681367
vt 0.89865518 0.72681367
vt 0.90156198 0.72681367
vt 0.90156198 0.71327138
vt 0.90156198 0.72681367
vt 0.89865518 0.72681367
vt 0.89865530 0.74019790
vt 0.89865530 0.74019790
vt 0.90156198 0.74019790
vt 0.90156198 0.72681367
vt 0.90156198 0.74019790
vt 0.89865530 0.74019790
vt 0.89865524 0.75629365
vt 0.89865524 0.75629365
vt 0.90156198 0.75652307
vt 0.90156198 0.74019790
vt 0.90098530 0.76364446
vt 0.90156198 0.75652307
vt 0.89865524 0.75629365
vt 0.90098530 0.76364446
vt 0.89865524 0.75629365
vt 0.89408195 0.75629365
vt 0.89408195 0.75629365
vt 0.89408195 0.76364446
vt 0.90098530 0.76364446
vt 0.90098530 0.76364446
vt 0.89408195 0.76364446
vt 0.89408195 0.76364446
vt 0.89408195 0.76364446
vt 0.94518650 0.76364446
vt 0.90098530 0.76364446
vt 0.90156198 0.75652307
vt 0.90098530 0.76364446
vt 0.94518650 0.76364446
vt 0.94518650 0.76364446
vt 0.94518656 0.75652307
vt 0.90156198 0.75652307
vt 0.90156198 0.75652307
vt 0.94518656 0.75652307
vt 0.94518656 0.74019790
vt 0.94518656 0.74019790
vt 0.90156198 0.74019790
vt 0.90156198 0.75652307
vt 0.90156198 0.74019790
vt 0.94518656 0.74019790
vt 0.94518656 0.72681367
vt 0.94518656 0.72681367
vt 0.90156198 0.72681367
vt 0.90156198 0.74019790
vt 0.90156198 0.71327138
vt 0.90156198 0.72681367
vt 0.94518656 0.72681367
vt 0.94518656 0.72681367
vt 0.94518656 0.71327138
vt 0.90156198 0.71327138
vt 0.94518656 0.70442045
vt 0.90156198 0.71327138
vt 0.94518656 0.71327138
vt 0.94518656 0.70442045
vt 0.90156198 0.51102996
vt 0.90156198 0.71327138
vt 0.94518656 0.70442045
vt 0.94518661 0.51102996
vt 0.90156198 0.51102996
vt 0.90156198 0.51102996
vt 0.94518661 0.51102996
vt 0.94518656 0.36351287
vt 0.94518656 0.36351287
vt 0.90156198 0.36351287
vt 0.90156198 0.51102996
vt 0.90156198 0.24776381
vt 0.90156198 0.36351287
vt 0.94518656 0.36351287
vt 0.94518656 0.36351287
vt 0.94518661 0.24776381
vt 0.90156198 0.24776381
vt 0.90156198 0.20756322
vt 0.90156198 0.24776381
vt 0.94518661 0.24776381
vt 0.94518656 0.20756322
vt 0.90156198 0.20756322
vt 0.94518661 0.24776381
vt 0.94518656 0.20756322
vt 0.94518661 0.24776381
vt 0.94518661 0.24318075
vt 0.90156198 0.19409299
vt 0.90156198 0.20756322
vt 0.94518656 0.20756322
vt 0.94518656 0.20756322
vt 0.94518656 0.19409299
vt 0.90156198 0.19409299
vt 0.90156198 0.19409299
vt 0.94518656 0.19409299
vt 0.94518656 0.18068552
vt 0.94518656 0.18068552
vt 0.90156198 0.18068552
vt 0.90156198 0.19409299
vt 0.90156198 0.18068552
vt 0.94518656 0.18068552
vt 0.94518656 0.16289151
vt 0.94518656 0.16289151
vt 0.90156198 0.16289151
vt 0.90156198 0.18068552
vt 0.90156198 0.15405917
vt 0.90156198 0.16289151
vt 0.94518656 0.16289151
vt 0.94518656 0.16289151
vt 0.94518661 0.15405911
vt 0.90156198 0.15405917
vt 0.89030856 0.75629365
vt 0.89030856 0.76364446
vt 0.89408195 0.76364446
vt 0.89408195 0.76364446
vt 0.89408195 0.75629365
vt 0.89030856 0.75629365
vt 0.89408195 0.76364446
vt 0.89408195 0.76364446
vt 0.89030856 0.76364446
vt 0.89030856 0.76364446
vt 0.89030856 0.76364446
vt 0.89408195 0.76364446
vt 0.97483200 0.19399655
vt 0.97483736 0.07827932
vt 0.95947999 0.07827997
vt 0.97483736 0.07827932
vt 0.97483915 0.03825986
vt 0.95947999 0.07827997
vt 0.97483915 0.03825986
vt 0.97313696 0.02532637
vt 0.95947999 0.07827997
vt 0.95948339 0.00491965
vt 0.95947999 0.07827997
vt 0.97313696 0.02532637
vt 0.97313696 0.02532637
vt 0.96823221 0.01348376
vt 0.95948339 0.00491965
vt 0.95947999 0.07827997
vt 0.95947474 0.19399583
vt 0.97483200 0.19399655
vt 0.97483200 0.19399655
vt 0.95947474 0.19399583
vt 0.95946789 0.34151673
vt 0.95946789 0.34151673
vt 0.97482538 0.34151751
vt 0.97483200 0.19399655
vt 0.97481620 0.54363555
vt 0.97482538 0.34151751
vt 0.95946789 0.34151673
vt 0.95946789 0.34151673
vt 0.95945883 0.54379600
vt 0.97481620 0.54363555
vt 0.97311276 0.55656880
vt 0.97481620 0.54363555
vt 0.95945883 0.54379600
vt 0.96820700 0.56841105
vt 0.97311276 0.55656880
vt 0.95945883 0.54379600
vt 0.95945716 0.58004123
vt 0.96820700 0.56841105
vt 0.95945883 0.54379600
vt 0.36359811 0.78095353
vt 0.36360073 0.77483422
vt 0.36123508 0.77483308
vt 0.36123508 0.77483308
vt 0.36123234 0.78095239
vt 0.36359811 0.78095353
vt 0.36359537 0.78707367
vt 0.36359811 0.78095353
vt 0.36123234 0.78095239
vt 0.36123234 0.78095239
vt 0.36122948 0.78707302
vt 0.36359537 0.78707367
vt 0.36363679 0.71868885
vt 0.36127141 0.71868986
vt 0.36126488 0.72481191
vt 0.36126488 0.72481191
vt 0.36363193 0.72481012
vt 0.36363679 0.71868885
vt 0.36127141 0.71868986
vt 0.36363679 0.71868885
vt 0.36363593 0.71256870
vt 0.36363593 0.71256870
vt 0.36127049 0.71256965
vt 0.36127141 0.71868986
vt 0.36120787 0.84320825
vt 0.36357355 0.84320903
vt 0.36357513 0.83708870
vt 0.36357513 0.83708870
vt 0.36120936 0.83708745
vt 0.36120787 0.84320825
vt 0.36357355 0.84320903
vt 0.36120787 0.84320825
vt 0.36120555 0.84932733
vt 0.36120555 0.84932733
vt 0.36357135 0.84932816
vt 0.36357355 0.84320903
vt 0.36356333 0.90549970
vt 0.36356595 0.89937651
vt 0.36119872 0.89937091
vt 0.36119872 0.89937091
vt 0.36119807 0.90549487
vt 0.36356333 0.90549970
vt 0.36356333 0.90549970
vt 0.36119807 0.90549487
vt 0.36118796 0.91161227
vt 0.36118796 0.91161227
vt 0.36355323 0.91162121
vt 0.36356333 0.90549970
vt 0.94917858 0.24312097
vt 0.94518661 0.24318075
vt 0.94518661 0.24776381
vt 0.94518661 0.24318075
vt 0.94917858 0.24312097
vt 0.94917858 0.20756322
vt 0.94518661 0.24776381
vt 0.94917858 0.24776381
vt 0.94917858 0.24312097
vt 0.94917858 0.20756322
vt 0.94518656 0.20756322
vt 0.94518661 0.24318075
vt 0.94917858 0.36184782
vt 0.94917858 0.24776381
vt 0.94518661 0.24776381
vt 0.94518656 0.20756322
vt 0.94917858 0.20756322
vt 0.94917858 0.19409299
vt 0.94518661 0.24776381
vt 0.94518656 0.36351287
vt 0.94917858 0.36184782
vt 0.94917858 0.19409299
vt 0.94518656 0.19409299
vt 0.94518656 0.20756322
vt 0.94917858 0.51102996
vt 0.94917858 0.36184782
vt 0.94518656 0.36351287
vt 0.94518656 0.19409299
vt 0.94917858 0.19409299
vt 0.94917858 0.18068552
vt 0.94518656 0.36351287
vt 0.94518661 0.51102996
vt 0.94917858 0.51102996
vt 0.94917858 0.18068552
vt 0.94518656 0.18068552
vt 0.94518656 0.19409299
vt 0.94917858 0.70459694
vt 0.94917858 0.51102996
vt 0.94518661 0.51102996
vt 0.94518656 0.18068552
vt 0.94917858 0.18068552
vt 0.94917858 0.16289145
vt 0.94518661 0.51102996
vt 0.94518656 0.70442045
vt 0.94917858 0.70459694
vt 0.94917858 0.16289145
vt 0.94518656 0.16289151
vt 0.94518656 0.18068552
vt 0.94518661 0.15405911
vt 0.94518656 0.16289151
vt 0.94917858 0.16289145
vt 0.94917858 0.16289145
vt 0.94917858 0.15405911
vt 0.94518661 0.15405911
vt 0.94917858 0.71327138
vt 0.94917858 0.70459694
vt 0.94518656 0.70442045
vt 0.94518656 0.70442045
vt 0.94518656 0.71327138
vt 0.94917858 0.71327138
vt 0.94917858 0.72681367
vt 0.94917858 0.71327138
vt 0.94518656 0.71327138
vt 0.94518656 0.71327138
vt 0.94518656 0.72681367
vt 0.94917858 0.72681367
vt 0.94917858 0.74019790
vt 0.94917858 0.72681367
vt 0.94518656 0.72681367
vt 0.94518656 0.72681367
vt 0.94518656 0.74019790
vt 0.94917858 0.74019790
vt 0.94917858 0.74019790
vt 0.94518656 0.74019790
vt 0.94518656 0.75652307
vt 0.94518656 0.75652307
vt 0.94917858 0.75652307
vt 0.94917858 0.74019790
vt 0.94917858 0.76364446
vt 0.94917858 0.75652307
vt 0.94518656 0.75652307
vt 0.94518656 0.75652307
vt 0.94518650 0.76364446
vt 0.94917858 0.76364446
vt 0.82874292 0.57665610
vt 0.82908708 0.56433129
vt 0.82545805 0.56428814
vt 0.82545805 0.56428814
vt 0.82908708 0.56433129
vt 0.82925612 0.55197781
vt 0.82545805 0.56428814
vt 0.82511050 0.57651913
vt 0.82874292 0.57665610
vt 0.82925612 0.55197781
vt 0.82561558 0.55185896
vt 0.82545805 0.56428814
vt 0.82874292 0.57665610
vt 0.82511050 0.57651913
vt 0.82464957 0.58868098
vt 0.82561558 0.55185896
vt 0.82925612 0.55197781
vt 0.82946610 0.54386848
vt 0.82464957 0.58868098
vt 0.82827759 0.58897066
vt 0.82874292 0.57665610
vt 0.82746178 0.60122615
vt 0.82827759 0.58897066
vt 0.82464957 0.58868098
vt 0.82464957 0.58868098
vt 0.82378995 0.60050452
vt 0.82746178 0.60122615
vt 0.82946610 0.54386848
vt 0.82582122 0.54391229
vt 0.82561558 0.55185896
vt 0.82582122 0.54391229
vt 0.82946610 0.54386848
vt 0.83405340 0.36668134
vt 0.83405340 0.36668134
vt 0.83041000 0.36658579
vt 0.82582122 0.54391229
vt 0.83041000 0.36658579
vt 0.83405340 0.36668134
vt 0.83961785 0.23104542
vt 0.83961785 0.23104542
vt 0.83598888 0.22969961
vt 0.83041000 0.36658579
vt 0.83598888 0.22969961
vt 0.83961785 0.23104542
vt 0.83722508 0.12594563
vt 0.83722508 0.12594563
vt 0.83357954 0.12610769
vt 0.83598888 0.22969961
vt 0.83320117 0.12166691
vt 0.83357954 0.12610769
vt 0.83722508 0.12594563
vt 0.83722508 0.12594563
vt 0.83684850 0.12154245
vt 0.83320117 0.12166691
vt 0.83047104 0.08962655
vt 0.83320117 0.12166691
vt 0.83684850 0.12154245
vt 0.83684850 0.12154245
vt 0.83409423 0.08933997
vt 0.83047104 0.08962655
vt 0.82930893 0.07766926
vt 0.83047104 0.08962655
vt 0.83409423 0.08933997
vt 0.83409423 0.08933997
vt 0.83295786 0.07728457
vt 0.82930893 0.07766926
vt 0.82930893 0.07766926
vt 0.83295786 0.07728457
vt 0.83130592 0.06534350
vt 0.83130592 0.06534350
vt 0.82771045 0.06590211
vt 0.82930893 0.07766926
vt 0.82563841 0.05422294
vt 0.82771045 0.06590211
vt 0.83130592 0.06534350
vt 0.83130592 0.06534350
vt 0.82916325 0.05345380
vt 0.82563841 0.05422294
vt 0.82287526 0.04272616
vt 0.82563841 0.05422294
vt 0.82916325 0.05345380
vt 0.82916325 0.05345380
vt 0.82629585 0.04127508
vt 0.82287526 0.04272616
vt 0.22410887 0.96601260
vt 0.22013223 0.96611661
vt 0.22056979 0.97970629
vt 0.22056979 0.97970629
vt 0.22456104 0.97905624
vt 0.22410887 0.96601260
vt 0.22013223 0.96611661
vt 0.22410887 0.96601260
vt 0.22414023 0.96204329
vt 0.22414023 0.96204329
vt 0.22016843 0.96155941
vt 0.22013223 0.96611661
vt 0.22016843 0.96155941
vt 0.22414023 0.96204329
vt 0.22421497 0.95257759
vt 0.22421497 0.95257759
vt 0.22023928 0.95263994
vt 0.22016843 0.96155941
vt 0.22020227 0.64162838
vt 0.22023928 0.95263994
vt 0.22421497 0.95257759
vt 0.22421497 0.95257759
vt 0.22418094 0.64169002
vt 0.22020227 0.64162838
vt 0.22010079 0.63011736
vt 0.22020227 0.64162838
vt 0.22418094 0.64169002
vt 0.22418094 0.64169002
vt 0.22407219 0.62954021
vt 0.22010079 0.63011736
vt 0.22010079 0.63011736
vt 0.22407219 0.62954021
vt 0.22406036 0.62822014
vt 0.22406036 0.62822014
vt 0.22008318 0.62811840
vt 0.22010079 0.63011736
vt 0.22049701 0.61452681
vt 0.22008318 0.62811840
vt 0.22406036 0.62822014
vt 0.22406036 0.62822014
vt 0.22448909 0.61516017
vt 0.22049701 0.61452681
vt 0.30849007 0.62971365
vt 0.31245762 0.62950599
vt 0.31151804 0.61602890
vt 0.31151804 0.61602890
vt 0.30755273 0.61672139
vt 0.30849007 0.62971365
vt 0.31245762 0.62950599
vt 0.30849007 0.62971365
vt 0.30857331 0.63328052
vt 0.30857331 0.63328052
vt 0.31255749 0.63370353
vt 0.31245762 0.62950599
vt 0.31255749 0.63370353
vt 0.30857331 0.63328052
vt 0.30879766 0.64289600
vt 0.30879766 0.64289600
vt 0.31276974 0.64262515
vt 0.31255749 0.63370353
vt 0.31348822 0.71873963
vt 0.31276974 0.64262515
vt 0.30879766 0.64289600
vt 0.30879766 0.64289600
vt 0.30951414 0.72079200
vt 0.31348822 0.71873963
vt 0.31322014 0.78095037
vt 0.31348822 0.71873963
vt 0.30951414 0.72079200
vt 0.30951414 0.72079200
vt 0.30924016 0.78151453
vt 0.31322014 0.78095037
vt 0.31322014 0.78095037
vt 0.30924016 0.78151453
vt 0.30930793 0.84195614
vt 0.30930793 0.84195614
vt 0.31328726 0.84316814
vt 0.31322014 0.78095037
vt 0.31328726 0.84316814
vt 0.30930793 0.84195614
vt 0.30956146 0.90292430
vt 0.30956146 0.90292430
vt 0.31353575 0.90536141
vt 0.31328726 0.84316814
vt 0.31353575 0.90536141
vt 0.30956146 0.90292430
vt 0.30894783 0.95297402
vt 0.30894783 0.95297402
vt 0.31291854 0.95340335
vt 0.31353575 0.90536141
vt 0.31273818 0.96204323
vt 0.31291854 0.95340335
vt 0.30894783 0.95297402
vt 0.30894783 0.95297402
vt 0.30875257 0.96245265
vt 0.31273818 0.96204323
vt 0.31273818 0.96204323
vt 0.30875257 0.96245265
vt 0.30867615 0.96616149
vt 0.30867615 0.96616149
vt 0.31264773 0.96637636
vt 0.31273818 0.96204323
vt 0.31166494 0.97943330
vt 0.31264773 0.96637636
vt 0.30867615 0.96616149
vt 0.30867615 0.96616149
vt 0.30768201 0.97893703
vt 0.31166494 0.97943330
vt 0.04513939 0.23522514
vt 0.00507373 0.06279594
vt 0.00507373 0.25622255
vt 0.00507373 0.25622255
vt 0.04513301 0.25622255
vt 0.04513939 0.23522514
vt 0.04511741 0.30774277
vt 0.04513301 0.25622255
vt 0.00507373 0.25622255
vt 0.04513939 0.23522514
vt 0.04518858 0.07274771
vt 0.00507373 0.06279594
vt 0.04511741 0.30774277
vt 0.00507373 0.25622255
vt 0.00488281 0.40518457
vt 0.00488281 0.40518457
vt 0.04508125 0.42726833
vt 0.04511741 0.30774277
vt 0.04508125 0.42726833
vt 0.00488281 0.40518457
vt 0.00507361 0.51941872
vt 0.00507361 0.51941872
vt 0.04505353 0.51881605
vt 0.04508125 0.42726833
vt 0.04505188 0.52426821
vt 0.04505353 0.51881605
vt 0.00507361 0.51941872
vt 0.00507361 0.51941872
vt 0.00507362 0.52429259
vt 0.04505188 0.52426821
vt 0.04518858 0.07274771
vt 0.02374841 0.06279594
vt 0.00507373 0.06279594
vt 0.00507373 0.05412781
vt 0.00507373 0.06279594
vt 0.02374841 0.06279594
vt 0.04518858 0.07274771
vt 0.04519163 0.06279594
vt 0.02374841 0.06279594
vt 0.04504378 0.55093980
vt 0.04505188 0.52426821
vt 0.00507362 0.52429259
vt 0.17056844 0.52419180
vt 0.04505188 0.52426821
vt 0.04504378 0.55093980
vt 0.00507362 0.52429259
vt 0.00507373 0.55945700
vt 0.04504378 0.55093980
vt 0.17056844 0.52419180
vt 0.04504378 0.55093980
vt 0.04504051 0.56164080
vt 0.04504051 0.56164080
vt 0.04504378 0.55093980
vt 0.00507373 0.55945700
vt 0.04504051 0.56164080
vt 0.17926283 0.52418649
vt 0.17056844 0.52419180
vt 0.00507373 0.55945700
vt 0.00676727 0.57232082
vt 0.04504051 0.56164080
vt 0.17926283 0.52418649
vt 0.04504051 0.56164080
vt 0.04503723 0.57257384
vt 0.04503723 0.57257384
vt 0.04504051 0.56164080
vt 0.00676727 0.57232082
vt 0.04503723 0.57257384
vt 0.18472047 0.52418321
vt 0.17926283 0.52418649
vt 0.00676727 0.57232082
vt 0.01166138 0.58413625
vt 0.04503723 0.57257384
vt 0.18844336 0.52418095
vt 0.18472047 0.52418321
vt 0.04503723 0.57257384
vt 0.04503389 0.58366853
vt 0.04503723 0.57257384
vt 0.01166138 0.58413625
vt 0.04503723 0.57257384
vt 0.04503389 0.58366853
vt 0.18844336 0.52418095
vt 0.01166138 0.58413625
vt 0.01944673 0.59428233
vt 0.04503389 0.58366853
vt 0.19108126 0.52417934
vt 0.18844336 0.52418095
vt 0.04503389 0.58366853
vt 0.04503389 0.58366853
vt 0.01944673 0.59428233
vt 0.02959549 0.60206294
vt 0.04503389 0.58366853
vt 0.04503055 0.59461874
vt 0.19108126 0.52417934
vt 0.02959549 0.60206294
vt 0.04503055 0.59461874
vt 0.04503389 0.58366853
vt 0.19297710 0.52417815
vt 0.19108126 0.52417934
vt 0.04503055 0.59461874
vt 0.04503055 0.59461874
vt 0.02959549 0.60206294
vt 0.04140815 0.60696173
vt 0.04140815 0.60696173
vt 0.04502741 0.60498500
vt 0.04503055 0.59461874
vt 0.04503055 0.59461874
vt 0.04502741 0.60498500
vt 0.19297710 0.52417815
vt 0.04140815 0.60696173
vt 0.04502669 0.60742712
vt 0.04502741 0.60498500
vt 0.04502741 0.60498500
vt 0.04502669 0.60742712
vt 0.05427462 0.60861659
vt 0.19297710 0.52417815
vt 0.04502741 0.60498500
vt 0.05427462 0.60861659
vt 0.19297710 0.52417815
vt 0.05427462 0.60861659
vt 0.19432387 0.52417737
vt 0.19432387 0.52417737
vt 0.05427462 0.60861659
vt 0.10454217 0.60925257
vt 0.10454217 0.60925257
vt 0.19864039 0.52417475
vt 0.19432387 0.52417737
vt 0.19864039 0.52417475
vt 0.10454217 0.60925257
vt 0.16552994 0.60878861
vt 0.16552994 0.60878861
vt 0.20374842 0.52417165
vt 0.19864039 0.52417475
vt 0.20374842 0.52417165
vt 0.16552994 0.60878861
vt 0.22598305 0.60868371
vt 0.22598305 0.60868371
vt 0.20885238 0.52416849
vt 0.20374842 0.52417165
vt 0.21395229 0.52416539
vt 0.20885238 0.52416849
vt 0.22598305 0.60868371
vt 0.22598305 0.60868371
vt 0.28671381 0.60906267
vt 0.21395229 0.52416539
vt 0.22058110 0.52416134
vt 0.21395229 0.52416539
vt 0.28671381 0.60906267
vt 0.28671381 0.60906267
vt 0.36491078 0.60864544
vt 0.22058110 0.52416134
vt 0.36491078 0.60864544
vt 0.22193325 0.52416056
vt 0.22058110 0.52416134
vt 0.36491078 0.60864544
vt 0.37430292 0.60511684
vt 0.22193325 0.52416056
vt 0.36491078 0.60864544
vt 0.37429443 0.60741735
vt 0.37430292 0.60511684
vt 0.37430292 0.60511684
vt 0.37429443 0.60741735
vt 0.37777525 0.60696179
vt 0.22193325 0.52416056
vt 0.37430292 0.60511684
vt 0.37434092 0.59484684
vt 0.37434092 0.59484684
vt 0.37430292 0.60511684
vt 0.37777525 0.60696179
vt 0.37434092 0.59484684
vt 0.22385325 0.52415943
vt 0.22193325 0.52416056
vt 0.37777525 0.60696179
vt 0.38965595 0.60204065
vt 0.37434092 0.59484684
vt 0.22385325 0.52415943
vt 0.37434092 0.59484684
vt 0.37436932 0.58715278
vt 0.37436932 0.58715278
vt 0.37434092 0.59484684
vt 0.38965595 0.60204065
vt 0.37436932 0.58715278
vt 0.22565618 0.52415830
vt 0.22385325 0.52415943
vt 0.38965595 0.60204065
vt 0.39718604 0.59681791
vt 0.37436932 0.58715278
vt 0.22565618 0.52415830
vt 0.37436932 0.58715278
vt 0.37442189 0.57289994
vt 0.37442189 0.57289994
vt 0.37436932 0.58715278
vt 0.39718604 0.59681791
vt 0.37442189 0.57289994
vt 0.23029038 0.52415544
vt 0.22565618 0.52415830
vt 0.39718604 0.59681791
vt 0.40753728 0.58409935
vt 0.37442189 0.57289994
vt 0.23580271 0.52415210
vt 0.23029038 0.52415544
vt 0.37442189 0.57289994
vt 0.37442189 0.57289994
vt 0.40753728 0.58409935
vt 0.41241613 0.57232088
vt 0.37442189 0.57289994
vt 0.37446231 0.56196952
vt 0.23580271 0.52415210
vt 0.41241613 0.57232088
vt 0.37446231 0.56196952
vt 0.37442189 0.57289994
vt 0.24460104 0.52414680
vt 0.23580271 0.52415210
vt 0.37446231 0.56196952
vt 0.37446231 0.56196952
vt 0.41241613 0.57232088
vt 0.41410974 0.55945706
vt 0.37446231 0.56196952
vt 0.37450209 0.55120641
vt 0.24460104 0.52414680
vt 0.41410974 0.55945706
vt 0.37450209 0.55120641
vt 0.37446231 0.56196952
vt 0.37450209 0.55120641
vt 0.37460232 0.52406764
vt 0.24460104 0.52414680
vt 0.37450209 0.55120641
vt 0.41410974 0.55945706
vt 0.41410983 0.52404362
vt 0.41410983 0.52404362
vt 0.37460232 0.52406764
vt 0.37450209 0.55120641
vt 0.37460232 0.52406764
vt 0.41410983 0.52404362
vt 0.41410986 0.51941967
vt 0.41410986 0.51941967
vt 0.37462169 0.51883757
vt 0.37460232 0.52406764
vt 0.37496367 0.42628497
vt 0.37462169 0.51883757
vt 0.41410986 0.51941967
vt 0.41410986 0.51941967
vt 0.41429317 0.40515673
vt 0.37496367 0.42628497
vt 0.37541211 0.30489415
vt 0.37496367 0.42628497
vt 0.41429317 0.40515673
vt 0.41429317 0.40515673
vt 0.41410974 0.25622261
vt 0.37541211 0.30489415
vt 0.41410974 0.25622261
vt 0.37559193 0.25622261
vt 0.37541211 0.30489415
vt 0.37566635 0.23607898
vt 0.37559193 0.25622261
vt 0.41410974 0.25622261
vt 0.37566635 0.23607898
vt 0.41410974 0.25622261
vt 0.41410986 0.06279600
vt 0.37627381 0.07168686
vt 0.37566635 0.23607898
vt 0.41410986 0.06279600
vt 0.37627381 0.07168686
vt 0.41410986 0.06279600
vt 0.39543182 0.06279600
vt 0.39543182 0.06279600
vt 0.41410986 0.06279600
vt 0.41410986 0.05412781
vt 0.39543182 0.06279600
vt 0.37630659 0.06279594
vt 0.37627381 0.07168686
vt 0.39543182 0.06279600
vt 0.41410986 0.05412781
vt 0.41241622 0.04126400
vt 0.39543182 0.06279600
vt 0.37631524 0.06044710
vt 0.37630659 0.06279594
vt 0.39543182 0.06279600
vt 0.41241622 0.04126400
vt 0.37631524 0.06044710
vt 0.37189490 0.06279600
vt 0.37630659 0.06279594
vt 0.37631524 0.06044710
vt 0.37636003 0.04833239
vt 0.37631524 0.06044710
vt 0.41241622 0.04126400
vt 0.37189490 0.06279600
vt 0.37631524 0.06044710
vt 0.37636003 0.04833239
vt 0.41241622 0.04126400
vt 0.40754405 0.02950138
vt 0.37636003 0.04833239
vt 0.37636003 0.04833239
vt 0.35240841 0.06279600
vt 0.37189490 0.06279600
vt 0.37641862 0.03247231
vt 0.37636003 0.04833239
vt 0.40754405 0.02950138
vt 0.35240841 0.06279600
vt 0.37636003 0.04833239
vt 0.37641862 0.03247231
vt 0.40754405 0.02950138
vt 0.39765599 0.01763344
vt 0.37641862 0.03247231
vt 0.37641862 0.03247231
vt 0.33301935 0.06279600
vt 0.35240841 0.06279600
vt 0.37645894 0.02155858
vt 0.37641862 0.03247231
vt 0.39765599 0.01763344
vt 0.33301935 0.06279600
vt 0.37641862 0.03247231
vt 0.37645894 0.02155858
vt 0.37645894 0.02155858
vt 0.32247916 0.06279600
vt 0.33301935 0.06279600
vt 0.39765599 0.01763344
vt 0.38959870 0.01152050
vt 0.37645894 0.02155858
vt 0.31143659 0.06279600
vt 0.32247916 0.06279600
vt 0.37645894 0.02155858
vt 0.37651014 0.00769448
vt 0.37645894 0.02155858
vt 0.38959870 0.01152050
vt 0.37645894 0.02155858
vt 0.37651014 0.00769448
vt 0.31143659 0.06279600
vt 0.38959870 0.01152050
vt 0.37777540 0.00662315
vt 0.37651014 0.00769448
vt 0.37777540 0.00662315
vt 0.37651473 0.00645715
vt 0.37651014 0.00769448
vt 0.37651014 0.00769448
vt 0.37651473 0.00645715
vt 0.36491141 0.00492960
vt 0.31143659 0.06279600
vt 0.37651014 0.00769448
vt 0.36491141 0.00492960
vt 0.31143659 0.06279600
vt 0.36491141 0.00492960
vt 0.30254072 0.06279600
vt 0.30254072 0.06279600
vt 0.36491141 0.00492960
vt 0.05427212 0.00492954
vt 0.05427212 0.00492954
vt 0.11662801 0.06279594
vt 0.30254072 0.06279600
vt 0.05427212 0.00492954
vt 0.10773243 0.06279594
vt 0.11662801 0.06279594
vt 0.05427212 0.00492954
vt 0.04520766 0.00984102
vt 0.10773243 0.06279594
vt 0.05427212 0.00492954
vt 0.04520880 0.00612277
vt 0.04520766 0.00984102
vt 0.04520766 0.00984102
vt 0.04520880 0.00612277
vt 0.04140821 0.00662309
vt 0.09669840 0.06279594
vt 0.10773243 0.06279594
vt 0.04520766 0.00984102
vt 0.04520766 0.00984102
vt 0.04140821 0.00662309
vt 0.02959287 0.01151717
vt 0.04520766 0.00984102
vt 0.04520357 0.02344614
vt 0.09669840 0.06279594
vt 0.02959287 0.01151717
vt 0.04520357 0.02344614
vt 0.04520766 0.00984102
vt 0.08318050 0.06279594
vt 0.09669840 0.06279594
vt 0.04520357 0.02344614
vt 0.04520357 0.02344614
vt 0.02959287 0.01151717
vt 0.01944673 0.01930249
vt 0.04520357 0.02344614
vt 0.04519945 0.03687680
vt 0.08318050 0.06279594
vt 0.01944673 0.01930249
vt 0.04519945 0.03687680
vt 0.04520357 0.02344614
vt 0.06684364 0.06279594
vt 0.08318050 0.06279594
vt 0.04519945 0.03687680
vt 0.04519945 0.03687680
vt 0.01944673 0.01930249
vt 0.01166144 0.02944857
vt 0.04519945 0.03687680
vt 0.04519559 0.04971373
vt 0.06684364 0.06279594
vt 0.01166144 0.02944857
vt 0.04519559 0.04971373
vt 0.04519945 0.03687680
vt 0.04728129 0.06279594
vt 0.06684364 0.06279594
vt 0.04519559 0.04971373
vt 0.04519559 0.04971373
vt 0.01166144 0.02944857
vt 0.00676733 0.04126394
vt 0.04519559 0.04971373
vt 0.04519197 0.06168556
vt 0.04728129 0.06279594
vt 0.00676733 0.04126394
vt 0.04519197 0.06168556
vt 0.04519559 0.04971373
vt 0.04519197 0.06168556
vt 0.04519163 0.06279594
vt 0.04728129 0.06279594
vt 0.04519197 0.06168556
vt 0.00676733 0.04126394
vt 0.00507373 0.05412781
vt 0.04519197 0.06168556
vt 0.02374841 0.06279594
vt 0.04519163 0.06279594
vt 0.04519197 0.06168556
vt 0.00507373 0.05412781
vt 0.02374841 0.06279594
vt 0.85480374 0.09736937
vt 0.83684850 0.12154245
vt 0.83722508 0.12594563
vt 0.85480374 0.09736937
vt 0.85405916 0.08741516
vt 0.83684850 0.12154245
vt 0.85405916 0.08741516
vt 0.83409423 0.08933997
vt 0.83684850 0.12154245
vt 0.83409423 0.08933997
vt 0.85405916 0.08741516
vt 0.85279399 0.07478565
vt 0.85279399 0.07478565
vt 0.83295786 0.07728457
vt 0.83409423 0.08933997
vt 0.83295786 0.07728457
vt 0.85279399 0.07478565
vt 0.85100603 0.06216514
vt 0.85100603 0.06216514
vt 0.83130592 0.06534350
vt 0.83295786 0.07728457
vt 0.83130592 0.06534350
vt 0.85100603 0.06216514
vt 0.84867942 0.04965949
vt 0.84867942 0.04965949
vt 0.82916325 0.05345380
vt 0.83130592 0.06534350
vt 0.82629585 0.04127508
vt 0.82916325 0.05345380
vt 0.84867942 0.04965949
vt 0.84867942 0.04965949
vt 0.84541166 0.03564322
vt 0.82629585 0.04127508
vt 0.85480374 0.09736937
vt 0.83722508 0.12594563
vt 0.88444507 0.12201297
vt 0.88444507 0.12201297
vt 0.88282448 0.09519196
vt 0.85480374 0.09736937
vt 0.88444507 0.12201297
vt 0.83722508 0.12594563
vt 0.85855764 0.15551853
vt 0.85855764 0.15551853
vt 0.88776904 0.15116990
vt 0.88444507 0.12201297
vt 0.85855764 0.15551853
vt 0.83722508 0.12594563
vt 0.83961785 0.23104542
vt 0.83961785 0.23104542
vt 0.85956997 0.22000664
vt 0.85855764 0.15551853
vt 0.85956997 0.22000664
vt 0.83961785 0.23104542
vt 0.88748270 0.23368645
vt 0.88748270 0.23368645
vt 0.88792980 0.22245491
vt 0.85956997 0.22000664
vt 0.88268107 0.36806250
vt 0.88748270 0.23368645
vt 0.83961785 0.23104542
vt 0.83961785 0.23104542
vt 0.83405340 0.36668134
vt 0.88268107 0.36806250
vt 0.82946610 0.54386848
vt 0.88268107 0.36806250
vt 0.83405340 0.36668134
vt 0.82946610 0.54386848
vt 0.82925612 0.55197781
vt 0.88268107 0.36806250
vt 0.82925612 0.55197781
vt 0.87777394 0.55321383
vt 0.88268107 0.36806250
vt 0.87777394 0.55321383
vt 0.82925612 0.55197781
vt 0.82908708 0.56433129
vt 0.82908708 0.56433129
vt 0.87729067 0.56555146
vt 0.87777394 0.55321383
vt 0.87729067 0.56555146
vt 0.82908708 0.56433129
vt 0.82874292 0.57665610
vt 0.82874292 0.57665610
vt 0.87693459 0.57791644
vt 0.87729067 0.56555146
vt 0.87693459 0.57791644
vt 0.82874292 0.57665610
vt 0.82827759 0.58897066
vt 0.82827759 0.58897066
vt 0.87666649 0.59029830
vt 0.87693459 0.57791644
vt 0.87666649 0.59029830
vt 0.82827759 0.58897066
vt 0.82746178 0.60122615
vt 0.82746178 0.60122615
vt 0.87676293 0.60276306
vt 0.87666649 0.59029830
vt 0.16691220 0.97957891
vt 0.22056979 0.97970629
vt 0.22013223 0.96611661
vt 0.22013223 0.96611661
vt 0.16735482 0.96615881
vt 0.16691220 0.97957891
vt 0.16735482 0.96615881
vt 0.22013223 0.96611661
vt 0.22016843 0.96155941
vt 0.16726142 0.95264566
vt 0.16735482 0.96615881
vt 0.22016843 0.96155941
vt 0.16726142 0.95264566
vt 0.22016843 0.96155941
vt 0.22023928 0.95263994
vt 0.16726142 0.95264566
vt 0.22023928 0.95263994
vt 0.22020227 0.64162838
vt 0.22020227 0.64162838
vt 0.16722304 0.64163685
vt 0.16726142 0.95264566
vt 0.16722304 0.64163685
vt 0.22020227 0.64162838
vt 0.22010079 0.63011736
vt 0.16731900 0.62815797
vt 0.16722304 0.64163685
vt 0.22010079 0.63011736
vt 0.16731900 0.62815797
vt 0.22010079 0.63011736
vt 0.22008318 0.62811840
vt 0.16684830 0.61473954
vt 0.16731900 0.62815797
vt 0.22008318 0.62811840
vt 0.22008318 0.62811840
vt 0.22049701 0.61452681
vt 0.16684830 0.61473954
vt 0.50996488 0.02094018
vt 0.47003311 0.00424051
vt 0.46597630 0.00424218
vt 0.50996488 0.02094018
vt 0.48992148 0.00423181
vt 0.47003311 0.00424051
vt 0.50996488 0.02094018
vt 0.46597630 0.00424218
vt 0.46021578 0.00424457
vt 0.50996488 0.02094018
vt 0.50522274 0.00422513
vt 0.48992148 0.00423181
vt 0.50996488 0.02094018
vt 0.46021578 0.00424457
vt 0.45480645 0.00424707
vt 0.50996488 0.02094018
vt 0.52053607 0.00421834
vt 0.50522274 0.00422513
vt 0.50996488 0.02094018
vt 0.45480645 0.00424707
vt 0.44090253 0.00425315
vt 0.50996488 0.02094018
vt 0.53586167 0.00421172
vt 0.52053607 0.00421834
vt 0.50996488 0.02094018
vt 0.44090253 0.00425315
vt 0.42436391 0.00426030
vt 0.50996488 0.02094018
vt 0.54881245 0.00420612
vt 0.53586167 0.00421172
vt 0.50996488 0.02094018
vt 0.55285311 0.00420439
vt 0.54881245 0.00420612
vt 0.50996488 0.02094018
vt 0.55854124 0.00420195
vt 0.55285311 0.00420439
vt 0.50996488 0.02094018
vt 0.56645572 0.00419843
vt 0.55854124 0.00420195
vt 0.50996488 0.02094018
vt 0.57762539 0.00419360
vt 0.56645572 0.00419843
vt 0.50996488 0.02094018
vt 0.59399992 0.00418657
vt 0.57762539 0.00419360
vt 0.50996488 0.02094018
vt 0.42436391 0.00426030
vt 0.39796638 0.00427169
vt 0.50996488 0.02094018
vt 0.62008566 0.00417519
vt 0.59399992 0.00418657
vt 0.39796638 0.00427169
vt 0.00792480 0.00444144
vt 0.00786674 0.01565236
vt 0.00786674 0.01565236
vt 0.50996488 0.02094018
vt 0.39796638 0.00427169
vt 0.50996488 0.02094018
vt 0.00786674 0.01565236
vt 0.00684074 0.21404529
vt 0.50996488 0.02094018
vt 0.00684074 0.21404529
vt 0.00549531 0.47425491
vt 0.99666679 0.01569837
vt 0.99667180 0.00401133
vt 0.62008566 0.00417519
vt 0.62008566 0.00417519
vt 0.50996488 0.02094018
vt 0.99666679 0.01569837
vt 0.50996488 0.02094018
vt 0.99658370 0.21193725
vt 0.99666679 0.01569837
vt 0.50996488 0.02094018
vt 0.99647522 0.46814853
vt 0.99658370 0.21193725
vt 0.00495580 0.57858568
vt 0.50996488 0.02094018
vt 0.00549531 0.47425491
vt 0.00495580 0.57858568
vt 0.99647522 0.46814853
vt 0.50996488 0.02094018
vt 0.00495580 0.57858568
vt 0.99642837 0.57858574
vt 0.99647522 0.46814853
vt 0.99640930 0.62359512
vt 0.99642837 0.57858574
vt 0.00495580 0.57858568
vt 0.50305980 0.80831873
vt 0.99640930 0.62359512
vt 0.00495580 0.57858568
vt 0.50305980 0.80831873
vt 0.00495580 0.57858568
vt 0.00473255 0.62176490
vt 0.50305980 0.80831873
vt 0.99626184 0.97187662
vt 0.99640930 0.62359512
vt 0.50305980 0.80831873
vt 0.00473255 0.62176490
vt 0.00291002 0.97415078
vt 0.98998308 0.99320900
vt 0.99625266 0.99320900
vt 0.99626184 0.97187662
vt 0.99626184 0.97187662
vt 0.50305980 0.80831873
vt 0.98998308 0.99320900
vt 0.50305980 0.80831873
vt 0.93129051 0.99320900
vt 0.98998308 0.99320900
vt 0.50305980 0.80831873
vt 0.88227499 0.99320900
vt 0.93129051 0.99320900
vt 0.50305980 0.80831873
vt 0.84171736 0.99320900
vt 0.88227499 0.99320900
vt 0.50305980 0.80831873
vt 0.80861211 0.99320900
vt 0.84171736 0.99320900
vt 0.50305980 0.80831873
vt 0.78192276 0.99320900
vt 0.80861211 0.99320900
vt 0.50305980 0.80831873
vt 0.22413075 0.99320900
vt 0.78192276 0.99320900
vt 0.50305980 0.80831873
vt 0.19744051 0.99320900
vt 0.22413075 0.99320900
vt 0.50305980 0.80831873
vt 0.16430962 0.99320900
vt 0.19744051 0.99320900
vt 0.50305980 0.80831873
vt 0.13268599 0.99320900
vt 0.16430962 0.99320900
vt 0.50305980 0.80831873
vt 0.07451311 0.99320900
vt 0.13268599 0.99320900
vt 0.50305980 0.80831873
vt 0.01604789 0.99320906
vt 0.07451311 0.99320900
vt 0.01604789 0.99320906
vt 0.50305980 0.80831873
vt 0.00291002 0.97415078
vt 0.00291002 0.97415078
vt 0.00281164 0.99320906
vt 0.01604789 0.99320906
vt 0.65551579 0.64216530
vt 0.65382349 0.63952136
vt 0.65176773 0.64162022
vt 0.65176773 0.64162022
vt 0.65461707 0.64302468
vt 0.65551579 0.64216530
vt 0.65602815 0.85765517
vt 0.65571666 0.64315194
vt 0.65461707 0.64302468
vt 0.65461707 0.64302468
vt 0.65489352 0.85779595
vt 0.65602815 0.85765517
vt 0.65715230 0.86133194
vt 0.65602815 0.85765517
vt 0.65489352 0.85779595
vt 0.65489352 0.85779595
vt 0.65623510 0.86187053
vt 0.65715230 0.86133194
vt 0.65974092 0.86395371
vt 0.65715230 0.86133194
vt 0.65623510 0.86187053
vt 0.65623510 0.86187053
vt 0.65917206 0.86486351
vt 0.65974092 0.86395371
vt 0.65974092 0.86395371
vt 0.65917206 0.86486351
vt 0.66326535 0.86618721
vt 0.66326535 0.86618721
vt 0.66343784 0.86506820
vt 0.65974092 0.86395371
vt 0.68009818 0.86496186
vt 0.66343784 0.86506820
vt 0.66326535 0.86618721
vt 0.66326535 0.86618721
vt 0.68028271 0.86608839
vt 0.68009818 0.86496186
vt 0.68379259 0.86383235
vt 0.68009818 0.86496186
vt 0.68028271 0.86608839
vt 0.68028271 0.86608839
vt 0.68434346 0.86474657
vt 0.68379259 0.86383235
vt 0.68639576 0.86125612
vt 0.68379259 0.86383235
vt 0.68434346 0.86474657
vt 0.68434346 0.86474657
vt 0.68731236 0.86181223
vt 0.68639576 0.86125612
vt 0.68639576 0.86125612
vt 0.68731236 0.86181223
vt 0.68860412 0.85773420
vt 0.68860412 0.85773420
vt 0.68746901 0.85760522
vt 0.68639576 0.86125612
vt 0.68746901 0.85760522
vt 0.68860412 0.85773420
vt 0.68791521 0.64297134
vt 0.68791521 0.64297134
vt 0.68681645 0.64310110
vt 0.68746901 0.85760522
vt 0.68702555 0.64209926
vt 0.65551579 0.64216530
vt 0.65571666 0.64315194
vt 0.65571666 0.64315194
vt 0.68681645 0.64310110
vt 0.68702555 0.64209926
vt 0.68791521 0.64297134
vt 0.69074690 0.64153576
vt 0.68858135 0.63960814
vt 0.68858135 0.63960814
vt 0.68702555 0.64209926
vt 0.68791521 0.64297134
vt 0.63688207 0.86396933
vt 0.63744354 0.86486816
vt 0.64032364 0.86184037
vt 0.63341737 0.86627352
vt 0.63744354 0.86486816
vt 0.63688207 0.86396933
vt 0.64032364 0.86184037
vt 0.63939643 0.86130536
vt 0.63688207 0.86396933
vt 0.63688207 0.86396933
vt 0.63324177 0.86515188
vt 0.63341737 0.86627352
vt 0.63939643 0.86130536
vt 0.64032364 0.86184037
vt 0.64155680 0.85774112
vt 0.59828842 0.86641526
vt 0.63341737 0.86627352
vt 0.63324177 0.86515188
vt 0.64155680 0.85774112
vt 0.64042473 0.85761797
vt 0.63939643 0.86130536
vt 0.64042473 0.85761797
vt 0.64155680 0.85774112
vt 0.64057887 0.64320904
vt 0.64057887 0.64320904
vt 0.63948548 0.64334488
vt 0.64042473 0.85761797
vt 0.63324177 0.86515188
vt 0.59844816 0.86529148
vt 0.59828842 0.86641526
vt 0.59828842 0.86641526
vt 0.59844816 0.86529148
vt 0.59479678 0.86420083
vt 0.59479678 0.86420083
vt 0.59422833 0.86510575
vt 0.59828842 0.86641526
vt 0.59422833 0.86510575
vt 0.59479678 0.86420083
vt 0.59224969 0.86160874
vt 0.59224969 0.86160874
vt 0.59133267 0.86214042
vt 0.59422833 0.86510575
vt 0.59003270 0.85810757
vt 0.59133267 0.86214042
vt 0.59224969 0.86160874
vt 0.59224969 0.86160874
vt 0.59116423 0.85797215
vt 0.59003270 0.85810757
vt 0.58974218 0.64312261
vt 0.59003270 0.85810757
vt 0.59116423 0.85797215
vt 0.59116423 0.85797215
vt 0.59083611 0.64325482
vt 0.58974218 0.64312261
vt 0.59066105 0.64223021
vt 0.58906692 0.63952136
vt 0.58690399 0.64172208
vt 0.58690399 0.64172208
vt 0.58974218 0.64312261
vt 0.59066105 0.64223021
vt 0.63948548 0.64334488
vt 0.63966775 0.64231354
vt 0.59066105 0.64223021
vt 0.59066105 0.64223021
vt 0.59083611 0.64325482
vt 0.63948548 0.64334488
vt 0.64116055 0.63970894
vt 0.63966775 0.64231354
vt 0.64057887 0.64320904
vt 0.64057887 0.64320904
vt 0.64340192 0.64177901
vt 0.64116055 0.63970894
vt 0.75155330 0.64216524
vt 0.74986082 0.63952136
vt 0.74780518 0.64162040
vt 0.74780518 0.64162040
vt 0.75065464 0.64302456
vt 0.75155330 0.64216524
vt 0.75209397 0.85765433
vt 0.75175434 0.64315170
vt 0.75065464 0.64302456
vt 0.75065464 0.64302456
vt 0.75095946 0.85779536
vt 0.75209397 0.85765433
vt 0.75321895 0.86133111
vt 0.75209397 0.85765433
vt 0.75095946 0.85779536
vt 0.75095946 0.85779536
vt 0.75230139 0.86186934
vt 0.75321895 0.86133111
vt 0.75580627 0.86395240
vt 0.75321895 0.86133111
vt 0.75230139 0.86186934
vt 0.75230139 0.86186934
vt 0.75523680 0.86486173
vt 0.75580627 0.86395240
vt 0.75580627 0.86395240
vt 0.75523680 0.86486173
vt 0.75932962 0.86618567
vt 0.75932962 0.86618567
vt 0.75950259 0.86506677
vt 0.75580627 0.86395240
vt 0.77615851 0.86496437
vt 0.75950259 0.86506677
vt 0.75932962 0.86618567
vt 0.75932962 0.86618567
vt 0.77634794 0.86609018
vt 0.77615851 0.86496437
vt 0.77985895 0.86383080
vt 0.77615851 0.86496437
vt 0.77634794 0.86609018
vt 0.77634794 0.86609018
vt 0.78041506 0.86474299
vt 0.77985895 0.86383080
vt 0.78246295 0.86125267
vt 0.77985895 0.86383080
vt 0.78041506 0.86474299
vt 0.78041506 0.86474299
vt 0.78338063 0.86180758
vt 0.78246295 0.86125267
vt 0.78246295 0.86125267
vt 0.78338063 0.86180758
vt 0.78466964 0.85773039
vt 0.78466964 0.85773039
vt 0.78353459 0.85760295
vt 0.78246295 0.86125267
vt 0.78353459 0.85760295
vt 0.78466964 0.85773039
vt 0.78395247 0.64296818
vt 0.78395247 0.64296818
vt 0.78285372 0.64309800
vt 0.78353459 0.85760295
vt 0.78306270 0.64209610
vt 0.75155330 0.64216524
vt 0.75175434 0.64315170
vt 0.75175434 0.64315170
vt 0.78285372 0.64309800
vt 0.78306270 0.64209610
vt 0.78395247 0.64296818
vt 0.78678405 0.64153230
vt 0.78461826 0.63960499
vt 0.78461826 0.63960499
vt 0.78306270 0.64209610
vt 0.78395247 0.64296818
vt 0.70389521 0.64216495
vt 0.70220208 0.63952136
vt 0.70014787 0.64162028
vt 0.70014787 0.64162028
vt 0.70299745 0.64302450
vt 0.70389521 0.64216495
vt 0.70438755 0.85765433
vt 0.70409715 0.64315152
vt 0.70299745 0.64302450
vt 0.70299745 0.64302450
vt 0.70325303 0.85779548
vt 0.70438755 0.85765433
vt 0.70551336 0.86133194
vt 0.70438755 0.85765433
vt 0.70325303 0.85779548
vt 0.70325303 0.85779548
vt 0.70459580 0.86187053
vt 0.70551336 0.86133194
vt 0.70551336 0.86133194
vt 0.70459580 0.86187053
vt 0.70753211 0.86486292
vt 0.70753211 0.86486292
vt 0.70810115 0.86395335
vt 0.70551336 0.86133194
vt 0.70810115 0.86395335
vt 0.70753211 0.86486292
vt 0.71162480 0.86618614
vt 0.71162480 0.86618614
vt 0.71179718 0.86506724
vt 0.70810115 0.86395335
vt 0.72845483 0.86496377
vt 0.71179718 0.86506724
vt 0.71162480 0.86618614
vt 0.71162480 0.86618614
vt 0.72863889 0.86609018
vt 0.72845483 0.86496377
vt 0.73214847 0.86383557
vt 0.72845483 0.86496377
vt 0.72863889 0.86609018
vt 0.72863889 0.86609018
vt 0.73269939 0.86474967
vt 0.73214847 0.86383557
vt 0.73475313 0.86125958
vt 0.73214847 0.86383557
vt 0.73269939 0.86474967
vt 0.73269939 0.86474967
vt 0.73566914 0.86181641
vt 0.73475313 0.86125958
vt 0.73475313 0.86125958
vt 0.73566914 0.86181641
vt 0.73696375 0.85773766
vt 0.73696375 0.85773766
vt 0.73582864 0.85760856
vt 0.73475313 0.86125958
vt 0.73582864 0.85760856
vt 0.73696375 0.85773766
vt 0.73629582 0.64297408
vt 0.73629582 0.64297408
vt 0.73519707 0.64310348
vt 0.73582864 0.85760856
vt 0.73540676 0.64210176
vt 0.70389521 0.64216495
vt 0.70409715 0.64315152
vt 0.70409715 0.64315152
vt 0.73519707 0.64310348
vt 0.73540676 0.64210176
vt 0.73629582 0.64297408
vt 0.73912764 0.64153862
vt 0.73696280 0.63961095
vt 0.73696280 0.63961095
vt 0.73540676 0.64210176
vt 0.73629582 0.64297408
vt 0.83019251 0.86390424
vt 0.83074874 0.86481237
vt 0.83368647 0.86181843
vt 0.82668543 0.86616313
vt 0.83074874 0.86481237
vt 0.83019251 0.86390424
vt 0.83368647 0.86181843
vt 0.83276385 0.86126947
vt 0.83019251 0.86390424
vt 0.83019251 0.86390424
vt 0.82650322 0.86504090
vt 0.82668543 0.86616313
vt 0.83276385 0.86126947
vt 0.83368647 0.86181843
vt 0.83499283 0.85772204
vt 0.80968207 0.86612213
vt 0.82668543 0.86616313
vt 0.82650322 0.86504090
vt 0.83499283 0.85772204
vt 0.83385789 0.85758960
vt 0.83276385 0.86126947
vt 0.83385789 0.85758960
vt 0.83499283 0.85772204
vt 0.83427221 0.64298677
vt 0.83427221 0.64298677
vt 0.83317327 0.64311600
vt 0.83385789 0.85758960
vt 0.82650322 0.86504090
vt 0.80985326 0.86499798
vt 0.80968207 0.86612213
vt 0.80968207 0.86612213
vt 0.80985326 0.86499798
vt 0.80614829 0.86392045
vt 0.80614829 0.86392045
vt 0.80558085 0.86483216
vt 0.80968207 0.86612213
vt 0.80263358 0.86187160
vt 0.80558085 0.86483216
vt 0.80614829 0.86392045
vt 0.80614829 0.86392045
vt 0.80355006 0.86133134
vt 0.80263358 0.86187160
vt 0.80127811 0.85782552
vt 0.80263358 0.86187160
vt 0.80355006 0.86133134
vt 0.80355006 0.86133134
vt 0.80241257 0.85768425
vt 0.80127811 0.85782552
vt 0.80097622 0.64302510
vt 0.80127811 0.85782552
vt 0.80241257 0.85768425
vt 0.80241257 0.85768425
vt 0.80207580 0.64315277
vt 0.80097622 0.64302510
vt 0.80187529 0.64216608
vt 0.80018431 0.63952136
vt 0.79812747 0.64161915
vt 0.79812747 0.64161915
vt 0.80097622 0.64302510
vt 0.80187529 0.64216608
vt 0.83317327 0.64311600
vt 0.83338279 0.64211422
vt 0.80187529 0.64216608
vt 0.80187529 0.64216608
vt 0.80207580 0.64315277
vt 0.83317327 0.64311600
vt 0.83427221 0.64298677
vt 0.83710462 0.64155239
vt 0.83493984 0.63962382
vt 0.83493984 0.63962382
vt 0.83338279 0.64211422
vt 0.83427221 0.64298677
vt 0.66343784 0.86506820
vt 0.68009818 0.86496186
vt 0.68746901 0.85760522
vt 0.68639576 0.86125612
vt 0.68746901 0.85760522
vt 0.68009818 0.86496186
vt 0.68009818 0.86496186
vt 0.68379259 0.86383235
vt 0.68639576 0.86125612
vt 0.68746901 0.85760522
vt 0.65602815 0.85765517
vt 0.66343784 0.86506820
vt 0.66343784 0.86506820
vt 0.65602815 0.85765517
vt 0.65715230 0.86133194
vt 0.65715230 0.86133194
vt 0.65974092 0.86395371
vt 0.66343784 0.86506820
vt 0.65571666 0.64315194
vt 0.65602815 0.85765517
vt 0.68746901 0.85760522
vt 0.68746901 0.85760522
vt 0.68681645 0.64310110
vt 0.65571666 0.64315194
vt 0.59844816 0.86529148
vt 0.63324177 0.86515188
vt 0.64042473 0.85761797
vt 0.64042473 0.85761797
vt 0.63324177 0.86515188
vt 0.63688207 0.86396933
vt 0.63688207 0.86396933
vt 0.63939643 0.86130536
vt 0.64042473 0.85761797
vt 0.64042473 0.85761797
vt 0.59116423 0.85797215
vt 0.59844816 0.86529148
vt 0.59479678 0.86420083
vt 0.59844816 0.86529148
vt 0.59116423 0.85797215
vt 0.59116423 0.85797215
vt 0.59224969 0.86160874
vt 0.59479678 0.86420083
vt 0.59083611 0.64325482
vt 0.59116423 0.85797215
vt 0.64042473 0.85761797
vt 0.64042473 0.85761797
vt 0.63948548 0.64334488
vt 0.59083611 0.64325482
vt 0.75950259 0.86506677
vt 0.77615851 0.86496437
vt 0.78353459 0.85760295
vt 0.78246295 0.86125267
vt 0.78353459 0.85760295
vt 0.77615851 0.86496437
vt 0.77615851 0.86496437
vt 0.77985895 0.86383080
vt 0.78246295 0.86125267
vt 0.78353459 0.85760295
vt 0.75209397 0.85765433
vt 0.75950259 0.86506677
vt 0.75950259 0.86506677
vt 0.75209397 0.85765433
vt 0.75321895 0.86133111
vt 0.75321895 0.86133111
vt 0.75580627 0.86395240
vt 0.75950259 0.86506677
vt 0.75175434 0.64315170
vt 0.75209397 0.85765433
vt 0.78353459 0.85760295
vt 0.78353459 0.85760295
vt 0.78285372 0.64309800
vt 0.75175434 0.64315170
vt 0.71179718 0.86506724
vt 0.72845483 0.86496377
vt 0.73582864 0.85760856
vt 0.73475313 0.86125958
vt 0.73582864 0.85760856
vt 0.72845483 0.86496377
vt 0.72845483 0.86496377
vt 0.73214847 0.86383557
vt 0.73475313 0.86125958
vt 0.73582864 0.85760856
vt 0.70438755 0.85765433
vt 0.71179718 0.86506724
vt 0.70438755 0.85765433
vt 0.73582864 0.85760856
vt 0.73519707 0.64310348
vt 0.73519707 0.64310348
vt 0.70409715 0.64315152
vt 0.70438755 0.85765433
vt 0.71179718 0.86506724
vt 0.70438755 0.85765433
vt 0.70551336 0.86133194
vt 0.70551336 0.86133194
vt 0.70810115 0.86395335
vt 0.71179718 0.86506724
vt 0.80985326 0.86499798
vt 0.82650322 0.86504090
vt 0.83385789 0.85758960
vt 0.83385789 0.85758960
vt 0.82650322 0.86504090
vt 0.83019251 0.86390424
vt 0.83019251 0.86390424
vt 0.83276385 0.86126947
vt 0.83385789 0.85758960
vt 0.83385789 0.85758960
vt 0.80241257 0.85768425
vt 0.80985326 0.86499798
vt 0.80614829 0.86392045
vt 0.80985326 0.86499798
vt 0.80241257 0.85768425
vt 0.80241257 0.85768425
vt 0.80355006 0.86133134
vt 0.80614829 0.86392045
vt 0.80207580 0.64315277
vt 0.80241257 0.85768425
vt 0.83385789 0.85758960
vt 0.83385789 0.85758960
vt 0.83317327 0.64311600
vt 0.80207580 0.64315277
vt 0.68858135 0.63960814
vt 0.65382349 0.63952136
vt 0.65551579 0.64216530
vt 0.65551579 0.64216530
vt 0.68702555 0.64209926
vt 0.68858135 0.63960814
vt 0.69176757 0.85810924
vt 0.69074690 0.64153576
vt 0.68791521 0.64297134
vt 0.68791521 0.64297134
vt 0.68860412 0.85773420
vt 0.69176757 0.85810924
vt 0.69176757 0.85810924
vt 0.68860412 0.85773420
vt 0.68731236 0.86181223
vt 0.68731236 0.86181223
vt 0.68988681 0.86330724
vt 0.69176757 0.85810924
vt 0.68434346 0.86474657
vt 0.68603599 0.86725521
vt 0.68988681 0.86330724
vt 0.68988681 0.86330724
vt 0.68731236 0.86181223
vt 0.68434346 0.86474657
vt 0.68028271 0.86608839
vt 0.68085444 0.86919487
vt 0.68603599 0.86725521
vt 0.68603599 0.86725521
vt 0.68434346 0.86474657
vt 0.68028271 0.86608839
vt 0.68085444 0.86919487
vt 0.68028271 0.86608839
vt 0.66326535 0.86618721
vt 0.66326535 0.86618721
vt 0.66272068 0.86931312
vt 0.68085444 0.86919487
vt 0.66272068 0.86931312
vt 0.66326535 0.86618721
vt 0.65917206 0.86486351
vt 0.65917206 0.86486351
vt 0.65761173 0.86740685
vt 0.66272068 0.86931312
vt 0.65623510 0.86187053
vt 0.65368998 0.86350679
vt 0.65761173 0.86740685
vt 0.65761173 0.86740685
vt 0.65917206 0.86486351
vt 0.65623510 0.86187053
vt 0.65368998 0.86350679
vt 0.65623510 0.86187053
vt 0.65489352 0.85779595
vt 0.65489352 0.85779595
vt 0.65172875 0.85821998
vt 0.65368998 0.86350679
vt 0.65172875 0.85821998
vt 0.65489352 0.85779595
vt 0.65461707 0.64302468
vt 0.65461707 0.64302468
vt 0.65176773 0.64162022
vt 0.65172875 0.85821998
vt 0.64032364 0.86184037
vt 0.64291435 0.86329687
vt 0.64471436 0.85809147
vt 0.64471436 0.85809147
vt 0.64155680 0.85774112
vt 0.64032364 0.86184037
vt 0.64057887 0.64320904
vt 0.64155680 0.85774112
vt 0.64471436 0.85809147
vt 0.64471436 0.85809147
vt 0.64340192 0.64177901
vt 0.64057887 0.64320904
vt 0.63744354 0.86486816
vt 0.63916051 0.86733413
vt 0.64291435 0.86329687
vt 0.64291435 0.86329687
vt 0.64032364 0.86184037
vt 0.63744354 0.86486816
vt 0.63341737 0.86627352
vt 0.63394761 0.86939013
vt 0.63916051 0.86733413
vt 0.63916051 0.86733413
vt 0.63744354 0.86486816
vt 0.63341737 0.86627352
vt 0.63394761 0.86939013
vt 0.63341737 0.86627352
vt 0.59828842 0.86641526
vt 0.59828842 0.86641526
vt 0.59780389 0.86955857
vt 0.63394761 0.86939013
vt 0.59780389 0.86955857
vt 0.59828842 0.86641526
vt 0.59422833 0.86510575
vt 0.59422833 0.86510575
vt 0.59267098 0.86763692
vt 0.59780389 0.86955857
vt 0.59133267 0.86214042
vt 0.58878684 0.86375725
vt 0.59267098 0.86763692
vt 0.59267098 0.86763692
vt 0.59422833 0.86510575
vt 0.59133267 0.86214042
vt 0.58878684 0.86375725
vt 0.59133267 0.86214042
vt 0.59003270 0.85810757
vt 0.59003270 0.85810757
vt 0.58687472 0.85851359
vt 0.58878684 0.86375725
vt 0.58687472 0.85851359
vt 0.59003270 0.85810757
vt 0.58974218 0.64312261
vt 0.58974218 0.64312261
vt 0.58690399 0.64172208
vt 0.58687472 0.85851359
vt 0.64116055 0.63970894
vt 0.58906692 0.63952136
vt 0.59066105 0.64223021
vt 0.59066105 0.64223021
vt 0.63966775 0.64231354
vt 0.64116055 0.63970894
vt 0.78461826 0.63960499
vt 0.74986082 0.63952136
vt 0.75155330 0.64216524
vt 0.75155330 0.64216524
vt 0.78306270 0.64209610
vt 0.78461826 0.63960499
vt 0.78783345 0.85810292
vt 0.78678405 0.64153230
vt 0.78395247 0.64296818
vt 0.78395247 0.64296818
vt 0.78466964 0.85773039
vt 0.78783345 0.85810292
vt 0.78783345 0.85810292
vt 0.78466964 0.85773039
vt 0.78338063 0.86180758
vt 0.78338063 0.86180758
vt 0.78595799 0.86329770
vt 0.78783345 0.85810292
vt 0.78041506 0.86474299
vt 0.78210771 0.86725354
vt 0.78595799 0.86329770
vt 0.78595799 0.86329770
vt 0.78338063 0.86180758
vt 0.78041506 0.86474299
vt 0.77634794 0.86609018
vt 0.77691936 0.86919582
vt 0.78210771 0.86725354
vt 0.78210771 0.86725354
vt 0.78041506 0.86474299
vt 0.77634794 0.86609018
vt 0.77691936 0.86919582
vt 0.77634794 0.86609018
vt 0.75932962 0.86618567
vt 0.75932962 0.86618567
vt 0.75878292 0.86931169
vt 0.77691936 0.86919582
vt 0.75878292 0.86931169
vt 0.75932962 0.86618567
vt 0.75523680 0.86486173
vt 0.75523680 0.86486173
vt 0.75367528 0.86740434
vt 0.75878292 0.86931169
vt 0.75230139 0.86186934
vt 0.74975580 0.86350513
vt 0.75367528 0.86740434
vt 0.75367528 0.86740434
vt 0.75523680 0.86486173
vt 0.75230139 0.86186934
vt 0.74975580 0.86350513
vt 0.75230139 0.86186934
vt 0.75095946 0.85779536
vt 0.75095946 0.85779536
vt 0.74779469 0.85821962
vt 0.74975580 0.86350513
vt 0.74779469 0.85821962
vt 0.75095946 0.85779536
vt 0.75065464 0.64302456
vt 0.75065464 0.64302456
vt 0.74780518 0.64162040
vt 0.74779469 0.85821962
vt 0.73696280 0.63961095
vt 0.70220208 0.63952136
vt 0.70389521 0.64216495
vt 0.70389521 0.64216495
vt 0.73540676 0.64210176
vt 0.73696280 0.63961095
vt 0.74012697 0.85811412
vt 0.73912764 0.64153862
vt 0.73629582 0.64297408
vt 0.73629582 0.64297408
vt 0.73696375 0.85773766
vt 0.74012697 0.85811412
vt 0.74012697 0.85811412
vt 0.73696375 0.85773766
vt 0.73566914 0.86181641
vt 0.73566914 0.86181641
vt 0.73824275 0.86331332
vt 0.74012697 0.85811412
vt 0.73269939 0.86474967
vt 0.73439050 0.86725903
vt 0.73824275 0.86331332
vt 0.73824275 0.86331332
vt 0.73566914 0.86181641
vt 0.73269939 0.86474967
vt 0.72863889 0.86609018
vt 0.72920978 0.86919689
vt 0.73439050 0.86725903
vt 0.73439050 0.86725903
vt 0.73269939 0.86474967
vt 0.72863889 0.86609018
vt 0.72920978 0.86919689
vt 0.72863889 0.86609018
vt 0.71162480 0.86618614
vt 0.71162480 0.86618614
vt 0.71108007 0.86931217
vt 0.72920978 0.86919689
vt 0.71108007 0.86931217
vt 0.71162480 0.86618614
vt 0.70753211 0.86486292
vt 0.70753211 0.86486292
vt 0.70597231 0.86740649
vt 0.71108007 0.86931217
vt 0.70459580 0.86187053
vt 0.70205104 0.86350727
vt 0.70597231 0.86740649
vt 0.70597231 0.86740649
vt 0.70753211 0.86486292
vt 0.70459580 0.86187053
vt 0.70325303 0.85779548
vt 0.70008826 0.85821986
vt 0.70205104 0.86350727
vt 0.70205104 0.86350727
vt 0.70459580 0.86187053
vt 0.70325303 0.85779548
vt 0.70008826 0.85821986
vt 0.70325303 0.85779548
vt 0.70299745 0.64302450
vt 0.70299745 0.64302450
vt 0.70014787 0.64162028
vt 0.70008826 0.85821986
vt 0.83368647 0.86181843
vt 0.83626717 0.86331260
vt 0.83815575 0.85810232
vt 0.83815575 0.85810232
vt 0.83499283 0.85772204
vt 0.83368647 0.86181843
vt 0.83427221 0.64298677
vt 0.83499283 0.85772204
vt 0.83815575 0.85810232
vt 0.83815575 0.85810232
vt 0.83710462 0.64155239
vt 0.83427221 0.64298677
vt 0.83074874 0.86481237
vt 0.83245093 0.86730361
vt 0.83626717 0.86331260
vt 0.83626717 0.86331260
vt 0.83368647 0.86181843
vt 0.83074874 0.86481237
vt 0.82668543 0.86616313
vt 0.82725757 0.86926472
vt 0.83245093 0.86730361
vt 0.83245093 0.86730361
vt 0.83074874 0.86481237
vt 0.82668543 0.86616313
vt 0.82725757 0.86926472
vt 0.82668543 0.86616313
vt 0.80968207 0.86612213
vt 0.80968207 0.86612213
vt 0.80914307 0.86925578
vt 0.82725757 0.86926472
vt 0.80914307 0.86925578
vt 0.80968207 0.86612213
vt 0.80558085 0.86483216
vt 0.80558085 0.86483216
vt 0.80402714 0.86738086
vt 0.80914307 0.86925578
vt 0.80263358 0.86187160
vt 0.80009168 0.86351299
vt 0.80402714 0.86738086
vt 0.80402714 0.86738086
vt 0.80558085 0.86483216
vt 0.80263358 0.86187160
vt 0.80127811 0.85782552
vt 0.79811358 0.85825098
vt 0.80009168 0.86351299
vt 0.80009168 0.86351299
vt 0.80263358 0.86187160
vt 0.80127811 0.85782552
vt 0.79811358 0.85825098
vt 0.80127811 0.85782552
vt 0.80097622 0.64302510
vt 0.80097622 0.64302510
vt 0.79812747 0.64161915
vt 0.79811358 0.85825098
vt 0.83493984 0.63962382
vt 0.80018431 0.63952136
vt 0.80187529 0.64216608
vt 0.80187529 0.64216608
vt 0.83338279 0.64211422
vt 0.83493984 0.63962382
vt 0.65571666 0.64315194
vt 0.65551579 0.64216530
vt 0.65461707 0.64302468
vt 0.68791521 0.64297134
vt 0.68702555 0.64209926
vt 0.68681645 0.64310110
vt 0.59066105 0.64223021
vt 0.58974218 0.64312261
vt 0.59083611 0.64325482
vt 0.64057887 0.64320904
vt 0.63966775 0.64231354
vt 0.63948548 0.64334488
vt 0.75175434 0.64315170
vt 0.75155330 0.64216524
vt 0.75065464 0.64302456
vt 0.78395247 0.64296818
vt 0.78306270 0.64209610
vt 0.78285372 0.64309800
vt 0.70409715 0.64315152
vt 0.70389521 0.64216495
vt 0.70299745 0.64302450
vt 0.73629582 0.64297408
vt 0.73540676 0.64210176
vt 0.73519707 0.64310348
vt 0.80187529 0.64216608
vt 0.80097622 0.64302510
vt 0.80207580 0.64315277
vt 0.83427221 0.64298677
vt 0.83338279 0.64211422
vt 0.83317327 0.64311600
vn 0.00000000 0.00001514 1.00000000
vn 0.00000000 0.00001514 1.00000000
vn 0.00000000 0.00001514 1.00000000
vn 0.00000000 0.00001514 1.00000000
vn 0.00000000 0.00001514 1.00000000
vn 0.00000000 0.00001514 1.00000000
vn 0.00000000 0.00001514 1.00000000
vn 0.00000000 0.00001514 1.00000000
vn 0.00000000 0.00001514 1.00000000
vn 0.00000000 0.00001514 1.00000000
vn 0.00000000 0.00001514 1.00000000
vn 0.00000000 0.00001514 1.00000000
vn 0.00000000 0.00001514 1.00000000
vn 0.00000000 0.00001514 1.00000000
vn 0.00000000 0.00001514 1.00000000
vn 0.00000000 0.00001514 1.00000000
vn 0.00000000 0.00001514 1.00000000
vn 0.00000000 0.00001514 1.00000000
vn 0.00000000 0.00001514 1.00000000
vn 0.00000000 0.00001514 1.00000000
vn 0.00000000 0.00001514 1.00000000
vn 0.00000000 0.00001514 1.00000000
vn 0.00000000 0.00001514 1.00000000
vn 0.00000000 0.00001514 1.00000000
vn 0.00000000 0.00001514 1.00000000
vn 0.00000000 0.00001514 1.00000000
vn 0.00000000 0.00001514 1.00000000
vn 0.00000000 0.00001514 1.00000000
vn 0.00000000 0.00001514 1.00000000
vn 0.00000000 0.00001514 1.00000000
vn 0.00000000 0.00001514 1.00000000
vn 0.00000000 0.00001514 1.00000000
vn 0.00000000 0.00001514 1.00000000
vn 0.00000000 0.00001514 1.00000000
vn 0.00000000 0.00001514 1.00000000
vn 0.00000000 0.00001514 1.00000000
vn 0.00000000 0.00001514 1.00000000
vn 0.00000000 0.00001514 1.00000000
vn 0.00000000 0.00001514 1.00000000
vn 0.00000000 0.00001514 1.00000000
vn 0.00000000 0.00001514 1.00000000
vn 0.00000000 0.00001514 1.00000000
vn 0.00000000 0.00001514 1.00000000
vn 0.00000000 0.00001514 1.00000000
vn 0.00000000 0.00001514 1.00000000
vn 0.00000000 0.00001514 1.00000000
vn 0.00000000 0.00001514 1.00000000
vn 0.00000000 0.00001514 1.00000000
vn 0.00000000 0.00001514 1.00000000
vn 0.00000000 0.00001514 1.00000000
vn 0.00000000 0.00001514 1.00000000
vn 0.00000000 0.00001514 1.00000000
vn 0.00000000 0.00001514 1.00000000
vn 0.00000000 0.00001514 1.00000000
vn 0.00000000 0.00001514 1.00000000
vn 0.00000000 0.00001514 1.00000000
vn 0.00000000 0.00001514 1.00000000
vn 0.00000000 0.00001514 1.00000000
vn 0.00000000 0.00001514 1.00000000
vn 0.00000000 0.00001514 1.00000000
vn 0.00000000 0.00001514 1.00000000
vn 0.00000000 0.00001514 1.00000000
vn 0.00000000 0.00001514 1.00000000
vn 0.00000000 0.00001514 1.00000000
vn 0.00000000 0.00001514 1.00000000
vn 0.00000000 0.00001514 1.00000000
vn 0.00000000 0.00001514 1.00000000
vn 0.00000000 0.00001514 1.00000000
vn 0.00000000 0.00001514 1.00000000
vn 0.00000000 0.00001514 1.00000000
vn 0.00000000 0.00001514 1.00000000
vn 0.00000000 0.00001514 1.00000000
vn 0.00000000 0.00001514 1.00000000
vn 0.00000000 0.00001514 1.00000000
vn 0.00000000 0.00001514 1.00000000
vn 0.00000000 0.00001514 1.00000000
vn 0.00000000 0.00001514 1.00000000
vn 0.00000000 0.00001514 1.00000000
vn 0.00000000 0.00001514 1.00000000
vn 0.00000000 0.00001514 1.00000000
vn 0.00000000 0.00001514 1.00000000
vn 0.00000000 0.00001514 1.00000000
vn 0.00000000 0.00001514 1.00000000
vn 0.00000000 0.00001514 1.00000000
vn 0.00000000 0.00001514 1.00000000
vn 0.00000000 0.00001514 1.00000000
vn 0.00000000 0.00001514 1.00000000
vn 0.00000000 0.00001514 1.00000000
vn 0.00000000 0.00001514 1.00000000
vn 0.00000000 0.00001514 1.00000000
vn 0.00000000 0.00001514 1.00000000
vn 0.00000000 0.00001514 1.00000000
vn 0.00000000 0.00001514 1.00000000
vn 0.00000000 0.00001514 1.00000000
vn 0.00000000 0.00001514 1.00000000
vn 0.00000000 0.00001514 1.00000000
vn 0.00000000 0.00001514 1.00000000
vn 0.00000000 0.00001514 1.00000000
vn 0.00000000 0.00001514 1.00000000
vn 0.00000000 0.00001514 1.00000000
vn 0.00000000 0.00001514 1.00000000
vn 0.00000000 0.00001514 1.00000000
vn 0.00000000 0.00001514 1.00000000
vn 0.00000000 0.00001514 1.00000000
vn 0.00000000 0.00001514 1.00000000
vn 0.00000000 0.00001514 1.00000000
vn 0.00000000 0.00001514 1.00000000
vn 0.00000000 0.00001514 1.00000000
vn 0.00000000 0.00001514 1.00000000
vn 0.00000000 0.00001514 1.00000000
vn 0.00000000 0.00001514 1.00000000
vn 0.00000000 0.00001514 1.00000000
vn 0.00000000 0.00001514 1.00000000
vn 0.00000000 0.00001514 1.00000000
vn 0.00000000 0.00001514 1.00000000
vn 0.00000000 0.00001514 1.00000000
vn 0.00000000 0.00001514 1.00000000
vn 0.00000000 0.00001514 1.00000000
vn 0.00000000 0.00001514 1.00000000
vn 0.00000000 0.00001514 1.00000000
vn 0.00000000 0.00001514 1.00000000
vn 0.00000000 0.00001514 1.00000000
vn 0.00000000 0.00001514 1.00000000
vn 0.00000000 0.00001514 1.00000000
vn 0.00000000 0.00001514 1.00000000
vn 0.00000000 0.00001514 1.00000000
vn 0.00000000 0.00001514 1.00000000
vn 0.00000000 0.00001514 1.00000000
vn 0.00000000 0.00001514 1.00000000
vn 0.00000000 0.00001514 1.00000000
vn 0.00000000 0.00001514 1.00000000
vn 0.00000000 0.00001514 1.00000000
vn 0.00000000 0.00001514 1.00000000
vn 0.00000000 0.00001514 1.00000000
vn 0.00000000 0.00001514 1.00000000
vn 0.00000000 0.00001514 1.00000000
vn 0.00000000 0.00001514 1.00000000
vn 0.00000000 0.00001514 1.00000000
vn 0.00000000 0.00001514 1.00000000
vn 0.00000000 0.00001514 1.00000000
vn 0.00000000 0.00001514 1.00000000
vn 0.00000000 0.00001514 1.00000000
vn 0.00000000 0.00001514 1.00000000
vn 0.00000000 0.00001514 1.00000000
vn 0.00000000 0.00001514 1.00000000
vn 0.00000000 0.00001514 1.00000000
vn 0.00000000 0.00001514 1.00000000
vn 0.00000000 0.00001514 1.00000000
vn 0.00000000 0.00001514 1.00000000
vn 0.00000000 0.00001514 1.00000000
vn 0.00000000 0.00001514 1.00000000
vn 0.00000000 0.00001514 1.00000000
vn 0.00000000 0.00001514 1.00000000
vn 0.00000000 0.00001514 1.00000000
vn 0.00000000 0.00001514 1.00000000
vn 0.00000000 0.00001514 1.00000000
vn 0.00000000 0.00001514 1.00000000
vn 0.00000000 0.00001514 1.00000000
vn 0.00000000 0.00001514 1.00000000
vn 0.00000000 0.00001514 1.00000000
vn 0.00000000 0.00001514 1.00000000
vn 0.00000000 0.00001514 1.00000000
vn 0.00000000 0.00001514 1.00000000
vn 0.00000000 0.00001514 1.00000000
vn 0.00000000 0.00001514 1.00000000
vn 0.00000000 0.00001514 1.00000000
vn 0.00000000 0.00001514 1.00000000
vn 0.00000000 0.00001514 1.00000000
vn 0.00000000 0.00001514 1.00000000
vn 0.00000000 0.00001514 1.00000000
vn 0.00000000 0.00001514 1.00000000
vn 0.00000000 0.00001514 1.00000000
vn 0.00000000 0.00001514 1.00000000
vn 0.00000000 0.00001514 1.00000000
vn 0.00000000 0.00001514 1.00000000
vn 0.00000000 0.00001514 1.00000000
vn 0.00000000 0.00001514 1.00000000
vn 0.00000000 0.00001514 1.00000000
vn 0.00000000 0.00001514 1.00000000
vn 0.00000000 0.00001514 1.00000000
vn 0.00000000 0.00001514 1.00000000
vn 0.00000000 0.00001514 1.00000000
vn 0.00000000 0.00001514 1.00000000
vn 0.00000000 0.00001514 1.00000000
vn 0.00000000 0.00001514 1.00000000
vn 0.00000000 0.00001514 1.00000000
vn 0.00000000 0.00001514 1.00000000
vn 0.00000000 0.00001514 1.00000000
vn 0.00000000 0.00001514 1.00000000
vn 0.00000000 0.00001514 1.00000000
vn 0.00000000 0.00001514 1.00000000
vn 0.00000000 0.00001514 1.00000000
vn 0.00000000 0.00001514 1.00000000
vn 0.00000000 0.00001514 1.00000000
vn 0.00000000 0.00001514 1.00000000
vn 0.00000000 0.00001514 1.00000000
vn 0.00000000 0.00001514 1.00000000
vn 0.00000000 0.00001514 1.00000000
vn 0.00000000 0.00001514 1.00000000
vn 0.00000000 0.00001514 1.00000000
vn 0.00000000 0.00001514 1.00000000
vn 0.00000000 0.00001514 1.00000000
vn 0.00000000 0.00001514 1.00000000
vn 0.00000000 0.00001514 1.00000000
vn 0.00000000 0.00001514 1.00000000
vn 0.00000000 0.00001514 1.00000000
vn 0.00000000 0.00001514 1.00000000
vn 0.00000000 0.00001514 1.00000000
vn 0.00000000 0.00001514 1.00000000
vn 0.00000000 0.00001514 1.00000000
vn 0.00000000 0.00001514 1.00000000
vn 0.00000000 0.00001514 1.00000000
vn 0.00000000 0.00001514 1.00000000
vn 0.00000000 0.00001514 1.00000000
vn 0.00000000 0.00001514 1.00000000
vn 0.00000000 0.00001514 1.00000000
vn 0.00000000 0.00001514 1.00000000
vn 0.00000000 0.00001514 1.00000000
vn 0.00000000 0.00001514 1.00000000
vn 0.00000000 0.00001514 1.00000000
vn 0.00000000 0.00001514 1.00000000
vn 0.00000000 0.00001514 1.00000000
vn 0.00000000 0.00001514 1.00000000
vn 0.00000000 0.00001514 1.00000000
vn 0.00000000 0.00001514 1.00000000
vn 0.00000000 0.00001514 1.00000000
vn 0.00000000 0.00001514 1.00000000
vn 0.00000000 0.00001514 1.00000000
vn 0.00000000 0.00001514 1.00000000
vn 0.00000000 0.00001514 1.00000000
vn 0.00000000 0.00001514 1.00000000
vn 0.00000000 0.00001514 1.00000000
vn 0.00000000 0.00001514 1.00000000
vn 0.00000000 0.00001514 1.00000000
vn 0.00000000 0.00001514 1.00000000
vn 0.00000000 0.00001514 1.00000000
vn 0.00000000 0.00001514 1.00000000
vn 0.00000000 0.00001514 1.00000000
vn 0.00000000 0.00001514 1.00000000
vn 0.00000000 0.00001514 1.00000000
vn 0.00000000 0.00001514 1.00000000
vn 0.00000000 0.00001514 1.00000000
vn 0.00000000 0.00001514 1.00000000
vn 0.00000000 0.00001514 1.00000000
vn 0.00000000 0.00001514 1.00000000
vn 0.00000000 0.00001514 1.00000000
vn 0.00000000 0.00001514 1.00000000
vn 0.00000000 0.00001514 1.00000000
vn 0.00000000 0.00001514 1.00000000
vn 0.00000000 0.00001514 1.00000000
vn 0.00000000 0.00001514 1.00000000
vn 0.00000000 0.00001514 1.00000000
vn 0.00000000 0.00001514 1.00000000
vn 0.00000000 0.00001514 1.00000000
vn 0.00000000 0.00001514 1.00000000
vn 0.00000000 0.00001514 1.00000000
vn 0.00000000 0.00001514 1.00000000
vn 0.00000000 0.00001514 1.00000000
vn 0.00000000 0.00001514 1.00000000
vn 0.00000000 0.00001514 1.00000000
vn 0.00000000 0.00001514 1.00000000
vn -0.00001526 -0.00001538 1.00000000
vn 0.00000000 0.00001514 1.00000000
vn 0.00000000 0.00001514 1.00000000
vn -0.00001526 -0.00001538 1.00000000
vn 0.00000000 0.00001514 1.00000000
vn -0.00001526 -0.00001538 1.00000000
vn 0.00000000 0.00001514 1.00000000
vn 0.00000000 0.00001514 1.00000000
vn -0.00001526 -0.00001538 1.00000000
vn 0.00000000 0.00001514 1.00000000
vn -0.00001526 -0.00001538 1.00000000
vn -0.00001526 -0.00001538 1.00000000
vn -0.00001526 -0.00001538 1.00000000
vn 0.00000000 0.00001514 1.00000000
vn 0.00000000 0.00001514 1.00000000
vn -0.00001526 -0.00001538 1.00000000
vn 0.00000000 0.00001514 1.00000000
vn -0.00001526 -0.00001538 1.00000000
vn 0.00000000 0.00001514 1.00000000
vn 0.00000000 0.00001514 1.00000000
vn -0.00001526 -0.00001538 1.00000000
vn -0.00001526 -0.00001538 1.00000000
vn 0.00000000 0.00001514 1.00000000
vn 0.00000000 0.00001514 1.00000000
vn -0.00001526 -0.00001538 1.00000000
vn 0.00000000 0.00001514 1.00000000
vn 0.00000000 0.00001514 1.00000000
vn 0.00000000 0.00001514 1.00000000
vn -0.00001526 -0.00001538 1.00000000
vn -0.00001526 -0.00001538 1.00000000
vn -0.00001526 -0.00001538 1.00000000
vn 0.00000000 0.00001514 1.00000000
vn 0.00000000 0.00001514 1.00000000
vn 0.00000000 0.00001514 1.00000000
vn -0.00001526 -0.00001538 1.00000000
vn -0.00001526 -0.00001538 1.00000000
vn -0.00004604 -0.00572452 0.99998361
vn -0.00001526 -0.00001538 1.00000000
vn 0.00000000 0.00001514 1.00000000
vn 0.00000000 0.00001514 1.00000000
vn 0.00000000 0.00001514 1.00000000
vn -0.00001526 -0.00001538 1.00000000
vn -0.00001526 -0.00001538 1.00000000
vn -0.00001526 -0.00001538 1.00000000
vn 0.00000000 0.00001514 1.00000000
vn 0.00000000 0.00001514 1.00000000
vn 0.00000000 0.00001514 1.00000000
vn -0.00001526 -0.00001538 1.00000000
vn -0.00001526 -0.00001538 1.00000000
vn -0.00001526 -0.00001538 1.00000000
vn 0.00000000 0.00001514 1.00000000
vn 0.00000000 0.00001514 1.00000000
vn -0.00001526 -0.00001538 1.00000000
vn -0.00001535 -0.00572434 0.99998361
vn -0.00001526 -0.00001538 1.00000000
vn 0.00000000 0.00001514 1.00000000
vn 0.00000000 0.00001514 1.00000000
vn 0.00000000 0.00001514 1.00000000
vn 0.00000000 0.00001514 1.00000000
vn -0.00001526 -0.00001538 1.00000000
vn -0.00001526 -0.00001538 1.00000000
vn 0.00000000 0.00001514 1.00000000
vn -0.00001526 -0.00001538 1.00000000
vn -0.00001535 -0.00572434 0.99998361
vn -0.00001535 -0.00575521 0.99998343
vn 0.00000000 0.00001514 1.00000000
vn 0.00000000 0.00001514 1.00000000
vn -0.00001535 -0.00575521 0.99998343
vn -0.00004604 -0.00572452 0.99998361
vn -0.00001535 -0.00575521 0.99998343
vn -0.00001535 -0.00572434 0.99998361
vn -0.00001957 -0.34370539 0.93907756
vn -0.00001526 -0.00001538 1.00000000
vn 0.00000000 0.00001514 1.00000000
vn 0.00000000 0.00001514 1.00000000
vn -0.00004604 -0.00572452 0.99998361
vn -0.00001535 -0.00575521 0.99998343
vn -0.00001957 -0.34370539 0.93907756
vn -0.00001957 -0.34370539 0.93907756
vn -0.00001957 -0.34370539 0.93907756
vn -0.00001535 -0.00575521 0.99998343
vn -0.00001957 -0.34370539 0.93907756
vn -0.00001957 -0.34370539 0.93907756
vn -0.00004604 -0.00572452 0.99998361
vn -0.00001982 -0.36935696 0.92928761
vn -0.00001957 -0.34370539 0.93907756
vn -0.00001957 -0.34370539 0.93907756
vn -0.00001957 -0.34370539 0.93907756
vn -0.00001957 -0.34370539 0.93907756
vn -0.00001982 -0.36935696 0.92928761
vn -0.00001957 -0.34370539 0.93907756
vn -0.00001982 -0.36935696 0.92928761
vn -0.00001982 -0.36935696 0.92928761
vn -0.00001982 -0.36935696 0.92928761
vn -0.00001982 -0.36935696 0.92928761
vn -0.00001957 -0.34370539 0.93907756
vn 0.00000000 0.00001514 1.00000000
vn -0.00001526 -0.00001538 1.00000000
vn -0.00001526 -0.00001538 1.00000000
vn -0.00001526 -0.00001538 1.00000000
vn 0.00000000 0.00001514 1.00000000
vn -0.00001526 -0.00001538 1.00000000
vn -0.00001526 -0.00001538 1.00000000
vn 0.00000000 0.00001514 1.00000000
vn 0.00000000 0.00001514 1.00000000
vn 0.00000000 0.00001514 1.00000000
vn 0.00000000 0.00001514 1.00000000
vn -0.00001526 -0.00001538 1.00000000
vn 0.00000000 0.00001514 1.00000000
vn 0.00000000 0.00001514 1.00000000
vn 0.00000000 0.00001514 1.00000000
vn -0.00001526 -0.00001538 1.00000000
vn 0.00000000 0.00001514 1.00000000
vn 0.00000000 0.00001514 1.00000000
vn 0.00000000 0.00001514 1.00000000
vn -0.00001526 -0.00001538 1.00000000
vn -0.00001526 -0.00001538 1.00000000
vn 0.00000000 0.00001514 1.00000000
vn 0.00000000 0.00001514 1.00000000
vn -0.00001526 -0.00001538 1.00000000
vn -0.00001526 -0.00001538 1.00000000
vn -0.00001526 -0.00001538 1.00000000
vn 0.00000000 0.00001514 1.00000000
vn -0.00001526 -0.00001538 1.00000000
vn 0.00000000 0.00001514 1.00000000
vn -0.00001526 -0.00001538 1.00000000
vn -0.00001526 -0.00001538 1.00000000
vn 0.00000000 0.00001514 1.00000000
vn -0.00001526 -0.00001538 1.00000000
vn -0.00001526 -0.00001538 1.00000000
vn 0.00000000 0.00001514 1.00000000
vn -0.00001526 -0.00001538 1.00000000
vn -0.00001526 -0.00001538 1.00000000
vn -0.00001526 -0.00001538 1.00000000
vn 0.00000000 0.00001514 1.00000000
vn -0.00001526 -0.00001538 1.00000000
vn 0.00000000 0.00001514 1.00000000
vn 0.00000000 0.00001514 1.00000000
vn 0.00000000 0.00001514 1.00000000
vn 0.00000000 0.00001514 1.00000000
vn -0.00001526 -0.00001538 1.00000000
vn 0.00000000 0.00001514 1.00000000
vn -0.00001526 -0.00001538 1.00000000
vn -0.00001526 -0.00001538 1.00000000
vn -0.00001526 -0.00001538 1.00000000
vn -0.00001526 -0.00001538 1.00000000
vn 0.00000000 0.00001514 1.00000000
vn -0.00004604 -0.00572452 0.99998361
vn -0.00001526 -0.00001538 1.00000000
vn 0.00000000 0.00001514 1.00000000
vn 0.00000000 0.00001514 1.00000000
vn -0.00001526 -0.00001538 1.00000000
vn -0.00001535 -0.00572434 0.99998361
vn 0.00000000 0.00001514 1.00000000
vn 0.00000000 0.00001514 1.00000000
vn -0.00001526 -0.00001538 1.00000000
vn -0.00001526 -0.00001538 1.00000000
vn 0.00000000 0.00001514 1.00000000
vn -0.00001526 -0.00001538 1.00000000
vn -0.00001526 -0.00001538 1.00000000
vn 0.00000000 0.00001514 1.00000000
vn 0.00000000 0.00001514 1.00000000
vn -0.00001535 -0.00572434 0.99998361
vn -0.00001535 -0.00575521 0.99998343
vn 0.00000000 0.00001514 1.00000000
vn 0.00000000 0.00001514 1.00000000
vn -0.00001535 -0.00575521 0.99998343
vn -0.00004604 -0.00572452 0.99998361
vn -0.00001535 -0.00575521 0.99998343
vn -0.00001535 -0.00572434 0.99998361
vn -0.00001957 -0.34370539 0.93907756
vn -0.00004604 -0.00572452 0.99998361
vn -0.00001535 -0.00575521 0.99998343
vn -0.00001957 -0.34370539 0.93907756
vn -0.00001957 -0.34370539 0.93907756
vn -0.00001957 -0.34370539 0.93907756
vn -0.00001535 -0.00575521 0.99998343
vn -0.00001957 -0.34370539 0.93907756
vn -0.00001957 -0.34370539 0.93907756
vn -0.00004604 -0.00572452 0.99998361
vn -0.00001957 -0.34370539 0.93907756
vn -0.00001957 -0.34370539 0.93907756
vn -0.00001982 -0.36935696 0.92928761
vn -0.00001982 -0.36935696 0.92928761
vn -0.00001957 -0.34370539 0.93907756
vn -0.00001957 -0.34370539 0.93907756
vn -0.00001982 -0.36935696 0.92928761
vn -0.00001982 -0.36935696 0.92928761
vn -0.00001957 -0.34370539 0.93907756
vn -0.00001957 -0.34370539 0.93907756
vn -0.00001982 -0.36935696 0.92928761
vn -0.00001982 -0.36935696 0.92928761
vn 0.00000000 0.00001514 1.00000000
vn 0.00000000 0.00001514 1.00000000
vn -0.00001526 -0.00001538 1.00000000
vn -0.00001526 -0.00001538 1.00000000
vn 0.00000000 0.00001514 1.00000000
vn 0.00000000 0.00001514 1.00000000
vn 0.00000000 0.00001514 1.00000000
vn -0.00001526 -0.00001538 1.00000000
vn -0.00001526 -0.00001538 1.00000000
vn -0.00001526 -0.00001538 1.00000000
vn 0.00000000 0.00001514 1.00000000
vn 0.00000000 0.00001514 1.00000000
vn 0.00000000 0.00001514 1.00000000
vn -0.00001526 -0.00001538 1.00000000
vn -0.00001526 -0.00001538 1.00000000
vn -0.00001535 -0.00572434 0.99998361
vn -0.00001526 -0.00001538 1.00000000
vn 0.00000000 0.00001514 1.00000000
vn 0.00000000 0.00001514 1.00000000
vn 0.00000000 0.00001514 1.00000000
vn -0.00001526 -0.00001538 1.00000000
vn -0.00001526 -0.00001538 1.00000000
vn -0.00001526 -0.00001538 1.00000000
vn 0.00000000 0.00001514 1.00000000
vn 0.00000000 0.00001514 1.00000000
vn 0.00000000 0.00001514 1.00000000
vn -0.00001526 -0.00001538 1.00000000
vn -0.00001526 -0.00001538 1.00000000
vn -0.00001526 -0.00001538 1.00000000
vn 0.00000000 0.00001514 1.00000000
vn -0.00001526 -0.00001538 1.00000000
vn 0.00000000 0.00001514 1.00000000
vn 0.00000000 0.00001514 1.00000000
vn 0.00000000 0.00001514 1.00000000
vn -0.00001526 -0.00001538 1.00000000
vn -0.00001535 -0.00572434 0.99998361
vn 0.00000000 0.00001514 1.00000000
vn 0.00000000 0.00001514 1.00000000
vn -0.00001526 -0.00001538 1.00000000
vn -0.00001526 -0.00001538 1.00000000
vn 0.00000000 0.00001514 1.00000000
vn -0.00001526 -0.00001538 1.00000000
vn 0.00000000 0.00001514 1.00000000
vn -0.00001526 -0.00001538 1.00000000
vn 0.00000000 0.00001514 1.00000000
vn -0.00001535 -0.00572434 0.99998361
vn -0.00001535 -0.00575521 0.99998343
vn 0.00000000 0.00001514 1.00000000
vn 0.00000000 0.00001514 1.00000000
vn -0.00001535 -0.00575521 0.99998343
vn -0.00001535 -0.00572434 0.99998361
vn -0.00001535 -0.00575521 0.99998343
vn -0.00001535 -0.00572434 0.99998361
vn -0.00001957 -0.34370539 0.93907756
vn -0.00001535 -0.00572434 0.99998361
vn -0.00001535 -0.00575521 0.99998343
vn -0.00001957 -0.34370539 0.93907756
vn -0.00001957 -0.34370539 0.93907756
vn -0.00001957 -0.34370539 0.93907756
vn -0.00001535 -0.00575521 0.99998343
vn -0.00001957 -0.34370539 0.93907756
vn -0.00001957 -0.34370539 0.93907756
vn -0.00001535 -0.00572434 0.99998361
vn -0.00001957 -0.34370539 0.93907756
vn -0.00001957 -0.34370539 0.93907756
vn -0.00001982 -0.36935696 0.92928761
vn -0.00001982 -0.36935696 0.92928761
vn -0.00001957 -0.34370539 0.93907756
vn -0.00001957 -0.34370539 0.93907756
vn -0.00001982 -0.36935696 0.92928761
vn -0.00001982 -0.36935696 0.92928761
vn -0.00001957 -0.34370539 0.93907756
vn -0.00001957 -0.34370539 0.93907756
vn -0.00001982 -0.36935696 0.92928761
vn -0.00001982 -0.36935696 0.92928761
vn 0.00000000 0.00001514 1.00000000
vn 0.00093189 -0.00025983 0.99999952
vn 0.00000000 0.00001514 1.00000000
vn 0.00000000 0.00001514 1.00000000
vn 0.00000000 0.00001514 1.00000000
vn 0.00093189 -0.00025983 0.99999952
vn 0.00032067 -0.00041241 0.99999988
vn 0.00000000 0.00001514 1.00000000
vn 0.00093189 -0.00025983 0.99999952
vn 0.00619599 -0.00139919 0.99997985
vn 0.00032067 -0.00041241 0.99999988
vn 0.00093189 -0.00025983 0.99999952
vn 0.00619599 -0.00139919 0.99997985
vn 0.00093189 -0.00025983 0.99999952
vn 0.00595074 -0.00176839 0.99998075
vn 0.00595074 -0.00176839 0.99998075
vn 0.00595074 -0.00176839 0.99998075
vn 0.00619599 -0.00139919 0.99997985
vn 0.00323399 -0.00124172 0.99999398
vn 0.00595074 -0.00176839 0.99998075
vn 0.00595074 -0.00176839 0.99998075
vn 0.00595074 -0.00176839 0.99998075
vn 0.00332636 -0.00127253 0.99999368
vn 0.00323399 -0.00124172 0.99999398
vn -0.00026276 -0.01278297 0.99991828
vn 0.00323399 -0.00124172 0.99999398
vn 0.00332636 -0.00127253 0.99999368
vn 0.00332636 -0.00127253 0.99999368
vn -0.00016910 -0.00733309 0.99997312
vn -0.00026276 -0.01278297 0.99991828
vn -0.00026276 -0.01278297 0.99991828
vn -0.00016910 -0.00733309 0.99997312
vn -0.00344400 -0.32651585 0.94518548
vn -0.00889857 -0.34593862 0.93821496
vn -0.00026276 -0.01278297 0.99991828
vn -0.00344400 -0.32651585 0.94518548
vn -0.00422013 -0.34269354 0.93943781
vn -0.00026276 -0.01278297 0.99991828
vn -0.00889857 -0.34593862 0.93821496
vn 0.00000000 0.00001514 1.00000000
vn 0.00093189 -0.00025983 0.99999952
vn 0.00000000 0.00001514 1.00000000
vn 0.00000000 0.00001514 1.00000000
vn 0.00000000 0.00001514 1.00000000
vn 0.00000000 0.00001514 1.00000000
vn 0.00000000 0.00001514 1.00000000
vn 0.00000000 0.00001514 1.00000000
vn 0.00093189 -0.00025983 0.99999952
vn 0.00000000 0.00001514 1.00000000
vn 0.00000000 0.00001514 1.00000000
vn 0.00000000 0.00001514 1.00000000
vn 0.00000000 0.00001514 1.00000000
vn 0.00000000 0.00001514 1.00000000
vn 0.00000000 0.00001514 1.00000000
vn 0.00000000 0.00001514 1.00000000
vn 0.00000000 0.00001514 1.00000000
vn 0.00000000 0.00001514 1.00000000
vn 0.00000000 0.00001514 1.00000000
vn 0.00000000 0.00001514 1.00000000
vn 0.00000000 0.00001514 1.00000000
vn 0.00000000 0.00001514 1.00000000
vn 0.00000000 0.00001514 1.00000000
vn 0.00000000 0.00001514 1.00000000
vn 0.00000000 0.00001514 1.00000000
vn 0.00000000 0.00001514 1.00000000
vn 0.00000000 0.00001514 1.00000000
vn 0.00000000 0.00001514 1.00000000
vn 0.00000000 0.00001514 1.00000000
vn 0.00000000 0.00001514 1.00000000
vn 0.00000000 0.00001514 1.00000000
vn 0.00000000 0.00001514 1.00000000
vn 0.00000000 0.00001514 1.00000000
vn 0.00000000 0.00001514 1.00000000
vn 0.00000000 0.00001514 1.00000000
vn 0.00000000 0.00001514 1.00000000
vn 0.00000000 0.00001514 1.00000000
vn 0.00000000 0.00001514 1.00000000
vn 0.00000000 0.00001514 1.00000000
vn 0.00000000 0.00001514 1.00000000
vn 0.00000000 0.00001514 1.00000000
vn 0.00000000 0.00001514 1.00000000
vn 0.00000000 0.00001514 1.00000000
vn 0.00000000 0.00001514 1.00000000
vn 0.00000000 0.00001514 1.00000000
vn 0.00000000 0.00001514 1.00000000
vn 0.00000000 0.00001514 1.00000000
vn 0.00000000 0.00001514 1.00000000
vn 0.00000000 0.00001514 1.00000000
vn 0.00000000 0.00001514 1.00000000
vn 0.00000000 0.00001514 1.00000000
vn 0.00000000 0.00001514 1.00000000
vn 0.00000000 0.00001514 1.00000000
vn 0.00000000 0.00001514 1.00000000
vn 0.00000000 0.00001514 1.00000000
vn 0.00000000 0.00001514 1.00000000
vn 0.00000000 0.00001514 1.00000000
vn -0.00001526 -0.00001538 1.00000000
vn 0.00000000 0.00001514 1.00000000
vn 0.00000000 0.00001514 1.00000000
vn -0.00001526 -0.00001538 1.00000000
vn 0.00000000 0.00001514 1.00000000
vn -0.00001526 -0.00001538 1.00000000
vn 0.00000000 0.00001514 1.00000000
vn 0.00000000 0.00001514 1.00000000
vn -0.00001526 -0.00001538 1.00000000
vn 0.00000000 0.00001514 1.00000000
vn -0.00001526 -0.00001538 1.00000000
vn 0.00000000 0.00001514 1.00000000
vn 0.00000000 0.00001514 1.00000000
vn 0.00000000 0.00001514 1.00000000
vn 0.00000000 0.00001514 1.00000000
vn -0.00001526 -0.00001538 1.00000000
vn 0.00000000 0.00001514 1.00000000
vn 0.00000000 0.00001514 1.00000000
vn -0.00001526 -0.00001538 1.00000000
vn 0.00000000 0.00001514 1.00000000
vn -0.00001526 -0.00001538 1.00000000
vn -0.00001526 -0.00001538 1.00000000
vn 0.00000000 0.00001514 1.00000000
vn -0.00001526 -0.00001538 1.00000000
vn 0.00000000 0.00001514 1.00000000
vn 0.00000000 0.00001514 1.00000000
vn -0.00001526 -0.00001538 1.00000000
vn -0.00001526 -0.00001538 1.00000000
vn 0.00000000 0.00001514 1.00000000
vn 0.00000000 0.00001514 1.00000000
vn -0.00001526 -0.00001538 1.00000000
vn 0.00000000 0.00001514 1.00000000
vn 0.00000000 0.00001514 1.00000000
vn 0.00000000 0.00001514 1.00000000
vn -0.00001526 -0.00001538 1.00000000
vn -0.00001526 -0.00001538 1.00000000
vn 0.00000000 0.00001514 1.00000000
vn 0.00000000 0.00001514 1.00000000
vn -0.00001526 -0.00001538 1.00000000
vn -0.00001526 -0.00001538 1.00000000
vn -0.00001526 -0.00001538 1.00000000
vn 0.00000000 0.00001514 1.00000000
vn -0.00001526 -0.00001538 1.00000000
vn -0.00001526 -0.00001538 1.00000000
vn 0.00000000 0.00001514 1.00000000
vn 0.00000000 0.00001514 1.00000000
vn 0.00000000 0.00001514 1.00000000
vn -0.00001526 -0.00001538 1.00000000
vn 0.00000000 0.00001514 1.00000000
vn 0.00000000 0.00001514 1.00000000
vn -0.00001526 -0.00001538 1.00000000
vn -0.00001526 -0.00001538 1.00000000
vn -0.00001526 -0.00001538 1.00000000
vn 0.00000000 0.00001514 1.00000000
vn -0.00004604 -0.00572452 0.99998361
vn -0.00001526 -0.00001538 1.00000000
vn 0.00000000 0.00001514 1.00000000
vn 0.00000000 0.00001514 1.00000000
vn -0.00001526 -0.00001538 1.00000000
vn -0.00001535 -0.00572434 0.99998361
vn -0.00001535 -0.00572434 0.99998361
vn -0.00001535 -0.00575521 0.99998343
vn 0.00000000 0.00001514 1.00000000
vn 0.00000000 0.00001514 1.00000000
vn -0.00001535 -0.00575521 0.99998343
vn -0.00004604 -0.00572452 0.99998361
vn -0.00001535 -0.00575521 0.99998343
vn -0.00001535 -0.00572434 0.99998361
vn -0.00001957 -0.34370539 0.93907756
vn -0.00004604 -0.00572452 0.99998361
vn -0.00001535 -0.00575521 0.99998343
vn -0.00001957 -0.34370539 0.93907756
vn -0.00001957 -0.34370539 0.93907756
vn -0.00001957 -0.34370539 0.93907756
vn -0.00001535 -0.00575521 0.99998343
vn -0.00001957 -0.34370539 0.93907756
vn -0.00001957 -0.34370539 0.93907756
vn -0.00004604 -0.00572452 0.99998361
vn -0.00001957 -0.34370539 0.93907756
vn -0.00001957 -0.34370539 0.93907756
vn -0.00001982 -0.36935696 0.92928761
vn -0.00001982 -0.36935696 0.92928761
vn -0.00001957 -0.34370539 0.93907756
vn -0.00001957 -0.34370539 0.93907756
vn -0.00001982 -0.36935696 0.92928761
vn -0.00001982 -0.36935696 0.92928761
vn -0.00001957 -0.34370539 0.93907756
vn -0.00001957 -0.34370539 0.93907756
vn -0.00001982 -0.36935696 0.92928761
vn -0.00001982 -0.36935696 0.92928761
vn 0.70644504 -0.00944933 0.70770484
vn 0.60021967 -0.34992230 0.71922922
vn 0.60021967 -0.34992230 0.71922922
vn 0.34981146 -0.60030627 0.71921092
vn 0.60021967 -0.34992230 0.71922922
vn 0.60021967 -0.34992230 0.71922922
vn 0.60021967 -0.34992230 0.71922922
vn 0.34981146 -0.60030627 0.71921092
vn 0.34981146 -0.60030627 0.71921092
vn 0.60021967 -0.34992230 0.71922922
vn 0.70644504 -0.00944933 0.70770484
vn 0.70644504 -0.00944933 0.70770484
vn 0.70710683 -0.00002166 0.70710677
vn 0.70644504 -0.00944933 0.70770484
vn 0.70644504 -0.00944933 0.70770484
vn 0.70644504 -0.00944933 0.70770484
vn 0.70710683 -0.00002166 0.70710677
vn 0.70710683 -0.00002166 0.70710677
vn 0.70710683 -0.00002166 0.70710677
vn 0.70710683 -0.00002166 0.70710677
vn 0.70710683 -0.00002166 0.70710677
vn 0.70710683 -0.00002166 0.70710677
vn 0.70710683 -0.00002166 0.70710677
vn 0.70710683 -0.00002166 0.70710677
vn 0.70710683 -0.00002166 0.70710677
vn 0.70710683 -0.00002166 0.70710677
vn 0.70746946 -0.00378652 0.70673376
vn 0.70746946 -0.00378652 0.70673376
vn 0.70753241 -0.00452452 0.70666641
vn 0.70710683 -0.00002166 0.70710677
vn 0.74107569 -0.24185213 0.62635005
vn 0.70753241 -0.00452452 0.70666641
vn 0.70746946 -0.00378652 0.70673376
vn 0.70746946 -0.00378652 0.70673376
vn 0.74168932 -0.24491894 0.62442911
vn 0.74107569 -0.24185213 0.62635005
vn 0.74107569 -0.24185213 0.62635005
vn 0.74168932 -0.24491894 0.62442911
vn 0.77713478 -0.37646222 0.50431907
vn 0.77713478 -0.37646222 0.50431907
vn 0.75098246 -0.28587386 0.59523231
vn 0.74107569 -0.24185213 0.62635005
vn 0.75088030 -0.64952600 0.11956093
vn 0.75098246 -0.28587386 0.59523231
vn 0.77713478 -0.37646222 0.50431907
vn 0.75088030 -0.64952600 0.11956093
vn 0.77713478 -0.37646222 0.50431907
vn 0.73578095 -0.67525625 0.05153078
vn 0.73578095 -0.67525625 0.05153078
vn 0.73578095 -0.67525625 0.05153078
vn 0.75088030 -0.64952600 0.11956093
vn -0.66684753 -0.00084080 0.74519366
vn -0.65686852 -0.04015700 0.75293499
vn -0.65650517 -0.03802275 0.75336266
vn -0.65650517 -0.03802275 0.75336266
vn -0.66680217 -0.00084080 0.74523425
vn -0.66684753 -0.00084080 0.74519366
vn -0.71422207 -0.34404299 0.60952538
vn -0.65650517 -0.03802275 0.75336266
vn -0.65686852 -0.04015700 0.75293499
vn -0.66684753 -0.00084080 0.74519366
vn -0.66680217 -0.00084080 0.74523425
vn -0.69132787 -0.00075566 0.72254080
vn -0.65686852 -0.04015700 0.75293499
vn -0.69358546 -0.30941263 0.65054059
vn -0.71422207 -0.34404299 0.60952538
vn -0.69132787 -0.00075566 0.72254080
vn -0.69132787 -0.00075566 0.72254080
vn -0.66684753 -0.00084080 0.74519366
vn -0.69358546 -0.30941263 0.65054059
vn -0.76177371 -0.61011261 0.21786101
vn -0.71422207 -0.34404299 0.60952538
vn -0.76230460 -0.62366480 0.17301410
vn -0.71422207 -0.34404299 0.60952538
vn -0.76177371 -0.61011261 0.21786101
vn -0.76177371 -0.61011261 0.21786101
vn -0.76230460 -0.62366480 0.17301410
vn -0.76230460 -0.62366480 0.17301410
vn -0.69132787 -0.00075566 0.72254080
vn -0.69132787 -0.00075566 0.72254080
vn -0.70420092 -0.00958054 0.70993614
vn -0.70420092 -0.00958054 0.70993614
vn -0.70420092 -0.00958054 0.70993614
vn -0.69132787 -0.00075566 0.72254080
vn -0.70420092 -0.00958054 0.70993614
vn -0.70420092 -0.00958054 0.70993614
vn -0.59996927 -0.35002676 0.71938735
vn -0.59996927 -0.35002676 0.71938735
vn -0.59993726 -0.35013968 0.71935904
vn -0.70420092 -0.00958054 0.70993614
vn -0.34986690 -0.60026300 0.71922010
vn -0.59993726 -0.35013968 0.71935904
vn -0.59996927 -0.35002676 0.71938735
vn -0.59996927 -0.35002676 0.71938735
vn -0.34986690 -0.60026300 0.71922010
vn -0.34986690 -0.60026300 0.71922010
vn 0.00097156 -0.69354975 0.72040802
vn 0.00097156 -0.69354975 0.72040802
vn 0.00097156 -0.69354975 0.72040802
vn 0.00097156 -0.69354975 0.72040802
vn 0.00097156 -0.69354975 0.72040802
vn 0.00097156 -0.69354975 0.72040802
vn 0.04015854 -0.70393723 0.70912594
vn 0.04015854 -0.70393723 0.70912594
vn 0.34981146 -0.60030627 0.71921092
vn 0.34981146 -0.60030627 0.71921092
vn 0.34981146 -0.60030627 0.71921092
vn 0.04015854 -0.70393723 0.70912594
vn 0.04015854 -0.70393723 0.70912594
vn 0.04015854 -0.70393723 0.70912594
vn -0.04020398 -0.70391369 0.70914680
vn -0.04020398 -0.70391369 0.70914680
vn -0.04020398 -0.70391369 0.70914680
vn 0.04015854 -0.70393723 0.70912594
vn -0.34986690 -0.60026300 0.71922010
vn -0.04020398 -0.70391369 0.70914680
vn -0.04020398 -0.70391369 0.70914680
vn -0.04020398 -0.70391369 0.70914680
vn -0.34986690 -0.60026300 0.71922010
vn -0.34986690 -0.60026300 0.71922010
vn -0.60026294 -0.34986693 0.71922004
vn -0.60026294 -0.34986693 0.71922004
vn -0.70646703 -0.00940568 0.70768350
vn -0.34986690 -0.60026300 0.71922010
vn -0.60026294 -0.34986693 0.71922004
vn -0.60026294 -0.34986693 0.71922004
vn -0.60026294 -0.34986693 0.71922004
vn -0.34986690 -0.60026300 0.71922010
vn -0.34986690 -0.60026300 0.71922010
vn -0.70646703 -0.00940568 0.70768350
vn -0.70646703 -0.00940568 0.70768350
vn -0.60026294 -0.34986693 0.71922004
vn -0.70646703 -0.00940568 0.70768350
vn -0.70646703 -0.00940568 0.70768350
vn -0.70712841 0.00002149 0.70708519
vn -0.70712841 0.00002149 0.70708519
vn -0.70712841 0.00002149 0.70708519
vn -0.70646703 -0.00940568 0.70768350
vn -0.70712841 0.00002149 0.70708519
vn -0.70712841 0.00002149 0.70708519
vn -0.70712841 0.00002149 0.70708519
vn -0.70712841 0.00002149 0.70708519
vn -0.70712841 0.00002149 0.70708519
vn -0.70712841 0.00002149 0.70708519
vn -0.70749122 -0.00374314 0.70671225
vn -0.70712841 0.00002149 0.70708519
vn -0.70712841 0.00002149 0.70708519
vn -0.70712841 0.00002149 0.70708519
vn -0.70755416 -0.00448108 0.70664489
vn -0.70749122 -0.00374314 0.70671225
vn -0.70749122 -0.00374314 0.70671225
vn -0.70755416 -0.00448108 0.70664489
vn -0.74110663 -0.24179707 0.62633467
vn -0.74110663 -0.24179707 0.62633467
vn -0.74172038 -0.24486381 0.62441385
vn -0.70749122 -0.00374314 0.70671225
vn -0.77716959 -0.37640399 0.50430888
vn -0.74172038 -0.24486381 0.62441385
vn -0.74110663 -0.24179707 0.62633467
vn -0.74110663 -0.24179707 0.62633467
vn -0.75105888 -0.28581521 0.59516406
vn -0.77716959 -0.37640399 0.50430888
vn -0.75105888 -0.28581521 0.59516406
vn -0.75092316 -0.64947653 0.11956037
vn -0.77716959 -0.37640399 0.50430888
vn -0.73582363 -0.67520970 0.05153064
vn -0.77716959 -0.37640399 0.50430888
vn -0.75092316 -0.64947653 0.11956037
vn -0.75092316 -0.64947653 0.11956037
vn -0.73582363 -0.67520970 0.05153064
vn -0.73582363 -0.67520970 0.05153064
vn 0.70644504 -0.00944933 0.70770484
vn 0.60026294 -0.34986693 0.71922004
vn 0.60021967 -0.34992230 0.71922922
vn 0.34981146 -0.60030627 0.71921092
vn 0.60021967 -0.34992230 0.71922922
vn 0.60026294 -0.34986693 0.71922004
vn 0.60026294 -0.34986693 0.71922004
vn 0.34981146 -0.60030627 0.71921092
vn 0.34981146 -0.60030627 0.71921092
vn 0.60021967 -0.34992230 0.71922922
vn 0.70644504 -0.00944933 0.70770484
vn 0.70644504 -0.00944933 0.70770484
vn 0.70710683 -0.00002166 0.70710677
vn 0.70644504 -0.00944933 0.70770484
vn 0.70644504 -0.00944933 0.70770484
vn 0.70644504 -0.00944933 0.70770484
vn 0.70710683 -0.00002166 0.70710677
vn 0.70710683 -0.00002166 0.70710677
vn 0.70710683 -0.00002166 0.70710677
vn 0.70710683 -0.00002166 0.70710677
vn 0.70710683 -0.00002166 0.70710677
vn 0.70710683 -0.00002166 0.70710677
vn 0.70710683 -0.00002166 0.70710677
vn 0.70710683 -0.00002166 0.70710677
vn 0.70710683 -0.00002166 0.70710677
vn 0.70710683 -0.00002166 0.70710677
vn 0.70746946 -0.00378652 0.70673376
vn 0.70746946 -0.00378652 0.70673376
vn 0.70751089 -0.00448108 0.70668828
vn 0.70710683 -0.00002166 0.70710677
vn 0.74107569 -0.24185213 0.62635005
vn 0.70751089 -0.00448108 0.70668828
vn 0.70746946 -0.00378652 0.70673376
vn 0.70746946 -0.00378652 0.70673376
vn 0.74168932 -0.24491894 0.62442911
vn 0.74107569 -0.24185213 0.62635005
vn 0.74107569 -0.24185213 0.62635005
vn 0.74168932 -0.24491894 0.62442911
vn 0.77713478 -0.37646222 0.50431907
vn 0.77713478 -0.37646222 0.50431907
vn 0.75098246 -0.28587386 0.59523231
vn 0.74107569 -0.24185213 0.62635005
vn 0.75088030 -0.64952600 0.11956093
vn 0.75098246 -0.28587386 0.59523231
vn 0.77713478 -0.37646222 0.50431907
vn 0.75088030 -0.64952600 0.11956093
vn 0.77713478 -0.37646222 0.50431907
vn 0.73578095 -0.67525625 0.05153078
vn 0.73578095 -0.67525625 0.05153078
vn 0.73578095 -0.67525625 0.05153078
vn 0.75088030 -0.64952600 0.11956093
vn 0.04015854 -0.70393723 0.70912594
vn 0.04015854 -0.70393723 0.70912594
vn 0.34981146 -0.60030627 0.71921092
vn 0.34981146 -0.60030627 0.71921092
vn 0.34981146 -0.60030627 0.71921092
vn 0.04015854 -0.70393723 0.70912594
vn 0.04015854 -0.70393723 0.70912594
vn 0.04015854 -0.70393723 0.70912594
vn -0.04020398 -0.70391369 0.70914680
vn -0.04020398 -0.70391369 0.70914680
vn -0.04020398 -0.70391369 0.70914680
vn 0.04015854 -0.70393723 0.70912594
vn -0.34986690 -0.60026300 0.71922010
vn -0.04020398 -0.70391369 0.70914680
vn -0.04020398 -0.70391369 0.70914680
vn -0.04020398 -0.70391369 0.70914680
vn -0.34986690 -0.60026300 0.71922010
vn -0.34986690 -0.60026300 0.71922010
vn -0.60026294 -0.34986693 0.71922004
vn -0.60026294 -0.34986693 0.71922004
vn -0.70646703 -0.00940568 0.70768350
vn -0.34986690 -0.60026300 0.71922010
vn -0.60026294 -0.34986693 0.71922004
vn -0.60026294 -0.34986693 0.71922004
vn -0.60026294 -0.34986693 0.71922004
vn -0.34986690 -0.60026300 0.71922010
vn -0.34986690 -0.60026300 0.71922010
vn -0.70646703 -0.00940568 0.70768350
vn -0.70646703 -0.00940568 0.70768350
vn -0.60026294 -0.34986693 0.71922004
vn -0.70646703 -0.00940568 0.70768350
vn -0.70646703 -0.00940568 0.70768350
vn -0.70712841 0.00002149 0.70708519
vn -0.70712841 0.00002149 0.70708519
vn -0.70712841 0.00002149 0.70708519
vn -0.70646703 -0.00940568 0.70768350
vn -0.70712841 0.00002149 0.70708519
vn -0.70712841 0.00002149 0.70708519
vn -0.70712841 0.00002149 0.70708519
vn -0.70712841 0.00002149 0.70708519
vn -0.70712841 0.00002149 0.70708519
vn -0.70712841 0.00002149 0.70708519
vn -0.70749122 -0.00374314 0.70671225
vn -0.70712841 0.00002149 0.70708519
vn -0.70712841 0.00002149 0.70708519
vn -0.70712841 0.00002149 0.70708519
vn -0.70755416 -0.00448108 0.70664489
vn -0.70749122 -0.00374314 0.70671225
vn -0.70749122 -0.00374314 0.70671225
vn -0.70755416 -0.00448108 0.70664489
vn -0.74110663 -0.24179707 0.62633467
vn -0.74110663 -0.24179707 0.62633467
vn -0.74172038 -0.24486381 0.62441385
vn -0.70749122 -0.00374314 0.70671225
vn -0.77716959 -0.37640399 0.50430888
vn -0.74172038 -0.24486381 0.62441385
vn -0.74110663 -0.24179707 0.62633467
vn -0.74110663 -0.24179707 0.62633467
vn -0.75102645 -0.28587162 0.59517789
vn -0.77716959 -0.37640399 0.50430888
vn -0.75102645 -0.28587162 0.59517789
vn -0.75092316 -0.64947653 0.11956037
vn -0.77716959 -0.37640399 0.50430888
vn -0.73584414 -0.67518389 0.05157671
vn -0.77716959 -0.37640399 0.50430888
vn -0.75092316 -0.64947653 0.11956037
vn -0.75092316 -0.64947653 0.11956037
vn -0.73584414 -0.67518389 0.05157671
vn -0.73584414 -0.67518389 0.05157671
vn 0.70644504 -0.00944933 0.70770484
vn 0.60026294 -0.34986693 0.71922004
vn 0.60021967 -0.34992230 0.71922922
vn 0.34975606 -0.60034955 0.71920174
vn 0.60021967 -0.34992230 0.71922922
vn 0.60026294 -0.34986693 0.71922004
vn 0.60026294 -0.34986693 0.71922004
vn 0.34981146 -0.60030627 0.71921092
vn 0.34975606 -0.60034955 0.71920174
vn 0.60021967 -0.34992230 0.71922922
vn 0.70644504 -0.00944933 0.70770484
vn 0.70644504 -0.00944933 0.70770484
vn 0.70710683 -0.00002166 0.70710677
vn 0.70644504 -0.00944933 0.70770484
vn 0.70644504 -0.00944933 0.70770484
vn 0.70644504 -0.00944933 0.70770484
vn 0.70710683 -0.00002166 0.70710677
vn 0.70710683 -0.00002166 0.70710677
vn 0.70710683 -0.00002166 0.70710677
vn 0.70710683 -0.00002166 0.70710677
vn 0.70710683 -0.00002166 0.70710677
vn 0.70710683 -0.00002166 0.70710677
vn 0.70710683 -0.00002166 0.70710677
vn 0.70710683 -0.00002166 0.70710677
vn 0.70710683 -0.00002166 0.70710677
vn 0.70710683 -0.00002166 0.70710677
vn 0.70746946 -0.00378652 0.70673376
vn 0.70746946 -0.00378652 0.70673376
vn 0.70751089 -0.00448108 0.70668828
vn 0.70710683 -0.00002166 0.70710677
vn 0.74107569 -0.24185213 0.62635005
vn 0.70751089 -0.00448108 0.70668828
vn 0.70746946 -0.00378652 0.70673376
vn 0.70746946 -0.00378652 0.70673376
vn 0.74168932 -0.24491894 0.62442911
vn 0.74107569 -0.24185213 0.62635005
vn 0.74107569 -0.24185213 0.62635005
vn 0.74168932 -0.24491894 0.62442911
vn 0.77713478 -0.37646222 0.50431907
vn 0.77713478 -0.37646222 0.50431907
vn 0.75099403 -0.28592807 0.59519166
vn 0.74107569 -0.24185213 0.62635005
vn 0.75088030 -0.64952600 0.11956093
vn 0.75099403 -0.28592807 0.59519166
vn 0.77713478 -0.37646222 0.50431907
vn 0.75088030 -0.64952600 0.11956093
vn 0.77713478 -0.37646222 0.50431907
vn 0.73580140 -0.67523044 0.05157686
vn 0.73580140 -0.67523044 0.05157686
vn 0.73580140 -0.67523044 0.05157686
vn 0.75088030 -0.64952600 0.11956093
vn 0.02188637 -0.70551199 0.70835990
vn 0.02188637 -0.70551199 0.70835990
vn 0.34975606 -0.60034955 0.71920174
vn 0.34975606 -0.60034955 0.71920174
vn 0.34981146 -0.60030627 0.71921092
vn 0.02188637 -0.70551199 0.70835990
vn -0.02193084 -0.70548934 0.70838112
vn 0.02188637 -0.70551199 0.70835990
vn 0.02188637 -0.70551199 0.70835990
vn 0.02188637 -0.70551199 0.70835990
vn -0.02193084 -0.70548934 0.70838112
vn -0.02193084 -0.70548934 0.70838112
vn -0.34986690 -0.60026300 0.71922010
vn -0.02193084 -0.70548934 0.70838112
vn -0.02193084 -0.70548934 0.70838112
vn -0.02193084 -0.70548934 0.70838112
vn -0.34986690 -0.60026300 0.71922010
vn -0.34986690 -0.60026300 0.71922010
vn -0.00002158 -0.70710683 0.70710671
vn -0.00002158 -0.70710683 0.70710671
vn -0.00002158 -0.70710683 0.70710671
vn -0.00002158 -0.70710683 0.70710671
vn -0.00002158 -0.70710683 0.70710671
vn -0.00002158 -0.70710683 0.70710671
vn -0.34986690 -0.60026300 0.71922010
vn -0.60026294 -0.34986693 0.71922004
vn -0.60026294 -0.34986693 0.71922004
vn -0.60026294 -0.34986693 0.71922004
vn -0.34986690 -0.60026300 0.71922010
vn -0.34986690 -0.60026300 0.71922010
vn -0.60026294 -0.34986693 0.71922004
vn -0.60026294 -0.34986693 0.71922004
vn -0.70646703 -0.00940568 0.70768350
vn -0.70646703 -0.00940568 0.70768350
vn -0.70646703 -0.00940568 0.70768350
vn -0.60026294 -0.34986693 0.71922004
vn -0.70646703 -0.00940568 0.70768350
vn -0.70646703 -0.00940568 0.70768350
vn -0.70712841 0.00002149 0.70708519
vn -0.70712841 0.00002149 0.70708519
vn -0.70712841 0.00002149 0.70708519
vn -0.70646703 -0.00940568 0.70768350
vn -0.70712841 0.00002149 0.70708519
vn -0.70712841 0.00002149 0.70708519
vn -0.70712841 0.00002149 0.70708519
vn -0.70712841 0.00002149 0.70708519
vn -0.70712841 0.00002149 0.70708519
vn -0.70712841 0.00002149 0.70708519
vn -0.70749122 -0.00374314 0.70671225
vn -0.70712841 0.00002149 0.70708519
vn -0.70712841 0.00002149 0.70708519
vn -0.70712841 0.00002149 0.70708519
vn -0.70755416 -0.00448108 0.70664489
vn -0.70749122 -0.00374314 0.70671225
vn -0.70749122 -0.00374314 0.70671225
vn -0.70755416 -0.00448108 0.70664489
vn -0.74110663 -0.24179707 0.62633467
vn -0.74110663 -0.24179707 0.62633467
vn -0.74172038 -0.24486381 0.62441385
vn -0.70749122 -0.00374314 0.70671225
vn -0.77716959 -0.37640399 0.50430888
vn -0.74172038 -0.24486381 0.62441385
vn -0.74110663 -0.24179707 0.62633467
vn -0.74110663 -0.24179707 0.62633467
vn -0.75105888 -0.28581521 0.59516406
vn -0.77716959 -0.37640399 0.50430888
vn -0.77716959 -0.37640399 0.50430888
vn -0.75105888 -0.28581521 0.59516406
vn -0.75092316 -0.64947653 0.11956037
vn -0.73584414 -0.67518389 0.05157671
vn -0.77716959 -0.37640399 0.50430888
vn -0.75092316 -0.64947653 0.11956037
vn -0.75092316 -0.64947653 0.11956037
vn -0.73584414 -0.67518389 0.05157671
vn -0.73584414 -0.67518389 0.05157671
vn -0.04020398 -0.70391369 0.70914680
vn -0.34986690 -0.60026300 0.71922010
vn -0.34986690 -0.60026300 0.71922010
vn -0.34986690 -0.60026300 0.71922010
vn -0.04020398 -0.70391369 0.70914680
vn -0.04020398 -0.70391369 0.70914680
vn 0.04015854 -0.70393723 0.70912594
vn -0.04020398 -0.70391369 0.70914680
vn -0.04020398 -0.70391369 0.70914680
vn -0.04020398 -0.70391369 0.70914680
vn 0.04015854 -0.70393723 0.70912594
vn 0.04015854 -0.70393723 0.70912594
vn 0.04015854 -0.70393723 0.70912594
vn 0.04015854 -0.70393723 0.70912594
vn 0.34981146 -0.60030627 0.71921092
vn 0.34981146 -0.60030627 0.71921092
vn 0.34981146 -0.60030627 0.71921092
vn 0.04015854 -0.70393723 0.70912594
vn 0.60026294 -0.34986693 0.71922004
vn 0.34981146 -0.60030627 0.71921092
vn 0.34981146 -0.60030627 0.71921092
vn 0.34981146 -0.60030627 0.71921092
vn 0.60021967 -0.34992230 0.71922922
vn 0.60026294 -0.34986693 0.71922004
vn 0.70644504 -0.00944933 0.70770484
vn 0.60026294 -0.34986693 0.71922004
vn 0.60021967 -0.34992230 0.71922922
vn 0.60021967 -0.34992230 0.71922922
vn 0.70644504 -0.00944933 0.70770484
vn 0.70644504 -0.00944933 0.70770484
vn 0.70710683 -0.00002166 0.70710677
vn 0.70644504 -0.00944933 0.70770484
vn 0.70644504 -0.00944933 0.70770484
vn 0.70644504 -0.00944933 0.70770484
vn 0.70710683 -0.00002166 0.70710677
vn 0.70710683 -0.00002166 0.70710677
vn 0.70710683 -0.00002166 0.70710677
vn 0.70710683 -0.00002166 0.70710677
vn 0.70710683 -0.00002166 0.70710677
vn 0.70710683 -0.00002166 0.70710677
vn 0.70710683 -0.00002166 0.70710677
vn 0.70710683 -0.00002166 0.70710677
vn 0.70710683 -0.00002166 0.70710677
vn 0.70710683 -0.00002166 0.70710677
vn 0.70746946 -0.00378652 0.70673376
vn 0.70746946 -0.00378652 0.70673376
vn 0.70751089 -0.00448108 0.70668828
vn 0.70710683 -0.00002166 0.70710677
vn 0.74107569 -0.24185213 0.62635005
vn 0.70751089 -0.00448108 0.70668828
vn 0.70746946 -0.00378652 0.70673376
vn 0.70746946 -0.00378652 0.70673376
vn 0.74168932 -0.24491894 0.62442911
vn 0.74107569 -0.24185213 0.62635005
vn 0.74107569 -0.24185213 0.62635005
vn 0.74168932 -0.24491894 0.62442911
vn 0.77713478 -0.37646222 0.50431907
vn 0.77713478 -0.37646222 0.50431907
vn 0.75099403 -0.28592807 0.59519166
vn 0.74107569 -0.24185213 0.62635005
vn 0.75088030 -0.64952600 0.11956093
vn 0.75099403 -0.28592807 0.59519166
vn 0.77713478 -0.37646222 0.50431907
vn 0.75088030 -0.64952600 0.11956093
vn 0.77713478 -0.37646222 0.50431907
vn 0.73580140 -0.67523044 0.05157686
vn 0.73580140 -0.67523044 0.05157686
vn 0.73580140 -0.67523044 0.05157686
vn 0.75088030 -0.64952600 0.11956093
vn -0.34986690 -0.60026300 0.71922010
vn -0.34986690 -0.60026300 0.71922010
vn -0.60030627 -0.34981152 0.71921092
vn -0.60030627 -0.34981152 0.71921092
vn -0.60026294 -0.34986693 0.71922004
vn -0.34986690 -0.60026300 0.71922010
vn -0.60026294 -0.34986693 0.71922004
vn -0.60030627 -0.34981152 0.71921092
vn -0.70646703 -0.00940568 0.70768350
vn -0.70646703 -0.00940568 0.70768350
vn -0.70646703 -0.00940568 0.70768350
vn -0.60026294 -0.34986693 0.71922004
vn -0.70646703 -0.00940568 0.70768350
vn -0.70646703 -0.00940568 0.70768350
vn -0.70712841 0.00002149 0.70708519
vn -0.70712841 0.00002149 0.70708519
vn -0.70712841 0.00002149 0.70708519
vn -0.70646703 -0.00940568 0.70768350
vn -0.70712841 0.00002149 0.70708519
vn -0.70712841 0.00002149 0.70708519
vn -0.70712841 0.00002149 0.70708519
vn -0.70712841 0.00002149 0.70708519
vn -0.70712841 0.00002149 0.70708519
vn -0.70712841 0.00002149 0.70708519
vn -0.70749122 -0.00374314 0.70671225
vn -0.70712841 0.00002149 0.70708519
vn -0.70712841 0.00002149 0.70708519
vn -0.70712841 0.00002149 0.70708519
vn -0.70755416 -0.00448108 0.70664489
vn -0.70749122 -0.00374314 0.70671225
vn -0.70749122 -0.00374314 0.70671225
vn -0.70755416 -0.00448108 0.70664489
vn -0.74124140 -0.24179298 0.62617671
vn -0.74124140 -0.24179298 0.62617671
vn -0.74185497 -0.24485956 0.62425554
vn -0.70749122 -0.00374314 0.70671225
vn -0.77752829 -0.37721571 0.50314814
vn -0.74185497 -0.24485956 0.62425554
vn -0.74124140 -0.24179298 0.62617671
vn -0.74124140 -0.24179298 0.62617671
vn -0.75121391 -0.28591695 0.59491950
vn -0.77752829 -0.37721571 0.50314814
vn -0.77752829 -0.37721571 0.50314814
vn -0.75121391 -0.28591695 0.59491950
vn -0.75057381 -0.65032107 0.11713883
vn -0.73541540 -0.67582262 0.04927418
vn -0.77752829 -0.37721571 0.50314814
vn -0.75057381 -0.65032107 0.11713883
vn -0.75057381 -0.65032107 0.11713883
vn -0.73541540 -0.67582262 0.04927418
vn -0.73541540 -0.67582262 0.04927418
vn -0.04020398 -0.70391369 0.70914680
vn -0.34986690 -0.60026300 0.71922010
vn -0.34986690 -0.60026300 0.71922010
vn -0.34986690 -0.60026300 0.71922010
vn -0.04020398 -0.70391369 0.70914680
vn -0.04020398 -0.70391369 0.70914680
vn 0.04015854 -0.70393723 0.70912594
vn -0.04020398 -0.70391369 0.70914680
vn -0.04020398 -0.70391369 0.70914680
vn -0.04020398 -0.70391369 0.70914680
vn 0.04015854 -0.70393723 0.70912594
vn 0.04015854 -0.70393723 0.70912594
vn 0.04015854 -0.70393723 0.70912594
vn 0.04015854 -0.70393723 0.70912594
vn 0.34981146 -0.60030627 0.71921092
vn 0.34981146 -0.60030627 0.71921092
vn 0.34981146 -0.60030627 0.71921092
vn 0.04015854 -0.70393723 0.70912594
vn 0.60026294 -0.34986693 0.71922004
vn 0.34981146 -0.60030627 0.71921092
vn 0.34981146 -0.60030627 0.71921092
vn 0.34981146 -0.60030627 0.71921092
vn 0.60021967 -0.34992230 0.71922922
vn 0.60026294 -0.34986693 0.71922004
vn 0.70644504 -0.00944933 0.70770484
vn 0.60026294 -0.34986693 0.71922004
vn 0.60021967 -0.34992230 0.71922922
vn 0.60021967 -0.34992230 0.71922922
vn 0.70644504 -0.00944933 0.70770484
vn 0.70644504 -0.00944933 0.70770484
vn 0.70710683 -0.00002166 0.70710677
vn 0.70644504 -0.00944933 0.70770484
vn 0.70644504 -0.00944933 0.70770484
vn 0.70644504 -0.00944933 0.70770484
vn 0.70710683 -0.00002166 0.70710677
vn 0.70710683 -0.00002166 0.70710677
vn 0.70710683 -0.00002166 0.70710677
vn 0.70710683 -0.00002166 0.70710677
vn 0.70710683 -0.00002166 0.70710677
vn 0.70710683 -0.00002166 0.70710677
vn 0.70710683 -0.00002166 0.70710677
vn 0.70710683 -0.00002166 0.70710677
vn 0.70710683 -0.00002166 0.70710677
vn 0.70710683 -0.00002166 0.70710677
vn 0.70979601 -0.03902072 0.70332563
vn 0.70979601 -0.03902072 0.70332563
vn 0.70979369 -0.03911167 0.70332295
vn 0.70710683 -0.00002166 0.70710677
vn 0.70344687 -0.26453468 0.65968472
vn 0.70979369 -0.03911167 0.70332295
vn 0.70979601 -0.03902072 0.70332563
vn 0.70979601 -0.03902072 0.70332563
vn 0.70344687 -0.26453468 0.65968472
vn 0.70344687 -0.26453468 0.65968472
vn -0.00002158 -0.70710683 0.70710671
vn -0.00002158 -0.70710683 0.70710671
vn -0.00002158 -0.70710683 0.70710671
vn -0.00002158 -0.70710683 0.70710671
vn -0.00002158 -0.70710683 0.70710671
vn -0.00002158 -0.70710683 0.70710671
vn -0.35036764 -0.59992784 0.71925592
vn -0.59997112 -0.35031229 0.71924675
vn -0.60001445 -0.35025689 0.71923763
vn -0.60001445 -0.35025689 0.71923763
vn -0.35036764 -0.59992784 0.71925592
vn -0.35036764 -0.59992784 0.71925592
vn -0.60001445 -0.35025689 0.71923763
vn -0.59997112 -0.35031229 0.71924675
vn -0.70578241 -0.01851412 0.70818669
vn -0.70578241 -0.01851412 0.70818669
vn -0.70578241 -0.01851412 0.70818669
vn -0.60001445 -0.35025689 0.71923763
vn -0.70578301 0.01846967 0.70818722
vn -0.70578241 -0.01851412 0.70818669
vn -0.70578241 -0.01851412 0.70818669
vn -0.70578241 -0.01851412 0.70818669
vn -0.70578301 0.01846967 0.70818722
vn -0.70578301 0.01846967 0.70818722
vn -0.59995508 0.35036856 0.71923274
vn -0.70578301 0.01846967 0.70818722
vn -0.70578301 0.01846967 0.70818722
vn -0.70578301 0.01846967 0.70818722
vn -0.59995508 0.35036856 0.71923274
vn -0.59995508 0.35036856 0.71923274
vn -0.35039642 0.59993333 0.71923739
vn -0.59995508 0.35036856 0.71923274
vn -0.59995508 0.35036856 0.71923274
vn -0.59995508 0.35036856 0.71923274
vn -0.35039642 0.59993333 0.71923739
vn -0.35039642 0.59993333 0.71923739
vn -0.06106170 -0.75768006 0.64976329
vn -0.35036764 -0.59992784 0.71925592
vn -0.35036764 -0.59992784 0.71925592
vn -0.35036764 -0.59992784 0.71925592
vn -0.06008048 -0.75820589 0.64924127
vn -0.06106170 -0.75768006 0.64976329
vn -0.06106170 -0.75768006 0.64976329
vn -0.06008048 -0.75820589 0.64924127
vn -0.02536149 -0.77602547 0.63019145
vn -0.02536149 -0.77602547 0.63019145
vn -0.02536149 -0.77602547 0.63019145
vn -0.06106170 -0.75768006 0.64976329
vn -0.70712841 0.00002149 0.70708519
vn -0.70712841 0.00002149 0.70708519
vn -0.70712841 0.00002149 0.70708519
vn -0.70712841 0.00002149 0.70708519
vn -0.70712841 0.00002149 0.70708519
vn -0.70712841 0.00002149 0.70708519
vn -0.00002158 -0.70710683 0.70710671
vn -0.00002158 -0.70710683 0.70710671
vn -0.00002158 -0.70710683 0.70710671
vn -0.00002158 -0.70710683 0.70710671
vn -0.00002158 -0.70710683 0.70710671
vn -0.00002158 -0.70710683 0.70710671
vn -0.04653598 0.70327246 0.70939565
vn -0.04653598 0.70327246 0.70939565
vn -0.35039642 0.59993333 0.71923739
vn -0.35039642 0.59993333 0.71923739
vn -0.35039642 0.59993333 0.71923739
vn -0.04653598 0.70327246 0.70939565
vn 0.00000000 0.70709592 0.70711762
vn -0.04653598 0.70327246 0.70939565
vn -0.04653598 0.70327246 0.70939565
vn -0.04653598 0.70327246 0.70939565
vn 0.00000000 0.70709592 0.70711762
vn 0.00000000 0.70709592 0.70711762
vn -0.02496686 -0.74530262 0.66625875
vn -0.02496686 -0.74530262 0.66625875
vn -0.02496686 -0.74530262 0.66625875
vn -0.02496686 -0.74530262 0.66625875
vn -0.02496686 -0.74530262 0.66625875
vn -0.02496686 -0.74530262 0.66625875
vn -0.35036978 -0.59998244 0.71920937
vn -0.35031226 -0.59997118 0.71924680
vn -0.59997112 -0.35031229 0.71924675
vn -0.59997112 -0.35031229 0.71924675
vn -0.59998244 -0.35036984 0.71920937
vn -0.35036978 -0.59998244 0.71920937
vn -0.59998244 -0.35036984 0.71920937
vn -0.59997112 -0.35031229 0.71924675
vn -0.70537245 -0.02362288 0.70844311
vn -0.70537245 -0.02362288 0.70844311
vn -0.70537245 -0.02362288 0.70844311
vn -0.59998244 -0.35036984 0.71920937
vn -0.71100801 -0.04917896 0.70146203
vn -0.70537245 -0.02362288 0.70844311
vn -0.70537245 -0.02362288 0.70844311
vn -0.70537245 -0.02362288 0.70844311
vn -0.71100801 -0.04917896 0.70146203
vn -0.71100801 -0.04917896 0.70146203
vn -0.71100801 -0.04917896 0.70146203
vn -0.71100801 -0.04917896 0.70146203
vn -0.52867603 -0.55337590 0.64364338
vn -0.52867603 -0.55337590 0.64364338
vn -0.92188966 -0.31486931 0.22578025
vn -0.71100801 -0.04917896 0.70146203
vn -0.92188966 -0.31486931 0.22578025
vn -0.52867603 -0.55337590 0.64364338
vn -0.84484941 -0.49164626 0.21098197
vn -0.84280598 -0.44392076 0.30432284
vn -0.92188966 -0.31486931 0.22578025
vn -0.84484941 -0.49164626 0.21098197
vn -0.84484941 -0.49164626 0.21098197
vn -0.79878938 -0.47412845 0.37032109
vn -0.84280598 -0.44392076 0.30432284
vn -0.04651305 -0.70330691 0.70936298
vn -0.35031226 -0.59997118 0.71924680
vn -0.35036978 -0.59998244 0.71920937
vn -0.35036978 -0.59998244 0.71920937
vn -0.04651305 -0.70330691 0.70936298
vn -0.04651305 -0.70330691 0.70936298
vn -0.04651305 -0.70330691 0.70936298
vn -0.04651305 -0.70330691 0.70936298
vn -0.00002158 -0.70710683 0.70710671
vn -0.00002158 -0.70710683 0.70710671
vn -0.00002158 -0.70710683 0.70710671
vn -0.04651305 -0.70330691 0.70936298
vn -0.70430660 -0.05453898 0.70779777
vn -0.70712841 0.00002149 0.70708519
vn -0.70712841 0.00002149 0.70708519
vn -0.70712841 0.00002149 0.70708519
vn -0.70430660 -0.05453898 0.70779777
vn -0.70430660 -0.05453898 0.70779777
vn -0.70430660 -0.05453898 0.70779777
vn -0.70430660 -0.05453898 0.70779777
vn -0.68010849 -0.18223405 0.71010089
vn -0.68010849 -0.18223405 0.71010089
vn -0.68010849 -0.18223405 0.71010089
vn -0.70430660 -0.05453898 0.70779777
vn -0.68010849 -0.18223405 0.71010089
vn -0.68010849 -0.18223405 0.71010089
vn -0.60975564 -0.35203642 0.71011859
vn -0.60975564 -0.35203642 0.71011859
vn -0.60975564 -0.35203642 0.71011859
vn -0.68010849 -0.18223405 0.71010089
vn -0.60975564 -0.35203642 0.71011859
vn -0.60975564 -0.35203642 0.71011859
vn -0.47546476 -0.51377642 0.71411979
vn -0.47546476 -0.51377642 0.71411979
vn -0.47535884 -0.51387835 0.71411693
vn -0.60975564 -0.35203642 0.71011859
vn -0.47535884 -0.51387835 0.71411693
vn -0.47546476 -0.51377642 0.71411979
vn -0.84280598 -0.44392076 0.30432284
vn -0.84280598 -0.44392076 0.30432284
vn -0.79878938 -0.47412845 0.37032109
vn -0.47535884 -0.51387835 0.71411693
vn -0.17608322 -0.80532634 0.56607789
vn -0.18164131 -0.80411381 0.56604546
vn -0.07587415 -0.82252431 0.56364608
vn -0.07587415 -0.82252431 0.56364608
vn -0.07587415 -0.82252431 0.56364608
vn -0.17608322 -0.80532634 0.56607789
vn -0.18164131 -0.80411381 0.56604546
vn -0.17608322 -0.80532634 0.56607789
vn -0.84484941 -0.49164626 0.21098197
vn -0.84484941 -0.49164626 0.21098197
vn -0.52867603 -0.55337590 0.64364338
vn -0.18164131 -0.80411381 0.56604546
vn 0.76296723 -0.62386584 0.16932920
vn 0.76296723 -0.62386584 0.16932920
vn 0.71698499 -0.65474313 0.23925711
vn 0.71698499 -0.65474313 0.23925711
vn 0.72211319 -0.65174186 0.23191595
vn 0.76296723 -0.62386584 0.16932920
vn 0.51516962 -0.72044885 0.46427765
vn 0.72211319 -0.65174186 0.23191595
vn 0.71698499 -0.65474313 0.23925711
vn 0.99992537 -0.01221668 -0.00001545
vn 0.99992496 -0.01224832 -0.00004634
vn 0.86602694 -0.49999732 -0.00002090
vn 1.00000000 0.00001526 0.00000000
vn 0.99992496 -0.01224832 -0.00004634
vn 0.99992537 -0.01221668 -0.00001545
vn 0.86602694 -0.49999732 -0.00002090
vn 0.86602694 -0.49999732 -0.00002090
vn 0.99992537 -0.01221668 -0.00001545
vn 0.86602694 -0.49999732 -0.00002090
vn 0.86602694 -0.49999732 -0.00002090
vn 0.49999738 -0.86602694 -0.00002095
vn 0.49999738 -0.86602694 -0.00002095
vn 0.49999738 -0.86602694 -0.00002095
vn 0.86602694 -0.49999732 -0.00002090
vn 0.99992537 -0.01221668 -0.00001545
vn 1.00000000 0.00001526 0.00000000
vn 1.00000000 0.00001526 0.00000000
vn 1.00000000 0.00001526 0.00000000
vn 1.00000000 0.00001526 0.00000000
vn 1.00000000 0.00001526 0.00000000
vn 1.00000000 0.00001526 0.00000000
vn 1.00000000 0.00001526 0.00000000
vn 1.00000000 0.00001526 0.00000000
vn 1.00000000 -0.00001526 -0.00001526
vn 1.00000000 0.00001526 0.00000000
vn 1.00000000 0.00001526 0.00000000
vn 1.00000000 0.00001526 0.00000000
vn 1.00000000 0.00001526 0.00000000
vn 1.00000000 -0.00001526 -0.00001526
vn 1.00000000 -0.00001526 -0.00001526
vn 1.00000000 -0.00001526 -0.00001526
vn 1.00000000 0.00001526 0.00000000
vn 1.00000000 0.00001526 0.00000000
vn 1.00000000 -0.00001526 -0.00001526
vn 1.00000000 0.00001526 0.00000000
vn 1.00000000 0.00001526 0.00000000
vn 1.00000000 0.00001526 0.00000000
vn 1.00000000 0.00001526 0.00000000
vn -1.00000000 0.00001526 0.00000000
vn -1.00000000 0.00001526 0.00000000
vn -1.00000000 0.00001526 0.00000000
vn -1.00000000 0.00001526 0.00000000
vn -1.00000000 0.00001526 0.00000000
vn -0.99992537 -0.01221662 -0.00001545
vn -1.00000000 0.00001526 0.00000000
vn -1.00000000 0.00001526 0.00000000
vn -1.00000000 0.00001526 0.00000000
vn -0.99992537 -0.01221662 -0.00001545
vn -0.99992496 -0.01224826 0.00004633
vn -1.00000000 0.00001526 0.00000000
vn -1.00000000 0.00001526 0.00000000
vn -1.00000000 0.00001526 0.00000000
vn -1.00000000 0.00001526 0.00000000
vn -0.99992496 -0.01224826 0.00004633
vn -0.99992537 -0.01221662 -0.00001545
vn -0.86605543 -0.49994802 -0.00002090
vn -1.00000000 0.00001526 0.00000000
vn -1.00000000 0.00001526 0.00000000
vn -1.00000000 0.00001526 0.00000000
vn -1.00000000 0.00001526 0.00000000
vn -1.00000000 0.00001526 0.00000000
vn -1.00000000 0.00001526 0.00000000
vn -1.00000000 0.00001526 0.00000000
vn -1.00000000 0.00001526 0.00000000
vn -1.00000000 0.00001526 0.00000000
vn -0.86605543 -0.49994802 -0.00002090
vn -0.86602694 -0.49999732 -0.00002090
vn -0.99992496 -0.01224826 0.00004633
vn -0.86602694 -0.49999732 -0.00002090
vn -0.86605543 -0.49994802 -0.00002090
vn -0.50004673 -0.86599845 -0.00002095
vn -0.50004673 -0.86599845 -0.00002095
vn -0.50004673 -0.86599845 -0.00002095
vn -0.86602694 -0.49999732 -0.00002090
vn 0.49999738 -0.86602694 -0.00002095
vn 0.49999738 -0.86602694 -0.00002095
vn 0.05354138 -0.99856561 -0.00001617
vn 0.05354138 -0.99856561 -0.00001617
vn 0.05354138 -0.99856561 -0.00001617
vn 0.49999738 -0.86602694 -0.00002095
vn 0.05354138 -0.99856561 -0.00001617
vn 0.05354138 -0.99856561 -0.00001617
vn -0.05354304 -0.99856555 -0.00004828
vn -0.05354304 -0.99856555 -0.00004828
vn -0.05357505 -0.99856383 -0.00001617
vn 0.05354138 -0.99856561 -0.00001617
vn -0.05357505 -0.99856383 -0.00001617
vn -0.05354304 -0.99856555 -0.00004828
vn -0.50004673 -0.86599845 -0.00002095
vn -0.50004673 -0.86599845 -0.00002095
vn -0.50004673 -0.86599845 -0.00002095
vn -0.05357505 -0.99856383 -0.00001617
vn -0.86605543 -0.49994802 -0.00002090
vn -0.86605543 -0.49994802 -0.00002090
vn -0.99992573 -0.01218536 -0.00001544
vn -0.86605543 -0.49994802 -0.00002090
vn -0.86605543 -0.49994802 -0.00002090
vn -0.50004673 -0.86599845 -0.00002095
vn -0.50004673 -0.86599845 -0.00002095
vn -0.50004673 -0.86599845 -0.00002095
vn -0.86605543 -0.49994802 -0.00002090
vn -0.99992573 -0.01218536 -0.00001544
vn -0.99992502 -0.01224788 0.00001544
vn -0.86605543 -0.49994802 -0.00002090
vn -0.99992502 -0.01224788 0.00001544
vn -0.99992573 -0.01218536 -0.00001544
vn -1.00000000 0.00001526 0.00000000
vn -1.00000000 0.00001526 0.00000000
vn -1.00000000 0.00001526 0.00000000
vn -0.99992502 -0.01224788 0.00001544
vn -1.00000000 0.00001526 0.00000000
vn -1.00000000 0.00001526 0.00000000
vn -1.00000000 0.00001526 0.00000000
vn -1.00000000 0.00001526 0.00000000
vn -1.00000000 0.00001526 0.00000000
vn -1.00000000 0.00001526 0.00000000
vn -1.00000000 0.00001526 0.00000000
vn -1.00000000 0.00001526 0.00000000
vn -1.00000000 0.00001526 0.00000000
vn -1.00000000 0.00001526 0.00000000
vn -1.00000000 0.00001526 0.00000000
vn -1.00000000 0.00001526 0.00000000
vn -1.00000000 0.00001526 0.00000000
vn -1.00000000 0.00001526 0.00000000
vn -1.00000000 0.00001526 0.00000000
vn -1.00000000 0.00001526 0.00000000
vn -1.00000000 0.00001526 0.00000000
vn -1.00000000 0.00001526 0.00000000
vn -1.00000000 0.00001526 0.00000000
vn -1.00000000 0.00001526 0.00000000
vn -1.00000000 0.00001526 0.00000000
vn 0.99992537 -0.01221668 -0.00001545
vn 0.99992502 -0.01224794 -0.00001545
vn 0.86602694 -0.49999732 -0.00002090
vn 1.00000000 0.00001526 0.00000000
vn 0.99992502 -0.01224794 -0.00001545
vn 0.99992537 -0.01221668 -0.00001545
vn 0.86602694 -0.49999732 -0.00002090
vn 0.86602694 -0.49999732 -0.00002090
vn 0.99992537 -0.01221668 -0.00001545
vn 0.86602694 -0.49999732 -0.00002090
vn 0.86602694 -0.49999732 -0.00002090
vn 0.49999738 -0.86602694 -0.00002095
vn 0.49999738 -0.86602694 -0.00002095
vn 0.49999738 -0.86602694 -0.00002095
vn 0.86602694 -0.49999732 -0.00002090
vn 0.99992537 -0.01221668 -0.00001545
vn 1.00000000 0.00001526 0.00000000
vn 1.00000000 0.00001526 0.00000000
vn 1.00000000 0.00001526 0.00000000
vn 1.00000000 0.00001526 0.00000000
vn 1.00000000 0.00001526 0.00000000
vn 1.00000000 0.00001526 0.00000000
vn 1.00000000 0.00001526 0.00000000
vn 1.00000000 0.00001526 0.00000000
vn 1.00000000 0.00001526 0.00000000
vn 1.00000000 0.00001526 0.00000000
vn 1.00000000 0.00001526 0.00000000
vn 1.00000000 0.00001526 0.00000000
vn 1.00000000 0.00001526 0.00000000
vn 1.00000000 0.00001526 0.00000000
vn 1.00000000 0.00001526 0.00000000
vn 1.00000000 0.00001526 0.00000000
vn 1.00000000 0.00001526 0.00000000
vn 1.00000000 0.00001526 0.00000000
vn 1.00000000 0.00001526 0.00000000
vn 1.00000000 0.00001526 0.00000000
vn 1.00000000 0.00001526 0.00000000
vn 1.00000000 0.00001526 0.00000000
vn 1.00000000 0.00001526 0.00000000
vn 0.49999738 -0.86602694 -0.00002095
vn 0.49999738 -0.86602694 -0.00002095
vn 0.05354138 -0.99856561 -0.00001617
vn 0.05354138 -0.99856561 -0.00001617
vn 0.05354138 -0.99856561 0.00001594
vn 0.49999738 -0.86602694 -0.00002095
vn 0.05354138 -0.99856561 0.00001594
vn 0.05354138 -0.99856561 -0.00001617
vn -0.05357505 -0.99856383 -0.00001617
vn -0.05357505 -0.99856383 -0.00001617
vn -0.05357505 -0.99856383 -0.00001617
vn 0.05354138 -0.99856561 0.00001594
vn -0.05357505 -0.99856383 -0.00001617
vn -0.05357505 -0.99856383 -0.00001617
vn -0.50004673 -0.86599845 -0.00002095
vn -0.50004673 -0.86599845 -0.00002095
vn -0.50004673 -0.86599845 -0.00002095
vn -0.05357505 -0.99856383 -0.00001617
vn -0.86605543 -0.49994802 -0.00002090
vn -0.86605543 -0.49994802 -0.00002090
vn -0.99992573 -0.01218536 -0.00001544
vn -0.86605543 -0.49994802 -0.00002090
vn -0.86605543 -0.49994802 -0.00002090
vn -0.50004673 -0.86599845 -0.00002095
vn -0.50004673 -0.86599845 -0.00002095
vn -0.50004673 -0.86599845 -0.00002095
vn -0.86605543 -0.49994802 -0.00002090
vn -0.99992573 -0.01218536 -0.00001544
vn -0.99992502 -0.01224788 0.00001544
vn -0.86605543 -0.49994802 -0.00002090
vn -1.00000000 0.00001526 0.00000000
vn -0.99992502 -0.01224788 0.00001544
vn -0.99992573 -0.01218536 -0.00001544
vn -0.99992573 -0.01218536 -0.00001544
vn -1.00000000 0.00001526 0.00000000
vn -1.00000000 0.00001526 0.00000000
vn -1.00000000 0.00001526 0.00000000
vn -1.00000000 0.00001526 0.00000000
vn -1.00000000 0.00001526 0.00000000
vn -1.00000000 0.00001526 0.00000000
vn -1.00000000 0.00001526 0.00000000
vn -1.00000000 0.00001526 0.00000000
vn -1.00000000 0.00001526 0.00000000
vn -1.00000000 0.00001526 0.00000000
vn -1.00000000 0.00001526 0.00000000
vn -1.00000000 0.00001526 0.00000000
vn -1.00000000 0.00001526 0.00000000
vn -1.00000000 0.00001526 0.00000000
vn -1.00000000 0.00001526 0.00000000
vn -1.00000000 0.00001526 0.00000000
vn -1.00000000 0.00001526 0.00000000
vn -1.00000000 0.00001526 0.00000000
vn -1.00000000 0.00001526 0.00000000
vn -1.00000000 0.00001526 0.00000000
vn -1.00000000 0.00001526 0.00000000
vn -1.00000000 0.00001526 0.00000000
vn -1.00000000 0.00001526 0.00000000
vn 0.99992537 -0.01221668 -0.00001545
vn 0.99992537 -0.01221668 -0.00001545
vn 0.86602694 -0.49999732 -0.00002090
vn 1.00000000 0.00001526 0.00000000
vn 0.99992537 -0.01221668 -0.00001545
vn 0.99992537 -0.01221668 -0.00001545
vn 0.86602694 -0.49999732 -0.00002090
vn 0.86602694 -0.49999732 -0.00002090
vn 0.99992537 -0.01221668 -0.00001545
vn 0.86602694 -0.49999732 -0.00002090
vn 0.86602694 -0.49999732 -0.00002090
vn 0.49999738 -0.86602694 -0.00002095
vn 0.49999738 -0.86602694 -0.00002095
vn 0.49999738 -0.86602694 -0.00002095
vn 0.86602694 -0.49999732 -0.00002090
vn 0.99992537 -0.01221668 -0.00001545
vn 1.00000000 0.00001526 0.00000000
vn 1.00000000 0.00001526 0.00000000
vn 1.00000000 0.00001526 0.00000000
vn 1.00000000 0.00001526 0.00000000
vn 1.00000000 0.00001526 0.00000000
vn 1.00000000 0.00001526 0.00000000
vn 1.00000000 0.00001526 0.00000000
vn 1.00000000 0.00001526 0.00000000
vn 1.00000000 0.00001526 0.00000000
vn 1.00000000 0.00001526 0.00000000
vn 1.00000000 0.00001526 0.00000000
vn 1.00000000 0.00001526 0.00000000
vn 1.00000000 0.00001526 0.00000000
vn 1.00000000 0.00001526 0.00000000
vn 1.00000000 0.00001526 0.00000000
vn 1.00000000 0.00001526 0.00000000
vn 1.00000000 0.00001526 0.00000000
vn 1.00000000 0.00001526 0.00000000
vn 1.00000000 0.00001526 0.00000000
vn 1.00000000 0.00001526 0.00000000
vn 1.00000000 0.00001526 0.00000000
vn 1.00000000 0.00001526 0.00000000
vn 1.00000000 0.00001526 0.00000000
vn 0.49999738 -0.86602694 -0.00002095
vn 0.49999738 -0.86602694 -0.00002095
vn 0.02873095 -0.99958718 -0.00001581
vn 0.02873095 -0.99958718 -0.00001581
vn 0.02873095 -0.99958718 -0.00001581
vn 0.49999738 -0.86602694 -0.00002095
vn 0.02873095 -0.99958718 -0.00001581
vn 0.02873095 -0.99958718 -0.00001581
vn -0.02876314 -0.99958628 -0.00001581
vn -0.02876314 -0.99958628 -0.00001581
vn -0.02876314 -0.99958628 -0.00001581
vn 0.02873095 -0.99958718 -0.00001581
vn -0.02876314 -0.99958628 -0.00001581
vn -0.02876314 -0.99958628 -0.00001581
vn -0.50004673 -0.86599845 -0.00002095
vn -0.50004673 -0.86599845 -0.00002095
vn -0.50004673 -0.86599845 -0.00002095
vn -0.02876314 -0.99958628 -0.00001581
vn -0.50004673 -0.86599845 -0.00002095
vn -0.50004673 -0.86599845 -0.00002095
vn -0.86605543 -0.49994802 -0.00002090
vn -0.86605543 -0.49994802 -0.00002090
vn -0.86605543 -0.49994802 -0.00002090
vn -0.50004673 -0.86599845 -0.00002095
vn -0.86605543 -0.49994802 -0.00002090
vn -0.86605543 -0.49994802 -0.00002090
vn -0.99992573 -0.01218536 -0.00001544
vn -0.99992573 -0.01218536 -0.00001544
vn -0.99992502 -0.01224788 0.00001544
vn -0.86605543 -0.49994802 -0.00002090
vn -0.99992502 -0.01224788 0.00001544
vn -0.99992573 -0.01218536 -0.00001544
vn -1.00000000 0.00001526 0.00000000
vn -1.00000000 0.00001526 0.00000000
vn -1.00000000 0.00001526 0.00000000
vn -0.99992502 -0.01224788 0.00001544
vn -1.00000000 0.00001526 0.00000000
vn -1.00000000 0.00001526 0.00000000
vn -1.00000000 0.00001526 0.00000000
vn -1.00000000 0.00001526 0.00000000
vn -1.00000000 0.00001526 0.00000000
vn -1.00000000 0.00001526 0.00000000
vn -1.00000000 0.00001526 0.00000000
vn -1.00000000 0.00001526 0.00000000
vn -1.00000000 0.00001526 0.00000000
vn -1.00000000 0.00001526 0.00000000
vn -1.00000000 0.00001526 0.00000000
vn -1.00000000 0.00001526 0.00000000
vn -1.00000000 0.00001526 0.00000000
vn -1.00000000 0.00001526 0.00000000
vn -1.00000000 0.00001526 0.00000000
vn -1.00000000 0.00001526 0.00000000
vn -1.00000000 0.00001526 0.00000000
vn -1.00000000 0.00001526 0.00000000
vn -1.00000000 0.00001526 0.00000000
vn -1.00000000 0.00001526 0.00000000
vn -1.00000000 0.00001526 0.00000000
vn -0.05357505 -0.99856383 -0.00001617
vn -0.05357505 -0.99856383 -0.00001617
vn -0.50004673 -0.86599845 -0.00002095
vn -0.50004673 -0.86599845 -0.00002095
vn -0.50004673 -0.86599845 -0.00002095
vn -0.05357505 -0.99856383 -0.00001617
vn -0.05357505 -0.99856383 -0.00001617
vn -0.05357505 -0.99856383 -0.00001617
vn 0.05354138 -0.99856561 -0.00001617
vn 0.05354138 -0.99856561 -0.00001617
vn 0.05354138 -0.99856561 -0.00001617
vn -0.05357505 -0.99856383 -0.00001617
vn 0.05354138 -0.99856561 -0.00001617
vn 0.05354138 -0.99856561 -0.00001617
vn 0.49999738 -0.86602694 -0.00002095
vn 0.49999738 -0.86602694 -0.00002095
vn 0.49999738 -0.86602694 -0.00002095
vn 0.05354138 -0.99856561 -0.00001617
vn 0.86602694 -0.49999732 -0.00002090
vn 0.86602694 -0.49999732 -0.00002090
vn 0.49999738 -0.86602694 -0.00002095
vn 0.49999738 -0.86602694 -0.00002095
vn 0.49999738 -0.86602694 -0.00002095
vn 0.86602694 -0.49999732 -0.00002090
vn 0.86602694 -0.49999732 -0.00002090
vn 0.86602694 -0.49999732 -0.00002090
vn 0.99992537 -0.01221668 -0.00001545
vn 0.99992537 -0.01221668 -0.00001545
vn 0.99992496 -0.01224832 -0.00004634
vn 0.86602694 -0.49999732 -0.00002090
vn 1.00000000 0.00001526 0.00000000
vn 0.99992496 -0.01224832 -0.00004634
vn 0.99992537 -0.01221668 -0.00001545
vn 0.99992537 -0.01221668 -0.00001545
vn 1.00000000 0.00001526 0.00000000
vn 1.00000000 0.00001526 0.00000000
vn 1.00000000 0.00001526 0.00000000
vn 1.00000000 0.00001526 0.00000000
vn 1.00000000 0.00001526 0.00000000
vn 1.00000000 0.00001526 0.00000000
vn 1.00000000 0.00001526 0.00000000
vn 1.00000000 0.00001526 0.00000000
vn 1.00000000 -0.00001526 -0.00001526
vn 1.00000000 0.00001526 0.00000000
vn 1.00000000 0.00001526 0.00000000
vn 1.00000000 0.00001526 0.00000000
vn 1.00000000 -0.00001526 -0.00001526
vn 1.00000000 -0.00001526 -0.00001526
vn 1.00000000 -0.00001526 -0.00001526
vn 1.00000000 -0.00001526 -0.00001526
vn 1.00000000 -0.00001526 -0.00001526
vn 1.00000000 0.00001526 0.00000000
vn 1.00000000 -0.00001526 -0.00001526
vn 1.00000000 -0.00001526 -0.00001526
vn 1.00000000 -0.00001526 -0.00001526
vn 1.00000000 0.00001526 0.00000000
vn 1.00000000 0.00001526 0.00000000
vn -0.50004673 -0.86599845 -0.00002095
vn -0.50004673 -0.86599845 -0.00002095
vn -0.86605543 -0.49994802 -0.00002090
vn -0.86605543 -0.49994802 -0.00002090
vn -0.86605543 -0.49994802 -0.00002090
vn -0.50004673 -0.86599845 -0.00002095
vn -0.86605543 -0.49994802 -0.00002090
vn -0.86605543 -0.49994802 -0.00002090
vn -0.99992573 -0.01218536 -0.00001544
vn -0.99992573 -0.01218536 -0.00001544
vn -0.99992573 -0.01218536 -0.00001544
vn -0.86605543 -0.49994802 -0.00002090
vn -0.99992573 -0.01218536 -0.00001544
vn -0.99992573 -0.01218536 -0.00001544
vn -1.00000000 0.00001526 0.00000000
vn -1.00000000 0.00001526 0.00000000
vn -1.00000000 0.00001526 0.00000000
vn -0.99992573 -0.01218536 -0.00001544
vn -1.00000000 0.00001526 0.00000000
vn -1.00000000 0.00001526 0.00000000
vn -1.00000000 0.00001526 0.00000000
vn -1.00000000 0.00001526 0.00000000
vn -1.00000000 0.00001526 0.00000000
vn -1.00000000 0.00001526 0.00000000
vn -1.00000000 0.00001526 0.00000000
vn -1.00000000 0.00001526 0.00000000
vn -1.00000000 0.00001526 0.00000000
vn -1.00000000 0.00001526 0.00000000
vn -1.00000000 0.00001526 0.00000000
vn -1.00000000 0.00001526 0.00000000
vn -1.00000000 0.00001526 0.00000000
vn -1.00000000 0.00001526 0.00000000
vn -1.00000000 0.00001526 0.00000000
vn -1.00000000 0.00001526 0.00000000
vn -1.00000000 0.00001526 0.00000000
vn -1.00000000 0.00001526 0.00000000
vn -1.00000000 0.00001526 0.00000000
vn -1.00000000 0.00001526 0.00000000
vn -1.00000000 0.00001526 0.00000000
vn -0.05357505 -0.99856383 -0.00001617
vn -0.05357505 -0.99856383 -0.00001617
vn -0.50004673 -0.86599845 -0.00002095
vn -0.50004673 -0.86599845 -0.00002095
vn -0.50004673 -0.86599845 -0.00002095
vn -0.05357505 -0.99856383 -0.00001617
vn -0.05357505 -0.99856383 -0.00001617
vn -0.05357505 -0.99856383 -0.00001617
vn 0.05354138 -0.99856561 -0.00001617
vn 0.05354138 -0.99856561 -0.00001617
vn 0.05354138 -0.99856561 -0.00001617
vn -0.05357505 -0.99856383 -0.00001617
vn 0.05354138 -0.99856561 -0.00001617
vn 0.05354138 -0.99856561 -0.00001617
vn 0.49999738 -0.86602694 -0.00002095
vn 0.49999738 -0.86602694 -0.00002095
vn 0.49999738 -0.86602694 -0.00002095
vn 0.05354138 -0.99856561 -0.00001617
vn 0.86602694 -0.49999732 -0.00002090
vn 0.86602694 -0.49999732 -0.00002090
vn 0.49999738 -0.86602694 -0.00002095
vn 0.49999738 -0.86602694 -0.00002095
vn 0.49999738 -0.86602694 -0.00002095
vn 0.86602694 -0.49999732 -0.00002090
vn 0.86602694 -0.49999732 -0.00002090
vn 0.86602694 -0.49999732 -0.00002090
vn 0.99992537 -0.01221668 -0.00001545
vn 0.99992537 -0.01221668 -0.00001545
vn 0.99992537 -0.01221744 -0.00007723
vn 0.86602694 -0.49999732 -0.00002090
vn 0.99992537 -0.01221744 -0.00007723
vn 0.99992537 -0.01221668 -0.00001545
vn 1.00000000 0.00001526 0.00000000
vn 1.00000000 0.00001526 0.00000000
vn 1.00000000 0.00001526 0.00000000
vn 0.99992537 -0.01221744 -0.00007723
vn 1.00000000 0.00001526 0.00000000
vn 1.00000000 0.00001526 0.00000000
vn 1.00000000 0.00001526 0.00000000
vn 1.00000000 0.00001526 0.00000000
vn 1.00000000 0.00001526 0.00000000
vn 1.00000000 0.00001526 0.00000000
vn 1.00000000 0.00001526 0.00000000
vn 1.00000000 0.00001526 0.00000000
vn 1.00000000 0.00001526 0.00000000
vn 1.00000000 0.00001526 0.00000000
vn 1.00000000 0.00001526 0.00000000
vn 1.00000000 0.00001526 0.00000000
vn 1.00000000 0.00001526 0.00000000
vn 1.00000000 0.00001526 0.00000000
vn 1.00000000 0.00001526 0.00000000
vn 1.00000000 0.00001526 0.00000000
vn 1.00000000 0.00001526 0.00000000
vn 1.00000000 0.00001526 0.00000000
vn -0.50004673 -0.86599845 -0.00002095
vn -0.50004673 -0.86599845 -0.00002095
vn -0.86605543 -0.49994802 -0.00002090
vn -0.86605543 -0.49994802 -0.00002090
vn -0.86605543 -0.49994802 -0.00002090
vn -0.50004673 -0.86599845 -0.00002095
vn -0.86605543 -0.49994802 -0.00002090
vn -0.86605543 -0.49994802 -0.00002090
vn -0.99971706 -0.02378606 -0.00001562
vn -0.99971706 -0.02378606 -0.00001562
vn -0.99971628 -0.02381876 0.00004685
vn -0.86605543 -0.49994802 -0.00002090
vn -0.99971628 -0.02381876 0.00004685
vn -0.99971706 -0.02378606 -0.00001562
vn -0.99971557 0.02385035 -0.00003123
vn -0.99971557 0.02385035 -0.00003123
vn -0.99971634 0.02381765 0.00000000
vn -0.99971628 -0.02381876 0.00004685
vn -0.99971634 0.02381765 0.00000000
vn -0.99971557 0.02385035 -0.00003123
vn -0.86603218 0.49998829 0.00000006
vn -0.86603218 0.49998829 0.00000006
vn -0.86603218 0.49998829 0.00000006
vn -0.99971634 0.02381765 0.00000000
vn -0.86603218 0.49998829 0.00000006
vn -0.86603218 0.49998829 0.00000006
vn -0.50001299 0.86601788 0.00000010
vn -0.50001299 0.86601788 0.00000010
vn -0.50001299 0.86601788 0.00000010
vn -0.86603218 0.49998829 0.00000006
vn -0.50004673 -0.86599845 -0.00002095
vn -0.06066923 -0.99815792 -0.00001628
vn -0.06327051 -0.99799639 -0.00001631
vn -0.06327051 -0.99799639 -0.00001631
vn -0.50004673 -0.86599845 -0.00002095
vn -0.50004673 -0.86599845 -0.00002095
vn -0.00001526 -1.00000000 -0.00001538
vn -0.06327051 -0.99799639 -0.00001631
vn -0.06066923 -0.99815792 -0.00001628
vn -0.06066923 -0.99815792 -0.00001628
vn -0.00001526 -1.00000000 -0.00001538
vn -0.00001526 -1.00000000 -0.00001538
vn -0.50001299 0.86601788 0.00000010
vn -0.50001299 0.86601788 0.00000010
vn -0.05799351 0.99831694 0.00000012
vn -0.05799351 0.99831694 0.00000012
vn -0.05795952 0.99831891 0.00000012
vn -0.50001299 0.86601788 0.00000010
vn -0.05795952 0.99831891 0.00000012
vn -0.05799351 0.99831694 0.00000012
vn 0.00000000 1.00000000 0.00000012
vn -0.05799351 0.99831694 0.00000012
vn 0.00000000 1.00000000 0.00000012
vn 0.00000000 1.00000000 0.00000012
vn -0.05795952 0.99831891 0.00000012
vn 0.00000000 1.00000000 0.00000012
vn 0.00000000 1.00000000 0.00000012
vn -0.50004673 -0.86599845 -0.00002095
vn -0.50004673 -0.86599845 -0.00002095
vn -0.86605543 -0.49994802 -0.00002090
vn -0.86605543 -0.49994802 -0.00002090
vn -0.86605543 -0.49994802 -0.00002090
vn -0.50004673 -0.86599845 -0.00002095
vn -0.86605543 -0.49994802 -0.00002090
vn -0.86605543 -0.49994802 -0.00002090
vn -0.99959642 -0.02840840 -0.00001569
vn -0.99959642 -0.02840840 -0.00001569
vn -0.99959642 -0.02840840 -0.00001569
vn -0.86605543 -0.49994802 -0.00002090
vn -0.99959642 -0.02840840 -0.00001569
vn -0.99959642 -0.02840840 -0.00001569
vn -1.00000000 0.00001526 0.00000000
vn -1.00000000 0.00001526 0.00000000
vn -1.00000000 0.00001526 0.00000000
vn -0.99959642 -0.02840840 -0.00001569
vn -1.00000000 0.00001526 0.00000000
vn -1.00000000 0.00001526 0.00000000
vn -1.00000000 0.00001526 0.00000000
vn -0.05804545 -0.99831396 -0.00001624
vn -0.05804731 -0.99831384 -0.00004848
vn -0.50004673 -0.86599845 -0.00002095
vn -0.50004673 -0.86599845 -0.00002095
vn -0.50004673 -0.86599845 -0.00002095
vn -0.05804545 -0.99831396 -0.00001624
vn -0.00001526 -1.00000000 -0.00001538
vn -0.05804731 -0.99831384 -0.00004848
vn -0.05804545 -0.99831396 -0.00001624
vn -0.00001526 -1.00000000 -0.00001538
vn -0.00001526 -1.00000000 -0.00001538
vn -0.05804731 -0.99831384 -0.00004848
vn -0.00001526 -1.00000000 -0.00001538
vn -0.05804545 -0.99831396 -0.00001624
vn -0.00001526 -1.00000000 -0.00001538
vn -0.00001982 -0.36935696 0.92928761
vn -0.00001982 -0.36935696 0.92928761
vn -0.00001601 -0.05078195 0.99870974
vn -0.00001601 -0.05078195 0.99870974
vn -0.00001590 -0.04298049 0.99907589
vn -0.00001982 -0.36935696 0.92928761
vn -0.00001982 -0.36935696 0.92928761
vn -0.00001982 -0.36935696 0.92928761
vn -0.00001590 -0.04298049 0.99907589
vn -0.00001590 -0.04298049 0.99907589
vn -0.00001601 -0.05078195 0.99870974
vn -0.00001526 -0.00001538 1.00000000
vn -0.00001526 -0.00001538 1.00000000
vn 0.00000000 0.00001514 1.00000000
vn -0.00001590 -0.04298049 0.99907589
vn 0.00000000 0.00001514 1.00000000
vn 0.00000000 0.00001514 1.00000000
vn -0.00001526 -0.00001538 1.00000000
vn 0.00000000 0.00001514 1.00000000
vn 0.00000000 0.00001514 1.00000000
vn 0.00000000 0.00001514 1.00000000
vn 0.00000000 0.00001514 1.00000000
vn 0.00000000 0.00001514 1.00000000
vn 0.00000000 0.00001514 1.00000000
vn 0.00000000 0.00001514 1.00000000
vn 0.00000000 0.00001514 1.00000000
vn 0.00000000 0.00001514 1.00000000
vn 0.00000000 0.00001514 1.00000000
vn 0.00000000 0.00001514 1.00000000
vn 0.00000000 0.00001514 1.00000000
vn 0.00000000 0.00001514 1.00000000
vn 0.00000000 0.00001514 1.00000000
vn -0.00001526 -0.00001538 1.00000000
vn -0.00001526 -0.00001538 1.00000000
vn 0.00000000 0.00001514 1.00000000
vn 0.00000000 0.00001514 1.00000000
vn -0.00001526 -0.00001538 1.00000000
vn -0.00001526 -0.00001538 1.00000000
vn 0.00000000 0.00001514 1.00000000
vn -0.00001526 -0.00001538 1.00000000
vn -0.00001526 -0.00001538 1.00000000
vn 0.00000000 0.00001514 1.00000000
vn -0.00001526 -0.00001538 1.00000000
vn -0.00001526 -0.00001538 1.00000000
vn 0.00000000 0.00001514 1.00000000
vn 0.00000000 0.00001514 1.00000000
vn 0.00000000 0.00001514 1.00000000
vn -0.00001526 -0.00001538 1.00000000
vn -0.00001526 -0.00001538 1.00000000
vn -0.00001526 -0.00001538 1.00000000
vn 0.00000000 0.00001514 1.00000000
vn -0.00001526 -0.00001538 1.00000000
vn -0.00001526 -0.00001538 1.00000000
vn 0.00000000 0.00001514 1.00000000
vn -0.00001526 -0.00001538 1.00000000
vn -0.00001526 -0.00001538 1.00000000
vn 0.00000000 0.00001514 1.00000000
vn -0.00001526 -0.00001538 1.00000000
vn 0.00000000 0.00001514 1.00000000
vn 0.00000000 0.00001514 1.00000000
vn 0.00000000 0.00001514 1.00000000
vn 0.00000000 0.00001514 1.00000000
vn 0.00000000 0.00001514 1.00000000
vn 0.00000000 0.00001514 1.00000000
vn -0.00001526 -0.00001538 1.00000000
vn 0.00000000 0.00001514 1.00000000
vn -0.68008393 0.18223384 0.71012437
vn -0.70692199 0.00569802 0.70726854
vn -0.70692199 0.00569802 0.70726854
vn -0.70692199 0.00569802 0.70726854
vn -0.68008393 0.18223384 0.71012437
vn -0.68008393 0.18223384 0.71012437
vn -0.70712841 0.00002149 0.70708519
vn -0.70692199 0.00569802 0.70726854
vn -0.70692199 0.00569802 0.70726854
vn -0.60978276 0.35203701 0.71009499
vn -0.68008393 0.18223384 0.71012437
vn -0.68008393 0.18223384 0.71012437
vn -0.70692199 0.00569802 0.70726854
vn -0.70712841 0.00002149 0.70708519
vn -0.70712841 0.00002149 0.70708519
vn -0.68008393 0.18223384 0.71012437
vn -0.60978276 0.35203701 0.71009499
vn -0.60978276 0.35203701 0.71009499
vn -0.70712841 0.00002149 0.70708519
vn -0.70712841 0.00002149 0.70708519
vn -0.70712841 0.00002149 0.70708519
vn -0.49788979 0.49781176 0.71013325
vn -0.60978276 0.35203701 0.71009499
vn -0.60978276 0.35203701 0.71009499
vn -0.70712841 0.00002149 0.70708519
vn -0.70712841 0.00002149 0.70708519
vn -0.70712841 0.00002149 0.70708519
vn -0.70712841 0.00002149 0.70708519
vn -0.70712841 0.00002149 0.70708519
vn -0.70712841 0.00002149 0.70708519
vn -0.70712841 0.00002149 0.70708519
vn -0.70712841 0.00002149 0.70708519
vn -0.70712841 0.00002149 0.70708519
vn -0.60978276 0.35203701 0.71009499
vn -0.49788979 0.49781176 0.71013325
vn -0.49788979 0.49781176 0.71013325
vn -0.49788979 0.49781176 0.71013325
vn -0.49788979 0.49781176 0.71013325
vn -0.35206500 0.60976118 0.71009970
vn -0.35206500 0.60976118 0.71009970
vn -0.35206500 0.60976118 0.71009970
vn -0.49788979 0.49781176 0.71013325
vn 0.71616220 -0.00140400 0.69793242
vn 0.71066022 -0.00084216 0.70353484
vn 0.71066022 -0.00084216 0.70353484
vn 0.71066022 -0.00084216 0.70353484
vn 0.71066022 -0.00084216 0.70353484
vn 0.71233118 -0.00006482 0.70184344
vn 0.71066022 -0.00084216 0.70353484
vn 0.71629012 -0.00140400 0.69780117
vn 0.71616220 -0.00140400 0.69793242
vn 0.71233118 -0.00006482 0.70184344
vn 0.71235245 -0.00002166 0.70182186
vn 0.71066022 -0.00084216 0.70353484
vn 0.71235245 -0.00002166 0.70182186
vn 0.71233118 -0.00006482 0.70184344
vn 0.70628661 0.02282083 0.70755804
vn 0.70628661 0.02282083 0.70755804
vn 0.70318145 0.03385385 0.71020401
vn 0.71235245 -0.00002166 0.70182186
vn 0.73508167 -0.00127336 0.67797732
vn 0.71616220 -0.00140400 0.69793242
vn 0.71629012 -0.00140400 0.69780117
vn 0.71629012 -0.00140400 0.69780117
vn 0.73510158 -0.00123016 0.67795581
vn 0.73508167 -0.00127336 0.67797732
vn 0.74015975 -0.09028468 0.66634244
vn 0.73508167 -0.00127336 0.67797732
vn 0.73510158 -0.00123016 0.67795581
vn 0.73510158 -0.00123016 0.67795581
vn 0.74265331 -0.07039043 0.66596645
vn 0.74015975 -0.09028468 0.66634244
vn 0.74015975 -0.09028468 0.66634244
vn 0.74265331 -0.07039043 0.66596645
vn 0.34858105 -0.74974698 0.56246841
vn 0.34858105 -0.74974698 0.56246841
vn 0.37415248 -0.73908687 0.56014335
vn 0.74015975 -0.09028468 0.66634244
vn -0.18226013 0.68006796 0.71013296
vn -0.35206500 0.60976118 0.71009970
vn -0.35206500 0.60976118 0.71009970
vn -0.35206500 0.60976118 0.71009970
vn -0.18226013 0.68006796 0.71013296
vn -0.18226013 0.68006796 0.71013296
vn -0.18226013 0.68006796 0.71013296
vn -0.18226013 0.68006796 0.71013296
vn -0.00380814 0.70700425 0.70719910
vn -0.00380814 0.70700425 0.70719910
vn -0.00380814 0.70700425 0.70719910
vn -0.18226013 0.68006796 0.71013296
vn 0.00380814 0.70696092 0.70724231
vn -0.00380814 0.70700425 0.70719910
vn -0.00380814 0.70700425 0.70719910
vn -0.00380814 0.70700425 0.70719910
vn 0.00380814 0.70696092 0.70724231
vn 0.00380814 0.70696092 0.70724231
vn 0.18225986 0.68001902 0.71017992
vn 0.00380814 0.70696092 0.70724231
vn 0.00380814 0.70696092 0.70724231
vn 0.00380814 0.70696092 0.70724231
vn 0.18189298 0.68014318 0.71015501
vn 0.18225986 0.68001902 0.71017992
vn 0.18225986 0.68001902 0.71017992
vn 0.18189298 0.68014318 0.71015501
vn 0.32973254 0.62231255 0.70993203
vn 0.32973254 0.62231255 0.70993203
vn 0.32973254 0.62231255 0.70993203
vn 0.18225986 0.68001902 0.71017992
vn 0.17472894 -0.80376309 0.56871319
vn 0.37415248 -0.73908687 0.56014335
vn 0.34858105 -0.74974698 0.56246841
vn 0.34858105 -0.74974698 0.56246841
vn 0.16889106 -0.80500424 0.56872135
vn 0.17472894 -0.80376309 0.56871319
vn 0.08151175 -0.82020241 0.56623662
vn 0.17472894 -0.80376309 0.56871319
vn 0.16889106 -0.80500424 0.56872135
vn 0.16889106 -0.80500424 0.56872135
vn 0.08151175 -0.82020241 0.56623662
vn 0.08151175 -0.82020241 0.56623662
vn -0.62414265 -0.78032696 0.03918910
vn -0.40828153 -0.81648833 0.40823159
vn -0.63035667 -0.77592260 0.02438458
vn -0.62414265 -0.78032696 0.03918910
vn -0.63035667 -0.77592260 0.02438458
vn -0.63452488 -0.77277344 0.01411969
vn -0.63452488 -0.77277344 0.01411969
vn -0.63452488 -0.77277344 0.01411969
vn -0.62414265 -0.78032696 0.03918910
vn -0.66014910 0.74616915 0.08622532
vn -0.68509007 0.72723681 0.04216899
vn -0.40824831 0.81652141 0.40819854
vn -0.40824831 0.81652141 0.40819854
vn -0.40824831 0.81652141 0.40819854
vn -0.66014910 0.74616915 0.08622532
vn -0.70712841 0.00002149 0.70708519
vn -0.70712841 0.00002149 0.70708519
vn -0.70712841 0.00002149 0.70708519
vn -0.70712841 0.00002149 0.70708519
vn -0.70712841 0.00002149 0.70708519
vn -0.70712841 0.00002149 0.70708519
vn -0.70712841 0.00002149 0.70708519
vn -0.70712841 0.00002149 0.70708519
vn -0.70712841 0.00002149 0.70708519
vn -0.70712841 0.00002149 0.70708519
vn -0.70712841 0.00002149 0.70708519
vn -0.70712841 0.00002149 0.70708519
vn -0.66009510 -0.74622524 0.08615267
vn -0.40828153 -0.81648833 0.40823159
vn -0.40828153 -0.81648833 0.40823159
vn -0.40828153 -0.81648833 0.40823159
vn -0.68507773 -0.72724712 0.04219171
vn -0.66009510 -0.74622524 0.08615267
vn -0.66009510 -0.74622524 0.08615267
vn -0.68507773 -0.72724712 0.04219171
vn -0.70714998 -0.70706362 -0.00002166
vn -0.70714998 -0.70706362 -0.00002166
vn -0.70714998 -0.70706362 -0.00002166
vn -0.66009510 -0.74622524 0.08615267
vn 1.00000000 -0.00001526 -0.00001526
vn 1.00000000 -0.00001526 -0.00001526
vn 1.00000000 -0.00001526 -0.00001526
vn 1.00000000 -0.00001526 -0.00001526
vn 1.00000000 -0.00001526 -0.00001526
vn 0.99518210 -0.03294639 0.09234252
vn 1.00000000 -0.00001526 -0.00001526
vn 1.00000000 -0.00001526 -0.00001526
vn 1.00000000 -0.00001526 -0.00001526
vn 0.99518210 -0.03294639 0.09234252
vn 0.99725246 -0.07387592 0.00547051
vn 1.00000000 -0.00001526 -0.00001526
vn 1.00000000 -0.00001526 -0.00001526
vn 1.00000000 -0.00001526 -0.00001526
vn 1.00000000 -0.00001526 -0.00001526
vn 0.99725246 -0.07387592 0.00547051
vn 0.99518210 -0.03294639 0.09234252
vn 0.70656735 -0.70722562 0.02438092
vn 0.53214222 -0.84506416 0.05187744
vn 0.99725246 -0.07387592 0.00547051
vn 0.70656735 -0.70722562 0.02438092
vn 0.70656735 -0.70722562 0.02438092
vn 0.47821677 -0.87821150 0.00730398
vn 0.53214222 -0.84506416 0.05187744
vn 1.00000000 -0.00001526 -0.00001526
vn 1.00000000 -0.00001526 -0.00001526
vn 1.00000000 -0.00001526 -0.00001526
vn 1.00000000 -0.00001526 -0.00001526
vn 1.00000000 -0.00001526 -0.00001526
vn 1.00000000 -0.00001526 -0.00001526
vn 1.00000000 -0.00001526 -0.00001526
vn 1.00000000 -0.00001526 -0.00001526
vn 1.00000000 -0.00001526 -0.00001526
vn 0.98675752 0.11795880 0.11133453
vn 1.00000000 -0.00001526 -0.00001526
vn 1.00000000 -0.00001526 -0.00001526
vn 1.00000000 -0.00001526 -0.00001526
vn 0.99928504 0.03778693 -0.00123577
vn 0.98675752 0.11795880 0.11133453
vn 0.47821677 -0.87821150 0.00730398
vn 0.27826697 -0.96050376 -0.00001902
vn 0.29022792 -0.95695263 0.00307134
vn 0.29022792 -0.95695263 0.00307134
vn 0.53214222 -0.84506416 0.05187744
vn 0.47821677 -0.87821150 0.00730398
vn 0.27826697 -0.96050376 -0.00001902
vn 0.47821677 -0.87821150 0.00730398
vn 0.46887380 -0.88326305 0.00192140
vn 0.46887380 -0.88326305 0.00192140
vn 0.27192095 -0.96231955 -0.00028267
vn 0.27826697 -0.96050376 -0.00001902
vn 0.11896900 -0.99258786 -0.02481354
vn 0.29022792 -0.95695263 0.00307134
vn 0.27826697 -0.96050376 -0.00001902
vn 0.11896900 -0.99258786 -0.02481354
vn 0.27826697 -0.96050376 -0.00001902
vn 0.27192095 -0.96231955 -0.00028267
vn 0.11896900 -0.99258786 -0.02481354
vn 0.13757221 -0.99046034 0.00788642
vn 0.29022792 -0.95695263 0.00307134
vn 0.27192095 -0.96231955 -0.00028267
vn 0.09064942 -0.99588287 0.00011595
vn 0.11896900 -0.99258786 -0.02481354
vn 0.11896900 -0.99258786 -0.02481354
vn 0.02448372 -0.99969733 0.00239652
vn 0.13757221 -0.99046034 0.00788642
vn 0.02448372 -0.99969733 0.00239652
vn 0.11896900 -0.99258786 -0.02481354
vn 0.09064942 -0.99588287 0.00011595
vn 0.09064942 -0.99588287 0.00011595
vn 0.01905845 -0.99981552 0.00238410
vn 0.02448372 -0.99969733 0.00239652
vn 0.00203961 -0.99999344 0.00299029
vn 0.02448372 -0.99969733 0.00239652
vn 0.01905845 -0.99981552 0.00238410
vn 0.01905845 -0.99981552 0.00238410
vn 0.00130120 -0.99999726 0.00194403
vn 0.00203961 -0.99999344 0.00299029
vn 0.00203961 -0.99999344 0.00299029
vn 0.00130120 -0.99999726 0.00194403
vn -0.00001526 -1.00000000 -0.00001538
vn -0.00001526 -1.00000000 -0.00001538
vn -0.00001526 -1.00000000 -0.00001538
vn 0.00203961 -0.99999344 0.00299029
vn -0.00001526 -1.00000000 -0.00001538
vn 0.00130120 -0.99999726 0.00194403
vn -0.00001526 -1.00000000 -0.00001538
vn -0.00001526 -1.00000000 -0.00001538
vn -0.00001526 -1.00000000 -0.00001538
vn -0.00001526 -1.00000000 -0.00001538
vn -0.00001526 -1.00000000 -0.00001538
vn -0.00001526 -1.00000000 -0.00001538
vn 0.00130120 -0.99999726 0.00194403
vn 0.00130120 -0.99999726 0.00194403
vn -0.00001526 -1.00000000 -0.00001538
vn -0.00001526 -1.00000000 -0.00001538
vn -0.00001526 -1.00000000 -0.00001538
vn -0.00001526 -1.00000000 -0.00001538
vn -0.00001526 -1.00000000 -0.00001538
vn -0.00001526 -1.00000000 -0.00001538
vn -0.00001526 -1.00000000 -0.00001538
vn -0.00001526 -1.00000000 -0.00001538
vn -0.00001526 -1.00000000 -0.00001538
vn -0.00001526 -1.00000000 -0.00001538
vn -0.00001526 -1.00000000 -0.00001538
vn -0.00001526 -1.00000000 -0.00001538
vn -0.00001526 -1.00000000 -0.00001538
vn -0.00001526 -1.00000000 -0.00001538
vn -0.00001526 -1.00000000 -0.00001538
vn -0.00001526 -1.00000000 -0.00001538
vn -0.00001526 -1.00000000 -0.00001538
vn -0.00001526 -1.00000000 -0.00001538
vn -0.00001526 -1.00000000 -0.00001538
vn -0.00001526 -1.00000000 -0.00001538
vn -0.00001526 -1.00000000 -0.00001538
vn -0.00001526 -1.00000000 -0.00001538
vn -0.00001526 -1.00000000 -0.00001538
vn -0.00001526 -1.00000000 -0.00001538
vn -0.00001526 -1.00000000 -0.00001538
vn -0.00001526 -1.00000000 -0.00001538
vn -0.00001526 -1.00000000 -0.00001538
vn -0.00001526 -1.00000000 -0.00001538
vn -0.00001526 -1.00000000 -0.00001538
vn -0.00001526 -1.00000000 -0.00001538
vn -0.00001526 -1.00000000 -0.00001538
vn -0.00001526 -1.00000000 -0.00001538
vn -0.00001526 -1.00000000 -0.00001538
vn -0.00001526 -1.00000000 -0.00001538
vn -0.00398144 -0.99998611 0.00345860
vn -0.00398144 -0.99998611 0.00345860
vn -0.00001526 -1.00000000 -0.00001538
vn -0.00001526 -1.00000000 -0.00001538
vn -0.00001526 -1.00000000 -0.00001538
vn -0.00398144 -0.99998611 0.00345860
vn -0.00001526 -1.00000000 -0.00001538
vn -0.00001526 -1.00000000 -0.00001538
vn -0.00001526 -1.00000000 -0.00001538
vn -0.00001526 -1.00000000 -0.00001538
vn -0.00001526 -1.00000000 -0.00001538
vn -0.00398144 -0.99998611 0.00345860
vn -0.00762966 -0.99994886 0.00663909
vn -0.00762966 -0.99994886 0.00663909
vn -0.00001526 -1.00000000 -0.00001538
vn -0.00001526 -1.00000000 -0.00001538
vn -0.00762966 -0.99994886 0.00663909
vn -0.00398144 -0.99998611 0.00345860
vn -0.02125192 -0.99975067 0.00685384
vn -0.02125192 -0.99975067 0.00685384
vn -0.02982152 -0.99953514 0.00633718
vn -0.00762966 -0.99994886 0.00663909
vn -0.02982152 -0.99953514 0.00633718
vn -0.02125192 -0.99975067 0.00685384
vn -0.12037349 -0.99272865 -0.00001710
vn -0.12037349 -0.99272865 -0.00001710
vn -0.24843477 -0.96864861 -0.00001869
vn -0.02982152 -0.99953514 0.00633718
vn -0.02982152 -0.99953514 0.00633718
vn -0.24843477 -0.96864861 -0.00001869
vn -0.30698201 -0.95171529 -0.00001932
vn -0.30698201 -0.95171529 -0.00001932
vn -0.13054533 -0.99144232 -0.00001724
vn -0.02982152 -0.99953514 0.00633718
vn -0.30698201 -0.95171529 -0.00001932
vn -0.24843477 -0.96864861 -0.00001869
vn -0.44996181 -0.89304209 0.00318378
vn -0.53492814 -0.84486490 0.00742980
vn -0.44996181 -0.89304209 0.00318378
vn -0.24843477 -0.96864861 -0.00001869
vn -0.44996181 -0.89304209 0.00318378
vn -0.38269636 -0.92387420 -0.00002005
vn -0.30698201 -0.95171529 -0.00001932
vn -0.66014910 0.74616915 0.08622532
vn -0.70711762 0.70709598 0.00000008
vn -0.70711762 0.70709598 0.00000008
vn -0.70711762 0.70709598 0.00000008
vn -0.68509007 0.72723681 0.04216899
vn -0.66014910 0.74616915 0.08622532
vn 0.70617396 -0.02299912 0.70766473
vn 0.70710683 -0.00002166 0.70710677
vn 0.70710683 -0.00002166 0.70710677
vn 0.70710683 -0.00002166 0.70710677
vn 0.70617396 -0.02299912 0.70766473
vn 0.70617396 -0.02299912 0.70766473
vn 0.70710683 -0.00002166 0.70710677
vn 0.70710683 -0.00002166 0.70710677
vn 0.70710683 -0.00002166 0.70710677
vn 0.68007666 -0.18228649 0.71011782
vn 0.70617396 -0.02299912 0.70766473
vn 0.70617396 -0.02299912 0.70766473
vn 0.70710683 -0.00002166 0.70710677
vn 0.70710683 -0.00002166 0.70710677
vn 0.70710683 -0.00002166 0.70710677
vn 0.70617396 -0.02299912 0.70766473
vn 0.68007666 -0.18228649 0.71011782
vn 0.68007666 -0.18228649 0.71011782
vn 0.70710683 -0.00002166 0.70710677
vn 0.70710683 -0.00002166 0.70710677
vn 0.70710683 -0.00002166 0.70710677
vn 0.51075864 -0.26805270 0.81686801
vn 0.68007666 -0.18228649 0.71011782
vn 0.68007666 -0.18228649 0.71011782
vn 0.70710683 -0.00002166 0.70710677
vn 0.70710683 -0.00002166 0.70710677
vn 0.70710683 -0.00002166 0.70710677
vn 0.68007666 -0.18228649 0.71011782
vn 0.51858068 -0.26837766 0.81181741
vn 0.51075864 -0.26805270 0.81686801
vn 0.99518210 -0.03294639 0.09234252
vn 0.51075864 -0.26805270 0.81686801
vn 0.51858068 -0.26837766 0.81181741
vn 0.51858068 -0.26837766 0.81181741
vn 0.70656735 -0.70722562 0.02438092
vn 0.99518210 -0.03294639 0.09234252
vn 0.70710683 -0.00002166 0.70710677
vn 0.70710683 -0.00002166 0.70710677
vn 0.70690048 0.00565451 0.70729041
vn 0.70690048 0.00565451 0.70729041
vn 0.70690048 0.00565451 0.70729041
vn 0.70710683 -0.00002166 0.70710677
vn 0.70690048 0.00565451 0.70729041
vn 0.70690048 0.00565451 0.70729041
vn 0.68006670 0.18218124 0.71015441
vn 0.68006670 0.18218124 0.71015441
vn 0.68006670 0.18218124 0.71015441
vn 0.70690048 0.00565451 0.70729041
vn 0.68006670 0.18218124 0.71015441
vn 0.68006670 0.18218124 0.71015441
vn 0.64062262 0.39917931 0.65594101
vn 0.64062262 0.39917931 0.65594101
vn 0.64028990 0.40151453 0.65483958
vn 0.68006670 0.18218124 0.71015441
vn 0.64028990 0.40151453 0.65483958
vn 0.64062262 0.39917931 0.65594101
vn 0.98675752 0.11795880 0.11133453
vn 0.98675752 0.11795880 0.11133453
vn 0.66589975 0.48826861 0.56406671
vn 0.64028990 0.40151453 0.65483958
vn 0.63999951 0.76837379 0.00154908
vn 0.66589975 0.48826861 0.56406671
vn 0.98675752 0.11795880 0.11133453
vn 0.63999951 0.76837379 0.00154908
vn 0.98675752 0.11795880 0.11133453
vn 0.99928504 0.03778693 -0.00123577
vn 0.99928504 0.03778693 -0.00123577
vn 0.78067124 0.62490338 -0.00694025
vn 0.63999951 0.76837379 0.00154908
vn 0.63999951 0.76837379 0.00154908
vn 0.78067124 0.62490338 -0.00694025
vn 0.42060474 0.90724397 0.00004063
vn 0.42060474 0.90724397 0.00004063
vn 0.44841793 0.89382386 0.00049183
vn 0.63999951 0.76837379 0.00154908
vn 0.70195621 0.71221823 0.00164196
vn 0.63999951 0.76837379 0.00154908
vn 0.44841793 0.89382386 0.00049183
vn 0.44841793 0.89382386 0.00049183
vn 0.72184312 0.69205445 0.00177140
vn 0.70195621 0.71221823 0.00164196
vn 0.70195621 0.71221823 0.00164196
vn 0.72184312 0.69205445 0.00177140
vn 0.84663481 0.53217334 0.00105281
vn 0.84663481 0.53217334 0.00105281
vn 0.84735149 0.53103119 0.00113675
vn 0.70195621 0.71221823 0.00164196
vn 0.84735149 0.53103119 0.00113675
vn 0.84663481 0.53217334 0.00105281
vn 0.96592689 0.25881514 0.00000003
vn 0.96592689 0.25881514 0.00000003
vn 0.96592689 0.25881514 0.00000003
vn 0.84735149 0.53103119 0.00113675
vn 0.99996662 0.00816845 0.00000000
vn 0.96592689 0.25881514 0.00000003
vn 0.96592689 0.25881514 0.00000003
vn 0.96592689 0.25881514 0.00000003
vn 0.99996662 0.00816870 0.00003077
vn 0.99996662 0.00816845 0.00000000
vn 1.00000000 0.00001526 0.00000000
vn 0.99996662 0.00816845 0.00000000
vn 0.99996662 0.00816870 0.00003077
vn 1.00000000 0.00001526 0.00000000
vn 1.00000000 0.00001526 0.00000000
vn 0.99996662 0.00816845 0.00000000
vn 1.00000000 0.00001526 0.00000000
vn 1.00000000 0.00001526 0.00000000
vn 1.00000000 0.00001526 0.00000000
vn 1.00000000 0.00001526 0.00000000
vn 1.00000000 0.00001526 0.00000000
vn 1.00000000 0.00001526 0.00000000
vn 1.00000000 0.00001526 0.00000000
vn 1.00000000 0.00001526 0.00000000
vn 1.00000000 0.00001526 0.00000000
vn 1.00000000 0.00001526 0.00000000
vn 1.00000000 0.00001526 0.00000000
vn 1.00000000 0.00001526 0.00000000
vn 1.00000000 0.00001526 0.00000000
vn 1.00000000 0.00001526 0.00000000
vn 1.00000000 0.00001526 0.00000000
vn 0.99945730 -0.03294082 -0.00001576
vn 1.00000000 0.00001526 0.00000000
vn 1.00000000 0.00001526 0.00000000
vn 0.99945730 -0.03294082 -0.00001576
vn 0.99945730 -0.03294082 -0.00001576
vn 1.00000000 0.00001526 0.00000000
vn 0.99945730 -0.03294082 -0.00001576
vn 1.00000000 0.00001526 0.00000000
vn 0.99950129 0.03157761 0.00003147
vn 0.96592563 -0.25881982 -0.00001872
vn 0.99945730 -0.03294082 -0.00001576
vn 0.99945730 -0.03294082 -0.00001576
vn 0.99945730 -0.03294082 -0.00001576
vn 0.96592563 -0.25881982 -0.00001872
vn 0.96592563 -0.25881982 -0.00001872
vn 0.96592563 -0.25881982 -0.00001872
vn 0.96592563 -0.25881982 -0.00001872
vn 0.83972162 -0.54299319 0.00510345
vn 0.83972162 -0.54299319 0.00510345
vn 0.83647156 -0.54798490 0.00528015
vn 0.96592563 -0.25881982 -0.00001872
vn 0.83647156 -0.54798490 0.00528015
vn 0.83972162 -0.54299319 0.00510345
vn 0.70793277 -0.70624059 0.00744048
vn 0.70793277 -0.70624059 0.00744048
vn 0.70656735 -0.70722562 0.02438092
vn 0.83647156 -0.54798490 0.00528015
vn 0.47821677 -0.87821150 0.00730398
vn 0.70656735 -0.70722562 0.02438092
vn 0.70793277 -0.70624059 0.00744048
vn 0.70793277 -0.70624059 0.00744048
vn 0.46887380 -0.88326305 0.00192140
vn 0.47821677 -0.87821150 0.00730398
vn 0.70628661 0.02282083 0.70755804
vn 0.48423606 0.48923916 0.72536922
vn 0.50146449 0.46412617 0.73015082
vn 0.50146449 0.46412617 0.73015082
vn 0.70318145 0.03385385 0.71020401
vn 0.70628661 0.02282083 0.70755804
vn 0.32973254 0.62231255 0.70993203
vn 0.50146449 0.46412617 0.73015082
vn 0.48423606 0.48923916 0.72536922
vn 0.48423606 0.48923916 0.72536922
vn 0.32973254 0.62231255 0.70993203
vn 0.32973254 0.62231255 0.70993203
vn 0.00000000 0.00001514 1.00000000
vn 0.00000000 0.00001514 1.00000000
vn 0.00000000 0.00001514 1.00000000
vn 0.00000000 0.00001514 1.00000000
vn -0.00001526 -0.00001538 1.00000000
vn 0.00000000 0.00001514 1.00000000
vn -0.00001526 -0.00001538 1.00000000
vn 0.00000000 0.00001514 1.00000000
vn 0.00000000 0.00001514 1.00000000
vn 0.00000000 0.00001514 1.00000000
vn 0.00000000 0.00001514 1.00000000
vn 0.00000000 0.00001514 1.00000000
vn 0.00000000 0.00001514 1.00000000
vn 0.00000000 0.00001514 1.00000000
vn 0.00000000 0.00001514 1.00000000
vn 0.00000000 0.00001514 1.00000000
vn 0.00000000 0.00001514 1.00000000
vn 0.00000000 0.00001514 1.00000000
vn 0.00000000 0.00001514 1.00000000
vn 0.00000000 0.00001514 1.00000000
vn 0.00000000 0.00001514 1.00000000
vn 0.00000000 0.00001514 1.00000000
vn 0.00000000 0.00001514 1.00000000
vn 0.00000000 0.00001514 1.00000000
vn 0.00000000 0.00001514 1.00000000
vn 0.00000000 0.00001514 1.00000000
vn 0.00000000 0.00001514 1.00000000
vn 0.00000000 0.00001514 1.00000000
vn 0.00000000 0.00001514 1.00000000
vn 0.00000000 0.00001514 1.00000000
vn 0.00000000 0.00001514 1.00000000
vn 0.00000000 0.00001514 1.00000000
vn 0.00000000 0.00001514 1.00000000
vn 0.00000000 0.00001514 1.00000000
vn 0.00000000 0.00001514 1.00000000
vn 0.00000000 0.00001514 1.00000000
vn 0.00000000 0.00001514 1.00000000
vn 0.00000000 0.00001514 1.00000000
vn 0.00000000 0.00001514 1.00000000
vn -0.00002119 -0.82746702 0.56151432
vn -0.00002119 -0.82746702 0.56151432
vn -0.00002119 -0.82746702 0.56151432
vn -0.00002119 -0.82746702 0.56151432
vn -0.00002119 -0.82746702 0.56151432
vn -0.00002119 -0.82746702 0.56151432
vn -0.00002119 -0.82746702 0.56151432
vn -0.00002119 -0.82746702 0.56151432
vn -0.00002119 -0.82746702 0.56151432
vn -0.00002119 -0.82746702 0.56151432
vn -0.00002119 -0.82746702 0.56151432
vn -0.00002119 -0.82746702 0.56151432
vn -0.00002119 -0.82746702 0.56151432
vn -0.00002119 -0.82746702 0.56151432
vn -0.00002119 -0.82746702 0.56151432
vn -0.00002119 -0.82746702 0.56151432
vn -0.00002119 -0.82746702 0.56151432
vn -0.00002119 -0.82746702 0.56151432
vn -0.00002119 -0.82746702 0.56151432
vn -0.00002119 -0.82746702 0.56151432
vn -0.00002119 -0.82746702 0.56151432
vn -0.00002119 -0.82746702 0.56151432
vn -0.00002119 -0.82746702 0.56151432
vn -0.00002119 -0.82746702 0.56151432
vn -0.00002119 -0.82746702 0.56151432
vn -0.00002119 -0.82746702 0.56151432
vn -0.00002119 -0.82746702 0.56151432
vn -0.00002119 -0.82746702 0.56151432
vn -0.00002119 -0.82746702 0.56151432
vn -0.00002119 -0.82746702 0.56151432
vn -0.00002119 -0.82746702 0.56151432
vn -0.00002119 -0.82746702 0.56151432
vn -0.00002119 -0.82746702 0.56151432
vn -0.00002119 -0.82746702 0.56151432
vn -0.00002119 -0.82746702 0.56151432
vn -0.00002119 -0.82746702 0.56151432
vn -0.00002119 -0.82746702 0.56151432
vn -0.00002119 -0.82746702 0.56151432
vn -0.00002119 -0.82746702 0.56151432
vn -0.00002119 -0.82746702 0.56151432
vn -0.00002119 -0.82746702 0.56151432
vn -0.00002119 -0.82746702 0.56151432
vn -0.00002119 -0.82746702 0.56151432
vn -0.00002119 -0.82746702 0.56151432
vn -0.00002119 -0.82746702 0.56151432
vn -0.00002119 -0.82746702 0.56151432
vn -0.00002119 -0.82746702 0.56151432
vn -0.00002119 -0.82746702 0.56151432
vn 0.70766830 0.02277647 -0.70617759
vn 0.71248096 -0.00002158 -0.70169139
vn 0.72343928 -0.00002158 -0.69038802
vn 0.71248096 -0.00002158 -0.70169139
vn 0.70766830 0.02277647 -0.70617759
vn 0.70615274 -0.02295442 -0.70768738
vn 0.72343928 -0.00002158 -0.69038802
vn 0.72354513 -0.00006456 -0.69027710
vn 0.70766830 0.02277647 -0.70617759
vn 0.70615274 -0.02295442 -0.70768738
vn 0.70617545 -0.02290989 -0.70766616
vn 0.71248096 -0.00002158 -0.70169139
vn 0.72909921 -0.00002149 -0.68440807
vn 0.72354513 -0.00006456 -0.69027710
vn 0.72343928 -0.00002158 -0.69038802
vn 0.70617545 -0.02290989 -0.70766616
vn 0.70615274 -0.02295442 -0.70768738
vn 0.68005943 -0.18223371 -0.71014786
vn 0.72343928 -0.00002158 -0.69038802
vn 0.72907829 0.00002165 -0.68443030
vn 0.72909921 -0.00002149 -0.68440807
vn 0.68005943 -0.18223371 -0.71014786
vn 0.68005943 -0.18223371 -0.71014786
vn 0.70617545 -0.02290989 -0.70766616
vn 0.71647352 0.00002166 -0.69761425
vn 0.72909921 -0.00002149 -0.68440807
vn 0.72907829 0.00002165 -0.68443030
vn 0.68005943 -0.18223371 -0.71014786
vn 0.68005943 -0.18223371 -0.71014786
vn 0.59863073 -0.37297401 -0.70889461
vn 0.72907829 0.00002165 -0.68443030
vn 0.71651608 0.00002166 -0.69757062
vn 0.71647352 0.00002166 -0.69761425
vn 0.59863073 -0.37297401 -0.70889461
vn 0.59863073 -0.37297401 -0.70889461
vn 0.68005943 -0.18223371 -0.71014786
vn 0.70535672 0.00002166 -0.70885253
vn 0.71647352 0.00002166 -0.69761425
vn 0.71651608 0.00002166 -0.69757062
vn 0.59863073 -0.37297401 -0.70889461
vn 0.59863073 -0.37297401 -0.70889461
vn 0.50106859 -0.49856773 -0.70736164
vn 0.71651608 0.00002166 -0.69757062
vn 0.70778835 -0.03974894 -0.70530540
vn 0.70535672 0.00002166 -0.70885253
vn 0.50106859 -0.49856773 -0.70736164
vn 0.49918282 -0.50032890 -0.70745140
vn 0.59863073 -0.37297401 -0.70889461
vn 0.32762584 -0.62521410 -0.70835632
vn 0.49918282 -0.50032890 -0.70745140
vn 0.50106859 -0.49856773 -0.70736164
vn 0.50106859 -0.49856773 -0.70736164
vn 0.32762584 -0.62521410 -0.70835632
vn 0.32762584 -0.62521410 -0.70835632
vn 0.70687866 0.00569818 -0.70731187
vn 0.70535672 0.00002166 -0.70885253
vn 0.70778835 -0.03974894 -0.70530540
vn 0.70778835 -0.03974894 -0.70530540
vn 0.70687866 0.00569818 -0.70731187
vn 0.70687866 0.00569818 -0.70731187
vn 0.68012738 0.18191920 -0.71016341
vn 0.70687866 0.00569818 -0.70731187
vn 0.70687866 0.00569818 -0.70731187
vn 0.70687866 0.00569818 -0.70731187
vn 0.68017364 0.18176188 -0.71015942
vn 0.68012738 0.18191920 -0.71016341
vn 0.59667075 0.37249628 -0.71079570
vn 0.68012738 0.18191920 -0.71016341
vn 0.68017364 0.18176188 -0.71015942
vn 0.68017364 0.18176188 -0.71015942
vn 0.59667075 0.37249628 -0.71079570
vn 0.59667075 0.37249628 -0.71079570
vn 0.59667075 0.37249628 -0.71079570
vn 0.59667075 0.37249628 -0.71079570
vn 0.49866810 0.49879834 -0.70889378
vn 0.49866810 0.49879834 -0.70889378
vn 0.49924076 0.49822536 -0.70889360
vn 0.59667075 0.37249628 -0.71079570
vn 0.34137297 0.61596221 -0.70996833
vn 0.49924076 0.49822536 -0.70889360
vn 0.49866810 0.49879834 -0.70889378
vn 0.49866810 0.49879834 -0.70889378
vn 0.34137297 0.61596221 -0.70996833
vn 0.34137297 0.61596221 -0.70996833
vn -0.60973984 0.35209286 -0.71010417
vn -0.68005216 0.18228635 -0.71014130
vn -0.68005216 0.18228635 -0.71014130
vn -0.68005216 0.18228635 -0.71014130
vn -0.68005216 0.18228635 -0.71014130
vn -0.70690012 0.00574169 -0.70729005
vn -0.68005216 0.18228635 -0.71014130
vn -0.60973984 0.35209286 -0.71010417
vn -0.60973984 0.35209286 -0.71010417
vn -0.70690012 0.00574169 -0.70729005
vn -0.70690012 0.00574169 -0.70729005
vn -0.68005216 0.18228635 -0.71014130
vn -0.60973984 0.35209286 -0.71010417
vn -0.60973984 0.35209286 -0.71010417
vn -0.49783772 0.49786401 -0.71013314
vn -0.70690012 0.00574169 -0.70729005
vn -0.70690012 0.00574169 -0.70729005
vn -0.70531344 0.00002166 -0.70889556
vn -0.49783772 0.49786401 -0.71013314
vn -0.49783772 0.49786401 -0.71013314
vn -0.60973984 0.35209286 -0.71010417
vn -0.35200936 0.60980433 -0.71009022
vn -0.49783772 0.49786401 -0.71013314
vn -0.49783772 0.49786401 -0.71013314
vn -0.49783772 0.49786401 -0.71013314
vn -0.35200936 0.60980433 -0.71009022
vn -0.35200936 0.60980433 -0.71009022
vn -0.70531344 0.00002166 -0.70889556
vn -0.70781177 -0.03970334 -0.70528448
vn -0.70690012 0.00574169 -0.70729005
vn -0.70781177 -0.03970334 -0.70528448
vn -0.70531344 0.00002166 -0.70889556
vn -0.71685714 0.00010798 -0.69722009
vn -0.71685714 0.00010798 -0.69722009
vn -0.71687812 0.00006482 -0.69719851
vn -0.70781177 -0.03970334 -0.70528448
vn -0.71687812 0.00006482 -0.69719851
vn -0.71685714 0.00010798 -0.69722009
vn -0.72997564 0.00006479 -0.68347317
vn -0.72997564 0.00006479 -0.68347317
vn -0.72999573 0.00002165 -0.68345165
vn -0.71687812 0.00006482 -0.69719851
vn -0.72999573 0.00002165 -0.68345165
vn -0.72997564 0.00006479 -0.68347317
vn -0.72409177 0.00002165 -0.68970358
vn -0.72409177 0.00002165 -0.68970358
vn -0.72419691 -0.00002149 -0.68959320
vn -0.72999573 0.00002165 -0.68345165
vn -0.71271652 0.00002166 -0.70145214
vn -0.72419691 -0.00002149 -0.68959320
vn -0.72409177 0.00002165 -0.68970358
vn -0.72409177 0.00002165 -0.68970358
vn -0.70768809 0.02291005 -0.70615339
vn -0.71271652 0.00002166 -0.70145214
vn -0.70617545 -0.02290989 -0.70766616
vn -0.71271652 0.00002166 -0.70145214
vn -0.70768809 0.02291005 -0.70615339
vn -0.70768809 0.02291005 -0.70615339
vn -0.70619810 -0.02286536 -0.70764494
vn -0.70617545 -0.02290989 -0.70766616
vn -0.68009126 -0.18218127 -0.71013087
vn -0.70617545 -0.02290989 -0.70766616
vn -0.70619810 -0.02286536 -0.70764494
vn -0.70619810 -0.02286536 -0.70764494
vn -0.68009126 -0.18218127 -0.71013087
vn -0.68009126 -0.18218127 -0.71013087
vn -0.68009126 -0.18218127 -0.71013087
vn -0.68009126 -0.18218127 -0.71013087
vn -0.60974443 -0.35197866 -0.71015680
vn -0.60974443 -0.35197866 -0.71015680
vn -0.60974443 -0.35197866 -0.71015680
vn -0.68009126 -0.18218127 -0.71013087
vn -0.49816909 -0.50046074 -0.70807248
vn -0.60974443 -0.35197866 -0.71015680
vn -0.60974443 -0.35197866 -0.71015680
vn -0.60974443 -0.35197866 -0.71015680
vn -0.49848193 -0.50014853 -0.70807290
vn -0.49816909 -0.50046074 -0.70807248
vn -0.35599443 -0.61030173 -0.70767212
vn -0.49816909 -0.50046074 -0.70807248
vn -0.49848193 -0.50014853 -0.70807290
vn -0.49848193 -0.50014853 -0.70807290
vn -0.34954268 -0.61383522 -0.70783210
vn -0.35599443 -0.61030173 -0.70767212
vn -0.18173601 0.68023843 -0.71010399
vn -0.18173601 0.68023843 -0.71010399
vn -0.35200936 0.60980433 -0.71009022
vn -0.35200936 0.60980433 -0.71009022
vn -0.35200936 0.60980433 -0.71009022
vn -0.18173601 0.68023843 -0.71010399
vn -0.18173601 0.68023843 -0.71010399
vn -0.18173601 0.68023843 -0.71010399
vn -0.05113936 0.70721918 -0.70514238
vn -0.05113936 0.70721918 -0.70514238
vn -0.09226763 0.70111936 -0.70704901
vn -0.18173601 0.68023843 -0.71010399
vn -0.09226763 0.70111936 -0.70704901
vn -0.05113936 0.70721918 -0.70514238
vn -0.00376483 0.70702606 -0.70717746
vn -0.00376483 0.70702606 -0.70717746
vn -0.00376483 0.70702606 -0.70717746
vn -0.09226763 0.70111936 -0.70704901
vn 0.00376483 0.70698279 -0.70722073
vn -0.00376483 0.70702606 -0.70717746
vn -0.00376483 0.70702606 -0.70717746
vn -0.00376483 0.70702606 -0.70717746
vn 0.00376483 0.70698279 -0.70722073
vn 0.00376483 0.70698279 -0.70722073
vn 0.05109320 0.70719856 -0.70516640
vn 0.00376483 0.70698279 -0.70722073
vn 0.00376483 0.70698279 -0.70722073
vn 0.00376483 0.70698279 -0.70722073
vn 0.09226757 0.70102739 -0.70714021
vn 0.05109320 0.70719856 -0.70516640
vn 0.05109320 0.70719856 -0.70516640
vn 0.09226757 0.70102739 -0.70714021
vn 0.18220751 0.68005085 -0.71016282
vn 0.18220751 0.68005085 -0.71016282
vn 0.18184067 0.68017507 -0.71013796
vn 0.05109320 0.70719856 -0.70516640
vn 0.34137297 0.61596221 -0.70996833
vn 0.18184067 0.68017507 -0.71013796
vn 0.18220751 0.68005085 -0.71016282
vn 0.18220751 0.68005085 -0.71016282
vn 0.34137297 0.61596221 -0.70996833
vn 0.34137297 0.61596221 -0.70996833
vn 0.18212809 -0.67992693 -0.71030182
vn 0.18212809 -0.67992693 -0.71030182
vn 0.32762584 -0.62521410 -0.70835632
vn 0.32762584 -0.62521410 -0.70835632
vn 0.32762584 -0.62521410 -0.70835632
vn 0.18212809 -0.67992693 -0.71030182
vn 0.18212809 -0.67992693 -0.71030182
vn 0.18212809 -0.67992693 -0.71030182
vn 0.06267408 -0.72134858 -0.68973047
vn 0.06267408 -0.72134858 -0.68973047
vn 0.09204948 -0.70034027 -0.70784909
vn 0.18212809 -0.67992693 -0.71030182
vn 0.09204948 -0.70034027 -0.70784909
vn 0.06267408 -0.72134858 -0.68973047
vn 0.01324129 -0.74718899 -0.66447967
vn 0.01324129 -0.74718899 -0.66447967
vn 0.01469195 -0.74637556 -0.66536278
vn 0.09204948 -0.70034027 -0.70784909
vn 0.00019376 -0.75512755 -0.65557790
vn 0.01469195 -0.74637556 -0.66536278
vn 0.01324129 -0.74718899 -0.66447967
vn 0.01324129 -0.74718899 -0.66447967
vn -0.00019374 -0.75592333 -0.65466017
vn 0.00019376 -0.75512755 -0.65557790
vn -0.00032331 -0.74335086 -0.66890162
vn 0.00019376 -0.75512755 -0.65557790
vn -0.00019374 -0.75592333 -0.65466017
vn -0.00019374 -0.75592333 -0.65466017
vn -0.00023713 -0.74065453 -0.67188597
vn -0.00032331 -0.74335086 -0.66890162
vn -0.00032331 -0.74335086 -0.66890162
vn -0.00023713 -0.74065453 -0.67188597
vn 0.00049542 -0.75204116 -0.65911597
vn 0.00049542 -0.75204116 -0.65911597
vn 0.00066694 -0.76357538 -0.64571840
vn -0.00032331 -0.74335086 -0.66890162
vn 0.00066694 -0.76357538 -0.64571840
vn 0.00049542 -0.75204116 -0.65911597
vn 0.00019297 -0.78322899 -0.62173331
vn 0.00019297 -0.78322899 -0.62173331
vn -0.00096625 -0.77810180 -0.62813741
vn 0.00066694 -0.76357538 -0.64571840
vn -0.00096625 -0.77810180 -0.62813741
vn 0.00019297 -0.78322899 -0.62173331
vn -0.01921003 -0.75922263 -0.65054750
vn -0.01921003 -0.75922263 -0.65054750
vn -0.02271614 -0.75645405 -0.65365219
vn -0.00096625 -0.77810180 -0.62813741
vn -0.06726768 -0.72294104 -0.68762732
vn -0.02271614 -0.75645405 -0.65365219
vn -0.01921003 -0.75922263 -0.65054750
vn -0.01921003 -0.75922263 -0.65054750
vn -0.09074370 -0.69939238 -0.70895410
vn -0.06726768 -0.72294104 -0.68762732
vn -0.06726768 -0.72294104 -0.68762732
vn -0.09074370 -0.69939238 -0.70895410
vn -0.18197028 -0.67987525 -0.71039176
vn -0.18197028 -0.67987525 -0.71039176
vn -0.18202263 -0.67984354 -0.71040875
vn -0.06726768 -0.72294104 -0.68762732
vn -0.34954268 -0.61383522 -0.70783210
vn -0.18202263 -0.67984354 -0.71040875
vn -0.18197028 -0.67987525 -0.71039176
vn -0.18197028 -0.67987525 -0.71039176
vn -0.35599443 -0.61030173 -0.70767212
vn -0.34954268 -0.61383522 -0.70783210
vn 0.00000000 0.00001538 -1.00000000
vn 0.00000000 0.00001538 -1.00000000
vn 0.00000000 0.00001538 -1.00000000
vn 0.00000000 0.00001538 -1.00000000
vn 0.00000000 0.00001538 -1.00000000
vn 0.00000000 0.00001538 -1.00000000
vn 0.00000000 0.00001538 -1.00000000
vn 0.00000000 0.00001538 -1.00000000
vn 0.00000000 0.00001538 -1.00000000
vn 0.00000000 0.00001538 -1.00000000
vn 0.00000000 0.00001538 -1.00000000
vn 0.00000000 0.00001538 -1.00000000
vn 0.00000000 0.00001538 -1.00000000
vn 0.00000000 0.00001538 -1.00000000
vn 0.00000000 0.00001538 -1.00000000
vn 0.00000000 0.00001538 -1.00000000
vn 0.00000000 0.00001538 -1.00000000
vn 0.00000000 0.00001538 -1.00000000
vn 0.00000000 0.00001538 -1.00000000
vn 0.00000000 0.00001538 -1.00000000
vn 0.00000000 0.00001538 -1.00000000
vn 0.00000000 0.00001538 -1.00000000
vn 0.00000000 0.00001538 -1.00000000
vn 0.00000000 0.00001538 -1.00000000
vn 0.00000000 0.00001538 -1.00000000
vn 0.00000000 0.00001538 -1.00000000
vn 0.00000000 0.00001538 -1.00000000
vn 0.00000000 0.00001538 -1.00000000
vn 0.00000000 0.00001538 -1.00000000
vn 0.00000000 0.00001538 -1.00000000
vn 0.00000000 0.00001538 -1.00000000
vn 0.00000000 0.00001538 -1.00000000
vn 0.00000000 0.00001538 -1.00000000
vn 0.00000000 0.00001538 -1.00000000
vn 0.00000000 0.00001538 -1.00000000
vn 0.00000000 0.00001538 -1.00000000
vn 0.00000000 0.00001538 -1.00000000
vn 0.00000000 0.00001538 -1.00000000
vn 0.00000000 0.00001538 -1.00000000
vn 0.00000000 0.00001538 -1.00000000
vn 0.00000000 0.00001538 -1.00000000
vn 0.00000000 0.00001538 -1.00000000
vn 0.00000000 0.00001538 -1.00000000
vn 0.00000000 0.00001538 -1.00000000
vn 0.00000000 0.00001538 -1.00000000
vn 0.00000000 0.00001538 -1.00000000
vn 0.00000000 0.00001538 -1.00000000
vn 0.00000000 0.00001538 -1.00000000
vn 0.00000000 0.00001538 -1.00000000
vn 0.00000000 0.00001538 -1.00000000
vn 0.00000000 0.00001538 -1.00000000
vn 0.00000000 0.00001538 -1.00000000
vn 0.00000000 0.00001538 -1.00000000
vn 0.00000000 0.00001538 -1.00000000
vn 0.00000000 0.00001538 -1.00000000
vn 0.00000000 0.00001538 -1.00000000
vn 0.00000000 0.00001538 -1.00000000
vn 0.00000000 0.00001538 -1.00000000
vn 0.00000000 0.00001538 -1.00000000
vn 0.00000000 0.00001538 -1.00000000
vn 0.00000000 0.00001538 -1.00000000
vn 0.00000000 0.00001538 -1.00000000
vn 0.00000000 0.00001538 -1.00000000
vn 0.00000000 0.00001538 -1.00000000
vn 0.00000000 0.00001538 -1.00000000
vn 0.00000000 0.00001538 -1.00000000
vn 0.00000000 0.00001538 -1.00000000
vn 0.00000000 0.00001538 -1.00000000
vn 0.00000000 0.00001538 -1.00000000
vn 0.00000000 0.00001538 -1.00000000
vn 0.00000000 0.00001538 -1.00000000
vn 0.00000000 0.00001538 -1.00000000
vn 0.00000000 0.00001538 -1.00000000
vn 0.00000000 0.00001538 -1.00000000
vn 0.00000000 0.00001538 -1.00000000
vn 0.00000000 0.00001538 -1.00000000
vn 0.00000000 0.00001538 -1.00000000
vn 0.00000000 0.00001538 -1.00000000
vn 0.00000000 0.00001538 -1.00000000
vn 0.00000000 0.00001538 -1.00000000
vn 0.00000000 0.00001538 -1.00000000
vn 0.00000000 0.00001538 -1.00000000
vn 0.00000000 0.00001538 -1.00000000
vn 0.00000000 0.00001538 -1.00000000
vn 0.00000000 0.00001538 -1.00000000
vn 0.00000000 0.00001538 -1.00000000
vn 0.00000000 0.00001538 -1.00000000
vn 0.00000000 0.00001538 -1.00000000
vn 0.00000000 0.00001538 -1.00000000
vn 0.00000000 0.00001538 -1.00000000
vn 0.00000000 0.00001538 -1.00000000
vn 0.00000000 0.00001538 -1.00000000
vn 0.00000000 0.00001538 -1.00000000
vn 0.00000000 0.00001538 -1.00000000
vn 0.00000000 0.00001538 -1.00000000
vn 0.00000000 0.00001538 -1.00000000
vn 0.00000000 0.00001538 -1.00000000
vn 0.00000000 0.00001538 -1.00000000
vn 0.00000000 0.00001538 -1.00000000
vn 0.00000000 0.00001538 -1.00000000
vn 0.00000000 0.00001538 -1.00000000
vn 0.00000000 0.00001538 -1.00000000
vn 0.00000000 0.00001538 -1.00000000
vn 0.00000000 0.00001538 -1.00000000
vn 0.00000000 0.00001538 -1.00000000
vn 0.00000000 0.00001538 -1.00000000
vn 0.00000000 0.00001538 -1.00000000
vn 0.00000000 0.00001538 -1.00000000
vn 0.00000000 0.00001538 -1.00000000
vn 0.00000000 0.00001538 -1.00000000
vn 0.00000000 0.00001538 -1.00000000
vn 0.00000000 0.00001538 -1.00000000
vn 0.00000000 0.00001538 -1.00000000
vn 0.00000000 0.00001538 -1.00000000
vn 0.00000000 0.00001538 -1.00000000
vn 0.00000000 0.00001538 -1.00000000
vn 0.00000000 0.00001538 -1.00000000
vn 0.00000000 0.00001538 -1.00000000
vn 0.00000000 0.00001538 -1.00000000
vn 0.00000000 0.00001538 -1.00000000
vn 0.00000000 0.00001538 -1.00000000
vn 0.00000000 0.00001538 -1.00000000
vn 0.00000000 0.00001538 -1.00000000
vn 0.00000000 0.00001538 -1.00000000
vn 0.00000000 0.00001538 -1.00000000
vn 0.00000000 0.00001538 -1.00000000
vn 0.00000000 0.00001538 -1.00000000
vn 0.00000000 0.00001538 -1.00000000
vn 0.00000000 0.00001538 -1.00000000
vn 0.00000000 0.00001538 -1.00000000
vn 0.00000000 0.00001538 -1.00000000
vn 0.00000000 0.00001538 -1.00000000
vn 0.00000000 0.00001538 -1.00000000
vn 0.00000000 0.00001538 -1.00000000
vn 0.00000000 0.00001538 -1.00000000
vn 0.00000000 0.00001538 -1.00000000
vn 0.00000000 0.00001538 -1.00000000
vn 0.00000000 0.00001538 -1.00000000
vn 0.00000000 0.00001538 -1.00000000
vn 0.00000000 0.00001538 -1.00000000
vn 0.00000000 0.00001538 -1.00000000
vn 0.00000000 0.00001538 -1.00000000
vn 0.00000000 0.00001538 -1.00000000
vn 0.00000000 0.00001538 -1.00000000
vn 0.00000000 0.00001538 -1.00000000
vn 0.00000000 0.00001538 -1.00000000
vn 0.00000000 0.00001538 -1.00000000
vn 0.00000000 0.00001538 -1.00000000
vn 0.00000000 0.00001538 -1.00000000
vn 0.00000000 0.00001538 -1.00000000
vn 0.00000000 0.00001538 -1.00000000
vn 0.00000000 0.00001538 -1.00000000
vn 0.00000000 0.00001538 -1.00000000
vn 0.00000000 0.00001538 -1.00000000
vn 0.00000000 0.00001538 -1.00000000
vn 0.00000000 0.00001538 -1.00000000
vn 0.00000000 0.00001538 -1.00000000
vn 0.00000000 0.00001538 -1.00000000
vn 0.00000000 0.00001538 -1.00000000
vn 0.00000000 0.00001538 -1.00000000
vn 0.00000000 0.00001538 -1.00000000
vn 0.00000000 0.00001538 -1.00000000
vn 0.00000000 0.00001538 -1.00000000
vn 0.00000000 0.00001538 -1.00000000
vn 0.00000000 0.00001538 -1.00000000
vn 0.00000000 0.00001538 -1.00000000
vn 0.00000000 0.00001538 -1.00000000
vn 0.00000000 0.00001538 -1.00000000
vn 0.00000000 0.00001538 -1.00000000
vn 0.00000000 0.00001538 -1.00000000
vn 0.00000000 0.00001538 -1.00000000
vn 0.00000000 0.00001538 -1.00000000
vn 0.00000000 0.00001538 -1.00000000
vn 0.00000000 0.00001538 -1.00000000
vn 0.00000000 0.00001538 -1.00000000
vn 0.00000000 0.00001538 -1.00000000
vn 0.00000000 0.00001538 -1.00000000
vn 0.00000000 0.00001538 -1.00000000
vn 0.00000000 0.00001538 -1.00000000
vn 0.00000000 0.00001538 -1.00000000
vn 0.00000000 0.00001538 -1.00000000
vn 0.00000000 0.00001538 -1.00000000
vn 0.00000000 0.00001538 -1.00000000
vn 0.00000000 0.00001538 -1.00000000
vn 0.00000000 0.00001538 -1.00000000
vn 0.00000000 0.00001538 -1.00000000
vn 0.00000000 0.00001538 -1.00000000
vn 0.00000000 0.00001538 -1.00000000
vn 0.00000000 0.00001538 -1.00000000
vn 0.00000000 0.00001538 -1.00000000
vn 0.00000000 0.00001538 -1.00000000
vn 0.00000000 0.00001538 -1.00000000
vn 0.00000000 0.00001538 -1.00000000
vn 0.00000000 0.00001538 -1.00000000
vn 0.00000000 0.00001538 -1.00000000
vn 0.00000000 0.00001538 -1.00000000
vn 0.00000000 0.00001538 -1.00000000
vn 0.00000000 0.00001538 -1.00000000
vn 0.00000000 0.00001538 -1.00000000
vn 0.00000000 0.00001538 -1.00000000
vn 0.00000000 0.00001538 -1.00000000
vn 0.00000000 0.00001538 -1.00000000
vn 0.00000000 0.00001538 -1.00000000
vn 0.00000000 0.00001538 -1.00000000
vn 0.00000000 0.00001538 -1.00000000
vn 0.00000000 0.00001538 -1.00000000
vn 0.00000000 0.00001538 -1.00000000
vn 0.00000000 0.00001538 -1.00000000
vn 0.00000000 0.00001538 -1.00000000
vn 0.00000000 0.00001538 -1.00000000
vn 0.00000000 0.00001538 -1.00000000
vn 0.00000000 0.00001538 -1.00000000
vn 0.00000000 0.00001538 -1.00000000
vn 0.00000000 0.00001538 -1.00000000
vn 0.00000000 0.00001538 -1.00000000
vn 0.00000000 0.00001538 -1.00000000
vn 0.00000000 0.00001538 -1.00000000
vn 0.00000000 0.00001538 -1.00000000
vn 0.00000000 0.00001538 -1.00000000
vn 0.00000000 0.00001538 -1.00000000
vn 0.00000000 0.00001538 -1.00000000
vn 0.00000000 0.00001538 -1.00000000
vn 0.00000000 0.00001538 -1.00000000
vn 0.00000000 0.00001538 -1.00000000
vn 0.00000000 0.00001538 -1.00000000
vn 0.00000000 0.00001538 -1.00000000
vn 0.00000000 0.00001538 -1.00000000
vn 0.00000000 0.00001538 -1.00000000
vn 0.00000000 0.00001538 -1.00000000
vn 0.00000000 0.00001538 -1.00000000
vn 0.00000000 0.00001538 -1.00000000
vn 0.00000000 0.00001538 -1.00000000
vn 0.00000000 0.00001538 -1.00000000
vn 0.00000000 0.00001538 -1.00000000
vn 0.00000000 0.00001538 -1.00000000
vn 0.00000000 0.00001538 -1.00000000
vn 0.00000000 0.00001538 -1.00000000
vn 0.00000000 0.00001538 -1.00000000
vn 0.00000000 0.00001538 -1.00000000
vn 0.00000000 0.00001538 -1.00000000
vn 0.00000000 0.00001538 -1.00000000
vn 0.00000000 0.00001538 -1.00000000
vn 0.00000000 0.00001538 -1.00000000
vn 0.00000000 0.00001538 -1.00000000
vn 0.00000000 0.00001538 -1.00000000
vn 0.00000000 0.00001538 -1.00000000
vn 0.00000000 0.00001538 -1.00000000
vn 0.00000000 0.00001538 -1.00000000
vn 0.00000000 0.00001538 -1.00000000
vn 0.00000000 0.00001538 -1.00000000
vn 0.00000000 0.00001538 -1.00000000
vn 0.00000000 0.00001538 -1.00000000
vn 0.00000000 0.00001538 -1.00000000
vn 0.00000000 0.00001538 -1.00000000
vn 0.00000000 0.00001538 -1.00000000
vn 0.00000000 0.00001538 -1.00000000
vn 0.00000000 0.00001538 -1.00000000
vn 0.00000000 0.00001538 -1.00000000
vn 0.00000000 0.00001538 -1.00000000
vn 0.00000000 0.00001538 -1.00000000
vn 0.00000000 0.00001538 -1.00000000
vn 0.00000000 0.00001538 -1.00000000
vn 0.00000000 0.00001538 -1.00000000
vn 0.00000000 0.00001538 -1.00000000
vn 0.00000000 0.00001538 -1.00000000
vn 0.00000000 0.00001538 -1.00000000
vn 0.00000000 0.00001538 -1.00000000
vn 0.00000000 0.00001538 -1.00000000
vn 0.00000000 0.00001538 -1.00000000
vn 0.00000000 0.00001538 -1.00000000
vn 0.00000000 0.00001538 -1.00000000
vn 0.00000000 0.00001538 -1.00000000
vn 0.00000000 0.00001538 -1.00000000
vn 0.00000000 0.00001538 -1.00000000
vn 0.00000000 0.00001538 -1.00000000
vn 0.00000000 0.00001538 -1.00000000
vn 0.00000000 0.00001538 -1.00000000
vn 0.00000000 0.00001538 -1.00000000
vn 0.00000000 0.00001538 -1.00000000
vn 0.00000000 0.00001538 -1.00000000
vn 0.00000000 0.00001538 -1.00000000
vn 0.00000000 0.00001538 -1.00000000
vn 0.00000000 0.00001538 -1.00000000
vn 0.00000000 0.00001538 -1.00000000
vn 0.00000000 0.00001538 -1.00000000
vn 0.00000000 0.00001538 -1.00000000
vn 0.00000000 0.00001538 -1.00000000
vn 0.00000000 0.00001538 -1.00000000
vn 0.00000000 0.00001538 -1.00000000
vn 0.00000000 0.00001538 -1.00000000
vn 0.00000000 0.00001538 -1.00000000
vn 0.00000000 0.00001538 -1.00000000
vn 0.00000000 0.00001538 -1.00000000
vn 0.00000000 0.00001538 -1.00000000
vn 0.00000000 0.00001538 -1.00000000
vn 0.00000000 0.00001538 -1.00000000
vn 0.00000000 0.00001538 -1.00000000
vn 0.00000000 0.00001538 -1.00000000
vn 0.00000000 0.00001538 -1.00000000
vn 0.00000000 0.00001538 -1.00000000
vn 0.00000000 0.00001538 -1.00000000
vn 0.00000000 0.00001538 -1.00000000
vn 0.00000000 0.00001538 -1.00000000
vn 0.00000000 0.00001538 -1.00000000
vn 0.00000000 0.00001538 -1.00000000
vn 0.00000000 0.00001538 -1.00000000
vn 0.00000000 0.00001538 -1.00000000
vn 0.00000000 0.00001538 -1.00000000
vn 0.00000000 0.00001538 -1.00000000
vn 0.00000000 0.00001538 -1.00000000
vn 0.00000000 0.00001538 -1.00000000
vn 0.00000000 0.00001538 -1.00000000
vn 0.00000000 0.00001538 -1.00000000
vn 0.00000000 0.00001538 -1.00000000
vn 0.00000000 0.00001538 -1.00000000
vn 0.00000000 0.00001538 -1.00000000
vn 0.00000000 0.00001538 -1.00000000
vn 0.00000000 0.00001538 -1.00000000
vn 0.00000000 0.00001538 -1.00000000
vn 0.00000000 0.00001538 -1.00000000
vn 0.00000000 0.00001538 -1.00000000
vn 0.00000000 0.00001538 -1.00000000
vn 0.00000000 0.00001538 -1.00000000
vn 0.00000000 0.00001538 -1.00000000
vn 0.00000000 0.00001538 -1.00000000
vn 0.00000000 0.00001538 -1.00000000
vn 0.00000000 0.00001538 -1.00000000
vn 0.00000000 0.00001538 -1.00000000
vn 0.00000000 0.00001538 -1.00000000
vn 0.00000000 0.00001538 -1.00000000
vn 0.00000000 0.00001538 -1.00000000
vn 0.00000000 0.00001538 -1.00000000
vn 0.00000000 0.00001538 -1.00000000
vn 0.00000000 0.00001538 -1.00000000
vn 0.00000000 0.00001538 -1.00000000
vn 0.00000000 0.00001538 -1.00000000
vn 0.00000000 0.00001538 -1.00000000
vn 0.00000000 0.00001538 -1.00000000
vn 0.00000000 0.00001538 -1.00000000
vn 0.00000000 0.00001538 -1.00000000
vn 0.00000000 0.00001538 -1.00000000
vn 0.00000000 0.00001538 -1.00000000
vn 0.00000000 0.00001538 -1.00000000
vn 0.00000000 0.00001538 -1.00000000
vn 0.00000000 0.00001538 -1.00000000
vn 0.00000000 0.00001538 -1.00000000
vn 0.00000000 0.00001538 -1.00000000
vn 0.00000000 0.00001538 -1.00000000
vn 0.00000000 0.00001538 -1.00000000
vn 0.00000000 0.00001538 -1.00000000
vn 0.00000000 0.00001538 -1.00000000
vn 0.00000000 0.00001538 -1.00000000
vn 0.00000000 0.00001538 -1.00000000
vn 0.00000000 0.00001538 -1.00000000
vn 0.00000000 0.00001538 -1.00000000
vn 0.00000000 0.00001538 -1.00000000
vn 0.00000000 0.00001538 -1.00000000
vn 0.00000000 0.00001538 -1.00000000
vn 0.00000000 0.00001538 -1.00000000
vn 0.00000000 0.00001538 -1.00000000
vn 0.00000000 0.00001538 -1.00000000
vn 0.00000000 0.00001538 -1.00000000
vn 0.00000000 0.00001538 -1.00000000
vn 0.00000000 0.00001538 -1.00000000
vn 0.00000000 0.00001538 -1.00000000
vn 0.00000000 0.00001538 -1.00000000
vn 0.00000000 0.00001538 -1.00000000
vn 0.00000000 0.00001538 -1.00000000
vn 0.00000000 0.00001538 -1.00000000
vn 0.00000000 0.00001538 -1.00000000
vn 0.00000000 0.00001538 -1.00000000
vn 0.00000000 0.00001538 -1.00000000
vn 0.00000000 0.00001538 -1.00000000
vn 0.00000000 0.00001538 -1.00000000
vn 0.00000000 0.00001538 -1.00000000
vn 0.00000000 0.00001538 -1.00000000
vn 0.00000000 0.00001538 -1.00000000
vn 0.00000000 0.00001538 -1.00000000
vn 0.00000000 0.00001538 -1.00000000
vn 0.00000000 0.00001538 -1.00000000
vn 0.00000000 0.00001538 -1.00000000
vn 0.00000000 0.00001538 -1.00000000
vn 0.00000000 0.00001538 -1.00000000
vn 0.00000000 0.00001538 -1.00000000
vn 0.00000000 0.00001538 -1.00000000
vn 0.00000000 0.00001538 -1.00000000
vn 0.00000000 0.00001538 -1.00000000
vn 0.00000000 0.00001538 -1.00000000
vn 0.00000000 0.00001538 -1.00000000
vn 0.00000000 0.00001538 -1.00000000
vn 0.00000000 0.00001538 -1.00000000
vn 0.00000000 0.00001538 -1.00000000
vn 0.00000000 0.00001538 -1.00000000
vn 0.00000000 0.00001538 -1.00000000
vn 0.00000000 0.00001538 -1.00000000
vn 0.00000000 0.00001538 -1.00000000
vn 0.00000000 0.00001538 -1.00000000
vn 0.00000000 0.00001538 -1.00000000
vn 0.00000000 0.00001538 -1.00000000
vn 0.00000000 0.00001538 -1.00000000
vn 0.00000000 0.00001538 -1.00000000
vn 0.00000000 0.00001538 -1.00000000
vn 0.00000000 0.00001538 -1.00000000
vn 0.00000000 0.00001538 -1.00000000
vn 0.00000000 0.00001538 -1.00000000
vn 0.00000000 0.00001538 -1.00000000
vn 0.00000000 0.00001538 -1.00000000
vn 0.00000000 0.00001538 -1.00000000
vn 0.00000000 0.00001538 -1.00000000
vn 0.00000000 0.00001538 -1.00000000
vn 0.00000000 0.00001538 -1.00000000
vn 0.00000000 0.00001538 -1.00000000
vn 0.00000000 0.00001538 -1.00000000
vn 0.00000000 0.00001538 -1.00000000
vn 0.00000000 0.00001538 -1.00000000
vn 0.00000000 0.00001538 -1.00000000
vn 0.00000000 0.00001538 -1.00000000
vn 0.00000000 0.00001538 -1.00000000
vn 0.00000000 0.00001538 -1.00000000
vn 0.00000000 0.00001538 -1.00000000
vn -1.00000000 0.00001526 0.00000000
vn -1.00000000 0.00001526 0.00000000
vn -1.00000000 0.00001526 0.00000000
vn -1.00000000 0.00001526 0.00000000
vn -0.99897182 -0.04533609 -0.00001594
vn -1.00000000 0.00001526 0.00000000
vn -0.99897182 -0.04533609 -0.00001594
vn -0.99897182 -0.04533609 -0.00001594
vn -1.00000000 0.00001526 0.00000000
vn -0.99897182 -0.04533609 -0.00001594
vn -0.99897182 -0.04533609 -0.00001594
vn -0.96593744 -0.25877562 -0.00001872
vn -0.96593744 -0.25877562 -0.00001872
vn -0.96593744 -0.25877562 -0.00001872
vn -0.99897182 -0.04533609 -0.00001594
vn -0.96593744 -0.25877562 -0.00001872
vn -0.96593744 -0.25877562 -0.00001872
vn -0.86605543 -0.49994802 -0.00002090
vn -0.86605543 -0.49994802 -0.00002090
vn -0.86605543 -0.49994802 -0.00002090
vn -0.96593744 -0.25877562 -0.00001872
vn -0.86605543 -0.49994802 -0.00002090
vn -0.86605543 -0.49994802 -0.00002090
vn -0.69627202 -0.71775770 0.00539292
vn -0.69627202 -0.71775770 0.00539292
vn -0.69574422 -0.71826941 0.00539286
vn -0.86605543 -0.49994802 -0.00002090
vn -0.53492814 -0.84486490 0.00742980
vn -0.69574422 -0.71826941 0.00539286
vn -0.69627202 -0.71775770 0.00539292
vn -0.69627202 -0.71775770 0.00539292
vn -0.44996181 -0.89304209 0.00318378
vn -0.53492814 -0.84486490 0.00742980
vn -1.00000000 0.00001526 0.00000000
vn -1.00000000 0.00001526 0.00000000
vn -1.00000000 0.00001526 0.00000000
vn -1.00000000 0.00001526 0.00000000
vn -1.00000000 0.00001526 0.00000000
vn -1.00000000 0.00001526 0.00000000
vn -1.00000000 0.00001526 0.00000000
vn -1.00000000 0.00001526 0.00000000
vn -1.00000000 0.00001526 0.00000000
vn -1.00000000 0.00001526 0.00000000
vn -1.00000000 0.00001526 0.00000000
vn -1.00000000 0.00001526 0.00000000
vn -1.00000000 0.00001526 0.00000000
vn -1.00000000 0.00001526 0.00000000
vn -1.00000000 0.00001526 0.00000000
vn -1.00000000 0.00001526 0.00000000
vn -1.00000000 0.00001526 0.00000000
vn -1.00000000 0.00001526 0.00000000
vn -1.00000000 0.00001526 0.00000000
vn -1.00000000 0.00001526 0.00000000
vn -1.00000000 0.00001526 0.00000000
vn -1.00000000 0.00001526 0.00000000
vn -1.00000000 0.00001526 0.00000000
vn -1.00000000 0.00001526 0.00000000
vn -1.00000000 0.00001526 0.00000000
vn -1.00000000 0.00001526 0.00000000
vn -1.00000000 0.00001526 0.00000000
vn -1.00000000 0.00001526 0.00000000
vn -1.00000000 0.00001526 0.00000000
vn -1.00000000 0.00001526 0.00000000
vn -0.99845105 -0.05563664 -0.00001609
vn -1.00000000 0.00001526 0.00000000
vn -1.00000000 0.00001526 0.00000000
vn -0.99845105 -0.05563664 -0.00001609
vn -0.99996662 0.00816845 0.00000000
vn -1.00000000 0.00001526 0.00000000
vn -0.99996662 0.00816845 0.00000000
vn -0.99996662 0.00816845 0.00000000
vn -1.00000000 0.00001526 0.00000000
vn -0.99996662 0.00816845 0.00000000
vn -0.99996662 0.00816845 0.00000000
vn -0.96592689 0.25881514 0.00000003
vn -0.96592689 0.25881514 0.00000003
vn -0.96592689 0.25881514 0.00000003
vn -0.99996662 0.00816845 0.00000000
vn -0.96592689 0.25881514 0.00000003
vn -0.96592689 0.25881514 0.00000003
vn -0.86603218 0.49998829 0.00000006
vn -0.86603218 0.49998829 0.00000006
vn -0.86603218 0.49998829 0.00000006
vn -0.96592689 0.25881514 0.00000003
vn -0.86603218 0.49998829 0.00000006
vn -0.86603218 0.49998829 0.00000006
vn -0.70711762 0.70709598 0.00000008
vn -0.70711762 0.70709598 0.00000008
vn -0.70711762 0.70709598 0.00000008
vn -0.86603218 0.49998829 0.00000006
vn -0.70711762 0.70709598 0.00000008
vn -0.70711762 0.70709598 0.00000008
vn -0.50001299 0.86601788 0.00000010
vn -0.50001299 0.86601788 0.00000010
vn -0.50001299 0.86601788 0.00000010
vn -0.70711762 0.70709598 0.00000008
vn -0.50001299 0.86601788 0.00000010
vn -0.50001299 0.86601788 0.00000010
vn -0.25883728 0.96592093 0.00000011
vn -0.25883728 0.96592093 0.00000011
vn -0.25883728 0.96592093 0.00000011
vn -0.50001299 0.86601788 0.00000010
vn -0.25883728 0.96592093 0.00000011
vn -0.25883728 0.96592093 0.00000011
vn -0.07241286 0.99737471 0.00000012
vn -0.00546184 0.99998510 0.00000012
vn -0.25883728 0.96592093 0.00000011
vn -0.07241286 0.99737471 0.00000012
vn -0.00546184 0.99998510 0.00000012
vn -0.07241286 0.99737471 0.00000012
vn -0.00543093 0.99998528 0.00000012
vn -0.00546184 0.99998510 0.00000012
vn -0.00543093 0.99998528 0.00000012
vn 0.00546184 0.99998510 0.00000012
vn 0.00546184 0.99998510 0.00000012
vn 0.00546184 0.99998510 0.00000012
vn -0.00546184 0.99998510 0.00000012
vn 0.00546184 0.99998510 0.00000012
vn 0.00546184 0.99998510 0.00000012
vn 0.13056216 0.99144012 0.00000012
vn 0.25883728 0.96592093 0.00000011
vn 0.00546184 0.99998510 0.00000012
vn 0.13056216 0.99144012 0.00000012
vn 0.25883728 0.96592093 0.00000011
vn 0.13056216 0.99144012 0.00000012
vn 0.25883728 0.96592093 0.00000011
vn 0.42060474 0.90724397 0.00004063
vn 0.25883728 0.96592093 0.00000011
vn 0.25883728 0.96592093 0.00000011
vn 0.25883728 0.96592093 0.00000011
vn 0.44841793 0.89382386 0.00049183
vn 0.42060474 0.90724397 0.00004063
vn 0.00000000 0.00001538 -1.00000000
vn 0.00000000 0.00001538 -1.00000000
vn 0.00000000 0.00001538 -1.00000000
vn 0.00000000 0.00001538 -1.00000000
vn 0.00000000 0.00001538 -1.00000000
vn 0.00000000 0.00001538 -1.00000000
vn 0.00000000 0.00001538 -1.00000000
vn 0.00000000 0.00001538 -1.00000000
vn 0.00000000 0.00001538 -1.00000000
vn 0.00000000 0.00001538 -1.00000000
vn 0.00000000 0.00001538 -1.00000000
vn 0.00000000 0.00001538 -1.00000000
vn 0.00000000 0.00001538 -1.00000000
vn 0.00000000 0.00001538 -1.00000000
vn 0.00000000 0.00001538 -1.00000000
vn 0.00000000 0.00001538 -1.00000000
vn 0.00000000 0.00001538 -1.00000000
vn 0.00000000 0.00001538 -1.00000000
vn 0.00000000 0.00001538 -1.00000000
vn 0.00000000 0.00001538 -1.00000000
vn 0.00000000 0.00001538 -1.00000000
vn 0.00000000 0.00001538 -1.00000000
vn 0.00000000 0.00001538 -1.00000000
vn 0.00000000 0.00001538 -1.00000000
vn 0.00000000 0.00001538 -1.00000000
vn 0.00000000 0.00001538 -1.00000000
vn 0.00000000 0.00001538 -1.00000000
vn 0.00000000 0.00001538 -1.00000000
vn 0.00000000 0.00001538 -1.00000000
vn 0.00000000 0.00001538 -1.00000000
vn 0.00000000 0.00001538 -1.00000000
vn 0.00000000 0.00001538 -1.00000000
vn 0.00000000 0.00001538 -1.00000000
vn 0.00000000 0.00001538 -1.00000000
vn 0.00000000 0.00001538 -1.00000000
vn 0.00000000 0.00001538 -1.00000000
vn 0.00000000 0.00001538 -1.00000000
vn 0.00000000 0.00001538 -1.00000000
vn 0.00000000 0.00001538 -1.00000000
vn 0.00000000 0.00001538 -1.00000000
vn 0.00000000 0.00001538 -1.00000000
vn 0.00000000 0.00001538 -1.00000000
vn 0.00000000 0.00001538 -1.00000000
vn 0.00000000 0.00001538 -1.00000000
vn 0.00000000 0.00001538 -1.00000000
vn 0.00000000 0.00001538 -1.00000000
vn 0.00000000 0.00001538 -1.00000000
vn 0.00000000 0.00001538 -1.00000000
vn 0.00000000 0.00001538 -1.00000000
vn 0.00000000 0.00001538 -1.00000000
vn 0.00000000 0.00001538 -1.00000000
vn 0.00000000 0.00001538 -1.00000000
vn 0.00000000 0.00001538 -1.00000000
vn 0.00000000 0.00001538 -1.00000000
vn 0.00000000 0.00001538 -1.00000000
vn 0.00000000 0.00001538 -1.00000000
vn 0.00000000 0.00001538 -1.00000000
vn 0.00000000 0.00001538 -1.00000000
vn 0.00000000 0.00001538 -1.00000000
vn 0.00000000 0.00001538 -1.00000000
vn 0.00000000 0.00001538 -1.00000000
vn 0.00000000 0.00001538 -1.00000000
vn 0.00000000 0.00001538 -1.00000000
vn 0.00000000 0.00001538 -1.00000000
vn 0.00000000 0.00001538 -1.00000000
vn 0.00000000 0.00001538 -1.00000000
vn 0.00000000 0.00001538 -1.00000000
vn 0.00000000 0.00001538 -1.00000000
vn 0.00000000 0.00001538 -1.00000000
vn 0.00000000 0.00001538 -1.00000000
vn 0.00000000 0.00001538 -1.00000000
vn 0.00000000 0.00001538 -1.00000000
vn 0.00000000 0.00001538 -1.00000000
vn 0.00000000 0.00001538 -1.00000000
vn 0.00000000 0.00001538 -1.00000000
vn 0.00000000 0.00001538 -1.00000000
vn 0.00000000 0.00001538 -1.00000000
vn 0.00000000 0.00001538 -1.00000000
vn 0.00000000 0.00001538 -1.00000000
vn 0.00000000 0.00001538 -1.00000000
vn 0.00000000 0.00001538 -1.00000000
vn 0.00000000 0.00001538 -1.00000000
vn 0.00000000 0.00001538 -1.00000000
vn 0.00000000 0.00001538 -1.00000000
vn 0.00000000 0.00001538 -1.00000000
vn 0.00000000 0.00001538 -1.00000000
vn 0.00000000 0.00001538 -1.00000000
vn 0.00000000 0.00001538 -1.00000000
vn 0.00000000 0.00001538 -1.00000000
vn 0.00000000 0.00001538 -1.00000000
vn 0.00000000 0.00001538 -1.00000000
vn 0.00000000 0.00001538 -1.00000000
vn 0.00000000 0.00001538 -1.00000000
vn 0.00000000 0.00001538 -1.00000000
vn 0.00000000 0.00001538 -1.00000000
vn 0.00000000 0.00001538 -1.00000000
vn 0.00000000 0.00001538 -1.00000000
vn 0.00000000 0.00001538 -1.00000000
vn 0.00000000 0.00001538 -1.00000000
vn 0.00000000 0.00001538 -1.00000000
vn 0.00000000 0.00001538 -1.00000000
vn 0.00000000 0.00001538 -1.00000000
vn 0.00000000 0.00001538 -1.00000000
vn 0.00000000 0.00001538 -1.00000000
vn 0.00000000 0.00001538 -1.00000000
vn 0.00000000 0.00001538 -1.00000000
vn 0.00000000 0.00001538 -1.00000000
vn 0.00000000 0.00001538 -1.00000000
vn 0.00000000 0.00001538 -1.00000000
vn 0.00000000 0.00001538 -1.00000000
vn 0.00000000 0.00001538 -1.00000000
vn 0.00000000 0.00001538 -1.00000000
vn 0.00000000 0.00001538 -1.00000000
vn 0.00000000 0.00001538 -1.00000000
vn 0.00000000 0.00001538 -1.00000000
vn 0.00000000 0.00001538 -1.00000000
vn 0.00000000 0.00001538 -1.00000000
vn 0.00000000 0.00001538 -1.00000000
vn 0.00000000 0.00001538 -1.00000000
vn 0.00000000 0.00001538 -1.00000000
vn 0.00000000 0.00001538 -1.00000000
vn 0.00000000 0.00001538 -1.00000000
vn 0.00000000 0.00001538 -1.00000000
vn 0.00000000 0.00001538 -1.00000000
vn 0.00000000 0.00001538 -1.00000000
vn 0.00000000 0.00001538 -1.00000000
vn 0.00000000 0.00001538 -1.00000000
vn 0.00000000 0.00001538 -1.00000000
vn 0.00000000 0.00001538 -1.00000000
vn 0.00000000 0.00001538 -1.00000000
vn 0.00000000 0.00001538 -1.00000000
vn 0.00000000 0.00001538 -1.00000000
vn 0.00000000 0.00001538 -1.00000000
vn 0.00000000 0.00001538 -1.00000000
vn 0.00000000 0.00001538 -1.00000000
vn 0.00000000 0.00001538 -1.00000000
vn 0.00000000 0.00001538 -1.00000000
vn 0.00000000 0.00001538 -1.00000000
vn 0.00000000 0.00001538 -1.00000000
vn 0.00000000 0.00001538 -1.00000000
vn 0.00000000 0.00001538 -1.00000000
vn 0.00000000 0.00001538 -1.00000000
vn 0.00000000 0.00001538 -1.00000000
vn 0.00000000 0.00001538 -1.00000000
vn -0.70714998 -0.70706362 -0.00002166
vn -0.70714998 -0.70706362 -0.00002166
vn -0.70714998 -0.70706362 -0.00002166
vn -0.70714998 -0.70706362 -0.00002166
vn -0.70714998 -0.70706362 -0.00002166
vn -0.70714998 -0.70706362 -0.00002166
vn -0.70688629 0.00343933 0.70731884
vn -0.70712841 0.00002149 0.70708519
vn -0.70712841 0.00002149 0.70708519
vn -0.70712841 0.00002149 0.70708519
vn -0.70688629 0.00343933 0.70731884
vn -0.70688629 0.00343933 0.70731884
vn -0.60230100 0.34634978 0.71921855
vn -0.70688629 0.00343933 0.70731884
vn -0.70688629 0.00343933 0.70731884
vn -0.70688629 0.00343933 0.70731884
vn -0.60233265 0.34623691 0.71924645
vn -0.60230100 0.34634978 0.71921855
vn -0.34637764 0.60227937 0.71922326
vn -0.60230100 0.34634978 0.71921855
vn -0.60233265 0.34623691 0.71924645
vn -0.60233265 0.34623691 0.71924645
vn -0.34632221 0.60232246 0.71921390
vn -0.34637764 0.60227937 0.71922326
vn -0.34637764 0.60227937 0.71922326
vn -0.34632221 0.60232246 0.71921390
vn -0.03686392 0.70419902 0.70904493
vn -0.03686392 0.70419902 0.70904493
vn -0.03686392 0.70419902 0.70904493
vn -0.34637764 0.60227937 0.71922326
vn 0.03686392 0.70415455 0.70908916
vn -0.03686392 0.70419902 0.70904493
vn -0.03686392 0.70419902 0.70904493
vn -0.03686392 0.70419902 0.70904493
vn 0.03686392 0.70415455 0.70908916
vn 0.03686392 0.70415455 0.70908916
vn 0.34626269 0.60225654 0.71929777
vn 0.03686392 0.70415455 0.70908916
vn 0.03686392 0.70415455 0.70908916
vn 0.03686392 0.70415455 0.70908916
vn 0.34637555 0.60222489 0.71926987
vn 0.34626269 0.60225654 0.71929777
vn 0.60228956 0.34629232 0.71925581
vn 0.34626269 0.60225654 0.71929777
vn 0.34637555 0.60222489 0.71926987
vn 0.34637555 0.60222489 0.71926987
vn 0.60228956 0.34629232 0.71925581
vn 0.60228956 0.34629232 0.71925581
vn 0.60228956 0.34629232 0.71925581
vn 0.60228956 0.34629232 0.71925581
vn 0.70686477 0.00339596 0.70734060
vn 0.70686477 0.00339596 0.70734060
vn 0.70686477 0.00339596 0.70734060
vn 0.60228956 0.34629232 0.71925581
vn 0.70686477 0.00339596 0.70734060
vn 0.70686477 0.00339596 0.70734060
vn 0.70710683 -0.00002166 0.70710677
vn 0.70710683 -0.00002166 0.70710677
vn 0.70710683 -0.00002166 0.70710677
vn 0.70686477 0.00339596 0.70734060
vn -0.00002158 -0.70710683 0.70710671
vn -0.00002158 -0.70710683 0.70710671
vn -0.00002158 -0.70710683 0.70710671
vn -0.00002158 -0.70710683 0.70710671
vn -0.00002158 -0.70710683 0.70710671
vn -0.00002158 -0.70710683 0.70710671
vn 0.70710683 -0.70710677 -0.00002166
vn 0.70710683 -0.70710677 -0.00002166
vn 0.70710683 -0.70710677 -0.00002166
vn 0.70710683 -0.70710677 -0.00002166
vn 0.70710683 -0.70710677 -0.00002166
vn 0.70710683 -0.70710677 -0.00002166
vn 0.34637555 0.60222489 0.71926987
vn 0.34637555 0.60222489 0.71926987
vn 0.60228956 0.34629232 0.71925581
vn 0.01968819 0.70564497 0.70829201
vn 0.34637555 0.60222489 0.71926987
vn 0.34637555 0.60222489 0.71926987
vn 0.60228956 0.34629232 0.71925581
vn 0.60228956 0.34629232 0.71925581
vn 0.34637555 0.60222489 0.71926987
vn 0.34637555 0.60222489 0.71926987
vn 0.01968819 0.70564497 0.70829201
vn 0.01968819 0.70564497 0.70829201
vn 0.60228956 0.34629232 0.71925581
vn 0.60228956 0.34629232 0.71925581
vn 0.70686477 0.00339596 0.70734060
vn -0.01968819 0.70568877 0.70824832
vn 0.01968819 0.70564497 0.70829201
vn 0.01968819 0.70564497 0.70829201
vn 0.70686477 0.00339596 0.70734060
vn 0.70686477 0.00339596 0.70734060
vn 0.60228956 0.34629232 0.71925581
vn 0.70686477 0.00339596 0.70734060
vn 0.70686477 0.00339596 0.70734060
vn 0.70710683 -0.00002166 0.70710677
vn 0.70710683 -0.00002166 0.70710677
vn 0.70710683 -0.00002166 0.70710677
vn 0.70686477 0.00339596 0.70734060
vn 0.01968819 0.70564497 0.70829201
vn -0.01968819 0.70568877 0.70824832
vn -0.01968819 0.70568877 0.70824832
vn -0.01968819 0.70568877 0.70824832
vn -0.01968819 0.70568877 0.70824832
vn -0.34632221 0.60232246 0.71921390
vn -0.34632221 0.60232246 0.71921390
vn -0.34637764 0.60227937 0.71922326
vn -0.01968819 0.70568877 0.70824832
vn -0.34637764 0.60227937 0.71922326
vn -0.34632221 0.60232246 0.71921390
vn -0.60230100 0.34634978 0.71921855
vn -0.60230100 0.34634978 0.71921855
vn -0.60230100 0.34634978 0.71921855
vn -0.34637764 0.60227937 0.71922326
vn -0.70688629 0.00343933 0.70731884
vn -0.60230100 0.34634978 0.71921855
vn -0.60230100 0.34634978 0.71921855
vn -0.60230100 0.34634978 0.71921855
vn -0.70688629 0.00343933 0.70731884
vn -0.70688629 0.00343933 0.70731884
vn -0.70712841 0.00002149 0.70708519
vn -0.70688629 0.00343933 0.70731884
vn -0.70688629 0.00343933 0.70731884
vn -0.70688629 0.00343933 0.70731884
vn -0.70712841 0.00002149 0.70708519
vn -0.70712841 0.00002149 0.70708519
vn -0.70714998 -0.70706362 -0.00002166
vn -0.70714998 -0.70706362 -0.00002166
vn -0.70714998 -0.70706362 -0.00002166
vn -0.70714998 -0.70706362 -0.00002166
vn -0.70714998 -0.70706362 -0.00002166
vn -0.70714998 -0.70706362 -0.00002166
vn -0.00002158 -0.70710683 0.70710671
vn -0.00002158 -0.70710683 0.70710671
vn -0.00002158 -0.70710683 0.70710671
vn -0.00002158 -0.70710683 0.70710671
vn -0.00002158 -0.70710683 0.70710671
vn -0.00002158 -0.70710683 0.70710671
vn 0.70710683 -0.70710677 -0.00002166
vn 0.70710683 -0.70710677 -0.00002166
vn 0.70710683 -0.70710677 -0.00002166
vn 0.70710683 -0.70710677 -0.00002166
vn 0.70710683 -0.70710677 -0.00002166
vn 0.70710683 -0.70710677 -0.00002166
vn -0.70714998 -0.70706362 -0.00002166
vn -0.70714998 -0.70706362 -0.00002166
vn -0.70714998 -0.70706362 -0.00002166
vn -0.70714998 -0.70706362 -0.00002166
vn -0.70714998 -0.70706362 -0.00002166
vn -0.70714998 -0.70706362 -0.00002166
vn -0.70688629 0.00343933 0.70731884
vn -0.70712841 0.00002149 0.70708519
vn -0.70712841 0.00002149 0.70708519
vn -0.70712841 0.00002149 0.70708519
vn -0.70688629 0.00343933 0.70731884
vn -0.70688629 0.00343933 0.70731884
vn -0.60230100 0.34634978 0.71921855
vn -0.70688629 0.00343933 0.70731884
vn -0.70688629 0.00343933 0.70731884
vn -0.70688629 0.00343933 0.70731884
vn -0.60225797 0.34640521 0.71922791
vn -0.60230100 0.34634978 0.71921855
vn -0.34632221 0.60232246 0.71921390
vn -0.60230100 0.34634978 0.71921855
vn -0.60225797 0.34640521 0.71922791
vn -0.60225797 0.34640521 0.71922791
vn -0.34637764 0.60227937 0.71922326
vn -0.34632221 0.60232246 0.71921390
vn -0.34632221 0.60232246 0.71921390
vn -0.34637764 0.60227937 0.71922326
vn -0.03686392 0.70419902 0.70904493
vn -0.03686392 0.70419902 0.70904493
vn -0.03686392 0.70419902 0.70904493
vn -0.34632221 0.60232246 0.71921390
vn 0.03686392 0.70415455 0.70908916
vn -0.03686392 0.70419902 0.70904493
vn -0.03686392 0.70419902 0.70904493
vn -0.03686392 0.70419902 0.70904493
vn 0.03677323 0.70420146 0.70904726
vn 0.03686392 0.70415455 0.70908916
vn 0.34637555 0.60222489 0.71926987
vn 0.03686392 0.70415455 0.70908916
vn 0.03677323 0.70420146 0.70904726
vn 0.03677323 0.70420146 0.70904726
vn 0.34637555 0.60222489 0.71926987
vn 0.34637555 0.60222489 0.71926987
vn 0.60228956 0.34629232 0.71925581
vn 0.34637555 0.60222489 0.71926987
vn 0.34637555 0.60222489 0.71926987
vn 0.34637555 0.60222489 0.71926987
vn 0.60228956 0.34629232 0.71925581
vn 0.60228956 0.34629232 0.71925581
vn 0.60228956 0.34629232 0.71925581
vn 0.60228956 0.34629232 0.71925581
vn 0.70686477 0.00339596 0.70734060
vn 0.70686477 0.00339596 0.70734060
vn 0.70686477 0.00339596 0.70734060
vn 0.60228956 0.34629232 0.71925581
vn 0.70686477 0.00339596 0.70734060
vn 0.70686477 0.00339596 0.70734060
vn 0.70710683 -0.00002166 0.70710677
vn 0.70710683 -0.00002166 0.70710677
vn 0.70710683 -0.00002166 0.70710677
vn 0.70686477 0.00339596 0.70734060
vn -0.00002158 -0.70710683 0.70710671
vn -0.00002158 -0.70710683 0.70710671
vn -0.00002158 -0.70710683 0.70710671
vn -0.00002158 -0.70710683 0.70710671
vn -0.00002158 -0.70710683 0.70710671
vn -0.00002158 -0.70710683 0.70710671
vn 0.70710683 -0.70710677 -0.00002166
vn 0.70710683 -0.70710677 -0.00002166
vn 0.70710683 -0.70710677 -0.00002166
vn 0.70710683 -0.70710677 -0.00002166
vn 0.70710683 -0.70710677 -0.00002166
vn 0.70710683 -0.70710677 -0.00002166
vn -0.70714998 -0.70706362 -0.00002166
vn -0.70714998 -0.70706362 -0.00002166
vn -0.70714998 -0.70706362 -0.00002166
vn -0.70714998 -0.70706362 -0.00002166
vn -0.70714998 -0.70706362 -0.00002166
vn -0.70714998 -0.70706362 -0.00002166
vn -0.70688629 0.00343933 0.70731884
vn -0.70712841 0.00002149 0.70708519
vn -0.70712841 0.00002149 0.70708519
vn -0.70712841 0.00002149 0.70708519
vn -0.70688629 0.00343933 0.70731884
vn -0.70688629 0.00343933 0.70731884
vn -0.60230100 0.34634978 0.71921855
vn -0.70688629 0.00343933 0.70731884
vn -0.70688629 0.00343933 0.70731884
vn -0.70688629 0.00343933 0.70731884
vn -0.60230100 0.34634978 0.71921855
vn -0.60230100 0.34634978 0.71921855
vn -0.60230100 0.34634978 0.71921855
vn -0.60230100 0.34634978 0.71921855
vn -0.34632221 0.60232246 0.71921390
vn -0.34632221 0.60232246 0.71921390
vn -0.34637764 0.60227937 0.71922326
vn -0.60230100 0.34634978 0.71921855
vn -0.34637764 0.60227937 0.71922326
vn -0.34632221 0.60232246 0.71921390
vn -0.03686392 0.70419902 0.70904493
vn -0.03686392 0.70419902 0.70904493
vn -0.03677324 0.70424598 0.70900309
vn -0.34637764 0.60227937 0.71922326
vn 0.03686392 0.70415455 0.70908916
vn -0.03677324 0.70424598 0.70900309
vn -0.03686392 0.70419902 0.70904493
vn -0.03686392 0.70419902 0.70904493
vn 0.03686392 0.70415455 0.70908916
vn 0.03686392 0.70415455 0.70908916
vn 0.34632015 0.60226798 0.71926051
vn 0.03686392 0.70415455 0.70908916
vn 0.03686392 0.70415455 0.70908916
vn 0.03686392 0.70415455 0.70908916
vn 0.34643096 0.60218179 0.71927923
vn 0.34632015 0.60226798 0.71926051
vn 0.60232121 0.34617943 0.71928370
vn 0.34632015 0.60226798 0.71926051
vn 0.34643096 0.60218179 0.71927923
vn 0.34643096 0.60218179 0.71927923
vn 0.60228956 0.34629232 0.71925581
vn 0.60232121 0.34617943 0.71928370
vn 0.60232121 0.34617943 0.71928370
vn 0.60228956 0.34629232 0.71925581
vn 0.70686477 0.00339596 0.70734060
vn 0.70686477 0.00339596 0.70734060
vn 0.70686477 0.00339596 0.70734060
vn 0.60232121 0.34617943 0.71928370
vn 0.70686477 0.00339596 0.70734060
vn 0.70686477 0.00339596 0.70734060
vn 0.70710683 -0.00002166 0.70710677
vn 0.70710683 -0.00002166 0.70710677
vn 0.70710683 -0.00002166 0.70710677
vn 0.70686477 0.00339596 0.70734060
vn -0.00002158 -0.70710683 0.70710671
vn -0.00002158 -0.70710683 0.70710671
vn -0.00002158 -0.70710683 0.70710671
vn -0.00002158 -0.70710683 0.70710671
vn -0.00002158 -0.70710683 0.70710671
vn -0.00002158 -0.70710683 0.70710671
vn 0.70710683 -0.70710677 -0.00002166
vn 0.70710683 -0.70710677 -0.00002166
vn 0.70710683 -0.70710677 -0.00002166
vn 0.70710683 -0.70710677 -0.00002166
vn 0.70710683 -0.70710677 -0.00002166
vn 0.70710683 -0.70710677 -0.00002166
vn 0.34637555 0.60222489 0.71926987
vn 0.34637555 0.60222489 0.71926987
vn 0.60228956 0.34629232 0.71925581
vn 0.03686392 0.70415455 0.70908916
vn 0.34637555 0.60222489 0.71926987
vn 0.34637555 0.60222489 0.71926987
vn 0.60228956 0.34629232 0.71925581
vn 0.60228956 0.34629232 0.71925581
vn 0.34637555 0.60222489 0.71926987
vn 0.34637555 0.60222489 0.71926987
vn 0.03686392 0.70415455 0.70908916
vn 0.03686392 0.70415455 0.70908916
vn 0.60228956 0.34629232 0.71925581
vn 0.60228956 0.34629232 0.71925581
vn 0.70686477 0.00339596 0.70734060
vn -0.03686392 0.70419902 0.70904493
vn 0.03686392 0.70415455 0.70908916
vn 0.03686392 0.70415455 0.70908916
vn 0.70686477 0.00339596 0.70734060
vn 0.70686477 0.00339596 0.70734060
vn 0.60228956 0.34629232 0.71925581
vn 0.70686477 0.00339596 0.70734060
vn 0.70686477 0.00339596 0.70734060
vn 0.70710683 -0.00002166 0.70710677
vn 0.70710683 -0.00002166 0.70710677
vn 0.70710683 -0.00002166 0.70710677
vn 0.70686477 0.00339596 0.70734060
vn 0.03686392 0.70415455 0.70908916
vn -0.03686392 0.70419902 0.70904493
vn -0.03686392 0.70419902 0.70904493
vn -0.03686392 0.70419902 0.70904493
vn -0.03686392 0.70419902 0.70904493
vn -0.34643301 0.60223633 0.71923262
vn -0.34643301 0.60223633 0.71923262
vn -0.34637764 0.60227937 0.71922326
vn -0.03686392 0.70419902 0.70904493
vn -0.60233265 0.34623691 0.71924645
vn -0.34637764 0.60227937 0.71922326
vn -0.34643301 0.60223633 0.71923262
vn -0.34643301 0.60223633 0.71923262
vn -0.60230100 0.34634978 0.71921855
vn -0.60233265 0.34623691 0.71924645
vn -0.70688629 0.00343933 0.70731884
vn -0.60233265 0.34623691 0.71924645
vn -0.60230100 0.34634978 0.71921855
vn -0.60230100 0.34634978 0.71921855
vn -0.70688629 0.00343933 0.70731884
vn -0.70688629 0.00343933 0.70731884
vn -0.70712841 0.00002149 0.70708519
vn -0.70688629 0.00343933 0.70731884
vn -0.70688629 0.00343933 0.70731884
vn -0.70688629 0.00343933 0.70731884
vn -0.70712841 0.00002149 0.70708519
vn -0.70712841 0.00002149 0.70708519
vn -0.70714998 -0.70706362 -0.00002166
vn -0.70714998 -0.70706362 -0.00002166
vn -0.70714998 -0.70706362 -0.00002166
vn -0.70714998 -0.70706362 -0.00002166
vn -0.70714998 -0.70706362 -0.00002166
vn -0.70714998 -0.70706362 -0.00002166
vn -0.00002158 -0.70710683 0.70710671
vn -0.00002158 -0.70710683 0.70710671
vn -0.00002158 -0.70710683 0.70710671
vn -0.00002158 -0.70710683 0.70710671
vn -0.00002158 -0.70710683 0.70710671
vn -0.00002158 -0.70710683 0.70710671
vn 0.70710683 -0.70710677 -0.00002166
vn 0.70710683 -0.70710677 -0.00002166
vn 0.70710683 -0.70710677 -0.00002166
vn 0.70710683 -0.70710677 -0.00002166
vn 0.70710683 -0.70710677 -0.00002166
vn 0.70710683 -0.70710677 -0.00002166
vn -0.00001526 -0.00001538 1.00000000
vn -0.00001526 -0.00001538 1.00000000
vn -0.00001526 -0.00001538 1.00000000
vn -0.00001526 -0.00001538 1.00000000
vn -0.00001526 -0.00001538 1.00000000
vn -0.00001526 -0.00001538 1.00000000
vn -0.00001526 -0.00001538 1.00000000
vn -0.00001526 -0.00001538 1.00000000
vn -0.00001526 -0.00001538 1.00000000
vn -0.00001526 -0.00001538 1.00000000
vn -0.00001526 -0.00001538 1.00000000
vn -0.00001526 -0.00001538 1.00000000
vn -0.00001526 -0.00001538 1.00000000
vn -0.00001526 -0.00001538 1.00000000
vn -0.00001526 -0.00001538 1.00000000
vn -0.00001526 -0.00001538 1.00000000
vn -0.00001526 -0.00001538 1.00000000
vn -0.00001526 -0.00001538 1.00000000
vn 0.00000000 0.00001514 1.00000000
vn -0.00001526 -0.00001538 1.00000000
vn -0.00001526 -0.00001538 1.00000000
vn -0.00001526 -0.00001538 1.00000000
vn 0.00000000 0.00001514 1.00000000
vn 0.00000000 0.00001514 1.00000000
vn -0.00001526 -0.00001538 1.00000000
vn -0.00001526 -0.00001538 1.00000000
vn -0.00001526 -0.00001538 1.00000000
vn -0.00001526 -0.00001538 1.00000000
vn -0.00001526 -0.00001538 1.00000000
vn -0.00001526 -0.00001538 1.00000000
vn -0.00001526 -0.00001538 1.00000000
vn -0.00001526 -0.00001538 1.00000000
vn -0.00001526 -0.00001538 1.00000000
vn -0.00001526 -0.00001538 1.00000000
vn -0.00001526 -0.00001538 1.00000000
vn -0.00001526 -0.00001538 1.00000000
vn -0.00001526 -0.00001538 1.00000000
vn -0.00001526 -0.00001538 1.00000000
vn -0.00001526 -0.00001538 1.00000000
vn -0.00001526 -0.00001538 1.00000000
vn -0.00001526 -0.00001538 1.00000000
vn -0.00001526 -0.00001538 1.00000000
vn 0.00000000 0.00001514 1.00000000
vn -0.00001526 -0.00001538 1.00000000
vn -0.00001526 -0.00001538 1.00000000
vn -0.00001526 -0.00001538 1.00000000
vn 0.00000000 0.00001514 1.00000000
vn 0.00000000 0.00001514 1.00000000
vn -0.00001526 -0.00001538 1.00000000
vn -0.00001526 -0.00001538 1.00000000
vn -0.00001526 -0.00001538 1.00000000
vn -0.00001526 -0.00001538 1.00000000
vn -0.00001526 -0.00001538 1.00000000
vn -0.00001526 -0.00001538 1.00000000
vn -0.00001526 -0.00001538 1.00000000
vn -0.00001526 -0.00001538 1.00000000
vn -0.00001526 -0.00001538 1.00000000
vn -0.00001526 -0.00001538 1.00000000
vn -0.00001526 -0.00001538 1.00000000
vn -0.00001526 -0.00001538 1.00000000
vn -0.00001526 -0.00001538 1.00000000
vn -0.00001526 -0.00001538 1.00000000
vn -0.00001526 -0.00001538 1.00000000
vn -0.00001526 -0.00001538 1.00000000
vn -0.00001526 -0.00001538 1.00000000
vn -0.00001526 -0.00001538 1.00000000
vn 0.00000000 0.00001514 1.00000000
vn -0.00001526 -0.00001538 1.00000000
vn -0.00001526 -0.00001538 1.00000000
vn -0.00001526 -0.00001538 1.00000000
vn 0.00000000 0.00001514 1.00000000
vn 0.00000000 0.00001514 1.00000000
vn -0.00001526 -0.00001538 1.00000000
vn -0.00001526 -0.00001538 1.00000000
vn -0.00001526 -0.00001538 1.00000000
vn -0.00001526 -0.00001538 1.00000000
vn -0.00001526 -0.00001538 1.00000000
vn -0.00001526 -0.00001538 1.00000000
vn -0.00001526 -0.00001538 1.00000000
vn -0.00001526 -0.00001538 1.00000000
vn -0.00001526 -0.00001538 1.00000000
vn -0.00001526 -0.00001538 1.00000000
vn -0.00001526 -0.00001538 1.00000000
vn -0.00001526 -0.00001538 1.00000000
vn -0.00001526 -0.00001538 1.00000000
vn -0.00001526 -0.00001538 1.00000000
vn 0.00000000 0.00001514 1.00000000
vn 0.00000000 0.00001514 1.00000000
vn 0.00000000 0.00001514 1.00000000
vn -0.00001526 -0.00001538 1.00000000
vn -0.00001526 -0.00001538 1.00000000
vn -0.00001526 -0.00001538 1.00000000
vn -0.00001526 -0.00001538 1.00000000
vn -0.00001526 -0.00001538 1.00000000
vn -0.00001526 -0.00001538 1.00000000
vn -0.00001526 -0.00001538 1.00000000
vn -0.00001526 -0.00001538 1.00000000
vn -0.00001526 -0.00001538 1.00000000
vn -0.00001526 -0.00001538 1.00000000
vn -0.00001526 -0.00001538 1.00000000
vn -0.00001526 -0.00001538 1.00000000
vn -0.00001526 -0.00001538 1.00000000
vn -0.00001526 -0.00001538 1.00000000
vn -0.00001526 -0.00001538 1.00000000
vn -0.00001526 -0.00001538 1.00000000
vn -0.00001526 -0.00001538 1.00000000
vn 0.00000000 0.00001514 1.00000000
vn -0.00001526 -0.00001538 1.00000000
vn -0.00001526 -0.00001538 1.00000000
vn -0.00001526 -0.00001538 1.00000000
vn 0.00000000 0.00001514 1.00000000
vn 0.00000000 0.00001514 1.00000000
vn -0.00001526 -0.00001538 1.00000000
vn -0.00001526 -0.00001538 1.00000000
vn 0.00000000 0.00001514 1.00000000
vn 0.00000000 0.00001514 1.00000000
vn -0.00001526 -0.00001538 1.00000000
vn -0.00001526 -0.00001538 1.00000000
vn 0.00000000 0.00001514 1.00000000
vn 0.00000000 0.00001514 1.00000000
vn -0.00001526 -1.00000000 -0.00001538
vn -0.00001526 -1.00000000 -0.00001538
vn -0.00001526 -1.00000000 -0.00001538
vn -0.00001526 -1.00000000 -0.00001538
vn -0.00001526 -1.00000000 -0.00001538
vn -0.00001526 -1.00000000 -0.00001538
vn 0.99998713 0.00507629 0.00000000
vn 1.00000000 0.00001526 0.00000000
vn 1.00000000 0.00001526 0.00000000
vn 1.00000000 0.00001526 0.00000000
vn 0.99998724 0.00504553 0.00000000
vn 0.99998713 0.00507629 0.00000000
vn 0.99998713 0.00507629 0.00000000
vn 0.99998724 0.00504553 0.00000000
vn 0.96592689 0.25881514 0.00000003
vn 0.96592689 0.25881514 0.00000003
vn 0.96592689 0.25881514 0.00000003
vn 0.99998713 0.00507629 0.00000000
vn 0.70711762 0.70709598 0.00000008
vn 0.70711762 0.70709598 0.00000008
vn 0.70711762 0.70709598 0.00000008
vn 0.70711762 0.70709598 0.00000008
vn 0.70711762 0.70709598 0.00000008
vn 0.70711762 0.70709598 0.00000008
vn 0.05352538 0.99856651 0.00003223
vn 0.05352366 0.99856657 0.00000012
vn 0.25883728 0.96592093 0.00000011
vn 0.25883728 0.96592093 0.00000011
vn 0.25883728 0.96592093 0.00000011
vn 0.05352538 0.99856651 0.00003223
vn 0.05352366 0.99856657 0.00000012
vn 0.05352538 0.99856651 0.00003223
vn -0.05352366 0.99856657 0.00000012
vn -0.05352366 0.99856657 0.00000012
vn -0.05348986 0.99856842 0.00000012
vn 0.05352366 0.99856657 0.00000012
vn -0.05348986 0.99856842 0.00000012
vn -0.05352366 0.99856657 0.00000012
vn -0.25883728 0.96592093 0.00000011
vn -0.25883728 0.96592093 0.00000011
vn -0.25883728 0.96592093 0.00000011
vn -0.05348986 0.99856842 0.00000012
vn -0.86603218 0.49998829 0.00000006
vn -0.86603218 0.49998829 0.00000006
vn -0.70711762 0.70709598 0.00000008
vn -0.70711762 0.70709598 0.00000008
vn -0.70711762 0.70709598 0.00000008
vn -0.86603218 0.49998829 0.00000006
vn -0.86603218 0.49998829 0.00000006
vn -0.86603218 0.49998829 0.00000006
vn -0.99998724 0.00504553 0.00000000
vn -0.99998724 0.00504553 0.00000000
vn -0.99998724 0.00504553 0.00000000
vn -0.86603218 0.49998829 0.00000006
vn -0.99998724 0.00504553 0.00000000
vn -0.99998724 0.00504553 0.00000000
vn -1.00000000 0.00001526 0.00000000
vn -1.00000000 0.00001526 0.00000000
vn -1.00000000 0.00001526 0.00000000
vn -0.99998724 0.00504553 0.00000000
vn 0.96592689 0.25881514 0.00000003
vn 0.96592689 0.25881514 0.00000003
vn 0.99998724 0.00504562 -0.00003067
vn 0.99998724 0.00504562 -0.00003067
vn 0.99998724 0.00504553 0.00000000
vn 0.96592689 0.25881514 0.00000003
vn 1.00000000 0.00001526 0.00000000
vn 0.99998724 0.00504553 0.00000000
vn 0.99998724 0.00504562 -0.00003067
vn 0.99998724 0.00504562 -0.00003067
vn 1.00000000 0.00001526 0.00000000
vn 1.00000000 0.00001526 0.00000000
vn 0.70711762 0.70709598 0.00000008
vn 0.70711762 0.70709598 0.00000008
vn 0.70711762 0.70709598 0.00000008
vn 0.70711762 0.70709598 0.00000008
vn 0.70711762 0.70709598 0.00000008
vn 0.70711762 0.70709598 0.00000008
vn 0.02874753 0.99958670 0.00003150
vn 0.02874663 0.99958670 0.00000012
vn 0.25883728 0.96592093 0.00000011
vn 0.25883728 0.96592093 0.00000011
vn 0.25883728 0.96592093 0.00000011
vn 0.02874753 0.99958670 0.00003150
vn 0.02874663 0.99958670 0.00000012
vn 0.02874753 0.99958670 0.00003150
vn -0.02874663 0.99958670 0.00000012
vn -0.02874663 0.99958670 0.00000012
vn -0.02871431 0.99958766 0.00000012
vn 0.02874663 0.99958670 0.00000012
vn -0.02871431 0.99958766 0.00000012
vn -0.02874663 0.99958670 0.00000012
vn -0.25883728 0.96592093 0.00000011
vn -0.25883728 0.96592093 0.00000011
vn -0.25883728 0.96592093 0.00000011
vn -0.02871431 0.99958766 0.00000012
vn -0.86603218 0.49998829 0.00000006
vn -0.86603218 0.49998829 0.00000006
vn -0.70711762 0.70709598 0.00000008
vn -0.70711762 0.70709598 0.00000008
vn -0.70711762 0.70709598 0.00000008
vn -0.86603218 0.49998829 0.00000006
vn -0.86603218 0.49998829 0.00000006
vn -0.86603218 0.49998829 0.00000006
vn -0.99998695 0.00510728 -0.00003067
vn -0.99998695 0.00510728 -0.00003067
vn -0.99998724 0.00504553 0.00000000
vn -0.86603218 0.49998829 0.00000006
vn -0.99998724 0.00504553 0.00000000
vn -0.99998695 0.00510728 -0.00003067
vn -1.00000000 0.00001526 0.00000000
vn -1.00000000 0.00001526 0.00000000
vn -1.00000000 0.00001526 0.00000000
vn -0.99998724 0.00504553 0.00000000
vn -0.00001526 -1.00000000 -0.00001538
vn -0.00001526 -1.00000000 -0.00001538
vn -0.00001526 -1.00000000 -0.00001538
vn -0.00001526 -1.00000000 -0.00001538
vn -0.00001526 -1.00000000 -0.00001538
vn -0.00001526 -1.00000000 -0.00001538
vn -0.00001526 -1.00000000 -0.00001538
vn -0.00001526 -1.00000000 -0.00001538
vn -0.00001526 -1.00000000 -0.00001538
vn -0.00001526 -1.00000000 -0.00001538
vn -0.00001526 -1.00000000 -0.00001538
vn -0.00001526 -1.00000000 -0.00001538
vn 0.99998713 0.00507629 0.00000000
vn 1.00000000 0.00001526 0.00000000
vn 1.00000000 0.00001526 0.00000000
vn 1.00000000 0.00001526 0.00000000
vn 0.99998724 0.00504553 0.00000000
vn 0.99998713 0.00507629 0.00000000
vn 0.99998713 0.00507629 0.00000000
vn 0.99998724 0.00504553 0.00000000
vn 0.96592689 0.25881514 0.00000003
vn 0.96592689 0.25881514 0.00000003
vn 0.96592689 0.25881514 0.00000003
vn 0.99998713 0.00507629 0.00000000
vn 0.70711762 0.70709598 0.00000008
vn 0.70711762 0.70709598 0.00000008
vn 0.70711762 0.70709598 0.00000008
vn 0.70711762 0.70709598 0.00000008
vn 0.70711762 0.70709598 0.00000008
vn 0.70711762 0.70709598 0.00000008
vn 0.05352538 0.99856651 0.00003223
vn 0.05352366 0.99856657 0.00000012
vn 0.25883728 0.96592093 0.00000011
vn 0.25883728 0.96592093 0.00000011
vn 0.25883728 0.96592093 0.00000011
vn 0.05352538 0.99856651 0.00003223
vn 0.05352366 0.99856657 0.00000012
vn 0.05352538 0.99856651 0.00003223
vn -0.05352366 0.99856657 0.00000012
vn -0.05352366 0.99856657 0.00000012
vn -0.05348986 0.99856842 0.00000012
vn 0.05352366 0.99856657 0.00000012
vn -0.05348986 0.99856842 0.00000012
vn -0.05352366 0.99856657 0.00000012
vn -0.25883728 0.96592093 0.00000011
vn -0.25883728 0.96592093 0.00000011
vn -0.25883728 0.96592093 0.00000011
vn -0.05348986 0.99856842 0.00000012
vn -0.86603218 0.49998829 0.00000006
vn -0.86603218 0.49998829 0.00000006
vn -0.70711762 0.70709598 0.00000008
vn -0.70711762 0.70709598 0.00000008
vn -0.70711762 0.70709598 0.00000008
vn -0.86603218 0.49998829 0.00000006
vn -0.86603218 0.49998829 0.00000006
vn -0.86603218 0.49998829 0.00000006
vn -0.99998724 0.00504553 0.00000000
vn -0.99998724 0.00504553 0.00000000
vn -0.99998724 0.00504553 0.00000000
vn -0.86603218 0.49998829 0.00000006
vn -0.99998724 0.00504553 0.00000000
vn -0.99998724 0.00504553 0.00000000
vn -1.00000000 0.00001526 0.00000000
vn -1.00000000 0.00001526 0.00000000
vn -1.00000000 0.00001526 0.00000000
vn -0.99998724 0.00504553 0.00000000
vn -0.00001526 -1.00000000 -0.00001538
vn -0.00001526 -1.00000000 -0.00001538
vn -0.00001526 -1.00000000 -0.00001538
vn -0.00001526 -1.00000000 -0.00001538
vn -0.00001526 -1.00000000 -0.00001538
vn -0.00001526 -1.00000000 -0.00001538
vn 0.99998742 0.00501501 0.00006135
vn 1.00000000 0.00001526 0.00000000
vn 1.00000000 0.00001526 0.00000000
vn 1.00000000 0.00001526 0.00000000
vn 0.99998724 0.00504553 0.00000000
vn 0.99998742 0.00501501 0.00006135
vn 0.99998742 0.00501501 0.00006135
vn 0.99998724 0.00504553 0.00000000
vn 0.96592689 0.25881514 0.00000003
vn 0.96592689 0.25881514 0.00000003
vn 0.96592689 0.25881514 0.00000003
vn 0.99998742 0.00501501 0.00006135
vn 0.70711762 0.70709598 0.00000008
vn 0.70711762 0.70709598 0.00000008
vn 0.70711762 0.70709598 0.00000008
vn 0.70711762 0.70709598 0.00000008
vn 0.70711762 0.70709598 0.00000008
vn 0.70711762 0.70709598 0.00000008
vn 0.05352366 0.99856657 0.00000012
vn 0.05352366 0.99856657 0.00000012
vn 0.25883728 0.96592093 0.00000011
vn 0.25883728 0.96592093 0.00000011
vn 0.25883728 0.96592093 0.00000011
vn 0.05352366 0.99856657 0.00000012
vn 0.05352366 0.99856657 0.00000012
vn 0.05352366 0.99856657 0.00000012
vn -0.05352366 0.99856657 0.00000012
vn -0.05352366 0.99856657 0.00000012
vn -0.05348986 0.99856842 0.00000012
vn 0.05352366 0.99856657 0.00000012
vn -0.05348986 0.99856842 0.00000012
vn -0.05352366 0.99856657 0.00000012
vn -0.25883728 0.96592093 0.00000011
vn -0.25883728 0.96592093 0.00000011
vn -0.25883728 0.96592093 0.00000011
vn -0.05348986 0.99856842 0.00000012
vn -0.70711762 0.70709598 0.00000008
vn -0.70711762 0.70709598 0.00000008
vn -0.70711762 0.70709598 0.00000008
vn -0.70711762 0.70709598 0.00000008
vn -0.70711762 0.70709598 0.00000008
vn -0.70711762 0.70709598 0.00000008
vn -0.99998724 0.00504553 0.00000000
vn -0.99998724 0.00504553 0.00000000
vn -0.96592689 0.25881514 0.00000003
vn -0.96592689 0.25881514 0.00000003
vn -0.96592689 0.25881514 0.00000003
vn -0.99998724 0.00504553 0.00000000
vn -0.99998724 0.00504553 0.00000000
vn -0.99998724 0.00504553 0.00000000
vn -1.00000000 0.00001526 0.00000000
vn -1.00000000 0.00001526 0.00000000
vn -1.00000000 0.00001526 0.00000000
vn -0.99998724 0.00504553 0.00000000
vn 0.96592689 0.25881514 0.00000003
vn 0.96592689 0.25881514 0.00000003
vn 0.99998742 0.00501501 0.00006135
vn 0.99998742 0.00501501 0.00006135
vn 0.99998724 0.00504553 0.00000000
vn 0.96592689 0.25881514 0.00000003
vn 1.00000000 0.00001526 0.00000000
vn 0.99998724 0.00504553 0.00000000
vn 0.99998742 0.00501501 0.00006135
vn 0.99998742 0.00501501 0.00006135
vn 1.00000000 0.00001526 0.00000000
vn 1.00000000 0.00001526 0.00000000
vn 0.70711762 0.70709598 0.00000008
vn 0.70711762 0.70709598 0.00000008
vn 0.70711762 0.70709598 0.00000008
vn 0.70711762 0.70709598 0.00000008
vn 0.70711762 0.70709598 0.00000008
vn 0.70711762 0.70709598 0.00000008
vn 0.05352366 0.99856657 0.00000012
vn 0.05352366 0.99856657 0.00000012
vn 0.25883728 0.96592093 0.00000011
vn 0.25883728 0.96592093 0.00000011
vn 0.25883728 0.96592093 0.00000011
vn 0.05352366 0.99856657 0.00000012
vn 0.05352366 0.99856657 0.00000012
vn 0.05352366 0.99856657 0.00000012
vn -0.05352366 0.99856657 0.00000012
vn -0.05352366 0.99856657 0.00000012
vn -0.05348986 0.99856842 0.00000012
vn 0.05352366 0.99856657 0.00000012
vn -0.05348986 0.99856842 0.00000012
vn -0.05352366 0.99856657 0.00000012
vn -0.25883728 0.96592093 0.00000011
vn -0.25883728 0.96592093 0.00000011
vn -0.25883728 0.96592093 0.00000011
vn -0.05348986 0.99856842 0.00000012
vn -0.70711762 0.70709598 0.00000008
vn -0.70711762 0.70709598 0.00000008
vn -0.70711762 0.70709598 0.00000008
vn -0.70711762 0.70709598 0.00000008
vn -0.70711762 0.70709598 0.00000008
vn -0.70711762 0.70709598 0.00000008
vn -0.99998713 0.00507645 -0.00003067
vn -0.99998724 0.00504553 0.00000000
vn -0.96592689 0.25881514 0.00000003
vn -0.96592689 0.25881514 0.00000003
vn -0.96592689 0.25881514 0.00000003
vn -0.99998713 0.00507645 -0.00003067
vn -0.99998724 0.00504553 0.00000000
vn -0.99998713 0.00507645 -0.00003067
vn -1.00000000 0.00001526 0.00000000
vn -1.00000000 0.00001526 0.00000000
vn -1.00000000 0.00001526 0.00000000
vn -0.99998724 0.00504553 0.00000000
vn -0.00001526 -1.00000000 -0.00001538
vn -0.00001526 -1.00000000 -0.00001538
vn -0.00001526 -1.00000000 -0.00001538
vn -0.00001526 -1.00000000 -0.00001538
vn -0.00001526 -1.00000000 -0.00001538
vn -0.00001526 -1.00000000 -0.00001538
vn -0.57735026 -0.57735026 0.57735026
vn -0.57735026 -0.57735026 0.57735026
vn -0.57735026 -0.57735026 0.57735026
vn 0.57729751 -0.57740301 0.57735026
vn 0.57729751 -0.57740301 0.57735026
vn 0.57729751 -0.57740301 0.57735026
vn -0.57735026 -0.57735026 0.57735026
vn -0.57735026 -0.57735026 0.57735026
vn -0.57735026 -0.57735026 0.57735026
vn 0.57729751 -0.57740301 0.57735026
vn 0.57729751 -0.57740301 0.57735026
vn 0.57729751 -0.57740301 0.57735026
vn -0.57735026 -0.57735026 0.57735026
vn -0.57735026 -0.57735026 0.57735026
vn -0.57735026 -0.57735026 0.57735026
vn 0.57729751 -0.57740301 0.57735026
vn 0.57729751 -0.57740301 0.57735026
vn 0.57729751 -0.57740301 0.57735026
vn -0.57735026 -0.57735026 0.57735026
vn -0.57735026 -0.57735026 0.57735026
vn -0.57735026 -0.57735026 0.57735026
vn 0.57729751 -0.57740301 0.57735026
vn 0.57729751 -0.57740301 0.57735026
vn 0.57729751 -0.57740301 0.57735026
vn -0.57740313 -0.57729739 0.57735026
vn -0.57740313 -0.57729739 0.57735026
vn -0.57740313 -0.57729739 0.57735026
vn 0.57729751 -0.57740301 0.57735026
vn 0.57729751 -0.57740301 0.57735026
vn 0.57729751 -0.57740301 0.57735026
# material_color 0.211765 0.219608 0.239216 1.0
# s3d_label 0
f 1/1/1 2/2/2 3/3/3
# material_color 0.211765 0.219608 0.239216 1.0
# s3d_label 0
f 4/4/4 5/5/5 6/6/6
# material_color 0.211765 0.219608 0.239216 1.0
# s3d_label 0
f 7/7/7 8/8/8 9/9/9
# material_color 0.211765 0.219608 0.239216 1.0
# s3d_label 0
f 10/10/10 11/11/11 12/12/12
# material_color 0.211765 0.219608 0.239216 1.0
# s3d_label 0
f 13/13/13 14/14/14 15/15/15
# material_color 0.211765 0.219608 0.239216 1.0
# s3d_label 0
f 16/16/16 17/17/17 18/18/18
# material_color 0.211765 0.219608 0.239216 1.0
# s3d_label 0
f 19/19/19 20/20/20 21/21/21
# material_color 0.211765 0.219608 0.239216 1.0
# s3d_label 0
f 22/22/22 23/23/23 24/24/24
# material_color 0.211765 0.219608 0.239216 1.0
# s3d_label 0
f 25/25/25 26/26/26 27/27/27
# material_color 0.211765 0.219608 0.239216 1.0
# s3d_label 0
f 28/28/28 29/29/29 30/30/30
# material_color 0.211765 0.219608 0.239216 1.0
# s3d_label 0
f 31/31/31 32/32/32 33/33/33
# material_color 0.211765 0.219608 0.239216 1.0
# s3d_label 0
f 34/34/34 35/35/35 36/36/36
# material_color 0.211765 0.219608 0.239216 1.0
# s3d_label 0
f 37/37/37 38/38/38 39/39/39
# material_color 0.211765 0.219608 0.239216 1.0
# s3d_label 0
f 40/40/40 41/41/41 42/42/42
# material_color 0.211765 0.219608 0.239216 1.0
# s3d_label 0
f 43/43/43 44/44/44 45/45/45
# material_color 0.211765 0.219608 0.239216 1.0
# s3d_label 0
f 46/46/46 47/47/47 48/48/48
# material_color 0.211765 0.219608 0.239216 1.0
# s3d_label 0
f 49/49/49 50/50/50 51/51/51
# material_color 0.211765 0.219608 0.239216 1.0
# s3d_label 0
f 52/52/52 53/53/53 54/54/54
# material_color 0.211765 0.219608 0.239216 1.0
# s3d_label 0
f 55/55/55 56/56/56 57/57/57
# material_color 0.211765 0.219608 0.239216 1.0
# s3d_label 0
f 58/58/58 59/59/59 60/60/60
# material_color 0.211765 0.219608 0.239216 1.0
# s3d_label 0
f 61/61/61 62/62/62 63/63/63
# material_color 0.211765 0.219608 0.239216 1.0
# s3d_label 0
f 64/64/64 65/65/65 66/66/66
# material_color 0.211765 0.219608 0.239216 1.0
# s3d_label 0
f 67/67/67 68/68/68 69/69/69
# material_color 0.211765 0.219608 0.239216 1.0
# s3d_label 0
f 70/70/70 71/71/71 72/72/72
# material_color 0.211765 0.219608 0.239216 1.0
# s3d_label 0
f 73/73/73 74/74/74 75/75/75
# material_color 0.211765 0.219608 0.239216 1.0
# s3d_label 0
f 76/76/76 77/77/77 78/78/78
# material_color 0.211765 0.219608 0.239216 1.0
# s3d_label 0
f 79/79/79 80/80/80 81/81/81
# material_color 0.211765 0.219608 0.239216 1.0
# s3d_label 0
f 82/82/82 83/83/83 84/84/84
# material_color 0.211765 0.219608 0.239216 1.0
# s3d_label 0
f 85/85/85 86/86/86 87/87/87
# material_color 0.211765 0.219608 0.239216 1.0
# s3d_label 0
f 88/88/88 89/89/89 90/90/90
# material_color 0.211765 0.219608 0.239216 1.0
# s3d_label 0
f 91/91/91 92/92/92 93/93/93
# material_color 0.211765 0.219608 0.239216 1.0
# s3d_label 0
f 94/94/94 95/95/95 96/96/96
# material_color 0.211765 0.219608 0.239216 1.0
# s3d_label 0
f 97/97/97 98/98/98 99/99/99
# material_color 0.211765 0.219608 0.239216 1.0
# s3d_label 0
f 100/100/100 101/101/101 102/102/102
# material_color 0.211765 0.219608 0.239216 1.0
# s3d_label 0
f 103/103/103 104/104/104 105/105/105
# material_color 0.211765 0.219608 0.239216 1.0
# s3d_label 0
f 106/106/106 107/107/107 108/108/108
# material_color 0.211765 0.219608 0.239216 1.0
# s3d_label 0
f 109/109/109 110/110/110 111/111/111
# material_color 0.211765 0.219608 0.239216 1.0
# s3d_label 0
f 112/112/112 113/113/113 114/114/114
# material_color 0.211765 0.219608 0.239216 1.0
# s3d_label 0
f 115/115/115 116/116/116 117/117/117
# material_color 0.211765 0.219608 0.239216 1.0
# s3d_label 0
f 118/118/118 119/119/119 120/120/120
# material_color 0.211765 0.219608 0.239216 1.0
# s3d_label 0
f 121/121/121 122/122/122 123/123/123
# material_color 0.211765 0.219608 0.239216 1.0
# s3d_label 0
f 124/124/124 125/125/125 126/126/126
# material_color 0.211765 0.219608 0.239216 1.0
# s3d_label 0
f 127/127/127 128/128/128 129/129/129
# material_color 0.211765 0.219608 0.239216 1.0
# s3d_label 0
f 130/130/130 131/131/131 132/132/132
# material_color 0.211765 0.219608 0.239216 1.0
# s3d_label 0
f 133/133/133 134/134/134 135/135/135
# material_color 0.211765 0.219608 0.239216 1.0
# s3d_label 0
f 136/136/136 137/137/137 138/138/138
# material_color 0.211765 0.219608 0.239216 1.0
# s3d_label 0
f 139/139/139 140/140/140 141/141/141
# material_color 0.211765 0.219608 0.239216 1.0
# s3d_label 0
f 142/142/142 143/143/143 144/144/144
# material_color 0.211765 0.219608 0.239216 1.0
# s3d_label 0
f 145/145/145 146/146/146 147/147/147
# material_color 0.211765 0.219608 0.239216 1.0
# s3d_label 0
f 148/148/148 149/149/149 150/150/150
# material_color 0.211765 0.219608 0.239216 1.0
# s3d_label 0
f 151/151/151 152/152/152 153/153/153
# material_color 0.211765 0.219608 0.239216 1.0
# s3d_label 0
f 154/154/154 155/155/155 156/156/156
# material_color 0.211765 0.219608 0.239216 1.0
# s3d_label 0
f 157/157/157 158/158/158 159/159/159
# material_color 0.211765 0.219608 0.239216 1.0
# s3d_label 0
f 160/160/160 161/161/161 162/162/162
# material_color 0.211765 0.219608 0.239216 1.0
# s3d_label 0
f 163/163/163 164/164/164 165/165/165
# material_color 0.211765 0.219608 0.239216 1.0
# s3d_label 0
f 166/166/166 167/167/167 168/168/168
# material_color 0.211765 0.219608 0.239216 1.0
# s3d_label 0
f 169/169/169 170/170/170 171/171/171
# material_color 0.211765 0.219608 0.239216 1.0
# s3d_label 0
f 172/172/172 173/173/173 174/174/174
# material_color 0.211765 0.219608 0.239216 1.0
# s3d_label 0
f 175/175/175 176/176/176 177/177/177
# material_color 0.211765 0.219608 0.239216 1.0
# s3d_label 0
f 178/178/178 179/179/179 180/180/180
# material_color 0.211765 0.219608 0.239216 1.0
# s3d_label 0
f 181/181/181 182/182/182 183/183/183
# material_color 0.211765 0.219608 0.239216 1.0
# s3d_label 0
f 184/184/184 185/185/185 186/186/186
# material_color 0.211765 0.219608 0.239216 1.0
# s3d_label 0
f 187/187/187 188/188/188 189/189/189
# material_color 0.211765 0.219608 0.239216 1.0
# s3d_label 0
f 190/190/190 191/191/191 192/192/192
# material_color 0.211765 0.219608 0.239216 1.0
# s3d_label 0
f 193/193/193 194/194/194 195/195/195
# material_color 0.211765 0.219608 0.239216 1.0
# s3d_label 0
f 196/196/196 197/197/197 198/198/198
# material_color 0.211765 0.219608 0.239216 1.0
# s3d_label 0
f 199/199/199 200/200/200 201/201/201
# material_color 0.211765 0.219608 0.239216 1.0
# s3d_label 0
f 202/202/202 203/203/203 204/204/204
# material_color 0.211765 0.219608 0.239216 1.0
# s3d_label 0
f 205/205/205 206/206/206 207/207/207
# material_color 0.211765 0.219608 0.239216 1.0
# s3d_label 0
f 208/208/208 209/209/209 210/210/210
# material_color 0.211765 0.219608 0.239216 1.0
# s3d_label 0
f 211/211/211 212/212/212 213/213/213
# material_color 0.211765 0.219608 0.239216 1.0
# s3d_label 0
f 214/214/214 215/215/215 216/216/216
# material_color 0.211765 0.219608 0.239216 1.0
# s3d_label 0
f 217/217/217 218/218/218 219/219/219
# material_color 0.211765 0.219608 0.239216 1.0
# s3d_label 0
f 220/220/220 221/221/221 222/222/222
# material_color 0.211765 0.219608 0.239216 1.0
# s3d_label 0
f 223/223/223 224/224/224 225/225/225
# material_color 0.211765 0.219608 0.239216 1.0
# s3d_label 0
f 226/226/226 227/227/227 228/228/228
# material_color 0.211765 0.219608 0.239216 1.0
# s3d_label 0
f 229/229/229 230/230/230 231/231/231
# material_color 0.211765 0.219608 0.239216 1.0
# s3d_label 0
f 232/232/232 233/233/233 234/234/234
# material_color 0.211765 0.219608 0.239216 1.0
# s3d_label 0
f 235/235/235 236/236/236 237/237/237
# material_color 0.211765 0.219608 0.239216 1.0
# s3d_label 0
f 238/238/238 239/239/239 240/240/240
# material_color 0.211765 0.219608 0.239216 1.0
# s3d_label 0
f 241/241/241 242/242/242 243/243/243
# material_color 0.211765 0.219608 0.239216 1.0
# s3d_label 0
f 244/244/244 245/245/245 246/246/246
# material_color 0.211765 0.219608 0.239216 1.0
# s3d_label 0
f 247/247/247 248/248/248 249/249/249
# material_color 0.211765 0.219608 0.239216 1.0
# s3d_label 0
f 250/250/250 251/251/251 252/252/252
# material_color 0.211765 0.219608 0.239216 1.0
# s3d_label 0
f 253/253/253 254/254/254 255/255/255
# material_color 0.211765 0.219608 0.239216 1.0
# s3d_label 0
f 256/256/256 257/257/257 258/258/258
# material_color 0.211765 0.219608 0.239216 1.0
# s3d_label 0
f 259/259/259 260/260/260 261/261/261
# material_color 0.211765 0.219608 0.239216 1.0
# s3d_label 0
f 262/262/262 263/263/263 264/264/264
# material_color 0.211765 0.219608 0.239216 1.0
# s3d_label 0
f 265/265/265 266/266/266 267/267/267
# material_color 0.211765 0.219608 0.239216 1.0
# s3d_label 0
f 268/268/268 269/269/269 270/270/270
# material_color 0.211765 0.219608 0.239216 1.0
# s3d_label 0
f 271/271/271 272/272/272 273/273/273
# material_color 0.211765 0.219608 0.239216 1.0
# s3d_label 0
f 274/274/274 275/275/275 276/276/276
# material_color 0.211765 0.219608 0.239216 1.0
# s3d_label 0
f 277/277/277 278/278/278 279/279/279
# material_color 0.211765 0.219608 0.239216 1.0
# s3d_label 0
f 280/280/280 281/281/281 282/282/282
# material_color 0.211765 0.219608 0.239216 1.0
# s3d_label 0
f 283/283/283 284/284/284 285/285/285
# material_color 0.211765 0.219608 0.239216 1.0
# s3d_label 0
f 286/286/286 287/287/287 288/288/288
# material_color 0.211765 0.219608 0.239216 1.0
# s3d_label 0
f 289/289/289 290/290/290 291/291/291
# material_color 0.211765 0.219608 0.239216 1.0
# s3d_label 0
f 292/292/292 293/293/293 294/294/294
# material_color 0.211765 0.219608 0.239216 1.0
# s3d_label 0
f 295/295/295 296/296/296 297/297/297
# material_color 0.211765 0.219608 0.239216 1.0
# s3d_label 0
f 298/298/298 299/299/299 300/300/300
# material_color 0.211765 0.219608 0.239216 1.0
# s3d_label 0
f 301/301/301 302/302/302 303/303/303
# material_color 0.211765 0.219608 0.239216 1.0
# s3d_label 0
f 304/304/304 305/305/305 306/306/306
# material_color 0.211765 0.219608 0.239216 1.0
# s3d_label 0
f 307/307/307 308/308/308 309/309/309
# material_color 0.211765 0.219608 0.239216 1.0
# s3d_label 0
f 310/310/310 311/311/311 312/312/312
# material_color 0.211765 0.219608 0.239216 1.0
# s3d_label 0
f 313/313/313 314/314/314 315/315/315
# material_color 0.211765 0.219608 0.239216 1.0
# s3d_label 0
f 316/316/316 317/317/317 318/318/318
# material_color 0.211765 0.219608 0.239216 1.0
# s3d_label 0
f 319/319/319 320/320/320 321/321/321
# material_color 0.211765 0.219608 0.239216 1.0
# s3d_label 0
f 322/322/322 323/323/323 324/324/324
# material_color 0.211765 0.219608 0.239216 1.0
# s3d_label 0
f 325/325/325 326/326/326 327/327/327
# material_color 0.211765 0.219608 0.239216 1.0
# s3d_label 0
f 328/328/328 329/329/329 330/330/330
# material_color 0.211765 0.219608 0.239216 1.0
# s3d_label 0
f 331/331/331 332/332/332 333/333/333
# material_color 0.211765 0.219608 0.239216 1.0
# s3d_label 0
f 334/334/334 335/335/335 336/336/336
# material_color 0.211765 0.219608 0.239216 1.0
# s3d_label 0
f 337/337/337 338/338/338 339/339/339
# material_color 0.211765 0.219608 0.239216 1.0
# s3d_label 0
f 340/340/340 341/341/341 342/342/342
# material_color 0.211765 0.219608 0.239216 1.0
# s3d_label 0
f 343/343/343 344/344/344 345/345/345
# material_color 0.211765 0.219608 0.239216 1.0
# s3d_label 0
f 346/346/346 347/347/347 348/348/348
# material_color 0.211765 0.219608 0.239216 1.0
# s3d_label 0
f 349/349/349 350/350/350 351/351/351
# material_color 0.211765 0.219608 0.239216 1.0
# s3d_label 0
f 352/352/352 353/353/353 354/354/354
# material_color 0.211765 0.219608 0.239216 1.0
# s3d_label 0
f 355/355/355 356/356/356 357/357/357
# material_color 0.211765 0.219608 0.239216 1.0
# s3d_label 0
f 358/358/358 359/359/359 360/360/360
# material_color 0.211765 0.219608 0.239216 1.0
# s3d_label 0
f 361/361/361 362/362/362 363/363/363
# material_color 0.211765 0.219608 0.239216 1.0
# s3d_label 0
f 364/364/364 365/365/365 366/366/366
# material_color 0.211765 0.219608 0.239216 1.0
# s3d_label 0
f 367/367/367 368/368/368 369/369/369
# material_color 0.211765 0.219608 0.239216 1.0
# s3d_label 0
f 370/370/370 371/371/371 372/372/372
# material_color 0.211765 0.219608 0.239216 1.0
# s3d_label 0
f 373/373/373 374/374/374 375/375/375
# material_color 0.211765 0.219608 0.239216 1.0
# s3d_label 0
f 376/376/376 377/377/377 378/378/378
# material_color 0.211765 0.219608 0.239216 1.0
# s3d_label 0
f 379/379/379 380/380/380 381/381/381
# material_color 0.211765 0.219608 0.239216 1.0
# s3d_label 0
f 382/382/382 383/383/383 384/384/384
# material_color 0.211765 0.219608 0.239216 1.0
# s3d_label 0
f 385/385/385 386/386/386 387/387/387
# material_color 0.211765 0.219608 0.239216 1.0
# s3d_label 0
f 388/388/388 389/389/389 390/390/390
# material_color 0.211765 0.219608 0.239216 1.0
# s3d_label 0
f 391/391/391 392/392/392 393/393/393
# material_color 0.211765 0.219608 0.239216 1.0
# s3d_label 0
f 394/394/394 395/395/395 396/396/396
# material_color 0.211765 0.219608 0.239216 1.0
# s3d_label 0
f 397/397/397 398/398/398 399/399/399
# material_color 0.211765 0.219608 0.239216 1.0
# s3d_label 0
f 400/400/400 401/401/401 402/402/402
# material_color 0.211765 0.219608 0.239216 1.0
# s3d_label 0
f 403/403/403 404/404/404 405/405/405
# material_color 0.211765 0.219608 0.239216 1.0
# s3d_label 0
f 406/406/406 407/407/407 408/408/408
# material_color 0.211765 0.219608 0.239216 1.0
# s3d_label 0
f 409/409/409 410/410/410 411/411/411
# material_color 0.211765 0.219608 0.239216 1.0
# s3d_label 0
f 412/412/412 413/413/413 414/414/414
# material_color 0.211765 0.219608 0.239216 1.0
# s3d_label 0
f 415/415/415 416/416/416 417/417/417
# material_color 0.211765 0.219608 0.239216 1.0
# s3d_label 0
f 418/418/418 419/419/419 420/420/420
# material_color 0.211765 0.219608 0.239216 1.0
# s3d_label 0
f 421/421/421 422/422/422 423/423/423
# material_color 0.211765 0.219608 0.239216 1.0
# s3d_label 0
f 424/424/424 425/425/425 426/426/426
# material_color 0.211765 0.219608 0.239216 1.0
# s3d_label 0
f 427/427/427 428/428/428 429/429/429
# material_color 0.211765 0.219608 0.239216 1.0
# s3d_label 0
f 430/430/430 431/431/431 432/432/432
# material_color 0.211765 0.219608 0.239216 1.0
# s3d_label 0
f 433/433/433 434/434/434 435/435/435
# material_color 0.211765 0.219608 0.239216 1.0
# s3d_label 0
f 436/436/436 437/437/437 438/438/438
# material_color 0.211765 0.219608 0.239216 1.0
# s3d_label 0
f 439/439/439 440/440/440 441/441/441
# material_color 0.211765 0.219608 0.239216 1.0
# s3d_label 0
f 442/442/442 443/443/443 444/444/444
# material_color 0.211765 0.219608 0.239216 1.0
# s3d_label 0
f 445/445/445 446/446/446 447/447/447
# material_color 0.211765 0.219608 0.239216 1.0
# s3d_label 0
f 448/448/448 449/449/449 450/450/450
# material_color 0.211765 0.219608 0.239216 1.0
# s3d_label 0
f 451/451/451 452/452/452 453/453/453
# material_color 0.211765 0.219608 0.239216 1.0
# s3d_label 0
f 454/454/454 455/455/455 456/456/456
# material_color 0.211765 0.219608 0.239216 1.0
# s3d_label 0
f 457/457/457 458/458/458 459/459/459
# material_color 0.211765 0.219608 0.239216 1.0
# s3d_label 0
f 460/460/460 461/461/461 462/462/462
# material_color 0.211765 0.219608 0.239216 1.0
# s3d_label 0
f 463/463/463 464/464/464 465/465/465
# material_color 0.211765 0.219608 0.239216 1.0
# s3d_label 0
f 466/466/466 467/467/467 468/468/468
# material_color 0.211765 0.219608 0.239216 1.0
# s3d_label 0
f 469/469/469 470/470/470 471/471/471
# material_color 0.211765 0.219608 0.239216 1.0
# s3d_label 0
f 472/472/472 473/473/473 474/474/474
# material_color 0.211765 0.219608 0.239216 1.0
# s3d_label 0
f 475/475/475 476/476/476 477/477/477
# material_color 0.211765 0.219608 0.239216 1.0
# s3d_label 0
f 478/478/478 479/479/479 480/480/480
# material_color 0.211765 0.219608 0.239216 1.0
# s3d_label 0
f 481/481/481 482/482/482 483/483/483
# material_color 0.211765 0.219608 0.239216 1.0
# s3d_label 0
f 484/484/484 485/485/485 486/486/486
# material_color 0.211765 0.219608 0.239216 1.0
# s3d_label 0
f 487/487/487 488/488/488 489/489/489
# material_color 0.211765 0.219608 0.239216 1.0
# s3d_label 0
f 490/490/490 491/491/491 492/492/492
# material_color 0.211765 0.219608 0.239216 1.0
# s3d_label 0
f 493/493/493 494/494/494 495/495/495
# material_color 0.211765 0.219608 0.239216 1.0
# s3d_label 0
f 496/496/496 497/497/497 498/498/498
# material_color 0.211765 0.219608 0.239216 1.0
# s3d_label 0
f 499/499/499 500/500/500 501/501/501
# material_color 0.211765 0.219608 0.239216 1.0
# s3d_label 0
f 502/502/502 503/503/503 504/504/504
# material_color 0.211765 0.219608 0.239216 1.0
# s3d_label 0
f 505/505/505 506/506/506 507/507/507
# material_color 0.211765 0.219608 0.239216 1.0
# s3d_label 0
f 508/508/508 509/509/509 510/510/510
# material_color 0.211765 0.219608 0.239216 1.0
# s3d_label 0
f 511/511/511 512/512/512 513/513/513
# material_color 0.211765 0.219608 0.239216 1.0
# s3d_label 0
f 514/514/514 515/515/515 516/516/516
# material_color 0.211765 0.219608 0.239216 1.0
# s3d_label 0
f 517/517/517 518/518/518 519/519/519
# material_color 0.211765 0.219608 0.239216 1.0
# s3d_label 0
f 520/520/520 521/521/521 522/522/522
# material_color 0.211765 0.219608 0.239216 1.0
# s3d_label 0
f 523/523/523 524/524/524 525/525/525
# material_color 0.211765 0.219608 0.239216 1.0
# s3d_label 0
f 526/526/526 527/527/527 528/528/528
# material_color 0.211765 0.219608 0.239216 1.0
# s3d_label 0
f 529/529/529 530/530/530 531/531/531
# material_color 0.211765 0.219608 0.239216 1.0
# s3d_label 0
f 532/532/532 533/533/533 534/534/534
# material_color 0.211765 0.219608 0.239216 1.0
# s3d_label 0
f 535/535/535 536/536/536 537/537/537
# material_color 0.211765 0.219608 0.239216 1.0
# s3d_label 0
f 538/538/538 539/539/539 540/540/540
# material_color 0.211765 0.219608 0.239216 1.0
# s3d_label 0
f 541/541/541 542/542/542 543/543/543
# material_color 0.211765 0.219608 0.239216 1.0
# s3d_label 0
f 544/544/544 545/545/545 546/546/546
# material_color 0.211765 0.219608 0.239216 1.0
# s3d_label 0
f 547/547/547 548/548/548 549/549/549
# material_color 0.211765 0.219608 0.239216 1.0
# s3d_label 0
f 550/550/550 551/551/551 552/552/552
# material_color 0.211765 0.219608 0.239216 1.0
# s3d_label 0
f 553/553/553 554/554/554 555/555/555
# material_color 0.211765 0.219608 0.239216 1.0
# s3d_label 0
f 556/556/556 557/557/557 558/558/558
# material_color 0.211765 0.219608 0.239216 1.0
# s3d_label 0
f 559/559/559 560/560/560 561/561/561
# material_color 0.211765 0.219608 0.239216 1.0
# s3d_label 0
f 562/562/562 563/563/563 564/564/564
# material_color 0.211765 0.219608 0.239216 1.0
# s3d_label 0
f 565/565/565 566/566/566 567/567/567
# material_color 0.211765 0.219608 0.239216 1.0
# s3d_label 0
f 568/568/568 569/569/569 570/570/570
# material_color 0.211765 0.219608 0.239216 1.0
# s3d_label 0
f 571/571/571 572/572/572 573/573/573
# material_color 0.211765 0.219608 0.239216 1.0
# s3d_label 0
f 574/574/574 575/575/575 576/576/576
# material_color 0.211765 0.219608 0.239216 1.0
# s3d_label 0
f 577/577/577 578/578/578 579/579/579
# material_color 0.211765 0.219608 0.239216 1.0
# s3d_label 0
f 580/580/580 581/581/581 582/582/582
# material_color 0.211765 0.219608 0.239216 1.0
# s3d_label 0
f 583/583/583 584/584/584 585/585/585
# material_color 0.211765 0.219608 0.239216 1.0
# s3d_label 0
f 586/586/586 587/587/587 588/588/588
# material_color 0.211765 0.219608 0.239216 1.0
# s3d_label 0
f 589/589/589 590/590/590 591/591/591
# material_color 0.211765 0.219608 0.239216 1.0
# s3d_label 0
f 592/592/592 593/593/593 594/594/594
# material_color 0.211765 0.219608 0.239216 1.0
# s3d_label 0
f 595/595/595 596/596/596 597/597/597
# material_color 0.211765 0.219608 0.239216 1.0
# s3d_label 0
f 598/598/598 599/599/599 600/600/600
# material_color 0.211765 0.219608 0.239216 1.0
# s3d_label 0
f 601/601/601 602/602/602 603/603/603
# material_color 0.211765 0.219608 0.239216 1.0
# s3d_label 0
f 604/604/604 605/605/605 606/606/606
# material_color 0.211765 0.219608 0.239216 1.0
# s3d_label 0
f 607/607/607 608/608/608 609/609/609
# material_color 0.211765 0.219608 0.239216 1.0
# s3d_label 0
f 610/610/610 611/611/611 612/612/612
# material_color 0.211765 0.219608 0.239216 1.0
# s3d_label 0
f 613/613/613 614/614/614 615/615/615
# material_color 0.211765 0.219608 0.239216 1.0
# s3d_label 0
f 616/616/616 617/617/617 618/618/618
# material_color 0.211765 0.219608 0.239216 1.0
# s3d_label 0
f 619/619/619 620/620/620 621/621/621
# material_color 0.211765 0.219608 0.239216 1.0
# s3d_label 0
f 622/622/622 623/623/623 624/624/624
# material_color 0.211765 0.219608 0.239216 1.0
# s3d_label 0
f 625/625/625 626/626/626 627/627/627
# material_color 0.211765 0.219608 0.239216 1.0
# s3d_label 0
f 628/628/628 629/629/629 630/630/630
# material_color 0.211765 0.219608 0.239216 1.0
# s3d_label 0
f 631/631/631 632/632/632 633/633/633
# material_color 0.211765 0.219608 0.239216 1.0
# s3d_label 0
f 634/634/634 635/635/635 636/636/636
# material_color 0.211765 0.219608 0.239216 1.0
# s3d_label 0
f 637/637/637 638/638/638 639/639/639
# material_color 0.211765 0.219608 0.239216 1.0
# s3d_label 0
f 640/640/640 641/641/641 642/642/642
# material_color 0.211765 0.219608 0.239216 1.0
# s3d_label 0
f 643/643/643 644/644/644 645/645/645
# material_color 0.211765 0.219608 0.239216 1.0
# s3d_label 0
f 646/646/646 647/647/647 648/648/648
# material_color 0.211765 0.219608 0.239216 1.0
# s3d_label 0
f 649/649/649 650/650/650 651/651/651
# material_color 0.211765 0.219608 0.239216 1.0
# s3d_label 0
f 652/652/652 653/653/653 654/654/654
# material_color 0.211765 0.219608 0.239216 1.0
# s3d_label 0
f 655/655/655 656/656/656 657/657/657
# material_color 0.211765 0.219608 0.239216 1.0
# s3d_label 0
f 658/658/658 659/659/659 660/660/660
# material_color 0.211765 0.219608 0.239216 1.0
# s3d_label 0
f 661/661/661 662/662/662 663/663/663
# material_color 0.211765 0.219608 0.239216 1.0
# s3d_label 0
f 664/664/664 665/665/665 666/666/666
# material_color 0.211765 0.219608 0.239216 1.0
# s3d_label 0
f 667/667/667 668/668/668 669/669/669
# material_color 0.211765 0.219608 0.239216 1.0
# s3d_label 0
f 670/670/670 671/671/671 672/672/672
# material_color 0.211765 0.219608 0.239216 1.0
# s3d_label 0
f 673/673/673 674/674/674 675/675/675
# material_color 0.211765 0.219608 0.239216 1.0
# s3d_label 0
f 676/676/676 677/677/677 678/678/678
# material_color 0.211765 0.219608 0.239216 1.0
# s3d_label 0
f 679/679/679 680/680/680 681/681/681
# material_color 0.211765 0.219608 0.239216 1.0
# s3d_label 0
f 682/682/682 683/683/683 684/684/684
# material_color 0.211765 0.219608 0.239216 1.0
# s3d_label 0
f 685/685/685 686/686/686 687/687/687
# material_color 0.211765 0.219608 0.239216 1.0
# s3d_label 0
f 688/688/688 689/689/689 690/690/690
# material_color 0.211765 0.219608 0.239216 1.0
# s3d_label 0
f 691/691/691 692/692/692 693/693/693
# material_color 0.211765 0.219608 0.239216 1.0
# s3d_label 0
f 694/694/694 695/695/695 696/696/696
# material_color 0.211765 0.219608 0.239216 1.0
# s3d_label 0
f 697/697/697 698/698/698 699/699/699
# material_color 0.211765 0.219608 0.239216 1.0
# s3d_label 0
f 700/700/700 701/701/701 702/702/702
# material_color 0.211765 0.219608 0.239216 1.0
# s3d_label 0
f 703/703/703 704/704/704 705/705/705
# material_color 0.211765 0.219608 0.239216 1.0
# s3d_label 0
f 706/706/706 707/707/707 708/708/708
# material_color 0.211765 0.219608 0.239216 1.0
# s3d_label 0
f 709/709/709 710/710/710 711/711/711
# material_color 0.211765 0.219608 0.239216 1.0
# s3d_label 0
f 712/712/712 713/713/713 714/714/714
# material_color 0.211765 0.219608 0.239216 1.0
# s3d_label 0
f 715/715/715 716/716/716 717/717/717
# material_color 0.211765 0.219608 0.239216 1.0
# s3d_label 0
f 718/718/718 719/719/719 720/720/720
# material_color 0.211765 0.219608 0.239216 1.0
# s3d_label 0
f 721/721/721 722/722/722 723/723/723
# material_color 0.211765 0.219608 0.239216 1.0
# s3d_label 0
f 724/724/724 725/725/725 726/726/726
# material_color 0.211765 0.219608 0.239216 1.0
# s3d_label 0
f 727/727/727 728/728/728 729/729/729
# material_color 0.211765 0.219608 0.239216 1.0
# s3d_label 0
f 730/730/730 731/731/731 732/732/732
# material_color 0.211765 0.219608 0.239216 1.0
# s3d_label 0
f 733/733/733 734/734/734 735/735/735
# material_color 0.211765 0.219608 0.239216 1.0
# s3d_label 0
f 736/736/736 737/737/737 738/738/738
# material_color 0.211765 0.219608 0.239216 1.0
# s3d_label 0
f 739/739/739 740/740/740 741/741/741
# material_color 0.211765 0.219608 0.239216 1.0
# s3d_label 0
f 742/742/742 743/743/743 744/744/744
# material_color 0.211765 0.219608 0.239216 1.0
# s3d_label 0
f 745/745/745 746/746/746 747/747/747
# material_color 0.211765 0.219608 0.239216 1.0
# s3d_label 0
f 748/748/748 749/749/749 750/750/750
# material_color 0.211765 0.219608 0.239216 1.0
# s3d_label 0
f 751/751/751 752/752/752 753/753/753
# material_color 0.211765 0.219608 0.239216 1.0
# s3d_label 0
f 754/754/754 755/755/755 756/756/756
# material_color 0.211765 0.219608 0.239216 1.0
# s3d_label 0
f 757/757/757 758/758/758 759/759/759
# material_color 0.211765 0.219608 0.239216 1.0
# s3d_label 0
f 760/760/760 761/761/761 762/762/762
# material_color 0.211765 0.219608 0.239216 1.0
# s3d_label 0
f 763/763/763 764/764/764 765/765/765
# material_color 0.211765 0.219608 0.239216 1.0
# s3d_label 0
f 766/766/766 767/767/767 768/768/768
# material_color 0.211765 0.219608 0.239216 1.0
# s3d_label 0
f 769/769/769 770/770/770 771/771/771
# material_color 0.211765 0.219608 0.239216 1.0
# s3d_label 0
f 772/772/772 773/773/773 774/774/774
# material_color 0.211765 0.219608 0.239216 1.0
# s3d_label 0
f 775/775/775 776/776/776 777/777/777
# material_color 0.211765 0.219608 0.239216 1.0
# s3d_label 0
f 778/778/778 779/779/779 780/780/780
# material_color 0.211765 0.219608 0.239216 1.0
# s3d_label 0
f 781/781/781 782/782/782 783/783/783
# material_color 0.211765 0.219608 0.239216 1.0
# s3d_label 0
f 784/784/784 785/785/785 786/786/786
# material_color 0.211765 0.219608 0.239216 1.0
# s3d_label 0
f 787/787/787 788/788/788 789/789/789
# material_color 0.211765 0.219608 0.239216 1.0
# s3d_label 0
f 790/790/790 791/791/791 792/792/792
# material_color 0.211765 0.219608 0.239216 1.0
# s3d_label 0
f 793/793/793 794/794/794 795/795/795
# material_color 0.211765 0.219608 0.239216 1.0
# s3d_label 0
f 796/796/796 797/797/797 798/798/798
# material_color 0.211765 0.219608 0.239216 1.0
# s3d_label 0
f 799/799/799 800/800/800 801/801/801
# material_color 0.211765 0.219608 0.239216 1.0
# s3d_label 0
f 802/802/802 803/803/803 804/804/804
# material_color 0.211765 0.219608 0.239216 1.0
# s3d_label 0
f 805/805/805 806/806/806 807/807/807
# material_color 0.211765 0.219608 0.239216 1.0
# s3d_label 0
f 808/808/808 809/809/809 810/810/810
# material_color 0.211765 0.219608 0.239216 1.0
# s3d_label 0
f 811/811/811 812/812/812 813/813/813
# material_color 0.211765 0.219608 0.239216 1.0
# s3d_label 0
f 814/814/814 815/815/815 816/816/816
# material_color 0.211765 0.219608 0.239216 1.0
# s3d_label 0
f 817/817/817 818/818/818 819/819/819
# material_color 0.211765 0.219608 0.239216 1.0
# s3d_label 0
f 820/820/820 821/821/821 822/822/822
# material_color 0.211765 0.219608 0.239216 1.0
# s3d_label 0
f 823/823/823 824/824/824 825/825/825
# material_color 0.211765 0.219608 0.239216 1.0
# s3d_label 0
f 826/826/826 827/827/827 828/828/828
# material_color 0.211765 0.219608 0.239216 1.0
# s3d_label 0
f 829/829/829 830/830/830 831/831/831
# material_color 0.211765 0.219608 0.239216 1.0
# s3d_label 0
f 832/832/832 833/833/833 834/834/834
# material_color 0.211765 0.219608 0.239216 1.0
# s3d_label 0
f 835/835/835 836/836/836 837/837/837
# material_color 0.211765 0.219608 0.239216 1.0
# s3d_label 0
f 838/838/838 839/839/839 840/840/840
# material_color 0.211765 0.219608 0.239216 1.0
# s3d_label 0
f 841/841/841 842/842/842 843/843/843
# material_color 0.211765 0.219608 0.239216 1.0
# s3d_label 0
f 844/844/844 845/845/845 846/846/846
# material_color 0.211765 0.219608 0.239216 1.0
# s3d_label 0
f 847/847/847 848/848/848 849/849/849
# material_color 0.211765 0.219608 0.239216 1.0
# s3d_label 0
f 850/850/850 851/851/851 852/852/852
# material_color 0.211765 0.219608 0.239216 1.0
# s3d_label 0
f 853/853/853 854/854/854 855/855/855
# material_color 0.211765 0.219608 0.239216 1.0
# s3d_label 0
f 856/856/856 857/857/857 858/858/858
# material_color 0.211765 0.219608 0.239216 1.0
# s3d_label 0
f 859/859/859 860/860/860 861/861/861
# material_color 0.211765 0.219608 0.239216 1.0
# s3d_label 0
f 862/862/862 863/863/863 864/864/864
# material_color 0.211765 0.219608 0.239216 1.0
# s3d_label 0
f 865/865/865 866/866/866 867/867/867
# material_color 0.211765 0.219608 0.239216 1.0
# s3d_label 0
f 868/868/868 869/869/869 870/870/870
# material_color 0.211765 0.219608 0.239216 1.0
# s3d_label 0
f 871/871/871 872/872/872 873/873/873
# material_color 0.211765 0.219608 0.239216 1.0
# s3d_label 0
f 874/874/874 875/875/875 876/876/876
# material_color 0.211765 0.219608 0.239216 1.0
# s3d_label 0
f 877/877/877 878/878/878 879/879/879
# material_color 0.211765 0.219608 0.239216 1.0
# s3d_label 0
f 880/880/880 881/881/881 882/882/882
# material_color 0.211765 0.219608 0.239216 1.0
# s3d_label 0
f 883/883/883 884/884/884 885/885/885
# material_color 0.211765 0.219608 0.239216 1.0
# s3d_label 0
f 886/886/886 887/887/887 888/888/888
# material_color 0.211765 0.219608 0.239216 1.0
# s3d_label 0
f 889/889/889 890/890/890 891/891/891
# material_color 0.211765 0.219608 0.239216 1.0
# s3d_label 0
f 892/892/892 893/893/893 894/894/894
# material_color 0.211765 0.219608 0.239216 1.0
# s3d_label 0
f 895/895/895 896/896/896 897/897/897
# material_color 0.211765 0.219608 0.239216 1.0
# s3d_label 0
f 898/898/898 899/899/899 900/900/900
# material_color 0.211765 0.219608 0.239216 1.0
# s3d_label 0
f 901/901/901 902/902/902 903/903/903
# material_color 0.211765 0.219608 0.239216 1.0
# s3d_label 0
f 904/904/904 905/905/905 906/906/906
# material_color 0.211765 0.219608 0.239216 1.0
# s3d_label 0
f 907/907/907 908/908/908 909/909/909
# material_color 0.211765 0.219608 0.239216 1.0
# s3d_label 0
f 910/910/910 911/911/911 912/912/912
# material_color 0.211765 0.219608 0.239216 1.0
# s3d_label 0
f 913/913/913 914/914/914 915/915/915
# material_color 0.211765 0.219608 0.239216 1.0
# s3d_label 0
f 916/916/916 917/917/917 918/918/918
# material_color 0.211765 0.219608 0.239216 1.0
# s3d_label 0
f 919/919/919 920/920/920 921/921/921
# material_color 0.211765 0.219608 0.239216 1.0
# s3d_label 0
f 922/922/922 923/923/923 924/924/924
# material_color 0.211765 0.219608 0.239216 1.0
# s3d_label 0
f 925/925/925 926/926/926 927/927/927
# material_color 0.211765 0.219608 0.239216 1.0
# s3d_label 0
f 928/928/928 929/929/929 930/930/930
# material_color 0.211765 0.219608 0.239216 1.0
# s3d_label 0
f 931/931/931 932/932/932 933/933/933
# material_color 0.211765 0.219608 0.239216 1.0
# s3d_label 0
f 934/934/934 935/935/935 936/936/936
# material_color 0.211765 0.219608 0.239216 1.0
# s3d_label 0
f 937/937/937 938/938/938 939/939/939
# material_color 0.211765 0.219608 0.239216 1.0
# s3d_label 0
f 940/940/940 941/941/941 942/942/942
# material_color 0.211765 0.219608 0.239216 1.0
# s3d_label 0
f 943/943/943 944/944/944 945/945/945
# material_color 0.211765 0.219608 0.239216 1.0
# s3d_label 0
f 946/946/946 947/947/947 948/948/948
# material_color 0.211765 0.219608 0.239216 1.0
# s3d_label 0
f 949/949/949 950/950/950 951/951/951
# material_color 0.211765 0.219608 0.239216 1.0
# s3d_label 0
f 952/952/952 953/953/953 954/954/954
# material_color 0.211765 0.219608 0.239216 1.0
# s3d_label 0
f 955/955/955 956/956/956 957/957/957
# material_color 0.211765 0.219608 0.239216 1.0
# s3d_label 0
f 958/958/958 959/959/959 960/960/960
# material_color 0.211765 0.219608 0.239216 1.0
# s3d_label 0
f 961/961/961 962/962/962 963/963/963
# material_color 0.211765 0.219608 0.239216 1.0
# s3d_label 0
f 964/964/964 965/965/965 966/966/966
# material_color 0.211765 0.219608 0.239216 1.0
# s3d_label 0
f 967/967/967 968/968/968 969/969/969
# material_color 0.211765 0.219608 0.239216 1.0
# s3d_label 0
f 970/970/970 971/971/971 972/972/972
# material_color 0.211765 0.219608 0.239216 1.0
# s3d_label 0
f 973/973/973 974/974/974 975/975/975
# material_color 0.211765 0.219608 0.239216 1.0
# s3d_label 0
f 976/976/976 977/977/977 978/978/978
# material_color 0.211765 0.219608 0.239216 1.0
# s3d_label 0
f 979/979/979 980/980/980 981/981/981
# material_color 0.211765 0.219608 0.239216 1.0
# s3d_label 0
f 982/982/982 983/983/983 984/984/984
# material_color 0.211765 0.219608 0.239216 1.0
# s3d_label 0
f 985/985/985 986/986/986 987/987/987
# material_color 0.211765 0.219608 0.239216 1.0
# s3d_label 0
f 988/988/988 989/989/989 990/990/990
# material_color 0.211765 0.219608 0.239216 1.0
# s3d_label 0
f 991/991/991 992/992/992 993/993/993
# material_color 0.211765 0.219608 0.239216 1.0
# s3d_label 0
f 994/994/994 995/995/995 996/996/996
# material_color 0.211765 0.219608 0.239216 1.0
# s3d_label 0
f 997/997/997 998/998/998 999/999/999
# material_color 0.211765 0.219608 0.239216 1.0
# s3d_label 0
f 1000/1000/1000 1001/1001/1001 1002/1002/1002
# material_color 0.211765 0.219608 0.239216 1.0
# s3d_label 0
f 1003/1003/1003 1004/1004/1004 1005/1005/1005
# material_color 0.211765 0.219608 0.239216 1.0
# s3d_label 0
f 1006/1006/1006 1007/1007/1007 1008/1008/1008
# material_color 0.211765 0.219608 0.239216 1.0
# s3d_label 0
f 1009/1009/1009 1010/1010/1010 1011/1011/1011
# material_color 0.211765 0.219608 0.239216 1.0
# s3d_label 0
f 1012/1012/1012 1013/1013/1013 1014/1014/1014
# material_color 0.211765 0.219608 0.239216 1.0
# s3d_label 0
f 1015/1015/1015 1016/1016/1016 1017/1017/1017
# material_color 0.211765 0.219608 0.239216 1.0
# s3d_label 0
f 1018/1018/1018 1019/1019/1019 1020/1020/1020
# material_color 0.211765 0.219608 0.239216 1.0
# s3d_label 0
f 1021/1021/1021 1022/1022/1022 1023/1023/1023
# material_color 0.211765 0.219608 0.239216 1.0
# s3d_label 0
f 1024/1024/1024 1025/1025/1025 1026/1026/1026
# material_color 0.211765 0.219608 0.239216 1.0
# s3d_label 0
f 1027/1027/1027 1028/1028/1028 1029/1029/1029
# material_color 0.211765 0.219608 0.239216 1.0
# s3d_label 0
f 1030/1030/1030 1031/1031/1031 1032/1032/1032
# material_color 0.211765 0.219608 0.239216 1.0
# s3d_label 0
f 1033/1033/1033 1034/1034/1034 1035/1035/1035
# material_color 0.211765 0.219608 0.239216 1.0
# s3d_label 0
f 1036/1036/1036 1037/1037/1037 1038/1038/1038
# material_color 0.211765 0.219608 0.239216 1.0
# s3d_label 0
f 1039/1039/1039 1040/1040/1040 1041/1041/1041
# material_color 0.211765 0.219608 0.239216 1.0
# s3d_label 0
f 1042/1042/1042 1043/1043/1043 1044/1044/1044
# material_color 0.211765 0.219608 0.239216 1.0
# s3d_label 0
f 1045/1045/1045 1046/1046/1046 1047/1047/1047
# material_color 0.211765 0.219608 0.239216 1.0
# s3d_label 0
f 1048/1048/1048 1049/1049/1049 1050/1050/1050
# material_color 0.211765 0.219608 0.239216 1.0
# s3d_label 0
f 1051/1051/1051 1052/1052/1052 1053/1053/1053
# material_color 0.211765 0.219608 0.239216 1.0
# s3d_label 0
f 1054/1054/1054 1055/1055/1055 1056/1056/1056
# material_color 0.211765 0.219608 0.239216 1.0
# s3d_label 0
f 1057/1057/1057 1058/1058/1058 1059/1059/1059
# material_color 0.211765 0.219608 0.239216 1.0
# s3d_label 0
f 1060/1060/1060 1061/1061/1061 1062/1062/1062
# material_color 0.211765 0.219608 0.239216 1.0
# s3d_label 0
f 1063/1063/1063 1064/1064/1064 1065/1065/1065
# material_color 0.211765 0.219608 0.239216 1.0
# s3d_label 0
f 1066/1066/1066 1067/1067/1067 1068/1068/1068
# material_color 0.211765 0.219608 0.239216 1.0
# s3d_label 0
f 1069/1069/1069 1070/1070/1070 1071/1071/1071
# material_color 0.211765 0.219608 0.239216 1.0
# s3d_label 0
f 1072/1072/1072 1073/1073/1073 1074/1074/1074
# material_color 0.211765 0.219608 0.239216 1.0
# s3d_label 0
f 1075/1075/1075 1076/1076/1076 1077/1077/1077
# material_color 0.211765 0.219608 0.239216 1.0
# s3d_label 0
f 1078/1078/1078 1079/1079/1079 1080/1080/1080
# material_color 0.211765 0.219608 0.239216 1.0
# s3d_label 0
f 1081/1081/1081 1082/1082/1082 1083/1083/1083
# material_color 0.211765 0.219608 0.239216 1.0
# s3d_label 0
f 1084/1084/1084 1085/1085/1085 1086/1086/1086
# material_color 0.211765 0.219608 0.239216 1.0
# s3d_label 0
f 1087/1087/1087 1088/1088/1088 1089/1089/1089
# material_color 0.211765 0.219608 0.239216 1.0
# s3d_label 0
f 1090/1090/1090 1091/1091/1091 1092/1092/1092
# material_color 0.211765 0.219608 0.239216 1.0
# s3d_label 0
f 1093/1093/1093 1094/1094/1094 1095/1095/1095
# material_color 0.211765 0.219608 0.239216 1.0
# s3d_label 0
f 1096/1096/1096 1097/1097/1097 1098/1098/1098
# material_color 0.211765 0.219608 0.239216 1.0
# s3d_label 0
f 1099/1099/1099 1100/1100/1100 1101/1101/1101
# material_color 0.211765 0.219608 0.239216 1.0
# s3d_label 0
f 1102/1102/1102 1103/1103/1103 1104/1104/1104
# material_color 0.211765 0.219608 0.239216 1.0
# s3d_label 0
f 1105/1105/1105 1106/1106/1106 1107/1107/1107
# material_color 0.211765 0.219608 0.239216 1.0
# s3d_label 0
f 1108/1108/1108 1109/1109/1109 1110/1110/1110
# material_color 0.211765 0.219608 0.239216 1.0
# s3d_label 0
f 1111/1111/1111 1112/1112/1112 1113/1113/1113
# material_color 0.211765 0.219608 0.239216 1.0
# s3d_label 0
f 1114/1114/1114 1115/1115/1115 1116/1116/1116
# material_color 0.211765 0.219608 0.239216 1.0
# s3d_label 0
f 1117/1117/1117 1118/1118/1118 1119/1119/1119
# material_color 0.211765 0.219608 0.239216 1.0
# s3d_label 0
f 1120/1120/1120 1121/1121/1121 1122/1122/1122
# material_color 0.211765 0.219608 0.239216 1.0
# s3d_label 0
f 1123/1123/1123 1124/1124/1124 1125/1125/1125
# material_color 0.211765 0.219608 0.239216 1.0
# s3d_label 0
f 1126/1126/1126 1127/1127/1127 1128/1128/1128
# material_color 0.211765 0.219608 0.239216 1.0
# s3d_label 0
f 1129/1129/1129 1130/1130/1130 1131/1131/1131
# material_color 0.211765 0.219608 0.239216 1.0
# s3d_label 0
f 1132/1132/1132 1133/1133/1133 1134/1134/1134
# material_color 0.211765 0.219608 0.239216 1.0
# s3d_label 0
f 1135/1135/1135 1136/1136/1136 1137/1137/1137
# material_color 0.211765 0.219608 0.239216 1.0
# s3d_label 0
f 1138/1138/1138 1139/1139/1139 1140/1140/1140
# material_color 0.211765 0.219608 0.239216 1.0
# s3d_label 0
f 1141/1141/1141 1142/1142/1142 1143/1143/1143
# material_color 0.211765 0.219608 0.239216 1.0
# s3d_label 0
f 1144/1144/1144 1145/1145/1145 1146/1146/1146
# material_color 0.211765 0.219608 0.239216 1.0
# s3d_label 0
f 1147/1147/1147 1148/1148/1148 1149/1149/1149
# material_color 0.211765 0.219608 0.239216 1.0
# s3d_label 0
f 1150/1150/1150 1151/1151/1151 1152/1152/1152
# material_color 0.211765 0.219608 0.239216 1.0
# s3d_label 0
f 1153/1153/1153 1154/1154/1154 1155/1155/1155
# material_color 0.211765 0.219608 0.239216 1.0
# s3d_label 0
f 1156/1156/1156 1157/1157/1157 1158/1158/1158
# material_color 0.211765 0.219608 0.239216 1.0
# s3d_label 0
f 1159/1159/1159 1160/1160/1160 1161/1161/1161
# material_color 0.211765 0.219608 0.239216 1.0
# s3d_label 0
f 1162/1162/1162 1163/1163/1163 1164/1164/1164
# material_color 0.211765 0.219608 0.239216 1.0
# s3d_label 0
f 1165/1165/1165 1166/1166/1166 1167/1167/1167
# material_color 0.211765 0.219608 0.239216 1.0
# s3d_label 0
f 1168/1168/1168 1169/1169/1169 1170/1170/1170
# material_color 0.211765 0.219608 0.239216 1.0
# s3d_label 0
f 1171/1171/1171 1172/1172/1172 1173/1173/1173
# material_color 0.211765 0.219608 0.239216 1.0
# s3d_label 0
f 1174/1174/1174 1175/1175/1175 1176/1176/1176
# material_color 0.211765 0.219608 0.239216 1.0
# s3d_label 0
f 1177/1177/1177 1178/1178/1178 1179/1179/1179
# material_color 0.211765 0.219608 0.239216 1.0
# s3d_label 0
f 1180/1180/1180 1181/1181/1181 1182/1182/1182
# material_color 0.211765 0.219608 0.239216 1.0
# s3d_label 0
f 1183/1183/1183 1184/1184/1184 1185/1185/1185
# material_color 0.211765 0.219608 0.239216 1.0
# s3d_label 0
f 1186/1186/1186 1187/1187/1187 1188/1188/1188
# material_color 0.211765 0.219608 0.239216 1.0
# s3d_label 0
f 1189/1189/1189 1190/1190/1190 1191/1191/1191
# material_color 0.211765 0.219608 0.239216 1.0
# s3d_label 0
f 1192/1192/1192 1193/1193/1193 1194/1194/1194
# material_color 0.211765 0.219608 0.239216 1.0
# s3d_label 0
f 1195/1195/1195 1196/1196/1196 1197/1197/1197
# material_color 0.211765 0.219608 0.239216 1.0
# s3d_label 0
f 1198/1198/1198 1199/1199/1199 1200/1200/1200
# material_color 0.211765 0.219608 0.239216 1.0
# s3d_label 0
f 1201/1201/1201 1202/1202/1202 1203/1203/1203
# material_color 0.211765 0.219608 0.239216 1.0
# s3d_label 0
f 1204/1204/1204 1205/1205/1205 1206/1206/1206
# material_color 0.211765 0.219608 0.239216 1.0
# s3d_label 0
f 1207/1207/1207 1208/1208/1208 1209/1209/1209
# material_color 0.211765 0.219608 0.239216 1.0
# s3d_label 0
f 1210/1210/1210 1211/1211/1211 1212/1212/1212
# material_color 0.211765 0.219608 0.239216 1.0
# s3d_label 0
f 1213/1213/1213 1214/1214/1214 1215/1215/1215
# material_color 0.211765 0.219608 0.239216 1.0
# s3d_label 0
f 1216/1216/1216 1217/1217/1217 1218/1218/1218
# material_color 0.211765 0.219608 0.239216 1.0
# s3d_label 0
f 1219/1219/1219 1220/1220/1220 1221/1221/1221
# material_color 0.211765 0.219608 0.239216 1.0
# s3d_label 0
f 1222/1222/1222 1223/1223/1223 1224/1224/1224
# material_color 0.211765 0.219608 0.239216 1.0
# s3d_label 0
f 1225/1225/1225 1226/1226/1226 1227/1227/1227
# material_color 0.211765 0.219608 0.239216 1.0
# s3d_label 0
f 1228/1228/1228 1229/1229/1229 1230/1230/1230
# material_color 0.211765 0.219608 0.239216 1.0
# s3d_label 0
f 1231/1231/1231 1232/1232/1232 1233/1233/1233
# material_color 0.211765 0.219608 0.239216 1.0
# s3d_label 0
f 1234/1234/1234 1235/1235/1235 1236/1236/1236
# material_color 0.211765 0.219608 0.239216 1.0
# s3d_label 0
f 1237/1237/1237 1238/1238/1238 1239/1239/1239
# material_color 0.211765 0.219608 0.239216 1.0
# s3d_label 0
f 1240/1240/1240 1241/1241/1241 1242/1242/1242
# material_color 0.211765 0.219608 0.239216 1.0
# s3d_label 0
f 1243/1243/1243 1244/1244/1244 1245/1245/1245
# material_color 0.211765 0.219608 0.239216 1.0
# s3d_label 0
f 1246/1246/1246 1247/1247/1247 1248/1248/1248
# material_color 0.211765 0.219608 0.239216 1.0
# s3d_label 0
f 1249/1249/1249 1250/1250/1250 1251/1251/1251
# material_color 0.211765 0.219608 0.239216 1.0
# s3d_label 0
f 1252/1252/1252 1253/1253/1253 1254/1254/1254
# material_color 0.211765 0.219608 0.239216 1.0
# s3d_label 0
f 1255/1255/1255 1256/1256/1256 1257/1257/1257
# material_color 0.211765 0.219608 0.239216 1.0
# s3d_label 0
f 1258/1258/1258 1259/1259/1259 1260/1260/1260
# material_color 0.211765 0.219608 0.239216 1.0
# s3d_label 0
f 1261/1261/1261 1262/1262/1262 1263/1263/1263
# material_color 0.211765 0.219608 0.239216 1.0
# s3d_label 0
f 1264/1264/1264 1265/1265/1265 1266/1266/1266
# material_color 0.211765 0.219608 0.239216 1.0
# s3d_label 0
f 1267/1267/1267 1268/1268/1268 1269/1269/1269
# material_color 0.211765 0.219608 0.239216 1.0
# s3d_label 0
f 1270/1270/1270 1271/1271/1271 1272/1272/1272
# material_color 0.211765 0.219608 0.239216 1.0
# s3d_label 0
f 1273/1273/1273 1274/1274/1274 1275/1275/1275
# material_color 0.211765 0.219608 0.239216 1.0
# s3d_label 0
f 1276/1276/1276 1277/1277/1277 1278/1278/1278
# material_color 0.211765 0.219608 0.239216 1.0
# s3d_label 0
f 1279/1279/1279 1280/1280/1280 1281/1281/1281
# material_color 0.211765 0.219608 0.239216 1.0
# s3d_label 0
f 1282/1282/1282 1283/1283/1283 1284/1284/1284
# material_color 0.211765 0.219608 0.239216 1.0
# s3d_label 0
f 1285/1285/1285 1286/1286/1286 1287/1287/1287
# material_color 0.211765 0.219608 0.239216 1.0
# s3d_label 0
f 1288/1288/1288 1289/1289/1289 1290/1290/1290
# material_color 0.211765 0.219608 0.239216 1.0
# s3d_label 0
f 1291/1291/1291 1292/1292/1292 1293/1293/1293
# material_color 0.211765 0.219608 0.239216 1.0
# s3d_label 0
f 1294/1294/1294 1295/1295/1295 1296/1296/1296
# material_color 0.211765 0.219608 0.239216 1.0
# s3d_label 0
f 1297/1297/1297 1298/1298/1298 1299/1299/1299
# material_color 0.211765 0.219608 0.239216 1.0
# s3d_label 0
f 1300/1300/1300 1301/1301/1301 1302/1302/1302
# material_color 0.211765 0.219608 0.239216 1.0
# s3d_label 0
f 1303/1303/1303 1304/1304/1304 1305/1305/1305
# material_color 0.211765 0.219608 0.239216 1.0
# s3d_label 0
f 1306/1306/1306 1307/1307/1307 1308/1308/1308
# material_color 0.211765 0.219608 0.239216 1.0
# s3d_label 0
f 1309/1309/1309 1310/1310/1310 1311/1311/1311
# material_color 0.211765 0.219608 0.239216 1.0
# s3d_label 0
f 1312/1312/1312 1313/1313/1313 1314/1314/1314
# material_color 0.211765 0.219608 0.239216 1.0
# s3d_label 0
f 1315/1315/1315 1316/1316/1316 1317/1317/1317
# material_color 0.211765 0.219608 0.239216 1.0
# s3d_label 0
f 1318/1318/1318 1319/1319/1319 1320/1320/1320
# material_color 0.211765 0.219608 0.239216 1.0
# s3d_label 0
f 1321/1321/1321 1322/1322/1322 1323/1323/1323
# material_color 0.211765 0.219608 0.239216 1.0
# s3d_label 0
f 1324/1324/1324 1325/1325/1325 1326/1326/1326
# material_color 0.211765 0.219608 0.239216 1.0
# s3d_label 0
f 1327/1327/1327 1328/1328/1328 1329/1329/1329
# material_color 0.211765 0.219608 0.239216 1.0
# s3d_label 0
f 1330/1330/1330 1331/1331/1331 1332/1332/1332
# material_color 0.211765 0.219608 0.239216 1.0
# s3d_label 0
f 1333/1333/1333 1334/1334/1334 1335/1335/1335
# material_color 0.211765 0.219608 0.239216 1.0
# s3d_label 0
f 1336/1336/1336 1337/1337/1337 1338/1338/1338
# material_color 0.211765 0.219608 0.239216 1.0
# s3d_label 0
f 1339/1339/1339 1340/1340/1340 1341/1341/1341
# material_color 0.211765 0.219608 0.239216 1.0
# s3d_label 0
f 1342/1342/1342 1343/1343/1343 1344/1344/1344
# material_color 0.211765 0.219608 0.239216 1.0
# s3d_label 0
f 1345/1345/1345 1346/1346/1346 1347/1347/1347
# material_color 0.211765 0.219608 0.239216 1.0
# s3d_label 0
f 1348/1348/1348 1349/1349/1349 1350/1350/1350
# material_color 0.211765 0.219608 0.239216 1.0
# s3d_label 0
f 1351/1351/1351 1352/1352/1352 1353/1353/1353
# material_color 0.211765 0.219608 0.239216 1.0
# s3d_label 0
f 1354/1354/1354 1355/1355/1355 1356/1356/1356
# material_color 0.211765 0.219608 0.239216 1.0
# s3d_label 0
f 1357/1357/1357 1358/1358/1358 1359/1359/1359
# material_color 0.211765 0.219608 0.239216 1.0
# s3d_label 0
f 1360/1360/1360 1361/1361/1361 1362/1362/1362
# material_color 0.211765 0.219608 0.239216 1.0
# s3d_label 0
f 1363/1363/1363 1364/1364/1364 1365/1365/1365
# material_color 0.211765 0.219608 0.239216 1.0
# s3d_label 0
f 1366/1366/1366 1367/1367/1367 1368/1368/1368
# material_color 0.211765 0.219608 0.239216 1.0
# s3d_label 0
f 1369/1369/1369 1370/1370/1370 1371/1371/1371
# material_color 0.211765 0.219608 0.239216 1.0
# s3d_label 0
f 1372/1372/1372 1373/1373/1373 1374/1374/1374
# material_color 0.211765 0.219608 0.239216 1.0
# s3d_label 0
f 1375/1375/1375 1376/1376/1376 1377/1377/1377
# material_color 0.211765 0.219608 0.239216 1.0
# s3d_label 0
f 1378/1378/1378 1379/1379/1379 1380/1380/1380
# material_color 0.211765 0.219608 0.239216 1.0
# s3d_label 0
f 1381/1381/1381 1382/1382/1382 1383/1383/1383
# material_color 0.211765 0.219608 0.239216 1.0
# s3d_label 0
f 1384/1384/1384 1385/1385/1385 1386/1386/1386
# material_color 0.211765 0.219608 0.239216 1.0
# s3d_label 0
f 1387/1387/1387 1388/1388/1388 1389/1389/1389
# material_color 0.211765 0.219608 0.239216 1.0
# s3d_label 0
f 1390/1390/1390 1391/1391/1391 1392/1392/1392
# material_color 0.211765 0.219608 0.239216 1.0
# s3d_label 0
f 1393/1393/1393 1394/1394/1394 1395/1395/1395
# material_color 0.211765 0.219608 0.239216 1.0
# s3d_label 0
f 1396/1396/1396 1397/1397/1397 1398/1398/1398
# material_color 0.211765 0.219608 0.239216 1.0
# s3d_label 0
f 1399/1399/1399 1400/1400/1400 1401/1401/1401
# material_color 0.211765 0.219608 0.239216 1.0
# s3d_label 0
f 1402/1402/1402 1403/1403/1403 1404/1404/1404
# material_color 0.211765 0.219608 0.239216 1.0
# s3d_label 0
f 1405/1405/1405 1406/1406/1406 1407/1407/1407
# material_color 0.211765 0.219608 0.239216 1.0
# s3d_label 0
f 1408/1408/1408 1409/1409/1409 1410/1410/1410
# material_color 0.211765 0.219608 0.239216 1.0
# s3d_label 0
f 1411/1411/1411 1412/1412/1412 1413/1413/1413
# material_color 0.211765 0.219608 0.239216 1.0
# s3d_label 0
f 1414/1414/1414 1415/1415/1415 1416/1416/1416
# material_color 0.211765 0.219608 0.239216 1.0
# s3d_label 0
f 1417/1417/1417 1418/1418/1418 1419/1419/1419
# material_color 0.211765 0.219608 0.239216 1.0
# s3d_label 0
f 1420/1420/1420 1421/1421/1421 1422/1422/1422
# material_color 0.211765 0.219608 0.239216 1.0
# s3d_label 0
f 1423/1423/1423 1424/1424/1424 1425/1425/1425
# material_color 0.211765 0.219608 0.239216 1.0
# s3d_label 0
f 1426/1426/1426 1427/1427/1427 1428/1428/1428
# material_color 0.211765 0.219608 0.239216 1.0
# s3d_label 0
f 1429/1429/1429 1430/1430/1430 1431/1431/1431
# material_color 0.211765 0.219608 0.239216 1.0
# s3d_label 0
f 1432/1432/1432 1433/1433/1433 1434/1434/1434
# material_color 0.211765 0.219608 0.239216 1.0
# s3d_label 0
f 1435/1435/1435 1436/1436/1436 1437/1437/1437
# material_color 0.211765 0.219608 0.239216 1.0
# s3d_label 0
f 1438/1438/1438 1439/1439/1439 1440/1440/1440
# material_color 0.211765 0.219608 0.239216 1.0
# s3d_label 0
f 1441/1441/1441 1442/1442/1442 1443/1443/1443
# material_color 0.211765 0.219608 0.239216 1.0
# s3d_label 0
f 1444/1444/1444 1445/1445/1445 1446/1446/1446
# material_color 0.211765 0.219608 0.239216 1.0
# s3d_label 0
f 1447/1447/1447 1448/1448/1448 1449/1449/1449
# material_color 0.211765 0.219608 0.239216 1.0
# s3d_label 0
f 1450/1450/1450 1451/1451/1451 1452/1452/1452
# material_color 0.211765 0.219608 0.239216 1.0
# s3d_label 0
f 1453/1453/1453 1454/1454/1454 1455/1455/1455
# material_color 0.211765 0.219608 0.239216 1.0
# s3d_label 0
f 1456/1456/1456 1457/1457/1457 1458/1458/1458
# material_color 0.211765 0.219608 0.239216 1.0
# s3d_label 0
f 1459/1459/1459 1460/1460/1460 1461/1461/1461
# material_color 0.211765 0.219608 0.239216 1.0
# s3d_label 0
f 1462/1462/1462 1463/1463/1463 1464/1464/1464
# material_color 0.211765 0.219608 0.239216 1.0
# s3d_label 0
f 1465/1465/1465 1466/1466/1466 1467/1467/1467
# material_color 0.211765 0.219608 0.239216 1.0
# s3d_label 0
f 1468/1468/1468 1469/1469/1469 1470/1470/1470
# material_color 0.211765 0.219608 0.239216 1.0
# s3d_label 0
f 1471/1471/1471 1472/1472/1472 1473/1473/1473
# material_color 0.211765 0.219608 0.239216 1.0
# s3d_label 0
f 1474/1474/1474 1475/1475/1475 1476/1476/1476
# material_color 0.211765 0.219608 0.239216 1.0
# s3d_label 0
f 1477/1477/1477 1478/1478/1478 1479/1479/1479
# material_color 0.211765 0.219608 0.239216 1.0
# s3d_label 0
f 1480/1480/1480 1481/1481/1481 1482/1482/1482
# material_color 0.211765 0.219608 0.239216 1.0
# s3d_label 0
f 1483/1483/1483 1484/1484/1484 1485/1485/1485
# material_color 0.211765 0.219608 0.239216 1.0
# s3d_label 0
f 1486/1486/1486 1487/1487/1487 1488/1488/1488
# material_color 0.211765 0.219608 0.239216 1.0
# s3d_label 0
f 1489/1489/1489 1490/1490/1490 1491/1491/1491
# material_color 0.211765 0.219608 0.239216 1.0
# s3d_label 0
f 1492/1492/1492 1493/1493/1493 1494/1494/1494
# material_color 0.211765 0.219608 0.239216 1.0
# s3d_label 0
f 1495/1495/1495 1496/1496/1496 1497/1497/1497
# material_color 0.211765 0.219608 0.239216 1.0
# s3d_label 0
f 1498/1498/1498 1499/1499/1499 1500/1500/1500
# material_color 0.211765 0.219608 0.239216 1.0
# s3d_label 0
f 1501/1501/1501 1502/1502/1502 1503/1503/1503
# material_color 0.211765 0.219608 0.239216 1.0
# s3d_label 0
f 1504/1504/1504 1505/1505/1505 1506/1506/1506
# material_color 0.211765 0.219608 0.239216 1.0
# s3d_label 0
f 1507/1507/1507 1508/1508/1508 1509/1509/1509
# material_color 0.211765 0.219608 0.239216 1.0
# s3d_label 0
f 1510/1510/1510 1511/1511/1511 1512/1512/1512
# material_color 0.211765 0.219608 0.239216 1.0
# s3d_label 0
f 1513/1513/1513 1514/1514/1514 1515/1515/1515
# material_color 0.211765 0.219608 0.239216 1.0
# s3d_label 0
f 1516/1516/1516 1517/1517/1517 1518/1518/1518
# material_color 0.211765 0.219608 0.239216 1.0
# s3d_label 0
f 1519/1519/1519 1520/1520/1520 1521/1521/1521
# material_color 0.211765 0.219608 0.239216 1.0
# s3d_label 0
f 1522/1522/1522 1523/1523/1523 1524/1524/1524
# material_color 0.211765 0.219608 0.239216 1.0
# s3d_label 0
f 1525/1525/1525 1526/1526/1526 1527/1527/1527
# material_color 0.211765 0.219608 0.239216 1.0
# s3d_label 0
f 1528/1528/1528 1529/1529/1529 1530/1530/1530
# material_color 0.211765 0.219608 0.239216 1.0
# s3d_label 0
f 1531/1531/1531 1532/1532/1532 1533/1533/1533
# material_color 0.211765 0.219608 0.239216 1.0
# s3d_label 0
f 1534/1534/1534 1535/1535/1535 1536/1536/1536
# material_color 0.211765 0.219608 0.239216 1.0
# s3d_label 0
f 1537/1537/1537 1538/1538/1538 1539/1539/1539
# material_color 0.211765 0.219608 0.239216 1.0
# s3d_label 0
f 1540/1540/1540 1541/1541/1541 1542/1542/1542
# material_color 0.211765 0.219608 0.239216 1.0
# s3d_label 0
f 1543/1543/1543 1544/1544/1544 1545/1545/1545
# material_color 0.211765 0.219608 0.239216 1.0
# s3d_label 0
f 1546/1546/1546 1547/1547/1547 1548/1548/1548
# material_color 0.211765 0.219608 0.239216 1.0
# s3d_label 0
f 1549/1549/1549 1550/1550/1550 1551/1551/1551
# material_color 0.211765 0.219608 0.239216 1.0
# s3d_label 0
f 1552/1552/1552 1553/1553/1553 1554/1554/1554
# material_color 0.211765 0.219608 0.239216 1.0
# s3d_label 0
f 1555/1555/1555 1556/1556/1556 1557/1557/1557
# material_color 0.211765 0.219608 0.239216 1.0
# s3d_label 0
f 1558/1558/1558 1559/1559/1559 1560/1560/1560
# material_color 0.211765 0.219608 0.239216 1.0
# s3d_label 0
f 1561/1561/1561 1562/1562/1562 1563/1563/1563
# material_color 0.211765 0.219608 0.239216 1.0
# s3d_label 0
f 1564/1564/1564 1565/1565/1565 1566/1566/1566
# material_color 0.211765 0.219608 0.239216 1.0
# s3d_label 0
f 1567/1567/1567 1568/1568/1568 1569/1569/1569
# material_color 0.211765 0.219608 0.239216 1.0
# s3d_label 0
f 1570/1570/1570 1571/1571/1571 1572/1572/1572
# material_color 0.211765 0.219608 0.239216 1.0
# s3d_label 0
f 1573/1573/1573 1574/1574/1574 1575/1575/1575
# material_color 0.211765 0.219608 0.239216 1.0
# s3d_label 0
f 1576/1576/1576 1577/1577/1577 1578/1578/1578
# material_color 0.211765 0.219608 0.239216 1.0
# s3d_label 0
f 1579/1579/1579 1580/1580/1580 1581/1581/1581
# material_color 0.211765 0.219608 0.239216 1.0
# s3d_label 0
f 1582/1582/1582 1583/1583/1583 1584/1584/1584
# material_color 0.211765 0.219608 0.239216 1.0
# s3d_label 0
f 1585/1585/1585 1586/1586/1586 1587/1587/1587
# material_color 0.211765 0.219608 0.239216 1.0
# s3d_label 0
f 1588/1588/1588 1589/1589/1589 1590/1590/1590
# material_color 0.211765 0.219608 0.239216 1.0
# s3d_label 0
f 1591/1591/1591 1592/1592/1592 1593/1593/1593
# material_color 0.211765 0.219608 0.239216 1.0
# s3d_label 0
f 1594/1594/1594 1595/1595/1595 1596/1596/1596
# material_color 0.211765 0.219608 0.239216 1.0
# s3d_label 0
f 1597/1597/1597 1598/1598/1598 1599/1599/1599
# material_color 0.211765 0.219608 0.239216 1.0
# s3d_label 0
f 1600/1600/1600 1601/1601/1601 1602/1602/1602
# material_color 0.211765 0.219608 0.239216 1.0
# s3d_label 0
f 1603/1603/1603 1604/1604/1604 1605/1605/1605
# material_color 0.211765 0.219608 0.239216 1.0
# s3d_label 0
f 1606/1606/1606 1607/1607/1607 1608/1608/1608
# material_color 0.211765 0.219608 0.239216 1.0
# s3d_label 0
f 1609/1609/1609 1610/1610/1610 1611/1611/1611
# material_color 0.211765 0.219608 0.239216 1.0
# s3d_label 0
f 1612/1612/1612 1613/1613/1613 1614/1614/1614
# material_color 0.211765 0.219608 0.239216 1.0
# s3d_label 0
f 1615/1615/1615 1616/1616/1616 1617/1617/1617
# material_color 0.211765 0.219608 0.239216 1.0
# s3d_label 0
f 1618/1618/1618 1619/1619/1619 1620/1620/1620
# material_color 0.211765 0.219608 0.239216 1.0
# s3d_label 0
f 1621/1621/1621 1622/1622/1622 1623/1623/1623
# material_color 0.211765 0.219608 0.239216 1.0
# s3d_label 0
f 1624/1624/1624 1625/1625/1625 1626/1626/1626
# material_color 0.211765 0.219608 0.239216 1.0
# s3d_label 0
f 1627/1627/1627 1628/1628/1628 1629/1629/1629
# material_color 0.211765 0.219608 0.239216 1.0
# s3d_label 0
f 1630/1630/1630 1631/1631/1631 1632/1632/1632
# material_color 0.211765 0.219608 0.239216 1.0
# s3d_label 0
f 1633/1633/1633 1634/1634/1634 1635/1635/1635
# material_color 0.211765 0.219608 0.239216 1.0
# s3d_label 0
f 1636/1636/1636 1637/1637/1637 1638/1638/1638
# material_color 0.211765 0.219608 0.239216 1.0
# s3d_label 0
f 1639/1639/1639 1640/1640/1640 1641/1641/1641
# material_color 0.211765 0.219608 0.239216 1.0
# s3d_label 0
f 1642/1642/1642 1643/1643/1643 1644/1644/1644
# material_color 0.211765 0.219608 0.239216 1.0
# s3d_label 0
f 1645/1645/1645 1646/1646/1646 1647/1647/1647
# material_color 0.211765 0.219608 0.239216 1.0
# s3d_label 0
f 1648/1648/1648 1649/1649/1649 1650/1650/1650
# material_color 0.211765 0.219608 0.239216 1.0
# s3d_label 0
f 1651/1651/1651 1652/1652/1652 1653/1653/1653
# material_color 0.211765 0.219608 0.239216 1.0
# s3d_label 0
f 1654/1654/1654 1655/1655/1655 1656/1656/1656
# material_color 0.211765 0.219608 0.239216 1.0
# s3d_label 0
f 1657/1657/1657 1658/1658/1658 1659/1659/1659
# material_color 0.211765 0.219608 0.239216 1.0
# s3d_label 0
f 1660/1660/1660 1661/1661/1661 1662/1662/1662
# material_color 0.211765 0.219608 0.239216 1.0
# s3d_label 0
f 1663/1663/1663 1664/1664/1664 1665/1665/1665
# material_color 0.211765 0.219608 0.239216 1.0
# s3d_label 0
f 1666/1666/1666 1667/1667/1667 1668/1668/1668
# material_color 0.211765 0.219608 0.239216 1.0
# s3d_label 0
f 1669/1669/1669 1670/1670/1670 1671/1671/1671
# material_color 0.211765 0.219608 0.239216 1.0
# s3d_label 0
f 1672/1672/1672 1673/1673/1673 1674/1674/1674
# material_color 0.211765 0.219608 0.239216 1.0
# s3d_label 0
f 1675/1675/1675 1676/1676/1676 1677/1677/1677
# material_color 0.211765 0.219608 0.239216 1.0
# s3d_label 0
f 1678/1678/1678 1679/1679/1679 1680/1680/1680
# material_color 0.211765 0.219608 0.239216 1.0
# s3d_label 0
f 1681/1681/1681 1682/1682/1682 1683/1683/1683
# material_color 0.211765 0.219608 0.239216 1.0
# s3d_label 0
f 1684/1684/1684 1685/1685/1685 1686/1686/1686
# material_color 0.211765 0.219608 0.239216 1.0
# s3d_label 0
f 1687/1687/1687 1688/1688/1688 1689/1689/1689
# material_color 0.211765 0.219608 0.239216 1.0
# s3d_label 0
f 1690/1690/1690 1691/1691/1691 1692/1692/1692
# material_color 0.211765 0.219608 0.239216 1.0
# s3d_label 0
f 1693/1693/1693 1694/1694/1694 1695/1695/1695
# material_color 0.211765 0.219608 0.239216 1.0
# s3d_label 0
f 1696/1696/1696 1697/1697/1697 1698/1698/1698
# material_color 0.211765 0.219608 0.239216 1.0
# s3d_label 0
f 1699/1699/1699 1700/1700/1700 1701/1701/1701
# material_color 0.211765 0.219608 0.239216 1.0
# s3d_label 0
f 1702/1702/1702 1703/1703/1703 1704/1704/1704
# material_color 0.211765 0.219608 0.239216 1.0
# s3d_label 0
f 1705/1705/1705 1706/1706/1706 1707/1707/1707
# material_color 0.211765 0.219608 0.239216 1.0
# s3d_label 0
f 1708/1708/1708 1709/1709/1709 1710/1710/1710
# material_color 0.211765 0.219608 0.239216 1.0
# s3d_label 0
f 1711/1711/1711 1712/1712/1712 1713/1713/1713
# material_color 0.211765 0.219608 0.239216 1.0
# s3d_label 0
f 1714/1714/1714 1715/1715/1715 1716/1716/1716
# material_color 0.211765 0.219608 0.239216 1.0
# s3d_label 0
f 1717/1717/1717 1718/1718/1718 1719/1719/1719
# material_color 0.211765 0.219608 0.239216 1.0
# s3d_label 0
f 1720/1720/1720 1721/1721/1721 1722/1722/1722
# material_color 0.211765 0.219608 0.239216 1.0
# s3d_label 0
f 1723/1723/1723 1724/1724/1724 1725/1725/1725
# material_color 0.211765 0.219608 0.239216 1.0
# s3d_label 0
f 1726/1726/1726 1727/1727/1727 1728/1728/1728
# material_color 0.211765 0.219608 0.239216 1.0
# s3d_label 0
f 1729/1729/1729 1730/1730/1730 1731/1731/1731
# material_color 0.211765 0.219608 0.239216 1.0
# s3d_label 0
f 1732/1732/1732 1733/1733/1733 1734/1734/1734
# material_color 0.211765 0.219608 0.239216 1.0
# s3d_label 0
f 1735/1735/1735 1736/1736/1736 1737/1737/1737
# material_color 0.211765 0.219608 0.239216 1.0
# s3d_label 0
f 1738/1738/1738 1739/1739/1739 1740/1740/1740
# material_color 0.211765 0.219608 0.239216 1.0
# s3d_label 0
f 1741/1741/1741 1742/1742/1742 1743/1743/1743
# material_color 0.211765 0.219608 0.239216 1.0
# s3d_label 0
f 1744/1744/1744 1745/1745/1745 1746/1746/1746
# material_color 0.211765 0.219608 0.239216 1.0
# s3d_label 0
f 1747/1747/1747 1748/1748/1748 1749/1749/1749
# material_color 0.211765 0.219608 0.239216 1.0
# s3d_label 0
f 1750/1750/1750 1751/1751/1751 1752/1752/1752
# material_color 0.211765 0.219608 0.239216 1.0
# s3d_label 0
f 1753/1753/1753 1754/1754/1754 1755/1755/1755
# material_color 0.211765 0.219608 0.239216 1.0
# s3d_label 0
f 1756/1756/1756 1757/1757/1757 1758/1758/1758
# material_color 0.211765 0.219608 0.239216 1.0
# s3d_label 0
f 1759/1759/1759 1760/1760/1760 1761/1761/1761
# material_color 0.211765 0.219608 0.239216 1.0
# s3d_label 0
f 1762/1762/1762 1763/1763/1763 1764/1764/1764
# material_color 0.211765 0.219608 0.239216 1.0
# s3d_label 0
f 1765/1765/1765 1766/1766/1766 1767/1767/1767
# material_color 0.211765 0.219608 0.239216 1.0
# s3d_label 0
f 1768/1768/1768 1769/1769/1769 1770/1770/1770
# material_color 0.211765 0.219608 0.239216 1.0
# s3d_label 0
f 1771/1771/1771 1772/1772/1772 1773/1773/1773
# material_color 0.211765 0.219608 0.239216 1.0
# s3d_label 0
f 1774/1774/1774 1775/1775/1775 1776/1776/1776
# material_color 0.211765 0.219608 0.239216 1.0
# s3d_label 0
f 1777/1777/1777 1778/1778/1778 1779/1779/1779
# material_color 0.211765 0.219608 0.239216 1.0
# s3d_label 0
f 1780/1780/1780 1781/1781/1781 1782/1782/1782
# material_color 0.211765 0.219608 0.239216 1.0
# s3d_label 0
f 1783/1783/1783 1784/1784/1784 1785/1785/1785
# material_color 0.211765 0.219608 0.239216 1.0
# s3d_label 0
f 1786/1786/1786 1787/1787/1787 1788/1788/1788
# material_color 0.211765 0.219608 0.239216 1.0
# s3d_label 0
f 1789/1789/1789 1790/1790/1790 1791/1791/1791
# material_color 0.211765 0.219608 0.239216 1.0
# s3d_label 0
f 1792/1792/1792 1793/1793/1793 1794/1794/1794
# material_color 0.211765 0.219608 0.239216 1.0
# s3d_label 0
f 1795/1795/1795 1796/1796/1796 1797/1797/1797
# material_color 0.211765 0.219608 0.239216 1.0
# s3d_label 0
f 1798/1798/1798 1799/1799/1799 1800/1800/1800
# material_color 0.211765 0.219608 0.239216 1.0
# s3d_label 0
f 1801/1801/1801 1802/1802/1802 1803/1803/1803
# material_color 0.211765 0.219608 0.239216 1.0
# s3d_label 0
f 1804/1804/1804 1805/1805/1805 1806/1806/1806
# material_color 0.211765 0.219608 0.239216 1.0
# s3d_label 0
f 1807/1807/1807 1808/1808/1808 1809/1809/1809
# material_color 0.211765 0.219608 0.239216 1.0
# s3d_label 0
f 1810/1810/1810 1811/1811/1811 1812/1812/1812
# material_color 0.211765 0.219608 0.239216 1.0
# s3d_label 0
f 1813/1813/1813 1814/1814/1814 1815/1815/1815
# material_color 0.211765 0.219608 0.239216 1.0
# s3d_label 0
f 1816/1816/1816 1817/1817/1817 1818/1818/1818
# material_color 0.211765 0.219608 0.239216 1.0
# s3d_label 0
f 1819/1819/1819 1820/1820/1820 1821/1821/1821
# material_color 0.211765 0.219608 0.239216 1.0
# s3d_label 0
f 1822/1822/1822 1823/1823/1823 1824/1824/1824
# material_color 0.211765 0.219608 0.239216 1.0
# s3d_label 0
f 1825/1825/1825 1826/1826/1826 1827/1827/1827
# material_color 0.211765 0.219608 0.239216 1.0
# s3d_label 0
f 1828/1828/1828 1829/1829/1829 1830/1830/1830
# material_color 0.211765 0.219608 0.239216 1.0
# s3d_label 0
f 1831/1831/1831 1832/1832/1832 1833/1833/1833
# material_color 0.211765 0.219608 0.239216 1.0
# s3d_label 0
f 1834/1834/1834 1835/1835/1835 1836/1836/1836
# material_color 0.211765 0.219608 0.239216 1.0
# s3d_label 0
f 1837/1837/1837 1838/1838/1838 1839/1839/1839
# material_color 0.211765 0.219608 0.239216 1.0
# s3d_label 0
f 1840/1840/1840 1841/1841/1841 1842/1842/1842
# material_color 0.211765 0.219608 0.239216 1.0
# s3d_label 0
f 1843/1843/1843 1844/1844/1844 1845/1845/1845
# material_color 0.211765 0.219608 0.239216 1.0
# s3d_label 0
f 1846/1846/1846 1847/1847/1847 1848/1848/1848
# material_color 0.211765 0.219608 0.239216 1.0
# s3d_label 0
f 1849/1849/1849 1850/1850/1850 1851/1851/1851
# material_color 0.211765 0.219608 0.239216 1.0
# s3d_label 0
f 1852/1852/1852 1853/1853/1853 1854/1854/1854
# material_color 0.211765 0.219608 0.239216 1.0
# s3d_label 0
f 1855/1855/1855 1856/1856/1856 1857/1857/1857
# material_color 0.211765 0.219608 0.239216 1.0
# s3d_label 0
f 1858/1858/1858 1859/1859/1859 1860/1860/1860
# material_color 0.211765 0.219608 0.239216 1.0
# s3d_label 0
f 1861/1861/1861 1862/1862/1862 1863/1863/1863
# material_color 0.211765 0.219608 0.239216 1.0
# s3d_label 0
f 1864/1864/1864 1865/1865/1865 1866/1866/1866
# material_color 0.211765 0.219608 0.239216 1.0
# s3d_label 0
f 1867/1867/1867 1868/1868/1868 1869/1869/1869
# material_color 0.211765 0.219608 0.239216 1.0
# s3d_label 0
f 1870/1870/1870 1871/1871/1871 1872/1872/1872
# material_color 0.211765 0.219608 0.239216 1.0
# s3d_label 0
f 1873/1873/1873 1874/1874/1874 1875/1875/1875
# material_color 0.211765 0.219608 0.239216 1.0
# s3d_label 0
f 1876/1876/1876 1877/1877/1877 1878/1878/1878
# material_color 0.211765 0.219608 0.239216 1.0
# s3d_label 0
f 1879/1879/1879 1880/1880/1880 1881/1881/1881
# material_color 0.211765 0.219608 0.239216 1.0
# s3d_label 0
f 1882/1882/1882 1883/1883/1883 1884/1884/1884
# material_color 0.211765 0.219608 0.239216 1.0
# s3d_label 0
f 1885/1885/1885 1886/1886/1886 1887/1887/1887
# material_color 0.211765 0.219608 0.239216 1.0
# s3d_label 0
f 1888/1888/1888 1889/1889/1889 1890/1890/1890
# material_color 0.211765 0.219608 0.239216 1.0
# s3d_label 0
f 1891/1891/1891 1892/1892/1892 1893/1893/1893
# material_color 0.211765 0.219608 0.239216 1.0
# s3d_label 0
f 1894/1894/1894 1895/1895/1895 1896/1896/1896
# material_color 0.211765 0.219608 0.239216 1.0
# s3d_label 0
f 1897/1897/1897 1898/1898/1898 1899/1899/1899
# material_color 0.211765 0.219608 0.239216 1.0
# s3d_label 0
f 1900/1900/1900 1901/1901/1901 1902/1902/1902
# material_color 0.211765 0.219608 0.239216 1.0
# s3d_label 0
f 1903/1903/1903 1904/1904/1904 1905/1905/1905
# material_color 0.211765 0.219608 0.239216 1.0
# s3d_label 0
f 1906/1906/1906 1907/1907/1907 1908/1908/1908
# material_color 0.211765 0.219608 0.239216 1.0
# s3d_label 0
f 1909/1909/1909 1910/1910/1910 1911/1911/1911
# material_color 0.211765 0.219608 0.239216 1.0
# s3d_label 0
f 1912/1912/1912 1913/1913/1913 1914/1914/1914
# material_color 0.211765 0.219608 0.239216 1.0
# s3d_label 0
f 1915/1915/1915 1916/1916/1916 1917/1917/1917
# material_color 0.211765 0.219608 0.239216 1.0
# s3d_label 0
f 1918/1918/1918 1919/1919/1919 1920/1920/1920
# material_color 0.211765 0.219608 0.239216 1.0
# s3d_label 0
f 1921/1921/1921 1922/1922/1922 1923/1923/1923
# material_color 0.211765 0.219608 0.239216 1.0
# s3d_label 0
f 1924/1924/1924 1925/1925/1925 1926/1926/1926
# material_color 0.211765 0.219608 0.239216 1.0
# s3d_label 0
f 1927/1927/1927 1928/1928/1928 1929/1929/1929
# material_color 0.211765 0.219608 0.239216 1.0
# s3d_label 0
f 1930/1930/1930 1931/1931/1931 1932/1932/1932
# material_color 0.211765 0.219608 0.239216 1.0
# s3d_label 0
f 1933/1933/1933 1934/1934/1934 1935/1935/1935
# material_color 0.211765 0.219608 0.239216 1.0
# s3d_label 0
f 1936/1936/1936 1937/1937/1937 1938/1938/1938
# material_color 0.211765 0.219608 0.239216 1.0
# s3d_label 0
f 1939/1939/1939 1940/1940/1940 1941/1941/1941
# material_color 0.211765 0.219608 0.239216 1.0
# s3d_label 0
f 1942/1942/1942 1943/1943/1943 1944/1944/1944
# material_color 0.211765 0.219608 0.239216 1.0
# s3d_label 0
f 1945/1945/1945 1946/1946/1946 1947/1947/1947
# material_color 0.211765 0.219608 0.239216 1.0
# s3d_label 0
f 1948/1948/1948 1949/1949/1949 1950/1950/1950
# material_color 0.211765 0.219608 0.239216 1.0
# s3d_label 0
f 1951/1951/1951 1952/1952/1952 1953/1953/1953
# material_color 0.211765 0.219608 0.239216 1.0
# s3d_label 0
f 1954/1954/1954 1955/1955/1955 1956/1956/1956
# material_color 0.211765 0.219608 0.239216 1.0
# s3d_label 0
f 1957/1957/1957 1958/1958/1958 1959/1959/1959
# material_color 0.211765 0.219608 0.239216 1.0
# s3d_label 0
f 1960/1960/1960 1961/1961/1961 1962/1962/1962
# material_color 0.211765 0.219608 0.239216 1.0
# s3d_label 0
f 1963/1963/1963 1964/1964/1964 1965/1965/1965
# material_color 0.211765 0.219608 0.239216 1.0
# s3d_label 0
f 1966/1966/1966 1967/1967/1967 1968/1968/1968
# material_color 0.211765 0.219608 0.239216 1.0
# s3d_label 0
f 1969/1969/1969 1970/1970/1970 1971/1971/1971
# material_color 0.211765 0.219608 0.239216 1.0
# s3d_label 0
f 1972/1972/1972 1973/1973/1973 1974/1974/1974
# material_color 0.211765 0.219608 0.239216 1.0
# s3d_label 0
f 1975/1975/1975 1976/1976/1976 1977/1977/1977
# material_color 0.211765 0.219608 0.239216 1.0
# s3d_label 0
f 1978/1978/1978 1979/1979/1979 1980/1980/1980
# material_color 0.211765 0.219608 0.239216 1.0
# s3d_label 0
f 1981/1981/1981 1982/1982/1982 1983/1983/1983
# material_color 0.211765 0.219608 0.239216 1.0
# s3d_label 0
f 1984/1984/1984 1985/1985/1985 1986/1986/1986
# material_color 0.211765 0.219608 0.239216 1.0
# s3d_label 0
f 1987/1987/1987 1988/1988/1988 1989/1989/1989
# material_color 0.211765 0.219608 0.239216 1.0
# s3d_label 0
f 1990/1990/1990 1991/1991/1991 1992/1992/1992
# material_color 0.211765 0.219608 0.239216 1.0
# s3d_label 0
f 1993/1993/1993 1994/1994/1994 1995/1995/1995
# material_color 0.211765 0.219608 0.239216 1.0
# s3d_label 0
f 1996/1996/1996 1997/1997/1997 1998/1998/1998
# material_color 0.211765 0.219608 0.239216 1.0
# s3d_label 0
f 1999/1999/1999 2000/2000/2000 2001/2001/2001
# material_color 0.211765 0.219608 0.239216 1.0
# s3d_label 0
f 2002/2002/2002 2003/2003/2003 2004/2004/2004
# material_color 0.211765 0.219608 0.239216 1.0
# s3d_label 0
f 2005/2005/2005 2006/2006/2006 2007/2007/2007
# material_color 0.211765 0.219608 0.239216 1.0
# s3d_label 0
f 2008/2008/2008 2009/2009/2009 2010/2010/2010
# material_color 0.211765 0.219608 0.239216 1.0
# s3d_label 0
f 2011/2011/2011 2012/2012/2012 2013/2013/2013
# material_color 0.211765 0.219608 0.239216 1.0
# s3d_label 0
f 2014/2014/2014 2015/2015/2015 2016/2016/2016
# material_color 0.211765 0.219608 0.239216 1.0
# s3d_label 0
f 2017/2017/2017 2018/2018/2018 2019/2019/2019
# material_color 0.211765 0.219608 0.239216 1.0
# s3d_label 0
f 2020/2020/2020 2021/2021/2021 2022/2022/2022
# material_color 0.211765 0.219608 0.239216 1.0
# s3d_label 0
f 2023/2023/2023 2024/2024/2024 2025/2025/2025
# material_color 0.211765 0.219608 0.239216 1.0
# s3d_label 0
f 2026/2026/2026 2027/2027/2027 2028/2028/2028
# material_color 0.211765 0.219608 0.239216 1.0
# s3d_label 0
f 2029/2029/2029 2030/2030/2030 2031/2031/2031
# material_color 0.211765 0.219608 0.239216 1.0
# s3d_label 0
f 2032/2032/2032 2033/2033/2033 2034/2034/2034
# material_color 0.211765 0.219608 0.239216 1.0
# s3d_label 0
f 2035/2035/2035 2036/2036/2036 2037/2037/2037
# material_color 0.211765 0.219608 0.239216 1.0
# s3d_label 0
f 2038/2038/2038 2039/2039/2039 2040/2040/2040
# material_color 0.211765 0.219608 0.239216 1.0
# s3d_label 0
f 2041/2041/2041 2042/2042/2042 2043/2043/2043
# material_color 0.211765 0.219608 0.239216 1.0
# s3d_label 0
f 2044/2044/2044 2045/2045/2045 2046/2046/2046
# material_color 0.211765 0.219608 0.239216 1.0
# s3d_label 0
f 2047/2047/2047 2048/2048/2048 2049/2049/2049
# material_color 0.211765 0.219608 0.239216 1.0
# s3d_label 0
f 2050/2050/2050 2051/2051/2051 2052/2052/2052
# material_color 0.211765 0.219608 0.239216 1.0
# s3d_label 0
f 2053/2053/2053 2054/2054/2054 2055/2055/2055
# material_color 0.211765 0.219608 0.239216 1.0
# s3d_label 0
f 2056/2056/2056 2057/2057/2057 2058/2058/2058
# material_color 0.211765 0.219608 0.239216 1.0
# s3d_label 0
f 2059/2059/2059 2060/2060/2060 2061/2061/2061
# material_color 0.211765 0.219608 0.239216 1.0
# s3d_label 0
f 2062/2062/2062 2063/2063/2063 2064/2064/2064
# material_color 0.211765 0.219608 0.239216 1.0
# s3d_label 0
f 2065/2065/2065 2066/2066/2066 2067/2067/2067
# material_color 0.211765 0.219608 0.239216 1.0
# s3d_label 0
f 2068/2068/2068 2069/2069/2069 2070/2070/2070
# material_color 0.211765 0.219608 0.239216 1.0
# s3d_label 0
f 2071/2071/2071 2072/2072/2072 2073/2073/2073
# material_color 0.211765 0.219608 0.239216 1.0
# s3d_label 0
f 2074/2074/2074 2075/2075/2075 2076/2076/2076
# material_color 0.211765 0.219608 0.239216 1.0
# s3d_label 0
f 2077/2077/2077 2078/2078/2078 2079/2079/2079
# material_color 0.211765 0.219608 0.239216 1.0
# s3d_label 0
f 2080/2080/2080 2081/2081/2081 2082/2082/2082
# material_color 0.211765 0.219608 0.239216 1.0
# s3d_label 0
f 2083/2083/2083 2084/2084/2084 2085/2085/2085
# material_color 0.211765 0.219608 0.239216 1.0
# s3d_label 0
f 2086/2086/2086 2087/2087/2087 2088/2088/2088
# material_color 0.211765 0.219608 0.239216 1.0
# s3d_label 0
f 2089/2089/2089 2090/2090/2090 2091/2091/2091
# material_color 0.211765 0.219608 0.239216 1.0
# s3d_label 0
f 2092/2092/2092 2093/2093/2093 2094/2094/2094
# material_color 0.211765 0.219608 0.239216 1.0
# s3d_label 0
f 2095/2095/2095 2096/2096/2096 2097/2097/2097
# material_color 0.211765 0.219608 0.239216 1.0
# s3d_label 0
f 2098/2098/2098 2099/2099/2099 2100/2100/2100
# material_color 0.211765 0.219608 0.239216 1.0
# s3d_label 0
f 2101/2101/2101 2102/2102/2102 2103/2103/2103
# material_color 0.211765 0.219608 0.239216 1.0
# s3d_label 0
f 2104/2104/2104 2105/2105/2105 2106/2106/2106
# material_color 0.211765 0.219608 0.239216 1.0
# s3d_label 0
f 2107/2107/2107 2108/2108/2108 2109/2109/2109
# material_color 0.211765 0.219608 0.239216 1.0
# s3d_label 0
f 2110/2110/2110 2111/2111/2111 2112/2112/2112
# material_color 0.211765 0.219608 0.239216 1.0
# s3d_label 0
f 2113/2113/2113 2114/2114/2114 2115/2115/2115
# material_color 0.211765 0.219608 0.239216 1.0
# s3d_label 0
f 2116/2116/2116 2117/2117/2117 2118/2118/2118
# material_color 0.211765 0.219608 0.239216 1.0
# s3d_label 0
f 2119/2119/2119 2120/2120/2120 2121/2121/2121
# material_color 0.211765 0.219608 0.239216 1.0
# s3d_label 0
f 2122/2122/2122 2123/2123/2123 2124/2124/2124
# material_color 0.211765 0.219608 0.239216 1.0
# s3d_label 0
f 2125/2125/2125 2126/2126/2126 2127/2127/2127
# material_color 0.211765 0.219608 0.239216 1.0
# s3d_label 0
f 2128/2128/2128 2129/2129/2129 2130/2130/2130
# material_color 0.211765 0.219608 0.239216 1.0
# s3d_label 0
f 2131/2131/2131 2132/2132/2132 2133/2133/2133
# material_color 0.211765 0.219608 0.239216 1.0
# s3d_label 0
f 2134/2134/2134 2135/2135/2135 2136/2136/2136
# material_color 0.211765 0.219608 0.239216 1.0
# s3d_label 0
f 2137/2137/2137 2138/2138/2138 2139/2139/2139
# material_color 0.211765 0.219608 0.239216 1.0
# s3d_label 0
f 2140/2140/2140 2141/2141/2141 2142/2142/2142
# material_color 0.211765 0.219608 0.239216 1.0
# s3d_label 0
f 2143/2143/2143 2144/2144/2144 2145/2145/2145
# material_color 0.211765 0.219608 0.239216 1.0
# s3d_label 0
f 2146/2146/2146 2147/2147/2147 2148/2148/2148
# material_color 0.211765 0.219608 0.239216 1.0
# s3d_label 0
f 2149/2149/2149 2150/2150/2150 2151/2151/2151
# material_color 0.211765 0.219608 0.239216 1.0
# s3d_label 0
f 2152/2152/2152 2153/2153/2153 2154/2154/2154
# material_color 0.211765 0.219608 0.239216 1.0
# s3d_label 0
f 2155/2155/2155 2156/2156/2156 2157/2157/2157
# material_color 0.211765 0.219608 0.239216 1.0
# s3d_label 0
f 2158/2158/2158 2159/2159/2159 2160/2160/2160
# material_color 0.211765 0.219608 0.239216 1.0
# s3d_label 0
f 2161/2161/2161 2162/2162/2162 2163/2163/2163
# material_color 0.211765 0.219608 0.239216 1.0
# s3d_label 0
f 2164/2164/2164 2165/2165/2165 2166/2166/2166
# material_color 0.211765 0.219608 0.239216 1.0
# s3d_label 0
f 2167/2167/2167 2168/2168/2168 2169/2169/2169
# material_color 0.211765 0.219608 0.239216 1.0
# s3d_label 0
f 2170/2170/2170 2171/2171/2171 2172/2172/2172
# material_color 0.211765 0.219608 0.239216 1.0
# s3d_label 0
f 2173/2173/2173 2174/2174/2174 2175/2175/2175
# material_color 0.211765 0.219608 0.239216 1.0
# s3d_label 0
f 2176/2176/2176 2177/2177/2177 2178/2178/2178
# material_color 0.211765 0.219608 0.239216 1.0
# s3d_label 0
f 2179/2179/2179 2180/2180/2180 2181/2181/2181
# material_color 0.211765 0.219608 0.239216 1.0
# s3d_label 0
f 2182/2182/2182 2183/2183/2183 2184/2184/2184
# material_color 0.211765 0.219608 0.239216 1.0
# s3d_label 0
f 2185/2185/2185 2186/2186/2186 2187/2187/2187
# material_color 0.211765 0.219608 0.239216 1.0
# s3d_label 0
f 2188/2188/2188 2189/2189/2189 2190/2190/2190
# material_color 0.211765 0.219608 0.239216 1.0
# s3d_label 0
f 2191/2191/2191 2192/2192/2192 2193/2193/2193
# material_color 0.211765 0.219608 0.239216 1.0
# s3d_label 0
f 2194/2194/2194 2195/2195/2195 2196/2196/2196
# material_color 0.211765 0.219608 0.239216 1.0
# s3d_label 0
f 2197/2197/2197 2198/2198/2198 2199/2199/2199
# material_color 0.211765 0.219608 0.239216 1.0
# s3d_label 0
f 2200/2200/2200 2201/2201/2201 2202/2202/2202
# material_color 0.211765 0.219608 0.239216 1.0
# s3d_label 0
f 2203/2203/2203 2204/2204/2204 2205/2205/2205
# material_color 0.211765 0.219608 0.239216 1.0
# s3d_label 0
f 2206/2206/2206 2207/2207/2207 2208/2208/2208
# material_color 0.211765 0.219608 0.239216 1.0
# s3d_label 0
f 2209/2209/2209 2210/2210/2210 2211/2211/2211
# material_color 0.211765 0.219608 0.239216 1.0
# s3d_label 0
f 2212/2212/2212 2213/2213/2213 2214/2214/2214
# material_color 0.211765 0.219608 0.239216 1.0
# s3d_label 0
f 2215/2215/2215 2216/2216/2216 2217/2217/2217
# material_color 0.211765 0.219608 0.239216 1.0
# s3d_label 0
f 2218/2218/2218 2219/2219/2219 2220/2220/2220
# material_color 0.211765 0.219608 0.239216 1.0
# s3d_label 0
f 2221/2221/2221 2222/2222/2222 2223/2223/2223
# material_color 0.211765 0.219608 0.239216 1.0
# s3d_label 0
f 2224/2224/2224 2225/2225/2225 2226/2226/2226
# material_color 0.211765 0.219608 0.239216 1.0
# s3d_label 0
f 2227/2227/2227 2228/2228/2228 2229/2229/2229
# material_color 0.211765 0.219608 0.239216 1.0
# s3d_label 0
f 2230/2230/2230 2231/2231/2231 2232/2232/2232
# material_color 0.211765 0.219608 0.239216 1.0
# s3d_label 0
f 2233/2233/2233 2234/2234/2234 2235/2235/2235
# material_color 0.211765 0.219608 0.239216 1.0
# s3d_label 0
f 2236/2236/2236 2237/2237/2237 2238/2238/2238
# material_color 0.211765 0.219608 0.239216 1.0
# s3d_label 0
f 2239/2239/2239 2240/2240/2240 2241/2241/2241
# material_color 0.211765 0.219608 0.239216 1.0
# s3d_label 0
f 2242/2242/2242 2243/2243/2243 2244/2244/2244
# material_color 0.211765 0.219608 0.239216 1.0
# s3d_label 0
f 2245/2245/2245 2246/2246/2246 2247/2247/2247
# material_color 0.211765 0.219608 0.239216 1.0
# s3d_label 0
f 2248/2248/2248 2249/2249/2249 2250/2250/2250
# material_color 0.211765 0.219608 0.239216 1.0
# s3d_label 0
f 2251/2251/2251 2252/2252/2252 2253/2253/2253
# material_color 0.211765 0.219608 0.239216 1.0
# s3d_label 0
f 2254/2254/2254 2255/2255/2255 2256/2256/2256
# material_color 0.211765 0.219608 0.239216 1.0
# s3d_label 0
f 2257/2257/2257 2258/2258/2258 2259/2259/2259
# material_color 0.211765 0.219608 0.239216 1.0
# s3d_label 0
f 2260/2260/2260 2261/2261/2261 2262/2262/2262
# material_color 0.211765 0.219608 0.239216 1.0
# s3d_label 0
f 2263/2263/2263 2264/2264/2264 2265/2265/2265
# material_color 0.211765 0.219608 0.239216 1.0
# s3d_label 0
f 2266/2266/2266 2267/2267/2267 2268/2268/2268
# material_color 0.211765 0.219608 0.239216 1.0
# s3d_label 0
f 2269/2269/2269 2270/2270/2270 2271/2271/2271
# material_color 0.211765 0.219608 0.239216 1.0
# s3d_label 0
f 2272/2272/2272 2273/2273/2273 2274/2274/2274
# material_color 0.211765 0.219608 0.239216 1.0
# s3d_label 0
f 2275/2275/2275 2276/2276/2276 2277/2277/2277
# material_color 0.211765 0.219608 0.239216 1.0
# s3d_label 0
f 2278/2278/2278 2279/2279/2279 2280/2280/2280
# material_color 0.211765 0.219608 0.239216 1.0
# s3d_label 0
f 2281/2281/2281 2282/2282/2282 2283/2283/2283
# material_color 0.211765 0.219608 0.239216 1.0
# s3d_label 0
f 2284/2284/2284 2285/2285/2285 2286/2286/2286
# material_color 0.211765 0.219608 0.239216 1.0
# s3d_label 0
f 2287/2287/2287 2288/2288/2288 2289/2289/2289
# material_color 0.211765 0.219608 0.239216 1.0
# s3d_label 0
f 2290/2290/2290 2291/2291/2291 2292/2292/2292
# material_color 0.211765 0.219608 0.239216 1.0
# s3d_label 0
f 2293/2293/2293 2294/2294/2294 2295/2295/2295
# material_color 0.211765 0.219608 0.239216 1.0
# s3d_label 0
f 2296/2296/2296 2297/2297/2297 2298/2298/2298
# material_color 0.211765 0.219608 0.239216 1.0
# s3d_label 0
f 2299/2299/2299 2300/2300/2300 2301/2301/2301
# material_color 0.211765 0.219608 0.239216 1.0
# s3d_label 0
f 2302/2302/2302 2303/2303/2303 2304/2304/2304
# material_color 0.211765 0.219608 0.239216 1.0
# s3d_label 0
f 2305/2305/2305 2306/2306/2306 2307/2307/2307
# material_color 0.211765 0.219608 0.239216 1.0
# s3d_label 0
f 2308/2308/2308 2309/2309/2309 2310/2310/2310
# material_color 0.211765 0.219608 0.239216 1.0
# s3d_label 0
f 2311/2311/2311 2312/2312/2312 2313/2313/2313
# material_color 0.211765 0.219608 0.239216 1.0
# s3d_label 0
f 2314/2314/2314 2315/2315/2315 2316/2316/2316
# material_color 0.211765 0.219608 0.239216 1.0
# s3d_label 0
f 2317/2317/2317 2318/2318/2318 2319/2319/2319
# material_color 0.211765 0.219608 0.239216 1.0
# s3d_label 0
f 2320/2320/2320 2321/2321/2321 2322/2322/2322
# material_color 0.211765 0.219608 0.239216 1.0
# s3d_label 0
f 2323/2323/2323 2324/2324/2324 2325/2325/2325
# material_color 0.211765 0.219608 0.239216 1.0
# s3d_label 0
f 2326/2326/2326 2327/2327/2327 2328/2328/2328
# material_color 0.211765 0.219608 0.239216 1.0
# s3d_label 0
f 2329/2329/2329 2330/2330/2330 2331/2331/2331
# material_color 0.211765 0.219608 0.239216 1.0
# s3d_label 0
f 2332/2332/2332 2333/2333/2333 2334/2334/2334
# material_color 0.211765 0.219608 0.239216 1.0
# s3d_label 0
f 2335/2335/2335 2336/2336/2336 2337/2337/2337
# material_color 0.211765 0.219608 0.239216 1.0
# s3d_label 0
f 2338/2338/2338 2339/2339/2339 2340/2340/2340
# material_color 0.211765 0.219608 0.239216 1.0
# s3d_label 0
f 2341/2341/2341 2342/2342/2342 2343/2343/2343
# material_color 0.211765 0.219608 0.239216 1.0
# s3d_label 0
f 2344/2344/2344 2345/2345/2345 2346/2346/2346
# material_color 0.211765 0.219608 0.239216 1.0
# s3d_label 0
f 2347/2347/2347 2348/2348/2348 2349/2349/2349
# material_color 0.211765 0.219608 0.239216 1.0
# s3d_label 0
f 2350/2350/2350 2351/2351/2351 2352/2352/2352
# material_color 0.211765 0.219608 0.239216 1.0
# s3d_label 0
f 2353/2353/2353 2354/2354/2354 2355/2355/2355
# material_color 0.211765 0.219608 0.239216 1.0
# s3d_label 0
f 2356/2356/2356 2357/2357/2357 2358/2358/2358
# material_color 0.211765 0.219608 0.239216 1.0
# s3d_label 0
f 2359/2359/2359 2360/2360/2360 2361/2361/2361
# material_color 0.211765 0.219608 0.239216 1.0
# s3d_label 0
f 2362/2362/2362 2363/2363/2363 2364/2364/2364
# material_color 0.211765 0.219608 0.239216 1.0
# s3d_label 0
f 2365/2365/2365 2366/2366/2366 2367/2367/2367
# material_color 0.211765 0.219608 0.239216 1.0
# s3d_label 0
f 2368/2368/2368 2369/2369/2369 2370/2370/2370
# material_color 0.211765 0.219608 0.239216 1.0
# s3d_label 0
f 2371/2371/2371 2372/2372/2372 2373/2373/2373
# material_color 0.211765 0.219608 0.239216 1.0
# s3d_label 0
f 2374/2374/2374 2375/2375/2375 2376/2376/2376
# material_color 0.211765 0.219608 0.239216 1.0
# s3d_label 0
f 2377/2377/2377 2378/2378/2378 2379/2379/2379
# material_color 0.211765 0.219608 0.239216 1.0
# s3d_label 0
f 2380/2380/2380 2381/2381/2381 2382/2382/2382
# material_color 0.211765 0.219608 0.239216 1.0
# s3d_label 0
f 2383/2383/2383 2384/2384/2384 2385/2385/2385
# material_color 0.211765 0.219608 0.239216 1.0
# s3d_label 0
f 2386/2386/2386 2387/2387/2387 2388/2388/2388
# material_color 0.211765 0.219608 0.239216 1.0
# s3d_label 0
f 2389/2389/2389 2390/2390/2390 2391/2391/2391
# material_color 0.211765 0.219608 0.239216 1.0
# s3d_label 0
f 2392/2392/2392 2393/2393/2393 2394/2394/2394
# material_color 0.211765 0.219608 0.239216 1.0
# s3d_label 0
f 2395/2395/2395 2396/2396/2396 2397/2397/2397
# material_color 0.211765 0.219608 0.239216 1.0
# s3d_label 0
f 2398/2398/2398 2399/2399/2399 2400/2400/2400
# material_color 0.211765 0.219608 0.239216 1.0
# s3d_label 0
f 2401/2401/2401 2402/2402/2402 2403/2403/2403
# material_color 0.211765 0.219608 0.239216 1.0
# s3d_label 0
f 2404/2404/2404 2405/2405/2405 2406/2406/2406
# material_color 0.211765 0.219608 0.239216 1.0
# s3d_label 0
f 2407/2407/2407 2408/2408/2408 2409/2409/2409
# material_color 0.211765 0.219608 0.239216 1.0
# s3d_label 0
f 2410/2410/2410 2411/2411/2411 2412/2412/2412
# material_color 0.211765 0.219608 0.239216 1.0
# s3d_label 0
f 2413/2413/2413 2414/2414/2414 2415/2415/2415
# material_color 0.211765 0.219608 0.239216 1.0
# s3d_label 0
f 2416/2416/2416 2417/2417/2417 2418/2418/2418
# material_color 0.211765 0.219608 0.239216 1.0
# s3d_label 0
f 2419/2419/2419 2420/2420/2420 2421/2421/2421
# material_color 0.211765 0.219608 0.239216 1.0
# s3d_label 0
f 2422/2422/2422 2423/2423/2423 2424/2424/2424
# material_color 0.211765 0.219608 0.239216 1.0
# s3d_label 0
f 2425/2425/2425 2426/2426/2426 2427/2427/2427
# material_color 0.211765 0.219608 0.239216 1.0
# s3d_label 0
f 2428/2428/2428 2429/2429/2429 2430/2430/2430
# material_color 0.211765 0.219608 0.239216 1.0
# s3d_label 0
f 2431/2431/2431 2432/2432/2432 2433/2433/2433
# material_color 0.211765 0.219608 0.239216 1.0
# s3d_label 0
f 2434/2434/2434 2435/2435/2435 2436/2436/2436
# material_color 0.211765 0.219608 0.239216 1.0
# s3d_label 0
f 2437/2437/2437 2438/2438/2438 2439/2439/2439
# material_color 0.211765 0.219608 0.239216 1.0
# s3d_label 0
f 2440/2440/2440 2441/2441/2441 2442/2442/2442
# material_color 0.211765 0.219608 0.239216 1.0
# s3d_label 0
f 2443/2443/2443 2444/2444/2444 2445/2445/2445
# material_color 0.211765 0.219608 0.239216 1.0
# s3d_label 0
f 2446/2446/2446 2447/2447/2447 2448/2448/2448
# material_color 0.211765 0.219608 0.239216 1.0
# s3d_label 0
f 2449/2449/2449 2450/2450/2450 2451/2451/2451
# material_color 0.211765 0.219608 0.239216 1.0
# s3d_label 0
f 2452/2452/2452 2453/2453/2453 2454/2454/2454
# material_color 0.211765 0.219608 0.239216 1.0
# s3d_label 0
f 2455/2455/2455 2456/2456/2456 2457/2457/2457
# material_color 0.211765 0.219608 0.239216 1.0
# s3d_label 0
f 2458/2458/2458 2459/2459/2459 2460/2460/2460
# material_color 0.211765 0.219608 0.239216 1.0
# s3d_label 0
f 2461/2461/2461 2462/2462/2462 2463/2463/2463
# material_color 0.211765 0.219608 0.239216 1.0
# s3d_label 0
f 2464/2464/2464 2465/2465/2465 2466/2466/2466
# material_color 0.211765 0.219608 0.239216 1.0
# s3d_label 0
f 2467/2467/2467 2468/2468/2468 2469/2469/2469
# material_color 0.211765 0.219608 0.239216 1.0
# s3d_label 0
f 2470/2470/2470 2471/2471/2471 2472/2472/2472
# material_color 0.211765 0.219608 0.239216 1.0
# s3d_label 0
f 2473/2473/2473 2474/2474/2474 2475/2475/2475
# material_color 0.211765 0.219608 0.239216 1.0
# s3d_label 0
f 2476/2476/2476 2477/2477/2477 2478/2478/2478
# material_color 0.211765 0.219608 0.239216 1.0
# s3d_label 0
f 2479/2479/2479 2480/2480/2480 2481/2481/2481
# material_color 0.211765 0.219608 0.239216 1.0
# s3d_label 0
f 2482/2482/2482 2483/2483/2483 2484/2484/2484
# material_color 0.211765 0.219608 0.239216 1.0
# s3d_label 0
f 2485/2485/2485 2486/2486/2486 2487/2487/2487
# material_color 0.211765 0.219608 0.239216 1.0
# s3d_label 0
f 2488/2488/2488 2489/2489/2489 2490/2490/2490
# material_color 0.211765 0.219608 0.239216 1.0
# s3d_label 0
f 2491/2491/2491 2492/2492/2492 2493/2493/2493
# material_color 0.211765 0.219608 0.239216 1.0
# s3d_label 0
f 2494/2494/2494 2495/2495/2495 2496/2496/2496
# material_color 0.211765 0.219608 0.239216 1.0
# s3d_label 0
f 2497/2497/2497 2498/2498/2498 2499/2499/2499
# material_color 0.211765 0.219608 0.239216 1.0
# s3d_label 0
f 2500/2500/2500 2501/2501/2501 2502/2502/2502
# material_color 0.211765 0.219608 0.239216 1.0
# s3d_label 0
f 2503/2503/2503 2504/2504/2504 2505/2505/2505
# material_color 0.211765 0.219608 0.239216 1.0
# s3d_label 0
f 2506/2506/2506 2507/2507/2507 2508/2508/2508
# material_color 0.211765 0.219608 0.239216 1.0
# s3d_label 0
f 2509/2509/2509 2510/2510/2510 2511/2511/2511
# material_color 0.211765 0.219608 0.239216 1.0
# s3d_label 0
f 2512/2512/2512 2513/2513/2513 2514/2514/2514
# material_color 0.211765 0.219608 0.239216 1.0
# s3d_label 0
f 2515/2515/2515 2516/2516/2516 2517/2517/2517
# material_color 0.211765 0.219608 0.239216 1.0
# s3d_label 0
f 2518/2518/2518 2519/2519/2519 2520/2520/2520
# material_color 0.211765 0.219608 0.239216 1.0
# s3d_label 0
f 2521/2521/2521 2522/2522/2522 2523/2523/2523
# material_color 0.211765 0.219608 0.239216 1.0
# s3d_label 0
f 2524/2524/2524 2525/2525/2525 2526/2526/2526
# material_color 0.211765 0.219608 0.239216 1.0
# s3d_label 0
f 2527/2527/2527 2528/2528/2528 2529/2529/2529
# material_color 0.211765 0.219608 0.239216 1.0
# s3d_label 0
f 2530/2530/2530 2531/2531/2531 2532/2532/2532
# material_color 0.211765 0.219608 0.239216 1.0
# s3d_label 0
f 2533/2533/2533 2534/2534/2534 2535/2535/2535
# material_color 0.211765 0.219608 0.239216 1.0
# s3d_label 0
f 2536/2536/2536 2537/2537/2537 2538/2538/2538
# material_color 0.211765 0.219608 0.239216 1.0
# s3d_label 0
f 2539/2539/2539 2540/2540/2540 2541/2541/2541
# material_color 0.211765 0.219608 0.239216 1.0
# s3d_label 0
f 2542/2542/2542 2543/2543/2543 2544/2544/2544
# material_color 0.211765 0.219608 0.239216 1.0
# s3d_label 0
f 2545/2545/2545 2546/2546/2546 2547/2547/2547
# material_color 0.211765 0.219608 0.239216 1.0
# s3d_label 0
f 2548/2548/2548 2549/2549/2549 2550/2550/2550
# material_color 0.211765 0.219608 0.239216 1.0
# s3d_label 0
f 2551/2551/2551 2552/2552/2552 2553/2553/2553
# material_color 0.211765 0.219608 0.239216 1.0
# s3d_label 0
f 2554/2554/2554 2555/2555/2555 2556/2556/2556
# material_color 0.211765 0.219608 0.239216 1.0
# s3d_label 0
f 2557/2557/2557 2558/2558/2558 2559/2559/2559
# material_color 0.211765 0.219608 0.239216 1.0
# s3d_label 0
f 2560/2560/2560 2561/2561/2561 2562/2562/2562
# material_color 0.211765 0.219608 0.239216 1.0
# s3d_label 0
f 2563/2563/2563 2564/2564/2564 2565/2565/2565
# material_color 0.211765 0.219608 0.239216 1.0
# s3d_label 0
f 2566/2566/2566 2567/2567/2567 2568/2568/2568
# material_color 0.211765 0.219608 0.239216 1.0
# s3d_label 0
f 2569/2569/2569 2570/2570/2570 2571/2571/2571
# material_color 0.211765 0.219608 0.239216 1.0
# s3d_label 0
f 2572/2572/2572 2573/2573/2573 2574/2574/2574
# material_color 0.211765 0.219608 0.239216 1.0
# s3d_label 0
f 2575/2575/2575 2576/2576/2576 2577/2577/2577
# material_color 0.211765 0.219608 0.239216 1.0
# s3d_label 0
f 2578/2578/2578 2579/2579/2579 2580/2580/2580
# material_color 0.211765 0.219608 0.239216 1.0
# s3d_label 0
f 2581/2581/2581 2582/2582/2582 2583/2583/2583
# material_color 0.211765 0.219608 0.239216 1.0
# s3d_label 0
f 2584/2584/2584 2585/2585/2585 2586/2586/2586
# material_color 0.211765 0.219608 0.239216 1.0
# s3d_label 0
f 2587/2587/2587 2588/2588/2588 2589/2589/2589
# material_color 0.211765 0.219608 0.239216 1.0
# s3d_label 0
f 2590/2590/2590 2591/2591/2591 2592/2592/2592
# material_color 0.211765 0.219608 0.239216 1.0
# s3d_label 0
f 2593/2593/2593 2594/2594/2594 2595/2595/2595
# material_color 0.211765 0.219608 0.239216 1.0
# s3d_label 0
f 2596/2596/2596 2597/2597/2597 2598/2598/2598
# material_color 0.211765 0.219608 0.239216 1.0
# s3d_label 0
f 2599/2599/2599 2600/2600/2600 2601/2601/2601
# material_color 0.211765 0.219608 0.239216 1.0
# s3d_label 0
f 2602/2602/2602 2603/2603/2603 2604/2604/2604
# material_color 0.211765 0.219608 0.239216 1.0
# s3d_label 0
f 2605/2605/2605 2606/2606/2606 2607/2607/2607
# material_color 0.211765 0.219608 0.239216 1.0
# s3d_label 0
f 2608/2608/2608 2609/2609/2609 2610/2610/2610
# material_color 0.211765 0.219608 0.239216 1.0
# s3d_label 0
f 2611/2611/2611 2612/2612/2612 2613/2613/2613
# material_color 0.211765 0.219608 0.239216 1.0
# s3d_label 0
f 2614/2614/2614 2615/2615/2615 2616/2616/2616
# material_color 0.211765 0.219608 0.239216 1.0
# s3d_label 0
f 2617/2617/2617 2618/2618/2618 2619/2619/2619
# material_color 0.211765 0.219608 0.239216 1.0
# s3d_label 0
f 2620/2620/2620 2621/2621/2621 2622/2622/2622
# material_color 0.211765 0.219608 0.239216 1.0
# s3d_label 0
f 2623/2623/2623 2624/2624/2624 2625/2625/2625
# material_color 0.211765 0.219608 0.239216 1.0
# s3d_label 0
f 2626/2626/2626 2627/2627/2627 2628/2628/2628
# material_color 0.211765 0.219608 0.239216 1.0
# s3d_label 0
f 2629/2629/2629 2630/2630/2630 2631/2631/2631
# material_color 0.211765 0.219608 0.239216 1.0
# s3d_label 0
f 2632/2632/2632 2633/2633/2633 2634/2634/2634
# material_color 0.211765 0.219608 0.239216 1.0
# s3d_label 0
f 2635/2635/2635 2636/2636/2636 2637/2637/2637
# material_color 0.211765 0.219608 0.239216 1.0
# s3d_label 0
f 2638/2638/2638 2639/2639/2639 2640/2640/2640
# material_color 0.211765 0.219608 0.239216 1.0
# s3d_label 0
f 2641/2641/2641 2642/2642/2642 2643/2643/2643
# material_color 0.211765 0.219608 0.239216 1.0
# s3d_label 0
f 2644/2644/2644 2645/2645/2645 2646/2646/2646
# material_color 0.211765 0.219608 0.239216 1.0
# s3d_label 0
f 2647/2647/2647 2648/2648/2648 2649/2649/2649
# material_color 0.211765 0.219608 0.239216 1.0
# s3d_label 0
f 2650/2650/2650 2651/2651/2651 2652/2652/2652
# material_color 0.211765 0.219608 0.239216 1.0
# s3d_label 0
f 2653/2653/2653 2654/2654/2654 2655/2655/2655
# material_color 0.211765 0.219608 0.239216 1.0
# s3d_label 0
f 2656/2656/2656 2657/2657/2657 2658/2658/2658
# material_color 0.211765 0.219608 0.239216 1.0
# s3d_label 0
f 2659/2659/2659 2660/2660/2660 2661/2661/2661
# material_color 0.211765 0.219608 0.239216 1.0
# s3d_label 0
f 2662/2662/2662 2663/2663/2663 2664/2664/2664
# material_color 0.211765 0.219608 0.239216 1.0
# s3d_label 0
f 2665/2665/2665 2666/2666/2666 2667/2667/2667
# material_color 0.211765 0.219608 0.239216 1.0
# s3d_label 0
f 2668/2668/2668 2669/2669/2669 2670/2670/2670
# material_color 0.211765 0.219608 0.239216 1.0
# s3d_label 0
f 2671/2671/2671 2672/2672/2672 2673/2673/2673
# material_color 0.211765 0.219608 0.239216 1.0
# s3d_label 0
f 2674/2674/2674 2675/2675/2675 2676/2676/2676
# material_color 0.211765 0.219608 0.239216 1.0
# s3d_label 0
f 2677/2677/2677 2678/2678/2678 2679/2679/2679
# material_color 0.211765 0.219608 0.239216 1.0
# s3d_label 0
f 2680/2680/2680 2681/2681/2681 2682/2682/2682
# material_color 0.211765 0.219608 0.239216 1.0
# s3d_label 0
f 2683/2683/2683 2684/2684/2684 2685/2685/2685
# material_color 0.211765 0.219608 0.239216 1.0
# s3d_label 0
f 2686/2686/2686 2687/2687/2687 2688/2688/2688
# material_color 0.211765 0.219608 0.239216 1.0
# s3d_label 0
f 2689/2689/2689 2690/2690/2690 2691/2691/2691
# material_color 0.211765 0.219608 0.239216 1.0
# s3d_label 0
f 2692/2692/2692 2693/2693/2693 2694/2694/2694
# material_color 0.211765 0.219608 0.239216 1.0
# s3d_label 0
f 2695/2695/2695 2696/2696/2696 2697/2697/2697
# material_color 0.211765 0.219608 0.239216 1.0
# s3d_label 0
f 2698/2698/2698 2699/2699/2699 2700/2700/2700
# material_color 0.211765 0.219608 0.239216 1.0
# s3d_label 0
f 2701/2701/2701 2702/2702/2702 2703/2703/2703
# material_color 0.211765 0.219608 0.239216 1.0
# s3d_label 0
f 2704/2704/2704 2705/2705/2705 2706/2706/2706
# material_color 0.211765 0.219608 0.239216 1.0
# s3d_label 0
f 2707/2707/2707 2708/2708/2708 2709/2709/2709
# material_color 0.211765 0.219608 0.239216 1.0
# s3d_label 0
f 2710/2710/2710 2711/2711/2711 2712/2712/2712
# material_color 0.211765 0.219608 0.239216 1.0
# s3d_label 0
f 2713/2713/2713 2714/2714/2714 2715/2715/2715
# material_color 0.211765 0.219608 0.239216 1.0
# s3d_label 0
f 2716/2716/2716 2717/2717/2717 2718/2718/2718
# material_color 0.211765 0.219608 0.239216 1.0
# s3d_label 0
f 2719/2719/2719 2720/2720/2720 2721/2721/2721
# material_color 0.211765 0.219608 0.239216 1.0
# s3d_label 0
f 2722/2722/2722 2723/2723/2723 2724/2724/2724
# material_color 0.211765 0.219608 0.239216 1.0
# s3d_label 0
f 2725/2725/2725 2726/2726/2726 2727/2727/2727
# material_color 0.211765 0.219608 0.239216 1.0
# s3d_label 0
f 2728/2728/2728 2729/2729/2729 2730/2730/2730
# material_color 0.211765 0.219608 0.239216 1.0
# s3d_label 0
f 2731/2731/2731 2732/2732/2732 2733/2733/2733
# material_color 0.211765 0.219608 0.239216 1.0
# s3d_label 0
f 2734/2734/2734 2735/2735/2735 2736/2736/2736
# material_color 0.211765 0.219608 0.239216 1.0
# s3d_label 0
f 2737/2737/2737 2738/2738/2738 2739/2739/2739
# material_color 0.211765 0.219608 0.239216 1.0
# s3d_label 0
f 2740/2740/2740 2741/2741/2741 2742/2742/2742
# material_color 0.211765 0.219608 0.239216 1.0
# s3d_label 0
f 2743/2743/2743 2744/2744/2744 2745/2745/2745
# material_color 0.211765 0.219608 0.239216 1.0
# s3d_label 0
f 2746/2746/2746 2747/2747/2747 2748/2748/2748
# material_color 0.211765 0.219608 0.239216 1.0
# s3d_label 0
f 2749/2749/2749 2750/2750/2750 2751/2751/2751
# material_color 0.211765 0.219608 0.239216 1.0
# s3d_label 0
f 2752/2752/2752 2753/2753/2753 2754/2754/2754
# material_color 0.211765 0.219608 0.239216 1.0
# s3d_label 0
f 2755/2755/2755 2756/2756/2756 2757/2757/2757
# material_color 0.211765 0.219608 0.239216 1.0
# s3d_label 0
f 2758/2758/2758 2759/2759/2759 2760/2760/2760
# material_color 0.211765 0.219608 0.239216 1.0
# s3d_label 0
f 2761/2761/2761 2762/2762/2762 2763/2763/2763
# material_color 0.211765 0.219608 0.239216 1.0
# s3d_label 0
f 2764/2764/2764 2765/2765/2765 2766/2766/2766
# material_color 0.211765 0.219608 0.239216 1.0
# s3d_label 0
f 2767/2767/2767 2768/2768/2768 2769/2769/2769
# material_color 0.211765 0.219608 0.239216 1.0
# s3d_label 0
f 2770/2770/2770 2771/2771/2771 2772/2772/2772
# material_color 0.211765 0.219608 0.239216 1.0
# s3d_label 0
f 2773/2773/2773 2774/2774/2774 2775/2775/2775
# material_color 0.211765 0.219608 0.239216 1.0
# s3d_label 0
f 2776/2776/2776 2777/2777/2777 2778/2778/2778
# material_color 0.211765 0.219608 0.239216 1.0
# s3d_label 0
f 2779/2779/2779 2780/2780/2780 2781/2781/2781
# material_color 0.211765 0.219608 0.239216 1.0
# s3d_label 0
f 2782/2782/2782 2783/2783/2783 2784/2784/2784
# material_color 0.211765 0.219608 0.239216 1.0
# s3d_label 0
f 2785/2785/2785 2786/2786/2786 2787/2787/2787
# material_color 0.211765 0.219608 0.239216 1.0
# s3d_label 0
f 2788/2788/2788 2789/2789/2789 2790/2790/2790
# material_color 0.211765 0.219608 0.239216 1.0
# s3d_label 0
f 2791/2791/2791 2792/2792/2792 2793/2793/2793
# material_color 0.211765 0.219608 0.239216 1.0
# s3d_label 0
f 2794/2794/2794 2795/2795/2795 2796/2796/2796
# material_color 0.211765 0.219608 0.239216 1.0
# s3d_label 0
f 2797/2797/2797 2798/2798/2798 2799/2799/2799
# material_color 0.211765 0.219608 0.239216 1.0
# s3d_label 0
f 2800/2800/2800 2801/2801/2801 2802/2802/2802
# material_color 0.211765 0.219608 0.239216 1.0
# s3d_label 0
f 2803/2803/2803 2804/2804/2804 2805/2805/2805
# material_color 0.211765 0.219608 0.239216 1.0
# s3d_label 0
f 2806/2806/2806 2807/2807/2807 2808/2808/2808
# material_color 0.211765 0.219608 0.239216 1.0
# s3d_label 0
f 2809/2809/2809 2810/2810/2810 2811/2811/2811
# material_color 0.211765 0.219608 0.239216 1.0
# s3d_label 0
f 2812/2812/2812 2813/2813/2813 2814/2814/2814
# material_color 0.211765 0.219608 0.239216 1.0
# s3d_label 0
f 2815/2815/2815 2816/2816/2816 2817/2817/2817
# material_color 0.211765 0.219608 0.239216 1.0
# s3d_label 0
f 2818/2818/2818 2819/2819/2819 2820/2820/2820
# material_color 0.211765 0.219608 0.239216 1.0
# s3d_label 0
f 2821/2821/2821 2822/2822/2822 2823/2823/2823
# material_color 0.211765 0.219608 0.239216 1.0
# s3d_label 0
f 2824/2824/2824 2825/2825/2825 2826/2826/2826
# material_color 0.211765 0.219608 0.239216 1.0
# s3d_label 0
f 2827/2827/2827 2828/2828/2828 2829/2829/2829
# material_color 0.211765 0.219608 0.239216 1.0
# s3d_label 0
f 2830/2830/2830 2831/2831/2831 2832/2832/2832
# material_color 0.211765 0.219608 0.239216 1.0
# s3d_label 0
f 2833/2833/2833 2834/2834/2834 2835/2835/2835
# material_color 0.211765 0.219608 0.239216 1.0
# s3d_label 0
f 2836/2836/2836 2837/2837/2837 2838/2838/2838
# material_color 0.211765 0.219608 0.239216 1.0
# s3d_label 0
f 2839/2839/2839 2840/2840/2840 2841/2841/2841
# material_color 0.211765 0.219608 0.239216 1.0
# s3d_label 0
f 2842/2842/2842 2843/2843/2843 2844/2844/2844
# material_color 0.211765 0.219608 0.239216 1.0
# s3d_label 0
f 2845/2845/2845 2846/2846/2846 2847/2847/2847
# material_color 0.211765 0.219608 0.239216 1.0
# s3d_label 0
f 2848/2848/2848 2849/2849/2849 2850/2850/2850
# material_color 0.211765 0.219608 0.239216 1.0
# s3d_label 0
f 2851/2851/2851 2852/2852/2852 2853/2853/2853
# material_color 0.211765 0.219608 0.239216 1.0
# s3d_label 0
f 2854/2854/2854 2855/2855/2855 2856/2856/2856
# material_color 0.211765 0.219608 0.239216 1.0
# s3d_label 0
f 2857/2857/2857 2858/2858/2858 2859/2859/2859
# material_color 0.211765 0.219608 0.239216 1.0
# s3d_label 0
f 2860/2860/2860 2861/2861/2861 2862/2862/2862
# material_color 0.211765 0.219608 0.239216 1.0
# s3d_label 0
f 2863/2863/2863 2864/2864/2864 2865/2865/2865
# material_color 0.211765 0.219608 0.239216 1.0
# s3d_label 0
f 2866/2866/2866 2867/2867/2867 2868/2868/2868
# material_color 0.211765 0.219608 0.239216 1.0
# s3d_label 0
f 2869/2869/2869 2870/2870/2870 2871/2871/2871
# material_color 0.211765 0.219608 0.239216 1.0
# s3d_label 0
f 2872/2872/2872 2873/2873/2873 2874/2874/2874
# material_color 0.211765 0.219608 0.239216 1.0
# s3d_label 0
f 2875/2875/2875 2876/2876/2876 2877/2877/2877
# material_color 0.211765 0.219608 0.239216 1.0
# s3d_label 0
f 2878/2878/2878 2879/2879/2879 2880/2880/2880
# material_color 0.211765 0.219608 0.239216 1.0
# s3d_label 0
f 2881/2881/2881 2882/2882/2882 2883/2883/2883
# material_color 0.211765 0.219608 0.239216 1.0
# s3d_label 0
f 2884/2884/2884 2885/2885/2885 2886/2886/2886
# material_color 0.211765 0.219608 0.239216 1.0
# s3d_label 0
f 2887/2887/2887 2888/2888/2888 2889/2889/2889
# material_color 0.211765 0.219608 0.239216 1.0
# s3d_label 0
f 2890/2890/2890 2891/2891/2891 2892/2892/2892
# material_color 0.211765 0.219608 0.239216 1.0
# s3d_label 0
f 2893/2893/2893 2894/2894/2894 2895/2895/2895
# material_color 0.211765 0.219608 0.239216 1.0
# s3d_label 0
f 2896/2896/2896 2897/2897/2897 2898/2898/2898
# material_color 0.211765 0.219608 0.239216 1.0
# s3d_label 0
f 2899/2899/2899 2900/2900/2900 2901/2901/2901
# material_color 0.211765 0.219608 0.239216 1.0
# s3d_label 0
f 2902/2902/2902 2903/2903/2903 2904/2904/2904
# material_color 0.211765 0.219608 0.239216 1.0
# s3d_label 0
f 2905/2905/2905 2906/2906/2906 2907/2907/2907
# material_color 0.211765 0.219608 0.239216 1.0
# s3d_label 0
f 2908/2908/2908 2909/2909/2909 2910/2910/2910
# material_color 0.211765 0.219608 0.239216 1.0
# s3d_label 0
f 2911/2911/2911 2912/2912/2912 2913/2913/2913
# material_color 0.211765 0.219608 0.239216 1.0
# s3d_label 0
f 2914/2914/2914 2915/2915/2915 2916/2916/2916
# material_color 0.211765 0.219608 0.239216 1.0
# s3d_label 0
f 2917/2917/2917 2918/2918/2918 2919/2919/2919
# material_color 0.211765 0.219608 0.239216 1.0
# s3d_label 0
f 2920/2920/2920 2921/2921/2921 2922/2922/2922
# material_color 0.211765 0.219608 0.239216 1.0
# s3d_label 0
f 2923/2923/2923 2924/2924/2924 2925/2925/2925
# material_color 0.211765 0.219608 0.239216 1.0
# s3d_label 0
f 2926/2926/2926 2927/2927/2927 2928/2928/2928
# material_color 0.211765 0.219608 0.239216 1.0
# s3d_label 0
f 2929/2929/2929 2930/2930/2930 2931/2931/2931
# material_color 0.211765 0.219608 0.239216 1.0
# s3d_label 0
f 2932/2932/2932 2933/2933/2933 2934/2934/2934
# material_color 0.211765 0.219608 0.239216 1.0
# s3d_label 0
f 2935/2935/2935 2936/2936/2936 2937/2937/2937
# material_color 0.211765 0.219608 0.239216 1.0
# s3d_label 0
f 2938/2938/2938 2939/2939/2939 2940/2940/2940
# material_color 0.211765 0.219608 0.239216 1.0
# s3d_label 0
f 2941/2941/2941 2942/2942/2942 2943/2943/2943
# material_color 0.211765 0.219608 0.239216 1.0
# s3d_label 0
f 2944/2944/2944 2945/2945/2945 2946/2946/2946
# material_color 0.211765 0.219608 0.239216 1.0
# s3d_label 0
f 2947/2947/2947 2948/2948/2948 2949/2949/2949
# material_color 0.211765 0.219608 0.239216 1.0
# s3d_label 0
f 2950/2950/2950 2951/2951/2951 2952/2952/2952
# material_color 0.211765 0.219608 0.239216 1.0
# s3d_label 0
f 2953/2953/2953 2954/2954/2954 2955/2955/2955
# material_color 0.211765 0.219608 0.239216 1.0
# s3d_label 0
f 2956/2956/2956 2957/2957/2957 2958/2958/2958
# material_color 0.211765 0.219608 0.239216 1.0
# s3d_label 0
f 2959/2959/2959 2960/2960/2960 2961/2961/2961
# material_color 0.211765 0.219608 0.239216 1.0
# s3d_label 0
f 2962/2962/2962 2963/2963/2963 2964/2964/2964
# material_color 0.211765 0.219608 0.239216 1.0
# s3d_label 0
f 2965/2965/2965 2966/2966/2966 2967/2967/2967
# material_color 0.211765 0.219608 0.239216 1.0
# s3d_label 0
f 2968/2968/2968 2969/2969/2969 2970/2970/2970
# material_color 0.211765 0.219608 0.239216 1.0
# s3d_label 0
f 2971/2971/2971 2972/2972/2972 2973/2973/2973
# material_color 0.211765 0.219608 0.239216 1.0
# s3d_label 0
f 2974/2974/2974 2975/2975/2975 2976/2976/2976
# material_color 0.211765 0.219608 0.239216 1.0
# s3d_label 0
f 2977/2977/2977 2978/2978/2978 2979/2979/2979
# material_color 0.211765 0.219608 0.239216 1.0
# s3d_label 0
f 2980/2980/2980 2981/2981/2981 2982/2982/2982
# material_color 0.211765 0.219608 0.239216 1.0
# s3d_label 0
f 2983/2983/2983 2984/2984/2984 2985/2985/2985
# material_color 0.211765 0.219608 0.239216 1.0
# s3d_label 0
f 2986/2986/2986 2987/2987/2987 2988/2988/2988
# material_color 0.211765 0.219608 0.239216 1.0
# s3d_label 0
f 2989/2989/2989 2990/2990/2990 2991/2991/2991
# material_color 0.211765 0.219608 0.239216 1.0
# s3d_label 0
f 2992/2992/2992 2993/2993/2993 2994/2994/2994
# material_color 0.211765 0.219608 0.239216 1.0
# s3d_label 0
f 2995/2995/2995 2996/2996/2996 2997/2997/2997
# material_color 0.211765 0.219608 0.239216 1.0
# s3d_label 0
f 2998/2998/2998 2999/2999/2999 3000/3000/3000
# material_color 0.211765 0.219608 0.239216 1.0
# s3d_label 0
f 3001/3001/3001 3002/3002/3002 3003/3003/3003
# material_color 0.211765 0.219608 0.239216 1.0
# s3d_label 0
f 3004/3004/3004 3005/3005/3005 3006/3006/3006
# material_color 0.211765 0.219608 0.239216 1.0
# s3d_label 0
f 3007/3007/3007 3008/3008/3008 3009/3009/3009
# material_color 0.211765 0.219608 0.239216 1.0
# s3d_label 0
f 3010/3010/3010 3011/3011/3011 3012/3012/3012
# material_color 0.211765 0.219608 0.239216 1.0
# s3d_label 0
f 3013/3013/3013 3014/3014/3014 3015/3015/3015
# material_color 0.211765 0.219608 0.239216 1.0
# s3d_label 0
f 3016/3016/3016 3017/3017/3017 3018/3018/3018
# material_color 0.211765 0.219608 0.239216 1.0
# s3d_label 0
f 3019/3019/3019 3020/3020/3020 3021/3021/3021
# material_color 0.211765 0.219608 0.239216 1.0
# s3d_label 0
f 3022/3022/3022 3023/3023/3023 3024/3024/3024
# material_color 0.211765 0.219608 0.239216 1.0
# s3d_label 0
f 3025/3025/3025 3026/3026/3026 3027/3027/3027
# material_color 0.211765 0.219608 0.239216 1.0
# s3d_label 0
f 3028/3028/3028 3029/3029/3029 3030/3030/3030
# material_color 0.211765 0.219608 0.239216 1.0
# s3d_label 0
f 3031/3031/3031 3032/3032/3032 3033/3033/3033
# material_color 0.211765 0.219608 0.239216 1.0
# s3d_label 0
f 3034/3034/3034 3035/3035/3035 3036/3036/3036
# material_color 0.211765 0.219608 0.239216 1.0
# s3d_label 0
f 3037/3037/3037 3038/3038/3038 3039/3039/3039
# material_color 0.211765 0.219608 0.239216 1.0
# s3d_label 0
f 3040/3040/3040 3041/3041/3041 3042/3042/3042
# material_color 0.211765 0.219608 0.239216 1.0
# s3d_label 0
f 3043/3043/3043 3044/3044/3044 3045/3045/3045
# material_color 0.211765 0.219608 0.239216 1.0
# s3d_label 0
f 3046/3046/3046 3047/3047/3047 3048/3048/3048
# material_color 0.211765 0.219608 0.239216 1.0
# s3d_label 0
f 3049/3049/3049 3050/3050/3050 3051/3051/3051
# material_color 0.211765 0.219608 0.239216 1.0
# s3d_label 0
f 3052/3052/3052 3053/3053/3053 3054/3054/3054
# material_color 0.211765 0.219608 0.239216 1.0
# s3d_label 0
f 3055/3055/3055 3056/3056/3056 3057/3057/3057
# material_color 0.211765 0.219608 0.239216 1.0
# s3d_label 0
f 3058/3058/3058 3059/3059/3059 3060/3060/3060
# material_color 0.211765 0.219608 0.239216 1.0
# s3d_label 0
f 3061/3061/3061 3062/3062/3062 3063/3063/3063
# material_color 0.211765 0.219608 0.239216 1.0
# s3d_label 0
f 3064/3064/3064 3065/3065/3065 3066/3066/3066
# material_color 0.211765 0.219608 0.239216 1.0
# s3d_label 0
f 3067/3067/3067 3068/3068/3068 3069/3069/3069
# material_color 0.211765 0.219608 0.239216 1.0
# s3d_label 0
f 3070/3070/3070 3071/3071/3071 3072/3072/3072
# material_color 0.211765 0.219608 0.239216 1.0
# s3d_label 0
f 3073/3073/3073 3074/3074/3074 3075/3075/3075
# material_color 0.211765 0.219608 0.239216 1.0
# s3d_label 0
f 3076/3076/3076 3077/3077/3077 3078/3078/3078
# material_color 0.211765 0.219608 0.239216 1.0
# s3d_label 0
f 3079/3079/3079 3080/3080/3080 3081/3081/3081
# material_color 0.211765 0.219608 0.239216 1.0
# s3d_label 0
f 3082/3082/3082 3083/3083/3083 3084/3084/3084
# material_color 0.211765 0.219608 0.239216 1.0
# s3d_label 0
f 3085/3085/3085 3086/3086/3086 3087/3087/3087
# material_color 0.211765 0.219608 0.239216 1.0
# s3d_label 0
f 3088/3088/3088 3089/3089/3089 3090/3090/3090
# material_color 0.211765 0.219608 0.239216 1.0
# s3d_label 0
f 3091/3091/3091 3092/3092/3092 3093/3093/3093
# material_color 0.211765 0.219608 0.239216 1.0
# s3d_label 0
f 3094/3094/3094 3095/3095/3095 3096/3096/3096
# material_color 0.211765 0.219608 0.239216 1.0
# s3d_label 0
f 3097/3097/3097 3098/3098/3098 3099/3099/3099
# material_color 0.211765 0.219608 0.239216 1.0
# s3d_label 0
f 3100/3100/3100 3101/3101/3101 3102/3102/3102
# material_color 0.211765 0.219608 0.239216 1.0
# s3d_label 0
f 3103/3103/3103 3104/3104/3104 3105/3105/3105
# material_color 0.211765 0.219608 0.239216 1.0
# s3d_label 0
f 3106/3106/3106 3107/3107/3107 3108/3108/3108
# material_color 0.211765 0.219608 0.239216 1.0
# s3d_label 0
f 3109/3109/3109 3110/3110/3110 3111/3111/3111
# material_color 0.211765 0.219608 0.239216 1.0
# s3d_label 0
f 3112/3112/3112 3113/3113/3113 3114/3114/3114
# material_color 0.211765 0.219608 0.239216 1.0
# s3d_label 0
f 3115/3115/3115 3116/3116/3116 3117/3117/3117
# material_color 0.211765 0.219608 0.239216 1.0
# s3d_label 0
f 3118/3118/3118 3119/3119/3119 3120/3120/3120
# material_color 0.211765 0.219608 0.239216 1.0
# s3d_label 0
f 3121/3121/3121 3122/3122/3122 3123/3123/3123
# material_color 0.211765 0.219608 0.239216 1.0
# s3d_label 0
f 3124/3124/3124 3125/3125/3125 3126/3126/3126
# material_color 0.211765 0.219608 0.239216 1.0
# s3d_label 0
f 3127/3127/3127 3128/3128/3128 3129/3129/3129
# material_color 0.211765 0.219608 0.239216 1.0
# s3d_label 0
f 3130/3130/3130 3131/3131/3131 3132/3132/3132
# material_color 0.211765 0.219608 0.239216 1.0
# s3d_label 0
f 3133/3133/3133 3134/3134/3134 3135/3135/3135
# material_color 0.211765 0.219608 0.239216 1.0
# s3d_label 0
f 3136/3136/3136 3137/3137/3137 3138/3138/3138
# material_color 0.211765 0.219608 0.239216 1.0
# s3d_label 0
f 3139/3139/3139 3140/3140/3140 3141/3141/3141
# material_color 0.211765 0.219608 0.239216 1.0
# s3d_label 0
f 3142/3142/3142 3143/3143/3143 3144/3144/3144
# material_color 0.211765 0.219608 0.239216 1.0
# s3d_label 0
f 3145/3145/3145 3146/3146/3146 3147/3147/3147
# material_color 0.211765 0.219608 0.239216 1.0
# s3d_label 0
f 3148/3148/3148 3149/3149/3149 3150/3150/3150
# material_color 0.211765 0.219608 0.239216 1.0
# s3d_label 0
f 3151/3151/3151 3152/3152/3152 3153/3153/3153
# material_color 0.211765 0.219608 0.239216 1.0
# s3d_label 0
f 3154/3154/3154 3155/3155/3155 3156/3156/3156
# material_color 0.211765 0.219608 0.239216 1.0
# s3d_label 0
f 3157/3157/3157 3158/3158/3158 3159/3159/3159
# material_color 0.211765 0.219608 0.239216 1.0
# s3d_label 0
f 3160/3160/3160 3161/3161/3161 3162/3162/3162
# material_color 0.211765 0.219608 0.239216 1.0
# s3d_label 0
f 3163/3163/3163 3164/3164/3164 3165/3165/3165
# material_color 0.211765 0.219608 0.239216 1.0
# s3d_label 0
f 3166/3166/3166 3167/3167/3167 3168/3168/3168
# material_color 0.211765 0.219608 0.239216 1.0
# s3d_label 0
f 3169/3169/3169 3170/3170/3170 3171/3171/3171
# material_color 0.211765 0.219608 0.239216 1.0
# s3d_label 0
f 3172/3172/3172 3173/3173/3173 3174/3174/3174
# material_color 0.211765 0.219608 0.239216 1.0
# s3d_label 0
f 3175/3175/3175 3176/3176/3176 3177/3177/3177
# material_color 0.211765 0.219608 0.239216 1.0
# s3d_label 0
f 3178/3178/3178 3179/3179/3179 3180/3180/3180
# material_color 0.211765 0.219608 0.239216 1.0
# s3d_label 0
f 3181/3181/3181 3182/3182/3182 3183/3183/3183
# material_color 0.211765 0.219608 0.239216 1.0
# s3d_label 0
f 3184/3184/3184 3185/3185/3185 3186/3186/3186
# material_color 0.211765 0.219608 0.239216 1.0
# s3d_label 0
f 3187/3187/3187 3188/3188/3188 3189/3189/3189
# material_color 0.211765 0.219608 0.239216 1.0
# s3d_label 0
f 3190/3190/3190 3191/3191/3191 3192/3192/3192
# material_color 0.211765 0.219608 0.239216 1.0
# s3d_label 0
f 3193/3193/3193 3194/3194/3194 3195/3195/3195
# material_color 0.211765 0.219608 0.239216 1.0
# s3d_label 0
f 3196/3196/3196 3197/3197/3197 3198/3198/3198
# material_color 0.211765 0.219608 0.239216 1.0
# s3d_label 0
f 3199/3199/3199 3200/3200/3200 3201/3201/3201
# material_color 0.211765 0.219608 0.239216 1.0
# s3d_label 0
f 3202/3202/3202 3203/3203/3203 3204/3204/3204
# material_color 0.211765 0.219608 0.239216 1.0
# s3d_label 0
f 3205/3205/3205 3206/3206/3206 3207/3207/3207
# material_color 0.211765 0.219608 0.239216 1.0
# s3d_label 0
f 3208/3208/3208 3209/3209/3209 3210/3210/3210
# material_color 0.211765 0.219608 0.239216 1.0
# s3d_label 0
f 3211/3211/3211 3212/3212/3212 3213/3213/3213
# material_color 0.211765 0.219608 0.239216 1.0
# s3d_label 0
f 3214/3214/3214 3215/3215/3215 3216/3216/3216
# material_color 0.211765 0.219608 0.239216 1.0
# s3d_label 0
f 3217/3217/3217 3218/3218/3218 3219/3219/3219
# material_color 0.211765 0.219608 0.239216 1.0
# s3d_label 0
f 3220/3220/3220 3221/3221/3221 3222/3222/3222
# material_color 0.211765 0.219608 0.239216 1.0
# s3d_label 0
f 3223/3223/3223 3224/3224/3224 3225/3225/3225
# material_color 0.211765 0.219608 0.239216 1.0
# s3d_label 0
f 3226/3226/3226 3227/3227/3227 3228/3228/3228
# material_color 0.211765 0.219608 0.239216 1.0
# s3d_label 0
f 3229/3229/3229 3230/3230/3230 3231/3231/3231
# material_color 0.211765 0.219608 0.239216 1.0
# s3d_label 0
f 3232/3232/3232 3233/3233/3233 3234/3234/3234
# material_color 0.211765 0.219608 0.239216 1.0
# s3d_label 0
f 3235/3235/3235 3236/3236/3236 3237/3237/3237
# material_color 0.211765 0.219608 0.239216 1.0
# s3d_label 0
f 3238/3238/3238 3239/3239/3239 3240/3240/3240
# material_color 0.211765 0.219608 0.239216 1.0
# s3d_label 0
f 3241/3241/3241 3242/3242/3242 3243/3243/3243
# material_color 0.211765 0.219608 0.239216 1.0
# s3d_label 0
f 3244/3244/3244 3245/3245/3245 3246/3246/3246
# material_color 0.211765 0.219608 0.239216 1.0
# s3d_label 0
f 3247/3247/3247 3248/3248/3248 3249/3249/3249
# material_color 0.211765 0.219608 0.239216 1.0
# s3d_label 0
f 3250/3250/3250 3251/3251/3251 3252/3252/3252
# material_color 0.211765 0.219608 0.239216 1.0
# s3d_label 0
f 3253/3253/3253 3254/3254/3254 3255/3255/3255
# material_color 0.211765 0.219608 0.239216 1.0
# s3d_label 0
f 3256/3256/3256 3257/3257/3257 3258/3258/3258
# material_color 0.211765 0.219608 0.239216 1.0
# s3d_label 0
f 3259/3259/3259 3260/3260/3260 3261/3261/3261
# material_color 0.211765 0.219608 0.239216 1.0
# s3d_label 0
f 3262/3262/3262 3263/3263/3263 3264/3264/3264
# material_color 0.211765 0.219608 0.239216 1.0
# s3d_label 0
f 3265/3265/3265 3266/3266/3266 3267/3267/3267
# material_color 0.211765 0.219608 0.239216 1.0
# s3d_label 0
f 3268/3268/3268 3269/3269/3269 3270/3270/3270
# material_color 0.211765 0.219608 0.239216 1.0
# s3d_label 0
f 3271/3271/3271 3272/3272/3272 3273/3273/3273
# material_color 0.211765 0.219608 0.239216 1.0
# s3d_label 0
f 3274/3274/3274 3275/3275/3275 3276/3276/3276
# material_color 0.211765 0.219608 0.239216 1.0
# s3d_label 0
f 3277/3277/3277 3278/3278/3278 3279/3279/3279
# material_color 0.211765 0.219608 0.239216 1.0
# s3d_label 0
f 3280/3280/3280 3281/3281/3281 3282/3282/3282
# material_color 0.211765 0.219608 0.239216 1.0
# s3d_label 0
f 3283/3283/3283 3284/3284/3284 3285/3285/3285
# material_color 0.211765 0.219608 0.239216 1.0
# s3d_label 0
f 3286/3286/3286 3287/3287/3287 3288/3288/3288
# material_color 0.211765 0.219608 0.239216 1.0
# s3d_label 0
f 3289/3289/3289 3290/3290/3290 3291/3291/3291
# material_color 0.211765 0.219608 0.239216 1.0
# s3d_label 0
f 3292/3292/3292 3293/3293/3293 3294/3294/3294
# material_color 0.211765 0.219608 0.239216 1.0
# s3d_label 0
f 3295/3295/3295 3296/3296/3296 3297/3297/3297
# material_color 0.211765 0.219608 0.239216 1.0
# s3d_label 0
f 3298/3298/3298 3299/3299/3299 3300/3300/3300
# material_color 0.211765 0.219608 0.239216 1.0
# s3d_label 0
f 3301/3301/3301 3302/3302/3302 3303/3303/3303
# material_color 0.211765 0.219608 0.239216 1.0
# s3d_label 0
f 3304/3304/3304 3305/3305/3305 3306/3306/3306
# material_color 0.211765 0.219608 0.239216 1.0
# s3d_label 0
f 3307/3307/3307 3308/3308/3308 3309/3309/3309
# material_color 0.211765 0.219608 0.239216 1.0
# s3d_label 0
f 3310/3310/3310 3311/3311/3311 3312/3312/3312
# material_color 0.211765 0.219608 0.239216 1.0
# s3d_label 0
f 3313/3313/3313 3314/3314/3314 3315/3315/3315
# material_color 0.211765 0.219608 0.239216 1.0
# s3d_label 0
f 3316/3316/3316 3317/3317/3317 3318/3318/3318
# material_color 0.211765 0.219608 0.239216 1.0
# s3d_label 0
f 3319/3319/3319 3320/3320/3320 3321/3321/3321
# material_color 0.211765 0.219608 0.239216 1.0
# s3d_label 0
f 3322/3322/3322 3323/3323/3323 3324/3324/3324
# material_color 0.211765 0.219608 0.239216 1.0
# s3d_label 0
f 3325/3325/3325 3326/3326/3326 3327/3327/3327
# material_color 0.211765 0.219608 0.239216 1.0
# s3d_label 0
f 3328/3328/3328 3329/3329/3329 3330/3330/3330
# material_color 0.211765 0.219608 0.239216 1.0
# s3d_label 0
f 3331/3331/3331 3332/3332/3332 3333/3333/3333
# material_color 0.211765 0.219608 0.239216 1.0
# s3d_label 0
f 3334/3334/3334 3335/3335/3335 3336/3336/3336
# material_color 0.211765 0.219608 0.239216 1.0
# s3d_label 0
f 3337/3337/3337 3338/3338/3338 3339/3339/3339
# material_color 0.211765 0.219608 0.239216 1.0
# s3d_label 0
f 3340/3340/3340 3341/3341/3341 3342/3342/3342
# material_color 0.211765 0.219608 0.239216 1.0
# s3d_label 0
f 3343/3343/3343 3344/3344/3344 3345/3345/3345
# material_color 0.211765 0.219608 0.239216 1.0
# s3d_label 0
f 3346/3346/3346 3347/3347/3347 3348/3348/3348
# material_color 0.211765 0.219608 0.239216 1.0
# s3d_label 0
f 3349/3349/3349 3350/3350/3350 3351/3351/3351
# material_color 0.211765 0.219608 0.239216 1.0
# s3d_label 0
f 3352/3352/3352 3353/3353/3353 3354/3354/3354
# material_color 0.211765 0.219608 0.239216 1.0
# s3d_label 0
f 3355/3355/3355 3356/3356/3356 3357/3357/3357
# material_color 0.211765 0.219608 0.239216 1.0
# s3d_label 0
f 3358/3358/3358 3359/3359/3359 3360/3360/3360
# material_color 0.211765 0.219608 0.239216 1.0
# s3d_label 0
f 3361/3361/3361 3362/3362/3362 3363/3363/3363
# material_color 0.211765 0.219608 0.239216 1.0
# s3d_label 0
f 3364/3364/3364 3365/3365/3365 3366/3366/3366
# material_color 0.211765 0.219608 0.239216 1.0
# s3d_label 0
f 3367/3367/3367 3368/3368/3368 3369/3369/3369
# material_color 0.211765 0.219608 0.239216 1.0
# s3d_label 0
f 3370/3370/3370 3371/3371/3371 3372/3372/3372
# material_color 0.211765 0.219608 0.239216 1.0
# s3d_label 0
f 3373/3373/3373 3374/3374/3374 3375/3375/3375
# material_color 0.211765 0.219608 0.239216 1.0
# s3d_label 0
f 3376/3376/3376 3377/3377/3377 3378/3378/3378
# material_color 0.211765 0.219608 0.239216 1.0
# s3d_label 0
f 3379/3379/3379 3380/3380/3380 3381/3381/3381
# material_color 0.211765 0.219608 0.239216 1.0
# s3d_label 0
f 3382/3382/3382 3383/3383/3383 3384/3384/3384
# material_color 0.211765 0.219608 0.239216 1.0
# s3d_label 0
f 3385/3385/3385 3386/3386/3386 3387/3387/3387
# material_color 0.211765 0.219608 0.239216 1.0
# s3d_label 0
f 3388/3388/3388 3389/3389/3389 3390/3390/3390
# material_color 0.211765 0.219608 0.239216 1.0
# s3d_label 0
f 3391/3391/3391 3392/3392/3392 3393/3393/3393
# material_color 0.211765 0.219608 0.239216 1.0
# s3d_label 0
f 3394/3394/3394 3395/3395/3395 3396/3396/3396
# material_color 0.211765 0.219608 0.239216 1.0
# s3d_label 0
f 3397/3397/3397 3398/3398/3398 3399/3399/3399
# material_color 0.211765 0.219608 0.239216 1.0
# s3d_label 0
f 3400/3400/3400 3401/3401/3401 3402/3402/3402
# material_color 0.211765 0.219608 0.239216 1.0
# s3d_label 0
f 3403/3403/3403 3404/3404/3404 3405/3405/3405
# material_color 0.211765 0.219608 0.239216 1.0
# s3d_label 0
f 3406/3406/3406 3407/3407/3407 3408/3408/3408
# material_color 0.211765 0.219608 0.239216 1.0
# s3d_label 0
f 3409/3409/3409 3410/3410/3410 3411/3411/3411
# material_color 0.211765 0.219608 0.239216 1.0
# s3d_label 0
f 3412/3412/3412 3413/3413/3413 3414/3414/3414
# material_color 0.211765 0.219608 0.239216 1.0
# s3d_label 0
f 3415/3415/3415 3416/3416/3416 3417/3417/3417
# material_color 0.211765 0.219608 0.239216 1.0
# s3d_label 0
f 3418/3418/3418 3419/3419/3419 3420/3420/3420
# material_color 0.211765 0.219608 0.239216 1.0
# s3d_label 0
f 3421/3421/3421 3422/3422/3422 3423/3423/3423
# material_color 0.211765 0.219608 0.239216 1.0
# s3d_label 0
f 3424/3424/3424 3425/3425/3425 3426/3426/3426
# material_color 0.211765 0.219608 0.239216 1.0
# s3d_label 0
f 3427/3427/3427 3428/3428/3428 3429/3429/3429
# material_color 0.211765 0.219608 0.239216 1.0
# s3d_label 0
f 3430/3430/3430 3431/3431/3431 3432/3432/3432
# material_color 0.211765 0.219608 0.239216 1.0
# s3d_label 0
f 3433/3433/3433 3434/3434/3434 3435/3435/3435
# material_color 0.211765 0.219608 0.239216 1.0
# s3d_label 0
f 3436/3436/3436 3437/3437/3437 3438/3438/3438
# material_color 0.211765 0.219608 0.239216 1.0
# s3d_label 0
f 3439/3439/3439 3440/3440/3440 3441/3441/3441
# material_color 0.211765 0.219608 0.239216 1.0
# s3d_label 0
f 3442/3442/3442 3443/3443/3443 3444/3444/3444
# material_color 0.211765 0.219608 0.239216 1.0
# s3d_label 0
f 3445/3445/3445 3446/3446/3446 3447/3447/3447
# material_color 0.211765 0.219608 0.239216 1.0
# s3d_label 0
f 3448/3448/3448 3449/3449/3449 3450/3450/3450
# material_color 0.211765 0.219608 0.239216 1.0
# s3d_label 0
f 3451/3451/3451 3452/3452/3452 3453/3453/3453
# material_color 0.211765 0.219608 0.239216 1.0
# s3d_label 0
f 3454/3454/3454 3455/3455/3455 3456/3456/3456
# material_color 0.211765 0.219608 0.239216 1.0
# s3d_label 0
f 3457/3457/3457 3458/3458/3458 3459/3459/3459
# material_color 0.211765 0.219608 0.239216 1.0
# s3d_label 0
f 3460/3460/3460 3461/3461/3461 3462/3462/3462
# material_color 0.211765 0.219608 0.239216 1.0
# s3d_label 0
f 3463/3463/3463 3464/3464/3464 3465/3465/3465
# material_color 0.211765 0.219608 0.239216 1.0
# s3d_label 0
f 3466/3466/3466 3467/3467/3467 3468/3468/3468
# material_color 0.211765 0.219608 0.239216 1.0
# s3d_label 0
f 3469/3469/3469 3470/3470/3470 3471/3471/3471
# material_color 0.211765 0.219608 0.239216 1.0
# s3d_label 0
f 3472/3472/3472 3473/3473/3473 3474/3474/3474
# material_color 0.211765 0.219608 0.239216 1.0
# s3d_label 0
f 3475/3475/3475 3476/3476/3476 3477/3477/3477
# material_color 0.211765 0.219608 0.239216 1.0
# s3d_label 0
f 3478/3478/3478 3479/3479/3479 3480/3480/3480
# material_color 0.211765 0.219608 0.239216 1.0
# s3d_label 0
f 3481/3481/3481 3482/3482/3482 3483/3483/3483
# material_color 0.211765 0.219608 0.239216 1.0
# s3d_label 0
f 3484/3484/3484 3485/3485/3485 3486/3486/3486
# material_color 0.211765 0.219608 0.239216 1.0
# s3d_label 0
f 3487/3487/3487 3488/3488/3488 3489/3489/3489
# material_color 0.211765 0.219608 0.239216 1.0
# s3d_label 0
f 3490/3490/3490 3491/3491/3491 3492/3492/3492
# material_color 0.211765 0.219608 0.239216 1.0
# s3d_label 0
f 3493/3493/3493 3494/3494/3494 3495/3495/3495
# material_color 0.211765 0.219608 0.239216 1.0
# s3d_label 0
f 3496/3496/3496 3497/3497/3497 3498/3498/3498
# material_color 0.211765 0.219608 0.239216 1.0
# s3d_label 0
f 3499/3499/3499 3500/3500/3500 3501/3501/3501
# material_color 0.211765 0.219608 0.239216 1.0
# s3d_label 0
f 3502/3502/3502 3503/3503/3503 3504/3504/3504
# material_color 0.211765 0.219608 0.239216 1.0
# s3d_label 0
f 3505/3505/3505 3506/3506/3506 3507/3507/3507
# material_color 0.211765 0.219608 0.239216 1.0
# s3d_label 0
f 3508/3508/3508 3509/3509/3509 3510/3510/3510
# material_color 0.211765 0.219608 0.239216 1.0
# s3d_label 0
f 3511/3511/3511 3512/3512/3512 3513/3513/3513
# material_color 0.211765 0.219608 0.239216 1.0
# s3d_label 0
f 3514/3514/3514 3515/3515/3515 3516/3516/3516
# material_color 0.211765 0.219608 0.239216 1.0
# s3d_label 0
f 3517/3517/3517 3518/3518/3518 3519/3519/3519
# material_color 0.211765 0.219608 0.239216 1.0
# s3d_label 0
f 3520/3520/3520 3521/3521/3521 3522/3522/3522
# material_color 0.211765 0.219608 0.239216 1.0
# s3d_label 0
f 3523/3523/3523 3524/3524/3524 3525/3525/3525
# material_color 0.211765 0.219608 0.239216 1.0
# s3d_label 0
f 3526/3526/3526 3527/3527/3527 3528/3528/3528
# material_color 0.211765 0.219608 0.239216 1.0
# s3d_label 1
f 3529/3529/3529 3530/3530/3530 3531/3531/3531
# material_color 0.211765 0.219608 0.239216 1.0
# s3d_label 1
f 3532/3532/3532 3533/3533/3533 3534/3534/3534
# material_color 0.211765 0.219608 0.239216 1.0
# s3d_label 1
f 3535/3535/3535 3536/3536/3536 3537/3537/3537
# material_color 0.211765 0.219608 0.239216 1.0
# s3d_label 1
f 3538/3538/3538 3539/3539/3539 3540/3540/3540
# material_color 0.211765 0.219608 0.239216 1.0
# s3d_label 1
f 3541/3541/3541 3542/3542/3542 3543/3543/3543
# material_color 0.211765 0.219608 0.239216 1.0
# s3d_label 1
f 3544/3544/3544 3545/3545/3545 3546/3546/3546
# material_color 0.211765 0.219608 0.239216 1.0
# s3d_label 1
f 3547/3547/3547 3548/3548/3548 3549/3549/3549
# material_color 0.211765 0.219608 0.239216 1.0
# s3d_label 1
f 3550/3550/3550 3551/3551/3551 3552/3552/3552
# material_color 0.211765 0.219608 0.239216 1.0
# s3d_label 1
f 3553/3553/3553 3554/3554/3554 3555/3555/3555
# material_color 0.211765 0.219608 0.239216 1.0
# s3d_label 1
f 3556/3556/3556 3557/3557/3557 3558/3558/3558
# material_color 0.211765 0.219608 0.239216 1.0
# s3d_label 1
f 3559/3559/3559 3560/3560/3560 3561/3561/3561
# material_color 0.211765 0.219608 0.239216 1.0
# s3d_label 1
f 3562/3562/3562 3563/3563/3563 3564/3564/3564
# material_color 0.211765 0.219608 0.239216 1.0
# s3d_label 1
f 3565/3565/3565 3566/3566/3566 3567/3567/3567
# material_color 0.211765 0.219608 0.239216 1.0
# s3d_label 1
f 3568/3568/3568 3569/3569/3569 3570/3570/3570
# material_color 0.211765 0.219608 0.239216 1.0
# s3d_label 1
f 3571/3571/3571 3572/3572/3572 3573/3573/3573
# material_color 0.211765 0.219608 0.239216 1.0
# s3d_label 1
f 3574/3574/3574 3575/3575/3575 3576/3576/3576
# material_color 0.211765 0.219608 0.239216 1.0
# s3d_label 1
f 3577/3577/3577 3578/3578/3578 3579/3579/3579
# material_color 0.211765 0.219608 0.239216 1.0
# s3d_label 1
f 3580/3580/3580 3581/3581/3581 3582/3582/3582
# material_color 0.211765 0.219608 0.239216 1.0
# s3d_label 1
f 3583/3583/3583 3584/3584/3584 3585/3585/3585
# material_color 0.211765 0.219608 0.239216 1.0
# s3d_label 1
f 3586/3586/3586 3587/3587/3587 3588/3588/3588
# material_color 0.211765 0.219608 0.239216 1.0
# s3d_label 1
f 3589/3589/3589 3590/3590/3590 3591/3591/3591
# material_color 0.211765 0.219608 0.239216 1.0
# s3d_label 1
f 3592/3592/3592 3593/3593/3593 3594/3594/3594
# material_color 0.211765 0.219608 0.239216 1.0
# s3d_label 1
f 3595/3595/3595 3596/3596/3596 3597/3597/3597
# material_color 0.211765 0.219608 0.239216 1.0
# s3d_label 1
f 3598/3598/3598 3599/3599/3599 3600/3600/3600
# material_color 0.211765 0.219608 0.239216 1.0
# s3d_label 1
f 3601/3601/3601 3602/3602/3602 3603/3603/3603
# material_color 0.211765 0.219608 0.239216 1.0
# s3d_label 1
f 3604/3604/3604 3605/3605/3605 3606/3606/3606
# material_color 0.211765 0.219608 0.239216 1.0
# s3d_label 1
f 3607/3607/3607 3608/3608/3608 3609/3609/3609
# material_color 0.211765 0.219608 0.239216 1.0
# s3d_label 1
f 3610/3610/3610 3611/3611/3611 3612/3612/3612
# material_color 0.211765 0.219608 0.239216 1.0
# s3d_label 1
f 3613/3613/3613 3614/3614/3614 3615/3615/3615
# material_color 0.211765 0.219608 0.239216 1.0
# s3d_label 1
f 3616/3616/3616 3617/3617/3617 3618/3618/3618
# material_color 0.211765 0.219608 0.239216 1.0
# s3d_label 1
f 3619/3619/3619 3620/3620/3620 3621/3621/3621
# material_color 0.211765 0.219608 0.239216 1.0
# s3d_label 1
f 3622/3622/3622 3623/3623/3623 3624/3624/3624
# material_color 0.211765 0.219608 0.239216 1.0
# s3d_label 1
f 3625/3625/3625 3626/3626/3626 3627/3627/3627
# material_color 0.211765 0.219608 0.239216 1.0
# s3d_label 1
f 3628/3628/3628 3629/3629/3629 3630/3630/3630
# material_color 0.211765 0.219608 0.239216 1.0
# s3d_label 1
f 3631/3631/3631 3632/3632/3632 3633/3633/3633
# material_color 0.211765 0.219608 0.239216 1.0
# s3d_label 1
f 3634/3634/3634 3635/3635/3635 3636/3636/3636
# material_color 0.211765 0.219608 0.239216 1.0
# s3d_label 1
f 3637/3637/3637 3638/3638/3638 3639/3639/3639
# material_color 0.211765 0.219608 0.239216 1.0
# s3d_label 1
f 3640/3640/3640 3641/3641/3641 3642/3642/3642
# material_color 0.211765 0.219608 0.239216 1.0
# s3d_label 1
f 3643/3643/3643 3644/3644/3644 3645/3645/3645
# material_color 0.211765 0.219608 0.239216 1.0
# s3d_label 1
f 3646/3646/3646 3647/3647/3647 3648/3648/3648
# material_color 0.211765 0.219608 0.239216 1.0
# s3d_label 1
f 3649/3649/3649 3650/3650/3650 3651/3651/3651
# material_color 0.211765 0.219608 0.239216 1.0
# s3d_label 1
f 3652/3652/3652 3653/3653/3653 3654/3654/3654
# material_color 0.211765 0.219608 0.239216 1.0
# s3d_label 1
f 3655/3655/3655 3656/3656/3656 3657/3657/3657
# material_color 0.211765 0.219608 0.239216 1.0
# s3d_label 1
f 3658/3658/3658 3659/3659/3659 3660/3660/3660
# material_color 0.211765 0.219608 0.239216 1.0
# s3d_label 1
f 3661/3661/3661 3662/3662/3662 3663/3663/3663
# material_color 0.211765 0.219608 0.239216 1.0
# s3d_label 1
f 3664/3664/3664 3665/3665/3665 3666/3666/3666
# material_color 0.211765 0.219608 0.239216 1.0
# s3d_label 1
f 3667/3667/3667 3668/3668/3668 3669/3669/3669
# material_color 0.211765 0.219608 0.239216 1.0
# s3d_label 1
f 3670/3670/3670 3671/3671/3671 3672/3672/3672
# material_color 0.211765 0.219608 0.239216 1.0
# s3d_label 0
f 3673/3673/3673 3674/3674/3674 3675/3675/3675
# material_color 0.211765 0.219608 0.239216 1.0
# s3d_label 0
f 3676/3676/3676 3677/3677/3677 3678/3678/3678
# material_color 0.211765 0.219608 0.239216 1.0
# s3d_label 0
f 3679/3679/3679 3680/3680/3680 3681/3681/3681
# material_color 0.211765 0.219608 0.239216 1.0
# s3d_label 0
f 3682/3682/3682 3683/3683/3683 3684/3684/3684
# material_color 0.211765 0.219608 0.239216 1.0
# s3d_label 0
f 3685/3685/3685 3686/3686/3686 3687/3687/3687
# material_color 0.211765 0.219608 0.239216 1.0
# s3d_label 0
f 3688/3688/3688 3689/3689/3689 3690/3690/3690
# material_color 0.211765 0.219608 0.239216 1.0
# s3d_label 0
f 3691/3691/3691 3692/3692/3692 3693/3693/3693
# material_color 0.211765 0.219608 0.239216 1.0
# s3d_label 0
f 3694/3694/3694 3695/3695/3695 3696/3696/3696
# material_color 0.211765 0.219608 0.239216 1.0
# s3d_label 0
f 3697/3697/3697 3698/3698/3698 3699/3699/3699
# material_color 0.211765 0.219608 0.239216 1.0
# s3d_label 0
f 3700/3700/3700 3701/3701/3701 3702/3702/3702
# material_color 0.211765 0.219608 0.239216 1.0
# s3d_label 0
f 3703/3703/3703 3704/3704/3704 3705/3705/3705
# material_color 0.211765 0.219608 0.239216 1.0
# s3d_label 0
f 3706/3706/3706 3707/3707/3707 3708/3708/3708
# material_color 0.211765 0.219608 0.239216 1.0
# s3d_label 0
f 3709/3709/3709 3710/3710/3710 3711/3711/3711
# material_color 0.211765 0.219608 0.239216 1.0
# s3d_label 0
f 3712/3712/3712 3713/3713/3713 3714/3714/3714
# material_color 0.211765 0.219608 0.239216 1.0
# s3d_label 0
f 3715/3715/3715 3716/3716/3716 3717/3717/3717
# material_color 0.211765 0.219608 0.239216 1.0
# s3d_label 0
f 3718/3718/3718 3719/3719/3719 3720/3720/3720
# material_color 0.211765 0.219608 0.239216 1.0
# s3d_label 0
f 3721/3721/3721 3722/3722/3722 3723/3723/3723
# material_color 0.211765 0.219608 0.239216 1.0
# s3d_label 0
f 3724/3724/3724 3725/3725/3725 3726/3726/3726
# material_color 0.211765 0.219608 0.239216 1.0
# s3d_label 0
f 3727/3727/3727 3728/3728/3728 3729/3729/3729
# material_color 0.211765 0.219608 0.239216 1.0
# s3d_label 0
f 3730/3730/3730 3731/3731/3731 3732/3732/3732
# material_color 0.211765 0.219608 0.239216 1.0
# s3d_label 0
f 3733/3733/3733 3734/3734/3734 3735/3735/3735
# material_color 0.211765 0.219608 0.239216 1.0
# s3d_label 0
f 3736/3736/3736 3737/3737/3737 3738/3738/3738
# material_color 0.211765 0.219608 0.239216 1.0
# s3d_label 0
f 3739/3739/3739 3740/3740/3740 3741/3741/3741
# material_color 0.211765 0.219608 0.239216 1.0
# s3d_label 0
f 3742/3742/3742 3743/3743/3743 3744/3744/3744
# material_color 0.211765 0.219608 0.239216 1.0
# s3d_label 0
f 3745/3745/3745 3746/3746/3746 3747/3747/3747
# material_color 0.211765 0.219608 0.239216 1.0
# s3d_label 0
f 3748/3748/3748 3749/3749/3749 3750/3750/3750
# material_color 0.211765 0.219608 0.239216 1.0
# s3d_label 0
f 3751/3751/3751 3752/3752/3752 3753/3753/3753
# material_color 0.211765 0.219608 0.239216 1.0
# s3d_label 0
f 3754/3754/3754 3755/3755/3755 3756/3756/3756
# material_color 0.211765 0.219608 0.239216 1.0
# s3d_label 0
f 3757/3757/3757 3758/3758/3758 3759/3759/3759
# material_color 0.211765 0.219608 0.239216 1.0
# s3d_label 0
f 3760/3760/3760 3761/3761/3761 3762/3762/3762
# material_color 0.211765 0.219608 0.239216 1.0
# s3d_label 0
f 3763/3763/3763 3764/3764/3764 3765/3765/3765
# material_color 0.211765 0.219608 0.239216 1.0
# s3d_label 0
f 3766/3766/3766 3767/3767/3767 3768/3768/3768
# material_color 0.211765 0.219608 0.239216 1.0
# s3d_label 0
f 3769/3769/3769 3770/3770/3770 3771/3771/3771
# material_color 0.211765 0.219608 0.239216 1.0
# s3d_label 0
f 3772/3772/3772 3773/3773/3773 3774/3774/3774
# material_color 0.211765 0.219608 0.239216 1.0
# s3d_label 0
f 3775/3775/3775 3776/3776/3776 3777/3777/3777
# material_color 0.211765 0.219608 0.239216 1.0
# s3d_label 0
f 3778/3778/3778 3779/3779/3779 3780/3780/3780
# material_color 0.211765 0.219608 0.239216 1.0
# s3d_label 0
f 3781/3781/3781 3782/3782/3782 3783/3783/3783
# material_color 0.211765 0.219608 0.239216 1.0
# s3d_label 0
f 3784/3784/3784 3785/3785/3785 3786/3786/3786
# material_color 0.211765 0.219608 0.239216 1.0
# s3d_label 0
f 3787/3787/3787 3788/3788/3788 3789/3789/3789
# material_color 0.211765 0.219608 0.239216 1.0
# s3d_label 0
f 3790/3790/3790 3791/3791/3791 3792/3792/3792
# material_color 0.211765 0.219608 0.239216 1.0
# s3d_label 0
f 3793/3793/3793 3794/3794/3794 3795/3795/3795
# material_color 0.211765 0.219608 0.239216 1.0
# s3d_label 0
f 3796/3796/3796 3797/3797/3797 3798/3798/3798
# material_color 0.211765 0.219608 0.239216 1.0
# s3d_label 0
f 3799/3799/3799 3800/3800/3800 3801/3801/3801
# material_color 0.211765 0.219608 0.239216 1.0
# s3d_label 0
f 3802/3802/3802 3803/3803/3803 3804/3804/3804
# material_color 0.211765 0.219608 0.239216 1.0
# s3d_label 0
f 3805/3805/3805 3806/3806/3806 3807/3807/3807
# material_color 0.211765 0.219608 0.239216 1.0
# s3d_label 0
f 3808/3808/3808 3809/3809/3809 3810/3810/3810
# material_color 0.211765 0.219608 0.239216 1.0
# s3d_label 0
f 3811/3811/3811 3812/3812/3812 3813/3813/3813
# material_color 0.211765 0.219608 0.239216 1.0
# s3d_label 0
f 3814/3814/3814 3815/3815/3815 3816/3816/3816
# material_color 0.211765 0.219608 0.239216 1.0
# s3d_label 0
f 3817/3817/3817 3818/3818/3818 3819/3819/3819
# material_color 0.211765 0.219608 0.239216 1.0
# s3d_label 0
f 3820/3820/3820 3821/3821/3821 3822/3822/3822
# material_color 0.211765 0.219608 0.239216 1.0
# s3d_label 0
f 3823/3823/3823 3824/3824/3824 3825/3825/3825
# material_color 0.211765 0.219608 0.239216 1.0
# s3d_label 0
f 3826/3826/3826 3827/3827/3827 3828/3828/3828
# material_color 0.211765 0.219608 0.239216 1.0
# s3d_label 0
f 3829/3829/3829 3830/3830/3830 3831/3831/3831
# material_color 0.211765 0.219608 0.239216 1.0
# s3d_label 0
f 3832/3832/3832 3833/3833/3833 3834/3834/3834
# material_color 0.211765 0.219608 0.239216 1.0
# s3d_label 0
f 3835/3835/3835 3836/3836/3836 3837/3837/3837
# material_color 0.211765 0.219608 0.239216 1.0
# s3d_label 0
f 3838/3838/3838 3839/3839/3839 3840/3840/3840
# material_color 0.211765 0.219608 0.239216 1.0
# s3d_label 0
f 3841/3841/3841 3842/3842/3842 3843/3843/3843
# material_color 0.211765 0.219608 0.239216 1.0
# s3d_label 0
f 3844/3844/3844 3845/3845/3845 3846/3846/3846
# material_color 0.211765 0.219608 0.239216 1.0
# s3d_label 0
f 3847/3847/3847 3848/3848/3848 3849/3849/3849
# material_color 0.211765 0.219608 0.239216 1.0
# s3d_label 0
f 3850/3850/3850 3851/3851/3851 3852/3852/3852
# material_color 0.211765 0.219608 0.239216 1.0
# s3d_label 0
f 3853/3853/3853 3854/3854/3854 3855/3855/3855
# material_color 0.211765 0.219608 0.239216 1.0
# s3d_label 0
f 3856/3856/3856 3857/3857/3857 3858/3858/3858
# material_color 0.211765 0.219608 0.239216 1.0
# s3d_label 0
f 3859/3859/3859 3860/3860/3860 3861/3861/3861
# material_color 0.211765 0.219608 0.239216 1.0
# s3d_label 0
f 3862/3862/3862 3863/3863/3863 3864/3864/3864
# material_color 0.211765 0.219608 0.239216 1.0
# s3d_label 0
f 3865/3865/3865 3866/3866/3866 3867/3867/3867
# material_color 0.211765 0.219608 0.239216 1.0
# s3d_label 0
f 3868/3868/3868 3869/3869/3869 3870/3870/3870
# material_color 0.211765 0.219608 0.239216 1.0
# s3d_label 0
f 3871/3871/3871 3872/3872/3872 3873/3873/3873
# material_color 0.211765 0.219608 0.239216 1.0
# s3d_label 0
f 3874/3874/3874 3875/3875/3875 3876/3876/3876
# material_color 0.211765 0.219608 0.239216 1.0
# s3d_label 0
f 3877/3877/3877 3878/3878/3878 3879/3879/3879
# material_color 0.211765 0.219608 0.239216 1.0
# s3d_label 0
f 3880/3880/3880 3881/3881/3881 3882/3882/3882
# material_color 0.211765 0.219608 0.239216 1.0
# s3d_label 0
f 3883/3883/3883 3884/3884/3884 3885/3885/3885
# material_color 0.211765 0.219608 0.239216 1.0
# s3d_label 0
f 3886/3886/3886 3887/3887/3887 3888/3888/3888
# material_color 0.211765 0.219608 0.239216 1.0
# s3d_label 0
f 3889/3889/3889 3890/3890/3890 3891/3891/3891
# material_color 0.211765 0.219608 0.239216 1.0
# s3d_label 0
f 3892/3892/3892 3893/3893/3893 3894/3894/3894
# material_color 0.211765 0.219608 0.239216 1.0
# s3d_label 0
f 3895/3895/3895 3896/3896/3896 3897/3897/3897
# material_color 0.211765 0.219608 0.239216 1.0
# s3d_label 0
f 3898/3898/3898 3899/3899/3899 3900/3900/3900
# material_color 0.211765 0.219608 0.239216 1.0
# s3d_label 0
f 3901/3901/3901 3902/3902/3902 3903/3903/3903
# material_color 0.211765 0.219608 0.239216 1.0
# s3d_label 0
f 3904/3904/3904 3905/3905/3905 3906/3906/3906
# material_color 0.211765 0.219608 0.239216 1.0
# s3d_label 0
f 3907/3907/3907 3908/3908/3908 3909/3909/3909
# material_color 0.211765 0.219608 0.239216 1.0
# s3d_label 0
f 3910/3910/3910 3911/3911/3911 3912/3912/3912
# material_color 0.211765 0.219608 0.239216 1.0
# s3d_label 0
f 3913/3913/3913 3914/3914/3914 3915/3915/3915
# material_color 0.211765 0.219608 0.239216 1.0
# s3d_label 0
f 3916/3916/3916 3917/3917/3917 3918/3918/3918
# material_color 0.211765 0.219608 0.239216 1.0
# s3d_label 0
f 3919/3919/3919 3920/3920/3920 3921/3921/3921
# material_color 0.211765 0.219608 0.239216 1.0
# s3d_label 0
f 3922/3922/3922 3923/3923/3923 3924/3924/3924
# material_color 0.211765 0.219608 0.239216 1.0
# s3d_label 0
f 3925/3925/3925 3926/3926/3926 3927/3927/3927
# material_color 0.211765 0.219608 0.239216 1.0
# s3d_label 0
f 3928/3928/3928 3929/3929/3929 3930/3930/3930
# material_color 0.211765 0.219608 0.239216 1.0
# s3d_label 0
f 3931/3931/3931 3932/3932/3932 3933/3933/3933
# material_color 0.211765 0.219608 0.239216 1.0
# s3d_label 0
f 3934/3934/3934 3935/3935/3935 3936/3936/3936
# material_color 0.211765 0.219608 0.239216 1.0
# s3d_label 0
f 3937/3937/3937 3938/3938/3938 3939/3939/3939
# material_color 0.211765 0.219608 0.239216 1.0
# s3d_label 0
f 3940/3940/3940 3941/3941/3941 3942/3942/3942
# material_color 0.211765 0.219608 0.239216 1.0
# s3d_label 0
f 3943/3943/3943 3944/3944/3944 3945/3945/3945
# material_color 0.211765 0.219608 0.239216 1.0
# s3d_label 0
f 3946/3946/3946 3947/3947/3947 3948/3948/3948
# material_color 0.211765 0.219608 0.239216 1.0
# s3d_label 0
f 3949/3949/3949 3950/3950/3950 3951/3951/3951
# material_color 0.211765 0.219608 0.239216 1.0
# s3d_label 0
f 3952/3952/3952 3953/3953/3953 3954/3954/3954
# material_color 0.211765 0.219608 0.239216 1.0
# s3d_label 0
f 3955/3955/3955 3956/3956/3956 3957/3957/3957
# material_color 0.211765 0.219608 0.239216 1.0
# s3d_label 0
f 3958/3958/3958 3959/3959/3959 3960/3960/3960
# material_color 0.211765 0.219608 0.239216 1.0
# s3d_label 0
f 3961/3961/3961 3962/3962/3962 3963/3963/3963
# material_color 0.211765 0.219608 0.239216 1.0
# s3d_label 0
f 3964/3964/3964 3965/3965/3965 3966/3966/3966
# material_color 0.211765 0.219608 0.239216 1.0
# s3d_label 0
f 3967/3967/3967 3968/3968/3968 3969/3969/3969
# material_color 0.211765 0.219608 0.239216 1.0
# s3d_label 0
f 3970/3970/3970 3971/3971/3971 3972/3972/3972
# material_color 0.211765 0.219608 0.239216 1.0
# s3d_label 0
f 3973/3973/3973 3974/3974/3974 3975/3975/3975
# material_color 0.211765 0.219608 0.239216 1.0
# s3d_label 0
f 3976/3976/3976 3977/3977/3977 3978/3978/3978
# material_color 0.211765 0.219608 0.239216 1.0
# s3d_label 0
f 3979/3979/3979 3980/3980/3980 3981/3981/3981
# material_color 0.211765 0.219608 0.239216 1.0
# s3d_label 0
f 3982/3982/3982 3983/3983/3983 3984/3984/3984
# material_color 0.211765 0.219608 0.239216 1.0
# s3d_label 0
f 3985/3985/3985 3986/3986/3986 3987/3987/3987
# material_color 0.211765 0.219608 0.239216 1.0
# s3d_label 0
f 3988/3988/3988 3989/3989/3989 3990/3990/3990
# material_color 0.211765 0.219608 0.239216 1.0
# s3d_label 0
f 3991/3991/3991 3992/3992/3992 3993/3993/3993
# material_color 0.211765 0.219608 0.239216 1.0
# s3d_label 0
f 3994/3994/3994 3995/3995/3995 3996/3996/3996
# material_color 0.211765 0.219608 0.239216 1.0
# s3d_label 0
f 3997/3997/3997 3998/3998/3998 3999/3999/3999
# material_color 0.211765 0.219608 0.239216 1.0
# s3d_label 0
f 4000/4000/4000 4001/4001/4001 4002/4002/4002
# material_color 0.211765 0.219608 0.239216 1.0
# s3d_label 0
f 4003/4003/4003 4004/4004/4004 4005/4005/4005
# material_color 0.211765 0.219608 0.239216 1.0
# s3d_label 0
f 4006/4006/4006 4007/4007/4007 4008/4008/4008
# material_color 0.211765 0.219608 0.239216 1.0
# s3d_label 0
f 4009/4009/4009 4010/4010/4010 4011/4011/4011
# material_color 0.211765 0.219608 0.239216 1.0
# s3d_label 0
f 4012/4012/4012 4013/4013/4013 4014/4014/4014
# material_color 0.211765 0.219608 0.239216 1.0
# s3d_label 0
f 4015/4015/4015 4016/4016/4016 4017/4017/4017
# material_color 0.211765 0.219608 0.239216 1.0
# s3d_label 0
f 4018/4018/4018 4019/4019/4019 4020/4020/4020
# material_color 0.211765 0.219608 0.239216 1.0
# s3d_label 0
f 4021/4021/4021 4022/4022/4022 4023/4023/4023
# material_color 0.211765 0.219608 0.239216 1.0
# s3d_label 0
f 4024/4024/4024 4025/4025/4025 4026/4026/4026
# material_color 0.211765 0.219608 0.239216 1.0
# s3d_label 0
f 4027/4027/4027 4028/4028/4028 4029/4029/4029
# material_color 0.211765 0.219608 0.239216 1.0
# s3d_label 0
f 4030/4030/4030 4031/4031/4031 4032/4032/4032
# material_color 0.211765 0.219608 0.239216 1.0
# s3d_label 0
f 4033/4033/4033 4034/4034/4034 4035/4035/4035
# material_color 0.211765 0.219608 0.239216 1.0
# s3d_label 0
f 4036/4036/4036 4037/4037/4037 4038/4038/4038
# material_color 0.211765 0.219608 0.239216 1.0
# s3d_label 0
f 4039/4039/4039 4040/4040/4040 4041/4041/4041
# material_color 0.211765 0.219608 0.239216 1.0
# s3d_label 0
f 4042/4042/4042 4043/4043/4043 4044/4044/4044
# material_color 0.211765 0.219608 0.239216 1.0
# s3d_label 0
f 4045/4045/4045 4046/4046/4046 4047/4047/4047
# material_color 0.211765 0.219608 0.239216 1.0
# s3d_label 0
f 4048/4048/4048 4049/4049/4049 4050/4050/4050
# material_color 0.211765 0.219608 0.239216 1.0
# s3d_label 0
f 4051/4051/4051 4052/4052/4052 4053/4053/4053
# material_color 0.211765 0.219608 0.239216 1.0
# s3d_label 0
f 4054/4054/4054 4055/4055/4055 4056/4056/4056
# material_color 0.211765 0.219608 0.239216 1.0
# s3d_label 0
f 4057/4057/4057 4058/4058/4058 4059/4059/4059
# material_color 0.211765 0.219608 0.239216 1.0
# s3d_label 0
f 4060/4060/4060 4061/4061/4061 4062/4062/4062
# material_color 0.211765 0.219608 0.239216 1.0
# s3d_label 0
f 4063/4063/4063 4064/4064/4064 4065/4065/4065
# material_color 0.211765 0.219608 0.239216 1.0
# s3d_label 0
f 4066/4066/4066 4067/4067/4067 4068/4068/4068
# material_color 0.211765 0.219608 0.239216 1.0
# s3d_label 0
f 4069/4069/4069 4070/4070/4070 4071/4071/4071
# material_color 0.211765 0.219608 0.239216 1.0
# s3d_label 0
f 4072/4072/4072 4073/4073/4073 4074/4074/4074
# material_color 0.211765 0.219608 0.239216 1.0
# s3d_label 0
f 4075/4075/4075 4076/4076/4076 4077/4077/4077
# material_color 0.211765 0.219608 0.239216 1.0
# s3d_label 0
f 4078/4078/4078 4079/4079/4079 4080/4080/4080
# material_color 0.211765 0.219608 0.239216 1.0
# s3d_label 0
f 4081/4081/4081 4082/4082/4082 4083/4083/4083
# material_color 0.211765 0.219608 0.239216 1.0
# s3d_label 0
f 4084/4084/4084 4085/4085/4085 4086/4086/4086
# material_color 0.211765 0.219608 0.239216 1.0
# s3d_label 0
f 4087/4087/4087 4088/4088/4088 4089/4089/4089
# material_color 0.211765 0.219608 0.239216 1.0
# s3d_label 0
f 4090/4090/4090 4091/4091/4091 4092/4092/4092
# material_color 0.211765 0.219608 0.239216 1.0
# s3d_label 0
f 4093/4093/4093 4094/4094/4094 4095/4095/4095
# material_color 0.211765 0.219608 0.239216 1.0
# s3d_label 0
f 4096/4096/4096 4097/4097/4097 4098/4098/4098
# material_color 0.211765 0.219608 0.239216 1.0
# s3d_label 0
f 4099/4099/4099 4100/4100/4100 4101/4101/4101
# material_color 0.211765 0.219608 0.239216 1.0
# s3d_label 0
f 4102/4102/4102 4103/4103/4103 4104/4104/4104
# material_color 0.211765 0.219608 0.239216 1.0
# s3d_label 0
f 4105/4105/4105 4106/4106/4106 4107/4107/4107
# material_color 0.211765 0.219608 0.239216 1.0
# s3d_label 0
f 4108/4108/4108 4109/4109/4109 4110/4110/4110
# material_color 0.211765 0.219608 0.239216 1.0
# s3d_label 0
f 4111/4111/4111 4112/4112/4112 4113/4113/4113
# material_color 0.211765 0.219608 0.239216 1.0
# s3d_label 0
f 4114/4114/4114 4115/4115/4115 4116/4116/4116
# material_color 0.211765 0.219608 0.239216 1.0
# s3d_label 0
f 4117/4117/4117 4118/4118/4118 4119/4119/4119
# material_color 0.211765 0.219608 0.239216 1.0
# s3d_label 0
f 4120/4120/4120 4121/4121/4121 4122/4122/4122
# material_color 0.211765 0.219608 0.239216 1.0
# s3d_label 0
f 4123/4123/4123 4124/4124/4124 4125/4125/4125
# material_color 0.211765 0.219608 0.239216 1.0
# s3d_label 0
f 4126/4126/4126 4127/4127/4127 4128/4128/4128
# material_color 0.211765 0.219608 0.239216 1.0
# s3d_label 0
f 4129/4129/4129 4130/4130/4130 4131/4131/4131
# material_color 0.211765 0.219608 0.239216 1.0
# s3d_label 0
f 4132/4132/4132 4133/4133/4133 4134/4134/4134
# material_color 0.211765 0.219608 0.239216 1.0
# s3d_label 0
f 4135/4135/4135 4136/4136/4136 4137/4137/4137
# material_color 0.211765 0.219608 0.239216 1.0
# s3d_label 0
f 4138/4138/4138 4139/4139/4139 4140/4140/4140
# material_color 0.211765 0.219608 0.239216 1.0
# s3d_label 0
f 4141/4141/4141 4142/4142/4142 4143/4143/4143
# material_color 0.211765 0.219608 0.239216 1.0
# s3d_label 0
f 4144/4144/4144 4145/4145/4145 4146/4146/4146
# material_color 0.211765 0.219608 0.239216 1.0
# s3d_label 0
f 4147/4147/4147 4148/4148/4148 4149/4149/4149
# material_color 0.211765 0.219608 0.239216 1.0
# s3d_label 0
f 4150/4150/4150 4151/4151/4151 4152/4152/4152
# material_color 0.211765 0.219608 0.239216 1.0
# s3d_label 0
f 4153/4153/4153 4154/4154/4154 4155/4155/4155
# material_color 0.211765 0.219608 0.239216 1.0
# s3d_label 0
f 4156/4156/4156 4157/4157/4157 4158/4158/4158
# material_color 0.211765 0.219608 0.239216 1.0
# s3d_label 0
f 4159/4159/4159 4160/4160/4160 4161/4161/4161
# material_color 0.211765 0.219608 0.239216 1.0
# s3d_label 0
f 4162/4162/4162 4163/4163/4163 4164/4164/4164
# material_color 0.211765 0.219608 0.239216 1.0
# s3d_label 0
f 4165/4165/4165 4166/4166/4166 4167/4167/4167
# material_color 0.211765 0.219608 0.239216 1.0
# s3d_label 0
f 4168/4168/4168 4169/4169/4169 4170/4170/4170
# material_color 0.211765 0.219608 0.239216 1.0
# s3d_label 0
f 4171/4171/4171 4172/4172/4172 4173/4173/4173
# material_color 0.211765 0.219608 0.239216 1.0
# s3d_label 0
f 4174/4174/4174 4175/4175/4175 4176/4176/4176
# material_color 0.211765 0.219608 0.239216 1.0
# s3d_label 0
f 4177/4177/4177 4178/4178/4178 4179/4179/4179
# material_color 0.211765 0.219608 0.239216 1.0
# s3d_label 0
f 4180/4180/4180 4181/4181/4181 4182/4182/4182
# material_color 0.211765 0.219608 0.239216 1.0
# s3d_label 0
f 4183/4183/4183 4184/4184/4184 4185/4185/4185
# material_color 0.211765 0.219608 0.239216 1.0
# s3d_label 0
f 4186/4186/4186 4187/4187/4187 4188/4188/4188
# material_color 0.211765 0.219608 0.239216 1.0
# s3d_label 0
f 4189/4189/4189 4190/4190/4190 4191/4191/4191
# material_color 0.211765 0.219608 0.239216 1.0
# s3d_label 0
f 4192/4192/4192 4193/4193/4193 4194/4194/4194
# material_color 0.211765 0.219608 0.239216 1.0
# s3d_label 0
f 4195/4195/4195 4196/4196/4196 4197/4197/4197
# material_color 0.211765 0.219608 0.239216 1.0
# s3d_label 0
f 4198/4198/4198 4199/4199/4199 4200/4200/4200
# material_color 0.211765 0.219608 0.239216 1.0
# s3d_label 0
f 4201/4201/4201 4202/4202/4202 4203/4203/4203
# material_color 0.211765 0.219608 0.239216 1.0
# s3d_label 0
f 4204/4204/4204 4205/4205/4205 4206/4206/4206
# material_color 0.211765 0.219608 0.239216 1.0
# s3d_label 0
f 4207/4207/4207 4208/4208/4208 4209/4209/4209
# material_color 0.211765 0.219608 0.239216 1.0
# s3d_label 0
f 4210/4210/4210 4211/4211/4211 4212/4212/4212
# material_color 0.211765 0.219608 0.239216 1.0
# s3d_label 0
f 4213/4213/4213 4214/4214/4214 4215/4215/4215
# material_color 0.211765 0.219608 0.239216 1.0
# s3d_label 0
f 4216/4216/4216 4217/4217/4217 4218/4218/4218
# material_color 0.211765 0.219608 0.239216 1.0
# s3d_label 0
f 4219/4219/4219 4220/4220/4220 4221/4221/4221
# material_color 0.211765 0.219608 0.239216 1.0
# s3d_label 0
f 4222/4222/4222 4223/4223/4223 4224/4224/4224
# material_color 0.211765 0.219608 0.239216 1.0
# s3d_label 0
f 4225/4225/4225 4226/4226/4226 4227/4227/4227
# material_color 0.211765 0.219608 0.239216 1.0
# s3d_label 0
f 4228/4228/4228 4229/4229/4229 4230/4230/4230
# material_color 0.211765 0.219608 0.239216 1.0
# s3d_label 0
f 4231/4231/4231 4232/4232/4232 4233/4233/4233
# material_color 0.211765 0.219608 0.239216 1.0
# s3d_label 0
f 4234/4234/4234 4235/4235/4235 4236/4236/4236
# material_color 0.211765 0.219608 0.239216 1.0
# s3d_label 0
f 4237/4237/4237 4238/4238/4238 4239/4239/4239
# material_color 0.211765 0.219608 0.239216 1.0
# s3d_label 0
f 4240/4240/4240 4241/4241/4241 4242/4242/4242
# material_color 0.211765 0.219608 0.239216 1.0
# s3d_label 0
f 4243/4243/4243 4244/4244/4244 4245/4245/4245
# material_color 0.211765 0.219608 0.239216 1.0
# s3d_label 0
f 4246/4246/4246 4247/4247/4247 4248/4248/4248
# material_color 0.211765 0.219608 0.239216 1.0
# s3d_label 0
f 4249/4249/4249 4250/4250/4250 4251/4251/4251
# material_color 0.211765 0.219608 0.239216 1.0
# s3d_label 0
f 4252/4252/4252 4253/4253/4253 4254/4254/4254
# material_color 0.211765 0.219608 0.239216 1.0
# s3d_label 0
f 4255/4255/4255 4256/4256/4256 4257/4257/4257
# material_color 0.211765 0.219608 0.239216 1.0
# s3d_label 0
f 4258/4258/4258 4259/4259/4259 4260/4260/4260
# material_color 0.211765 0.219608 0.239216 1.0
# s3d_label 0
f 4261/4261/4261 4262/4262/4262 4263/4263/4263
# material_color 0.211765 0.219608 0.239216 1.0
# s3d_label 0
f 4264/4264/4264 4265/4265/4265 4266/4266/4266
# material_color 0.211765 0.219608 0.239216 1.0
# s3d_label 0
f 4267/4267/4267 4268/4268/4268 4269/4269/4269
# material_color 0.211765 0.219608 0.239216 1.0
# s3d_label 0
f 4270/4270/4270 4271/4271/4271 4272/4272/4272
# material_color 0.211765 0.219608 0.239216 1.0
# s3d_label 0
f 4273/4273/4273 4274/4274/4274 4275/4275/4275
# material_color 0.211765 0.219608 0.239216 1.0
# s3d_label 0
f 4276/4276/4276 4277/4277/4277 4278/4278/4278
# material_color 0.211765 0.219608 0.239216 1.0
# s3d_label 0
f 4279/4279/4279 4280/4280/4280 4281/4281/4281
# material_color 0.211765 0.219608 0.239216 1.0
# s3d_label 0
f 4282/4282/4282 4283/4283/4283 4284/4284/4284
# material_color 0.211765 0.219608 0.239216 1.0
# s3d_label 0
f 4285/4285/4285 4286/4286/4286 4287/4287/4287
# material_color 0.211765 0.219608 0.239216 1.0
# s3d_label 0
f 4288/4288/4288 4289/4289/4289 4290/4290/4290
# material_color 0.211765 0.219608 0.239216 1.0
# s3d_label 0
f 4291/4291/4291 4292/4292/4292 4293/4293/4293
# material_color 0.211765 0.219608 0.239216 1.0
# s3d_label 0
f 4294/4294/4294 4295/4295/4295 4296/4296/4296
# material_color 0.211765 0.219608 0.239216 1.0
# s3d_label 0
f 4297/4297/4297 4298/4298/4298 4299/4299/4299
# material_color 0.211765 0.219608 0.239216 1.0
# s3d_label 0
f 4300/4300/4300 4301/4301/4301 4302/4302/4302
# material_color 0.211765 0.219608 0.239216 1.0
# s3d_label 0
f 4303/4303/4303 4304/4304/4304 4305/4305/4305
# material_color 0.211765 0.219608 0.239216 1.0
# s3d_label 0
f 4306/4306/4306 4307/4307/4307 4308/4308/4308
# material_color 0.211765 0.219608 0.239216 1.0
# s3d_label 0
f 4309/4309/4309 4310/4310/4310 4311/4311/4311
# material_color 0.211765 0.219608 0.239216 1.0
# s3d_label 0
f 4312/4312/4312 4313/4313/4313 4314/4314/4314
# material_color 0.211765 0.219608 0.239216 1.0
# s3d_label 0
f 4315/4315/4315 4316/4316/4316 4317/4317/4317
# material_color 0.211765 0.219608 0.239216 1.0
# s3d_label 0
f 4318/4318/4318 4319/4319/4319 4320/4320/4320
# material_color 0.211765 0.219608 0.239216 1.0
# s3d_label 0
f 4321/4321/4321 4322/4322/4322 4323/4323/4323
# material_color 0.211765 0.219608 0.239216 1.0
# s3d_label 0
f 4324/4324/4324 4325/4325/4325 4326/4326/4326
# material_color 0.211765 0.219608 0.239216 1.0
# s3d_label 0
f 4327/4327/4327 4328/4328/4328 4329/4329/4329
# material_color 0.211765 0.219608 0.239216 1.0
# s3d_label 0
f 4330/4330/4330 4331/4331/4331 4332/4332/4332
# material_color 0.211765 0.219608 0.239216 1.0
# s3d_label 0
f 4333/4333/4333 4334/4334/4334 4335/4335/4335
# material_color 0.211765 0.219608 0.239216 1.0
# s3d_label 0
f 4336/4336/4336 4337/4337/4337 4338/4338/4338
# material_color 0.211765 0.219608 0.239216 1.0
# s3d_label 0
f 4339/4339/4339 4340/4340/4340 4341/4341/4341
# material_color 0.211765 0.219608 0.239216 1.0
# s3d_label 0
f 4342/4342/4342 4343/4343/4343 4344/4344/4344
# material_color 0.211765 0.219608 0.239216 1.0
# s3d_label 0
f 4345/4345/4345 4346/4346/4346 4347/4347/4347
# material_color 0.211765 0.219608 0.239216 1.0
# s3d_label 0
f 4348/4348/4348 4349/4349/4349 4350/4350/4350
# material_color 0.211765 0.219608 0.239216 1.0
# s3d_label 0
f 4351/4351/4351 4352/4352/4352 4353/4353/4353
# material_color 0.211765 0.219608 0.239216 1.0
# s3d_label 0
f 4354/4354/4354 4355/4355/4355 4356/4356/4356
# material_color 0.211765 0.219608 0.239216 1.0
# s3d_label 0
f 4357/4357/4357 4358/4358/4358 4359/4359/4359
# material_color 0.211765 0.219608 0.239216 1.0
# s3d_label 0
f 4360/4360/4360 4361/4361/4361 4362/4362/4362
# material_color 0.211765 0.219608 0.239216 1.0
# s3d_label 0
f 4363/4363/4363 4364/4364/4364 4365/4365/4365
# material_color 0.211765 0.219608 0.239216 1.0
# s3d_label 0
f 4366/4366/4366 4367/4367/4367 4368/4368/4368
# material_color 0.211765 0.219608 0.239216 1.0
# s3d_label 0
f 4369/4369/4369 4370/4370/4370 4371/4371/4371
# material_color 0.211765 0.219608 0.239216 1.0
# s3d_label 0
f 4372/4372/4372 4373/4373/4373 4374/4374/4374
# material_color 0.211765 0.219608 0.239216 1.0
# s3d_label 0
f 4375/4375/4375 4376/4376/4376 4377/4377/4377
# material_color 0.211765 0.219608 0.239216 1.0
# s3d_label 0
f 4378/4378/4378 4379/4379/4379 4380/4380/4380
# material_color 0.211765 0.219608 0.239216 1.0
# s3d_label 0
f 4381/4381/4381 4382/4382/4382 4383/4383/4383
# material_color 0.211765 0.219608 0.239216 1.0
# s3d_label 0
f 4384/4384/4384 4385/4385/4385 4386/4386/4386
# material_color 0.211765 0.219608 0.239216 1.0
# s3d_label 0
f 4387/4387/4387 4388/4388/4388 4389/4389/4389
# material_color 0.211765 0.219608 0.239216 1.0
# s3d_label 0
f 4390/4390/4390 4391/4391/4391 4392/4392/4392
# material_color 0.211765 0.219608 0.239216 1.0
# s3d_label 0
f 4393/4393/4393 4394/4394/4394 4395/4395/4395
# material_color 0.211765 0.219608 0.239216 1.0
# s3d_label 0
f 4396/4396/4396 4397/4397/4397 4398/4398/4398
# material_color 0.211765 0.219608 0.239216 1.0
# s3d_label 0
f 4399/4399/4399 4400/4400/4400 4401/4401/4401
# material_color 0.211765 0.219608 0.239216 1.0
# s3d_label 0
f 4402/4402/4402 4403/4403/4403 4404/4404/4404
# material_color 0.211765 0.219608 0.239216 1.0
# s3d_label 0
f 4405/4405/4405 4406/4406/4406 4407/4407/4407
# material_color 0.211765 0.219608 0.239216 1.0
# s3d_label 0
f 4408/4408/4408 4409/4409/4409 4410/4410/4410
# material_color 0.211765 0.219608 0.239216 1.0
# s3d_label 0
f 4411/4411/4411 4412/4412/4412 4413/4413/4413
# material_color 0.211765 0.219608 0.239216 1.0
# s3d_label 0
f 4414/4414/4414 4415/4415/4415 4416/4416/4416
# material_color 0.211765 0.219608 0.239216 1.0
# s3d_label 0
f 4417/4417/4417 4418/4418/4418 4419/4419/4419
# material_color 0.211765 0.219608 0.239216 1.0
# s3d_label 0
f 4420/4420/4420 4421/4421/4421 4422/4422/4422
# material_color 0.211765 0.219608 0.239216 1.0
# s3d_label 0
f 4423/4423/4423 4424/4424/4424 4425/4425/4425
# material_color 0.211765 0.219608 0.239216 1.0
# s3d_label 0
f 4426/4426/4426 4427/4427/4427 4428/4428/4428
# material_color 0.211765 0.219608 0.239216 1.0
# s3d_label 0
f 4429/4429/4429 4430/4430/4430 4431/4431/4431
# material_color 0.211765 0.219608 0.239216 1.0
# s3d_label 0
f 4432/4432/4432 4433/4433/4433 4434/4434/4434
# material_color 0.211765 0.219608 0.239216 1.0
# s3d_label 0
f 4435/4435/4435 4436/4436/4436 4437/4437/4437
# material_color 0.211765 0.219608 0.239216 1.0
# s3d_label 0
f 4438/4438/4438 4439/4439/4439 4440/4440/4440
# material_color 0.211765 0.219608 0.239216 1.0
# s3d_label 0
f 4441/4441/4441 4442/4442/4442 4443/4443/4443
# material_color 0.211765 0.219608 0.239216 1.0
# s3d_label 0
f 4444/4444/4444 4445/4445/4445 4446/4446/4446
# material_color 0.211765 0.219608 0.239216 1.0
# s3d_label 0
f 4447/4447/4447 4448/4448/4448 4449/4449/4449
# material_color 0.211765 0.219608 0.239216 1.0
# s3d_label 0
f 4450/4450/4450 4451/4451/4451 4452/4452/4452
# material_color 0.211765 0.219608 0.239216 1.0
# s3d_label 0
f 4453/4453/4453 4454/4454/4454 4455/4455/4455
# material_color 0.211765 0.219608 0.239216 1.0
# s3d_label 0
f 4456/4456/4456 4457/4457/4457 4458/4458/4458
# material_color 0.211765 0.219608 0.239216 1.0
# s3d_label 0
f 4459/4459/4459 4460/4460/4460 4461/4461/4461
# material_color 0.211765 0.219608 0.239216 1.0
# s3d_label 0
f 4462/4462/4462 4463/4463/4463 4464/4464/4464
# material_color 0.211765 0.219608 0.239216 1.0
# s3d_label 0
f 4465/4465/4465 4466/4466/4466 4467/4467/4467
# material_color 0.211765 0.219608 0.239216 1.0
# s3d_label 0
f 4468/4468/4468 4469/4469/4469 4470/4470/4470
# material_color 0.211765 0.219608 0.239216 1.0
# s3d_label 0
f 4471/4471/4471 4472/4472/4472 4473/4473/4473
# material_color 0.211765 0.219608 0.239216 1.0
# s3d_label 0
f 4474/4474/4474 4475/4475/4475 4476/4476/4476
# material_color 0.211765 0.219608 0.239216 1.0
# s3d_label 0
f 4477/4477/4477 4478/4478/4478 4479/4479/4479
# material_color 0.211765 0.219608 0.239216 1.0
# s3d_label 0
f 4480/4480/4480 4481/4481/4481 4482/4482/4482
