# Blender 5.2.1 LTS
# www.blender.org
mtllib dreamcast.mtl
o CD-ROM
v -9.794495 71.232590 1.475502
v -9.469170 69.221085 1.468187
v -8.456055 70.438927 1.472616
v -7.973679 70.517448 1.472901
v 39.550003 97.657318 1.571585
v 38.281174 99.209976 1.577231
v 36.961151 100.719376 1.582719
v 35.591461 102.183838 1.588045
v 34.173584 103.601700 1.593200
v 26.418854 109.938721 1.616243
v 28.052811 108.776443 1.612017
v 29.647018 107.560211 1.607594
v -14.909622 58.734703 1.430057
v -14.817711 58.668205 1.429815
v -14.937225 59.247238 1.431921
v -13.370277 65.187874 1.453522
v -13.065430 65.541801 1.454809
v -13.270950 65.525734 1.454750
v 32.709122 104.971390 1.598181
v 31.199707 106.291397 1.602981
v -14.675949 64.042450 1.449357
v -16.144798 65.441872 1.454446
v -16.709900 63.921143 1.448916
v -16.730934 63.865753 1.448715
v -11.786499 69.554100 1.469398
v 6.371223 118.837692 1.648602
v 4.413170 119.269882 1.650174
v -11.091690 68.008141 1.463777
v -10.751030 67.249413 1.461018
v -10.609924 67.314537 1.461255
v -5.795700 67.767342 1.462901
v -5.120262 67.572136 1.462191
v -7.537994 52.972610 1.409105
v -7.953552 52.984131 1.409147
v -7.819016 52.842361 1.408631
v -13.543732 120.170837 1.653451
v -15.535217 119.936829 1.652600
v -11.177780 68.203407 1.464487
v 2.313858 62.352859 1.443213
v 45.079041 31.637848 1.331525
v 46.013168 33.412132 1.337977
v 2.488441 61.515076 1.440166
v 2.457588 61.404251 1.439763
v 26.418854 11.006386 1.256506
v -61.963470 85.728477 1.528214
v -62.777012 83.895760 1.521549
v -17.291138 62.356964 1.443228
v -63.528858 82.036888 1.514790
v -65.406174 44.620934 1.378739
v -64.844177 42.696144 1.371740
v -17.410324 62.037949 1.442068
v -13.786201 64.621017 1.451461
v -11.308365 69.411835 1.468881
v -11.351379 69.334824 1.468601
v -0.383644 62.723183 1.444559
v -0.251060 62.247574 1.442830
v 0.974174 63.890793 1.448805
v 50.330185 44.620934 1.378734
v 50.827560 46.563438 1.385797
v -15.583328 58.638039 1.429706
v -15.539154 58.951454 1.430845
v -17.275566 60.072708 1.434922
v -15.288040 58.902168 1.430666
v -6.638046 52.738510 1.408253
v -6.835678 53.005569 1.409224
v -6.540634 52.895065 1.408823
v -6.395844 53.060089 1.409423
v -50.667446 102.183838 1.588048
v -49.249569 103.601700 1.593204
v -47.785103 104.971390 1.598184
v -58.111557 92.757294 1.553772
v -59.162109 91.049347 1.547561
v -65.903534 46.563438 1.385802
v -62.777012 37.049362 1.351207
v -61.963470 35.216637 1.344543
v -61.089142 33.412132 1.337981
v -60.155029 31.637848 1.331529
v -17.517761 119.636383 1.651508
v -19.489159 119.269882 1.650175
v -21.447212 118.837692 1.648604
v 24.746964 111.045761 1.620269
v 23.039017 112.096313 1.624089
v 21.296936 113.089218 1.627699
v 19.522629 114.023331 1.631096
v 17.718109 114.897659 1.634275
v 15.885376 115.711197 1.637233
v 14.026489 116.463013 1.639967
v 12.143509 117.152328 1.642474
v -9.176102 69.074554 1.467654
v -7.477982 67.980095 1.463675
v -4.466064 67.314537 1.461255
v -3.838867 66.996826 1.460099
v -3.244171 66.621750 1.458735
v 0.841232 64.001358 1.449207
v 0.767006 64.081940 1.449500
v -0.625832 63.383232 1.446959
v 0.597107 64.332687 1.450412
v -0.928764 64.017700 1.449266
v 44.086136 91.049347 1.547557
v 43.035568 92.757294 1.553767
v 2.256371 62.685188 1.444421
v 2.256065 62.098114 1.442286
v 2.125618 62.192062 1.442628
v 1.944374 62.288361 1.442978
v 2.491318 61.719513 1.440910
v 2.494041 61.707123 1.440865
v 2.500221 61.613220 1.440523
v -11.538864 54.128868 1.413309
v -11.752632 54.268837 1.413818
v -14.136215 51.851814 1.405030
v 1.523170 56.298241 1.421197
v 0.260628 58.139565 1.427892
v -0.614876 57.588043 1.425887
v 0.061623 58.297722 1.428468
v -0.497002 57.889084 1.426982
v -0.082420 58.451286 1.429026
v -0.286011 58.559746 1.429420
v -0.207680 58.642448 1.429721
v -0.245872 58.719002 1.429999
v -15.029877 60.123581 1.435107
v -15.019463 59.945496 1.434460
v -15.080132 58.828163 1.430397
v -52.037136 100.719376 1.582723
v -53.357159 99.209976 1.577235
v -54.625973 97.657318 1.571589
v -55.842224 96.063110 1.565792
v -57.004517 94.429169 1.559851
v -60.155029 89.307281 1.541227
v -61.089142 87.532990 1.534775
v -67.236694 54.466858 1.414540
v -67.002686 52.475388 1.407299
v -64.218170 40.791199 1.364813
v -63.528858 38.908234 1.357966
v -14.166725 63.981094 1.449134
v -14.147224 64.017700 1.449267
v -13.752289 65.612389 1.455065
v -13.514931 65.549034 1.454835
v 2.441780 119.636383 1.651507
v 0.459236 119.936829 1.652599
v -1.532257 120.170837 1.653450
v -11.205971 69.887840 1.470612
v -11.238495 69.871529 1.470553
v -11.315506 69.823921 1.470379
v -11.119888 69.916817 1.470717
v -10.125420 71.179306 1.475308
v 8.313744 118.340332 1.646794
v 10.238548 117.778336 1.644750
v -11.389282 69.232498 1.468229
v -11.408714 69.127350 1.467847
v -11.412514 68.975281 1.467294
v -11.025803 69.929863 1.470765
v -10.903793 69.927803 1.470757
v -9.561417 67.694405 1.462636
v -10.947250 69.603874 1.469579
v -9.955727 67.572136 1.462191
v -11.037086 69.597191 1.469555
v -11.093170 69.585045 1.469511
v -11.123940 69.573738 1.469470
v -6.486450 67.898430 1.463378
v -7.186447 67.964272 1.463617
v -7.525085 67.972496 1.463647
v -2.687218 66.192657 1.457175
v -2.172890 65.713295 1.455432
v -1.705711 65.187874 1.453521
v 1.329712 63.750259 1.448294
v 1.218803 63.774200 1.448381
v 1.094582 63.821167 1.448552
v 46.887497 35.216637 1.344538
v 47.701035 37.049362 1.351202
v 48.452881 38.908234 1.357962
v 51.626251 70.452263 1.472662
v 51.259750 72.423637 1.479830
v 50.827560 74.381676 1.486950
v 50.330185 76.324188 1.494013
v 49.768188 78.248978 1.501012
v 0.443611 58.396172 1.428825
v 0.796982 57.980415 1.427314
v 1.111084 60.273064 1.435650
v -64.218170 80.153915 1.507943
v -64.844177 78.248978 1.501017
v -65.406174 76.324188 1.494018
v -66.702240 70.452263 1.472667
v -67.002686 68.469727 1.465458
v -67.236694 66.478256 1.458216
v -67.404037 64.480103 1.450951
v -67.504517 62.477448 1.443668
v -67.538025 60.472557 1.436378
v -66.702240 50.492859 1.400090
v -66.335724 48.521484 1.392922
v -16.024910 65.765083 1.455621
v -27.219498 117.152328 1.642475
v -29.102470 116.463013 1.639969
v -46.275688 106.291397 1.602984
v -15.269798 62.444611 1.443547
v -13.184013 68.219475 1.464545
v -12.955299 68.177574 1.464393
v -12.093590 69.416687 1.468899
v -25.314537 117.778336 1.644752
v -23.389725 118.340332 1.646795
v -11.633652 69.212662 1.468157
v -11.584930 69.412338 1.468883
v -11.398773 68.841064 1.466806
v -11.328918 68.585663 1.465877
v -11.204018 69.526100 1.469296
v -11.253624 69.480843 1.469132
v -1.338196 64.693024 1.451722
v 1.725441 66.221039 1.457278
v 1.455055 63.742920 1.448267
v 1.578957 63.754791 1.448310
v 0.208214 65.074715 1.453110
v -1.147591 64.398468 1.450651
v 0.319687 64.851753 1.452299
v 0.384270 64.724442 1.451836
v 49.142181 40.791199 1.364808
v 49.768188 42.696144 1.371735
v 45.079041 89.307281 1.541222
v 41.928528 94.429169 1.559847
v 40.766235 96.063110 1.565788
v 0.356483 58.469032 1.429090
v -9.736168 52.519501 1.407457
v -9.989975 52.706696 1.408138
v -9.829742 52.902618 1.408850
v -65.903534 74.381676 1.486955
v -66.335724 72.423637 1.479835
v -67.504517 58.467674 1.429088
v -67.404037 56.465034 1.421806
v -39.822960 111.045761 1.620271
v -41.494835 109.938721 1.616246
v -13.935295 65.695900 1.455369
v -14.111588 65.813225 1.455796
v -14.287590 65.979408 1.456400
v -14.431343 66.165680 1.457078
v -14.529434 66.347260 1.457738
v -14.600273 66.549881 1.458475
v -14.637100 66.761490 1.459244
v -14.506554 67.491783 1.461900
v -14.402237 67.660927 1.462515
v -13.211441 68.221565 1.464553
v -12.761200 68.108208 1.464141
v -12.569939 68.002113 1.463755
v -12.397034 67.865578 1.463259
v -3.530434 120.338181 1.654059
v -5.533096 120.438660 1.654424
v -7.537994 120.472168 1.654546
v -9.542892 120.438660 1.654424
v -11.545555 120.338181 1.654059
v -11.526581 69.560204 1.469421
v -11.463593 69.668083 1.469813
v -11.397186 69.750450 1.470112
v 2.209473 65.232216 1.453683
v 2.309563 64.985573 1.452786
v 2.349434 64.852455 1.452302
v 2.371590 64.696991 1.451736
v 51.259750 48.521484 1.392917
v 51.626251 50.492859 1.400085
v 51.926697 52.475388 1.407294
v 49.142181 80.153915 1.507939
v 48.452881 82.036888 1.514786
v 47.701035 83.895760 1.521545
v -14.190201 51.905098 1.405223
v -13.966537 55.431717 1.418047
v -15.839943 53.531685 1.411138
v -5.279190 51.086433 1.402246
v -5.086983 51.125832 1.402389
v -6.341820 52.609055 1.407783
v -10.927246 53.782097 1.412048
v -10.285843 53.494118 1.411001
v -9.673050 53.045685 1.409370
v -9.620293 53.267471 1.410177
v -9.507904 53.153839 1.409764
v -9.398560 53.207062 1.409957
v -30.961365 115.711197 1.637235
v -32.794098 114.897659 1.634277
v -34.598618 114.023331 1.631098
v -43.128807 108.776443 1.612020
v -44.723015 107.560211 1.607597
v -14.643059 66.903473 1.459760
v -14.625893 67.124161 1.460563
v -14.579506 67.317192 1.461265
v -14.018738 68.022942 1.463831
v -13.842529 68.119057 1.464180
v -13.641655 68.188911 1.464434
v -13.440910 68.222389 1.464556
v -12.059219 67.395302 1.461549
v -11.052002 67.098358 1.460469
v -12.154968 67.576210 1.462206
v -12.301300 67.767952 1.462903
v -11.990295 67.188728 1.460797
v -11.955605 66.979294 1.460036
v -11.237122 66.996826 1.460100
v -11.954086 66.735199 1.459148
v -11.831810 66.621750 1.458736
v -11.986244 66.534271 1.458418
v -11.993454 66.505676 1.458314
v 2.368988 64.550217 1.451203
v 2.345078 64.417206 1.450719
v 2.299377 64.285355 1.450240
v 2.257866 64.203156 1.449941
v 2.190651 64.104904 1.449584
v 2.102173 64.011551 1.449244
v 1.982841 63.919586 1.448910
v 52.160706 54.466858 1.414536
v 52.328049 56.465034 1.421801
v 52.428543 58.467674 1.429083
v 52.462036 60.472557 1.436373
v 52.428543 62.477448 1.443664
v 52.328049 64.480103 1.450946
v 52.160706 66.478256 1.458211
v 51.926697 68.469727 1.465453
v 46.887497 85.728477 1.528209
v 46.013168 87.532990 1.534771
v 28.052811 12.168671 1.260732
v 29.647018 13.384903 1.265154
v 31.199707 14.653725 1.269768
v 32.709122 15.973728 1.274568
v 34.173584 17.343418 1.279548
v 35.591461 18.761288 1.284704
v 36.961151 20.225739 1.290029
v 38.281174 21.735146 1.295517
v 39.550003 23.287807 1.301163
v 2.343033 62.012726 1.441976
v 2.407478 61.926865 1.441664
v 2.459694 61.826767 1.441300
v 44.086136 29.895767 1.325191
v 43.035568 28.187828 1.318980
v -36.372910 113.089218 1.627702
v -38.115005 112.096313 1.624091
v -14.265053 67.820335 1.463094
v -14.200653 67.882225 1.463319
v 2.036034 65.598457 1.455014
v 1.866364 63.852676 1.448666
v 1.723213 63.792725 1.448448
v 40.766235 24.882004 1.306960
v 41.928528 26.515953 1.312901
v -6.237259 52.761307 1.408336
v 1.353493 56.016396 1.420172
v 0.094749 59.824905 1.434021
v 0.033165 59.706635 1.433591
v -0.011787 59.573273 1.433106
v -0.035255 59.450653 1.432660
v -14.613174 57.503113 1.425579
v -14.610466 57.642242 1.426085
v -14.990967 56.834427 1.423147
v -14.630539 57.788284 1.426616
v -15.134590 56.739662 1.422803
v -14.748367 58.094124 1.427728
v -14.845840 58.238213 1.428252
v -15.308479 56.659492 1.422511
v -0.695183 55.027817 1.416578
v -1.771545 55.676964 1.418938
v -1.933136 55.489059 1.418255
v -1.447235 52.488007 1.407342
v -1.989365 51.475975 1.403662
v -1.943443 51.481728 1.403683
v -5.484001 53.172821 1.409832
v -4.282074 52.287567 1.406613
v -4.309433 52.415894 1.407080
v -5.643677 53.139450 1.409711
v -5.831329 53.072647 1.409468
v -7.714615 52.688385 1.408071
v -6.715683 52.554718 1.407585
v -7.601418 52.452682 1.407214
v -6.417007 52.457962 1.407233
v -7.541351 52.245880 1.406462
v -7.514580 52.017128 1.405630
v -14.775864 57.063477 1.423980
v -14.693840 57.210953 1.424516
v -14.637032 57.372192 1.425103
v -14.669060 57.921501 1.427100
v -14.982895 58.382988 1.428778
v -15.112480 58.479057 1.429127
v -15.223022 58.535957 1.429334
v -18.523560 60.378395 1.436034
v -17.567230 60.400124 1.436113
v -17.579155 60.925270 1.438022
v -4.564720 52.865158 1.408714
v -4.690468 52.977341 1.409122
v -5.985733 52.988770 1.409163
v -6.117783 52.886948 1.408793
v -8.858826 52.997208 1.409194
v -9.037399 52.979233 1.409129
v -7.864868 51.823997 1.404928
v -9.209274 52.933380 1.408962
v -9.338646 52.877655 1.408759
v -9.447189 52.809601 1.408512
v 0.920250 60.281822 1.435682
v 0.744736 60.262978 1.435614
v 0.595451 60.223076 1.435468
v -0.045235 59.260880 1.431970
v -0.024406 59.087738 1.431340
v 0.031212 58.894035 1.430636
v 0.812233 62.089874 1.442256
v 0.641685 62.061203 1.442152
v 0.245132 60.409554 1.436146
v -0.607109 54.975845 1.416389
v -0.650055 53.562111 1.411248
v -0.989403 53.265549 1.410169
v -2.424431 54.986115 1.416426
v -2.463852 54.949631 1.416293
v -2.098892 51.423805 1.403473
v -2.071640 51.443077 1.403543
v -2.027451 51.464592 1.403621
v -0.463554 53.348976 1.410473
v -0.802895 53.052414 1.409395
v -0.175392 52.335159 1.406786
v -16.370201 58.714668 1.429984
v -16.545189 58.594337 1.429547
v -17.265747 59.621185 1.433281
v -16.693871 58.454796 1.429039
v -15.461609 58.611626 1.429610
v -16.090935 58.844872 1.430458
v -16.156998 58.818535 1.430362
v -18.515846 60.044662 1.434820
v -58.111557 28.187828 1.318984
v -57.004517 26.515953 1.312905
v -17.283272 60.406441 1.436136
v -15.037979 60.457298 1.436321
v -17.295197 60.931587 1.438045
v -15.035942 60.648384 1.437016
v -14.986526 61.349724 1.439566
v -4.902054 51.190926 1.402626
v -4.747330 51.275047 1.402932
v -4.616882 51.374886 1.403295
v -5.782478 51.137672 1.402432
v -5.623421 51.094734 1.402276
v -5.450867 51.077095 1.402212
v -7.584229 51.521721 1.403829
v -6.311844 51.087273 1.402249
v -7.530441 51.754585 1.404676
v -6.102203 51.314430 1.403075
v -7.527069 51.780830 1.404771
v -7.909225 52.346848 1.406829
v -7.969879 52.487442 1.407341
v -8.056496 52.623245 1.407834
v -8.272507 52.831894 1.408593
v -8.393600 52.902023 1.408848
v -7.853714 52.014580 1.405621
v -8.537941 52.955856 1.409044
v -8.672569 52.985046 1.409150
v 0.098694 58.756142 1.430134
v 0.188301 58.633568 1.429689
v -14.876152 56.938293 1.423525
v 0.474236 60.524010 1.436563
v 0.685440 60.588844 1.436798
v 2.153999 61.525543 1.440204
v 0.917641 60.619942 1.436912
v 1.176292 60.607506 1.436866
v -0.044144 60.168686 1.435271
v 0.081421 60.293114 1.435723
v -0.040047 60.648384 1.437015
v -0.089455 61.349724 1.439565
v -0.178566 61.917877 1.441631
v -3.509880 54.146126 1.413372
v -2.194336 51.965416 1.405442
v -1.633736 52.701141 1.408117
v -1.239700 53.046097 1.409371
v -2.713921 54.729919 1.415494
v -2.960663 54.531372 1.414772
v -16.987938 57.916725 1.427083
v -16.924141 58.095207 1.427732
v -16.826416 58.278374 1.428398
v -30.961365 5.233929 1.235518
v -32.794098 6.047459 1.238477
v -34.598618 6.921780 1.241656
v -15.439659 56.268791 1.421091
v -15.650772 56.245598 1.421006
v -16.084633 53.773582 1.412017
v -16.775490 56.787476 1.422977
v -16.876312 56.960510 1.423606
v -53.357159 21.735146 1.295521
v -16.942101 57.118027 1.424178
v -17.004745 57.341141 1.424990
v -17.549706 59.614883 1.433258
v -17.029633 57.547226 1.425739
v -17.022697 57.738937 1.426436
v -14.871666 62.043350 1.442088
v -14.845757 62.159775 1.442511
v -59.162109 29.895767 1.325195
v -55.842224 24.882004 1.306964
v -54.625973 23.287807 1.301167
v -4.500168 51.498085 1.403743
v -4.400932 51.647575 1.404286
v -4.332047 51.796272 1.404827
v -4.286201 51.960823 1.405425
v -4.270523 52.126244 1.406027
v -4.821213 53.062134 1.409430
v -4.972305 53.127747 1.409669
v -5.309326 53.184784 1.409876
v -5.130676 53.168518 1.409817
v -5.941177 51.208412 1.402690
v -7.869057 52.188736 1.406254
v -8.166649 52.746826 1.408284
v 0.446953 60.155746 1.435224
v 0.300545 60.056854 1.434864
v 0.179268 59.940659 1.434442
v 0.960167 56.253380 1.421034
v 1.033028 56.032814 1.420232
v 1.067383 55.830544 1.419496
v 1.070259 55.648064 1.418833
v 1.047310 55.488861 1.418254
v 0.998116 55.328674 1.417671
v 0.210655 54.714493 1.415438
v 0.062920 54.716309 1.415445
v -0.083939 54.742340 1.415539
v -0.303230 54.820587 1.415824
v -2.196609 51.271294 1.402918
v -2.192154 51.287651 1.402978
v -2.174515 51.332253 1.403140
v -2.153290 51.368172 1.403270
v -2.129105 51.397438 1.403377
v -1.704788 51.059258 1.402147
v -1.727081 51.029610 1.402039
v 24.746964 9.899353 1.252481
v -9.466774 50.733673 1.400964
v -9.625366 50.827133 1.401303
v -15.535217 1.008301 1.220152
v -7.667877 51.318810 1.403091
v -7.791794 51.119530 1.402366
v -6.228104 51.014107 1.401983
v -6.098228 50.924088 1.401656
v -10.151505 51.645653 1.404280
v -10.175003 51.851982 1.405030
v -39.822960 9.899353 1.252483
v -41.494835 11.006386 1.256509
v -43.128807 12.168671 1.260735
v -38.115005 8.848804 1.248663
v -36.372910 7.855907 1.245053
v -29.102470 4.482090 1.232785
v -27.219498 3.792786 1.230278
v -25.314537 3.166786 1.228002
v -23.389725 2.604790 1.225958
v -21.447212 2.107422 1.224149
v -19.489159 1.675243 1.222578
v -17.517761 1.308731 1.221245
v -15.211029 56.331367 1.421318
v -16.338837 56.402626 1.421577
v -16.501976 56.504478 1.421947
v -16.652176 56.635597 1.422424
v -17.559517 60.066406 1.434899
v -4.375977 52.593521 1.407726
v -4.462593 52.740707 1.408261
v 2.139519 60.025879 1.434751
v 2.237328 59.861008 1.434152
v 1.512344 58.048012 1.427559
v 1.312981 57.991783 1.427355
v 1.094574 57.966194 1.427262
v 0.913895 55.159622 1.417057
v 0.813393 55.019806 1.416548
v 0.711098 54.918991 1.416182
v 0.605110 54.842148 1.415902
v 0.482010 54.779907 1.415676
v 0.339912 54.734009 1.415509
v -1.903870 51.480202 1.403678
v -0.425697 52.115715 1.405988
v -1.053200 52.832947 1.408597
v -9.592354 52.680511 1.408043
v -10.157539 52.171036 1.406190
v -10.166595 52.094261 1.405911
v -50.667446 18.761288 1.284707
v -49.249569 17.343418 1.279552
v -47.785103 15.973728 1.274571
v -15.871811 56.257072 1.421048
v -16.107018 56.309181 1.421237
v -16.137909 56.318748 1.421272
v -52.037136 20.225739 1.290032
v 2.000809 60.191742 1.435354
v 2.127075 58.524605 1.429292
v 2.014290 58.383842 1.428781
v 0.862358 57.973747 1.427289
v 1.253777 62.147430 1.442466
v 23.039017 8.848804 1.248661
v -2.203690 51.227287 1.402758
v -2.478989 51.793633 1.404817
v -2.204117 51.188011 1.402615
v -4.367050 53.143738 1.409727
v -3.794220 53.973824 1.412745
v -4.528130 53.267426 1.410177
v -4.148743 53.782097 1.412048
v -4.701477 53.365089 1.410532
v -4.790146 53.494118 1.411001
v -4.916000 53.445854 1.410825
v -3.993935 52.526672 1.407483
v -3.950104 52.293442 1.406635
v -3.945358 52.095192 1.405914
v -5.264893 50.773193 1.401107
v -5.482849 50.764267 1.401075
v -5.732277 50.790237 1.401169
v -5.936142 50.846954 1.401375
v -9.909729 51.105782 1.402317
v -10.008202 51.256783 1.402866
v -10.098862 51.452858 1.403579
v -46.275688 14.653725 1.269771
v -44.723015 13.384903 1.265157
v -14.607437 56.752098 1.422848
v -13.697777 56.193916 1.420818
v -14.479836 56.930420 1.423496
v -13.973778 56.621529 1.422373
v -14.386948 57.109833 1.424149
v -14.306129 57.241104 1.424626
v -14.328606 57.288605 1.424799
v 1.409668 60.556343 1.436680
v 1.613014 60.476051 1.436388
v 1.807716 60.359261 1.435964
v 2.059090 61.921158 1.441643
v 1.996246 61.982208 1.441865
v 1.925148 62.033615 1.442052
v -2.016151 50.951172 1.401754
v -2.055176 50.966309 1.401809
v -2.089859 50.986649 1.401883
v -2.122459 51.013649 1.401981
v -2.148758 51.044777 1.402094
v -2.165588 51.069374 1.402184
v -2.187302 51.114174 1.402347
v -2.198471 51.149406 1.402475
v -3.975090 51.874504 1.405112
v -4.036819 51.668129 1.404361
v -4.137741 51.463676 1.403618
v -4.629471 50.982758 1.401869
v -4.854790 50.874710 1.401476
v -5.018272 50.820847 1.401280
v -9.775124 50.951752 1.401756
v -14.758530 56.595894 1.422280
v -14.945869 56.457726 1.421777
v -15.148201 56.355873 1.421407
v 2.345757 59.114822 1.431438
v 2.297951 58.888130 1.430614
v 2.223991 58.693184 1.429905
v 1.875343 58.256096 1.428316
v 1.707741 58.141670 1.427900
v -4.152908 51.439278 1.403529
v -4.276627 51.273949 1.402928
v -4.428802 51.124611 1.402385
v -7.958122 50.934280 1.401693
v -8.127411 50.797195 1.401194
v -8.295166 50.700562 1.400843
v -8.463684 50.635864 1.400608
v -8.649925 50.596878 1.400466
v -8.846024 50.586319 1.400428
v -9.042755 50.604050 1.400492
v -9.267624 50.654419 1.400675
v 2.311180 59.671234 1.433462
v 2.350227 59.480728 1.432769
v 2.359497 59.281784 1.432046
v 2.169884 61.614670 1.440528
v 2.171440 61.668839 1.440725
v 2.168022 61.705032 1.440857
v 1.837410 62.078995 1.442217
v 1.700478 62.123764 1.442380
v 1.525795 62.153046 1.442486
v -1.858658 51.470970 1.403644
v -1.814804 51.454567 1.403584
v -1.778259 51.434196 1.403510
v -1.749283 51.411430 1.403428
v -1.723022 51.382759 1.403323
v -1.700043 51.350533 1.403206
v -4.220200 52.985855 1.409153
v -4.108124 52.813797 1.408527
v -4.025276 52.626312 1.407845
v 2.141731 61.793930 1.441180
v 2.110825 61.852661 1.441394
v -1.677902 51.305687 1.403043
v -1.666878 51.271400 1.402918
v -1.661118 51.233910 1.402782
v -1.661621 51.186333 1.402609
v -1.668274 51.145287 1.402460
v -1.683121 51.100639 1.402297
v -1.755569 51.002541 1.401941
v -1.790489 50.977539 1.401850
v 21.296936 7.855907 1.245050
v -1.835342 50.955383 1.401769
v 19.522629 6.921780 1.241654
v 17.718109 6.047459 1.238474
v 10.238548 3.166786 1.228000
v 12.143509 3.792786 1.230276
v -1.873413 50.943604 1.401726
v 14.026489 4.482090 1.232783
v 15.885376 5.233929 1.235517
v 2.441780 1.308731 1.221244
v -1.911835 50.937973 1.401706
v 0.459236 1.008301 1.220152
v -1.950546 50.938065 1.401706
v -1.532257 0.774281 1.219301
v -3.530434 0.606937 1.218693
v -1.990723 50.944427 1.401729
v -13.543732 0.774281 1.219301
v -11.545555 0.606937 1.218693
v 4.413170 1.675243 1.222577
v 6.371223 2.107422 1.224148
v 8.313744 2.604790 1.225957
v -9.542892 0.506458 1.218328
v -7.537994 0.472954 1.218206
v -5.533096 0.506458 1.218327
v -0.251060 62.248299 1.242831
v -0.383644 62.727547 0.244566
v -0.204323 62.044075 1.242089
v -0.204323 62.047714 0.242094
v -0.178566 61.918602 1.241632
v -0.089455 61.354088 0.239572
v -0.056526 59.946220 1.234460
v -0.044144 60.169411 1.235272
v -0.040047 60.652748 0.237022
v -0.056526 59.949860 0.234466
v -0.138756 59.251602 0.231927
v -0.138756 59.247963 1.231921
v -0.245872 58.719727 1.230000
v -0.769859 57.241104 1.424625
v -0.749153 57.284821 1.424784
v -0.749153 57.285545 1.224786
v -1.771545 55.677689 1.218939
v -2.713921 54.730644 1.215496
v -2.463852 54.950356 1.216294
v -2.424431 54.990479 0.216433
v -2.960663 54.535736 0.214780
v -3.509880 54.146851 1.213373
v -3.537125 54.129593 1.213310
v -3.537125 54.133232 0.213316
v -3.794220 53.974548 1.212746
v -4.148743 53.786461 0.212055
v -5.455688 53.268196 1.210178
v -4.916000 53.446579 1.210827
v -4.790146 53.498482 0.211008
v -5.455688 53.271835 0.210184
v -6.139542 53.108505 0.209590
v -6.139542 53.104866 1.209584
v -6.395844 53.060814 1.209424
v -6.835678 53.009933 0.209231
v -8.240303 53.006294 1.209226
v -7.953552 52.984856 1.209148
v -7.537994 52.976974 0.209112
v -8.240303 53.009933 0.209232
v -8.936447 53.108505 0.209590
v -8.936447 53.104866 1.209584
v -9.398560 53.207787 1.209958
v -12.115318 54.531372 1.414773
v -12.049431 54.481186 1.414590
v -12.049431 54.481911 1.214592
v -13.591209 56.045151 1.220276
v -13.584877 56.040169 0.220250
v -13.697777 56.194641 1.220819
v -13.973785 56.625893 0.222380
v -14.578987 57.889809 1.226983
v -14.328606 57.289330 1.224800
v -14.306129 57.245468 0.224633
v -14.578987 57.893448 0.226989
v -14.789978 58.564110 0.229428
v -14.789978 58.560471 1.229422
v -14.817711 58.668930 1.229816
v -14.937225 59.251602 0.231928
v -15.037979 60.458023 1.236322
v -14.845757 62.160500 1.242512
v -14.871666 62.047714 0.242095
v -14.783661 62.409859 1.243419
v -14.692345 62.727547 0.244567
v -14.783661 62.409134 1.443418
v -14.166725 63.981819 1.249135
v -12.903091 65.714020 1.255434
v -13.065430 65.542526 1.254810
v -13.370277 65.192238 0.253529
v -12.903091 65.717659 0.255440
v -12.388763 66.197021 0.257183
v -12.388763 66.193382 1.257177
v -11.993454 66.506401 1.258315
v -10.751030 67.250137 1.261019
v -9.561417 67.695129 1.262637
v -9.955727 67.576500 0.262199
v -9.280281 67.768066 1.262902
v -9.280281 67.771706 0.262908
v -9.235397 67.778641 1.262941
v -8.589531 67.902794 0.263385
v -9.235397 67.777916 1.462940
v -7.889534 67.964996 1.263618
v -8.023514 67.957504 1.263591
v -8.589531 67.898430 1.463378
v -8.023514 67.956779 1.463590
v -7.889534 67.968636 0.263624
v -7.537994 67.976875 0.263654
v -7.525085 67.973221 1.263648
v -7.186447 67.968636 0.263624
v -1.338196 64.693748 1.251723
v -1.705711 65.192238 0.253529
v -1.289787 64.621742 1.251462
v -1.289787 64.625381 0.251467
v -1.147591 64.399193 1.250652
v -0.928764 64.022064 0.249274
v -9.620293 53.271835 0.210184
v -10.285843 53.498482 0.211008
v -10.927246 53.786461 0.212055
v -11.538864 54.133232 0.213316
v -11.752632 54.269562 1.213819
v -12.115318 54.535736 0.214780
v -12.651550 54.990479 0.216433
v -12.651550 54.986115 1.416426
v -13.142845 55.493423 0.218262
v -13.142845 55.489059 1.418255
v -13.584877 56.035805 1.420243
v -13.591209 56.044426 1.420275
v -15.019463 59.949860 0.234467
v -15.029877 60.124306 1.235108
v -15.035942 60.652748 0.237023
v -14.986526 61.354088 0.239573
v -14.692345 62.723183 1.444560
v -14.450157 63.387596 0.246967
v -14.450157 63.383232 1.446960
v -14.283852 63.750275 1.448295
v -14.283852 63.750999 1.248296
v -14.147224 64.022064 0.249274
v -13.786201 64.625381 0.251468
v -11.831810 66.626114 0.258743
v -11.237122 67.001190 0.260107
v -11.052002 67.099083 1.260470
v -10.609924 67.318901 0.261262
v -6.486450 67.902794 0.263385
v -5.795700 67.771706 0.262908
v -5.120262 67.576500 0.262198
v -4.466064 67.318901 0.261262
v -3.838867 67.001190 0.260106
v -3.244171 66.626114 0.258742
v -2.687218 66.197021 0.257182
v -2.172890 65.717659 0.255439
v -0.625832 63.387596 0.246967
v -0.286011 58.564110 0.229427
v -0.497002 57.893448 0.226989
v -0.614876 57.588768 1.225888
v -0.769859 57.245468 0.224633
v -1.102203 56.625893 0.222380
v -1.102196 56.621529 1.422373
v -1.491104 56.040169 0.220250
v -1.491104 56.035805 1.420243
v -1.565857 55.935677 1.419879
v -1.565857 55.936401 1.219880
v -1.933136 55.493423 0.218262
v -0.035423 56.854218 1.423219
v 0.035133 56.810944 1.423061
v -0.608238 55.358047 1.417778
v -0.351341 55.209351 1.417238
v 0.623535 55.279099 1.417491
v 0.687431 55.372772 1.417832
v -0.082405 55.084610 1.416784
v 0.751839 55.503647 1.418308
v -0.137062 55.104294 1.416855
v 0.804794 55.744743 1.419184
v 0.799828 55.901268 1.419753
v 0.771721 56.043770 1.420272
v 0.716957 56.194939 1.420821
v 0.637711 56.332222 1.421320
v 0.536690 56.453896 1.421763
v 0.328484 56.620567 1.422369
v 0.789070 55.627495 1.418758
v 0.031990 55.054962 1.416676
v 0.138588 55.042847 1.416632
v 0.235954 55.046921 1.416647
v 0.320160 55.064056 1.416709
v 0.397728 55.092834 1.416814
v 0.552986 55.200806 1.417206
v 0.467064 55.131897 1.416956
v -13.795464 52.710678 1.408152
v -16.036125 63.641411 1.447899
v -9.408173 68.843872 1.466816
v 8.313744 2.609154 0.025964
v 6.371223 2.111786 0.024155
v 29.647018 13.389267 0.065162
v 31.199707 14.658089 0.069775
v 36.961151 20.230103 0.090036
v 35.591461 18.765652 0.084711
v 34.173584 17.347782 0.079555
v 32.709122 15.978092 0.074575
v 6.371223 118.842056 0.448610
v 8.313744 118.344696 0.446801
v 10.238548 117.782700 0.444757
v -67.538025 60.476921 0.236385
v -67.504517 62.481812 0.243676
v -1.532257 0.778645 0.019308
v -3.530434 0.611301 0.018700
v -5.533096 0.510822 0.018334
v 19.522629 6.926144 0.041661
v 17.718109 6.051823 0.038482
v 15.885376 5.238293 0.035523
v 28.052811 12.173035 0.060739
v 26.418854 11.010750 0.056513
v 47.701035 37.053726 0.151209
v 17.718109 114.902023 0.434282
v 19.522629 114.027695 0.431103
v -32.794098 114.902023 0.434284
v -34.598618 114.027695 0.431105
v -66.702240 70.456627 0.272674
v 4.413170 1.679607 0.022584
v 2.441780 1.313095 0.021251
v 0.459236 1.012665 0.020159
v 14.026489 4.486454 0.032790
v 12.143509 3.797150 0.030283
v 10.238548 3.171150 0.028007
v 24.746964 9.903717 0.052488
v 23.039017 8.853168 0.048668
v 21.296936 7.860271 0.045057
v 50.330185 44.625298 0.178741
v 49.768188 42.700508 0.171742
v 49.142181 40.795563 0.164815
v 48.452881 38.912598 0.157969
v 51.926697 52.479752 0.207301
v 52.160706 54.471222 0.214543
v 47.701035 83.900124 0.321552
v 46.887497 85.732841 0.328216
v 46.013168 87.537354 0.334778
v 45.079041 89.311646 0.341230
v 38.281174 99.214340 0.377238
v 36.961151 100.723740 0.382726
v 35.591461 102.188202 0.388052
v 29.647018 107.564575 0.407601
v 31.199707 106.295761 0.402988
v 32.709122 104.975754 0.398188
v 34.173584 103.606064 0.393207
v 2.441780 119.640747 0.451514
v 4.413170 119.274246 0.450181
v -1.532257 120.175201 0.453457
v 0.459236 119.941193 0.452606
v -21.447212 118.842056 0.448611
v -19.489159 119.274246 0.450182
v -17.517761 119.640747 0.451515
v -23.389725 118.344696 0.446802
v -25.314537 117.782700 0.444759
v -30.961365 115.715561 0.437242
v -29.102470 116.467377 0.439976
v -27.219498 117.156693 0.442482
v -61.089142 87.537354 0.334782
v -61.963474 85.732841 0.328221
v -62.777012 83.900124 0.321557
v -63.528858 82.041252 0.314797
v -67.404037 64.484467 0.250958
v -67.236694 66.482620 0.258223
v -67.002686 68.474091 0.265465
v -23.389725 2.609154 0.025965
v -21.447212 2.111786 0.024156
v 41.928528 26.520317 0.112908
v 40.766235 24.886368 0.106967
v 39.550003 23.292171 0.101170
v 38.281174 21.739510 0.095524
v 43.035568 28.192192 0.118987
v 44.086136 29.900131 0.125198
v 46.887497 35.221001 0.144545
v 46.013168 33.416496 0.137984
v 45.079041 31.642212 0.131532
v 51.626251 50.497223 0.200092
v 51.259750 48.525848 0.192924
v 50.827560 46.567802 0.185804
v 52.428543 62.481812 0.243671
v 52.462036 60.476921 0.236380
v 52.428543 58.472038 0.229090
v 52.328049 56.469398 0.221808
v 50.330185 76.328552 0.294020
v 50.827560 74.386040 0.286957
v 48.452881 82.041252 0.314793
v 49.142181 80.158279 0.307946
v 49.768188 78.253342 0.301019
v 44.086136 91.053711 0.347564
v 43.035568 92.761658 0.353774
v 39.550003 97.661682 0.371592
v 40.766235 96.067474 0.365795
v 41.928528 94.433533 0.359854
v 28.052811 108.780807 0.412024
v 26.418854 109.943085 0.416250
v 21.296936 113.093582 0.427706
v 23.039017 112.100677 0.424096
v 24.746964 111.050125 0.420276
v 12.143509 117.156693 0.442481
v 14.026489 116.467377 0.439974
v 15.885376 115.715561 0.437241
v -64.218170 80.158279 0.307951
v -64.844177 78.253342 0.301024
v -66.335724 72.428001 0.279842
v -65.903534 74.386040 0.286962
v -65.406174 76.328552 0.294025
v -67.504517 58.472038 0.229095
v -67.404037 56.469398 0.221813
v -66.335724 48.525848 0.192929
v -66.702240 50.497223 0.200097
v -67.002686 52.479752 0.207306
v -67.236694 54.471222 0.214548
v -13.543732 0.778645 0.019309
v -15.535217 1.012665 0.020160
v -17.517761 1.313095 0.021252
v -19.489159 1.679607 0.022585
v 51.259750 72.428001 0.279837
v 51.626251 70.456627 0.272669
v -5.533096 120.443024 0.454431
v -3.530434 120.342545 0.454066
v -15.535217 119.941193 0.452607
v -13.543732 120.175201 0.453458
v -41.494835 109.943085 0.416253
v -39.822960 111.050125 0.420278
v -38.115005 112.100677 0.424098
v -36.372910 113.093582 0.427709
v -43.128807 108.780807 0.412027
v -44.723015 107.564575 0.407604
v -57.004517 94.433533 0.359858
v -55.842224 96.067474 0.365799
v -62.777012 37.053726 0.151214
v -52.037136 20.230103 0.090039
v -53.357159 21.739510 0.095528
v -54.625973 23.292171 0.101174
v -50.667446 18.765652 0.084714
v -49.249569 17.347782 0.079559
v -7.537994 0.477318 0.018213
v -9.542892 0.510822 0.018335
v -11.545555 0.611301 0.018700
v 51.926697 68.474091 0.265460
v 52.160706 66.482620 0.258218
v 52.328049 64.484467 0.250953
v -11.545555 120.342545 0.454066
v -9.542892 120.443024 0.454432
v -7.537994 120.476532 0.454553
v -50.667446 102.188202 0.388055
v -49.249569 103.606064 0.393211
v -47.785103 104.975754 0.398191
v -46.275688 106.295761 0.402991
v -65.903534 46.567802 0.185809
v -65.406174 44.625298 0.178746
v -63.528858 38.912598 0.157973
v -64.218170 40.795563 0.164820
v -64.844177 42.700508 0.171747
v -59.162109 29.900131 0.125202
v -60.155029 31.642212 0.131537
v -61.089142 33.416496 0.137988
v -61.963474 35.221001 0.144550
v -43.128807 12.173035 0.060742
v -44.723015 13.389267 0.065165
v -46.275688 14.658089 0.069778
v -47.785103 15.978092 0.074578
v -29.102470 4.486454 0.032791
v -27.219498 3.797150 0.030285
v -25.314537 3.171150 0.028009
v -54.625973 97.661682 0.371596
v -53.357159 99.214340 0.377242
v -52.037136 100.723740 0.382730
v -60.155029 89.311646 0.341234
v -59.162109 91.053711 0.347568
v -58.111557 92.761658 0.353779
v -55.842224 24.886368 0.106971
v -57.004517 26.520317 0.112912
v -58.111557 28.192192 0.118991
v -41.494835 11.010750 0.056516
v -39.822960 9.903717 0.052490
v -38.115005 8.853168 0.048670
v -36.372910 7.860271 0.045060
v -30.961365 5.238293 0.035525
v -32.794098 6.051823 0.038484
v -34.598618 6.926144 0.041663
v -10.125420 71.180031 1.275309
v -9.794495 71.233315 1.275503
v -9.469170 69.221809 1.268188
v -8.456055 70.439651 1.272617
v -7.973679 70.518173 1.272902
v -9.176102 69.075279 1.267656
v -7.477982 67.980820 1.263676
v -9.408173 68.844597 1.266817
v -12.093590 69.417412 1.268900
v -11.786499 69.554825 1.269400
v -11.633652 69.213387 1.268158
v -11.205971 69.888565 1.270613
v -11.238495 69.872253 1.270554
v -11.315506 69.824646 1.270381
v -11.397186 69.751175 1.270113
v -11.463593 69.668808 1.269814
v -11.526581 69.560928 1.269422
v -11.584930 69.413063 1.268884
v -10.903793 69.928528 1.270758
v -11.025803 69.930588 1.270766
v -11.119888 69.917542 1.270718
v -10.947250 69.604599 1.269581
v -11.123940 69.574463 1.269471
v -11.093170 69.585770 1.269512
v -11.037086 69.597916 1.269556
v -11.398773 68.841789 1.266807
v -11.412514 68.976006 1.267295
v -11.408714 69.128075 1.267848
v -11.389282 69.233223 1.268230
v -11.351379 69.335548 1.268602
v -11.308365 69.412560 1.268882
v -11.253624 69.481567 1.269133
v -11.204018 69.526825 1.269298
v -11.091690 68.008865 1.263778
v -11.177780 68.204132 1.264488
v -11.328918 68.586388 1.265878
v -14.200653 67.882950 1.263320
v -14.265053 67.821060 1.263095
v -14.402237 67.661652 1.262516
v -14.506554 67.492508 1.261901
v -14.579506 67.317917 1.261266
v -14.625893 67.124886 1.260564
v -14.643059 66.904198 1.259761
v -13.184013 68.220200 1.264547
v -13.211441 68.222290 1.264554
v -13.440910 68.223114 1.264557
v -13.641655 68.189636 1.264435
v -13.842529 68.119781 1.264181
v -14.018738 68.023666 1.263832
v -12.301300 67.768677 1.262905
v -12.397034 67.866302 1.263260
v -12.569939 68.002838 1.263756
v -12.761200 68.108932 1.264142
v -12.955299 68.178299 1.264394
v -11.986244 66.534996 1.258419
v -11.954086 66.735924 1.259150
v -11.955605 66.980019 1.260037
v -11.990295 67.189453 1.260799
v -12.059219 67.396027 1.261550
v -12.154968 67.576935 1.262208
v -14.287590 65.980133 1.256401
v -14.111588 65.813950 1.255797
v -13.935295 65.696625 1.255370
v -13.752289 65.613113 1.255067
v -13.514931 65.549759 1.254836
v -13.270950 65.526459 1.254752
v -14.637100 66.762215 1.259245
v -14.600273 66.550606 1.258476
v -14.529434 66.347984 1.257739
v -14.431343 66.166405 1.257079
v -12.483360 66.240379 1.257348
v -12.396873 66.369362 1.257817
v -12.328728 66.517845 1.258357
v -12.605591 66.111229 1.256878
v -12.688286 66.044334 1.256635
v -13.106239 67.867447 1.263264
v -13.301689 67.889938 1.263346
v -13.492416 67.878967 1.263306
v -13.630585 67.847748 1.263192
v -13.771599 67.790268 1.262983
v -13.902458 67.710266 1.262692
v -13.984711 67.643173 1.262448
v -12.822929 65.959427 1.256326
v -12.975327 65.896225 1.256096
v -13.124069 65.861450 1.255970
v -13.283844 65.850861 1.255931
v -13.441383 65.866913 1.255990
v -13.591995 65.907776 1.256138
v -13.763878 65.984940 1.256419
v -13.895172 66.072105 1.256736
v -14.031685 66.200279 1.257202
v -14.127495 66.321526 1.257643
v -14.203186 66.450676 1.258112
v -14.258514 66.587685 1.258610
v -14.296661 66.758095 1.259230
v -14.106468 67.513565 1.261977
v -14.187134 67.390808 1.261531
v -14.243942 67.266129 1.261078
v -14.288170 67.103889 1.260488
v -14.305367 66.937584 1.259883
v -14.305817 66.919228 1.259816
v -12.286720 66.673790 1.258924
v -12.272118 66.810722 1.259421
v -12.279915 66.964088 1.259979
v -12.312004 67.118752 1.260542
v -12.374725 67.284943 1.261146
v -12.450241 67.417740 1.261629
v -12.545296 67.538696 1.262069
v -12.680748 67.667389 1.262537
v -12.810944 67.756348 1.262860
v -12.959862 67.825806 1.263113
v -13.984711 67.642448 1.462447
v -13.902458 67.709541 1.462691
v -13.771599 67.789543 1.462982
v -13.630585 67.847023 1.463191
v -13.492416 67.878242 1.463305
v -13.301689 67.889214 1.463344
v -13.106239 67.866722 1.463263
v -12.959862 67.825081 1.463111
v -12.810944 67.755623 1.462859
v -12.680748 67.666664 1.462535
v -12.545296 67.537971 1.462067
v -12.450241 67.417015 1.461627
v -12.374725 67.284218 1.461145
v -12.312004 67.118027 1.460540
v -12.279915 66.963364 1.459978
v -12.272118 66.809998 1.459420
v -12.286720 66.673065 1.458922
v -12.328728 66.517120 1.458355
v -12.396873 66.368637 1.457815
v -12.483360 66.239655 1.457346
v -12.605591 66.110504 1.456877
v -12.688286 66.043610 1.456634
v -12.822929 65.958702 1.456325
v -12.975327 65.895500 1.456095
v -13.124069 65.860725 1.455968
v -13.283844 65.850136 1.455930
v -13.441383 65.866188 1.455988
v -13.591995 65.907051 1.456137
v -13.763878 65.984215 1.456418
v -13.895172 66.071381 1.456735
v -14.031685 66.199554 1.457201
v -14.127495 66.320801 1.457642
v -14.203186 66.449951 1.458111
v -14.258514 66.586960 1.458609
v -14.296661 66.757370 1.459229
v -14.305817 66.918503 1.459815
v -14.305367 66.936859 1.459882
v -14.288170 67.103165 1.460486
v -14.243942 67.265404 1.461076
v -14.187134 67.390083 1.461530
v -14.106468 67.512840 1.461976
v -17.410324 62.038673 1.242070
v -17.291138 62.357689 1.243230
v -15.269798 62.445335 1.243548
v -16.730934 63.866478 1.248716
v -16.709900 63.921867 1.248917
v -14.675949 64.043175 1.249358
v -16.144798 65.442596 1.254447
v -16.024910 65.765808 1.255622
v -16.036125 63.642136 1.247900
v -17.559517 60.067131 1.234901
v -18.515846 60.045387 1.234822
v -18.523560 60.379120 1.236035
v -17.567230 60.400848 1.236114
v -17.579155 60.925995 1.238024
v -17.295197 60.932312 1.238047
v -17.283272 60.407166 1.236137
v -17.275566 60.073433 1.234924
v -17.265747 59.621910 1.233282
v -17.549706 59.615608 1.233259
v -15.583328 58.638763 1.229707
v -15.461609 58.612350 1.229611
v -15.223022 58.536682 1.229336
v -15.112480 58.479782 1.229129
v -14.982895 58.383713 1.228779
v -14.845840 58.238937 1.228253
v -14.748367 58.094849 1.227729
v -14.669060 57.922226 1.227101
v -15.539154 58.952179 1.230846
v -14.909622 58.735428 1.230058
v -15.080132 58.828888 1.230398
v -15.288040 58.902893 1.230667
v -15.211029 56.332092 1.221319
v -15.148201 56.356598 1.221408
v -14.945869 56.458450 1.221779
v -14.758530 56.596619 1.222281
v -14.607437 56.752823 1.222849
v -14.479836 56.931145 1.223497
v -14.386948 57.110558 1.224150
v -16.137909 56.319473 1.221273
v -16.107018 56.309906 1.221239
v -15.871811 56.257797 1.221049
v -15.650772 56.246323 1.221007
v -15.439659 56.269516 1.221092
v -16.942101 57.118752 1.224180
v -16.876312 56.961235 1.223607
v -16.775490 56.788200 1.222978
v -16.652176 56.636322 1.222425
v -16.501976 56.505203 1.221949
v -16.338837 56.403351 1.221578
v -16.826416 58.279099 1.228399
v -16.924141 58.095932 1.227733
v -16.987938 57.917450 1.227084
v -17.022697 57.739662 1.226437
v -17.029633 57.547951 1.225740
v -17.004745 57.341866 1.224991
v -16.090935 58.845596 1.230459
v -16.156998 58.819260 1.230363
v -16.370201 58.715393 1.229985
v -16.545189 58.595062 1.229548
v -16.693871 58.455521 1.229040
v -15.308479 56.660217 1.222512
v -14.630539 57.789009 1.226617
v -14.610466 57.642967 1.226086
v -14.613174 57.503838 1.225580
v -14.637032 57.372917 1.225104
v -14.693840 57.211678 1.224517
v -14.775864 57.064201 1.223981
v -14.876152 56.939018 1.223526
v -14.990967 56.835152 1.223148
v -15.134590 56.740387 1.222804
v -16.238174 58.404602 1.228855
v -15.684097 56.590744 1.222260
v -15.590340 56.594315 1.222273
v -16.052528 56.637924 1.222431
v -15.895332 56.602814 1.222304
v -16.376419 58.301392 1.228480
v -16.490059 58.190155 1.228076
v -16.567307 58.087738 1.227703
v -16.630058 57.968216 1.227269
v -16.674713 57.833061 1.226777
v -16.702637 57.657005 1.226137
v -16.702728 57.495766 1.225551
v -16.680084 57.349052 1.225017
v -16.644829 57.230232 1.224585
v -16.574516 57.073586 1.224015
v -16.493027 56.948921 1.223562
v -16.398689 56.845024 1.223184
v -16.283745 56.752350 1.222847
v -16.194702 56.698074 1.222650
v -15.590340 56.593590 1.422271
v -16.238174 58.403877 1.428854
v -15.684097 56.590019 1.422259
v -15.895332 56.602089 1.422302
v -16.052528 56.637199 1.422430
v -16.194702 56.697350 1.422649
v -16.283745 56.751625 1.422846
v -16.398689 56.844299 1.423183
v -16.493027 56.948196 1.423561
v -16.574516 57.072861 1.424014
v -16.644829 57.229507 1.424584
v -16.680084 57.348328 1.425016
v -16.702728 57.495041 1.425549
v -16.702637 57.656281 1.426136
v -16.674713 57.832336 1.426776
v -16.630058 57.967491 1.427267
v -16.567307 58.087013 1.427702
v -16.490059 58.189430 1.428074
v -16.376419 58.300667 1.428479
v -14.136215 51.852539 1.205031
v -14.190201 51.905823 1.205224
v -13.966545 55.432442 1.218048
v -15.839943 53.532410 1.211139
v -16.084633 53.774307 1.212019
v -13.795464 52.711403 1.208153
v -9.736168 52.520226 1.207458
v -9.592354 52.681236 1.208044
v -9.447189 52.810326 1.208513
v -9.338646 52.878380 1.208761
v -9.209274 52.934105 1.208963
v -9.037399 52.979958 1.209130
v -8.858826 52.997932 1.209195
v -8.672569 52.985771 1.209151
v -9.989975 52.707420 1.208139
v -9.507904 53.154564 1.209765
v -9.673050 53.046410 1.209372
v -9.829742 52.903343 1.208851
v -7.530441 51.755310 1.204677
v -7.527069 51.781555 1.204772
v -7.514580 52.017853 1.205631
v -7.541351 52.246605 1.206463
v -7.601418 52.453407 1.207215
v -7.714615 52.689110 1.208072
v -7.819016 52.843086 1.208632
v -7.958122 50.935005 1.201694
v -7.791794 51.120255 1.202368
v -7.667877 51.319534 1.203092
v -7.584229 51.522446 1.203830
v -9.042755 50.604774 1.200493
v -8.846024 50.587044 1.200429
v -8.649925 50.597603 1.200467
v -8.463684 50.636589 1.200609
v -8.295166 50.701286 1.200844
v -8.127411 50.797920 1.201195
v -10.008202 51.257507 1.202867
v -9.909729 51.106506 1.202318
v -9.775124 50.952477 1.201758
v -9.625366 50.827858 1.201305
v -9.466774 50.734398 1.200965
v -9.267624 50.655144 1.200676
v -10.157539 52.171761 1.206191
v -10.166595 52.094986 1.205912
v -10.175003 51.852707 1.205031
v -10.151505 51.646378 1.204281
v -10.098862 51.453583 1.203580
v -7.864868 51.824722 1.204929
v -8.537941 52.956581 1.209045
v -8.393600 52.902748 1.208849
v -8.272507 52.832619 1.208594
v -8.166649 52.747551 1.208285
v -8.056496 52.623970 1.207836
v -7.969879 52.488167 1.207342
v -7.909225 52.347572 1.206830
v -7.869057 52.189461 1.206255
v -7.853714 52.015305 1.205622
v -9.839935 51.833130 1.204960
v -7.940598 51.546371 1.203917
v -7.990448 51.446136 1.203553
v -9.813095 51.659744 1.204329
v -9.770676 51.511749 1.203791
v -9.716606 51.393906 1.203363
v -9.640167 51.280594 1.202951
v -9.537643 51.172821 1.202559
v -9.415466 51.079483 1.202219
v -9.267288 50.997589 1.201922
v -9.126114 50.946754 1.201737
v -8.999283 50.919579 1.201638
v -8.830414 50.906700 1.201591
v -8.677666 50.920479 1.201641
v -8.538864 50.955086 1.201767
v -8.399658 51.015900 1.201988
v -8.318497 51.063995 1.202163
v -8.200272 51.159317 1.202510
v -8.101044 51.272186 1.202920
v -7.940598 51.545647 1.403916
v -9.839935 51.832405 1.404959
v -7.990448 51.445412 1.403551
v -8.101044 51.271461 1.402919
v -8.200272 51.158592 1.402509
v -8.318497 51.063271 1.402162
v -8.399658 51.015175 1.401987
v -8.538864 50.954361 1.401766
v -8.677666 50.919754 1.401640
v -8.830414 50.905975 1.401590
v -8.999283 50.918854 1.401637
v -9.126114 50.946030 1.401736
v -9.267288 50.996864 1.401921
v -9.415466 51.078758 1.402218
v -9.537643 51.172096 1.402558
v -9.640167 51.279869 1.402950
v -9.716606 51.393181 1.403362
v -9.770676 51.511024 1.403790
v -9.813095 51.659019 1.404328
v -6.311844 51.087997 1.202250
v -6.228104 51.014832 1.201984
v -6.098228 50.924812 1.201657
v -5.936142 50.847679 1.201376
v -5.732277 50.790962 1.201170
v -5.482849 50.764992 1.201076
v -5.264893 50.773918 1.201108
v -5.018272 50.821571 1.201281
v -6.102203 51.315155 1.203076
v -5.086983 51.126556 1.202390
v -5.279190 51.087158 1.202247
v -5.450867 51.077820 1.202213
v -5.623421 51.095459 1.202277
v -5.782478 51.138397 1.202434
v -5.941177 51.209137 1.202691
v -4.309433 52.416618 1.207081
v -4.282074 52.288292 1.206615
v -4.270523 52.126968 1.206028
v -4.286201 51.961548 1.205427
v -4.332047 51.796997 1.204828
v -4.400932 51.648300 1.204288
v -4.500168 51.498810 1.203744
v -4.616882 51.375610 1.203296
v -4.747330 51.275772 1.202933
v -4.902054 51.191650 1.202627
v -5.643677 53.140175 1.209712
v -5.484001 53.173546 1.209834
v -5.309326 53.185509 1.209877
v -5.130676 53.169243 1.209818
v -4.972305 53.128471 1.209670
v -4.821213 53.062859 1.209431
v -4.690468 52.978065 1.209123
v -4.564720 52.865883 1.208715
v -4.462593 52.741432 1.208262
v -4.375977 52.594246 1.207727
v -6.417007 52.458687 1.207234
v -6.341820 52.609779 1.207784
v -6.237259 52.762032 1.208337
v -6.117783 52.887672 1.208794
v -5.985733 52.989494 1.209165
v -5.831329 53.073372 1.209470
v -6.715683 52.555443 1.207586
v -6.540634 52.895790 1.208824
v -6.638046 52.739235 1.208255
v -3.993935 52.527397 1.207484
v -4.025276 52.627037 1.207846
v -4.108124 52.814522 1.208528
v -4.220200 52.986580 1.209154
v -4.367050 53.144463 1.209728
v -4.528130 53.268150 1.210178
v -4.701477 53.365814 1.210533
v -4.854790 50.875435 1.201477
v -4.629471 50.983482 1.201870
v -4.428802 51.125336 1.202386
v -4.276627 51.274673 1.202929
v -4.152908 51.440002 1.203530
v -4.137741 51.464401 1.203619
v -4.036819 51.668854 1.204362
v -3.975090 51.875229 1.205113
v -3.945358 52.095917 1.205915
v -3.950104 52.294167 1.206636
v -1.790489 50.978264 1.201851
v -1.755569 51.003265 1.201942
v -1.727081 51.030334 1.202040
v -1.704788 51.059982 1.202148
v -1.683121 51.101364 1.202299
v -1.668274 51.146011 1.202461
v -1.661621 51.187057 1.202610
v -1.661118 51.234634 1.202783
v -1.666878 51.272125 1.202920
v -1.677902 51.306412 1.203044
v -1.700043 51.351257 1.203207
v -2.165588 51.070099 1.202185
v -2.148758 51.045502 1.202096
v -2.122459 51.014374 1.201982
v -2.089859 50.987373 1.201884
v -2.055176 50.967033 1.201810
v -2.016151 50.951897 1.201755
v -1.990723 50.945152 1.201731
v -1.950546 50.938789 1.201707
v -1.911835 50.938698 1.201707
v -1.873413 50.944328 1.201728
v -1.835342 50.956108 1.201771
v -2.071640 51.443802 1.203544
v -2.098892 51.424530 1.203474
v -2.129105 51.398163 1.203378
v -2.153290 51.368896 1.203272
v -2.174515 51.332977 1.203141
v -2.192154 51.288376 1.202979
v -2.196609 51.272018 1.202919
v -2.203690 51.228012 1.202759
v -2.204117 51.188736 1.202616
v -2.198471 51.150131 1.202476
v -2.187302 51.114899 1.202348
v -1.723022 51.383484 1.203325
v -1.749283 51.412155 1.203429
v -1.778259 51.434921 1.203512
v -1.814804 51.455292 1.203586
v -1.858658 51.471695 1.203645
v -1.903870 51.480927 1.203679
v -1.943443 51.482452 1.203684
v -1.989365 51.476700 1.203663
v -2.027451 51.465317 1.203622
v -2.194336 51.966141 1.205443
v -2.478989 51.794357 1.204819
v -0.802895 53.053139 1.209396
v -0.175392 52.335884 1.206788
v -0.425697 52.116440 1.205990
v -1.053200 52.833672 1.208598
v -1.447235 52.488731 1.207343
v -1.633736 52.701866 1.208118
v -1.239700 53.046822 1.209373
v -0.989403 53.266273 1.210171
v -0.650055 53.562836 1.211249
v -0.463554 53.349701 1.210474
v 1.523170 56.298965 1.221198
v 1.353493 56.017120 1.220173
v 0.960167 56.254105 1.221035
v 0.913895 55.160347 1.217058
v 0.998116 55.329399 1.217673
v 1.047310 55.489586 1.218255
v 1.070259 55.648788 1.218834
v 1.067383 55.831268 1.219497
v 1.033028 56.033539 1.220233
v -0.695183 55.028542 1.216579
v -0.607109 54.976570 1.216390
v -0.303230 54.821312 1.215825
v -0.083939 54.743065 1.215541
v 0.062920 54.717033 1.215446
v 0.210655 54.715218 1.215439
v 0.339912 54.734734 1.215510
v 0.482010 54.780632 1.215677
v 0.605110 54.842873 1.215904
v 0.711098 54.919716 1.216183
v 0.813393 55.020531 1.216550
v -0.608238 55.358772 1.217779
v -0.082405 55.085335 1.216785
v -0.137062 55.105019 1.216857
v -0.351341 55.210075 1.217239
v 0.687431 55.373497 1.217833
v 0.623535 55.279823 1.217492
v 0.552986 55.201530 1.217208
v 0.467064 55.132622 1.216957
v 0.397728 55.093559 1.216815
v 0.320160 55.064781 1.216710
v 0.235954 55.047646 1.216648
v 0.138588 55.043571 1.216633
v 0.031990 55.055687 1.216677
v 0.536690 56.454620 1.221764
v 0.637711 56.332947 1.221322
v 0.716957 56.195663 1.220822
v 0.771721 56.044495 1.220273
v 0.799828 55.901993 1.219755
v 0.804794 55.745468 1.219185
v 0.789070 55.628220 1.218759
v 0.751839 55.504372 1.218309
v -0.035423 56.854942 1.223220
v 0.035133 56.811668 1.223062
v 0.328484 56.621292 1.222370
v 0.443611 58.396896 1.228827
v 0.356483 58.469757 1.229092
v 0.188301 58.634293 1.229690
v 0.098694 58.756866 1.230135
v 0.031212 58.894760 1.230637
v -0.024406 59.088463 1.231341
v -0.045235 59.261604 1.231971
v -0.035255 59.451378 1.232661
v 0.260628 58.140289 1.227893
v -0.207680 58.643173 1.229722
v -0.082420 58.452011 1.229027
v 0.061623 58.298447 1.228469
v 1.176292 60.608231 1.236867
v 0.917641 60.620667 1.236913
v 0.685440 60.589569 1.236799
v 0.474236 60.524750 1.236564
v 0.245132 60.410278 1.236148
v 0.081421 60.293839 1.235724
v 2.000809 60.192467 1.235356
v 1.807716 60.359985 1.235965
v 1.613014 60.476776 1.236389
v 1.409668 60.557068 1.236681
v 2.345757 59.115547 1.231440
v 2.359497 59.282509 1.232047
v 2.350227 59.481453 1.232770
v 2.311180 59.671959 1.233463
v 2.237328 59.861732 1.234153
v 2.139519 60.026604 1.234752
v 1.707741 58.142395 1.227901
v 1.875343 58.256821 1.228317
v 2.014290 58.384567 1.228782
v 2.127075 58.525330 1.229294
v 2.223991 58.693909 1.229907
v 2.297951 58.888855 1.230615
v 0.796982 57.981140 1.227315
v 0.862358 57.974472 1.227291
v 1.094574 57.966919 1.227263
v 1.312981 57.992508 1.227356
v 1.512344 58.048737 1.227561
v 1.111084 60.273788 1.235651
v -0.011787 59.573997 1.233107
v 0.033165 59.707359 1.233592
v 0.094749 59.825630 1.234022
v 0.179268 59.941383 1.234443
v 0.300545 60.057579 1.234865
v 0.446953 60.156471 1.235225
v 0.595451 60.223801 1.235470
v 0.744736 60.263702 1.235615
v 0.920250 60.282547 1.235683
v 1.130714 58.302246 1.228482
v 1.390831 60.201576 1.235389
v 1.482338 60.157890 1.235230
v 1.302589 58.330734 1.228586
v 1.449928 58.375458 1.228749
v 1.569237 58.432526 1.228956
v 1.670326 58.501999 1.229209
v 1.780930 58.608154 1.229595
v 1.878151 58.737946 1.230067
v 1.952705 58.877167 1.230573
v 2.002663 59.016876 1.231081
v 2.030952 59.154106 1.231580
v 2.041222 59.324608 1.232200
v 2.024742 59.479210 1.232762
v 1.989944 59.609673 1.233236
v 1.933868 59.737587 1.233702
v 1.877411 59.831383 1.234043
v 1.782204 59.946388 1.234461
v 1.668373 60.044182 1.234816
v 1.390831 60.200851 1.435387
v 1.130714 58.301521 1.428481
v 1.482338 60.157166 1.435229
v 1.668373 60.043457 1.434815
v 1.782204 59.945663 1.434460
v 1.877411 59.830658 1.434041
v 1.933868 59.736862 1.433700
v 1.989944 59.608948 1.433235
v 2.024742 59.478485 1.432761
v 2.041222 59.323883 1.432199
v 2.030952 59.153381 1.431579
v 2.002663 59.016151 1.431080
v 1.952705 58.876442 1.430572
v 1.878151 58.737221 1.430066
v 1.780930 58.607430 1.429594
v 1.670326 58.501274 1.429208
v 1.569237 58.431801 1.428955
v 1.449928 58.374733 1.428747
v 1.302589 58.330009 1.428585
v 2.256371 62.685913 1.244422
v 2.313858 62.353584 1.243214
v 1.944374 62.289085 1.242979
v 2.494041 61.707848 1.240866
v 2.491318 61.720238 1.240911
v 2.459694 61.827492 1.241301
v 2.407478 61.927589 1.241665
v 2.343033 62.013451 1.241977
v 2.256065 62.098839 1.242288
v 2.125618 62.192787 1.242629
v 2.457588 61.404976 1.239764
v 2.488441 61.515800 1.240167
v 2.500221 61.613945 1.240524
v 2.153999 61.526268 1.240206
v 2.168022 61.705757 1.240858
v 2.171440 61.669563 1.240727
v 2.169884 61.615395 1.240530
v 1.525795 62.153770 1.242487
v 1.700478 62.124489 1.242381
v 1.837410 62.079720 1.242218
v 1.925148 62.034340 1.242053
v 1.996246 61.982933 1.241866
v 2.059090 61.921883 1.241644
v 2.110825 61.853386 1.241395
v 2.141731 61.794655 1.241181
v 0.641685 62.061928 1.242153
v 0.812233 62.090599 1.242258
v 1.253777 62.148155 1.242467
v 1.725441 66.221764 1.257279
v 2.036034 65.599182 1.255015
v 2.349434 64.853180 1.252303
v 2.309563 64.986298 1.252787
v 2.209473 65.232941 1.253684
v 1.866364 63.853401 1.248667
v 1.982841 63.920311 1.248911
v 2.102173 64.012276 1.249245
v 2.190651 64.105629 1.249585
v 2.257866 64.203880 1.249942
v 2.299377 64.286079 1.250241
v 2.345078 64.417931 1.250720
v 2.368988 64.550941 1.251204
v 2.371590 64.697716 1.251737
v 0.767006 64.082664 1.249501
v 0.841232 64.002083 1.249208
v 0.974174 63.891518 1.248806
v 1.094582 63.821892 1.248553
v 1.218803 63.774925 1.248382
v 1.329712 63.750984 1.248295
v 1.455055 63.743645 1.248268
v 1.578957 63.755516 1.248312
v 1.723213 63.793449 1.248450
v 0.319687 64.852478 1.252300
v 0.384270 64.725166 1.251837
v 0.597107 64.333412 1.250413
v 0.208214 65.075439 1.253111
v 1.257378 64.140846 1.249713
v 1.184273 64.172203 1.249827
v 2.009026 64.816124 1.252168
v 1.933067 65.034164 1.252961
v 1.853043 65.205856 1.253585
v 1.577507 65.758331 1.255594
v 0.514595 65.228287 1.253667
v 1.101341 64.225471 1.250021
v 1.338448 64.120445 1.249639
v 1.442879 64.111183 1.249605
v 1.532280 64.119026 1.249633
v 1.622276 64.140800 1.249713
v 1.705803 64.175911 1.249840
v 1.792152 64.227898 1.250029
v 1.863441 64.290337 1.250256
v 1.920151 64.357262 1.250500
v 1.949493 64.402306 1.250663
v 1.988899 64.480507 1.250948
v 2.014137 64.561760 1.251243
v 2.026588 64.644646 1.251545
v 2.024757 64.730385 1.251856
v 1.032974 64.287086 1.250244
v 0.960136 64.375328 1.250565
v 0.863823 64.525551 1.251112
v 0.772614 64.695442 1.251729
v 1.853043 65.205132 1.453584
v 1.577507 65.757607 1.455593
v 1.933067 65.033440 1.452960
v 2.009026 64.815399 1.452167
v 2.024757 64.729660 1.451855
v 2.026588 64.643921 1.451543
v 2.014137 64.561035 1.451242
v 1.988899 64.479782 1.450947
v 1.949493 64.401581 1.450662
v 1.920151 64.356537 1.450498
v 1.863441 64.289612 1.450255
v 1.792152 64.227173 1.450028
v 1.705803 64.175186 1.449839
v 1.622276 64.140076 1.449711
v 1.532280 64.118301 1.449632
v 1.442879 64.110458 1.449604
v 1.338448 64.119720 1.449637
v 1.257378 64.140121 1.449712
v 1.184273 64.171478 1.449826
v 1.101341 64.224747 1.450019
v 1.032974 64.286362 1.450243
v 0.960136 64.374603 1.450564
v 0.863823 64.524826 1.451110
v 0.772614 64.694717 1.451728
v 0.514595 65.227562 1.453666
vn -0.0000 -0.0036 1.0000
vn -0.0003 -0.0036 1.0000
vn -0.9745 -0.2231 0.0223
vn -0.9669 -0.2550 -0.0009
vn -0.9796 -0.2011 -0.0007
vn -0.9866 -0.1634 0.0043
vn -0.9879 -0.1549 -0.0006
vn -0.9982 0.0553 0.0227
vn -0.9997 0.0234 0.0001
vn -0.9931 0.1170 0.0004
vn -0.9697 0.2445 0.0009
vn -0.9037 0.4282 0.0016
vn -0.7582 0.6520 0.0024
vn -0.6269 0.7791 0.0028
vn -0.6600 0.7512 0.0041
vn -0.6468 0.7626 0.0109
vn -0.5743 0.8187 0.0030
vn -0.5350 0.8442 0.0345
vn -0.5725 0.8199 0.0030
vn -0.5164 0.8563 0.0031
vn -0.4932 0.8698 0.0112
vn -0.4757 0.8796 0.0032
vn -0.3138 0.9494 0.0098
vn -0.3224 0.9466 0.0034
vn -0.2323 0.9726 0.0035
vn -0.1694 0.9855 0.0036
vn -0.1402 0.9901 0.0113
vn -0.1230 0.9924 0.0036
vn 0.0745 0.9970 0.0231
vn 0.0469 0.9989 0.0036
vn 0.1402 0.9901 0.0036
vn 0.2629 0.9648 0.0035
vn 0.6060 0.7955 0.0029
vn 0.8143 0.5805 0.0023
vn 0.8331 0.5531 0.0086
vn 0.8402 0.5423 0.0020
vn 0.9230 0.3848 0.0039
vn 0.9216 0.3881 0.0014
vn 0.9539 0.3001 0.0011
vn 0.9688 0.2478 0.0009
vn 0.9778 0.2094 0.0052
vn 0.9793 0.2022 0.0007
vn 0.9999 -0.0107 -0.0000
vn 0.9704 -0.2416 0.0021
vn 0.9669 -0.2551 0.0073
vn 0.9602 -0.2792 -0.0010
vn 0.8825 -0.4704 -0.0017
vn 0.7261 -0.6873 0.0194
vn 0.7473 -0.6645 -0.0024
vn 0.6818 -0.7315 -0.0027
vn 0.5833 -0.8123 -0.0030
vn 0.4191 -0.9080 -0.0033
vn 0.2511 -0.9678 0.0158
vn 0.2776 -0.9607 -0.0035
vn 0.2294 -0.9733 -0.0035
vn 0.1864 -0.9825 -0.0016
vn 0.1834 -0.9830 -0.0036
vn 0.0558 -0.9982 0.0230
vn 0.1025 -0.9947 -0.0036
vn 0.0936 -0.9956 -0.0036
vn 0.0234 -0.9997 -0.0036
vn 0.0226 -0.9997 -0.0039
vn -0.0234 -0.9997 -0.0033
vn -0.0243 -0.9997 -0.0036
vn -0.8295 -0.5579 0.0268
vn -0.8063 -0.5916 -0.0022
vn -0.8427 -0.5384 -0.0020
vn -0.8581 -0.5135 0.0059
vn -0.8670 -0.4982 -0.0018
vn 0.2174 0.9761 0.0035
vn 0.2323 0.9726 0.0108
vn 0.3224 0.9466 0.0034
vn 0.4096 0.9123 0.0033
vn 0.4932 0.8699 0.0032
vn 0.5478 0.8366 0.0030
vn 0.5819 0.8132 0.0135
vn 0.5725 0.8199 0.0064
vn 0.6468 0.7627 0.0028
vn 0.7153 0.6988 0.0025
vn 0.7776 0.6287 0.0023
vn 0.8065 0.5912 0.0021
vn 0.8060 0.5920 0.0022
vn 0.8812 0.4727 0.0017
vn 0.9040 0.4276 0.0016
vn 0.9794 0.2021 0.0007
vn 0.9931 0.1170 0.0004
vn 0.9983 0.0584 0.0002
vn 0.9997 0.0242 0.0062
vn 0.9997 0.0234 0.0066
vn 0.9999 -0.0106 -0.0000
vn 0.9975 -0.0703 -0.0003
vn 0.9866 -0.1634 -0.0006
vn 0.9866 -0.1633 -0.0006
vn 0.9761 -0.2173 -0.0008
vn 0.9388 -0.3445 -0.0013
vn 0.9109 -0.4127 -0.0015
vn 0.8916 -0.4525 0.0162
vn 0.9024 -0.4309 0.0003
vn 0.8827 -0.4700 -0.0017
vn 0.8581 -0.5135 -0.0019
vn 0.8063 -0.5916 -0.0022
vn 0.8062 -0.5916 -0.0022
vn 0.7577 -0.6526 -0.0024
vn 0.6208 -0.7840 -0.0029
vn 0.6103 -0.7922 0.0038
vn 0.5335 -0.8458 -0.0031
vn 0.4809 -0.8768 -0.0032
vn 0.4486 -0.8937 0.0045
vn 0.4519 -0.8921 0.0024
vn 0.3664 -0.9305 -0.0034
vn 0.2962 -0.9551 -0.0035
vn -0.0936 -0.9956 -0.0036
vn -0.1864 -0.9825 -0.0036
vn -0.2776 -0.9607 -0.0035
vn -0.3664 -0.9305 -0.0034
vn -0.4519 -0.8921 -0.0032
vn -0.5334 -0.8458 -0.0031
vn -0.5335 -0.8458 -0.0031
vn -0.6103 -0.7922 -0.0029
vn -0.6818 -0.7315 -0.0027
vn -0.7473 -0.6645 -0.0024
vn -0.8028 -0.5962 -0.0022
vn -0.8670 -0.4983 -0.0018
vn -0.9024 -0.4309 -0.0016
vn -0.9388 -0.3445 -0.0013
vn -0.9633 -0.2685 -0.0010
vn -0.9975 -0.0703 -0.0003
vn -1.0000 0.0086 -0.0000
vn -1.0000 0.0085 -0.0000
vn -0.9801 0.1987 0.0007
vn -0.9778 0.2094 0.0067
vn -0.9697 0.2443 0.0009
vn -0.9539 0.3001 0.0011
vn -0.9312 0.3646 0.0013
vn -0.9143 0.4048 0.0156
vn -0.9216 0.3881 0.0035
vn -0.9038 0.4280 0.0016
vn -0.8812 0.4727 0.0017
vn -0.8331 0.5531 0.0020
vn -0.8013 0.5982 0.0022
vn -0.7828 0.6223 0.0060
vn -0.7776 0.6286 0.0098
vn -0.7153 0.6988 0.0025
vn -0.6794 0.7338 0.0027
vn -0.6792 0.7339 0.0027
vn -0.4096 0.9123 0.0033
vn -0.3581 0.9337 0.0034
vn -0.0469 0.9989 0.0036
vn 0.0277 0.9996 0.0036
vn -0.0000 0.0036 -1.0000
vn -0.8999 0.4360 0.0016
vn -0.9140 0.4057 0.0015
vn -0.9270 0.3749 0.0014
vn -0.9270 0.3750 0.0014
vn -0.9391 0.3438 0.0012
vn -0.9500 0.3122 0.0011
vn -0.9599 0.2803 0.0010
vn -0.9688 0.2480 0.0009
vn -0.9765 0.2155 0.0008
vn -0.9832 0.1828 0.0007
vn -0.9887 0.1498 0.0005
vn -0.9932 0.1167 0.0004
vn -0.9965 0.0835 0.0003
vn -0.9987 0.0501 0.0002
vn -0.9999 0.0167 0.0001
vn -0.9999 -0.0167 -0.0001
vn -0.9987 -0.0501 -0.0002
vn -0.9965 -0.0835 -0.0003
vn -0.9932 -0.1167 -0.0004
vn -0.9887 -0.1498 -0.0005
vn -0.9832 -0.1828 -0.0007
vn -0.9765 -0.2155 -0.0008
vn -0.9688 -0.2480 -0.0009
vn -0.9599 -0.2803 -0.0010
vn -0.9500 -0.3122 -0.0011
vn -0.9391 -0.3438 -0.0012
vn -0.9270 -0.3750 -0.0014
vn -0.9270 -0.3749 -0.0014
vn -0.9140 -0.4057 -0.0015
vn -0.8999 -0.4360 -0.0016
vn -0.8849 -0.4658 -0.0017
vn -0.8688 -0.4952 -0.0018
vn -0.8518 -0.5239 -0.0019
vn -0.8338 -0.5521 -0.0020
vn -0.8149 -0.5796 -0.0021
vn -0.7950 -0.6066 -0.0022
vn -0.7743 -0.6328 -0.0023
vn -0.7528 -0.6583 -0.0024
vn -0.7303 -0.6831 -0.0025
vn -0.7071 -0.7071 -0.0026
vn -0.6831 -0.7303 -0.0027
vn -0.6583 -0.7528 -0.0027
vn -0.6328 -0.7743 -0.0028
vn -0.6065 -0.7950 -0.0029
vn -0.5796 -0.8149 -0.0030
vn -0.5521 -0.8338 -0.0030
vn -0.5239 -0.8518 -0.0031
vn -0.4952 -0.8688 -0.0032
vn -0.4659 -0.8849 -0.0032
vn -0.4360 -0.8999 -0.0033
vn -0.4057 -0.9140 -0.0033
vn -0.3749 -0.9270 -0.0034
vn -0.3750 -0.9270 -0.0034
vn -0.3438 -0.9390 -0.0034
vn -0.3122 -0.9500 -0.0035
vn -0.2803 -0.9599 -0.0035
vn -0.2480 -0.9687 -0.0035
vn -0.2155 -0.9765 -0.0036
vn -0.1828 -0.9831 -0.0036
vn -0.1498 -0.9887 -0.0036
vn -0.1167 -0.9932 -0.0036
vn -0.0835 -0.9965 -0.0036
vn -0.0501 -0.9987 -0.0036
vn -0.0167 -0.9999 -0.0036
vn 0.0167 -0.9999 -0.0036
vn 0.0501 -0.9987 -0.0036
vn 0.0835 -0.9965 -0.0036
vn 0.1167 -0.9932 -0.0036
vn 0.1498 -0.9887 -0.0036
vn 0.1828 -0.9831 -0.0036
vn 0.2155 -0.9765 -0.0036
vn 0.2480 -0.9687 -0.0035
vn 0.2803 -0.9599 -0.0035
vn 0.3122 -0.9500 -0.0035
vn 0.3438 -0.9390 -0.0034
vn 0.3438 -0.9391 -0.0034
vn 0.3750 -0.9270 -0.0034
vn 0.4057 -0.9140 -0.0033
vn 0.4360 -0.8999 -0.0033
vn 0.4659 -0.8849 -0.0032
vn 0.4952 -0.8688 -0.0032
vn 0.5239 -0.8518 -0.0031
vn 0.5521 -0.8338 -0.0030
vn 0.5796 -0.8149 -0.0030
vn 0.6066 -0.7950 -0.0029
vn 0.6065 -0.7950 -0.0029
vn 0.6328 -0.7743 -0.0028
vn 0.6583 -0.7528 -0.0027
vn 0.6831 -0.7303 -0.0027
vn 0.7071 -0.7071 -0.0026
vn 0.7303 -0.6831 -0.0025
vn 0.7528 -0.6583 -0.0024
vn 0.7527 -0.6583 -0.0024
vn 0.7743 -0.6328 -0.0023
vn 0.7950 -0.6065 -0.0022
vn 0.8149 -0.5796 -0.0021
vn 0.8338 -0.5521 -0.0020
vn 0.8518 -0.5239 -0.0019
vn 0.8688 -0.4952 -0.0018
vn 0.8849 -0.4659 -0.0017
vn 0.8999 -0.4360 -0.0016
vn 0.9140 -0.4057 -0.0015
vn 0.9270 -0.3750 -0.0014
vn 0.9391 -0.3438 -0.0012
vn 0.9500 -0.3122 -0.0011
vn 0.9599 -0.2803 -0.0010
vn 0.9687 -0.2480 -0.0009
vn 0.9688 -0.2480 -0.0009
vn 0.9765 -0.2155 -0.0008
vn 0.9832 -0.1828 -0.0007
vn 0.9887 -0.1498 -0.0005
vn 0.9932 -0.1167 -0.0004
vn 0.9965 -0.0835 -0.0003
vn 0.9965 -0.0834 -0.0003
vn 0.9987 -0.0501 -0.0002
vn 0.9999 -0.0167 -0.0001
vn 0.9999 0.0167 0.0001
vn 0.9987 0.0501 0.0002
vn 0.9965 0.0834 0.0003
vn 0.9965 0.0835 0.0003
vn 0.9932 0.1167 0.0004
vn 0.9887 0.1498 0.0005
vn 0.9832 0.1828 0.0007
vn 0.9765 0.2155 0.0008
vn 0.9688 0.2480 0.0009
vn 0.9687 0.2480 0.0009
vn 0.9599 0.2803 0.0010
vn 0.9500 0.3122 0.0011
vn 0.9391 0.3438 0.0013
vn 0.9391 0.3438 0.0012
vn 0.9270 0.3749 0.0014
vn 0.9270 0.3750 0.0014
vn 0.9140 0.4057 0.0015
vn 0.8999 0.4360 0.0016
vn 0.8849 0.4658 0.0017
vn 0.8849 0.4659 0.0017
vn 0.8688 0.4952 0.0018
vn 0.8518 0.5239 0.0019
vn 0.8338 0.5521 0.0020
vn 0.8149 0.5796 0.0021
vn 0.7950 0.6066 0.0022
vn 0.7950 0.6065 0.0022
vn 0.7743 0.6328 0.0023
vn 0.7527 0.6583 0.0024
vn 0.7528 0.6583 0.0024
vn 0.7303 0.6831 0.0025
vn 0.7071 0.7071 0.0026
vn 0.6831 0.7303 0.0027
vn 0.6583 0.7528 0.0027
vn 0.6583 0.7527 0.0027
vn 0.6328 0.7743 0.0028
vn 0.6065 0.7950 0.0029
vn 0.6066 0.7950 0.0029
vn 0.5796 0.8149 0.0030
vn 0.5521 0.8338 0.0030
vn 0.5239 0.8518 0.0031
vn 0.4952 0.8688 0.0032
vn 0.4659 0.8849 0.0032
vn 0.4360 0.8999 0.0033
vn 0.4057 0.9140 0.0033
vn 0.3749 0.9270 0.0034
vn 0.3438 0.9390 0.0034
vn 0.3122 0.9500 0.0035
vn 0.2803 0.9599 0.0035
vn 0.2480 0.9687 0.0035
vn 0.2155 0.9765 0.0036
vn 0.1828 0.9831 0.0036
vn 0.1498 0.9887 0.0036
vn 0.1167 0.9932 0.0036
vn 0.0835 0.9965 0.0036
vn 0.0501 0.9987 0.0036
vn 0.0167 0.9999 0.0036
vn -0.0167 0.9999 0.0036
vn -0.0501 0.9987 0.0036
vn -0.0835 0.9965 0.0036
vn -0.1167 0.9932 0.0036
vn -0.1498 0.9887 0.0036
vn -0.1828 0.9831 0.0036
vn -0.2155 0.9765 0.0036
vn -0.2480 0.9687 0.0035
vn -0.2803 0.9599 0.0035
vn -0.3122 0.9500 0.0035
vn -0.3438 0.9390 0.0034
vn -0.3749 0.9270 0.0034
vn -0.4057 0.9140 0.0033
vn -0.4360 0.8999 0.0033
vn -0.4659 0.8849 0.0032
vn -0.4952 0.8688 0.0032
vn -0.5239 0.8518 0.0031
vn -0.5521 0.8338 0.0030
vn -0.5796 0.8149 0.0030
vn -0.6065 0.7950 0.0029
vn -0.6328 0.7743 0.0028
vn -0.6583 0.7528 0.0027
vn -0.6831 0.7303 0.0027
vn -0.7071 0.7071 0.0026
vn -0.7303 0.6831 0.0025
vn -0.7528 0.6583 0.0024
vn -0.7743 0.6328 0.0023
vn -0.7950 0.6066 0.0022
vn -0.7950 0.6065 0.0022
vn -0.8149 0.5796 0.0021
vn -0.8338 0.5521 0.0020
vn -0.8518 0.5239 0.0019
vn -0.8688 0.4952 0.0018
vn -0.8849 0.4658 0.0017
vn 0.9872 0.1598 0.0006
vn 0.1590 -0.9873 -0.0036
vn -0.9872 -0.1597 -0.0006
vn 0.7688 -0.6395 -0.0023
vn 0.1607 -0.9870 -0.0036
vn -0.7682 0.6402 0.0023
vn -0.5417 -0.8405 -0.0031
vn -0.1592 0.9872 0.0036
vn 0.5394 0.8420 0.0031
vn -0.9871 -0.1600 -0.0006
vn 0.9122 0.4098 0.0015
vn 0.4085 -0.9128 -0.0033
vn -0.9127 -0.4086 -0.0015
vn 0.4483 -0.8939 -0.0033
vn 0.5258 -0.8506 -0.0031
vn 0.5259 -0.8506 -0.0031
vn 0.6687 -0.7435 -0.0027
vn 0.6688 -0.7434 -0.0027
vn 0.7785 -0.6277 -0.0023
vn 0.7786 -0.6276 -0.0023
vn 0.8635 -0.5043 -0.0018
vn 0.8636 -0.5042 -0.0018
vn 0.9302 -0.3670 -0.0013
vn 0.9302 -0.3671 -0.0013
vn 0.9715 -0.2370 -0.0009
vn -0.0169 -0.9999 -0.0036
vn 0.1373 -0.9905 -0.0036
vn 0.1374 -0.9905 -0.0036
vn 0.3190 -0.9478 -0.0034
vn 0.3190 -0.9477 -0.0034
vn -0.9911 0.1330 0.0005
vn -0.9911 0.1329 0.0005
vn -0.3450 0.9386 0.0034
vn -0.2116 0.9773 0.0036
vn -0.2117 0.9773 0.0036
vn -0.0742 0.9972 0.0036
vn -0.9948 -0.1018 -0.0004
vn -0.9997 0.0250 0.0001
vn -0.9834 0.1816 0.0007
vn -0.9833 0.1819 0.0007
vn -0.9377 0.3473 0.0013
vn -0.8731 0.4876 0.0018
vn -0.7834 0.6216 0.0023
vn -0.7836 0.6213 0.0023
vn -0.6740 0.7388 0.0027
vn -0.5113 0.8594 0.0031
vn -0.5112 0.8594 0.0031
vn -0.9150 -0.4034 -0.0015
vn -0.9300 -0.3677 -0.0013
vn -0.9646 -0.2638 -0.0010
vn -0.9646 -0.2639 -0.0010
vn -0.9123 -0.4096 -0.0015
vn 0.6930 -0.7210 -0.0026
vn 0.6929 -0.7211 -0.0026
vn 0.7579 -0.6523 -0.0024
vn 0.7580 -0.6523 -0.0024
vn 0.8512 -0.5249 -0.0019
vn 0.9227 -0.3856 -0.0014
vn 0.9723 -0.2336 -0.0008
vn 0.9970 -0.0775 -0.0003
vn -0.0760 -0.9971 -0.0036
vn -0.0759 -0.9971 -0.0036
vn -0.0036 -1.0000 -0.0036
vn 0.1645 -0.9864 -0.0036
vn 0.3284 -0.9445 -0.0034
vn 0.3285 -0.9445 -0.0034
vn 0.4788 -0.8779 -0.0032
vn 0.4789 -0.8779 -0.0032
vn 0.6118 -0.7910 -0.0029
vn 0.6119 -0.7910 -0.0029
vn -0.7139 -0.7002 -0.0025
vn -0.7140 -0.7001 -0.0025
vn -0.6197 -0.7848 -0.0029
vn -0.4851 -0.8745 -0.0032
vn -0.3365 -0.9417 -0.0034
vn -0.1802 -0.9836 -0.0036
vn -0.9698 0.2439 0.0009
vn -0.9695 0.2451 0.0009
vn -0.9874 0.1579 0.0006
vn -0.9874 0.1581 0.0006
vn -1.0000 -0.0063 -0.0000
vn -0.9866 -0.1633 -0.0006
vn -0.9866 -0.1634 -0.0006
vn -0.9486 -0.3165 -0.0012
vn -0.8838 -0.4678 -0.0017
vn -0.7949 -0.6067 -0.0022
vn 0.6865 0.7271 0.0026
vn 0.6866 0.7271 0.0026
vn 0.5540 0.8325 0.0030
vn 0.4152 0.9097 0.0033
vn 0.4151 0.9098 0.0033
vn 0.2579 0.9662 0.0035
vn 0.0951 0.9955 0.0036
vn -0.0779 0.9970 0.0036
vn 0.9991 0.0420 0.0002
vn 0.9991 0.0419 0.0002
vn 0.9852 0.1715 0.0006
vn 0.9440 0.3300 0.0012
vn 0.9440 0.3299 0.0012
vn 0.8798 0.4753 0.0017
vn 0.7917 0.6109 0.0022
vn -0.6321 0.7749 0.0028
vn -0.6320 0.7749 0.0028
vn -0.5216 0.8532 0.0031
vn -0.3775 0.9260 0.0034
vn -0.3774 0.9260 0.0034
vn -0.2204 0.9754 0.0035
vn -0.0574 0.9983 0.0036
vn 0.1143 0.9934 0.0036
vn 0.2736 0.9618 0.0035
vn 0.4227 0.9063 0.0033
vn 0.5642 0.8257 0.0030
vn 0.5641 0.8257 0.0030
vn 0.6888 0.7249 0.0026
vn 0.6888 0.7250 0.0026
vn 0.7863 0.6178 0.0022
vn 0.7862 0.6179 0.0022
vn 0.8693 0.4943 0.0018
vn 0.9356 0.3530 0.0013
vn 0.9356 0.3531 0.0013
vn 0.9791 0.2032 0.0007
vn 0.9792 0.2031 0.0007
vn 0.9987 0.0508 0.0002
vn 0.9944 -0.1061 -0.0004
vn 0.9656 -0.2601 -0.0009
vn 0.9088 -0.4171 -0.0015
vn 0.8306 -0.5569 -0.0020
vn 0.8305 -0.5570 -0.0020
vn 0.7263 -0.6874 -0.0025
vn 0.6289 -0.7775 -0.0028
vn 0.6290 -0.7774 -0.0028
vn 0.3831 -0.9237 -0.0034
vn 0.2276 -0.9737 -0.0035
vn 0.2277 -0.9737 -0.0035
vn 0.0661 -0.9978 -0.0036
vn -0.1014 -0.9948 -0.0036
vn -0.2618 -0.9651 -0.0035
vn -0.2619 -0.9651 -0.0035
vn -0.4096 -0.9123 -0.0033
vn -0.4095 -0.9123 -0.0033
vn -0.5531 -0.8331 -0.0030
vn -0.5532 -0.8331 -0.0030
vn -0.6845 -0.7290 -0.0027
vn -0.6844 -0.7291 -0.0027
vn -0.7846 -0.6200 -0.0023
vn -0.8627 -0.5057 -0.0018
vn -0.8628 -0.5056 -0.0018
vn -0.9272 -0.3745 -0.0014
vn -0.9758 -0.2184 -0.0008
vn -0.9984 -0.0567 -0.0002
vn -0.9984 -0.0566 -0.0002
vn -0.9997 0.0249 0.0001
vn -0.9997 0.0239 0.0001
vn -0.9947 0.1028 0.0004
vn -0.9947 0.1029 0.0004
vn -0.9648 0.2630 0.0010
vn -0.9100 0.4146 0.0015
vn -0.8357 0.5491 0.0020
vn -0.8357 0.5492 0.0020
vn -0.7289 0.6846 0.0025
vn -0.7288 0.6847 0.0025
vn -0.0474 0.9989 0.0036
vn -0.0475 0.9989 0.0036
vn 0.9368 -0.3500 -0.0013
vn 0.0433 -0.9991 -0.0036
vn 0.6972 0.7168 0.0026
vn 0.9347 -0.3553 -0.0013
vn 0.9349 -0.3548 -0.0013
vn 0.0595 -0.9982 -0.0036
vn 0.6898 0.7240 0.0026
vn 0.9376 -0.3478 -0.0013
vn 0.9376 -0.3477 -0.0013
vn -0.6926 -0.7214 -0.0026
vn -0.0620 0.9981 0.0036
vn -0.7013 -0.7128 -0.0026
vn -0.0227 0.9997 0.0036
vn 0.9997 0.0231 0.0001
vn 0.0227 -0.9997 -0.0036
vn 0.9997 0.0227 0.0001
vn 0.0222 -0.9997 -0.0036
vn -0.9997 -0.0227 -0.0001
vn 0.0226 -0.9997 -0.0036
vn -0.0226 0.9997 0.0036
vn -0.9998 -0.0217 -0.0001
vn -0.0222 0.9997 0.0036
vn 0.9998 0.0217 0.0001
vn 0.2121 0.9772 0.0036
vn 0.2121 0.9773 0.0036
vn 0.3023 0.9532 0.0035
vn 0.4576 0.8891 0.0032
vn 0.5955 0.8033 0.0029
vn 0.7262 0.6874 0.0025
vn 0.7262 0.6875 0.0025
vn 0.8283 0.5603 0.0020
vn 0.8282 0.5604 0.0020
vn 0.9087 0.4175 0.0015
vn 0.9902 -0.1396 -0.0005
vn -0.5862 -0.8102 -0.0029
vn -0.4807 -0.8769 -0.0032
vn -0.4806 -0.8769 -0.0032
vn -0.3354 -0.9421 -0.0034
vn -0.3353 -0.9421 -0.0034
vn -0.1926 -0.9813 -0.0036
vn -0.3634 0.9316 0.0034
vn -0.4496 0.8932 0.0032
vn -0.5936 0.8048 0.0029
vn -0.7188 0.6953 0.0025
vn -0.7188 0.6952 0.0025
vn -0.8133 0.5819 0.0021
vn -0.8880 0.4598 0.0017
vn -0.9506 0.3104 0.0011
vn -0.9507 0.3102 0.0011
vn 0.2959 0.9552 0.0035
vn 0.2958 0.9553 0.0035
vn 0.2163 0.9763 0.0036
vn 0.0518 0.9986 0.0036
vn -0.1092 0.9940 0.0036
vn -0.2640 0.9645 0.0035
vn 0.9228 0.3854 0.0014
vn 0.8640 0.5035 0.0018
vn 0.8641 0.5034 0.0018
vn 0.7764 0.6303 0.0023
vn 0.7763 0.6303 0.0023
vn 0.6576 0.7533 0.0027
vn 0.6577 0.7533 0.0027
vn 0.5296 0.8482 0.0031
vn 0.5296 0.8483 0.0031
vn 0.3852 0.9228 0.0034
vn 0.8823 -0.4707 -0.0017
vn 0.9416 -0.3366 -0.0012
vn 0.9417 -0.3365 -0.0012
vn 0.9814 -0.1919 -0.0007
vn 0.9814 -0.1918 -0.0007
vn 0.9993 -0.0362 -0.0001
vn 0.9993 -0.0361 -0.0001
vn 0.9928 0.1198 0.0004
vn 0.9928 0.1199 0.0004
vn 0.9628 0.2704 0.0010
vn 0.9628 0.2703 0.0010
vn 0.3704 -0.9289 -0.0034
vn 0.3703 -0.9289 -0.0034
vn 0.4380 -0.8990 -0.0033
vn 0.5666 -0.8240 -0.0030
vn 0.6843 -0.7291 -0.0027
vn 0.6843 -0.7292 -0.0027
vn 0.7995 -0.6007 -0.0022
vn 0.7995 -0.6006 -0.0022
vn -0.9415 -0.3371 -0.0012
vn 0.9606 0.2778 0.0010
vn 0.9607 0.2777 0.0010
vn 0.9907 0.1362 0.0005
vn 0.9907 0.1361 0.0005
vn 0.9998 -0.0195 -0.0001
vn 0.9838 -0.1794 -0.0007
vn 0.9838 -0.1792 -0.0007
vn 0.9432 -0.3323 -0.0012
vn 0.9432 -0.3324 -0.0012
vn 0.8739 -0.4860 -0.0018
vn 0.8739 -0.4861 -0.0018
vn 0.7805 -0.6252 -0.0023
vn 0.7804 -0.6253 -0.0023
vn 0.6708 -0.7416 -0.0027
vn 0.6709 -0.7415 -0.0027
vn 0.5508 -0.8346 -0.0030
vn 0.5507 -0.8347 -0.0030
vn 0.4187 -0.9081 -0.0033
vn 0.9415 0.3369 0.0012
vn 0.0381 -0.9993 -0.0036
vn -0.0570 -0.9984 -0.0036
vn -0.2180 -0.9759 -0.0035
vn -0.3897 -0.9209 -0.0033
vn -0.3896 -0.9210 -0.0033
vn -0.5205 -0.8539 -0.0031
vn -0.6277 -0.7785 -0.0028
vn -0.6277 -0.7784 -0.0028
vn -0.7403 -0.6723 -0.0024
vn -0.7404 -0.6721 -0.0024
vn -0.8371 -0.5471 -0.0020
vn -0.8370 -0.5472 -0.0020
vn -0.9123 -0.4095 -0.0015
vn -0.9587 -0.2845 -0.0010
vn -0.9587 -0.2844 -0.0010
vn -0.9883 -0.1525 -0.0006
vn -1.0000 0.0006 -0.0000
vn -0.9877 0.1566 0.0006
vn -0.9496 0.3136 0.0011
vn -0.9495 0.3138 0.0011
vn -0.8854 0.4648 0.0017
vn -0.7984 0.6022 0.0022
vn -0.6995 0.7146 0.0026
vn -0.5982 0.8013 0.0029
vn -0.7120 0.7022 0.0026
vn 0.7024 0.7118 0.0026
vn 0.7025 0.7117 0.0026
vn 0.9980 -0.0633 -0.0002
vn 0.9980 -0.0633 -0.0003
vn -0.7121 0.7021 0.0026
vn 0.7031 0.7111 0.0026
vn 0.7030 0.7112 0.0026
vn 0.7120 -0.7022 -0.0026
vn -0.9981 0.0612 0.0002
vn -0.7458 0.6662 0.0024
vn -0.6645 0.7473 0.0027
vn -0.5312 0.8472 0.0031
vn -0.3956 0.9184 0.0033
vn -0.2578 0.9662 0.0035
vn -0.2577 0.9662 0.0035
vn -0.1002 0.9950 0.0036
vn 0.0652 0.9979 0.0036
vn 0.0651 0.9979 0.0036
vn 0.5936 0.8048 0.0029
vn 0.4376 -0.8991 -0.0033
vn 0.4377 -0.8991 -0.0033
vn 0.5478 -0.8366 -0.0030
vn 0.5479 -0.8365 -0.0030
vn 0.6743 -0.7385 -0.0027
vn 0.6742 -0.7385 -0.0027
vn 0.7741 -0.6330 -0.0023
vn 0.7741 -0.6331 -0.0023
vn -0.9918 0.1276 0.0005
vn -0.9919 0.1269 0.0005
vn -0.9986 0.0528 0.0002
vn -0.9932 -0.1163 -0.0004
vn -0.9932 -0.1162 -0.0004
vn -0.9603 -0.2789 -0.0010
vn -0.9014 -0.4330 -0.0016
vn -0.9015 -0.4329 -0.0016
vn -0.8277 -0.5612 -0.0020
vn -0.8277 -0.5611 -0.0020
vn -0.7253 -0.6884 -0.0025
vn -0.7441 0.6681 0.0024
vn -0.7441 0.6680 0.0024
vn -0.8492 0.5281 0.0019
vn -0.9245 0.3811 0.0014
vn -0.9245 0.3812 0.0014
vn -0.9743 0.2251 0.0008
vn 0.0898 0.9960 0.0036
vn -0.0538 0.9985 0.0036
vn -0.2049 0.9788 0.0036
vn -0.3584 0.9336 0.0034
vn -0.4992 0.8665 0.0032
vn -0.6293 0.7771 0.0028
vn -0.6293 0.7772 0.0028
vn 0.8377 0.5462 0.0020
vn 0.8376 0.5463 0.0020
vn 0.7530 0.6581 0.0024
vn 0.7530 0.6580 0.0024
vn 0.6396 0.7687 0.0028
vn 0.6397 0.7686 0.0028
vn 0.5077 0.8615 0.0031
vn 0.3698 0.9291 0.0034
vn 0.3697 0.9291 0.0034
vn 0.2186 0.9758 0.0035
vn 0.9931 -0.1169 -0.0004
vn 0.9931 -0.1172 -0.0004
vn 0.9994 -0.0347 -0.0001
vn 0.9936 0.1132 0.0004
vn 0.9647 0.2634 0.0010
vn 0.9076 0.4197 0.0015
vn 0.9077 0.4197 0.0015
vn -0.1497 -0.9887 -0.0036
vn 0.2119 0.9773 0.0036
vn 0.3495 0.9369 0.0034
vn 0.3494 0.9370 0.0034
vn 0.5011 0.8654 0.0031
vn 0.5012 0.8653 0.0031
vn 0.6263 0.7795 0.0028
vn 0.6265 0.7794 0.0028
vn 0.7465 0.6654 0.0024
vn 0.8431 0.5378 0.0020
vn 0.8431 0.5377 0.0020
vn 0.9182 0.3961 0.0014
vn 0.9692 0.2461 0.0009
vn 0.9692 0.2463 0.0009
vn 0.9961 0.0877 0.0003
vn 0.9983 -0.0583 -0.0002
vn 0.9983 -0.0584 -0.0002
vn 0.1493 0.9888 0.0036
vn 0.8954 -0.4454 -0.0016
vn 0.8954 -0.4452 -0.0016
vn 0.8439 -0.5366 -0.0020
vn 0.8439 -0.5365 -0.0020
vn 0.7511 -0.6602 -0.0024
vn 0.7510 -0.6603 -0.0024
vn 0.6277 -0.7785 -0.0028
vn 0.6276 -0.7785 -0.0028
vn 0.5098 -0.8603 -0.0031
vn 0.4003 -0.9164 -0.0033
vn 0.4004 -0.9163 -0.0033
vn 0.2419 -0.9703 -0.0035
vn 0.0898 -0.9959 -0.0036
vn -0.2095 -0.9778 -0.0036
vn -0.3389 -0.9408 -0.0034
vn -0.3388 -0.9408 -0.0034
vn -0.4837 -0.8752 -0.0032
vn -0.6071 -0.7946 -0.0029
vn -0.6071 -0.7947 -0.0029
vn -0.7245 -0.6892 -0.0025
vn -0.8290 -0.5593 -0.0020
vn -0.8290 -0.5592 -0.0020
vn -0.9089 -0.4170 -0.0015
vn -0.9613 -0.2755 -0.0010
vn -0.9882 -0.1530 -0.0006
vn 0.6580 0.7530 0.0027
vn 0.6579 0.7531 0.0027
vn 0.5697 0.8218 0.0030
vn 0.4297 0.9030 0.0033
vn 0.4297 0.9029 0.0033
vn 0.2680 0.9634 0.0035
vn 0.1036 0.9946 0.0036
vn -0.0409 0.9992 0.0036
vn -0.1897 0.9818 0.0036
vn 0.7349 -0.6782 -0.0025
vn 0.2008 -0.9796 -0.0036
vn 0.0543 -0.9985 -0.0036
vn -0.1017 -0.9948 -0.0036
vn -0.2606 -0.9654 -0.0035
vn -0.4071 -0.9134 -0.0033
vn -0.5499 -0.8352 -0.0030
vn 0.9780 0.2086 0.0008
vn 0.9780 0.2085 0.0008
vn 0.9974 0.0715 0.0003
vn 0.9975 0.0713 0.0003
vn 0.9955 -0.0944 -0.0003
vn 0.9633 -0.2684 -0.0010
vn 0.9633 -0.2683 -0.0010
vn 0.9074 -0.4203 -0.0015
vn 0.9073 -0.4204 -0.0015
vn 0.8331 -0.5531 -0.0020
vn 0.7260 -0.6877 -0.0025
vn 0.6078 -0.7941 -0.0029
vn 0.6077 -0.7941 -0.0029
vn 0.4777 -0.8785 -0.0032
vn 0.3320 -0.9433 -0.0034
vn -0.2046 0.9788 0.0036
vn -0.0683 0.9977 0.0036
vn 0.0907 0.9959 0.0036
vn 0.2493 0.9684 0.0035
vn 0.3983 0.9172 0.0033
vn 0.5441 0.8390 0.0031
vn 0.6657 0.7462 0.0027
vn 0.7731 0.6343 0.0023
vn 0.7730 0.6344 0.0023
vn 0.8618 0.5072 0.0018
vn 0.8619 0.5072 0.0018
vn 0.9365 0.3507 0.0013
vn 0.9364 0.3508 0.0013
vn -0.8953 0.4455 0.0016
vn -0.8243 0.5661 0.0021
vn -0.7247 0.6891 0.0025
vn -0.6106 0.7919 0.0029
vn -0.4774 0.8787 0.0032
vn -0.4773 0.8787 0.0032
vn -0.3354 0.9421 0.0034
vn 0.3082 0.9513 0.0035
vn 0.7517 -0.6595 -0.0024
vn 0.8490 -0.5284 -0.0019
vn 0.8491 -0.5283 -0.0019
vn 0.9212 -0.3891 -0.0014
vn 0.9212 -0.3892 -0.0014
vn -0.9539 -0.3002 -0.0011
vn -0.9539 -0.3000 -0.0011
vn -0.9147 -0.4041 -0.0015
vn -0.9147 -0.4042 -0.0015
vn -0.8379 -0.5458 -0.0020
vn -0.7322 -0.6811 -0.0025
vn -0.7322 -0.6810 -0.0025
vn -0.6090 -0.7931 -0.0029
vn -0.4909 -0.8712 -0.0032
vn -0.3523 -0.9359 -0.0034
vn -0.3129 0.9498 0.0035
vn -0.4324 0.9017 0.0033
vn -0.5773 0.8166 0.0030
vn -0.5773 0.8165 0.0030
vn -0.7004 0.7138 0.0026
vn -0.7004 0.7137 0.0026
vn -0.8006 0.5992 0.0022
vn -0.8007 0.5991 0.0022
vn -0.8493 0.5278 0.0019
vn -0.8967 0.4427 0.0016
vn -0.8967 0.4426 0.0016
vn -0.9580 0.2866 0.0010
vn -0.9581 0.2865 0.0010
vn -0.9910 0.1335 0.0005
vn -0.9911 0.1334 0.0005
vn -0.9997 -0.0239 -0.0001
vn -0.9828 -0.1847 -0.0007
vn -0.5822 0.8130 0.0030
vn -0.5824 0.8129 0.0030
vn -0.6887 0.7250 0.0026
vn -0.7995 0.6007 0.0022
vn -0.7992 0.6010 0.0022
vn -0.8859 0.4639 0.0017
vn -0.9488 0.3158 0.0011
vn -0.9490 0.3154 0.0011
vn -0.9871 0.1601 0.0006
vn -0.9999 0.0104 -0.0000
vn -0.9884 -0.1519 -0.0006
vn -0.9520 -0.3061 -0.0011
vn -0.8968 -0.4424 -0.0016
vn -0.8966 -0.4428 -0.0016
vn 0.8251 0.5650 0.0021
vn 0.8254 0.5645 0.0021
vn 0.7638 0.6454 0.0023
vn 0.6379 0.7701 0.0028
vn 0.6380 0.7700 0.0028
vn 0.5060 0.8626 0.0031
vn 0.3615 0.9324 0.0034
vn 0.3618 0.9323 0.0034
vn 0.2562 0.9666 0.0035
vn 0.2564 0.9666 0.0035
vn 0.1565 0.9877 0.0036
vn 0.1564 0.9877 0.0036
vn 0.0024 1.0000 0.0036
vn -0.1450 0.9894 0.0036
vn -0.2956 0.9553 0.0035
vn -0.4428 0.8966 0.0033
vn -0.4430 0.8965 0.0033
vn 0.5773 -0.8165 -0.0030
vn 0.6575 -0.7534 -0.0027
vn 0.7709 -0.6370 -0.0023
vn 0.8609 -0.5088 -0.0019
vn 0.9300 -0.3675 -0.0013
vn 0.9299 -0.3678 -0.0013
vn 0.9647 -0.2632 -0.0010
vn 0.9650 -0.2622 -0.0010
vn 0.9872 -0.1592 -0.0006
vn 0.9873 -0.1588 -0.0006
vn 0.9999 -0.0112 -0.0000
vn 0.9895 0.1447 0.0005
vn 0.9532 0.3024 0.0011
vn -0.8142 -0.5806 -0.0021
vn -0.7374 -0.6755 -0.0025
vn -0.7376 -0.6752 -0.0025
vn -0.6176 -0.7865 -0.0029
vn -0.6179 -0.7863 -0.0029
vn -0.4869 -0.8735 -0.0032
vn -0.3504 -0.9366 -0.0034
vn -0.2000 -0.9798 -0.0036
vn -0.2001 -0.9798 -0.0036
vn -0.0385 -0.9993 -0.0036
vn 0.1243 -0.9922 -0.0036
vn 0.2863 -0.9581 -0.0035
vn 0.4379 -0.8990 -0.0033
vn -0.8563 -0.5165 -0.0019
vn -0.5167 0.8562 0.0031
vn 0.8563 0.5165 0.0019
vn -0.7526 -0.6584 -0.0024
vn -0.6592 0.7519 0.0027
vn -0.6593 0.7519 0.0027
vn 0.7526 0.6584 0.0024
vn 0.7526 0.6585 0.0024
vn -0.6587 0.7524 0.0027
vn 0.7525 0.6586 0.0024
vn 0.6587 -0.7524 -0.0027
vn 0.7524 0.6587 0.0024
vn -0.7524 -0.6587 -0.0024
vn 0.6581 -0.7530 -0.0027
vn 0.6580 -0.7530 -0.0027
vn -0.7526 -0.6585 -0.0024
vn -0.6581 0.7530 0.0027
vn -0.5165 -0.8563 -0.0031
vn -0.5166 -0.8563 -0.0031
vn -0.8567 0.5158 0.0019
vn 0.5161 0.8565 0.0031
vn -0.8951 0.4459 0.0016
vn -0.9559 0.2937 0.0011
vn -0.9559 0.2936 0.0011
vn -0.9898 0.1426 0.0005
vn -0.9999 -0.0158 -0.0001
vn -0.9999 -0.0157 -0.0001
vn -0.9859 -0.1675 -0.0006
vn -0.9859 -0.1674 -0.0006
vn -0.9495 -0.3137 -0.0011
vn 0.5082 0.8612 0.0031
vn 0.5083 0.8612 0.0031
vn 0.4550 0.8905 0.0032
vn 0.3361 0.9418 0.0034
vn 0.3360 0.9418 0.0034
vn 0.1745 0.9846 0.0036
vn 0.0123 0.9999 0.0036
vn -0.1493 0.9888 0.0036
vn -0.3074 0.9516 0.0035
vn -0.4512 0.8924 0.0032
vn -0.5870 0.8096 0.0029
vn -0.7019 0.7123 0.0026
vn -0.7019 0.7122 0.0026
vn -0.8120 0.5837 0.0021
vn 0.5164 0.8563 0.0031
vn -0.3388 -0.9409 -0.0034
vn -0.4402 -0.8979 -0.0033
vn -0.5009 -0.8655 -0.0031
vn -0.5010 -0.8655 -0.0031
vn 0.8261 -0.5635 -0.0020
vn 0.7429 -0.6694 -0.0024
vn 0.6256 -0.7801 -0.0028
vn 0.6257 -0.7801 -0.0028
vn 0.4908 -0.8713 -0.0032
vn 0.4909 -0.8712 -0.0032
vn 0.3479 -0.9375 -0.0034
vn 0.3478 -0.9376 -0.0034
vn 0.1994 -0.9799 -0.0036
vn 0.0418 -0.9991 -0.0036
vn -0.1129 -0.9936 -0.0036
vn -0.2509 -0.9680 -0.0035
vn 0.7693 0.6388 0.0023
vn 0.7694 0.6388 0.0023
vn 0.8661 0.4999 0.0018
vn 0.9402 0.3406 0.0012
vn 0.9811 0.1936 0.0007
vn 0.9811 0.1934 0.0007
vn 0.9995 0.0317 0.0001
vn 0.9995 0.0318 0.0001
vn 0.9911 -0.1329 -0.0005
vn 0.9911 -0.1330 -0.0005
vn 0.9577 -0.2879 -0.0010
vn 0.8973 -0.4415 -0.0016
vn 0.8972 -0.4416 -0.0016
vn 0.5229 0.8524 0.0031
vn 0.5228 0.8524 0.0031
vn 0.5444 0.8388 0.0031
vn 0.6249 0.7807 0.0028
vn 0.5166 0.8562 0.0031
vn -0.6415 -0.7671 -0.0028
vn -0.6993 -0.7148 -0.0026
vn -0.8073 -0.5902 -0.0021
vn -0.8982 -0.4396 -0.0016
vn -0.9612 -0.2760 -0.0010
vn -0.9928 -0.1194 -0.0004
vn -0.9986 0.0525 0.0002
vn -0.9986 0.0526 0.0002
vn -0.8142 0.5806 0.0021
vn 0.8949 0.4464 0.0016
vn 0.8948 0.4465 0.0016
vn 0.8364 0.5481 0.0020
vn 0.7294 0.6841 0.0025
vn 0.6222 0.7829 0.0028
vn -0.0480 -0.9988 -0.0036
vn 0.1327 -0.9911 -0.0036
vn 0.2934 -0.9560 -0.0035
vn 0.2934 -0.9560 -0.0036
vn 0.4469 -0.8946 -0.0033
vn 0.4470 -0.8946 -0.0033
vn 0.7039 -0.7103 -0.0026
vn -0.6553 -0.7553 -0.0027
vn -0.5144 -0.8575 -0.0031
vn -0.3673 -0.9301 -0.0034
vn -0.2142 -0.9768 -0.0036
vn -0.2141 -0.9768 -0.0036
vn -0.9966 0.0821 0.0003
vn -0.9966 0.0820 0.0003
vn -0.9989 -0.0466 -0.0002
vn -0.9989 -0.0464 -0.0002
vn -0.9796 -0.2008 -0.0007
vn -0.9796 -0.2009 -0.0007
vn -0.9319 -0.3627 -0.0013
vn -0.8600 -0.5102 -0.0019
vn -0.7671 -0.6415 -0.0023
vn -0.5639 0.8259 0.0030
vn -0.5638 0.8259 0.0030
vn -0.6769 0.7361 0.0027
vn -0.6768 0.7362 0.0027
vn -0.7804 0.6253 0.0023
vn -0.8670 0.4984 0.0018
vn -0.9350 0.3547 0.0013
vn -0.9785 0.2064 0.0008
vn -0.9785 0.2063 0.0008
vn 0.1015 0.9948 0.0036
vn 0.0325 0.9995 0.0036
vn -0.1164 0.9932 0.0036
vn -0.2715 0.9624 0.0035
vn -0.4322 0.9018 0.0033
vn -0.4323 0.9017 0.0033
vn 0.9907 -0.1357 -0.0005
vn -0.9822 0.1879 0.0007
vn -0.9476 0.3194 0.0012
vn -0.8869 0.4619 0.0017
vn -0.8076 0.5897 0.0021
vn -0.6918 0.7220 0.0026
vn -0.6918 0.7221 0.0026
vn -0.5597 0.8287 0.0030
vn -0.4130 0.9107 0.0033
vn -0.2582 0.9661 0.0035
vn -0.1068 0.9943 0.0036
vn 0.0458 0.9989 0.0036
vn -0.9908 0.1357 0.0005
vn 0.4309 0.9024 0.0033
vn 0.4308 0.9024 0.0033
vn 0.5215 0.8532 0.0031
vn 0.6517 0.7585 0.0028
vn 0.7703 0.6376 0.0023
vn 0.7703 0.6377 0.0023
vn 0.8568 0.5157 0.0019
vn 0.9159 0.4015 0.0015
vn 0.9662 0.2577 0.0009
vn 0.9662 0.2578 0.0009
vn 0.9944 0.1060 0.0004
vn 0.9982 -0.0601 -0.0002
vn 0.9982 -0.0602 -0.0002
vn 0.9794 -0.2019 -0.0007
vn 0.9416 -0.3367 -0.0012
vn 0.8815 -0.4721 -0.0017
vn 0.8004 -0.5995 -0.0022
vn 0.6924 -0.7215 -0.0026
vn 0.5664 -0.8241 -0.0030
vn 0.4315 -0.9021 -0.0033
vn 0.2904 -0.9569 -0.0035
vn 0.1635 -0.9865 -0.0036
vn 0.1719 -0.9851 -0.0036
vn -0.9854 -0.1704 -0.0006
vn -0.1720 0.9851 0.0036
vn -0.9766 -0.2150 -0.0008
vn -0.9592 -0.2827 -0.0010
vn -0.9591 -0.2830 -0.0010
vn -0.8867 -0.4624 -0.0017
vn -0.8866 -0.4626 -0.0017
vn -0.7998 -0.6002 -0.0022
vn -0.7997 -0.6004 -0.0022
vn -0.7006 -0.7136 -0.0026
vn -0.7006 -0.7135 -0.0026
vn -0.5844 -0.8114 -0.0030
vn -0.4692 -0.8831 -0.0032
vn -0.9633 0.2683 0.0010
vn -0.9929 0.1191 0.0004
vn -0.9929 0.1192 0.0004
vn -0.9978 -0.0657 -0.0002
vn 0.3710 0.9286 0.0034
vn 0.9956 0.0939 0.0003
vn 0.9955 0.0944 0.0003
vn 0.9996 -0.0289 -0.0001
vn 0.9845 -0.1753 -0.0006
vn 0.9845 -0.1755 -0.0006
vn 0.1653 0.9862 0.0036
vn 0.3107 0.9505 0.0035
vn 0.3108 0.9505 0.0035
vn 0.4594 0.8882 0.0032
vn 0.5860 0.8103 0.0029
vn 0.5859 0.8104 0.0029
vn 0.6968 0.7173 0.0026
vn 0.7979 0.6028 0.0022
vn 0.7980 0.6026 0.0022
vn 0.8850 0.4656 0.0017
vn 0.9589 0.2837 0.0010
vn 0.9590 0.2835 0.0010
vn -0.1658 0.9862 0.0036
vn -0.1293 0.9916 0.0036
vn -0.0206 0.9998 0.0036
vn -0.1721 0.9851 0.0036
vn 0.4463 -0.8949 -0.0033
vn -0.8948 -0.4464 -0.0016
vn -0.9579 -0.2870 -0.0010
vn -0.9580 -0.2869 -0.0010
vn -0.9266 -0.3760 -0.0014
vn -0.9038 -0.4280 -0.0016
vn -0.4981 0.8671 0.0032
vn -0.6104 0.7920 0.0029
vn -0.6105 0.7920 0.0029
vn -0.7258 0.6879 0.0025
vn -0.8253 0.5646 0.0021
vn -0.8926 0.4509 0.0016
vn -0.8927 0.4507 0.0016
vn -0.9449 0.3275 0.0012
vn -0.9842 0.1768 0.0006
vn -0.9842 0.1770 0.0006
vn -0.9998 0.0177 0.0001
vn -0.9998 0.0178 0.0001
vn -0.9900 -0.1411 -0.0005
vn -0.9900 -0.1410 -0.0005
vn 0.7355 0.6775 0.0025
vn 0.7356 0.6774 0.0025
vn 0.6394 0.7688 0.0028
vn 0.5006 0.8657 0.0031
vn 0.3536 0.9354 0.0034
vn 0.3537 0.9354 0.0034
vn 0.2110 0.9775 0.0036
vn 0.0585 0.9983 0.0036
vn -0.0954 0.9954 0.0036
vn -0.2543 0.9671 0.0035
vn -0.3863 0.9223 0.0034
vn -0.3863 0.9224 0.0034
vn 0.8918 0.4524 0.0016
vn 0.8787 0.4774 0.0017
vn 0.8279 0.5609 0.0020
vn 0.8278 0.5609 0.0020
vn 0.8944 0.4472 0.0016
vn 0.8945 0.4472 0.0016
vn -0.4463 0.8949 0.0033
vn 0.8949 0.4463 0.0016
vn 0.9064 0.4224 0.0015
vn 0.9064 0.4225 0.0015
vn 0.9443 0.3290 0.0012
vn 0.9444 0.3289 0.0012
vn 0.9836 0.1805 0.0007
vn 0.9998 0.0214 0.0001
vn 0.9889 -0.1486 -0.0005
vn 0.9550 -0.2966 -0.0011
vn 0.8929 -0.4502 -0.0016
vn 0.8931 -0.4498 -0.0016
vn 0.8378 -0.5460 -0.0020
vn 0.8380 -0.5457 -0.0020
vn 0.7630 -0.6464 -0.0024
vn 0.6588 -0.7523 -0.0027
vn 0.5158 -0.8567 -0.0031
vn 0.3875 -0.9219 -0.0034
vn 0.2351 -0.9720 -0.0035
vn 0.2352 -0.9719 -0.0035
vn 0.0874 -0.9962 -0.0036
vn -0.0883 -0.9961 -0.0036
vn -0.2441 -0.9698 -0.0035
vn -0.2440 -0.9698 -0.0035
vn -0.3942 -0.9190 -0.0033
vn -0.3943 -0.9190 -0.0033
vn -0.5404 -0.8414 -0.0031
vn -0.6694 -0.7429 -0.0027
vn -0.6695 -0.7428 -0.0027
vn -0.7711 -0.6367 -0.0023
vn -0.7713 -0.6365 -0.0023
vn -0.8418 -0.5398 -0.0020
vn -0.8419 -0.5397 -0.0020
vn -0.8811 -0.4730 -0.0017
vn -0.9000 -0.4358 -0.0016
s 0
f 1//1 2//1 3//1
f 4//1 5//1 6//1
f 6//1 7//1 4//1
f 4//1 7//1 8//1
f 4//1 8//1 9//1
f 10//1 4//1 11//1
f 11//1 4//1 12//1
f 13//1 14//1 15//1
f 16//1 17//1 18//1
f 9//1 19//1 4//1
f 4//1 19//1 20//1
f 4//1 20//1 12//1
f 21//1 22//1 23//1
f 23//2 22//2 24//2
f 25//1 26//1 27//1
f 28//1 29//1 30//1
f 31//1 32//1 5//1
f 33//1 34//1 35//1
f 36//1 37//1 25//1
f 28//1 30//1 38//1
f 39//1 40//1 41//1
f 42//1 43//1 44//1
f 45//1 46//1 47//1
f 47//1 46//1 48//1
f 49//1 50//1 51//1
f 16//1 18//1 52//1
f 53//1 54//1 30//1
f 55//1 56//1 57//1
f 58//1 59//1 39//1
f 60//1 61//1 62//1
f 62//1 61//1 63//1
f 33//1 64//1 65//1
f 65//1 64//1 66//1
f 65//1 66//1 67//1
f 68//1 47//1 69//1
f 69//1 47//1 70//1
f 47//1 71//1 72//1
f 49//1 51//1 73//1
f 74//1 75//1 51//1
f 51//1 75//1 76//1
f 51//1 76//1 77//1
f 37//1 78//1 25//1
f 25//1 78//1 79//1
f 25//1 79//1 80//1
f 10//1 81//1 4//1
f 4//1 81//1 82//1
f 4//1 82//1 3//1
f 3//1 82//1 83//1
f 3//1 83//1 1//1
f 1//1 83//1 84//1
f 1//1 84//1 85//1
f 85//1 86//1 1//1
f 1//1 86//1 87//1
f 1//1 87//1 88//1
f 4//1 89//1 90//1
f 32//1 91//1 5//1
f 5//1 91//1 92//1
f 5//1 92//1 93//1
f 57//1 94//1 55//1
f 55//1 94//1 95//1
f 55//1 95//1 96//1
f 96//1 95//1 97//1
f 96//1 97//1 98//1
f 99//1 100//1 101//1
f 102//1 39//1 103//1
f 103//1 39//1 104//1
f 105//1 106//1 44//1
f 44//1 106//1 107//1
f 44//1 107//1 42//1
f 108//1 109//1 110//1
f 111//1 112//1 113//1
f 113//1 112//1 114//1
f 113//1 114//1 115//1
f 115//1 114//1 116//1
f 115//1 116//1 117//1
f 117//1 116//1 118//1
f 117//1 118//1 119//1
f 120//1 62//1 121//1
f 121//1 62//1 63//1
f 121//1 63//1 15//1
f 15//1 63//1 122//1
f 15//1 122//1 13//1
f 68//1 123//1 47//1
f 47//1 123//1 124//1
f 47//1 124//1 125//1
f 125//1 126//1 47//1
f 47//1 126//1 127//1
f 47//1 127//1 71//1
f 72//1 128//1 47//1
f 47//1 128//1 129//1
f 47//1 129//1 45//1
f 51//1 130//1 131//1
f 50//1 132//1 51//1
f 51//1 132//1 133//1
f 51//1 133//1 74//1
f 134//1 135//1 136//1
f 136//1 135//1 52//1
f 136//1 52//1 137//1
f 137//1 52//1 18//1
f 27//1 138//1 25//1
f 25//1 138//1 139//1
f 25//1 139//1 140//1
f 141//1 26//1 142//1
f 142//1 26//1 143//1
f 141//1 144//1 26//1
f 26//1 144//1 145//1
f 26//1 145//1 146//1
f 146//1 145//1 1//1
f 146//1 1//1 147//1
f 147//1 1//1 88//1
f 54//1 148//1 30//1
f 30//1 148//1 149//1
f 30//1 149//1 150//1
f 144//1 151//1 145//1
f 145//1 151//1 152//1
f 145//1 152//1 153//1
f 153//1 152//1 154//1
f 153//1 154//1 155//1
f 155//1 154//1 156//1
f 155//1 156//1 30//1
f 30//1 156//1 157//1
f 30//1 157//1 158//1
f 31//1 5//1 159//1
f 159//1 5//1 4//1
f 159//1 4//1 160//1
f 160//1 4//1 90//1
f 160//1 90//1 161//1
f 93//1 162//1 5//1
f 5//1 162//1 163//1
f 5//1 163//1 164//1
f 165//1 166//1 56//1
f 56//1 166//1 167//1
f 56//1 167//1 57//1
f 41//1 168//1 39//1
f 39//1 168//1 169//1
f 39//1 169//1 170//1
f 171//1 172//1 39//1
f 39//1 172//1 173//1
f 39//1 173//1 101//1
f 101//1 173//1 174//1
f 101//1 174//1 175//1
f 176//1 177//1 178//1
f 48//1 179//1 47//1
f 47//1 179//1 180//1
f 47//1 180//1 181//1
f 47//1 182//1 51//1
f 51//1 182//1 183//1
f 51//1 183//1 184//1
f 184//1 185//1 51//1
f 51//1 185//1 186//1
f 51//1 186//1 187//1
f 131//1 188//1 51//1
f 51//1 188//1 189//1
f 51//1 189//1 73//1
f 190//1 191//1 192//1
f 190//1 193//1 22//1
f 22//1 193//1 70//1
f 22//1 70//1 24//1
f 24//1 70//1 47//1
f 24//1 47//1 194//1
f 195//1 196//1 197//1
f 191//1 197//1 198//1
f 198//1 197//1 25//1
f 198//1 25//1 199//1
f 199//1 25//1 80//1
f 25//1 200//1 201//1
f 150//1 202//1 30//1
f 30//1 202//1 203//1
f 30//1 203//1 38//1
f 158//1 204//1 30//1
f 30//1 204//1 205//1
f 30//1 205//1 53//1
f 164//1 206//1 207//1
f 165//1 56//1 208//1
f 208//1 56//1 101//1
f 208//1 101//1 209//1
f 210//1 211//1 212//1
f 212//1 211//1 98//1
f 212//1 98//1 213//1
f 213//1 98//1 97//1
f 170//1 214//1 39//1
f 39//1 214//1 215//1
f 39//1 215//1 58//1
f 99//1 101//1 216//1
f 100//1 217//1 101//1
f 101//1 217//1 218//1
f 101//1 218//1 5//1
f 176//1 178//1 219//1
f 220//1 221//1 110//1
f 110//1 221//1 222//1
f 181//1 223//1 47//1
f 47//1 223//1 224//1
f 47//1 224//1 182//1
f 187//1 225//1 51//1
f 51//1 225//1 226//1
f 51//1 226//1 130//1
f 190//1 227//1 228//1
f 136//1 229//1 134//1
f 134//1 229//1 230//1
f 134//1 230//1 190//1
f 190//1 230//1 231//1
f 190//1 231//1 232//1
f 232//1 233//1 190//1
f 190//1 233//1 234//1
f 190//1 234//1 235//1
f 236//1 237//1 191//1
f 195//1 197//1 238//1
f 196//1 239//1 197//1
f 197//1 239//1 240//1
f 197//1 240//1 241//1
f 140//1 242//1 25//1
f 25//1 242//1 243//1
f 25//1 243//1 244//1
f 244//1 245//1 25//1
f 25//1 245//1 246//1
f 25//1 246//1 36//1
f 201//1 247//1 25//1
f 25//1 247//1 248//1
f 25//1 248//1 26//1
f 26//1 248//1 249//1
f 26//1 249//1 143//1
f 250//1 251//1 5//1
f 5//1 251//1 252//1
f 5//1 252//1 253//1
f 59//1 254//1 39//1
f 39//1 254//1 255//1
f 39//1 255//1 256//1
f 175//1 257//1 101//1
f 101//1 257//1 258//1
f 101//1 258//1 259//1
f 260//1 261//1 262//1
f 263//1 264//1 265//1
f 108//1 110//1 266//1
f 266//1 110//1 222//1
f 266//1 222//1 267//1
f 267//1 222//1 268//1
f 267//1 268//1 269//1
f 269//1 268//1 270//1
f 269//1 270//1 271//1
f 192//1 272//1 190//1
f 190//1 272//1 273//1
f 190//1 273//1 274//1
f 228//1 275//1 190//1
f 190//1 275//1 276//1
f 190//1 276//1 193//1
f 235//1 277//1 190//1
f 190//1 277//1 278//1
f 190//1 278//1 191//1
f 191//1 278//1 279//1
f 191//1 279//1 236//1
f 280//1 281//1 191//1
f 191//1 281//1 282//1
f 191//1 282//1 197//1
f 197//1 282//1 283//1
f 197//1 283//1 238//1
f 284//1 285//1 286//1
f 286//1 285//1 197//1
f 286//1 197//1 287//1
f 287//1 197//1 241//1
f 284//1 288//1 285//1
f 285//1 288//1 289//1
f 285//1 289//1 290//1
f 290//1 289//1 291//1
f 290//1 291//1 292//1
f 292//1 291//1 293//1
f 292//1 293//1 294//1
f 253//1 295//1 5//1
f 5//1 295//1 296//1
f 5//1 296//1 101//1
f 101//1 296//1 297//1
f 101//1 297//1 298//1
f 298//1 299//1 101//1
f 101//1 299//1 300//1
f 101//1 300//1 301//1
f 256//1 302//1 39//1
f 39//1 302//1 303//1
f 39//1 303//1 304//1
f 304//1 305//1 39//1
f 39//1 305//1 306//1
f 39//1 306//1 307//1
f 307//1 308//1 39//1
f 39//1 308//1 309//1
f 39//1 309//1 171//1
f 259//1 310//1 101//1
f 101//1 310//1 311//1
f 101//1 311//1 216//1
f 44//1 312//1 105//1
f 105//1 312//1 313//1
f 105//1 313//1 314//1
f 314//1 315//1 105//1
f 105//1 315//1 316//1
f 105//1 316//1 317//1
f 317//1 318//1 105//1
f 105//1 318//1 319//1
f 105//1 319//1 320//1
f 102//1 321//1 39//1
f 39//1 321//1 322//1
f 39//1 322//1 40//1
f 40//1 322//1 323//1
f 40//1 323//1 324//1
f 324//1 323//1 105//1
f 324//1 105//1 325//1
f 274//1 326//1 190//1
f 190//1 326//1 327//1
f 190//1 327//1 227//1
f 237//1 328//1 191//1
f 191//1 328//1 329//1
f 191//1 329//1 280//1
f 164//1 207//1 5//1
f 5//1 207//1 330//1
f 5//1 330//1 250//1
f 301//1 331//1 101//1
f 101//1 331//1 332//1
f 101//1 332//1 209//1
f 320//1 333//1 105//1
f 105//1 333//1 334//1
f 105//1 334//1 325//1
f 265//1 264//1 335//1
f 111//1 336//1 44//1
f 337//1 338//1 178//1
f 178//1 338//1 339//1
f 178//1 339//1 340//1
f 341//1 342//1 343//1
f 343//1 342//1 344//1
f 343//1 344//1 345//1
f 346//1 347//1 348//1
f 349//1 350//1 351//1
f 352//1 353//1 354//1
f 355//1 356//1 357//1
f 355//1 358//1 264//1
f 264//1 358//1 359//1
f 33//1 35//1 64//1
f 64//1 35//1 360//1
f 64//1 360//1 361//1
f 361//1 360//1 362//1
f 361//1 362//1 363//1
f 363//1 362//1 364//1
f 363//1 364//1 365//1
f 366//1 367//1 368//1
f 345//1 344//1 348//1
f 348//1 344//1 369//1
f 348//1 369//1 346//1
f 347//1 370//1 348//1
f 348//1 370//1 371//1
f 348//1 371//1 372//1
f 373//1 374//1 375//1
f 376//1 377//1 355//1
f 359//1 378//1 264//1
f 264//1 378//1 379//1
f 264//1 379//1 335//1
f 380//1 381//1 382//1
f 381//1 383//1 382//1
f 382//1 383//1 384//1
f 382//1 384//1 385//1
f 178//1 386//1 337//1
f 337//1 386//1 387//1
f 337//1 387//1 388//1
f 340//1 389//1 178//1
f 178//1 389//1 390//1
f 178//1 390//1 391//1
f 392//1 393//1 394//1
f 395//1 349//1 396//1
f 396//1 349//1 351//1
f 396//1 351//1 397//1
f 397//1 351//1 398//1
f 397//1 398//1 399//1
f 400//1 401//1 352//1
f 352//1 401//1 402//1
f 352//1 402//1 353//1
f 403//1 404//1 405//1
f 406//1 62//1 407//1
f 407//1 62//1 408//1
f 407//1 408//1 409//1
f 372//1 410//1 348//1
f 348//1 410//1 60//1
f 348//1 60//1 411//1
f 411//1 60//1 62//1
f 411//1 62//1 412//1
f 412//1 62//1 406//1
f 413//1 414//1 415//1
f 416//1 417//1 418//1
f 418//1 417//1 419//1
f 418//1 419//1 420//1
f 264//1 421//1 355//1
f 355//1 421//1 422//1
f 355//1 422//1 423//1
f 424//1 425//1 265//1
f 265//1 425//1 426//1
f 265//1 426//1 263//1
f 427//1 428//1 429//1
f 429//1 428//1 430//1
f 429//1 430//1 431//1
f 432//1 433//1 434//1
f 435//1 436//1 437//1
f 437//1 436//1 438//1
f 437//1 438//1 382//1
f 382//1 438//1 439//1
f 382//1 439//1 380//1
f 391//1 440//1 178//1
f 178//1 440//1 441//1
f 178//1 441//1 219//1
f 341//1 343//1 368//1
f 368//1 343//1 442//1
f 368//1 442//1 366//1
f 443//1 444//1 445//1
f 445//1 444//1 446//1
f 445//1 446//1 447//1
f 448//1 449//1 450//1
f 450//1 449//1 394//1
f 450//1 394//1 451//1
f 451//1 394//1 393//1
f 451//1 393//1 452//1
f 453//1 454//1 455//1
f 455//1 454//1 352//1
f 456//1 457//1 455//1
f 455//1 457//1 458//1
f 455//1 458//1 453//1
f 459//1 460//1 408//1
f 408//1 460//1 461//1
f 408//1 461//1 409//1
f 462//1 262//1 463//1
f 463//1 262//1 464//1
f 465//1 466//1 467//1
f 468//1 469//1 470//1
f 470//1 469//1 471//1
f 470//1 471//1 472//1
f 473//1 474//1 408//1
f 408//1 474//1 475//1
f 408//1 475//1 459//1
f 420//1 476//1 418//1
f 418//1 476//1 477//1
f 418//1 477//1 375//1
f 375//1 477//1 51//1
f 375//1 51//1 373//1
f 373//1 51//1 77//1
f 373//1 77//1 413//1
f 413//1 77//1 478//1
f 413//1 478//1 414//1
f 415//1 479//1 413//1
f 413//1 479//1 480//1
f 413//1 480//1 470//1
f 423//1 481//1 355//1
f 355//1 481//1 482//1
f 355//1 482//1 483//1
f 483//1 484//1 355//1
f 355//1 484//1 485//1
f 355//1 485//1 356//1
f 377//1 486//1 355//1
f 355//1 486//1 487//1
f 355//1 487//1 488//1
f 488//1 487//1 489//1
f 424//1 265//1 490//1
f 490//1 265//1 363//1
f 490//1 363//1 430//1
f 430//1 363//1 365//1
f 430//1 365//1 431//1
f 437//1 491//1 435//1
f 435//1 491//1 432//1
f 435//1 432//1 492//1
f 492//1 432//1 434//1
f 388//1 493//1 337//1
f 337//1 493//1 494//1
f 337//1 494//1 495//1
f 336//1 496//1 497//1
f 497//1 498//1 336//1
f 336//1 498//1 499//1
f 336//1 499//1 44//1
f 44//1 499//1 500//1
f 44//1 500//1 501//1
f 502//1 503//1 403//1
f 403//1 503//1 504//1
f 403//1 504//1 396//1
f 396//1 504//1 505//1
f 396//1 505//1 395//1
f 506//1 507//1 454//1
f 507//1 508//1 454//1
f 454//1 508//1 509//1
f 454//1 509//1 352//1
f 352//1 509//1 510//1
f 352//1 510//1 400//1
f 511//1 512//1 513//1
f 514//1 515//1 516//1
f 427//1 517//1 428//1
f 428//1 517//1 518//1
f 428//1 518//1 519//1
f 519//1 518//1 520//1
f 110//1 521//1 522//1
f 523//1 262//1 524//1
f 524//1 262//1 525//1
f 523//1 526//1 262//1
f 262//1 526//1 527//1
f 262//1 527//1 464//1
f 462//1 528//1 262//1
f 262//1 528//1 529//1
f 262//1 529//1 530//1
f 530//1 531//1 262//1
f 262//1 531//1 532//1
f 262//1 532//1 533//1
f 110//1 260//1 516//1
f 516//1 260//1 262//1
f 516//1 262//1 534//1
f 534//1 262//1 533//1
f 465//1 467//1 535//1
f 536//1 537//1 470//1
f 470//1 537//1 538//1
f 470//1 538//1 468//1
f 539//1 413//1 473//1
f 473//1 413//1 470//1
f 473//1 470//1 474//1
f 474//1 470//1 472//1
f 357//1 540//1 355//1
f 355//1 540//1 541//1
f 355//1 541//1 376//1
f 542//1 543//1 43//1
f 44//1 544//1 111//1
f 111//1 544//1 545//1
f 111//1 545//1 546//1
f 501//1 547//1 44//1
f 44//1 547//1 548//1
f 44//1 548//1 549//1
f 549//1 550//1 44//1
f 44//1 550//1 551//1
f 44//1 551//1 552//1
f 553//1 554//1 354//1
f 354//1 554//1 555//1
f 354//1 555//1 352//1
f 385//1 556//1 382//1
f 382//1 556//1 220//1
f 382//1 220//1 557//1
f 557//1 220//1 110//1
f 557//1 110//1 558//1
f 558//1 110//1 522//1
f 559//1 560//1 262//1
f 262//1 560//1 561//1
f 466//1 562//1 467//1
f 467//1 562//1 563//1
f 467//1 563//1 564//1
f 559//1 262//1 565//1
f 565//1 262//1 467//1
f 565//1 467//1 470//1
f 470//1 467//1 564//1
f 470//1 564//1 536//1
f 542//1 43//1 566//1
f 567//1 568//1 44//1
f 176//1 112//1 177//1
f 177//1 112//1 111//1
f 177//1 111//1 569//1
f 569//1 111//1 546//1
f 443//1 445//1 394//1
f 394//1 445//1 570//1
f 394//1 570//1 392//1
f 513//1 512//1 571//1
f 506//1 454//1 572//1
f 572//1 454//1 573//1
f 572//1 573//1 574//1
f 575//1 576//1 577//1
f 577//1 576//1 578//1
f 577//1 578//1 579//1
f 579//1 578//1 580//1
f 579//1 580//1 581//1
f 582//1 583//1 573//1
f 573//1 583//1 584//1
f 585//1 586//1 516//1
f 516//1 586//1 587//1
f 516//1 587//1 588//1
f 589//1 590//1 110//1
f 110//1 590//1 591//1
f 110//1 591//1 521//1
f 561//1 592//1 262//1
f 262//1 592//1 593//1
f 262//1 593//1 525//1
f 594//1 595//1 596//1
f 596//1 595//1 597//1
f 596//1 597//1 598//1
f 598//1 597//1 599//1
f 598//1 599//1 600//1
f 447//1 601//1 445//1
f 445//1 601//1 602//1
f 445//1 602//1 43//1
f 43//1 602//1 603//1
f 43//1 603//1 566//1
f 604//1 605//1 570//1
f 570//1 605//1 606//1
f 607//1 608//1 516//1
f 608//1 609//1 516//1
f 516//1 609//1 610//1
f 516//1 610//1 611//1
f 611//1 612//1 516//1
f 516//1 612//1 613//1
f 516//1 613//1 573//1
f 573//1 613//1 614//1
f 573//1 614//1 574//1
f 584//1 615//1 573//1
f 573//1 615//1 616//1
f 573//1 616//1 617//1
f 618//1 619//1 516//1
f 516//1 619//1 620//1
f 516//1 620//1 585//1
f 516//1 515//1 110//1
f 110//1 515//1 621//1
f 110//1 621//1 589//1
f 594//1 622//1 595//1
f 595//1 622//1 623//1
f 595//1 623//1 467//1
f 467//1 623//1 624//1
f 467//1 624//1 535//1
f 625//1 626//1 44//1
f 44//1 626//1 627//1
f 44//1 627//1 567//1
f 568//1 628//1 44//1
f 44//1 628//1 629//1
f 44//1 629//1 544//1
f 617//1 630//1 573//1
f 573//1 630//1 631//1
f 573//1 631//1 516//1
f 516//1 631//1 632//1
f 516//1 632//1 618//1
f 520//1 518//1 588//1
f 588//1 518//1 633//1
f 588//1 633//1 516//1
f 516//1 633//1 634//1
f 516//1 634//1 635//1
f 635//1 636//1 516//1
f 516//1 636//1 637//1
f 516//1 637//1 638//1
f 638//1 639//1 516//1
f 516//1 639//1 640//1
f 516//1 640//1 514//1
f 543//1 641//1 43//1
f 43//1 641//1 642//1
f 43//1 642//1 44//1
f 44//1 642//1 643//1
f 44//1 643//1 625//1
f 445//1 644//1 570//1
f 570//1 644//1 645//1
f 570//1 645//1 646//1
f 606//1 647//1 570//1
f 570//1 647//1 648//1
f 570//1 648//1 649//1
f 553//1 650//1 554//1
f 554//1 650//1 651//1
f 554//1 651//1 652//1
f 652//1 653//1 554//1
f 554//1 653//1 654//1
f 554//1 654//1 655//1
f 575//1 656//1 576//1
f 576//1 656//1 657//1
f 576//1 657//1 573//1
f 573//1 657//1 658//1
f 573//1 658//1 582//1
f 646//1 659//1 570//1
f 570//1 659//1 660//1
f 570//1 660//1 604//1
f 655//1 661//1 554//1
f 554//1 661//1 662//1
f 554//1 662//1 663//1
f 664//1 665//1 513//1
f 513//1 665//1 666//1
f 513//1 666//1 511//1
f 512//1 667//1 571//1
f 571//1 667//1 668//1
f 571//1 668//1 669//1
f 669//1 668//1 670//1
f 669//1 670//1 671//1
f 671//1 670//1 672//1
f 663//1 664//1 554//1
f 554//1 664//1 513//1
f 554//1 513//1 405//1
f 405//1 513//1 44//1
f 405//1 44//1 403//1
f 403//1 44//1 552//1
f 403//1 552//1 502//1
f 673//1 674//1 675//1
f 675//1 674//1 676//1
f 675//1 676//1 670//1
f 670//1 676//1 677//1
f 670//1 677//1 672//1
f 678//1 679//1 680//1
f 680//1 679//1 681//1
f 680//1 681//1 682//1
f 682//1 681//1 683//1
f 607//1 516//1 684//1
f 684//1 516//1 685//1
f 684//1 685//1 686//1
f 678//1 687//1 679//1
f 679//1 687//1 688//1
f 679//1 688//1 675//1
f 675//1 688//1 689//1
f 675//1 689//1 673//1
f 686//1 690//1 684//1
f 684//1 690//1 691//1
f 684//1 691//1 681//1
f 681//1 691//1 692//1
f 681//1 692//1 683//1
f 693//3 694//3 695//3
f 695//4 694//4 696//4
f 695//5 696//5 697//5
f 697//6 696//6 698//6
f 697//7 698//7 452//7
f 699//8 700//8 701//8
f 701//9 702//9 699//9
f 699//10 702//10 703//10
f 699//10 703//10 704//10
f 117//11 119//11 705//11
f 706//12 707//12 708//12
f 351//13 350//13 709//13
f 458//14 457//14 710//14
f 711//15 712//15 710//15
f 710//16 712//16 713//16
f 710//14 713//14 458//14
f 453//17 458//17 714//17
f 714//17 458//17 713//17
f 714//18 713//18 715//18
f 715//19 713//19 716//19
f 715//20 716//20 717//20
f 717//21 716//21 718//21
f 717//22 718//22 576//22
f 719//23 720//23 721//23
f 721//24 722//24 719//24
f 719//25 722//25 723//25
f 719//25 723//25 724//25
f 724//26 723//26 725//26
f 725//27 723//27 726//27
f 725//28 726//28 67//28
f 727//29 728//29 729//29
f 729//30 730//30 727//30
f 727//31 730//31 731//31
f 727//31 731//31 732//31
f 269//32 271//32 733//32
f 734//33 735//33 736//33
f 737//34 738//34 739//34
f 739//35 738//35 740//35
f 739//36 740//36 595//36
f 741//37 742//37 743//37
f 743//38 744//38 741//38
f 741//39 744//39 745//39
f 741//39 745//39 746//39
f 746//40 745//40 747//40
f 747//41 745//41 748//41
f 747//42 748//42 14//42
f 419//43 417//43 749//43
f 750//44 751//44 752//44
f 752//45 751//45 753//45
f 752//46 753//46 754//46
f 135//47 134//47 755//47
f 756//48 757//48 758//48
f 758//49 759//49 756//49
f 756//50 759//50 760//50
f 756//50 760//50 761//50
f 292//51 294//51 762//51
f 30//52 29//52 763//52
f 764//53 765//53 766//53
f 766//54 765//54 767//54
f 766//55 767//55 768//55
f 768//56 767//56 769//56
f 768//57 769//57 770//57
f 771//58 772//58 769//58
f 770//57 769//57 773//57
f 773//59 769//59 772//59
f 773//59 772//59 774//59
f 769//60 775//60 771//60
f 771//61 775//61 776//61
f 771//62 776//62 777//62
f 777//63 776//63 778//63
f 777//64 778//64 161//64
f 779//65 780//65 781//65
f 781//66 780//66 782//66
f 781//67 782//67 783//67
f 783//68 782//68 784//68
f 783//69 784//69 211//69
f 732//70 731//70 733//70
f 733//71 731//71 785//71
f 733//32 785//32 269//32
f 269//72 785//72 786//72
f 269//72 786//72 267//72
f 267//73 786//73 787//73
f 267//73 787//73 266//73
f 266//74 787//74 788//74
f 266//74 788//74 108//74
f 109//75 108//75 789//75
f 789//75 108//75 788//75
f 789//76 788//76 736//76
f 736//77 788//77 790//77
f 736//33 790//33 734//33
f 734//78 790//78 791//78
f 734//78 791//78 792//78
f 792//79 791//79 793//79
f 792//79 793//79 794//79
f 794//80 793//80 738//80
f 794//80 738//80 795//80
f 795//81 738//81 737//81
f 795//82 737//82 796//82
f 595//36 740//36 597//36
f 597//83 740//83 743//83
f 597//83 743//83 599//83
f 599//84 743//84 742//84
f 599//84 742//84 600//84
f 14//85 748//85 15//85
f 15//86 748//86 797//86
f 15//86 797//86 121//86
f 120//87 121//87 798//87
f 798//87 121//87 797//87
f 798//88 797//88 749//88
f 749//89 797//89 799//89
f 749//90 799//90 419//90
f 419//91 799//91 800//91
f 419//91 800//91 420//91
f 420//92 800//92 751//92
f 420//93 751//93 476//93
f 476//94 751//94 750//94
f 476//94 750//94 477//94
f 754//46 753//46 801//46
f 801//95 753//95 802//95
f 801//95 802//95 803//95
f 804//96 803//96 805//96
f 805//96 803//96 802//96
f 805//97 802//97 755//97
f 755//98 802//98 806//98
f 755//99 806//99 135//99
f 135//100 806//100 807//100
f 135//100 807//100 52//100
f 52//101 807//101 758//101
f 52//102 758//102 16//102
f 16//103 758//103 757//103
f 16//103 757//103 17//103
f 761//104 760//104 762//104
f 762//105 760//105 808//105
f 762//51 808//51 292//51
f 292//106 808//106 809//106
f 292//106 809//106 290//106
f 285//107 290//107 810//107
f 810//107 290//107 809//107
f 810//108 809//108 763//108
f 763//109 809//109 811//109
f 763//52 811//52 30//52
f 30//110 811//110 765//110
f 30//110 765//110 155//110
f 155//111 765//111 764//111
f 155//111 764//111 153//111
f 161//64 778//64 160//64
f 160//112 778//112 812//112
f 160//112 812//112 159//112
f 159//113 812//113 813//113
f 159//113 813//113 31//113
f 31//114 813//114 814//114
f 31//114 814//114 32//114
f 32//115 814//115 815//115
f 32//115 815//115 91//115
f 91//116 815//116 816//116
f 91//116 816//116 92//116
f 92//117 816//117 817//117
f 92//118 817//118 93//118
f 93//119 817//119 818//119
f 93//119 818//119 162//119
f 162//120 818//120 819//120
f 162//120 819//120 163//120
f 163//121 819//121 780//121
f 163//121 780//121 164//121
f 164//122 780//122 779//122
f 164//122 779//122 206//122
f 211//123 784//123 98//123
f 98//124 784//124 820//124
f 98//124 820//124 96//124
f 96//125 820//125 694//125
f 96//125 694//125 55//125
f 55//126 694//126 693//126
f 55//126 693//126 56//126
f 452//7 698//7 451//7
f 451//127 698//127 701//127
f 451//127 701//127 450//127
f 450//128 701//128 700//128
f 450//129 700//129 448//129
f 704//130 703//130 705//130
f 705//131 703//131 821//131
f 705//132 821//132 117//132
f 117//133 821//133 822//133
f 117//133 822//133 115//133
f 113//134 115//134 823//134
f 823//134 115//134 822//134
f 823//135 822//135 708//135
f 708//136 822//136 824//136
f 708//137 824//137 706//137
f 706//138 824//138 825//138
f 706//138 825//138 826//138
f 826//139 825//139 827//139
f 826//139 827//139 828//139
f 829//140 828//140 830//140
f 830//140 828//140 827//140
f 830//141 827//141 709//141
f 709//142 827//142 831//142
f 709//13 831//13 351//13
f 351//143 831//143 712//143
f 351//143 712//143 398//143
f 398//144 712//144 711//144
f 398//145 711//145 399//145
f 576//22 718//22 578//22
f 578//146 718//146 721//146
f 578//146 721//146 580//146
f 580//147 721//147 720//147
f 580//147 720//147 581//147
f 67//28 726//28 65//28
f 65//148 726//148 729//148
f 65//148 729//148 33//148
f 33//149 729//149 728//149
f 33//149 728//149 34//149
f 707//1 706//1 832//1
f 832//1 706//1 826//1
f 832//1 826//1 833//1
f 829//1 834//1 828//1
f 828//1 834//1 835//1
f 836//1 837//1 838//1
f 838//1 837//1 839//1
f 838//1 839//1 840//1
f 841//1 842//1 826//1
f 842//1 843//1 826//1
f 826//1 843//1 844//1
f 826//1 844//1 845//1
f 845//1 846//1 826//1
f 826//1 846//1 847//1
f 826//1 847//1 833//1
f 835//1 840//1 828//1
f 828//1 840//1 839//1
f 828//1 839//1 826//1
f 826//1 839//1 848//1
f 826//1 848//1 841//1
f 838//1 849//1 836//1
f 836//1 849//1 850//1
f 836//1 850//1 851//1
f 851//1 852//1 836//1
f 836//1 852//1 853//1
f 836//1 853//1 854//1
f 854//1 853//1 855//1
f 792//1 856//1 734//1
f 734//1 856//1 735//1
f 792//1 794//1 856//1
f 856//1 794//1 795//1
f 856//1 795//1 796//1
f 754//1 801//1 857//1
f 857//1 801//1 803//1
f 857//1 803//1 804//1
f 774//1 858//1 773//1
f 773//1 858//1 770//1
f 859//150 860//150 722//150
f 722//150 860//150 723//150
f 861//150 713//150 862//150
f 862//150 713//150 712//150
f 863//150 864//150 831//150
f 831//150 864//150 865//150
f 831//150 865//150 712//150
f 712//150 865//150 866//150
f 712//150 866//150 862//150
f 867//150 868//150 813//150
f 813//150 868//150 869//150
f 813//150 869//150 814//150
f 870//150 871//150 799//150
f 872//150 873//150 726//150
f 726//150 873//150 874//150
f 726//150 874//150 729//150
f 875//150 876//150 718//150
f 718//150 876//150 877//150
f 718//150 877//150 721//150
f 861//150 878//150 713//150
f 713//150 878//150 879//150
f 713//150 879//150 716//150
f 880//150 824//150 822//150
f 815//150 881//150 882//150
f 883//150 811//150 884//150
f 884//150 811//150 809//150
f 885//150 751//150 800//150
f 860//150 886//150 723//150
f 723//150 886//150 887//150
f 723//150 887//150 726//150
f 726//150 887//150 888//150
f 726//150 888//150 872//150
f 877//150 889//150 721//150
f 721//150 889//150 890//150
f 721//150 890//150 722//150
f 722//150 890//150 891//150
f 722//150 891//150 859//150
f 879//150 892//150 716//150
f 716//150 892//150 893//150
f 716//150 893//150 718//150
f 718//150 893//150 894//150
f 718//150 894//150 875//150
f 895//150 896//150 821//150
f 821//150 896//150 897//150
f 821//150 897//150 822//150
f 822//150 897//150 898//150
f 822//150 898//150 880//150
f 899//150 703//150 900//150
f 900//150 703//150 702//150
f 901//150 820//150 902//150
f 902//150 820//150 784//150
f 902//150 784//150 903//150
f 903//150 784//150 904//150
f 905//150 780//150 906//150
f 906//150 780//150 819//150
f 906//150 819//150 907//150
f 908//150 909//150 818//150
f 818//150 909//150 910//150
f 818//150 910//150 819//150
f 819//150 910//150 911//150
f 819//150 911//150 907//150
f 815//150 882//150 816//150
f 812//150 912//150 813//150
f 813//150 912//150 913//150
f 813//150 913//150 867//150
f 778//150 914//150 812//150
f 812//150 914//150 915//150
f 812//150 915//150 912//150
f 916//150 917//150 767//150
f 767//150 917//150 918//150
f 767//150 918//150 769//150
f 916//150 767//150 919//150
f 919//150 767//150 765//150
f 919//150 765//150 920//150
f 883//150 921//150 811//150
f 811//150 921//150 922//150
f 811//150 922//150 765//150
f 765//150 922//150 923//150
f 765//150 923//150 920//150
f 924//150 806//150 925//150
f 925//150 806//150 802//150
f 925//150 802//150 926//150
f 926//150 802//150 927//150
f 871//150 928//150 799//150
f 799//150 928//150 929//150
f 799//150 929//150 800//150
f 800//150 929//150 930//150
f 800//150 930//150 885//150
f 931//150 785//150 932//150
f 932//150 785//150 731//150
f 933//150 934//150 827//150
f 827//150 934//150 935//150
f 827//150 935//150 831//150
f 831//150 935//150 936//150
f 831//150 936//150 863//150
f 933//150 827//150 937//150
f 937//150 827//150 825//150
f 937//150 825//150 938//150
f 880//150 939//150 824//150
f 824//150 939//150 940//150
f 824//150 940//150 825//150
f 825//150 940//150 941//150
f 825//150 941//150 938//150
f 899//150 942//150 703//150
f 703//150 942//150 943//150
f 703//150 943//150 821//150
f 821//150 943//150 944//150
f 821//150 944//150 895//150
f 945//150 946//150 701//150
f 701//150 946//150 947//150
f 701//150 947//150 702//150
f 702//150 947//150 948//150
f 702//150 948//150 900//150
f 949//150 950//150 694//150
f 694//150 950//150 696//150
f 901//150 951//150 820//150
f 820//150 951//150 952//150
f 820//150 952//150 694//150
f 694//150 952//150 953//150
f 694//150 953//150 949//150
f 904//150 784//150 954//150
f 954//150 784//150 782//150
f 954//150 782//150 955//150
f 905//150 956//150 780//150
f 780//150 956//150 957//150
f 780//150 957//150 782//150
f 782//150 957//150 958//150
f 782//150 958//150 955//150
f 908//150 818//150 959//150
f 959//150 818//150 817//150
f 959//150 817//150 960//150
f 882//150 961//150 816//150
f 816//150 961//150 962//150
f 816//150 962//150 817//150
f 817//150 962//150 963//150
f 817//150 963//150 960//150
f 869//150 964//150 814//150
f 814//150 964//150 965//150
f 814//150 965//150 815//150
f 815//150 965//150 966//150
f 815//150 966//150 881//150
f 927//150 802//150 967//150
f 967//150 802//150 753//150
f 967//150 753//150 968//150
f 885//150 969//150 751//150
f 751//150 969//150 970//150
f 751//150 970//150 753//150
f 753//150 970//150 971//150
f 753//150 971//150 968//150
f 870//150 799//150 972//150
f 972//150 799//150 797//150
f 972//150 797//150 973//150
f 974//150 975//150 748//150
f 748//150 975//150 976//150
f 748//150 976//150 797//150
f 797//150 976//150 977//150
f 797//150 977//150 973//150
f 978//150 979//150 730//150
f 730//150 979//150 980//150
f 730//150 980//150 731//150
f 731//150 980//150 981//150
f 731//150 981//150 932//150
f 950//150 982//150 696//150
f 696//150 982//150 983//150
f 696//150 983//150 698//150
f 776//150 984//150 778//150
f 778//150 984//150 985//150
f 778//150 985//150 914//150
f 918//150 986//150 769//150
f 769//150 986//150 987//150
f 769//150 987//150 775//150
f 988//150 989//150 808//150
f 808//150 989//150 990//150
f 808//150 990//150 809//150
f 809//150 990//150 991//150
f 809//150 991//150 884//150
f 988//150 808//150 992//150
f 992//150 808//150 760//150
f 992//150 760//150 993//150
f 994//150 995//150 807//150
f 807//150 995//150 758//150
f 744//150 743//150 996//150
f 997//150 998//150 793//150
f 793//150 998//150 999//150
f 793//150 999//150 738//150
f 997//150 793//150 1000//150
f 1000//150 793//150 791//150
f 1000//150 791//150 1001//150
f 874//150 1002//150 729//150
f 729//150 1002//150 1003//150
f 729//150 1003//150 730//150
f 730//150 1003//150 1004//150
f 730//150 1004//150 978//150
f 983//150 1005//150 698//150
f 698//150 1005//150 1006//150
f 698//150 1006//150 701//150
f 701//150 1006//150 1007//150
f 701//150 1007//150 945//150
f 987//150 1008//150 775//150
f 775//150 1008//150 1009//150
f 775//150 1009//150 776//150
f 776//150 1009//150 1010//150
f 776//150 1010//150 984//150
f 1011//150 1012//150 759//150
f 759//150 1012//150 1013//150
f 759//150 1013//150 760//150
f 760//150 1013//150 1014//150
f 760//150 1014//150 993//150
f 974//150 748//150 1015//150
f 1015//150 748//150 745//150
f 1015//150 745//150 1016//150
f 996//150 1017//150 744//150
f 744//150 1017//150 1018//150
f 744//150 1018//150 745//150
f 745//150 1018//150 1019//150
f 745//150 1019//150 1016//150
f 1020//150 1021//150 740//150
f 740//150 1021//150 1022//150
f 740//150 1022//150 743//150
f 743//150 1022//150 1023//150
f 743//150 1023//150 996//150
f 1024//150 1025//150 790//150
f 790//150 1025//150 1026//150
f 790//150 1026//150 791//150
f 791//150 1026//150 1027//150
f 791//150 1027//150 1001//150
f 1028//150 786//150 1029//150
f 1029//150 786//150 785//150
f 1029//150 785//150 1030//150
f 1030//150 785//150 931//150
f 995//150 1031//150 758//150
f 758//150 1031//150 1032//150
f 758//150 1032//150 759//150
f 759//150 1032//150 1033//150
f 759//150 1033//150 1011//150
f 924//150 1034//150 806//150
f 806//150 1034//150 1035//150
f 806//150 1035//150 807//150
f 807//150 1035//150 1036//150
f 807//150 1036//150 994//150
f 999//150 1037//150 738//150
f 738//150 1037//150 1038//150
f 738//150 1038//150 740//150
f 740//150 1038//150 1039//150
f 740//150 1039//150 1020//150
f 1024//150 790//150 1040//150
f 1040//150 790//150 788//150
f 1040//150 788//150 1041//150
f 1041//150 788//150 1042//150
f 1042//150 788//150 787//150
f 1042//150 787//150 1043//150
f 1028//150 1044//150 786//150
f 786//150 1044//150 1045//150
f 786//150 1045//150 787//150
f 787//150 1045//150 1046//150
f 787//150 1046//150 1043//150
f 129//151 925//151 45//151
f 45//152 925//152 926//152
f 45//152 926//152 46//152
f 46//153 926//153 927//153
f 46//154 927//154 48//154
f 48//155 927//155 967//155
f 48//155 967//155 179//155
f 179//156 967//156 968//156
f 179//156 968//156 180//156
f 180//157 968//157 971//157
f 180//157 971//157 181//157
f 181//158 971//158 970//158
f 181//158 970//158 223//158
f 223//159 970//159 969//159
f 223//159 969//159 224//159
f 224//160 969//160 885//160
f 224//160 885//160 182//160
f 182//161 885//161 930//161
f 182//161 930//161 183//161
f 183//162 930//162 929//162
f 183//162 929//162 184//162
f 184//163 929//163 928//163
f 184//163 928//163 185//163
f 185//164 928//164 871//164
f 185//164 871//164 186//164
f 186//165 871//165 870//165
f 186//165 870//165 187//165
f 187//166 870//166 972//166
f 187//166 972//166 225//166
f 225//167 972//167 973//167
f 225//167 973//167 226//167
f 226//168 973//168 977//168
f 226//168 977//168 130//168
f 130//169 977//169 976//169
f 130//169 976//169 131//169
f 131//170 976//170 975//170
f 131//170 975//170 188//170
f 188//171 975//171 974//171
f 188//171 974//171 189//171
f 189//172 974//172 1015//172
f 189//172 1015//172 73//172
f 73//173 1015//173 1016//173
f 73//173 1016//173 49//173
f 49//174 1016//174 1019//174
f 49//174 1019//174 50//174
f 50//175 1019//175 1018//175
f 50//175 1018//175 132//175
f 132//176 1018//176 1017//176
f 132//176 1017//176 133//176
f 133//177 1017//177 996//177
f 133//178 996//178 74//178
f 74//179 996//179 1023//179
f 74//179 1023//179 75//179
f 75//180 1023//180 1022//180
f 75//180 1022//180 76//180
f 76//181 1022//181 1021//181
f 76//181 1021//181 77//181
f 77//182 1021//182 1020//182
f 77//182 1020//182 478//182
f 478//183 1020//183 1039//183
f 478//183 1039//183 414//183
f 414//184 1039//184 1038//184
f 414//184 1038//184 415//184
f 415//185 1038//185 1037//185
f 415//185 1037//185 479//185
f 479//186 1037//186 999//186
f 479//186 999//186 480//186
f 480//187 999//187 998//187
f 480//187 998//187 470//187
f 470//188 998//188 997//188
f 470//188 997//188 565//188
f 565//189 997//189 1000//189
f 565//189 1000//189 559//189
f 559//190 1000//190 1001//190
f 559//190 1001//190 560//190
f 560//191 1001//191 1027//191
f 560//191 1027//191 561//191
f 561//192 1027//192 1026//192
f 561//192 1026//192 592//192
f 592//193 1026//193 1025//193
f 592//193 1025//193 593//193
f 593//194 1025//194 1024//194
f 593//194 1024//194 525//194
f 525//195 1024//195 1040//195
f 525//195 1040//195 524//195
f 524//196 1040//196 1041//196
f 524//196 1041//196 523//196
f 523//197 1041//197 1042//197
f 523//197 1042//197 526//197
f 526//198 1042//198 1043//198
f 526//198 1043//198 527//198
f 527//199 1043//199 1046//199
f 527//199 1046//199 464//199
f 464//200 1046//200 1045//200
f 464//200 1045//200 463//200
f 463//201 1045//201 1044//201
f 463//201 1044//201 462//201
f 462//202 1044//202 1028//202
f 462//203 1028//203 528//203
f 528//204 1028//204 1029//204
f 528//204 1029//204 529//204
f 529//205 1029//205 1030//205
f 529//205 1030//205 530//205
f 530//206 1030//206 931//206
f 530//206 931//206 531//206
f 531//207 931//207 932//207
f 531//207 932//207 532//207
f 532//208 932//208 981//208
f 532//208 981//208 533//208
f 533//209 981//209 980//209
f 533//209 980//209 534//209
f 534//210 980//210 979//210
f 534//210 979//210 516//210
f 516//211 979//211 978//211
f 516//211 978//211 685//211
f 685//212 978//212 1004//212
f 685//212 1004//212 686//212
f 686//213 1004//213 1003//213
f 686//213 1003//213 690//213
f 690//214 1003//214 1002//214
f 690//214 1002//214 691//214
f 691//215 1002//215 874//215
f 691//215 874//215 692//215
f 692//216 874//216 873//216
f 692//216 873//216 683//216
f 683//217 873//217 872//217
f 683//217 872//217 682//217
f 682//218 872//218 888//218
f 682//218 888//218 680//218
f 680//219 888//219 887//219
f 680//219 887//219 678//219
f 678//220 887//220 886//220
f 678//220 886//220 687//220
f 687//221 886//221 860//221
f 687//221 860//221 688//221
f 688//222 860//222 859//222
f 688//222 859//222 689//222
f 689//223 859//223 891//223
f 689//223 891//223 673//223
f 673//224 891//224 890//224
f 673//224 890//224 674//224
f 674//225 890//225 889//225
f 674//226 889//226 676//226
f 676//227 889//227 877//227
f 676//227 877//227 677//227
f 677//228 877//228 876//228
f 677//228 876//228 672//228
f 672//229 876//229 875//229
f 672//229 875//229 671//229
f 671//230 875//230 894//230
f 671//230 894//230 669//230
f 669//231 894//231 893//231
f 669//231 893//231 571//231
f 571//232 893//232 892//232
f 571//232 892//232 513//232
f 513//233 892//233 879//233
f 513//233 879//233 44//233
f 44//234 879//234 878//234
f 44//234 878//234 312//234
f 312//235 878//235 861//235
f 312//236 861//236 313//236
f 313//237 861//237 862//237
f 313//237 862//237 314//237
f 314//238 862//238 866//238
f 314//238 866//238 315//238
f 315//239 866//239 865//239
f 315//239 865//239 316//239
f 316//240 865//240 864//240
f 316//240 864//240 317//240
f 317//241 864//241 863//241
f 317//241 863//241 318//241
f 318//242 863//242 936//242
f 318//243 936//243 319//243
f 319//244 936//244 935//244
f 319//244 935//244 320//244
f 320//245 935//245 934//245
f 320//245 934//245 333//245
f 333//246 934//246 933//246
f 333//246 933//246 334//246
f 334//247 933//247 937//247
f 334//247 937//247 325//247
f 325//248 937//248 938//248
f 325//248 938//248 324//248
f 324//249 938//249 941//249
f 324//249 941//249 40//249
f 40//250 941//250 940//250
f 40//250 940//250 41//250
f 41//251 940//251 939//251
f 41//251 939//251 168//251
f 168//252 939//252 880//252
f 168//252 880//252 169//252
f 169//253 880//253 898//253
f 169//253 898//253 170//253
f 170//254 898//254 897//254
f 170//254 897//254 214//254
f 214//255 897//255 896//255
f 214//255 896//255 215//255
f 215//256 896//256 895//256
f 215//256 895//256 58//256
f 58//257 895//257 944//257
f 58//258 944//258 59//258
f 59//259 944//259 943//259
f 59//259 943//259 254//259
f 254//260 943//260 942//260
f 254//260 942//260 255//260
f 255//261 942//261 899//261
f 255//261 899//261 256//261
f 256//262 899//262 900//262
f 256//262 900//262 302//262
f 302//263 900//263 948//263
f 302//264 948//264 303//264
f 303//265 948//265 947//265
f 303//265 947//265 304//265
f 304//266 947//266 946//266
f 304//266 946//266 305//266
f 305//267 946//267 945//267
f 305//267 945//267 306//267
f 306//268 945//268 1007//268
f 306//268 1007//268 307//268
f 307//269 1007//269 1006//269
f 307//270 1006//270 308//270
f 308//271 1006//271 1005//271
f 308//271 1005//271 309//271
f 309//272 1005//272 983//272
f 309//272 983//272 171//272
f 171//273 983//273 982//273
f 171//273 982//273 172//273
f 172//274 982//274 950//274
f 172//274 950//274 173//274
f 173//275 950//275 949//275
f 173//276 949//276 174//276
f 174//277 949//277 953//277
f 174//277 953//277 175//277
f 175//278 953//278 952//278
f 175//278 952//278 257//278
f 257//279 952//279 951//279
f 257//280 951//280 258//280
f 258//281 951//281 901//281
f 258//282 901//282 259//282
f 259//283 901//283 902//283
f 259//283 902//283 310//283
f 310//284 902//284 903//284
f 310//284 903//284 311//284
f 311//285 903//285 904//285
f 311//286 904//286 216//286
f 216//287 904//287 954//287
f 216//287 954//287 99//287
f 99//288 954//288 955//288
f 99//288 955//288 100//288
f 100//289 955//289 958//289
f 100//289 958//289 217//289
f 217//290 958//290 957//290
f 217//290 957//290 218//290
f 218//291 957//291 956//291
f 218//292 956//292 5//292
f 5//293 956//293 905//293
f 5//293 905//293 6//293
f 6//294 905//294 906//294
f 6//295 906//295 7//295
f 7//296 906//296 907//296
f 7//296 907//296 8//296
f 8//297 907//297 911//297
f 8//297 911//297 9//297
f 9//298 911//298 910//298
f 9//298 910//298 19//298
f 19//299 910//299 909//299
f 19//300 909//300 20//300
f 20//301 909//301 908//301
f 20//301 908//301 12//301
f 12//302 908//302 959//302
f 12//303 959//303 11//303
f 11//304 959//304 960//304
f 11//304 960//304 10//304
f 10//305 960//305 963//305
f 10//305 963//305 81//305
f 81//306 963//306 962//306
f 81//306 962//306 82//306
f 82//307 962//307 961//307
f 82//307 961//307 83//307
f 83//308 961//308 882//308
f 83//308 882//308 84//308
f 84//309 882//309 881//309
f 84//309 881//309 85//309
f 85//310 881//310 966//310
f 85//310 966//310 86//310
f 86//311 966//311 965//311
f 86//311 965//311 87//311
f 87//312 965//312 964//312
f 87//312 964//312 88//312
f 88//313 964//313 869//313
f 88//313 869//313 147//313
f 147//314 869//314 868//314
f 147//314 868//314 146//314
f 146//315 868//315 867//315
f 146//315 867//315 26//315
f 26//316 867//316 913//316
f 26//316 913//316 27//316
f 27//317 913//317 912//317
f 27//317 912//317 138//317
f 138//318 912//318 915//318
f 138//318 915//318 139//318
f 139//319 915//319 914//319
f 139//319 914//319 140//319
f 140//320 914//320 985//320
f 140//320 985//320 242//320
f 242//321 985//321 984//321
f 242//321 984//321 243//321
f 243//322 984//322 1010//322
f 243//322 1010//322 244//322
f 244//323 1010//323 1009//323
f 244//323 1009//323 245//323
f 245//324 1009//324 1008//324
f 245//324 1008//324 246//324
f 246//325 1008//325 987//325
f 246//325 987//325 36//325
f 36//326 987//326 986//326
f 36//326 986//326 37//326
f 37//327 986//327 918//327
f 37//327 918//327 78//327
f 78//328 918//328 917//328
f 78//328 917//328 79//328
f 79//329 917//329 916//329
f 79//329 916//329 80//329
f 80//330 916//330 919//330
f 80//330 919//330 199//330
f 199//331 919//331 920//331
f 199//331 920//331 198//331
f 198//332 920//332 923//332
f 198//332 923//332 191//332
f 191//333 923//333 922//333
f 191//333 922//333 192//333
f 192//334 922//334 921//334
f 192//334 921//334 272//334
f 272//335 921//335 883//335
f 272//335 883//335 273//335
f 273//336 883//336 884//336
f 273//336 884//336 274//336
f 274//337 884//337 991//337
f 274//337 991//337 326//337
f 326//338 991//338 990//338
f 326//338 990//338 327//338
f 327//339 990//339 989//339
f 327//339 989//339 227//339
f 227//340 989//340 988//340
f 227//340 988//340 228//340
f 228//341 988//341 992//341
f 228//341 992//341 275//341
f 275//342 992//342 993//342
f 275//342 993//342 276//342
f 276//343 993//343 1014//343
f 276//343 1014//343 193//343
f 193//344 1014//344 1013//344
f 193//344 1013//344 70//344
f 70//345 1013//345 1012//345
f 70//345 1012//345 69//345
f 69//346 1012//346 1011//346
f 69//346 1011//346 68//346
f 68//347 1011//347 1033//347
f 68//347 1033//347 123//347
f 123//348 1033//348 1032//348
f 123//348 1032//348 124//348
f 124//349 1032//349 1031//349
f 124//349 1031//349 125//349
f 125//350 1031//350 995//350
f 125//351 995//351 126//351
f 126//352 995//352 994//352
f 126//352 994//352 127//352
f 127//353 994//353 1036//353
f 127//353 1036//353 71//353
f 71//354 1036//354 1035//354
f 71//354 1035//354 72//354
f 72//355 1035//355 1034//355
f 72//355 1034//355 128//355
f 128//356 1034//356 924//356
f 128//356 924//356 129//356
f 129//151 924//151 925//151
f 145//357 153//357 1047//357
f 1047//357 153//357 764//357
f 1047//358 1048//358 145//358
f 145//358 1048//358 1//358
f 1048//359 1049//359 1//359
f 1//359 1049//359 2//359
f 1049//360 1050//360 2//360
f 2//360 1050//360 3//360
f 1050//361 1051//361 3//361
f 3//361 1051//361 4//361
f 1051//362 1052//362 4//362
f 4//362 1052//362 89//362
f 1052//363 1053//363 89//363
f 89//363 1053//363 90//363
f 1053//364 777//364 90//364
f 90//364 777//364 161//364
f 858//365 774//365 1054//365
f 1054//365 774//365 772//365
f 1054//366 768//366 858//366
f 858//366 768//366 770//366
f 768//1 1054//1 766//1
f 766//1 1054//1 1047//1
f 766//1 1047//1 764//1
f 777//1 1053//1 1052//1
f 1051//1 1050//1 1052//1
f 1052//1 1050//1 1049//1
f 1054//1 772//1 771//1
f 1048//1 1047//1 1049//1
f 1049//1 1047//1 1054//1
f 1049//1 1054//1 1052//1
f 1052//1 1054//1 771//1
f 1052//1 771//1 777//1
f 197//367 285//367 1055//367
f 1055//367 285//367 810//367
f 1055//368 1056//368 197//368
f 197//368 1056//368 25//368
f 1056//369 1057//369 25//369
f 25//369 1057//369 200//369
f 1058//370 141//370 142//370
f 1058//370 142//370 1059//370
f 1059//371 142//371 143//371
f 1059//372 143//372 1060//372
f 1060//373 143//373 249//373
f 1060//374 249//374 1061//374
f 1061//375 249//375 248//375
f 1061//376 248//376 1062//376
f 1062//377 248//377 247//377
f 1062//378 247//378 1063//378
f 1063//379 247//379 201//379
f 1063//380 201//380 1064//380
f 1064//381 201//381 200//381
f 1064//381 200//381 1057//381
f 1065//382 152//382 151//382
f 1065//382 151//382 1066//382
f 1066//383 151//383 144//383
f 1066//384 144//384 1067//384
f 1067//385 144//385 141//385
f 1067//386 141//386 1058//386
f 1065//387 1068//387 152//387
f 152//388 1068//388 154//388
f 1069//389 158//389 157//389
f 1069//389 157//389 1070//389
f 1070//390 157//390 156//390
f 1070//391 156//391 1071//391
f 1071//392 156//392 154//392
f 1071//392 154//392 1068//392
f 1072//393 202//393 150//393
f 1072//393 150//393 1073//393
f 1073//394 150//394 149//394
f 1073//394 149//394 1074//394
f 1074//395 149//395 148//395
f 1074//396 148//396 1075//396
f 1075//397 148//397 54//397
f 1075//397 54//397 1076//397
f 1076//398 54//398 53//398
f 1076//398 53//398 1077//398
f 1077//399 53//399 205//399
f 1077//400 205//400 1078//400
f 1078//401 205//401 204//401
f 1078//401 204//401 1079//401
f 1079//402 204//402 158//402
f 1079//403 158//403 1069//403
f 1080//404 28//404 38//404
f 1080//404 38//404 1081//404
f 1081//405 38//405 203//405
f 1081//405 203//405 1082//405
f 1082//406 203//406 202//406
f 1082//407 202//407 1072//407
f 1080//408 763//408 28//408
f 28//408 763//408 29//408
f 1056//1 1055//1 1057//1
f 1057//1 1055//1 810//1
f 1068//1 1065//1 1066//1
f 810//1 1082//1 1057//1
f 1057//1 1082//1 1072//1
f 1057//1 1072//1 1073//1
f 1069//1 1060//1 1079//1
f 1079//1 1060//1 1061//1
f 1079//1 1061//1 1078//1
f 1078//1 1061//1 1062//1
f 1078//1 1062//1 1077//1
f 1077//1 1062//1 1063//1
f 1077//1 1063//1 1076//1
f 1076//1 1063//1 1064//1
f 1076//1 1064//1 1075//1
f 1075//1 1064//1 1057//1
f 1075//1 1057//1 1074//1
f 1074//1 1057//1 1073//1
f 1068//1 1066//1 1071//1
f 1071//1 1066//1 1067//1
f 1071//1 1067//1 1070//1
f 1070//1 1067//1 1058//1
f 1070//1 1058//1 1069//1
f 1069//1 1058//1 1059//1
f 1069//1 1059//1 1060//1
f 763//1 1080//1 810//1
f 810//1 1080//1 1081//1
f 810//1 1081//1 1082//1
f 1083//409 329//409 328//409
f 1083//410 328//410 1084//410
f 1084//411 328//411 237//411
f 1084//412 237//412 1085//412
f 1085//413 237//413 236//413
f 1085//413 236//413 1086//413
f 1086//414 236//414 279//414
f 1086//414 279//414 1087//414
f 1087//415 279//415 278//415
f 1087//415 278//415 1088//415
f 1088//416 278//416 277//416
f 1088//416 277//416 1089//416
f 1090//417 195//417 238//417
f 1090//418 238//418 1091//418
f 1091//419 238//419 283//419
f 1091//419 283//419 1092//419
f 1092//420 283//420 282//420
f 1092//420 282//420 1093//420
f 1093//421 282//421 281//421
f 1093//422 281//422 1094//422
f 1094//423 281//423 280//423
f 1094//424 280//424 1095//424
f 1095//425 280//425 329//425
f 1095//426 329//426 1083//426
f 1096//427 287//427 241//427
f 1096//428 241//428 1097//428
f 1097//429 241//429 240//429
f 1097//429 240//429 1098//429
f 1098//430 240//430 239//430
f 1098//430 239//430 1099//430
f 1099//431 239//431 196//431
f 1099//431 196//431 1100//431
f 1100//432 196//432 195//432
f 1100//432 195//432 1090//432
f 762//433 294//433 293//433
f 762//434 293//434 1101//434
f 1101//435 293//435 291//435
f 1101//436 291//436 1102//436
f 1102//437 291//437 289//437
f 1102//437 289//437 1103//437
f 1103//438 289//438 288//438
f 1103//439 288//439 1104//439
f 1104//440 288//440 284//440
f 1104//440 284//440 1105//440
f 1105//441 284//441 286//441
f 1105//441 286//441 1106//441
f 1106//442 286//442 287//442
f 1106//442 287//442 1096//442
f 1107//443 231//443 230//443
f 1107//444 230//444 1108//444
f 1108//445 230//445 229//445
f 1108//445 229//445 1109//445
f 1109//446 229//446 136//446
f 1109//447 136//447 1110//447
f 1110//448 136//448 137//448
f 1110//448 137//448 1111//448
f 1111//449 137//449 18//449
f 1111//449 18//449 1112//449
f 1112//450 18//450 17//450
f 1112//450 17//450 757//450
f 1089//451 277//451 235//451
f 1089//452 235//452 1113//452
f 1113//453 235//453 234//453
f 1113//453 234//453 1114//453
f 1114//454 234//454 233//454
f 1114//455 233//455 1115//455
f 1115//456 233//456 232//456
f 1115//456 232//456 1116//456
f 1116//457 232//457 231//457
f 1116//457 231//457 1107//457
f 1117//1 761//1 1118//1
f 1118//1 761//1 762//1
f 1118//1 762//1 1119//1
f 1117//1 1120//1 761//1
f 761//1 1120//1 1121//1
f 761//1 1121//1 756//1
f 1122//1 1090//1 1123//1
f 1123//1 1090//1 1091//1
f 1123//1 1091//1 1124//1
f 1124//1 1091//1 1092//1
f 1124//1 1092//1 1125//1
f 1125//1 1092//1 1093//1
f 1125//1 1093//1 1126//1
f 1126//1 1093//1 1094//1
f 1126//1 1094//1 1127//1
f 1127//1 1094//1 1095//1
f 1127//1 1095//1 1128//1
f 1121//1 1129//1 756//1
f 756//1 1129//1 1130//1
f 756//1 1130//1 757//1
f 757//1 1130//1 1131//1
f 757//1 1131//1 1112//1
f 1112//1 1131//1 1132//1
f 1112//1 1132//1 1111//1
f 1111//1 1132//1 1133//1
f 1111//1 1133//1 1110//1
f 1110//1 1133//1 1134//1
f 1110//1 1134//1 1109//1
f 1109//1 1134//1 1135//1
f 1109//1 1135//1 1108//1
f 1108//1 1135//1 1136//1
f 1108//1 1136//1 1107//1
f 1107//1 1136//1 1137//1
f 1107//1 1137//1 1116//1
f 1116//1 1137//1 1138//1
f 1116//1 1138//1 1115//1
f 1115//1 1138//1 1139//1
f 1115//1 1139//1 1114//1
f 1114//1 1139//1 1140//1
f 1114//1 1140//1 1113//1
f 1113//1 1140//1 1141//1
f 1113//1 1141//1 1089//1
f 1095//1 1083//1 1128//1
f 1128//1 1083//1 1084//1
f 1128//1 1084//1 1142//1
f 1142//1 1084//1 1085//1
f 1142//1 1085//1 1143//1
f 1143//1 1085//1 1086//1
f 1143//1 1086//1 1144//1
f 1144//1 1086//1 1087//1
f 1144//1 1087//1 1145//1
f 1145//1 1087//1 1088//1
f 1145//1 1088//1 1146//1
f 1146//1 1088//1 1089//1
f 1146//1 1089//1 1147//1
f 1147//1 1089//1 1141//1
f 1119//1 762//1 1148//1
f 1148//1 762//1 1101//1
f 1148//1 1101//1 1149//1
f 1149//1 1101//1 1102//1
f 1149//1 1102//1 1150//1
f 1150//1 1102//1 1103//1
f 1150//1 1103//1 1151//1
f 1151//1 1103//1 1104//1
f 1151//1 1104//1 1152//1
f 1152//1 1104//1 1105//1
f 1152//1 1105//1 1153//1
f 1153//1 1105//1 1106//1
f 1153//1 1106//1 1154//1
f 1154//1 1106//1 1096//1
f 1154//1 1096//1 1155//1
f 1155//1 1096//1 1097//1
f 1155//1 1097//1 1156//1
f 1156//1 1097//1 1098//1
f 1156//1 1098//1 1157//1
f 1157//1 1098//1 1099//1
f 1157//1 1099//1 1122//1
f 1122//1 1099//1 1100//1
f 1122//1 1100//1 1090//1
f 1128//458 1158//458 1159//458
f 1128//459 1159//459 1127//459
f 1127//460 1159//460 1160//460
f 1127//460 1160//460 1126//460
f 1126//461 1160//461 1161//461
f 1126//462 1161//462 1125//462
f 1125//463 1161//463 1162//463
f 1125//463 1162//463 1124//463
f 1124//464 1162//464 1163//464
f 1124//464 1163//464 1123//464
f 1123//465 1163//465 1164//465
f 1123//465 1164//465 1122//465
f 1122//466 1164//466 1165//466
f 1122//466 1165//466 1157//466
f 1157//467 1165//467 1166//467
f 1157//467 1166//467 1156//467
f 1156//468 1166//468 1167//468
f 1156//469 1167//469 1155//469
f 1155//470 1167//470 1168//470
f 1155//471 1168//471 1154//471
f 1154//472 1168//472 1169//472
f 1154//473 1169//473 1153//473
f 1153//474 1169//474 1170//474
f 1153//474 1170//474 1152//474
f 1152//475 1170//475 1171//475
f 1152//476 1171//476 1151//476
f 1151//477 1171//477 1172//477
f 1151//478 1172//478 1150//478
f 1150//479 1172//479 1173//479
f 1150//479 1173//479 1149//479
f 1149//480 1173//480 1174//480
f 1149//480 1174//480 1148//480
f 1148//481 1174//481 1175//481
f 1148//481 1175//481 1119//481
f 1119//482 1175//482 1176//482
f 1119//482 1176//482 1118//482
f 1118//483 1176//483 1177//483
f 1118//484 1177//484 1117//484
f 1117//485 1177//485 1178//485
f 1117//485 1178//485 1120//485
f 1120//486 1178//486 1179//486
f 1120//487 1179//487 1121//487
f 1121//106 1179//106 1180//106
f 1121//106 1180//106 1129//106
f 1129//488 1180//488 1181//488
f 1129//488 1181//488 1130//488
f 1130//489 1181//489 1182//489
f 1130//490 1182//490 1131//490
f 1131//491 1182//491 1183//491
f 1131//491 1183//491 1132//491
f 1132//492 1183//492 1184//492
f 1132//492 1184//492 1133//492
f 1133//493 1184//493 1185//493
f 1133//494 1185//494 1134//494
f 1134//495 1185//495 1186//495
f 1134//496 1186//496 1135//496
f 1135//497 1186//497 1187//497
f 1135//498 1187//498 1136//498
f 1136//499 1187//499 1188//499
f 1136//500 1188//500 1137//500
f 1137//501 1188//501 1189//501
f 1137//501 1189//501 1138//501
f 1138//502 1189//502 1190//502
f 1138//503 1190//503 1139//503
f 1139//504 1190//504 1191//504
f 1139//504 1191//504 1140//504
f 1140//505 1191//505 1192//505
f 1140//505 1192//505 1141//505
f 1141//506 1192//506 1193//506
f 1141//507 1193//507 1147//507
f 1147//508 1193//508 1194//508
f 1147//509 1194//509 1146//509
f 1146//510 1194//510 1195//510
f 1146//511 1195//511 1145//511
f 1145//512 1195//512 1196//512
f 1145//512 1196//512 1144//512
f 1144//513 1196//513 1197//513
f 1144//513 1197//513 1143//513
f 1143//514 1197//514 1198//514
f 1143//515 1198//515 1142//515
f 1142//516 1198//516 1158//516
f 1142//517 1158//517 1128//517
f 1158//1 1198//1 1173//1
f 1173//1 1198//1 1197//1
f 1173//1 1197//1 1196//1
f 1196//1 1195//1 1173//1
f 1173//1 1195//1 1194//1
f 1173//1 1194//1 1193//1
f 1159//1 1168//1 1167//1
f 1177//1 1176//1 1193//1
f 1171//1 1170//1 1159//1
f 1159//1 1170//1 1169//1
f 1159//1 1169//1 1168//1
f 1192//1 1191//1 1179//1
f 1179//1 1191//1 1190//1
f 1179//1 1190//1 1189//1
f 1192//1 1179//1 1193//1
f 1193//1 1179//1 1178//1
f 1193//1 1178//1 1177//1
f 1176//1 1175//1 1193//1
f 1193//1 1175//1 1174//1
f 1193//1 1174//1 1173//1
f 1158//1 1173//1 1159//1
f 1159//1 1173//1 1172//1
f 1159//1 1172//1 1171//1
f 1164//1 1163//1 1162//1
f 1189//1 1188//1 1179//1
f 1179//1 1188//1 1187//1
f 1179//1 1187//1 1186//1
f 1167//1 1166//1 1159//1
f 1159//1 1166//1 1165//1
f 1159//1 1165//1 1160//1
f 1160//1 1165//1 1164//1
f 1160//1 1164//1 1161//1
f 1161//1 1164//1 1162//1
f 1181//1 1184//1 1182//1
f 1182//1 1184//1 1183//1
f 1186//1 1185//1 1179//1
f 1179//1 1185//1 1184//1
f 1179//1 1184//1 1180//1
f 1180//1 1184//1 1181//1
f 51//518 477//518 1199//518
f 1199//519 477//519 750//519
f 1199//520 1200//520 51//520
f 51//520 1200//520 47//520
f 1200//521 1201//521 47//521
f 47//521 1201//521 194//521
f 1201//522 1202//522 194//522
f 194//522 1202//522 24//522
f 1202//523 1203//523 24//523
f 24//524 1203//524 23//524
f 1203//525 1204//525 23//525
f 23//525 1204//525 21//525
f 1204//526 1205//526 21//526
f 21//526 1205//526 22//526
f 1205//527 1206//527 22//527
f 22//528 1206//528 190//528
f 1206//529 755//529 190//529
f 190//529 755//529 134//529
f 857//530 804//530 1207//530
f 1207//530 804//530 805//530
f 1207//531 752//531 857//531
f 857//531 752//531 754//531
f 1204//1 1203//1 1207//1
f 1200//1 1199//1 1201//1
f 1201//1 1199//1 750//1
f 1206//1 1205//1 755//1
f 755//1 1205//1 1204//1
f 755//1 1204//1 805//1
f 805//1 1204//1 1207//1
f 1203//1 1202//1 1207//1
f 1207//1 1202//1 1201//1
f 1207//1 1201//1 752//1
f 752//1 1201//1 750//1
f 1208//532 1209//532 539//532
f 539//532 1209//532 413//532
f 1209//533 1210//533 413//533
f 413//533 1210//533 373//533
f 1210//534 1211//534 373//534
f 373//534 1211//534 374//534
f 1211//535 1212//535 374//535
f 374//535 1212//535 375//535
f 1212//536 1213//536 375//536
f 375//536 1213//536 418//536
f 1213//537 1214//537 418//537
f 418//537 1214//537 416//537
f 1214//538 749//538 416//538
f 416//538 749//538 417//538
f 62//539 120//539 1215//539
f 1215//539 120//539 798//539
f 1215//540 1216//540 62//540
f 62//540 1216//540 408//540
f 1216//541 1217//541 408//541
f 408//541 1217//541 473//541
f 1217//542 1208//542 473//542
f 473//542 1208//542 539//542
f 1213//1 1212//1 1214//1
f 1214//1 1212//1 1211//1
f 1216//1 1215//1 1217//1
f 1217//1 1215//1 1208//1
f 1210//1 1209//1 1211//1
f 1211//1 1209//1 1208//1
f 1211//1 1208//1 1214//1
f 1214//1 1208//1 1215//1
f 1214//1 1215//1 749//1
f 749//1 1215//1 798//1
f 1218//543 60//543 410//543
f 1218//544 410//544 1219//544
f 1219//545 410//545 372//545
f 1219//545 372//545 1220//545
f 1220//546 372//546 371//546
f 1220//546 371//546 1221//546
f 1221//547 371//547 370//547
f 1221//547 370//547 1222//547
f 1222//548 370//548 347//548
f 1222//549 347//549 1223//549
f 1223//550 347//550 346//550
f 1223//551 346//551 1224//551
f 1224//552 346//552 369//552
f 1224//552 369//552 1225//552
f 1218//553 1226//553 60//553
f 60//553 1226//553 61//553
f 747//554 14//554 13//554
f 747//554 13//554 1227//554
f 1227//555 13//555 122//555
f 1227//556 122//556 1228//556
f 1228//557 122//557 63//557
f 1228//558 63//558 1229//558
f 1229//559 63//559 61//559
f 1229//559 61//559 1226//559
f 1230//560 535//560 624//560
f 1230//560 624//560 1231//560
f 1231//561 624//561 623//561
f 1231//561 623//561 1232//561
f 1232//562 623//562 622//562
f 1232//562 622//562 1233//562
f 1233//563 622//563 594//563
f 1233//564 594//564 1234//564
f 1234//565 594//565 596//565
f 1234//565 596//565 1235//565
f 1235//566 596//566 598//566
f 1235//566 598//566 1236//566
f 1236//567 598//567 600//567
f 1236//568 600//568 742//568
f 1237//569 564//569 563//569
f 1237//570 563//570 1238//570
f 1238//571 563//571 562//571
f 1238//571 562//571 1239//571
f 1239//572 562//572 466//572
f 1239//572 466//572 1240//572
f 1240//573 466//573 465//573
f 1240//573 465//573 1241//573
f 1241//574 465//574 535//574
f 1241//574 535//574 1230//574
f 1242//575 471//575 469//575
f 1242//575 469//575 1243//575
f 1243//576 469//576 468//576
f 1243//577 468//577 1244//577
f 1244//578 468//578 538//578
f 1244//579 538//579 1245//579
f 1245//580 538//580 537//580
f 1245//581 537//581 1246//581
f 1246//582 537//582 536//582
f 1246//583 536//583 1247//583
f 1247//584 536//584 564//584
f 1247//584 564//584 1237//584
f 1248//585 461//585 460//585
f 1248//585 460//585 1249//585
f 1249//586 460//586 459//586
f 1249//587 459//587 1250//587
f 1250//588 459//588 475//588
f 1250//589 475//589 1251//589
f 1251//590 475//590 474//590
f 1251//591 474//591 1252//591
f 1252//592 474//592 472//592
f 1252//593 472//593 1253//593
f 1253//594 472//594 471//594
f 1253//595 471//595 1242//595
f 1254//596 411//596 412//596
f 1254//597 412//597 1255//597
f 1255//598 412//598 406//598
f 1255//598 406//598 1256//598
f 1256//599 406//599 407//599
f 1256//599 407//599 1257//599
f 1257//600 407//600 409//600
f 1257//601 409//601 1258//601
f 1258//602 409//602 461//602
f 1258//603 461//603 1248//603
f 1254//604 1259//604 411//604
f 411//604 1259//604 348//604
f 1225//605 369//605 344//605
f 1225//606 344//606 1260//606
f 1260//607 344//607 342//607
f 1260//608 342//608 1261//608
f 1261//609 342//609 341//609
f 1261//609 341//609 1262//609
f 1262//610 341//610 368//610
f 1262//611 368//611 1263//611
f 1263//612 368//612 367//612
f 1263//613 367//613 1264//613
f 1264//614 367//614 366//614
f 1264//615 366//615 1265//615
f 1265//616 366//616 442//616
f 1265//617 442//617 1266//617
f 1266//618 442//618 343//618
f 1266//619 343//619 1267//619
f 1267//620 343//620 345//620
f 1267//621 345//621 1268//621
f 1268//622 345//622 348//622
f 1268//622 348//622 1259//622
f 1259//1 1254//1 1269//1
f 1270//1 1241//1 1271//1
f 1271//1 1241//1 1230//1
f 1271//1 1230//1 1231//1
f 1272//1 1238//1 1273//1
f 1273//1 1238//1 1239//1
f 1273//1 1239//1 1270//1
f 1270//1 1239//1 1240//1
f 1270//1 1240//1 1241//1
f 1226//1 1218//1 1229//1
f 1229//1 1218//1 1219//1
f 1229//1 1219//1 1228//1
f 1228//1 1219//1 1220//1
f 1228//1 1220//1 1227//1
f 1227//1 1220//1 1221//1
f 1227//1 1221//1 747//1
f 747//1 1221//1 1222//1
f 747//1 1222//1 746//1
f 1222//1 1223//1 746//1
f 746//1 1223//1 1224//1
f 746//1 1224//1 741//1
f 1269//1 1271//1 1259//1
f 1259//1 1271//1 1231//1
f 1259//1 1231//1 1268//1
f 1268//1 1231//1 1232//1
f 1268//1 1232//1 1267//1
f 1267//1 1232//1 1233//1
f 1267//1 1233//1 1266//1
f 1266//1 1233//1 1234//1
f 1266//1 1234//1 1265//1
f 1265//1 1234//1 1235//1
f 1265//1 1235//1 1264//1
f 1264//1 1235//1 1236//1
f 1264//1 1236//1 1263//1
f 1263//1 1236//1 742//1
f 1263//1 742//1 1262//1
f 1224//1 1225//1 741//1
f 741//1 1225//1 1260//1
f 741//1 1260//1 742//1
f 742//1 1260//1 1261//1
f 742//1 1261//1 1262//1
f 1254//1 1255//1 1269//1
f 1269//1 1255//1 1256//1
f 1269//1 1256//1 1274//1
f 1274//1 1256//1 1257//1
f 1274//1 1257//1 1275//1
f 1275//1 1257//1 1258//1
f 1275//1 1258//1 1276//1
f 1276//1 1258//1 1248//1
f 1276//1 1248//1 1277//1
f 1277//1 1248//1 1249//1
f 1277//1 1249//1 1278//1
f 1278//1 1249//1 1250//1
f 1278//1 1250//1 1279//1
f 1279//1 1250//1 1251//1
f 1279//1 1251//1 1280//1
f 1280//1 1251//1 1252//1
f 1280//1 1252//1 1281//1
f 1281//1 1252//1 1253//1
f 1281//1 1253//1 1282//1
f 1282//1 1253//1 1242//1
f 1282//1 1242//1 1283//1
f 1283//1 1242//1 1243//1
f 1283//1 1243//1 1284//1
f 1284//1 1243//1 1244//1
f 1284//1 1244//1 1285//1
f 1285//1 1244//1 1245//1
f 1285//1 1245//1 1286//1
f 1286//1 1245//1 1246//1
f 1286//1 1246//1 1287//1
f 1287//1 1246//1 1247//1
f 1287//1 1247//1 1272//1
f 1272//1 1247//1 1237//1
f 1272//1 1237//1 1238//1
f 1271//623 1269//623 1288//623
f 1288//623 1269//623 1289//623
f 1271//624 1288//624 1290//624
f 1271//624 1290//624 1270//624
f 1270//625 1290//625 1291//625
f 1270//625 1291//625 1273//625
f 1273//626 1291//626 1292//626
f 1273//626 1292//626 1272//626
f 1272//627 1292//627 1293//627
f 1272//628 1293//628 1287//628
f 1287//629 1293//629 1294//629
f 1287//629 1294//629 1286//629
f 1286//630 1294//630 1295//630
f 1286//631 1295//631 1285//631
f 1285//632 1295//632 1296//632
f 1285//633 1296//633 1284//633
f 1284//634 1296//634 1297//634
f 1284//635 1297//635 1283//635
f 1283//636 1297//636 1298//636
f 1283//408 1298//408 1282//408
f 1282//637 1298//637 1299//637
f 1282//638 1299//638 1281//638
f 1281//639 1299//639 1300//639
f 1281//639 1300//639 1280//639
f 1280//640 1300//640 1301//640
f 1280//640 1301//640 1279//640
f 1279//641 1301//641 1302//641
f 1279//641 1302//641 1278//641
f 1278//642 1302//642 1303//642
f 1278//643 1303//643 1277//643
f 1277//644 1303//644 1304//644
f 1277//644 1304//644 1276//644
f 1276//645 1304//645 1305//645
f 1276//645 1305//645 1275//645
f 1275//646 1305//646 1306//646
f 1275//646 1306//646 1274//646
f 1274//647 1306//647 1289//647
f 1274//647 1289//647 1269//647
f 1290//1 1288//1 1289//1
f 1306//1 1294//1 1289//1
f 1289//1 1294//1 1293//1
f 1293//1 1292//1 1289//1
f 1289//1 1292//1 1291//1
f 1289//1 1291//1 1290//1
f 1301//1 1300//1 1305//1
f 1305//1 1300//1 1299//1
f 1305//1 1299//1 1306//1
f 1306//1 1299//1 1298//1
f 1306//1 1298//1 1297//1
f 1297//1 1296//1 1306//1
f 1306//1 1296//1 1295//1
f 1306//1 1295//1 1294//1
f 1301//1 1305//1 1302//1
f 1302//1 1305//1 1304//1
f 1302//1 1304//1 1303//1
f 110//648 109//648 1307//648
f 1307//648 109//648 789//648
f 1307//649 1308//649 110//649
f 110//650 1308//650 260//650
f 1308//651 1309//651 260//651
f 260//652 1309//652 261//652
f 1309//653 1310//653 261//653
f 261//653 1310//653 262//653
f 1310//654 1311//654 262//654
f 262//655 1311//655 467//655
f 1311//656 739//656 467//656
f 467//656 739//656 595//656
f 856//657 796//657 1312//657
f 1312//657 796//657 737//657
f 1312//656 736//656 856//656
f 856//656 736//656 735//656
f 1311//1 1310//1 739//1
f 739//1 1310//1 1309//1
f 1308//1 1307//1 1312//1
f 1312//1 1307//1 789//1
f 1312//1 789//1 736//1
f 1308//1 1312//1 1309//1
f 1309//1 1312//1 737//1
f 1309//1 737//1 739//1
f 1313//658 220//658 556//658
f 1313//658 556//658 1314//658
f 1314//659 556//659 385//659
f 1314//659 385//659 1315//659
f 1315//660 385//660 384//660
f 1315//660 384//660 1316//660
f 1316//661 384//661 383//661
f 1316//661 383//661 1317//661
f 1317//662 383//662 381//662
f 1317//663 381//663 1318//663
f 1318//664 381//664 380//664
f 1318//664 380//664 1319//664
f 1319//665 380//665 439//665
f 1319//666 439//666 1320//666
f 1313//667 1321//667 220//667
f 220//667 1321//667 221//667
f 733//668 271//668 270//668
f 733//669 270//669 1322//669
f 1322//670 270//670 268//670
f 1322//671 268//671 1323//671
f 1323//672 268//672 222//672
f 1323//673 222//673 1324//673
f 1324//674 222//674 221//674
f 1324//675 221//675 1321//675
f 1325//676 429//676 431//676
f 1325//677 431//677 1326//677
f 1326//678 431//678 365//678
f 1326//678 365//678 1327//678
f 1327//679 365//679 364//679
f 1327//680 364//680 1328//680
f 1328//681 364//681 362//681
f 1328//681 362//681 1329//681
f 1329//682 362//682 360//682
f 1329//683 360//683 1330//683
f 1330//684 360//684 35//684
f 1330//685 35//685 1331//685
f 1331//686 35//686 34//686
f 1331//686 34//686 728//686
f 1332//687 633//687 518//687
f 1332//688 518//688 1333//688
f 1333//689 518//689 517//689
f 1333//689 517//689 1334//689
f 1334//690 517//690 427//690
f 1334//691 427//691 1335//691
f 1335//692 427//692 429//692
f 1335//692 429//692 1325//692
f 1336//693 639//693 638//693
f 1336//693 638//693 1337//693
f 1337//694 638//694 637//694
f 1337//694 637//694 1338//694
f 1338//695 637//695 636//695
f 1338//695 636//695 1339//695
f 1339//696 636//696 635//696
f 1339//696 635//696 1340//696
f 1340//697 635//697 634//697
f 1340//697 634//697 1341//697
f 1341//698 634//698 633//698
f 1341//699 633//699 1332//699
f 1342//700 590//700 589//700
f 1342//701 589//701 1343//701
f 1343//702 589//702 621//702
f 1343//703 621//703 1344//703
f 1344//704 621//704 515//704
f 1344//705 515//705 1345//705
f 1345//706 515//706 514//706
f 1345//706 514//706 1346//706
f 1346//707 514//707 640//707
f 1346//708 640//708 1347//708
f 1347//709 640//709 639//709
f 1347//709 639//709 1336//709
f 1348//710 557//710 558//710
f 1348//711 558//711 1349//711
f 1349//712 558//712 522//712
f 1349//712 522//712 1350//712
f 1350//713 522//713 521//713
f 1350//713 521//713 1351//713
f 1351//714 521//714 591//714
f 1351//714 591//714 1352//714
f 1352//715 591//715 590//715
f 1352//716 590//716 1342//716
f 1348//717 1353//717 557//717
f 557//717 1353//717 382//717
f 1320//718 439//718 438//718
f 1320//718 438//718 1354//718
f 1354//719 438//719 436//719
f 1354//720 436//720 1355//720
f 1355//721 436//721 435//721
f 1355//722 435//722 1356//722
f 1356//723 435//723 492//723
f 1356//724 492//724 1357//724
f 1357//725 492//725 434//725
f 1357//725 434//725 1358//725
f 1358//726 434//726 433//726
f 1358//727 433//727 1359//727
f 1359//728 433//728 432//728
f 1359//728 432//728 1360//728
f 1360//729 432//729 491//729
f 1360//730 491//730 1361//730
f 1361//731 491//731 437//731
f 1361//731 437//731 1362//731
f 1362//732 437//732 382//732
f 1362//733 382//733 1353//733
f 1348//1 1363//1 1353//1
f 1353//1 1363//1 1364//1
f 732//1 733//1 1318//1
f 1354//1 727//1 1320//1
f 1320//1 727//1 732//1
f 1320//1 732//1 1319//1
f 1319//1 732//1 1318//1
f 1354//1 1355//1 727//1
f 727//1 1355//1 1356//1
f 727//1 1356//1 728//1
f 728//1 1356//1 1357//1
f 728//1 1357//1 1331//1
f 1331//1 1357//1 1358//1
f 1331//1 1358//1 1330//1
f 1330//1 1358//1 1359//1
f 1330//1 1359//1 1329//1
f 1329//1 1359//1 1360//1
f 1329//1 1360//1 1328//1
f 1328//1 1360//1 1361//1
f 1328//1 1361//1 1327//1
f 1327//1 1361//1 1362//1
f 1327//1 1362//1 1326//1
f 1326//1 1362//1 1353//1
f 1326//1 1353//1 1325//1
f 1325//1 1353//1 1364//1
f 1325//1 1364//1 1335//1
f 1335//1 1364//1 1365//1
f 1321//1 1313//1 1324//1
f 1324//1 1313//1 1314//1
f 1324//1 1314//1 1323//1
f 1323//1 1314//1 1315//1
f 1323//1 1315//1 1322//1
f 1322//1 1315//1 1316//1
f 1322//1 1316//1 733//1
f 733//1 1316//1 1317//1
f 733//1 1317//1 1318//1
f 1348//1 1349//1 1363//1
f 1363//1 1349//1 1350//1
f 1363//1 1350//1 1366//1
f 1366//1 1350//1 1351//1
f 1366//1 1351//1 1367//1
f 1367//1 1351//1 1352//1
f 1367//1 1352//1 1368//1
f 1368//1 1352//1 1342//1
f 1368//1 1342//1 1369//1
f 1369//1 1342//1 1343//1
f 1369//1 1343//1 1370//1
f 1370//1 1343//1 1344//1
f 1370//1 1344//1 1371//1
f 1371//1 1344//1 1345//1
f 1371//1 1345//1 1372//1
f 1372//1 1345//1 1346//1
f 1372//1 1346//1 1373//1
f 1373//1 1346//1 1347//1
f 1373//1 1347//1 1374//1
f 1374//1 1347//1 1336//1
f 1374//1 1336//1 1375//1
f 1375//1 1336//1 1337//1
f 1375//1 1337//1 1376//1
f 1376//1 1337//1 1338//1
f 1376//1 1338//1 1377//1
f 1377//1 1338//1 1339//1
f 1377//1 1339//1 1378//1
f 1378//1 1339//1 1340//1
f 1378//1 1340//1 1379//1
f 1379//1 1340//1 1341//1
f 1379//1 1341//1 1380//1
f 1380//1 1341//1 1332//1
f 1380//1 1332//1 1381//1
f 1381//1 1332//1 1333//1
f 1381//1 1333//1 1365//1
f 1365//1 1333//1 1334//1
f 1365//1 1334//1 1335//1
f 1364//734 1363//734 1382//734
f 1382//734 1363//734 1383//734
f 1364//735 1382//735 1384//735
f 1364//736 1384//736 1365//736
f 1365//737 1384//737 1385//737
f 1365//738 1385//738 1381//738
f 1381//739 1385//739 1386//739
f 1381//740 1386//740 1380//740
f 1380//741 1386//741 1387//741
f 1380//742 1387//742 1379//742
f 1379//743 1387//743 1388//743
f 1379//743 1388//743 1378//743
f 1378//744 1388//744 1389//744
f 1378//745 1389//745 1377//745
f 1377//746 1389//746 1390//746
f 1377//746 1390//746 1376//746
f 1376//747 1390//747 1391//747
f 1376//747 1391//747 1375//747
f 1375//417 1391//417 1392//417
f 1375//417 1392//417 1374//417
f 1374//748 1392//748 1393//748
f 1374//748 1393//748 1373//748
f 1373//749 1393//749 1394//749
f 1373//750 1394//750 1372//750
f 1372//751 1394//751 1395//751
f 1372//751 1395//751 1371//751
f 1371//752 1395//752 1396//752
f 1371//753 1396//753 1370//753
f 1370//754 1396//754 1397//754
f 1370//754 1397//754 1369//754
f 1369//755 1397//755 1398//755
f 1369//756 1398//756 1368//756
f 1368//757 1398//757 1399//757
f 1368//757 1399//757 1367//757
f 1367//758 1399//758 1400//758
f 1367//758 1400//758 1366//758
f 1366//759 1400//759 1383//759
f 1366//759 1383//759 1363//759
f 1394//1 1393//1 1400//1
f 1386//1 1385//1 1383//1
f 1383//1 1385//1 1384//1
f 1383//1 1384//1 1382//1
f 1393//1 1392//1 1400//1
f 1400//1 1392//1 1391//1
f 1400//1 1391//1 1390//1
f 1390//1 1389//1 1400//1
f 1400//1 1389//1 1388//1
f 1400//1 1388//1 1383//1
f 1383//1 1388//1 1387//1
f 1383//1 1387//1 1386//1
f 1394//1 1400//1 1395//1
f 1395//1 1400//1 1399//1
f 1395//1 1399//1 1396//1
f 1396//1 1399//1 1398//1
f 1396//1 1398//1 1397//1
f 1401//760 428//760 519//760
f 1401//761 519//761 1402//761
f 1402//762 519//762 520//762
f 1402//762 520//762 1403//762
f 1403//763 520//763 588//763
f 1403//764 588//764 1404//764
f 1404//765 588//765 587//765
f 1404//765 587//765 1405//765
f 1405//766 587//766 586//766
f 1405//766 586//766 1406//766
f 1406//767 586//767 585//767
f 1406//767 585//767 1407//767
f 1407//768 585//768 620//768
f 1407//768 620//768 1408//768
f 1401//769 1409//769 428//769
f 428//769 1409//769 430//769
f 1410//770 264//770 263//770
f 1410//770 263//770 1411//770
f 1411//771 263//771 426//771
f 1411//771 426//771 1412//771
f 1412//772 426//772 425//772
f 1412//772 425//772 1413//772
f 1413//773 425//773 424//773
f 1413//773 424//773 1414//773
f 1414//774 424//774 490//774
f 1414//774 490//774 1415//774
f 1415//775 490//775 430//775
f 1415//775 430//775 1409//775
f 1416//776 357//776 356//776
f 1416//777 356//777 1417//777
f 1417//778 356//778 485//778
f 1417//779 485//779 1418//779
f 1418//780 485//780 484//780
f 1418//780 484//780 1419//780
f 1419//781 484//781 483//781
f 1419//782 483//782 1420//782
f 1420//783 483//783 482//783
f 1420//784 482//784 1421//784
f 1421//785 482//785 481//785
f 1421//785 481//785 1422//785
f 1422//786 481//786 423//786
f 1422//786 423//786 1423//786
f 1423//787 423//787 422//787
f 1423//788 422//788 1424//788
f 1424//789 422//789 421//789
f 1424//789 421//789 1425//789
f 1425//790 421//790 264//790
f 1425//790 264//790 1410//790
f 1426//791 358//791 355//791
f 1426//791 355//791 1427//791
f 1427//792 355//792 488//792
f 1427//792 488//792 1428//792
f 1428//793 488//793 489//793
f 1428//793 489//793 1429//793
f 1429//794 489//794 487//794
f 1429//794 487//794 1430//794
f 1430//795 487//795 486//795
f 1430//795 486//795 1431//795
f 1431//796 486//796 377//796
f 1431//796 377//796 1432//796
f 1432//797 377//797 376//797
f 1432//797 376//797 1433//797
f 1433//798 376//798 541//798
f 1433//799 541//799 1434//799
f 1434//800 541//800 540//800
f 1434//801 540//801 1435//801
f 1435//802 540//802 357//802
f 1435//803 357//803 1416//803
f 1436//804 363//804 265//804
f 1436//804 265//804 1437//804
f 1437//805 265//805 335//805
f 1437//805 335//805 1438//805
f 1438//806 335//806 379//806
f 1438//806 379//806 1439//806
f 1439//807 379//807 378//807
f 1439//807 378//807 1440//807
f 1440//808 378//808 359//808
f 1440//809 359//809 1441//809
f 1441//810 359//810 358//810
f 1441//810 358//810 1426//810
f 1436//811 1442//811 363//811
f 363//811 1442//811 361//811
f 725//812 67//812 66//812
f 725//812 66//812 1443//812
f 1443//813 66//813 64//813
f 1443//814 64//814 1444//814
f 1444//815 64//815 361//815
f 1444//816 361//816 1442//816
f 1445//817 582//817 658//817
f 1445//818 658//818 1446//818
f 1446//819 658//819 657//819
f 1446//820 657//820 1447//820
f 1447//821 657//821 656//821
f 1447//821 656//821 1448//821
f 1448//822 656//822 575//822
f 1448//823 575//823 1449//823
f 1449//824 575//824 577//824
f 1449//824 577//824 1450//824
f 1450//825 577//825 579//825
f 1450//825 579//825 1451//825
f 1451//826 579//826 581//826
f 1451//826 581//826 720//826
f 1408//827 620//827 619//827
f 1408//827 619//827 1452//827
f 1452//828 619//828 618//828
f 1452//828 618//828 1453//828
f 1453//829 618//829 632//829
f 1453//830 632//830 1454//830
f 1454//831 632//831 631//831
f 1454//832 631//832 1455//832
f 1455//833 631//833 630//833
f 1455//834 630//834 1456//834
f 1456//835 630//835 617//835
f 1456//835 617//835 1457//835
f 1457//836 617//836 616//836
f 1457//837 616//837 1458//837
f 1458//838 616//838 615//838
f 1458//839 615//839 1459//839
f 1459//840 615//840 584//840
f 1459//841 584//841 1460//841
f 1460//842 584//842 583//842
f 1460//842 583//842 1461//842
f 1461//843 583//843 582//843
f 1461//843 582//843 1445//843
f 1409//1 1401//1 1402//1
f 1422//1 1456//1 1421//1
f 1421//1 1456//1 1457//1
f 1421//1 1457//1 1420//1
f 1420//1 1457//1 1458//1
f 1420//1 1458//1 1419//1
f 1419//1 1458//1 1459//1
f 1419//1 1459//1 1418//1
f 1418//1 1459//1 1460//1
f 1418//1 1460//1 1417//1
f 1417//1 1460//1 1461//1
f 1417//1 1461//1 1416//1
f 1461//1 1445//1 1416//1
f 1416//1 1445//1 1446//1
f 1416//1 1446//1 1435//1
f 1435//1 1446//1 1447//1
f 1435//1 1447//1 1434//1
f 1434//1 1447//1 1448//1
f 1434//1 1448//1 1433//1
f 1433//1 1448//1 1449//1
f 1433//1 1449//1 1432//1
f 1432//1 1449//1 1450//1
f 1432//1 1450//1 1431//1
f 1431//1 1450//1 1451//1
f 1431//1 1451//1 1430//1
f 1430//1 1451//1 720//1
f 1430//1 720//1 1429//1
f 1440//1 724//1 1439//1
f 1439//1 724//1 725//1
f 1439//1 725//1 1438//1
f 1438//1 725//1 1443//1
f 1438//1 1443//1 1437//1
f 1437//1 1443//1 1444//1
f 1437//1 1444//1 1436//1
f 1436//1 1444//1 1442//1
f 1409//1 1402//1 1415//1
f 1415//1 1402//1 1403//1
f 1415//1 1403//1 1414//1
f 1414//1 1403//1 1404//1
f 1414//1 1404//1 1413//1
f 1413//1 1404//1 1405//1
f 1413//1 1405//1 1412//1
f 1412//1 1405//1 1406//1
f 1412//1 1406//1 1411//1
f 1411//1 1406//1 1407//1
f 1411//1 1407//1 1410//1
f 1410//1 1407//1 1408//1
f 1410//1 1408//1 1425//1
f 1425//1 1408//1 1452//1
f 1425//1 1452//1 1424//1
f 1424//1 1452//1 1453//1
f 1424//1 1453//1 1423//1
f 1423//1 1453//1 1454//1
f 1423//1 1454//1 1422//1
f 1422//1 1454//1 1455//1
f 1422//1 1455//1 1456//1
f 1440//1 1441//1 724//1
f 724//1 1441//1 1426//1
f 724//1 1426//1 719//1
f 719//1 1426//1 1427//1
f 719//1 1427//1 720//1
f 720//1 1427//1 1428//1
f 720//1 1428//1 1429//1
f 1462//844 668//844 667//844
f 1462//845 667//845 1463//845
f 1463//846 667//846 512//846
f 1463//846 512//846 1464//846
f 1464//847 512//847 511//847
f 1464//848 511//848 1465//848
f 1465//849 511//849 666//849
f 1465//849 666//849 1466//849
f 1466//850 666//850 665//850
f 1466//851 665//851 1467//851
f 1467//852 665//852 664//852
f 1467//852 664//852 1468//852
f 1468//853 664//853 663//853
f 1468//853 663//853 1469//853
f 1469//854 663//854 662//854
f 1469//854 662//854 1470//854
f 1470//855 662//855 661//855
f 1470//855 661//855 1471//855
f 1471//856 661//856 655//856
f 1471//857 655//857 1472//857
f 1473//858 612//858 611//858
f 1473//859 611//859 1474//859
f 1474//860 611//860 610//860
f 1474//860 610//860 1475//860
f 1475//861 610//861 609//861
f 1475//862 609//862 1476//862
f 1476//863 609//863 608//863
f 1476//863 608//863 1477//863
f 1477//864 608//864 607//864
f 1477//865 607//865 1478//865
f 1478//866 607//866 684//866
f 1478//867 684//867 1479//867
f 1479//868 684//868 681//868
f 1479//869 681//869 1480//869
f 1480//870 681//870 679//870
f 1480//870 679//870 1481//870
f 1481//871 679//871 675//871
f 1481//871 675//871 1482//871
f 1482//872 675//872 670//872
f 1482//872 670//872 1483//872
f 1483//873 670//873 668//873
f 1483//874 668//874 1462//874
f 1484//875 401//875 400//875
f 1484//875 400//875 1485//875
f 1485//876 400//876 510//876
f 1485//876 510//876 1486//876
f 1486//877 510//877 509//877
f 1486//877 509//877 1487//877
f 1487//878 509//878 508//878
f 1487//878 508//878 1488//878
f 1488//879 508//879 507//879
f 1488//880 507//880 1489//880
f 1489//881 507//881 506//881
f 1489//882 506//882 1490//882
f 1490//883 506//883 572//883
f 1490//884 572//884 1491//884
f 1491//43 572//43 574//43
f 1491//885 574//885 1492//885
f 1492//886 574//886 614//886
f 1492//886 614//886 1493//886
f 1493//887 614//887 613//887
f 1493//887 613//887 1494//887
f 1494//284 613//284 612//284
f 1494//284 612//284 1473//284
f 1472//888 655//888 654//888
f 1472//888 654//888 1495//888
f 1495//889 654//889 653//889
f 1495//890 653//890 1496//890
f 1496//891 653//891 652//891
f 1496//892 652//892 1497//892
f 1497//893 652//893 651//893
f 1497//893 651//893 1498//893
f 1498//894 651//894 650//894
f 1498//894 650//894 1499//894
f 1499//895 650//895 553//895
f 1499//896 553//896 1500//896
f 1500//897 553//897 354//897
f 1500//897 354//897 1501//897
f 1501//898 354//898 353//898
f 1501//898 353//898 1502//898
f 1502//899 353//899 402//899
f 1502//899 402//899 1503//899
f 1503//669 402//669 401//669
f 1503//900 401//900 1484//900
f 1473//1 1474//1 1495//1
f 1496//1 1497//1 1485//1
f 1497//1 1498//1 1485//1
f 1485//1 1498//1 1499//1
f 1485//1 1499//1 1484//1
f 1488//1 1489//1 1495//1
f 1488//1 1495//1 1487//1
f 1477//1 1478//1 1495//1
f 1495//1 1478//1 1479//1
f 1495//1 1479//1 1480//1
f 1467//1 1468//1 1463//1
f 1489//1 1490//1 1495//1
f 1495//1 1490//1 1491//1
f 1495//1 1491//1 1492//1
f 1474//1 1475//1 1495//1
f 1495//1 1475//1 1476//1
f 1495//1 1476//1 1477//1
f 1480//1 1481//1 1495//1
f 1495//1 1481//1 1482//1
f 1495//1 1482//1 1483//1
f 1499//1 1500//1 1501//1
f 1496//1 1485//1 1495//1
f 1495//1 1485//1 1486//1
f 1495//1 1486//1 1487//1
f 1492//1 1493//1 1495//1
f 1495//1 1493//1 1494//1
f 1495//1 1494//1 1473//1
f 1471//1 1472//1 1463//1
f 1463//1 1472//1 1495//1
f 1463//1 1495//1 1462//1
f 1462//1 1495//1 1483//1
f 1468//1 1469//1 1463//1
f 1463//1 1469//1 1470//1
f 1463//1 1470//1 1471//1
f 1501//1 1502//1 1499//1
f 1499//1 1502//1 1503//1
f 1499//1 1503//1 1484//1
f 1464//1 1465//1 1463//1
f 1463//1 1465//1 1466//1
f 1463//1 1466//1 1467//1
f 454//901 453//901 1504//901
f 1504//901 453//901 714//901
f 1504//902 1505//902 454//902
f 454//902 1505//902 573//902
f 1505//903 717//903 573//903
f 573//903 717//903 576//903
f 717//1 1505//1 715//1
f 715//1 1505//1 1504//1
f 715//1 1504//1 714//1
f 1506//904 1507//904 404//904
f 404//904 1507//904 405//904
f 1507//905 1508//905 405//905
f 405//906 1508//906 554//906
f 1508//907 1509//907 554//907
f 554//908 1509//908 555//908
f 1509//909 1510//909 555//909
f 555//909 1510//909 352//909
f 1510//908 1511//908 352//908
f 352//910 1511//910 455//910
f 1511//911 1512//911 455//911
f 455//911 1512//911 456//911
f 1512//912 710//912 456//912
f 456//912 710//912 457//912
f 397//913 399//913 1513//913
f 1513//913 399//913 711//913
f 1513//914 1514//914 397//914
f 397//915 1514//915 396//915
f 1514//916 1515//916 396//916
f 396//916 1515//916 403//916
f 1515//917 1506//917 403//917
f 403//917 1506//917 404//917
f 1510//1 1509//1 1511//1
f 1511//1 1509//1 1512//1
f 1514//1 1513//1 1515//1
f 1515//1 1513//1 1506//1
f 711//1 710//1 1513//1
f 1513//1 710//1 1512//1
f 1513//1 1512//1 1506//1
f 1506//1 1512//1 1509//1
f 1506//1 1509//1 1507//1
f 1507//1 1509//1 1508//1
f 111//918 113//918 1516//918
f 1516//919 113//919 823//919
f 1516//920 1517//920 111//920
f 111//920 1517//920 336//920
f 1517//921 1518//921 336//921
f 336//921 1518//921 496//921
f 1519//922 547//922 501//922
f 1519//922 501//922 1520//922
f 1520//923 501//923 500//923
f 1520//924 500//924 1521//924
f 1521//925 500//925 499//925
f 1521//925 499//925 1522//925
f 1522//926 499//926 498//926
f 1522//927 498//927 1523//927
f 1523//928 498//928 497//928
f 1523//929 497//929 1524//929
f 1524//930 497//930 496//930
f 1524//930 496//930 1518//930
f 1525//931 349//931 395//931
f 1525//932 395//932 1526//932
f 1526//933 395//933 505//933
f 1526//933 505//933 1527//933
f 1527//934 505//934 504//934
f 1527//935 504//935 1528//935
f 1528//936 504//936 503//936
f 1528//936 503//936 1529//936
f 1529//937 503//937 502//937
f 1529//937 502//937 1530//937
f 1530//938 502//938 552//938
f 1530//938 552//938 1531//938
f 1531//939 552//939 551//939
f 1531//939 551//939 1532//939
f 1532//940 551//940 550//940
f 1532//940 550//940 1533//940
f 1533//941 550//941 549//941
f 1533//941 549//941 1534//941
f 1534//942 549//942 548//942
f 1534//943 548//943 1535//943
f 1535//944 548//944 547//944
f 1535//944 547//944 1519//944
f 1525//945 709//945 349//945
f 349//945 709//945 350//945
f 834//918 829//918 1536//918
f 1536//918 829//918 830//918
f 1537//946 838//946 840//946
f 1537//946 840//946 1538//946
f 1538//947 840//947 835//947
f 1538//947 835//947 1539//947
f 1539//948 835//948 834//948
f 1539//949 834//949 1536//949
f 1540//950 837//950 836//950
f 1540//950 836//950 1541//950
f 1541//951 836//951 854//951
f 1541//951 854//951 1542//951
f 1542//952 854//952 855//952
f 1542//953 855//953 1543//953
f 1543//954 855//954 853//954
f 1543//955 853//955 1544//955
f 1544//956 853//956 852//956
f 1544//957 852//957 1545//957
f 1545//958 852//958 851//958
f 1545//958 851//958 1546//958
f 1546//959 851//959 850//959
f 1546//959 850//959 1547//959
f 1547//960 850//960 849//960
f 1547//960 849//960 1548//960
f 1548//961 849//961 838//961
f 1548//961 838//961 1537//961
f 1549//962 846//962 845//962
f 1549//963 845//963 1550//963
f 1550//964 845//964 844//964
f 1550//964 844//964 1551//964
f 1551//965 844//965 843//965
f 1551//965 843//965 1552//965
f 1552//966 843//966 842//966
f 1552//967 842//967 1553//967
f 1553//968 842//968 841//968
f 1553//969 841//969 1554//969
f 1554//970 841//970 848//970
f 1554//971 848//971 1555//971
f 1555//972 848//972 839//972
f 1555//972 839//972 1556//972
f 1556//973 839//973 837//973
f 1556//974 837//974 1540//974
f 1557//975 832//975 833//975
f 1557//976 833//976 1558//976
f 1558//977 833//977 847//977
f 1558//977 847//977 1559//977
f 1559//978 847//978 846//978
f 1559//978 846//978 1549//978
f 1557//979 708//979 832//979
f 832//979 708//979 707//979
f 1518//1 1517//1 1516//1
f 1516//1 823//1 1518//1
f 1518//1 823//1 1559//1
f 1518//1 1559//1 1549//1
f 708//1 1557//1 823//1
f 823//1 1557//1 1558//1
f 823//1 1558//1 1559//1
f 1535//1 1542//1 1534//1
f 1534//1 1542//1 1543//1
f 1528//1 1529//1 1547//1
f 1549//1 1550//1 1518//1
f 1518//1 1550//1 1551//1
f 1518//1 1551//1 1524//1
f 1524//1 1551//1 1552//1
f 1524//1 1552//1 1523//1
f 1523//1 1552//1 1553//1
f 1523//1 1553//1 1522//1
f 1522//1 1553//1 1554//1
f 1522//1 1554//1 1521//1
f 1521//1 1554//1 1555//1
f 1521//1 1555//1 1520//1
f 1520//1 1555//1 1556//1
f 1520//1 1556//1 1519//1
f 1519//1 1556//1 1540//1
f 1519//1 1540//1 1535//1
f 1535//1 1540//1 1541//1
f 1535//1 1541//1 1542//1
f 1547//1 1529//1 1546//1
f 1546//1 1529//1 1530//1
f 1546//1 1530//1 1545//1
f 1545//1 1530//1 1531//1
f 1545//1 1531//1 1544//1
f 1544//1 1531//1 1532//1
f 1544//1 1532//1 1543//1
f 1543//1 1532//1 1533//1
f 1543//1 1533//1 1534//1
f 830//1 709//1 1536//1
f 1536//1 709//1 1525//1
f 1536//1 1525//1 1539//1
f 1539//1 1525//1 1526//1
f 1539//1 1526//1 1538//1
f 1538//1 1526//1 1527//1
f 1538//1 1527//1 1537//1
f 1537//1 1527//1 1528//1
f 1537//1 1528//1 1548//1
f 1548//1 1528//1 1547//1
f 1560//980 176//980 219//980
f 1560//980 219//980 1561//980
f 1561//981 219//981 441//981
f 1561//981 441//981 1562//981
f 1562//982 441//982 440//982
f 1562//982 440//982 1563//982
f 1563//983 440//983 391//983
f 1563//983 391//983 1564//983
f 1564//984 391//984 390//984
f 1564//984 390//984 1565//984
f 1565//985 390//985 389//985
f 1565//985 389//985 1566//985
f 1566//986 389//986 340//986
f 1566//987 340//987 1567//987
f 1560//988 1568//988 176//988
f 176//988 1568//988 112//988
f 705//989 119//989 118//989
f 705//990 118//990 1569//990
f 1569//991 118//991 116//991
f 1569//991 116//991 1570//991
f 1570//992 116//992 114//992
f 1570//992 114//992 1571//992
f 1571//993 114//993 112//993
f 1571//993 112//993 1568//993
f 1572//994 447//994 446//994
f 1572//994 446//994 1573//994
f 1573//995 446//995 444//995
f 1573//995 444//995 1574//995
f 1574//996 444//996 443//996
f 1574//997 443//997 1575//997
f 1575//998 443//998 394//998
f 1575//999 394//999 1576//999
f 1576//234 394//234 449//234
f 1576//234 449//234 1577//234
f 1577//1000 449//1000 448//1000
f 1577//1000 448//1000 700//1000
f 1578//1001 566//1001 603//1001
f 1578//1001 603//1001 1579//1001
f 1579//1002 603//1002 602//1002
f 1579//1002 602//1002 1580//1002
f 1580//1003 602//1003 601//1003
f 1580//1003 601//1003 1581//1003
f 1581//1004 601//1004 447//1004
f 1581//1005 447//1005 1572//1005
f 1582//1006 625//1006 643//1006
f 1582//1007 643//1007 1583//1007
f 1583//1008 643//1008 642//1008
f 1583//1009 642//1009 1584//1009
f 1584//1010 642//1010 641//1010
f 1584//1011 641//1011 1585//1011
f 1585//1012 641//1012 543//1012
f 1585//1012 543//1012 1586//1012
f 1586//1013 543//1013 542//1013
f 1586//1013 542//1013 1587//1013
f 1587//1014 542//1014 566//1014
f 1587//1014 566//1014 1578//1014
f 1588//1015 629//1015 628//1015
f 1588//1016 628//1016 1589//1016
f 1589//1017 628//1017 568//1017
f 1589//1018 568//1018 1590//1018
f 1590//1019 568//1019 567//1019
f 1590//1019 567//1019 1591//1019
f 1591//1020 567//1020 627//1020
f 1591//1020 627//1020 1592//1020
f 1592//1021 627//1021 626//1021
f 1592//1021 626//1021 1593//1021
f 1593//1022 626//1022 625//1022
f 1593//1023 625//1023 1582//1023
f 1594//1024 177//1024 569//1024
f 1594//1024 569//1024 1595//1024
f 1595//1025 569//1025 546//1025
f 1595//1025 546//1025 1596//1025
f 1596//1026 546//1026 545//1026
f 1596//1026 545//1026 1597//1026
f 1597//1027 545//1027 544//1027
f 1597//1027 544//1027 1598//1027
f 1598//1028 544//1028 629//1028
f 1598//1029 629//1029 1588//1029
f 1594//1030 1599//1030 177//1030
f 177//1030 1599//1030 178//1030
f 1567//1031 340//1031 339//1031
f 1567//1031 339//1031 1600//1031
f 1600//1032 339//1032 338//1032
f 1600//1032 338//1032 1601//1032
f 1601//1033 338//1033 337//1033
f 1601//1033 337//1033 1602//1033
f 1602//1034 337//1034 495//1034
f 1602//1034 495//1034 1603//1034
f 1603//1035 495//1035 494//1035
f 1603//1036 494//1036 1604//1036
f 1604//1037 494//1037 493//1037
f 1604//1037 493//1037 1605//1037
f 1605//1038 493//1038 388//1038
f 1605//1038 388//1038 1606//1038
f 1606//1039 388//1039 387//1039
f 1606//1039 387//1039 1607//1039
f 1607//1040 387//1040 386//1040
f 1607//1040 386//1040 1608//1040
f 1608//1041 386//1041 178//1041
f 1608//1041 178//1041 1599//1041
f 1594//1 1609//1 1599//1
f 1599//1 1609//1 1610//1
f 1599//1 1610//1 1573//1
f 1611//1 1581//1 1610//1
f 1610//1 1581//1 1572//1
f 1610//1 1572//1 1573//1
f 1568//1 1560//1 1571//1
f 1571//1 1560//1 1561//1
f 1571//1 1561//1 1570//1
f 1570//1 1561//1 1562//1
f 1570//1 1562//1 1569//1
f 1569//1 1562//1 1563//1
f 1569//1 1563//1 705//1
f 1563//1 1564//1 705//1
f 705//1 1564//1 1565//1
f 705//1 1565//1 704//1
f 699//1 1601//1 1602//1
f 699//1 1602//1 700//1
f 700//1 1602//1 1603//1
f 700//1 1603//1 1577//1
f 1577//1 1603//1 1604//1
f 1577//1 1604//1 1576//1
f 1576//1 1604//1 1605//1
f 1576//1 1605//1 1575//1
f 1575//1 1605//1 1606//1
f 1575//1 1606//1 1574//1
f 1574//1 1606//1 1607//1
f 1574//1 1607//1 1573//1
f 1573//1 1607//1 1608//1
f 1573//1 1608//1 1599//1
f 1594//1 1595//1 1609//1
f 1609//1 1595//1 1596//1
f 1609//1 1596//1 1612//1
f 1612//1 1596//1 1597//1
f 1612//1 1597//1 1613//1
f 1613//1 1597//1 1598//1
f 1613//1 1598//1 1614//1
f 1614//1 1598//1 1588//1
f 1614//1 1588//1 1615//1
f 1615//1 1588//1 1589//1
f 1615//1 1589//1 1616//1
f 1616//1 1589//1 1590//1
f 1616//1 1590//1 1617//1
f 1617//1 1590//1 1591//1
f 1617//1 1591//1 1618//1
f 1618//1 1591//1 1592//1
f 1618//1 1592//1 1619//1
f 1619//1 1592//1 1593//1
f 1619//1 1593//1 1620//1
f 1620//1 1593//1 1582//1
f 1620//1 1582//1 1621//1
f 1621//1 1582//1 1583//1
f 1621//1 1583//1 1622//1
f 1622//1 1583//1 1584//1
f 1622//1 1584//1 1623//1
f 1623//1 1584//1 1585//1
f 1623//1 1585//1 1624//1
f 1624//1 1585//1 1586//1
f 1624//1 1586//1 1625//1
f 1625//1 1586//1 1587//1
f 1625//1 1587//1 1626//1
f 1626//1 1587//1 1578//1
f 1626//1 1578//1 1627//1
f 1627//1 1578//1 1579//1
f 1627//1 1579//1 1611//1
f 1611//1 1579//1 1580//1
f 1611//1 1580//1 1581//1
f 1565//1 1566//1 704//1
f 704//1 1566//1 1567//1
f 704//1 1567//1 699//1
f 699//1 1567//1 1600//1
f 699//1 1600//1 1601//1
f 1610//1042 1609//1042 1628//1042
f 1628//1042 1609//1042 1629//1042
f 1610//1043 1628//1043 1630//1043
f 1610//1044 1630//1044 1611//1044
f 1611//1045 1630//1045 1631//1045
f 1611//1045 1631//1045 1627//1045
f 1627//1046 1631//1046 1632//1046
f 1627//1046 1632//1046 1626//1046
f 1626//1047 1632//1047 1633//1047
f 1626//1048 1633//1048 1625//1048
f 1625//1049 1633//1049 1634//1049
f 1625//1049 1634//1049 1624//1049
f 1624//1050 1634//1050 1635//1050
f 1624//1050 1635//1050 1623//1050
f 1623//1051 1635//1051 1636//1051
f 1623//1052 1636//1052 1622//1052
f 1622//1053 1636//1053 1637//1053
f 1622//1053 1637//1053 1621//1053
f 1621//1054 1637//1054 1638//1054
f 1621//1055 1638//1055 1620//1055
f 1620//1056 1638//1056 1639//1056
f 1620//1056 1639//1056 1619//1056
f 1619//1057 1639//1057 1640//1057
f 1619//1057 1640//1057 1618//1057
f 1618//1058 1640//1058 1641//1058
f 1618//1058 1641//1058 1617//1058
f 1617//1059 1641//1059 1642//1059
f 1617//1059 1642//1059 1616//1059
f 1616//1060 1642//1060 1643//1060
f 1616//1060 1643//1060 1615//1060
f 1615//1061 1643//1061 1644//1061
f 1615//1061 1644//1061 1614//1061
f 1614//1062 1644//1062 1645//1062
f 1614//1062 1645//1062 1613//1062
f 1613//1063 1645//1063 1646//1063
f 1613//1063 1646//1063 1612//1063
f 1612//1064 1646//1064 1629//1064
f 1612//1064 1629//1064 1609//1064
f 1635//1 1634//1 1646//1
f 1632//1 1631//1 1629//1
f 1629//1 1631//1 1630//1
f 1629//1 1630//1 1628//1
f 1646//1 1639//1 1638//1
f 1646//1 1634//1 1629//1
f 1629//1 1634//1 1633//1
f 1629//1 1633//1 1632//1
f 1645//1 1641//1 1646//1
f 1646//1 1641//1 1640//1
f 1646//1 1640//1 1639//1
f 1638//1 1637//1 1646//1
f 1646//1 1637//1 1636//1
f 1646//1 1636//1 1635//1
f 1645//1 1644//1 1641//1
f 1641//1 1644//1 1643//1
f 1641//1 1643//1 1642//1
f 101//1065 56//1065 1647//1065
f 1647//1065 56//1065 693//1065
f 1647//1066 1648//1066 101//1066
f 101//1066 1648//1066 39//1066
f 1648//1067 1649//1067 39//1067
f 39//1067 1649//1067 104//1067
f 1650//1068 106//1068 105//1068
f 1650//1068 105//1068 1651//1068
f 1651//1069 105//1069 323//1069
f 1651//1070 323//1070 1652//1070
f 1652//1071 323//1071 322//1071
f 1652//1072 322//1072 1653//1072
f 1653//1073 322//1073 321//1073
f 1653//1074 321//1074 1654//1074
f 1654//1075 321//1075 102//1075
f 1654//1076 102//1076 1655//1076
f 1655//1077 102//1077 103//1077
f 1655//1077 103//1077 1656//1077
f 1656//1078 103//1078 104//1078
f 1656//1078 104//1078 1649//1078
f 1657//1079 43//1079 42//1079
f 1657//1079 42//1079 1658//1079
f 1658//1080 42//1080 107//1080
f 1658//1081 107//1081 1659//1081
f 1659//1082 107//1082 106//1082
f 1659//1082 106//1082 1650//1082
f 1657//1083 1660//1083 43//1083
f 43//1083 1660//1083 445//1083
f 1661//1084 646//1084 645//1084
f 1661//1085 645//1085 1662//1085
f 1662//1086 645//1086 644//1086
f 1662//1086 644//1086 1663//1086
f 1663//1087 644//1087 445//1087
f 1663//1088 445//1088 1660//1088
f 1664//1089 649//1089 648//1089
f 1664//1089 648//1089 1665//1089
f 1665//1090 648//1090 647//1090
f 1665//1091 647//1091 1666//1091
f 1666//1092 647//1092 606//1092
f 1666//1092 606//1092 1667//1092
f 1667//1093 606//1093 605//1093
f 1667//1094 605//1094 1668//1094
f 1668//1095 605//1095 604//1095
f 1668//1095 604//1095 1669//1095
f 1669//1096 604//1096 660//1096
f 1669//1097 660//1097 1670//1097
f 1670//1098 660//1098 659//1098
f 1670//1098 659//1098 1671//1098
f 1671//1099 659//1099 646//1099
f 1671//1100 646//1100 1661//1100
f 1672//1101 393//1101 392//1101
f 1672//1101 392//1101 1673//1101
f 1673//1102 392//1102 570//1102
f 1673//1102 570//1102 1674//1102
f 1674//1103 570//1103 649//1103
f 1674//1103 649//1103 1664//1103
f 1672//1104 697//1104 393//1104
f 393//1104 697//1104 452//1104
f 1648//1 1647//1 1649//1
f 1649//1 1647//1 693//1
f 1660//1 1657//1 1658//1
f 1660//1 1658//1 1663//1
f 1663//1 1658//1 1659//1
f 1663//1 1659//1 1662//1
f 1662//1 1659//1 1650//1
f 1662//1 1650//1 1661//1
f 1664//1 1649//1 1674//1
f 1674//1 1649//1 693//1
f 1674//1 693//1 1673//1
f 1673//1 693//1 695//1
f 1673//1 695//1 1672//1
f 1672//1 695//1 697//1
f 1664//1 1665//1 1649//1
f 1649//1 1665//1 1666//1
f 1649//1 1666//1 1656//1
f 1650//1 1651//1 1661//1
f 1661//1 1651//1 1652//1
f 1661//1 1652//1 1671//1
f 1671//1 1652//1 1653//1
f 1671//1 1653//1 1670//1
f 1670//1 1653//1 1654//1
f 1670//1 1654//1 1669//1
f 1669//1 1654//1 1655//1
f 1669//1 1655//1 1668//1
f 1668//1 1655//1 1656//1
f 1668//1 1656//1 1667//1
f 1667//1 1656//1 1666//1
f 207//1105 206//1105 1675//1105
f 1675//1105 206//1105 779//1105
f 1675//1106 1676//1106 207//1106
f 207//1106 1676//1106 330//1106
f 1677//1107 252//1107 251//1107
f 1677//1108 251//1108 1678//1108
f 1678//1109 251//1109 250//1109
f 1678//1109 250//1109 1679//1109
f 1679//1110 250//1110 330//1110
f 1679//1110 330//1110 1676//1110
f 1680//1111 331//1111 301//1111
f 1680//1111 301//1111 1681//1111
f 1681//1112 301//1112 300//1112
f 1681//1113 300//1113 1682//1113
f 1682//1114 300//1114 299//1114
f 1682//1114 299//1114 1683//1114
f 1683//1115 299//1115 298//1115
f 1683//1115 298//1115 1684//1115
f 1684//1116 298//1116 297//1116
f 1684//1117 297//1117 1685//1117
f 1685//1118 297//1118 296//1118
f 1685//1118 296//1118 1686//1118
f 1686//1119 296//1119 295//1119
f 1686//1120 295//1120 1687//1120
f 1687//1121 295//1121 253//1121
f 1687//1122 253//1122 1688//1122
f 1688//1123 253//1123 252//1123
f 1688//1124 252//1124 1677//1124
f 1689//1125 95//1125 94//1125
f 1689//1126 94//1126 1690//1126
f 1690//1127 94//1127 57//1127
f 1690//1127 57//1127 1691//1127
f 1691//1128 57//1128 167//1128
f 1691//1128 167//1128 1692//1128
f 1692//1129 167//1129 166//1129
f 1692//1130 166//1130 1693//1130
f 1693//1131 166//1131 165//1131
f 1693//1131 165//1131 1694//1131
f 1694//1132 165//1132 208//1132
f 1694//1132 208//1132 1695//1132
f 1695//1133 208//1133 209//1133
f 1695//1133 209//1133 1696//1133
f 1696//1134 209//1134 332//1134
f 1696//1134 332//1134 1697//1134
f 1697//1135 332//1135 331//1135
f 1697//1136 331//1136 1680//1136
f 1698//1137 212//1137 213//1137
f 1698//1137 213//1137 1699//1137
f 1699//1138 213//1138 97//1138
f 1699//1138 97//1138 1700//1138
f 1700//1139 97//1139 95//1139
f 1700//1140 95//1140 1689//1140
f 1698//1141 1701//1141 212//1141
f 212//1142 1701//1142 210//1142
f 1701//1143 783//1143 210//1143
f 210//1143 783//1143 211//1143
f 781//1 783//1 1701//1
f 1702//1 1703//1 1691//1
f 1704//1 1678//1 1705//1
f 1705//1 1678//1 1679//1
f 1705//1 1679//1 1706//1
f 1706//1 1679//1 1676//1
f 1706//1 1676//1 1707//1
f 1707//1 1676//1 1675//1
f 1707//1 1675//1 1708//1
f 1691//1 1703//1 1690//1
f 1690//1 1703//1 1709//1
f 1690//1 1709//1 1689//1
f 1691//1 1692//1 1702//1
f 1702//1 1692//1 1693//1
f 1702//1 1693//1 1710//1
f 1710//1 1693//1 1694//1
f 1710//1 1694//1 1711//1
f 1711//1 1694//1 1695//1
f 1711//1 1695//1 1712//1
f 1712//1 1695//1 1696//1
f 1712//1 1696//1 1713//1
f 1713//1 1696//1 1697//1
f 1713//1 1697//1 1714//1
f 1714//1 1697//1 1680//1
f 1714//1 1680//1 1715//1
f 1715//1 1680//1 1681//1
f 1715//1 1681//1 1716//1
f 1716//1 1681//1 1682//1
f 1716//1 1682//1 1717//1
f 1717//1 1682//1 1683//1
f 1717//1 1683//1 1718//1
f 1718//1 1683//1 1684//1
f 1718//1 1684//1 1719//1
f 1719//1 1684//1 1685//1
f 1719//1 1685//1 1720//1
f 1720//1 1685//1 1686//1
f 1720//1 1686//1 1721//1
f 1721//1 1686//1 1687//1
f 1721//1 1687//1 1722//1
f 1722//1 1687//1 1688//1
f 1722//1 1688//1 1704//1
f 1704//1 1688//1 1677//1
f 1704//1 1677//1 1678//1
f 1709//1 1723//1 1689//1
f 1689//1 1723//1 1724//1
f 1689//1 1724//1 1700//1
f 1700//1 1724//1 1725//1
f 1700//1 1725//1 1699//1
f 1699//1 1725//1 1726//1
f 1699//1 1726//1 1698//1
f 1698//1 1726//1 1708//1
f 1698//1 1708//1 1701//1
f 1701//1 1708//1 1675//1
f 1701//1 1675//1 781//1
f 781//1 1675//1 779//1
f 1706//1144 1707//1144 1727//1144
f 1727//1144 1707//1144 1728//1144
f 1706//1145 1727//1145 1729//1145
f 1706//1146 1729//1146 1705//1146
f 1705//1147 1729//1147 1730//1147
f 1705//1148 1730//1148 1704//1148
f 1704//1149 1730//1149 1731//1149
f 1704//1149 1731//1149 1722//1149
f 1722//1150 1731//1150 1732//1150
f 1722//1150 1732//1150 1721//1150
f 1721//1151 1732//1151 1733//1151
f 1721//1151 1733//1151 1720//1151
f 1720//1152 1733//1152 1734//1152
f 1720//1152 1734//1152 1719//1152
f 1719//1153 1734//1153 1735//1153
f 1719//1154 1735//1154 1718//1154
f 1718//1155 1735//1155 1736//1155
f 1718//1156 1736//1156 1717//1156
f 1717//1157 1736//1157 1737//1157
f 1717//1157 1737//1157 1716//1157
f 1716//1158 1737//1158 1738//1158
f 1716//1158 1738//1158 1715//1158
f 1715//1159 1738//1159 1739//1159
f 1715//1159 1739//1159 1714//1159
f 1714//1160 1739//1160 1740//1160
f 1714//1160 1740//1160 1713//1160
f 1713//1161 1740//1161 1741//1161
f 1713//1162 1741//1162 1712//1162
f 1712//1163 1741//1163 1742//1163
f 1712//1163 1742//1163 1711//1163
f 1711//1164 1742//1164 1743//1164
f 1711//1164 1743//1164 1710//1164
f 1710//1165 1743//1165 1744//1165
f 1710//1166 1744//1166 1702//1166
f 1702//1167 1744//1167 1745//1167
f 1702//1168 1745//1168 1703//1168
f 1703//1169 1745//1169 1746//1169
f 1703//1169 1746//1169 1709//1169
f 1709//1170 1746//1170 1747//1170
f 1709//1171 1747//1171 1723//1171
f 1723//1172 1747//1172 1748//1172
f 1723//1173 1748//1173 1724//1173
f 1724//1174 1748//1174 1749//1174
f 1724//1175 1749//1175 1725//1175
f 1725//1176 1749//1176 1750//1176
f 1725//1176 1750//1176 1726//1176
f 1708//1177 1726//1177 1751//1177
f 1751//1177 1726//1177 1750//1177
f 1707//1143 1708//1143 1728//1143
f 1728//1143 1708//1143 1751//1143
f 1727//1 1728//1 1751//1
f 1751//1 1750//1 1727//1
f 1727//1 1750//1 1749//1
f 1727//1 1749//1 1729//1
f 1729//1 1749//1 1730//1
f 1737//1 1736//1 1748//1
f 1748//1 1736//1 1735//1
f 1748//1 1735//1 1749//1
f 1749//1 1735//1 1734//1
f 1749//1 1734//1 1733//1
f 1740//1 1739//1 1747//1
f 1733//1 1732//1 1749//1
f 1749//1 1732//1 1731//1
f 1749//1 1731//1 1730//1
f 1747//1 1739//1 1748//1
f 1748//1 1739//1 1738//1
f 1748//1 1738//1 1737//1
f 1743//1 1742//1 1747//1
f 1747//1 1742//1 1741//1
f 1747//1 1741//1 1740//1
f 1743//1 1747//1 1744//1
f 1744//1 1747//1 1746//1
f 1744//1 1746//1 1745//1
o disc_rim
v -7.692738 115.927994 1.648718
v -7.692738 70.486214 1.869239
v 3.116328 114.863388 1.648944
v -5.748938 70.294762 1.869279
v 13.510008 111.710503 1.649611
v -3.879826 69.727768 1.869399
v 23.088877 106.590492 1.650696
v -2.157254 68.807030 1.869594
v 31.484825 99.700119 1.652155
v -0.647405 67.567932 1.869857
v 38.375202 91.304169 1.653933
v 0.591697 66.058083 1.870177
v 43.495213 81.725296 1.655962
v 1.512432 64.335510 1.870541
v 46.648102 71.331619 1.658163
v 2.079424 62.466396 1.870937
v 47.712704 60.522552 1.660452
v 2.270876 60.522598 1.871349
v 46.648102 49.713486 1.662742
v 2.079424 58.578796 1.871761
v 43.495213 39.319809 1.664943
v 1.512432 56.709686 1.872157
v 38.375202 29.740938 1.666972
v 0.591697 54.987114 1.872521
v 31.484825 21.344990 1.668750
v -0.647405 53.477264 1.872841
v 23.088877 14.454613 1.670209
v -2.157254 52.238163 1.873103
v 13.510008 9.334602 1.671294
v -3.879826 51.317429 1.873299
v 3.116328 6.181713 1.671961
v -5.748938 50.750435 1.873419
v -7.692738 5.117111 1.672187
v -7.692738 50.558983 1.873459
v -18.501804 6.181713 1.671961
v -9.636539 50.750435 1.873419
v -28.895483 9.334602 1.671294
v -11.505650 51.317429 1.873299
v -38.474354 14.454613 1.670209
v -13.228222 52.238163 1.873103
v -46.870300 21.344990 1.668750
v -14.738071 53.477264 1.872841
v -53.760677 29.740938 1.666972
v -15.977173 54.987114 1.872521
v -58.880688 39.319809 1.664943
v -16.897907 56.709686 1.872157
v -62.033577 49.713486 1.662742
v -17.464901 58.578796 1.871761
v -63.098179 60.522552 1.660452
v -17.656353 60.522598 1.871349
v -62.033577 71.331619 1.658163
v -17.464901 62.466396 1.870937
v -58.880688 81.725296 1.655962
v -16.897907 64.335510 1.870541
v -53.760677 91.304169 1.653933
v -15.977173 66.058083 1.870177
v -46.870300 99.700119 1.652155
v -14.738071 67.567932 1.869857
v -38.474354 106.590492 1.650696
v -13.228222 68.807030 1.869594
v -28.895483 111.710503 1.649611
v -11.505650 69.727768 1.869399
v -18.501804 114.863388 1.648944
v -9.636539 70.294762 1.869279
v 3.116328 114.863434 1.859840
v -7.692738 115.928040 1.859615
v 13.510008 111.710548 1.860508
v 23.088877 106.590538 1.861592
v 31.484825 99.700165 1.863052
v 38.375202 91.304214 1.864830
v 43.495213 81.725342 1.866858
v 46.648102 71.331665 1.869060
v 47.712704 60.522598 1.871349
v 46.648102 49.713531 1.873638
v 43.495213 39.319855 1.875839
v 38.375202 29.740984 1.877868
v 31.484825 21.345036 1.879646
v 23.088877 14.454659 1.881106
v 13.510008 9.334648 1.882190
v 3.116328 6.181759 1.882858
v -7.692738 5.117157 1.883083
v -18.501804 6.181759 1.882858
v -28.895483 9.334648 1.882190
v -38.474354 14.454659 1.881106
v -46.870300 21.345036 1.879646
v -53.760677 29.740984 1.877868
v -58.880688 39.319855 1.875839
v -62.033577 49.713531 1.873638
v -63.098179 60.522598 1.871349
v -62.033577 71.331665 1.869060
v -58.880688 81.725342 1.866858
v -53.760677 91.304214 1.864830
v -46.870300 99.700165 1.863052
v -38.474354 106.590538 1.861592
v -28.895483 111.710548 1.860508
v -18.501804 114.863434 1.859840
vn 0.0980 0.9952 -0.0002
vn 0.2903 0.9569 -0.0002
vn 0.4714 0.8819 -0.0002
vn 0.6344 0.7730 -0.0002
vn 0.7730 0.6344 -0.0001
vn 0.8819 0.4714 -0.0001
vn 0.9569 0.2903 -0.0001
vn 0.9952 0.0980 -0.0000
vn 0.9952 -0.0980 -0.0000
vn 0.9569 -0.2903 0.0001
vn 0.8819 -0.4714 0.0001
vn 0.7730 -0.6344 0.0001
vn 0.6344 -0.7730 0.0002
vn 0.4714 -0.8819 0.0002
vn 0.2903 -0.9569 0.0002
vn 0.0980 -0.9952 0.0002
vn -0.0980 -0.9952 0.0002
vn -0.2903 -0.9569 0.0002
vn -0.4714 -0.8819 0.0002
vn -0.6344 -0.7730 0.0002
vn -0.7730 -0.6344 0.0001
vn -0.8819 -0.4714 0.0001
vn -0.9569 -0.2903 0.0001
vn -0.9952 -0.0980 -0.0000
vn -0.9952 0.0980 -0.0000
vn -0.9569 0.2903 -0.0001
vn -0.8819 0.4714 -0.0001
vn -0.7730 0.6344 -0.0001
vn -0.6344 0.7730 -0.0002
vn -0.4714 0.8819 -0.0002
vn -0.2903 0.9569 -0.0002
vn -0.0980 0.9952 -0.0002
vn -0.0000 0.0002 1.0000
vt 1.000000 0.500000
vt 1.000000 1.000000
vt 0.968750 1.000000
vt 0.968750 0.500000
vt 0.937500 1.000000
vt 0.937500 0.500000
vt 0.906250 1.000000
vt 0.906250 0.500000
vt 0.875000 1.000000
vt 0.875000 0.500000
vt 0.843750 1.000000
vt 0.843750 0.500000
vt 0.812500 1.000000
vt 0.812500 0.500000
vt 0.781250 1.000000
vt 0.781250 0.500000
vt 0.750000 1.000000
vt 0.750000 0.500000
vt 0.718750 1.000000
vt 0.718750 0.500000
vt 0.687500 1.000000
vt 0.687500 0.500000
vt 0.656250 1.000000
vt 0.656250 0.500000
vt 0.625000 1.000000
vt 0.625000 0.500000
vt 0.593750 1.000000
vt 0.593750 0.500000
vt 0.562500 1.000000
vt 0.562500 0.500000
vt 0.531250 1.000000
vt 0.531250 0.500000
vt 0.500000 1.000000
vt 0.500000 0.500000
vt 0.468750 1.000000
vt 0.468750 0.500000
vt 0.437500 1.000000
vt 0.437500 0.500000
vt 0.406250 1.000000
vt 0.406250 0.500000
vt 0.375000 1.000000
vt 0.375000 0.500000
vt 0.343750 1.000000
vt 0.343750 0.500000
vt 0.312500 1.000000
vt 0.312500 0.500000
vt 0.281250 1.000000
vt 0.281250 0.500000
vt 0.250000 1.000000
vt 0.250000 0.500000
vt 0.218750 1.000000
vt 0.218750 0.500000
vt 0.187500 1.000000
vt 0.187500 0.500000
vt 0.156250 1.000000
vt 0.156250 0.500000
vt 0.125000 1.000000
vt 0.125000 0.500000
vt 0.093750 1.000000
vt 0.093750 0.500000
vt 0.062500 1.000000
vt 0.062500 0.500000
vt 0.031250 1.000000
vt 0.031250 0.500000
vt 0.000000 1.000000
vt 0.000000 0.500000
vt 0.250000 0.293159
vt 0.258420 0.292330
vt 0.296822 0.485388
vt 0.250000 0.490000
vt 0.266516 0.289874
vt 0.341844 0.471731
vt 0.273978 0.285886
vt 0.383337 0.449553
vt 0.280518 0.280518
vt 0.419706 0.419706
vt 0.285886 0.273978
vt 0.449553 0.383337
vt 0.289874 0.266516
vt 0.471731 0.341844
vt 0.292330 0.258420
vt 0.485388 0.296822
vt 0.293159 0.250000
vt 0.490000 0.250000
vt 0.292330 0.241580
vt 0.485388 0.203178
vt 0.289874 0.233484
vt 0.471731 0.158156
vt 0.285886 0.226022
vt 0.449553 0.116663
vt 0.280518 0.219482
vt 0.419706 0.080294
vt 0.273978 0.214114
vt 0.383337 0.050447
vt 0.266516 0.210126
vt 0.341844 0.028269
vt 0.258420 0.207670
vt 0.296822 0.014612
vt 0.250000 0.206841
vt 0.250000 0.010000
vt 0.241580 0.207670
vt 0.203178 0.014612
vt 0.233484 0.210126
vt 0.158156 0.028269
vt 0.226022 0.214114
vt 0.116663 0.050447
vt 0.219482 0.219482
vt 0.080294 0.080294
vt 0.214114 0.226022
vt 0.050447 0.116663
vt 0.210126 0.233484
vt 0.028269 0.158156
vt 0.207670 0.241580
vt 0.014612 0.203178
vt 0.206841 0.250000
vt 0.010000 0.250000
vt 0.207670 0.258420
vt 0.014612 0.296822
vt 0.210126 0.266516
vt 0.028269 0.341844
vt 0.214114 0.273978
vt 0.050447 0.383337
vt 0.219482 0.280518
vt 0.080294 0.419706
vt 0.226022 0.285886
vt 0.116663 0.449553
vt 0.233484 0.289874
vt 0.158156 0.471731
vt 0.241580 0.292330
vt 0.203178 0.485388
s 0
f 1752/1/1178 1817/2/1178 1816/3/1178 1754/4/1178
f 1754/4/1179 1816/3/1179 1818/5/1179 1756/6/1179
f 1756/6/1180 1818/5/1180 1819/7/1180 1758/8/1180
f 1758/8/1181 1819/7/1181 1820/9/1181 1760/10/1181
f 1760/10/1182 1820/9/1182 1821/11/1182 1762/12/1182
f 1762/12/1183 1821/11/1183 1822/13/1183 1764/14/1183
f 1764/14/1184 1822/13/1184 1823/15/1184 1766/16/1184
f 1766/16/1185 1823/15/1185 1824/17/1185 1768/18/1185
f 1768/18/1186 1824/17/1186 1825/19/1186 1770/20/1186
f 1770/20/1187 1825/19/1187 1826/21/1187 1772/22/1187
f 1772/22/1188 1826/21/1188 1827/23/1188 1774/24/1188
f 1774/24/1189 1827/23/1189 1828/25/1189 1776/26/1189
f 1776/26/1190 1828/25/1190 1829/27/1190 1778/28/1190
f 1778/28/1191 1829/27/1191 1830/29/1191 1780/30/1191
f 1780/30/1192 1830/29/1192 1831/31/1192 1782/32/1192
f 1782/32/1193 1831/31/1193 1832/33/1193 1784/34/1193
f 1784/34/1194 1832/33/1194 1833/35/1194 1786/36/1194
f 1786/36/1195 1833/35/1195 1834/37/1195 1788/38/1195
f 1788/38/1196 1834/37/1196 1835/39/1196 1790/40/1196
f 1790/40/1197 1835/39/1197 1836/41/1197 1792/42/1197
f 1792/42/1198 1836/41/1198 1837/43/1198 1794/44/1198
f 1794/44/1199 1837/43/1199 1838/45/1199 1796/46/1199
f 1796/46/1200 1838/45/1200 1839/47/1200 1798/48/1200
f 1798/48/1201 1839/47/1201 1840/49/1201 1800/50/1201
f 1800/50/1202 1840/49/1202 1841/51/1202 1802/52/1202
f 1802/52/1203 1841/51/1203 1842/53/1203 1804/54/1203
f 1804/54/1204 1842/53/1204 1843/55/1204 1806/56/1204
f 1806/56/1205 1843/55/1205 1844/57/1205 1808/58/1205
f 1808/58/1206 1844/57/1206 1845/59/1206 1810/60/1206
f 1810/60/1207 1845/59/1207 1846/61/1207 1812/62/1207
f 1812/62/1208 1846/61/1208 1847/63/1208 1814/64/1208
f 1814/64/1209 1847/63/1209 1817/65/1209 1752/66/1209
f 1753/67/1210 1755/68/1210 1816/69/1210 1817/70/1210
f 1755/68/1210 1757/71/1210 1818/72/1210 1816/69/1210
f 1757/71/1210 1759/73/1210 1819/74/1210 1818/72/1210
f 1759/73/1210 1761/75/1210 1820/76/1210 1819/74/1210
f 1761/75/1210 1763/77/1210 1821/78/1210 1820/76/1210
f 1763/77/1210 1765/79/1210 1822/80/1210 1821/78/1210
f 1765/79/1210 1767/81/1210 1823/82/1210 1822/80/1210
f 1767/81/1210 1769/83/1210 1824/84/1210 1823/82/1210
f 1769/83/1210 1771/85/1210 1825/86/1210 1824/84/1210
f 1771/85/1210 1773/87/1210 1826/88/1210 1825/86/1210
f 1773/87/1210 1775/89/1210 1827/90/1210 1826/88/1210
f 1775/89/1210 1777/91/1210 1828/92/1210 1827/90/1210
f 1777/91/1210 1779/93/1210 1829/94/1210 1828/92/1210
f 1779/93/1210 1781/95/1210 1830/96/1210 1829/94/1210
f 1781/95/1210 1783/97/1210 1831/98/1210 1830/96/1210
f 1783/97/1210 1785/99/1210 1832/100/1210 1831/98/1210
f 1785/99/1210 1787/101/1210 1833/102/1210 1832/100/1210
f 1787/101/1210 1789/103/1210 1834/104/1210 1833/102/1210
f 1789/103/1210 1791/105/1210 1835/106/1210 1834/104/1210
f 1791/105/1210 1793/107/1210 1836/108/1210 1835/106/1210
f 1793/107/1210 1795/109/1210 1837/110/1210 1836/108/1210
f 1795/109/1210 1797/111/1210 1838/112/1210 1837/110/1210
f 1797/111/1210 1799/113/1210 1839/114/1210 1838/112/1210
f 1799/113/1210 1801/115/1210 1840/116/1210 1839/114/1210
f 1801/115/1210 1803/117/1210 1841/118/1210 1840/116/1210
f 1803/117/1210 1805/119/1210 1842/120/1210 1841/118/1210
f 1805/119/1210 1807/121/1210 1843/122/1210 1842/120/1210
f 1807/121/1210 1809/123/1210 1844/124/1210 1843/122/1210
f 1809/123/1210 1811/125/1210 1845/126/1210 1844/124/1210
f 1811/125/1210 1813/127/1210 1846/128/1210 1845/126/1210
f 1813/127/1210 1815/129/1210 1847/130/1210 1846/128/1210
f 1815/129/1210 1753/67/1210 1817/70/1210 1847/130/1210

# Artwork annulus: front sticker shared by Dreamcast and Saturn.
o sticker
v -7.692738 115.928040 1.869615
v 3.116328 114.863434 1.869840
v 13.510008 111.710548 1.870508
v 23.088877 106.590538 1.871592
v 31.484825 99.700165 1.873052
v 38.375202 91.304214 1.874830
v 43.495213 81.725342 1.876858
v 46.648102 71.331665 1.879060
v 47.712704 60.522598 1.881349
v 46.648102 49.713531 1.883638
v 43.495213 39.319855 1.885839
v 38.375202 29.740984 1.887868
v 31.484825 21.345036 1.889646
v 23.088877 14.454659 1.891106
v 13.510008 9.334648 1.892190
v 3.116328 6.181759 1.892858
v -7.692738 5.117157 1.893083
v -18.501804 6.181759 1.892858
v -28.895483 9.334648 1.892190
v -38.474354 14.454659 1.891106
v -46.870300 21.345036 1.889646
v -53.760677 29.740984 1.887868
v -58.880688 39.319855 1.885839
v -62.033577 49.713531 1.883638
v -63.098179 60.522598 1.881349
v -62.033577 71.331665 1.879060
v -58.880688 81.725342 1.876858
v -53.760677 91.304214 1.874830
v -46.870300 99.700165 1.873052
v -38.474354 106.590538 1.871592
v -28.895483 111.710548 1.870508
v -18.501804 114.863434 1.869840
v -7.692738 70.486214 1.879239
v -5.748938 70.294762 1.879279
v -3.879826 69.727768 1.879399
v -2.157254 68.807030 1.879594
v -0.647405 67.567932 1.879857
v 0.591697 66.058083 1.880177
v 1.512432 64.335510 1.880541
v 2.079424 62.466396 1.880937
v 2.270876 60.522598 1.881349
v 2.079424 58.578796 1.881761
v 1.512432 56.709686 1.882157
v 0.591697 54.987114 1.882521
v -0.647405 53.477264 1.882841
v -2.157254 52.238163 1.883103
v -3.879826 51.317429 1.883299
v -5.748938 50.750435 1.883419
v -7.692738 50.558983 1.883459
v -9.636539 50.750435 1.883419
v -11.505650 51.317429 1.883299
v -13.228222 52.238163 1.883103
v -14.738071 53.477264 1.882841
v -15.977173 54.987114 1.882521
v -16.897907 56.709686 1.882157
v -17.464901 58.578796 1.881761
v -17.656353 60.522598 1.881349
v -17.464901 62.466396 1.880937
v -16.897907 64.335510 1.880541
v -15.977173 66.058083 1.880177
v -14.738071 67.567932 1.879857
v -13.228222 68.807030 1.879594
v -11.505650 69.727768 1.879399
v -9.636539 70.294762 1.879279
vt 0.500000 -0.000000
vt 0.597545 0.009607
vt 0.691342 0.038060
vt 0.777785 0.084265
vt 0.853553 0.146446
vt 0.915735 0.222214
vt 0.961940 0.308658
vt 0.990393 0.402454
vt 1.000000 0.500000
vt 0.990393 0.597545
vt 0.961940 0.691341
vt 0.915735 0.777785
vt 0.853553 0.853553
vt 0.777785 0.915734
vt 0.691342 0.961939
vt 0.597545 0.990392
vt 0.500000 1.000000
vt 0.402455 0.990392
vt 0.308658 0.961939
vt 0.222215 0.915734
vt 0.146447 0.853553
vt 0.084265 0.777785
vt 0.038060 0.691341
vt 0.009607 0.597545
vt -0.000000 0.500000
vt 0.009607 0.402454
vt 0.038060 0.308658
vt 0.084265 0.222214
vt 0.146447 0.146446
vt 0.222215 0.084265
vt 0.308658 0.038060
vt 0.402455 0.009607
vt 0.500000 0.410084
vt 0.517542 0.411812
vt 0.534409 0.416929
vt 0.549954 0.425238
vt 0.563580 0.436420
vt 0.574762 0.450045
vt 0.583071 0.465590
vt 0.588188 0.482458
vt 0.589915 0.500000
vt 0.588188 0.517541
vt 0.583071 0.534409
vt 0.574762 0.549954
vt 0.563580 0.563579
vt 0.549954 0.574762
vt 0.534409 0.583071
vt 0.517542 0.588187
vt 0.500000 0.589915
vt 0.482458 0.588187
vt 0.465591 0.583071
vt 0.450046 0.574762
vt 0.436420 0.563579
vt 0.425238 0.549954
vt 0.416929 0.534409
vt 0.411812 0.517541
vt 0.410085 0.500000
vt 0.411812 0.482458
vt 0.416929 0.465590
vt 0.425238 0.450045
vt 0.436420 0.436420
vt 0.450046 0.425238
vt 0.465591 0.416929
vt 0.482458 0.411812
vn 0.000000 0.000000 1.000000
f 1848/131/1211 1880/163/1211 1881/164/1211 1849/132/1211
f 1849/132/1211 1881/164/1211 1882/165/1211 1850/133/1211
f 1850/133/1211 1882/165/1211 1883/166/1211 1851/134/1211
f 1851/134/1211 1883/166/1211 1884/167/1211 1852/135/1211
f 1852/135/1211 1884/167/1211 1885/168/1211 1853/136/1211
f 1853/136/1211 1885/168/1211 1886/169/1211 1854/137/1211
f 1854/137/1211 1886/169/1211 1887/170/1211 1855/138/1211
f 1855/138/1211 1887/170/1211 1888/171/1211 1856/139/1211
f 1856/139/1211 1888/171/1211 1889/172/1211 1857/140/1211
f 1857/140/1211 1889/172/1211 1890/173/1211 1858/141/1211
f 1858/141/1211 1890/173/1211 1891/174/1211 1859/142/1211
f 1859/142/1211 1891/174/1211 1892/175/1211 1860/143/1211
f 1860/143/1211 1892/175/1211 1893/176/1211 1861/144/1211
f 1861/144/1211 1893/176/1211 1894/177/1211 1862/145/1211
f 1862/145/1211 1894/177/1211 1895/178/1211 1863/146/1211
f 1863/146/1211 1895/178/1211 1896/179/1211 1864/147/1211
f 1864/147/1211 1896/179/1211 1897/180/1211 1865/148/1211
f 1865/148/1211 1897/180/1211 1898/181/1211 1866/149/1211
f 1866/149/1211 1898/181/1211 1899/182/1211 1867/150/1211
f 1867/150/1211 1899/182/1211 1900/183/1211 1868/151/1211
f 1868/151/1211 1900/183/1211 1901/184/1211 1869/152/1211
f 1869/152/1211 1901/184/1211 1902/185/1211 1870/153/1211
f 1870/153/1211 1902/185/1211 1903/186/1211 1871/154/1211
f 1871/154/1211 1903/186/1211 1904/187/1211 1872/155/1211
f 1872/155/1211 1904/187/1211 1905/188/1211 1873/156/1211
f 1873/156/1211 1905/188/1211 1906/189/1211 1874/157/1211
f 1874/157/1211 1906/189/1211 1907/190/1211 1875/158/1211
f 1875/158/1211 1907/190/1211 1908/191/1211 1876/159/1211
f 1876/159/1211 1908/191/1211 1909/192/1211 1877/160/1211
f 1877/160/1211 1909/192/1211 1910/193/1211 1878/161/1211
f 1878/161/1211 1910/193/1211 1911/194/1211 1879/162/1211
f 1879/162/1211 1911/194/1211 1880/163/1211 1848/131/1211
