# Blender 5.2.1 LTS
# www.blender.org
mtllib mastersystem.mtl
o cartridge_game_and_cable_mat_0
v 0.396826 0.489805 -0.139918
v 0.396825 0.415158 -0.101923
v 0.396825 0.408364 -0.101871
v 0.396825 0.433130 -0.102059
v 0.396825 0.425905 -0.102004
v 0.396825 0.397617 -0.101790
v 0.396825 0.443876 -0.102140
v 0.393621 0.557174 -0.144321
v 0.000000 0.557173 -0.144321
v 0.000000 0.588938 -0.144562
v 0.000000 0.080065 -0.007106
v 0.385902 0.079413 -0.093124
v 0.387270 0.079438 -0.089822
v 0.390571 -0.003103 -0.087829
v 0.387270 -0.003113 -0.089197
v 0.396825 -0.003186 -0.098751
v 0.387270 -0.003113 -0.089197
v 0.385902 -0.003138 -0.092498
v 0.396825 -0.003186 -0.098751
v 0.443089 0.595219 -0.052519
v 0.446232 0.595198 -0.051570
v 0.465156 0.595356 -0.060007
v 0.448542 0.595145 -0.049260
v 0.449492 0.595073 -0.046118
v 0.301984 0.392606 -0.143282
v 0.300890 0.398918 -0.143330
v 0.393620 0.490967 -0.143133
v 0.298017 0.404626 -0.143373
v 0.293489 0.409154 -0.143408
v 0.281469 0.413122 -0.143438
v 0.287781 0.412028 -0.143429
v 0.000000 0.293239 -0.136958
v 0.295203 0.396918 -0.137737
v 0.296060 0.391975 -0.137699
v 0.293153 0.400990 -0.137768
v 0.289973 0.404170 -0.137792
v 0.280959 0.407076 -0.137814
v 0.285902 0.406219 -0.137807
v 0.280989 0.179405 -0.136104
v 0.000000 0.179421 -0.136104
v 0.285942 0.180189 -0.136110
v 0.289989 0.182251 -0.136125
v 0.293201 0.185463 -0.136150
v 0.295264 0.189510 -0.136181
v 0.296048 0.194462 -0.136218
v 0.000000 0.407076 -0.137814
v 0.342060 0.293665 -0.123577
v 0.342060 0.298826 -0.124191
v 0.343397 0.293841 -0.123578
v 0.344643 0.294357 -0.123582
v 0.345713 0.295178 -0.123589
v 0.346534 0.296248 -0.123597
v 0.347050 0.297494 -0.123606
v 0.347226 0.298830 -0.123616
v 0.347050 0.300167 -0.123627
v 0.346534 0.301413 -0.123636
v 0.345713 0.302483 -0.123644
v 0.344643 0.303304 -0.123650
v 0.343398 0.303820 -0.123654
v 0.342061 0.303996 -0.123655
v 0.340724 0.303820 -0.123654
v 0.339478 0.303304 -0.123650
v 0.338408 0.302483 -0.123644
v 0.337587 0.301414 -0.123636
v 0.337071 0.300168 -0.123626
v 0.336895 0.298831 -0.123616
v 0.337071 0.297494 -0.123606
v 0.337587 0.296248 -0.123596
v 0.338408 0.295179 -0.123588
v 0.339478 0.294358 -0.123582
v 0.340723 0.293842 -0.123578
v 0.393621 0.549816 -0.142148
v 0.463060 0.549816 -0.142149
v 0.395887 0.512587 -0.118458
v 0.463048 0.490399 -0.104339
v 0.396826 0.510515 -0.117140
v 0.393619 0.513635 -0.119125
v 0.396826 0.490391 -0.104334
v 0.463378 0.557174 -0.144321
v 0.463378 0.588938 -0.144562
v 0.390571 0.079448 -0.088455
v 0.452862 0.079448 -0.088455
v 0.458104 0.079609 -0.067246
v 0.456200 0.079458 -0.087088
v 0.457657 0.079483 -0.083788
v 0.458258 0.079650 -0.061769
v 0.458227 0.079692 -0.056290
v 0.457597 0.080029 -0.011775
v 0.452862 0.080065 -0.007106
v 0.456183 0.080054 -0.008474
v 0.000000 0.079135 -0.129774
v 0.381233 0.079135 -0.129774
v 0.384535 0.079145 -0.128407
v 0.385902 0.079170 -0.125105
v 0.463008 0.444659 0.001052
v 0.448634 0.464586 0.000901
v 0.446290 0.462243 0.000919
v 0.449492 0.467788 0.000877
v 0.446290 0.462243 0.000919
v 0.443089 0.461385 0.000926
v 0.463008 0.444659 0.001052
v -0.396826 0.489805 -0.139918
v -0.396825 0.408364 -0.101871
v -0.396825 0.415158 -0.101923
v -0.396825 0.425905 -0.102004
v -0.396825 0.433130 -0.102059
v -0.396825 0.397617 -0.101790
v -0.396825 0.443876 -0.102140
v -0.393621 0.557174 -0.144321
v -0.387270 0.079438 -0.089822
v -0.385902 0.079413 -0.093124
v -0.390571 -0.003103 -0.087829
v -0.396825 -0.003186 -0.098751
v -0.387270 -0.003113 -0.089197
v -0.387270 -0.003113 -0.089197
v -0.396825 -0.003186 -0.098751
v -0.385902 -0.003138 -0.092498
v -0.443089 0.595219 -0.052519
v -0.465156 0.595356 -0.060007
v -0.446232 0.595198 -0.051570
v -0.448542 0.595145 -0.049260
v -0.449492 0.595073 -0.046118
v -0.301984 0.392606 -0.143282
v -0.393620 0.490967 -0.143133
v -0.300890 0.398918 -0.143330
v -0.298017 0.404626 -0.143373
v -0.293489 0.409154 -0.143408
v -0.281469 0.413122 -0.143438
v -0.287781 0.412028 -0.143429
v -0.296060 0.391975 -0.137699
v -0.295203 0.396918 -0.137737
v -0.293153 0.400990 -0.137768
v -0.289973 0.404170 -0.137792
v -0.285902 0.406219 -0.137807
v -0.280959 0.407076 -0.137814
v -0.280989 0.179405 -0.136104
v -0.285942 0.180189 -0.136110
v -0.289989 0.182251 -0.136125
v -0.293201 0.185463 -0.136150
v -0.295264 0.189510 -0.136181
v -0.296048 0.194462 -0.136218
v -0.342060 0.293665 -0.123577
v -0.343397 0.293841 -0.123578
v -0.342060 0.298826 -0.124191
v -0.344643 0.294357 -0.123582
v -0.345713 0.295178 -0.123589
v -0.346534 0.296248 -0.123597
v -0.347050 0.297494 -0.123606
v -0.347226 0.298830 -0.123616
v -0.347050 0.300167 -0.123627
v -0.346534 0.301413 -0.123636
v -0.345713 0.302483 -0.123644
v -0.344643 0.303304 -0.123650
v -0.343398 0.303820 -0.123654
v -0.342061 0.303996 -0.123655
v -0.340724 0.303820 -0.123654
v -0.339478 0.303304 -0.123650
v -0.338408 0.302483 -0.123644
v -0.337587 0.301414 -0.123636
v -0.337071 0.300168 -0.123626
v -0.336895 0.298831 -0.123616
v -0.337071 0.297494 -0.123606
v -0.337587 0.296248 -0.123596
v -0.338408 0.295179 -0.123588
v -0.339478 0.294358 -0.123582
v -0.340723 0.293842 -0.123578
v -0.393621 0.549816 -0.142148
v -0.395887 0.512587 -0.118458
v -0.463060 0.549816 -0.142149
v -0.396826 0.510515 -0.117140
v -0.463048 0.490399 -0.104339
v -0.393619 0.513635 -0.119125
v -0.396826 0.490391 -0.104334
v -0.463378 0.557174 -0.144321
v -0.463378 0.588938 -0.144562
v -0.390571 0.079448 -0.088455
v -0.458104 0.079609 -0.067246
v -0.452862 0.079448 -0.088455
v -0.457657 0.079483 -0.083788
v -0.456200 0.079458 -0.087088
v -0.458258 0.079650 -0.061769
v -0.458227 0.079692 -0.056290
v -0.452862 0.080065 -0.007106
v -0.457597 0.080029 -0.011775
v -0.456183 0.080054 -0.008474
v -0.381233 0.079135 -0.129774
v -0.385902 0.079170 -0.125105
v -0.384535 0.079145 -0.128407
v -0.463008 0.444659 0.001052
v -0.446290 0.462243 0.000919
v -0.448634 0.464586 0.000901
v -0.449492 0.467788 0.000877
v -0.446290 0.462243 0.000919
v -0.463008 0.444659 0.001052
v -0.443089 0.461385 0.000926
v 0.393620 0.496577 -0.141122
v 0.000000 0.496575 -0.141124
v 0.000000 0.511115 -0.128986
v 0.393620 0.511115 -0.128986
v 0.396826 0.510381 -0.125423
v 0.396826 0.495429 -0.137905
v 0.395887 0.496231 -0.140159
v 0.395887 0.510743 -0.127868
v 0.395471 0.512386 -0.126370
v 0.395887 0.512500 -0.124149
v 0.393620 0.513019 -0.126669
v 0.395471 0.512386 -0.126370
v 0.395887 0.510743 -0.127868
v 0.393620 0.513600 -0.123726
v 0.395887 0.512500 -0.124149
v 0.395471 0.512386 -0.126370
v 0.393620 0.513019 -0.126669
v 0.000000 0.513600 -0.123726
v 0.000000 0.512862 -0.126595
v 0.000000 0.512862 -0.126595
v 0.395887 0.496231 -0.140159
v 0.395887 0.490624 -0.142191
v 0.395887 0.493583 -0.141606
v 0.396826 0.492771 -0.139338
v 0.395887 0.490624 -0.142191
v 0.393620 0.493924 -0.142554
v 0.395887 0.493583 -0.141606
v 0.000000 0.493925 -0.142554
v 0.000000 0.490969 -0.143133
v 0.342426 0.273992 -0.110611
v 0.348880 0.274841 -0.110618
v 0.348878 0.274602 -0.142179
v 0.342424 0.273753 -0.142172
v 0.354894 0.277332 -0.110637
v 0.354892 0.277093 -0.142198
v 0.360059 0.281294 -0.110667
v 0.360057 0.281055 -0.142228
v 0.364022 0.286458 -0.110707
v 0.364020 0.286219 -0.142267
v 0.366513 0.292472 -0.110752
v 0.366511 0.292233 -0.142313
v 0.367363 0.298926 -0.110801
v 0.367361 0.298687 -0.142362
v 0.366514 0.305380 -0.110850
v 0.366512 0.305141 -0.142410
v 0.364023 0.311394 -0.110896
v 0.364021 0.311155 -0.142456
v 0.360061 0.316559 -0.110935
v 0.360059 0.316319 -0.142495
v 0.354896 0.320522 -0.110964
v 0.354894 0.320282 -0.142525
v 0.348882 0.323013 -0.110983
v 0.348880 0.322774 -0.142544
v 0.342428 0.323863 -0.110989
v 0.342426 0.323624 -0.142551
v 0.342428 0.323863 -0.110989
v 0.335974 0.323014 -0.110982
v 0.335972 0.322774 -0.142544
v 0.342426 0.323624 -0.142551
v 0.329960 0.320523 -0.110963
v 0.329958 0.320284 -0.142525
v 0.324795 0.316561 -0.110933
v 0.324793 0.316321 -0.142495
v 0.320832 0.311396 -0.110893
v 0.320830 0.311157 -0.142456
v 0.318341 0.305383 -0.110847
v 0.318339 0.305143 -0.142410
v 0.317491 0.298929 -0.110798
v 0.317489 0.298690 -0.142362
v 0.318340 0.292475 -0.110750
v 0.318338 0.292236 -0.142313
v 0.320831 0.286461 -0.110704
v 0.320829 0.286222 -0.142267
v 0.324793 0.281296 -0.110665
v 0.324792 0.281057 -0.142228
v 0.329958 0.277333 -0.110635
v 0.329956 0.277094 -0.142198
v 0.335972 0.274842 -0.110617
v 0.335970 0.274603 -0.142179
v 0.469148 -0.002858 -0.055471
v 0.469148 0.397946 -0.058509
v 0.467500 0.398366 -0.003026
v 0.467500 -0.002437 0.000030
v 0.469019 0.444117 -0.070446
v 0.467601 0.443910 -0.097671
v 0.467690 0.484313 -0.097988
v 0.469653 0.484520 -0.070745
v 0.463476 0.593058 -0.140604
v 0.000000 0.593099 -0.140605
v 0.000000 0.596039 -0.071602
v 0.465185 0.595297 -0.071598
v 0.469814 0.557814 -0.059724
v 0.469219 0.591359 -0.059976
v 0.467487 0.590121 -0.004040
v 0.467536 0.558239 -0.003796
v 0.467501 0.426653 -0.003265
v 0.469148 0.426233 -0.058724
v 0.469148 0.433458 -0.058779
v 0.467501 0.433878 -0.003309
v 0.467508 0.557204 -0.140333
v 0.467468 0.589066 -0.140573
v 0.469249 0.591299 -0.071567
v 0.469854 0.557726 -0.071311
v 0.467526 0.549246 -0.137285
v 0.467689 0.490505 -0.099927
v 0.466197 0.490438 -0.103052
v 0.466158 0.549044 -0.140331
v 0.469878 0.484564 -0.064959
v 0.469181 0.444160 -0.064654
v 0.396825 -0.003186 -0.098751
v 0.396825 -0.003475 -0.136865
v 0.396825 0.443876 -0.102140
v 0.463008 0.443876 -0.102140
v 0.453175 0.443950 -0.092364
v 0.396825 0.443950 -0.092364
v 0.462890 0.426687 0.001189
v 0.000000 0.426687 0.001189
v 0.000000 0.426613 -0.008588
v 0.453101 0.426613 -0.008588
v 0.463378 0.558269 0.000191
v 0.463378 0.590034 -0.000050
v 0.449492 0.590034 -0.000050
v 0.449492 0.558269 0.000191
v 0.390571 -0.003103 -0.087829
v 0.452862 -0.003103 -0.087829
v 0.452862 0.079448 -0.088455
v 0.390571 0.079448 -0.088455
v 0.469148 0.408692 -0.058591
v 0.467502 0.409113 -0.003146
v 0.457747 0.409039 -0.012892
v 0.459341 0.408692 -0.058591
v 0.469936 0.490837 -0.065007
v 0.469994 0.549790 -0.065457
v 0.469885 0.549834 -0.059664
v 0.469885 0.490901 -0.059217
v 0.469019 0.415398 -0.070229
v 0.467602 0.415192 -0.097449
v 0.457902 0.415266 -0.087741
v 0.459136 0.415398 -0.070229
v 0.469019 0.426145 -0.070310
v 0.467602 0.425939 -0.097521
v 0.467602 0.433164 -0.097577
v 0.469019 0.433370 -0.070365
v 0.467598 -0.003152 -0.094342
v 0.467599 0.397651 -0.097364
v 0.469019 0.397858 -0.070096
v 0.469019 -0.002946 -0.067057
v 0.467502 0.415906 -0.003200
v 0.469148 0.415486 -0.058642
v 0.459341 0.415486 -0.058642
v 0.457747 0.415833 -0.012953
v 0.000000 0.415940 0.001270
v 0.462873 0.415940 0.001270
v 0.453097 0.415866 -0.008506
v 0.000000 0.415866 -0.008506
v 0.469019 0.397858 -0.070096
v 0.467599 0.397651 -0.097364
v 0.457900 0.397725 -0.087639
v 0.459136 0.397858 -0.070096
v 0.396825 0.425905 -0.102004
v 0.462890 0.425905 -0.102004
v 0.453101 0.425979 -0.092228
v 0.396825 0.425979 -0.092228
v 0.396825 0.425905 -0.102004
v 0.396825 0.433130 -0.102059
v 0.462901 0.433130 -0.102059
v 0.462890 0.425905 -0.102004
v 0.469148 0.426233 -0.058724
v 0.467501 0.426653 -0.003265
v 0.457747 0.426579 -0.013031
v 0.459341 0.426233 -0.058724
v 0.463048 0.491384 0.000698
v 0.463060 0.550288 0.000251
v 0.449492 0.550288 0.000251
v 0.449492 0.491384 0.000698
v 0.467601 0.408398 -0.097402
v 0.469019 0.408604 -0.070178
v 0.459136 0.408604 -0.070177
v 0.457901 0.408472 -0.087711
v 0.396825 0.425979 -0.092228
v 0.396825 0.415232 -0.092146
v 0.463008 0.444659 0.001052
v 0.000000 0.444659 0.001052
v 0.000000 0.444584 -0.008724
v 0.453175 0.444584 -0.008724
v 0.396825 0.425979 -0.092228
v 0.453101 0.425979 -0.092228
v 0.453097 0.415232 -0.092146
v 0.396825 0.415232 -0.092146
v 0.457903 0.426012 -0.087821
v 0.459136 0.426145 -0.070310
v 0.459136 0.415398 -0.070229
v 0.457902 0.415266 -0.087741
v 0.457901 0.408472 -0.087711
v 0.459136 0.408604 -0.070177
v 0.459136 0.397858 -0.070096
v 0.457900 0.397725 -0.087639
v 0.459341 0.426233 -0.058724
v 0.457747 0.426579 -0.013031
v 0.457747 0.415833 -0.012953
v 0.459341 0.415486 -0.058642
v 0.396825 0.443950 -0.092364
v 0.453175 0.443950 -0.092364
v 0.453154 0.433204 -0.092283
v 0.396825 0.433204 -0.092283
v 0.457902 0.443984 -0.087961
v 0.459136 0.444117 -0.070446
v 0.459136 0.433370 -0.070365
v 0.457902 0.433237 -0.087877
v 0.000000 0.596087 -0.060015
v 0.465236 0.595392 -0.065802
v 0.000000 0.596155 -0.065808
v 0.396825 0.408438 -0.092095
v 0.453108 0.408438 -0.092095
v 0.453116 0.397692 -0.092013
v 0.396825 0.397692 -0.092013
v 0.459341 0.408692 -0.058591
v 0.457747 0.409039 -0.012892
v 0.457747 0.398292 -0.012803
v 0.459341 0.397946 -0.058509
v 0.396825 0.408438 -0.092095
v 0.396825 0.397692 -0.092013
v 0.462917 0.397617 -0.101790
v 0.396825 0.397617 -0.101790
v 0.396825 0.397692 -0.092013
v 0.453116 0.397692 -0.092013
v 0.462890 0.426687 0.001189
v 0.462901 0.433912 0.001134
v 0.000000 0.433912 0.001134
v 0.000000 0.426687 0.001189
v 0.467601 0.443910 -0.097671
v 0.469019 0.444117 -0.070446
v 0.459136 0.444117 -0.070446
v 0.457902 0.443984 -0.087961
v 0.462875 0.409146 0.001322
v 0.462873 0.415940 0.001270
v 0.000000 0.415940 0.001270
v 0.000000 0.409146 0.001322
v 0.462875 0.409146 0.001322
v 0.000000 0.409146 0.001322
v 0.000000 0.409072 -0.008455
v 0.453108 0.409072 -0.008455
v 0.467602 0.425939 -0.097521
v 0.469019 0.426145 -0.070310
v 0.459136 0.426145 -0.070310
v 0.457903 0.426012 -0.087821
v 0.459341 0.444204 -0.058860
v 0.457745 0.444551 -0.013099
v 0.457746 0.433804 -0.013037
v 0.459341 0.433458 -0.058779
v 0.396825 0.443950 -0.092364
v 0.396825 0.433204 -0.092283
v 0.467500 0.398366 -0.003026
v 0.469148 0.397946 -0.058509
v 0.459341 0.397946 -0.058509
v 0.457747 0.398292 -0.012803
v 0.396825 0.408364 -0.101871
v 0.396825 0.415158 -0.101923
v 0.462873 0.415158 -0.101923
v 0.462875 0.408364 -0.101871
v 0.467501 0.433878 -0.003309
v 0.469148 0.433458 -0.058779
v 0.459341 0.433458 -0.058779
v 0.457746 0.433804 -0.013037
v 0.469148 0.444204 -0.058860
v 0.467498 0.444626 -0.003292
v 0.457745 0.444551 -0.013099
v 0.459341 0.444204 -0.058860
v 0.462901 0.433130 -0.102059
v 0.396825 0.433130 -0.102059
v 0.396825 0.433204 -0.092283
v 0.453154 0.433204 -0.092283
v 0.463008 0.443876 -0.102140
v 0.396825 0.443876 -0.102140
v 0.396826 0.484279 -0.102447
v 0.463044 0.484279 -0.102447
v 0.469019 0.433370 -0.070365
v 0.467602 0.433164 -0.097577
v 0.457902 0.433237 -0.087877
v 0.459136 0.433370 -0.070365
v 0.467550 0.491337 -0.003606
v 0.467549 0.550255 -0.004041
v 0.453175 0.444584 -0.008724
v 0.000000 0.444584 -0.008724
v 0.000000 0.433838 -0.008643
v 0.453154 0.433838 -0.008643
v 0.000000 0.398400 0.001403
v 0.462917 0.398400 0.001403
v 0.453116 0.398326 -0.008373
v 0.000000 0.398326 -0.008373
v 0.453108 0.409072 -0.008455
v 0.000000 0.409072 -0.008455
v 0.000000 0.398326 -0.008373
v 0.453116 0.398326 -0.008373
v 0.453101 0.426613 -0.008588
v 0.000000 0.426613 -0.008588
v 0.000000 0.415866 -0.008506
v 0.453097 0.415866 -0.008506
v 0.462873 0.415158 -0.101923
v 0.396825 0.415158 -0.101923
v 0.396825 0.415232 -0.092146
v 0.453097 0.415232 -0.092146
v 0.396825 0.408364 -0.101871
v 0.462875 0.408364 -0.101871
v 0.453108 0.408438 -0.092095
v 0.396825 0.408438 -0.092095
v 0.469148 0.408692 -0.058591
v 0.469148 0.415486 -0.058642
v 0.467502 0.415906 -0.003200
v 0.467502 0.409113 -0.003146
v 0.462935 -0.002403 0.004442
v 0.462917 0.398400 0.001403
v 0.000000 0.398400 0.001403
v 0.000000 -0.002403 0.004442
v 0.467601 0.408398 -0.097402
v 0.467602 0.415192 -0.097449
v 0.469019 0.415398 -0.070229
v 0.469019 0.408604 -0.070178
v 0.000000 0.433912 0.001134
v 0.462901 0.433912 0.001134
v 0.453154 0.433838 -0.008643
v 0.000000 0.433838 -0.008643
v 0.447161 0.554278 0.000221
v 0.447162 0.558269 0.000191
v 0.446261 0.558260 -0.001019
v 0.446261 0.554269 -0.000989
v 0.396825 -0.003186 -0.098751
v 0.396825 0.397617 -0.101790
v 0.462917 0.397617 -0.101790
v 0.462935 -0.003186 -0.098751
v 0.469713 0.490766 -0.070792
v 0.469912 0.549746 -0.071250
v 0.467498 0.444626 -0.003292
v 0.469148 0.444204 -0.058860
v 0.469831 0.484607 -0.059169
v 0.467546 0.485029 -0.003562
v 0.459365 0.444160 -0.064654
v 0.469181 0.444160 -0.064654
v 0.459365 0.397902 -0.064303
v 0.469181 0.397902 -0.064303
v 0.459365 0.408648 -0.064385
v 0.469181 0.408648 -0.064385
v 0.459365 0.397902 -0.064303
v 0.459365 0.408648 -0.064385
v 0.459365 0.415442 -0.064436
v 0.459365 0.426189 -0.064518
v 0.459365 0.433414 -0.064573
v 0.459365 0.444160 -0.064654
v 0.459365 0.433414 -0.064573
v 0.469181 0.433414 -0.064573
v 0.459365 0.426189 -0.064518
v 0.469181 0.426189 -0.064518
v 0.459365 0.415442 -0.064436
v 0.469181 0.415442 -0.064437
v 0.469181 -0.002902 -0.061265
v 0.469181 0.397902 -0.064303
v 0.469181 0.408648 -0.064385
v 0.469181 0.415442 -0.064437
v 0.469181 0.433414 -0.064573
v 0.469181 0.426189 -0.064518
v 0.469924 0.557770 -0.065517
v 0.469302 0.591394 -0.065772
v 0.463496 0.594113 -0.004070
v 0.463437 0.592882 -0.001240
v 0.465737 0.592380 -0.001743
v 0.466317 0.592943 -0.004012
v 0.466235 0.590084 -0.001219
v 0.465737 0.592380 -0.001743
v 0.463437 0.592882 -0.001240
v 0.466317 0.592943 -0.004012
v 0.465737 0.592380 -0.001743
v 0.466235 0.590084 -0.001219
v 0.466298 0.591888 -0.140636
v 0.465728 0.591301 -0.142902
v 0.463427 0.591798 -0.143415
v 0.466229 0.588996 -0.143394
v 0.465728 0.591301 -0.142902
v 0.466298 0.591888 -0.140636
v 0.463427 0.591798 -0.143415
v 0.465728 0.591301 -0.142902
v 0.466229 0.588996 -0.143394
v 0.466204 0.553267 -0.142363
v 0.467514 0.553549 -0.139431
v 0.463219 0.553366 -0.143672
v 0.466204 0.553267 -0.142363
v 0.466158 0.549044 -0.140331
v 0.466241 0.557182 -0.143153
v 0.466204 0.553267 -0.142363
v 0.463219 0.553366 -0.143672
v 0.466241 0.557182 -0.143153
v 0.466249 0.558260 -0.000977
v 0.466212 0.554269 -0.000983
v 0.467543 0.554247 -0.003919
v 0.463219 0.554278 0.000221
v 0.466212 0.554269 -0.000983
v 0.466249 0.558260 -0.000977
v 0.466160 0.550278 -0.001006
v 0.466160 0.550278 -0.001006
v 0.000000 0.591810 -0.143416
v 0.000000 0.591810 -0.143416
v 0.449492 0.594115 -0.004070
v 0.449492 0.592882 -0.001240
v 0.449492 0.592882 -0.001240
v 0.466160 0.443886 -0.100831
v 0.466196 0.484289 -0.101141
v 0.466156 0.491369 -0.000563
v 0.449492 0.554278 0.000221
v 0.393621 0.553366 -0.143672
v 0.393621 0.553366 -0.143672
v 0.466099 0.433902 -0.000168
v 0.456337 0.433828 -0.009930
v 0.456337 0.433828 -0.009930
v 0.466099 0.433902 -0.000168
v 0.456383 0.433213 -0.090992
v 0.466129 0.433140 -0.100746
v 0.466129 0.433140 -0.100746
v 0.456383 0.433213 -0.090992
v 0.456369 0.408448 -0.090811
v 0.466121 0.408374 -0.100562
v 0.466121 0.408374 -0.100562
v 0.456369 0.408448 -0.090811
v 0.466156 0.491369 -0.000563
v 0.466197 0.490438 -0.103052
v 0.466196 0.484289 -0.101141
v 0.466160 0.443886 -0.100831
v 0.466099 0.433902 -0.000168
v 0.466096 0.426677 -0.000116
v 0.466096 0.426677 -0.000116
v 0.466099 0.433902 -0.000168
v 0.466129 0.433140 -0.100746
v 0.466126 0.425915 -0.100691
v 0.466126 0.425915 -0.100691
v 0.466129 0.433140 -0.100746
v 0.466121 0.408374 -0.100562
v 0.466120 0.415168 -0.100612
v 0.466120 0.415168 -0.100612
v 0.466121 0.408374 -0.100562
v 0.466091 0.409137 0.000013
v 0.466091 0.415930 -0.000039
v 0.466091 0.415930 -0.000039
v 0.466091 0.409137 0.000013
v 0.466132 0.397627 -0.100494
v 0.466137 -0.003176 -0.097460
v 0.466137 -0.003176 -0.097460
v 0.466132 0.397627 -0.100494
v 0.466109 -0.002413 0.003149
v 0.466104 0.398390 0.000106
v 0.466104 0.398390 0.000106
v 0.466109 -0.002413 0.003149
v 0.456343 0.444575 -0.010005
v 0.456337 0.433828 -0.009930
v 0.456337 0.433828 -0.009930
v 0.456343 0.444575 -0.010005
v 0.456367 0.415242 -0.090856
v 0.456368 0.425989 -0.090937
v 0.456368 0.425989 -0.090937
v 0.456367 0.415242 -0.090856
v 0.456371 0.397701 -0.090732
v 0.456369 0.408448 -0.090811
v 0.456369 0.408448 -0.090811
v 0.456371 0.397701 -0.090732
v 0.456324 0.409063 -0.009754
v 0.456326 0.398316 -0.009671
v 0.456326 0.398316 -0.009671
v 0.456324 0.409063 -0.009754
v 0.456322 0.426603 -0.009889
v 0.456321 0.415856 -0.009809
v 0.456321 0.415856 -0.009809
v 0.456322 0.426603 -0.009889
v 0.456383 0.433213 -0.090992
v 0.456389 0.443960 -0.091075
v 0.456389 0.443960 -0.091075
v 0.456383 0.433213 -0.090992
v 0.466096 0.426677 -0.000116
v 0.456322 0.426603 -0.009889
v 0.456322 0.426603 -0.009889
v 0.466096 0.426677 -0.000116
v 0.466126 0.425915 -0.100691
v 0.456368 0.425989 -0.090937
v 0.456368 0.425989 -0.090937
v 0.466126 0.425915 -0.100691
v 0.466129 0.444649 -0.000220
v 0.456343 0.444575 -0.010005
v 0.456343 0.444575 -0.010005
v 0.466129 0.444649 -0.000220
v 0.466132 0.397627 -0.100494
v 0.456371 0.397701 -0.090732
v 0.456371 0.397701 -0.090732
v 0.466132 0.397627 -0.100494
v 0.456367 0.415242 -0.090856
v 0.466120 0.415168 -0.100612
v 0.466120 0.415168 -0.100612
v 0.456367 0.415242 -0.090856
v 0.466091 0.415930 -0.000039
v 0.456321 0.415856 -0.009809
v 0.456321 0.415856 -0.009809
v 0.466091 0.415930 -0.000039
v 0.456324 0.409063 -0.009754
v 0.466091 0.409137 0.000013
v 0.466091 0.409137 0.000013
v 0.456324 0.409063 -0.009754
v 0.456389 0.443960 -0.091075
v 0.466160 0.443886 -0.100831
v 0.466160 0.443886 -0.100831
v 0.456389 0.443960 -0.091075
v 0.466104 0.398390 0.000106
v 0.456326 0.398316 -0.009671
v 0.456326 0.398316 -0.009671
v 0.466104 0.398390 0.000106
v 0.463044 0.485061 0.000746
v 0.466129 0.444649 -0.000220
v 0.466154 0.485052 -0.000516
v 0.466154 0.485052 -0.000516
v 0.466129 0.444649 -0.000220
v 0.469959 0.553780 -0.065487
v 0.469883 0.553736 -0.071281
v 0.469850 0.553824 -0.059694
v 0.468080 0.594218 -0.065793
v 0.468000 0.594182 -0.059998
v 0.468000 0.594182 -0.059998
v 0.468080 0.594218 -0.065793
v 0.468029 0.594123 -0.071589
v 0.468029 0.594123 -0.071589
v 0.381233 -0.003416 -0.129148
v 0.000000 -0.003416 -0.129148
v 0.000000 -0.003499 -0.140071
v 0.393619 -0.003499 -0.140071
v 0.469907 0.487700 -0.064983
v 0.469683 0.487643 -0.070769
v 0.469858 0.487754 -0.059193
v 0.466198 0.487408 -0.101711
v 0.467692 0.487445 -0.098566
v 0.463046 0.487390 -0.103011
v 0.466198 0.487408 -0.101711
v 0.463046 0.488222 0.000722
v 0.466155 0.488210 -0.000539
v 0.466155 0.488210 -0.000539
v 0.467548 0.488183 -0.003584
v 0.447162 0.594115 -0.004070
v 0.447162 0.595066 -0.045773
v 0.446261 0.593827 -0.044442
v 0.446261 0.592934 -0.004333
v 0.447162 0.590034 -0.000050
v 0.446261 0.589792 -0.001235
v 0.393619 -0.003499 -0.140071
v 0.395886 -0.003492 -0.139132
v 0.395886 -0.003492 -0.139132
v 0.396826 0.487390 -0.103011
v 0.000000 0.513635 -0.119125
v 0.000000 0.549816 -0.142149
v 0.000000 0.553366 -0.143672
v 0.000000 0.553366 -0.143672
v 0.458227 -0.002859 -0.055664
v 0.458258 -0.002901 -0.061143
v 0.469181 -0.002902 -0.061265
v 0.469148 -0.002858 -0.055471
v 0.458104 -0.002942 -0.066620
v 0.469019 -0.002946 -0.067057
v 0.457657 -0.003068 -0.083162
v 0.456200 -0.003093 -0.086462
v 0.466137 -0.003176 -0.097460
v 0.467598 -0.003152 -0.094342
v 0.457657 -0.003068 -0.083162
v 0.458104 -0.002942 -0.066620
v 0.458104 0.079609 -0.067246
v 0.457657 0.079483 -0.083788
v 0.457597 -0.002522 -0.011149
v 0.467500 -0.002437 0.000030
v 0.458227 -0.002859 -0.055664
v 0.457597 -0.002522 -0.011149
v 0.457597 0.080029 -0.011775
v 0.458227 0.079692 -0.056290
v 0.456200 -0.003093 -0.086462
v 0.452862 -0.003103 -0.087829
v 0.462935 -0.003186 -0.098751
v 0.466137 -0.003176 -0.097460
v 0.000000 -0.002486 -0.006480
v 0.452862 -0.002486 -0.006480
v 0.462935 -0.002403 0.004442
v 0.000000 -0.002403 0.004442
v 0.452862 -0.002486 -0.006480
v 0.000000 -0.002486 -0.006480
v 0.000000 0.080065 -0.007106
v 0.452862 0.080065 -0.007106
v 0.385902 -0.003381 -0.124479
v 0.384535 -0.003406 -0.127781
v 0.395886 -0.003492 -0.139132
v 0.396825 -0.003475 -0.136865
v 0.384535 -0.003406 -0.127781
v 0.395886 -0.003492 -0.139132
v 0.385902 -0.003381 -0.124479
v 0.385902 -0.003138 -0.092498
v 0.385902 0.079413 -0.093124
v 0.385902 0.079170 -0.125105
v 0.000000 -0.003416 -0.129148
v 0.381233 -0.003416 -0.129148
v 0.381233 0.079135 -0.129774
v 0.000000 0.079135 -0.129774
v 0.458258 -0.002901 -0.061143
v 0.458258 0.079650 -0.061769
v 0.456183 -0.002497 -0.007848
v 0.466109 -0.002413 0.003149
v 0.384535 0.079145 -0.128407
v 0.384535 -0.003406 -0.127781
v 0.384535 -0.003406 -0.127781
v 0.384535 0.079145 -0.128407
v 0.456183 -0.002497 -0.007848
v 0.456183 0.080054 -0.008474
v 0.456183 0.080054 -0.008474
v 0.456183 -0.002497 -0.007848
v 0.456200 0.079458 -0.087088
v 0.456200 -0.003093 -0.086462
v 0.456200 -0.003093 -0.086462
v 0.456200 0.079458 -0.087088
v 0.387270 -0.003113 -0.089197
v 0.387270 0.079438 -0.089822
v 0.387270 0.079438 -0.089822
v 0.387270 -0.003113 -0.089197
v 0.456183 -0.002497 -0.007848
v 0.466109 -0.002413 0.003149
v 0.000000 0.595219 -0.052519
v 0.449492 0.488223 0.000722
v 0.449492 0.485061 0.000746
v 0.447161 0.468094 0.000875
v 0.447161 0.485061 0.000746
v 0.446261 0.485052 -0.000464
v 0.446261 0.469351 -0.000345
v 0.447162 0.488223 0.000722
v 0.447161 0.491384 0.000698
v 0.446261 0.491375 -0.000512
v 0.446261 0.488213 -0.000488
v 0.446545 0.465793 0.000892
v 0.445645 0.467049 -0.000327
v 0.445084 0.464332 0.000903
v 0.444184 0.465589 -0.000316
v 0.442782 0.463715 0.000908
v 0.445084 0.464332 0.000903
v 0.444184 0.465589 -0.000316
v 0.441882 0.464972 -0.000312
v 0.000000 0.463715 0.000908
v 0.000000 0.464972 -0.000312
v 0.447162 0.488223 0.000722
v 0.447161 0.485061 0.000746
v 0.447161 0.491384 0.000698
v 0.447162 0.590034 -0.000050
v 0.447162 0.558269 0.000191
v 0.447161 0.554278 0.000221
v 0.447162 0.550288 0.000251
v 0.447162 0.594115 -0.004070
v 0.447162 0.592882 -0.001240
v 0.447162 0.592882 -0.001240
v 0.442744 0.595167 -0.050189
v 0.444997 0.595152 -0.049509
v 0.446480 0.595118 -0.048026
v 0.447162 0.595066 -0.045773
v 0.442782 0.463715 0.000908
v 0.000000 0.463715 0.000908
v 0.000000 0.461385 0.000926
v 0.445084 0.464332 0.000903
v 0.446545 0.465793 0.000892
v 0.445084 0.464332 0.000903
v 0.447161 0.468094 0.000875
v 0.000000 0.595168 -0.050189
v 0.000000 0.485052 -0.000464
v 0.446261 0.485052 -0.000464
v 0.446261 0.488213 -0.000488
v 0.000000 0.488214 -0.000488
v 0.446261 0.491375 -0.000512
v 0.000000 0.491376 -0.000512
v 0.446261 0.558260 -0.001019
v 0.446261 0.589792 -0.001235
v 0.000000 0.589792 -0.001235
v 0.000000 0.558260 -0.001019
v 0.446261 0.554269 -0.000989
v 0.000000 0.554269 -0.000989
v 0.446261 0.550279 -0.000958
v 0.000000 0.550279 -0.000958
v 0.446261 0.592036 -0.002104
v 0.446261 0.592934 -0.004333
v 0.000000 0.592981 -0.004331
v 0.000000 0.592049 -0.002104
v 0.442744 0.595167 -0.050189
v 0.000000 0.595168 -0.050189
v 0.000000 0.593929 -0.048858
v 0.441844 0.593928 -0.048858
v 0.447162 0.550288 0.000251
v 0.446261 0.550279 -0.000958
v 0.447162 0.592882 -0.001240
v 0.446261 0.592036 -0.002104
v 0.447162 0.592882 -0.001240
v 0.446261 0.592036 -0.002104
v 0.444997 0.595152 -0.049509
v 0.444097 0.593912 -0.048177
v 0.446480 0.595118 -0.048026
v 0.445580 0.593878 -0.046694
v 0.447162 0.595066 -0.045773
v 0.446261 0.593827 -0.044442
v 0.342426 0.281852 -0.110670
v 0.346846 0.282433 -0.110675
v 0.348880 0.274841 -0.110618
v 0.342426 0.273992 -0.110611
v 0.350964 0.284139 -0.110688
v 0.354894 0.277332 -0.110637
v 0.354501 0.286852 -0.110709
v 0.360059 0.281294 -0.110667
v 0.357215 0.290389 -0.110736
v 0.364022 0.286458 -0.110707
v 0.358921 0.294507 -0.110767
v 0.366513 0.292472 -0.110752
v 0.359503 0.298927 -0.110801
v 0.367363 0.298926 -0.110801
v 0.358922 0.303346 -0.110834
v 0.366514 0.305380 -0.110850
v 0.357216 0.307465 -0.110866
v 0.364023 0.311394 -0.110896
v 0.354502 0.311001 -0.110892
v 0.360061 0.316559 -0.110935
v 0.350966 0.313715 -0.110913
v 0.354896 0.320522 -0.110964
v 0.346848 0.315421 -0.110925
v 0.348882 0.323013 -0.110983
v 0.342428 0.316003 -0.110929
v 0.342428 0.323863 -0.110989
v 0.338008 0.315422 -0.110925
v 0.335974 0.323014 -0.110982
v 0.333890 0.313716 -0.110912
v 0.329960 0.320523 -0.110963
v 0.330353 0.311003 -0.110891
v 0.324795 0.316561 -0.110933
v 0.327639 0.307466 -0.110864
v 0.320832 0.311396 -0.110893
v 0.325933 0.303348 -0.110832
v 0.318341 0.305383 -0.110847
v 0.325351 0.298928 -0.110799
v 0.317491 0.298929 -0.110798
v 0.325932 0.294509 -0.110765
v 0.318340 0.292475 -0.110750
v 0.327638 0.290390 -0.110734
v 0.320831 0.286461 -0.110704
v 0.330352 0.286854 -0.110708
v 0.324793 0.281296 -0.110665
v 0.333888 0.284140 -0.110687
v 0.329958 0.277333 -0.110635
v 0.338006 0.282434 -0.110675
v 0.335972 0.274842 -0.110617
v 0.000000 0.413122 -0.143438
v 0.395887 0.512587 -0.118458
v 0.396826 0.510515 -0.117140
v 0.000000 0.513635 -0.119125
v 0.393619 0.513635 -0.119125
v 0.395887 0.512587 -0.118458
v 0.296060 0.391975 -0.137699
v 0.295203 0.396918 -0.137737
v 0.300890 0.398918 -0.143330
v 0.301984 0.392606 -0.143282
v 0.293153 0.400990 -0.137768
v 0.298017 0.404626 -0.143373
v 0.289973 0.404170 -0.137792
v 0.293489 0.409154 -0.143408
v 0.285902 0.406219 -0.137807
v 0.280959 0.407076 -0.137814
v 0.281469 0.413122 -0.143438
v 0.287781 0.412028 -0.143429
v 0.000000 0.179421 -0.136104
v 0.280989 0.179405 -0.136104
v 0.281455 0.173603 -0.141638
v 0.000000 0.173619 -0.141638
v 0.280989 0.179405 -0.136104
v 0.285942 0.180189 -0.136110
v 0.287795 0.174606 -0.141645
v 0.281455 0.173603 -0.141638
v 0.289989 0.182251 -0.136125
v 0.293515 0.177520 -0.141668
v 0.293201 0.185463 -0.136150
v 0.298054 0.182059 -0.141702
v 0.295264 0.189510 -0.136181
v 0.300968 0.187778 -0.141745
v 0.296048 0.194462 -0.136218
v 0.301973 0.194118 -0.141793
v 0.280959 0.407076 -0.137814
v 0.000000 0.407076 -0.137814
v 0.000000 0.413122 -0.143438
v 0.281469 0.413122 -0.143438
v 0.342060 0.281607 -0.115626
v 0.342060 0.284752 -0.119143
v 0.345713 0.285233 -0.119147
v 0.346533 0.282196 -0.115630
v 0.342060 0.279644 -0.111542
v 0.347050 0.280301 -0.111547
v 0.342060 0.288865 -0.121855
v 0.344643 0.289205 -0.121858
v 0.347050 0.290202 -0.121866
v 0.349116 0.286642 -0.119158
v 0.350702 0.283922 -0.115644
v 0.351699 0.282226 -0.111562
v 0.354282 0.286669 -0.115665
v 0.355692 0.285290 -0.111586
v 0.349116 0.291787 -0.121878
v 0.352039 0.288885 -0.119175
v 0.350702 0.293854 -0.121894
v 0.354282 0.291807 -0.119197
v 0.357029 0.290248 -0.115692
v 0.358756 0.289282 -0.111616
v 0.351699 0.296260 -0.121912
v 0.355692 0.295211 -0.119223
v 0.358756 0.294416 -0.115724
v 0.360682 0.293931 -0.111651
v 0.356173 0.298863 -0.119251
v 0.359345 0.298889 -0.115758
v 0.361339 0.298920 -0.111689
v 0.352039 0.298843 -0.121932
v 0.351700 0.301426 -0.121951
v 0.355692 0.302515 -0.119279
v 0.358756 0.303363 -0.115791
v 0.360682 0.303909 -0.111727
v 0.357030 0.307531 -0.115823
v 0.358757 0.308559 -0.111762
v 0.350703 0.303832 -0.121969
v 0.354283 0.305919 -0.119304
v 0.352040 0.308842 -0.119326
v 0.354283 0.311111 -0.115850
v 0.355693 0.312551 -0.111792
v 0.349117 0.305899 -0.121985
v 0.347050 0.307485 -0.121997
v 0.349118 0.311085 -0.119343
v 0.350704 0.313858 -0.115871
v 0.351701 0.315615 -0.111815
v 0.346535 0.315584 -0.115883
v 0.347052 0.317541 -0.111830
v 0.344644 0.308482 -0.122004
v 0.345714 0.312495 -0.119354
v 0.342062 0.312976 -0.119357
v 0.342062 0.316174 -0.115888
v 0.342062 0.318198 -0.111834
v 0.342061 0.308822 -0.122007
v 0.339478 0.308482 -0.122004
v 0.338409 0.312495 -0.119353
v 0.337589 0.315585 -0.115883
v 0.337073 0.317542 -0.111829
v 0.333420 0.313859 -0.115870
v 0.332423 0.315616 -0.111814
v 0.337072 0.307485 -0.121996
v 0.335005 0.311085 -0.119343
v 0.332083 0.308843 -0.119325
v 0.329840 0.311112 -0.115849
v 0.328431 0.312553 -0.111791
v 0.335005 0.305900 -0.121984
v 0.333419 0.303833 -0.121968
v 0.329840 0.305920 -0.119303
v 0.327093 0.307533 -0.115821
v 0.325367 0.308561 -0.111761
v 0.325366 0.303364 -0.115790
v 0.323441 0.303911 -0.111725
v 0.332422 0.301427 -0.121950
v 0.328430 0.302517 -0.119277
v 0.327949 0.298865 -0.119250
v 0.324777 0.298891 -0.115756
v 0.322784 0.298922 -0.111687
v 0.332082 0.298844 -0.121931
v 0.332422 0.296261 -0.121911
v 0.328429 0.295212 -0.119222
v 0.325366 0.294418 -0.115722
v 0.323440 0.293933 -0.111650
v 0.327092 0.290249 -0.115690
v 0.325366 0.289284 -0.111614
v 0.333418 0.293855 -0.121893
v 0.329839 0.291809 -0.119196
v 0.335004 0.291788 -0.121877
v 0.332081 0.288886 -0.119174
v 0.329839 0.286670 -0.115663
v 0.328429 0.285291 -0.111584
v 0.337071 0.290202 -0.121865
v 0.335004 0.286643 -0.119157
v 0.333418 0.283923 -0.115643
v 0.332422 0.282227 -0.111561
v 0.338408 0.285233 -0.119147
v 0.337587 0.282196 -0.115630
v 0.337071 0.280301 -0.111547
v 0.339477 0.289205 -0.121858
v 0.000000 0.444659 0.001052
v -0.393620 0.496577 -0.141122
v -0.393620 0.511115 -0.128986
v -0.396826 0.510381 -0.125423
v -0.395887 0.510743 -0.127868
v -0.395887 0.496231 -0.140159
v -0.396826 0.495429 -0.137905
v -0.395887 0.512500 -0.124149
v -0.395471 0.512386 -0.126370
v -0.395887 0.510743 -0.127868
v -0.395471 0.512386 -0.126370
v -0.393620 0.513019 -0.126669
v -0.393620 0.513600 -0.123726
v -0.393620 0.513019 -0.126669
v -0.395471 0.512386 -0.126370
v -0.395887 0.512500 -0.124149
v -0.395887 0.496231 -0.140159
v -0.396826 0.492771 -0.139338
v -0.395887 0.493583 -0.141606
v -0.395887 0.490624 -0.142191
v -0.395887 0.490624 -0.142191
v -0.395887 0.493583 -0.141606
v -0.393620 0.493924 -0.142554
v -0.342426 0.273992 -0.110611
v -0.342424 0.273753 -0.142172
v -0.348878 0.274602 -0.142179
v -0.348880 0.274841 -0.110618
v -0.354892 0.277093 -0.142198
v -0.354894 0.277332 -0.110637
v -0.360057 0.281055 -0.142228
v -0.360059 0.281294 -0.110667
v -0.364020 0.286219 -0.142267
v -0.364022 0.286458 -0.110707
v -0.366511 0.292233 -0.142313
v -0.366513 0.292472 -0.110752
v -0.367361 0.298687 -0.142362
v -0.367363 0.298926 -0.110801
v -0.366512 0.305141 -0.142410
v -0.366514 0.305380 -0.110850
v -0.364021 0.311155 -0.142456
v -0.364023 0.311394 -0.110896
v -0.360059 0.316319 -0.142495
v -0.360061 0.316559 -0.110935
v -0.354894 0.320282 -0.142525
v -0.354896 0.320522 -0.110964
v -0.348880 0.322774 -0.142544
v -0.348882 0.323013 -0.110983
v -0.342426 0.323624 -0.142551
v -0.342428 0.323863 -0.110989
v -0.342428 0.323863 -0.110989
v -0.342426 0.323624 -0.142551
v -0.335972 0.322774 -0.142544
v -0.335974 0.323014 -0.110982
v -0.329958 0.320284 -0.142525
v -0.329960 0.320523 -0.110963
v -0.324793 0.316321 -0.142495
v -0.324795 0.316561 -0.110933
v -0.320830 0.311157 -0.142456
v -0.320832 0.311396 -0.110893
v -0.318339 0.305143 -0.142410
v -0.318341 0.305383 -0.110847
v -0.317489 0.298690 -0.142362
v -0.317491 0.298929 -0.110798
v -0.318338 0.292236 -0.142313
v -0.318340 0.292475 -0.110750
v -0.320829 0.286222 -0.142267
v -0.320831 0.286461 -0.110704
v -0.324792 0.281057 -0.142228
v -0.324793 0.281296 -0.110665
v -0.329956 0.277094 -0.142198
v -0.329958 0.277333 -0.110635
v -0.335970 0.274603 -0.142179
v -0.335972 0.274842 -0.110617
v -0.469148 -0.002858 -0.055471
v -0.467500 -0.002437 0.000030
v -0.467500 0.398366 -0.003026
v -0.469148 0.397946 -0.058509
v -0.469019 0.444117 -0.070446
v -0.469653 0.484520 -0.070745
v -0.467690 0.484313 -0.097988
v -0.467601 0.443910 -0.097671
v -0.463476 0.593058 -0.140604
v -0.465185 0.595297 -0.071598
v -0.469814 0.557814 -0.059724
v -0.467536 0.558239 -0.003796
v -0.467487 0.590121 -0.004040
v -0.469219 0.591359 -0.059976
v -0.467501 0.426653 -0.003265
v -0.467501 0.433878 -0.003309
v -0.469148 0.433458 -0.058779
v -0.469148 0.426233 -0.058724
v -0.467508 0.557204 -0.140333
v -0.469854 0.557726 -0.071311
v -0.469249 0.591299 -0.071567
v -0.467468 0.589066 -0.140573
v -0.467526 0.549246 -0.137285
v -0.466158 0.549044 -0.140331
v -0.466197 0.490438 -0.103052
v -0.467689 0.490505 -0.099927
v -0.469181 0.444160 -0.064654
v -0.469878 0.484564 -0.064959
v -0.396825 -0.003475 -0.136865
v -0.396825 -0.003186 -0.098751
v -0.396825 0.443876 -0.102140
v -0.396825 0.443950 -0.092364
v -0.453175 0.443950 -0.092364
v -0.463008 0.443876 -0.102140
v -0.462890 0.426687 0.001189
v -0.453101 0.426613 -0.008588
v -0.463378 0.558269 0.000191
v -0.449492 0.558269 0.000191
v -0.449492 0.590034 -0.000050
v -0.463378 0.590034 -0.000050
v -0.390571 -0.003103 -0.087829
v -0.390571 0.079448 -0.088455
v -0.452862 0.079448 -0.088455
v -0.452862 -0.003103 -0.087829
v -0.469148 0.408692 -0.058591
v -0.459341 0.408692 -0.058591
v -0.457747 0.409039 -0.012892
v -0.467502 0.409113 -0.003146
v -0.469936 0.490837 -0.065007
v -0.469885 0.490901 -0.059217
v -0.469885 0.549834 -0.059664
v -0.469994 0.549790 -0.065457
v -0.469019 0.415398 -0.070229
v -0.459136 0.415398 -0.070229
v -0.457902 0.415266 -0.087741
v -0.467602 0.415192 -0.097449
v -0.469019 0.426145 -0.070310
v -0.469019 0.433370 -0.070365
v -0.467602 0.433164 -0.097577
v -0.467602 0.425939 -0.097521
v -0.467598 -0.003152 -0.094342
v -0.469019 -0.002946 -0.067057
v -0.469019 0.397858 -0.070096
v -0.467599 0.397651 -0.097364
v -0.467502 0.415906 -0.003200
v -0.457747 0.415833 -0.012953
v -0.459341 0.415486 -0.058642
v -0.469148 0.415486 -0.058642
v -0.453097 0.415866 -0.008506
v -0.462873 0.415940 0.001270
v -0.469019 0.397858 -0.070096
v -0.459136 0.397858 -0.070096
v -0.457900 0.397725 -0.087639
v -0.467599 0.397651 -0.097364
v -0.396825 0.425905 -0.102004
v -0.396825 0.425979 -0.092228
v -0.453101 0.425979 -0.092228
v -0.462890 0.425905 -0.102004
v -0.396825 0.425905 -0.102004
v -0.462890 0.425905 -0.102004
v -0.462901 0.433130 -0.102059
v -0.396825 0.433130 -0.102059
v -0.469148 0.426233 -0.058724
v -0.459341 0.426233 -0.058724
v -0.457747 0.426579 -0.013031
v -0.467501 0.426653 -0.003265
v -0.463048 0.491384 0.000698
v -0.449492 0.491384 0.000698
v -0.449492 0.550288 0.000251
v -0.463060 0.550288 0.000251
v -0.467601 0.408398 -0.097402
v -0.457901 0.408472 -0.087711
v -0.459136 0.408604 -0.070177
v -0.469019 0.408604 -0.070178
v -0.396825 0.415232 -0.092146
v -0.396825 0.425979 -0.092228
v -0.463008 0.444659 0.001052
v -0.453175 0.444584 -0.008724
v -0.396825 0.425979 -0.092228
v -0.396825 0.415232 -0.092146
v -0.453097 0.415232 -0.092146
v -0.453101 0.425979 -0.092228
v -0.457903 0.426012 -0.087821
v -0.457902 0.415266 -0.087741
v -0.459136 0.415398 -0.070229
v -0.459136 0.426145 -0.070310
v -0.457901 0.408472 -0.087711
v -0.457900 0.397725 -0.087639
v -0.459136 0.397858 -0.070096
v -0.459136 0.408604 -0.070177
v -0.459341 0.426233 -0.058724
v -0.459341 0.415486 -0.058642
v -0.457747 0.415833 -0.012953
v -0.457747 0.426579 -0.013031
v -0.396825 0.443950 -0.092364
v -0.396825 0.433204 -0.092283
v -0.453154 0.433204 -0.092283
v -0.453175 0.443950 -0.092364
v -0.457902 0.443984 -0.087961
v -0.457902 0.433237 -0.087877
v -0.459136 0.433370 -0.070365
v -0.459136 0.444117 -0.070446
v -0.465236 0.595392 -0.065802
v -0.396825 0.408438 -0.092095
v -0.396825 0.397692 -0.092013
v -0.453116 0.397692 -0.092013
v -0.453108 0.408438 -0.092095
v -0.459341 0.408692 -0.058591
v -0.459341 0.397946 -0.058509
v -0.457747 0.398292 -0.012803
v -0.457747 0.409039 -0.012892
v -0.396825 0.397692 -0.092013
v -0.396825 0.408438 -0.092095
v -0.462917 0.397617 -0.101790
v -0.453116 0.397692 -0.092013
v -0.396825 0.397692 -0.092013
v -0.396825 0.397617 -0.101790
v -0.462890 0.426687 0.001189
v -0.462901 0.433912 0.001134
v -0.467601 0.443910 -0.097671
v -0.457902 0.443984 -0.087961
v -0.459136 0.444117 -0.070446
v -0.469019 0.444117 -0.070446
v -0.462875 0.409146 0.001322
v -0.462873 0.415940 0.001270
v -0.462875 0.409146 0.001322
v -0.453108 0.409072 -0.008455
v -0.467602 0.425939 -0.097521
v -0.457903 0.426012 -0.087821
v -0.459136 0.426145 -0.070310
v -0.469019 0.426145 -0.070310
v -0.459341 0.444204 -0.058860
v -0.459341 0.433458 -0.058779
v -0.457746 0.433804 -0.013037
v -0.457745 0.444551 -0.013099
v -0.396825 0.433204 -0.092283
v -0.396825 0.443950 -0.092364
v -0.467500 0.398366 -0.003026
v -0.457747 0.398292 -0.012803
v -0.459341 0.397946 -0.058509
v -0.469148 0.397946 -0.058509
v -0.396825 0.408364 -0.101871
v -0.462875 0.408364 -0.101871
v -0.462873 0.415158 -0.101923
v -0.396825 0.415158 -0.101923
v -0.467501 0.433878 -0.003309
v -0.457746 0.433804 -0.013037
v -0.459341 0.433458 -0.058779
v -0.469148 0.433458 -0.058779
v -0.469148 0.444204 -0.058860
v -0.459341 0.444204 -0.058860
v -0.457745 0.444551 -0.013099
v -0.467498 0.444626 -0.003292
v -0.462901 0.433130 -0.102059
v -0.453154 0.433204 -0.092283
v -0.396825 0.433204 -0.092283
v -0.396825 0.433130 -0.102059
v -0.463008 0.443876 -0.102140
v -0.463044 0.484279 -0.102447
v -0.396826 0.484279 -0.102447
v -0.396825 0.443876 -0.102140
v -0.469019 0.433370 -0.070365
v -0.459136 0.433370 -0.070365
v -0.457902 0.433237 -0.087877
v -0.467602 0.433164 -0.097577
v -0.467550 0.491337 -0.003606
v -0.467549 0.550255 -0.004041
v -0.453175 0.444584 -0.008724
v -0.453154 0.433838 -0.008643
v -0.453116 0.398326 -0.008373
v -0.462917 0.398400 0.001403
v -0.453108 0.409072 -0.008455
v -0.453116 0.398326 -0.008373
v -0.453101 0.426613 -0.008588
v -0.453097 0.415866 -0.008506
v -0.462873 0.415158 -0.101923
v -0.453097 0.415232 -0.092146
v -0.396825 0.415232 -0.092146
v -0.396825 0.415158 -0.101923
v -0.396825 0.408364 -0.101871
v -0.396825 0.408438 -0.092095
v -0.453108 0.408438 -0.092095
v -0.462875 0.408364 -0.101871
v -0.469148 0.408692 -0.058591
v -0.467502 0.409113 -0.003146
v -0.467502 0.415906 -0.003200
v -0.469148 0.415486 -0.058642
v -0.462935 -0.002403 0.004442
v -0.462917 0.398400 0.001403
v -0.467601 0.408398 -0.097402
v -0.469019 0.408604 -0.070178
v -0.469019 0.415398 -0.070229
v -0.467602 0.415192 -0.097449
v -0.453154 0.433838 -0.008643
v -0.462901 0.433912 0.001134
v -0.447161 0.554278 0.000221
v -0.446261 0.554269 -0.000989
v -0.446261 0.558260 -0.001019
v -0.447162 0.558269 0.000191
v -0.396825 -0.003186 -0.098751
v -0.462935 -0.003186 -0.098751
v -0.462917 0.397617 -0.101790
v -0.396825 0.397617 -0.101790
v -0.469713 0.490766 -0.070792
v -0.469912 0.549746 -0.071250
v -0.467498 0.444626 -0.003292
v -0.467546 0.485029 -0.003562
v -0.469831 0.484607 -0.059169
v -0.469148 0.444204 -0.058860
v -0.469181 0.444160 -0.064654
v -0.459365 0.444160 -0.064654
v -0.469181 0.397902 -0.064303
v -0.459365 0.397902 -0.064303
v -0.469181 0.408648 -0.064385
v -0.459365 0.408648 -0.064385
v -0.459365 0.408648 -0.064385
v -0.459365 0.397902 -0.064303
v -0.459365 0.426189 -0.064518
v -0.459365 0.415442 -0.064436
v -0.459365 0.444160 -0.064654
v -0.459365 0.433414 -0.064573
v -0.469181 0.433414 -0.064573
v -0.459365 0.433414 -0.064573
v -0.469181 0.426189 -0.064518
v -0.459365 0.426189 -0.064518
v -0.469181 0.415442 -0.064437
v -0.459365 0.415442 -0.064436
v -0.469181 0.397902 -0.064303
v -0.469181 -0.002902 -0.061265
v -0.469181 0.415442 -0.064437
v -0.469181 0.408648 -0.064385
v -0.469181 0.426189 -0.064518
v -0.469181 0.433414 -0.064573
v -0.469302 0.591394 -0.065772
v -0.469924 0.557770 -0.065517
v -0.463496 0.594113 -0.004070
v -0.466317 0.592943 -0.004012
v -0.465737 0.592380 -0.001743
v -0.463437 0.592882 -0.001240
v -0.463437 0.592882 -0.001240
v -0.465737 0.592380 -0.001743
v -0.466235 0.590084 -0.001219
v -0.466235 0.590084 -0.001219
v -0.465737 0.592380 -0.001743
v -0.466317 0.592943 -0.004012
v -0.463427 0.591798 -0.143415
v -0.465728 0.591301 -0.142902
v -0.466298 0.591888 -0.140636
v -0.466298 0.591888 -0.140636
v -0.465728 0.591301 -0.142902
v -0.466229 0.588996 -0.143394
v -0.466229 0.588996 -0.143394
v -0.465728 0.591301 -0.142902
v -0.463427 0.591798 -0.143415
v -0.467514 0.553549 -0.139431
v -0.466204 0.553267 -0.142363
v -0.466158 0.549044 -0.140331
v -0.466204 0.553267 -0.142363
v -0.463219 0.553366 -0.143672
v -0.463219 0.553366 -0.143672
v -0.466204 0.553267 -0.142363
v -0.466241 0.557182 -0.143153
v -0.466241 0.557182 -0.143153
v -0.467543 0.554247 -0.003919
v -0.466212 0.554269 -0.000983
v -0.466249 0.558260 -0.000977
v -0.466249 0.558260 -0.000977
v -0.466212 0.554269 -0.000983
v -0.463219 0.554278 0.000221
v -0.466160 0.550278 -0.001006
v -0.466160 0.550278 -0.001006
v -0.449492 0.592882 -0.001240
v -0.449492 0.594115 -0.004070
v -0.449492 0.592882 -0.001240
v -0.466160 0.443886 -0.100831
v -0.466196 0.484289 -0.101141
v -0.466156 0.491369 -0.000563
v -0.449492 0.554278 0.000221
v -0.393621 0.553366 -0.143672
v -0.393621 0.553366 -0.143672
v -0.456337 0.433828 -0.009930
v -0.466099 0.433902 -0.000168
v -0.456337 0.433828 -0.009930
v -0.466099 0.433902 -0.000168
v -0.466129 0.433140 -0.100746
v -0.456383 0.433213 -0.090992
v -0.466129 0.433140 -0.100746
v -0.456383 0.433213 -0.090992
v -0.466121 0.408374 -0.100562
v -0.456369 0.408448 -0.090811
v -0.466121 0.408374 -0.100562
v -0.456369 0.408448 -0.090811
v -0.466156 0.491369 -0.000563
v -0.466197 0.490438 -0.103052
v -0.466160 0.443886 -0.100831
v -0.466196 0.484289 -0.101141
v -0.466096 0.426677 -0.000116
v -0.466099 0.433902 -0.000168
v -0.466096 0.426677 -0.000116
v -0.466099 0.433902 -0.000168
v -0.466126 0.425915 -0.100691
v -0.466129 0.433140 -0.100746
v -0.466126 0.425915 -0.100691
v -0.466129 0.433140 -0.100746
v -0.466120 0.415168 -0.100612
v -0.466121 0.408374 -0.100562
v -0.466120 0.415168 -0.100612
v -0.466121 0.408374 -0.100562
v -0.466091 0.415930 -0.000039
v -0.466091 0.409137 0.000013
v -0.466091 0.415930 -0.000039
v -0.466091 0.409137 0.000013
v -0.466137 -0.003176 -0.097460
v -0.466132 0.397627 -0.100494
v -0.466137 -0.003176 -0.097460
v -0.466132 0.397627 -0.100494
v -0.466104 0.398390 0.000106
v -0.466109 -0.002413 0.003149
v -0.466104 0.398390 0.000106
v -0.466109 -0.002413 0.003149
v -0.456337 0.433828 -0.009930
v -0.456343 0.444575 -0.010005
v -0.456337 0.433828 -0.009930
v -0.456343 0.444575 -0.010005
v -0.456368 0.425989 -0.090937
v -0.456367 0.415242 -0.090856
v -0.456368 0.425989 -0.090937
v -0.456367 0.415242 -0.090856
v -0.456369 0.408448 -0.090811
v -0.456371 0.397701 -0.090732
v -0.456369 0.408448 -0.090811
v -0.456371 0.397701 -0.090732
v -0.456326 0.398316 -0.009671
v -0.456324 0.409063 -0.009754
v -0.456326 0.398316 -0.009671
v -0.456324 0.409063 -0.009754
v -0.456321 0.415856 -0.009809
v -0.456322 0.426603 -0.009889
v -0.456321 0.415856 -0.009809
v -0.456322 0.426603 -0.009889
v -0.456389 0.443960 -0.091075
v -0.456383 0.433213 -0.090992
v -0.456389 0.443960 -0.091075
v -0.456383 0.433213 -0.090992
v -0.456322 0.426603 -0.009889
v -0.466096 0.426677 -0.000116
v -0.456322 0.426603 -0.009889
v -0.466096 0.426677 -0.000116
v -0.456368 0.425989 -0.090937
v -0.466126 0.425915 -0.100691
v -0.456368 0.425989 -0.090937
v -0.466126 0.425915 -0.100691
v -0.456343 0.444575 -0.010005
v -0.466129 0.444649 -0.000220
v -0.456343 0.444575 -0.010005
v -0.466129 0.444649 -0.000220
v -0.456371 0.397701 -0.090732
v -0.466132 0.397627 -0.100494
v -0.456371 0.397701 -0.090732
v -0.466132 0.397627 -0.100494
v -0.466120 0.415168 -0.100612
v -0.456367 0.415242 -0.090856
v -0.466120 0.415168 -0.100612
v -0.456367 0.415242 -0.090856
v -0.456321 0.415856 -0.009809
v -0.466091 0.415930 -0.000039
v -0.456321 0.415856 -0.009809
v -0.466091 0.415930 -0.000039
v -0.466091 0.409137 0.000013
v -0.456324 0.409063 -0.009754
v -0.466091 0.409137 0.000013
v -0.456324 0.409063 -0.009754
v -0.466160 0.443886 -0.100831
v -0.456389 0.443960 -0.091075
v -0.466160 0.443886 -0.100831
v -0.456389 0.443960 -0.091075
v -0.456326 0.398316 -0.009671
v -0.466104 0.398390 0.000106
v -0.456326 0.398316 -0.009671
v -0.466104 0.398390 0.000106
v -0.463044 0.485061 0.000746
v -0.466154 0.485052 -0.000516
v -0.466129 0.444649 -0.000220
v -0.466154 0.485052 -0.000516
v -0.466129 0.444649 -0.000220
v -0.469883 0.553736 -0.071281
v -0.469959 0.553780 -0.065487
v -0.469850 0.553824 -0.059694
v -0.468000 0.594182 -0.059998
v -0.468080 0.594218 -0.065793
v -0.468000 0.594182 -0.059998
v -0.468080 0.594218 -0.065793
v -0.468029 0.594123 -0.071589
v -0.468029 0.594123 -0.071589
v -0.381233 -0.003416 -0.129148
v -0.393619 -0.003499 -0.140071
v -0.469683 0.487643 -0.070769
v -0.469907 0.487700 -0.064983
v -0.469858 0.487754 -0.059193
v -0.467692 0.487445 -0.098566
v -0.466198 0.487408 -0.101711
v -0.466198 0.487408 -0.101711
v -0.463046 0.487390 -0.103011
v -0.466155 0.488210 -0.000539
v -0.463046 0.488222 0.000722
v -0.467548 0.488183 -0.003584
v -0.466155 0.488210 -0.000539
v -0.447162 0.594115 -0.004070
v -0.446261 0.592934 -0.004333
v -0.446261 0.593827 -0.044442
v -0.447162 0.595066 -0.045773
v -0.446261 0.589792 -0.001235
v -0.447162 0.590034 -0.000050
v -0.393619 -0.003499 -0.140071
v -0.395886 -0.003492 -0.139132
v -0.395886 -0.003492 -0.139132
v -0.396826 0.487390 -0.103011
v -0.458227 -0.002859 -0.055664
v -0.469148 -0.002858 -0.055471
v -0.469181 -0.002902 -0.061265
v -0.458258 -0.002901 -0.061143
v -0.469019 -0.002946 -0.067057
v -0.458104 -0.002942 -0.066620
v -0.457657 -0.003068 -0.083162
v -0.467598 -0.003152 -0.094342
v -0.466137 -0.003176 -0.097460
v -0.456200 -0.003093 -0.086462
v -0.457657 -0.003068 -0.083162
v -0.457657 0.079483 -0.083788
v -0.458104 0.079609 -0.067246
v -0.458104 -0.002942 -0.066620
v -0.457597 -0.002522 -0.011149
v -0.467500 -0.002437 0.000030
v -0.458227 -0.002859 -0.055664
v -0.458227 0.079692 -0.056290
v -0.457597 0.080029 -0.011775
v -0.457597 -0.002522 -0.011149
v -0.456200 -0.003093 -0.086462
v -0.466137 -0.003176 -0.097460
v -0.462935 -0.003186 -0.098751
v -0.452862 -0.003103 -0.087829
v -0.462935 -0.002403 0.004442
v -0.452862 -0.002486 -0.006480
v -0.452862 -0.002486 -0.006480
v -0.452862 0.080065 -0.007106
v -0.385902 -0.003381 -0.124479
v -0.396825 -0.003475 -0.136865
v -0.395886 -0.003492 -0.139132
v -0.384535 -0.003406 -0.127781
v -0.384535 -0.003406 -0.127781
v -0.395886 -0.003492 -0.139132
v -0.385902 -0.003381 -0.124479
v -0.385902 0.079170 -0.125105
v -0.385902 0.079413 -0.093124
v -0.385902 -0.003138 -0.092498
v -0.381233 0.079135 -0.129774
v -0.381233 -0.003416 -0.129148
v -0.458258 -0.002901 -0.061143
v -0.458258 0.079650 -0.061769
v -0.466109 -0.002413 0.003149
v -0.456183 -0.002497 -0.007848
v -0.384535 -0.003406 -0.127781
v -0.384535 0.079145 -0.128407
v -0.384535 -0.003406 -0.127781
v -0.384535 0.079145 -0.128407
v -0.456183 0.080054 -0.008474
v -0.456183 -0.002497 -0.007848
v -0.456183 0.080054 -0.008474
v -0.456183 -0.002497 -0.007848
v -0.456200 -0.003093 -0.086462
v -0.456200 0.079458 -0.087088
v -0.456200 -0.003093 -0.086462
v -0.456200 0.079458 -0.087088
v -0.387270 0.079438 -0.089822
v -0.387270 -0.003113 -0.089197
v -0.387270 0.079438 -0.089822
v -0.387270 -0.003113 -0.089197
v -0.456183 -0.002497 -0.007848
v -0.466109 -0.002413 0.003149
v -0.449492 0.488223 0.000722
v -0.449492 0.485061 0.000746
v -0.447161 0.468094 0.000875
v -0.446261 0.469351 -0.000345
v -0.446261 0.485052 -0.000464
v -0.447161 0.485061 0.000746
v -0.447162 0.488223 0.000722
v -0.446261 0.488213 -0.000488
v -0.446261 0.491375 -0.000512
v -0.447161 0.491384 0.000698
v -0.446545 0.465793 0.000892
v -0.445645 0.467049 -0.000327
v -0.445084 0.464332 0.000903
v -0.444184 0.465589 -0.000316
v -0.442782 0.463715 0.000908
v -0.441882 0.464972 -0.000312
v -0.444184 0.465589 -0.000316
v -0.445084 0.464332 0.000903
v -0.447162 0.488223 0.000722
v -0.447161 0.485061 0.000746
v -0.447161 0.491384 0.000698
v -0.447162 0.590034 -0.000050
v -0.447162 0.558269 0.000191
v -0.447161 0.554278 0.000221
v -0.447162 0.550288 0.000251
v -0.447162 0.594115 -0.004070
v -0.447162 0.592882 -0.001240
v -0.447162 0.592882 -0.001240
v -0.442744 0.595167 -0.050189
v -0.444997 0.595152 -0.049509
v -0.446480 0.595118 -0.048026
v -0.447162 0.595066 -0.045773
v -0.442782 0.463715 0.000908
v -0.445084 0.464332 0.000903
v -0.446545 0.465793 0.000892
v -0.445084 0.464332 0.000903
v -0.447161 0.468094 0.000875
v -0.446261 0.488213 -0.000488
v -0.446261 0.485052 -0.000464
v -0.446261 0.491375 -0.000512
v -0.446261 0.558260 -0.001019
v -0.446261 0.589792 -0.001235
v -0.446261 0.554269 -0.000989
v -0.446261 0.550279 -0.000958
v -0.446261 0.592036 -0.002104
v -0.446261 0.592934 -0.004333
v -0.442744 0.595167 -0.050189
v -0.441844 0.593928 -0.048858
v -0.446261 0.550279 -0.000958
v -0.447162 0.550288 0.000251
v -0.447162 0.592882 -0.001240
v -0.446261 0.592036 -0.002104
v -0.446261 0.592036 -0.002104
v -0.447162 0.592882 -0.001240
v -0.444997 0.595152 -0.049509
v -0.444097 0.593912 -0.048177
v -0.446480 0.595118 -0.048026
v -0.445580 0.593878 -0.046694
v -0.447162 0.595066 -0.045773
v -0.446261 0.593827 -0.044442
v -0.342426 0.281852 -0.110670
v -0.342426 0.273992 -0.110611
v -0.348880 0.274841 -0.110618
v -0.346846 0.282433 -0.110675
v -0.354894 0.277332 -0.110637
v -0.350964 0.284139 -0.110688
v -0.360059 0.281294 -0.110667
v -0.354501 0.286852 -0.110709
v -0.364022 0.286458 -0.110707
v -0.357215 0.290389 -0.110736
v -0.366513 0.292472 -0.110752
v -0.358921 0.294507 -0.110767
v -0.367363 0.298926 -0.110801
v -0.359503 0.298927 -0.110801
v -0.366514 0.305380 -0.110850
v -0.358922 0.303346 -0.110834
v -0.364023 0.311394 -0.110896
v -0.357216 0.307465 -0.110866
v -0.360061 0.316559 -0.110935
v -0.354502 0.311001 -0.110892
v -0.354896 0.320522 -0.110964
v -0.350966 0.313715 -0.110913
v -0.348882 0.323013 -0.110983
v -0.346848 0.315421 -0.110925
v -0.342428 0.323863 -0.110989
v -0.342428 0.316003 -0.110929
v -0.335974 0.323014 -0.110982
v -0.338008 0.315422 -0.110925
v -0.329960 0.320523 -0.110963
v -0.333890 0.313716 -0.110912
v -0.324795 0.316561 -0.110933
v -0.330353 0.311003 -0.110891
v -0.320832 0.311396 -0.110893
v -0.327639 0.307466 -0.110864
v -0.318341 0.305383 -0.110847
v -0.325933 0.303348 -0.110832
v -0.317491 0.298929 -0.110798
v -0.325351 0.298928 -0.110799
v -0.318340 0.292475 -0.110750
v -0.325932 0.294509 -0.110765
v -0.320831 0.286461 -0.110704
v -0.327638 0.290390 -0.110734
v -0.324793 0.281296 -0.110665
v -0.330352 0.286854 -0.110708
v -0.329958 0.277333 -0.110635
v -0.333888 0.284140 -0.110687
v -0.335972 0.274842 -0.110617
v -0.338006 0.282434 -0.110675
v -0.395887 0.512587 -0.118458
v -0.396826 0.510515 -0.117140
v -0.393619 0.513635 -0.119125
v -0.395887 0.512587 -0.118458
v -0.296060 0.391975 -0.137699
v -0.301984 0.392606 -0.143282
v -0.300890 0.398918 -0.143330
v -0.295203 0.396918 -0.137737
v -0.298017 0.404626 -0.143373
v -0.293153 0.400990 -0.137768
v -0.293489 0.409154 -0.143408
v -0.289973 0.404170 -0.137792
v -0.285902 0.406219 -0.137807
v -0.287781 0.412028 -0.143429
v -0.281469 0.413122 -0.143438
v -0.280959 0.407076 -0.137814
v -0.281455 0.173603 -0.141638
v -0.280989 0.179405 -0.136104
v -0.280989 0.179405 -0.136104
v -0.281455 0.173603 -0.141638
v -0.287795 0.174606 -0.141645
v -0.285942 0.180189 -0.136110
v -0.293515 0.177520 -0.141668
v -0.289989 0.182251 -0.136125
v -0.298054 0.182059 -0.141702
v -0.293201 0.185463 -0.136150
v -0.300968 0.187778 -0.141745
v -0.295264 0.189510 -0.136181
v -0.301973 0.194118 -0.141793
v -0.296048 0.194462 -0.136218
v -0.280959 0.407076 -0.137814
v -0.281469 0.413122 -0.143438
v -0.342060 0.281607 -0.115626
v -0.346533 0.282196 -0.115630
v -0.345713 0.285233 -0.119147
v -0.342060 0.284752 -0.119143
v -0.342060 0.279644 -0.111542
v -0.347050 0.280301 -0.111547
v -0.342060 0.288865 -0.121855
v -0.344643 0.289205 -0.121858
v -0.347050 0.290202 -0.121866
v -0.349116 0.286642 -0.119158
v -0.350702 0.283922 -0.115644
v -0.351699 0.282226 -0.111562
v -0.355692 0.285290 -0.111586
v -0.354282 0.286669 -0.115665
v -0.349116 0.291787 -0.121878
v -0.352039 0.288885 -0.119175
v -0.354282 0.291807 -0.119197
v -0.350702 0.293854 -0.121894
v -0.357029 0.290248 -0.115692
v -0.358756 0.289282 -0.111616
v -0.351699 0.296260 -0.121912
v -0.355692 0.295211 -0.119223
v -0.358756 0.294416 -0.115724
v -0.360682 0.293931 -0.111651
v -0.359345 0.298889 -0.115758
v -0.356173 0.298863 -0.119251
v -0.361339 0.298920 -0.111689
v -0.352039 0.298843 -0.121932
v -0.355692 0.302515 -0.119279
v -0.351700 0.301426 -0.121951
v -0.358756 0.303363 -0.115791
v -0.360682 0.303909 -0.111727
v -0.358757 0.308559 -0.111762
v -0.357030 0.307531 -0.115823
v -0.350703 0.303832 -0.121969
v -0.354283 0.305919 -0.119304
v -0.354283 0.311111 -0.115850
v -0.352040 0.308842 -0.119326
v -0.355693 0.312551 -0.111792
v -0.349117 0.305899 -0.121985
v -0.349118 0.311085 -0.119343
v -0.347050 0.307485 -0.121997
v -0.350704 0.313858 -0.115871
v -0.351701 0.315615 -0.111815
v -0.347052 0.317541 -0.111830
v -0.346535 0.315584 -0.115883
v -0.344644 0.308482 -0.122004
v -0.345714 0.312495 -0.119354
v -0.342062 0.316174 -0.115888
v -0.342062 0.312976 -0.119357
v -0.342062 0.318198 -0.111834
v -0.342061 0.308822 -0.122007
v -0.338409 0.312495 -0.119353
v -0.339478 0.308482 -0.122004
v -0.337589 0.315585 -0.115883
v -0.337073 0.317542 -0.111829
v -0.332423 0.315616 -0.111814
v -0.333420 0.313859 -0.115870
v -0.337072 0.307485 -0.121996
v -0.335005 0.311085 -0.119343
v -0.329840 0.311112 -0.115849
v -0.332083 0.308843 -0.119325
v -0.328431 0.312553 -0.111791
v -0.335005 0.305900 -0.121984
v -0.329840 0.305920 -0.119303
v -0.333419 0.303833 -0.121968
v -0.327093 0.307533 -0.115821
v -0.325367 0.308561 -0.111761
v -0.323441 0.303911 -0.111725
v -0.325366 0.303364 -0.115790
v -0.332422 0.301427 -0.121950
v -0.328430 0.302517 -0.119277
v -0.324777 0.298891 -0.115756
v -0.327949 0.298865 -0.119250
v -0.322784 0.298922 -0.111687
v -0.332082 0.298844 -0.121931
v -0.332422 0.296261 -0.121911
v -0.328429 0.295212 -0.119222
v -0.325366 0.294418 -0.115722
v -0.323440 0.293933 -0.111650
v -0.325366 0.289284 -0.111614
v -0.327092 0.290249 -0.115690
v -0.333418 0.293855 -0.121893
v -0.329839 0.291809 -0.119196
v -0.332081 0.288886 -0.119174
v -0.335004 0.291788 -0.121877
v -0.329839 0.286670 -0.115663
v -0.328429 0.285291 -0.111584
v -0.337071 0.290202 -0.121865
v -0.335004 0.286643 -0.119157
v -0.333418 0.283923 -0.115643
v -0.332422 0.282227 -0.111561
v -0.337587 0.282196 -0.115630
v -0.338408 0.285233 -0.119147
v -0.337071 0.280301 -0.111547
v -0.339477 0.289205 -0.121858
v 0.259185 0.006710 -0.066070
v 0.259185 0.091505 -0.066713
v 0.259185 0.091576 -0.057338
v 0.259185 0.006782 -0.056696
v -0.259185 0.006782 -0.056696
v -0.259185 0.091576 -0.057338
v -0.259185 0.091505 -0.066713
v -0.259185 0.006710 -0.066070
v -0.254112 0.001638 -0.066032
v -0.254112 0.001709 -0.056657
v -0.256648 0.002389 -0.056662
v -0.256648 0.002318 -0.066037
v -0.258505 0.004245 -0.056676
v -0.258505 0.004174 -0.066051
v 0.254112 0.001709 -0.056657
v 0.254112 0.001638 -0.066032
v 0.256648 0.002318 -0.066037
v 0.256648 0.002389 -0.056662
v 0.258505 0.004174 -0.066051
v 0.258505 0.004245 -0.056676
v 0.348878 0.274602 -0.142179
v 0.354892 0.277093 -0.142198
v 0.360057 0.281055 -0.142228
v 0.364020 0.286219 -0.142267
v 0.366511 0.292233 -0.142313
v 0.367361 0.298687 -0.142362
v 0.446261 0.593827 -0.044442
v 0.445580 0.593878 -0.046694
v 0.444097 0.593912 -0.048177
v 0.441844 0.593928 -0.048858
v 0.000000 0.593929 -0.048858
v 0.000000 0.464972 -0.000312
v 0.441882 0.464972 -0.000312
v 0.444184 0.465589 -0.000316
v 0.445645 0.467049 -0.000327
v 0.446261 0.469351 -0.000345
v 0.396826 0.490391 -0.104334
v 0.396826 0.487390 -0.103011
v 0.396826 0.484279 -0.102447
v 0.366512 0.305141 -0.142410
v 0.364021 0.311155 -0.142456
v 0.360059 0.316319 -0.142495
v 0.354894 0.320282 -0.142525
v 0.348880 0.322774 -0.142544
v 0.342426 0.323624 -0.142551
v 0.335972 0.322774 -0.142544
v 0.329958 0.320284 -0.142525
v 0.324793 0.316321 -0.142495
v 0.320830 0.311157 -0.142456
v 0.318339 0.305143 -0.142410
v 0.317489 0.298690 -0.142362
v 0.318338 0.292236 -0.142313
v 0.320829 0.286222 -0.142267
v 0.324792 0.281057 -0.142228
v 0.329956 0.277094 -0.142198
v 0.335970 0.274603 -0.142179
v 0.342424 0.273753 -0.142172
v 0.000000 -0.003499 -0.140071
v 0.000000 0.173619 -0.141638
v 0.281455 0.173603 -0.141638
v 0.287795 0.174606 -0.141645
v 0.293515 0.177520 -0.141668
v 0.298054 0.182059 -0.141702
v 0.300968 0.187778 -0.141745
v 0.301973 0.194118 -0.141793
v -0.367361 0.298687 -0.142362
v -0.366511 0.292233 -0.142313
v -0.364020 0.286219 -0.142267
v -0.360057 0.281055 -0.142228
v -0.354892 0.277093 -0.142198
v -0.348878 0.274602 -0.142179
v -0.441844 0.593928 -0.048858
v -0.444097 0.593912 -0.048177
v -0.445580 0.593878 -0.046694
v -0.446261 0.593827 -0.044442
v -0.446261 0.469351 -0.000345
v -0.445645 0.467049 -0.000327
v -0.444184 0.465589 -0.000316
v -0.441882 0.464972 -0.000312
v -0.396826 0.484279 -0.102447
v -0.396826 0.487390 -0.103011
v -0.396826 0.490391 -0.104334
v -0.301973 0.194118 -0.141793
v -0.300968 0.187778 -0.141745
v -0.298054 0.182059 -0.141702
v -0.293515 0.177520 -0.141668
v -0.287795 0.174606 -0.141645
v -0.281455 0.173603 -0.141638
v -0.342424 0.273753 -0.142172
v -0.335970 0.274603 -0.142179
v -0.329956 0.277094 -0.142198
v -0.324792 0.281057 -0.142228
v -0.320829 0.286222 -0.142267
v -0.318338 0.292236 -0.142313
v -0.317489 0.298690 -0.142362
v -0.318339 0.305143 -0.142410
v -0.320830 0.311157 -0.142456
v -0.324793 0.316321 -0.142495
v -0.329958 0.320284 -0.142525
v -0.335972 0.322774 -0.142544
v -0.342426 0.323624 -0.142551
v -0.348880 0.322774 -0.142544
v -0.354894 0.320282 -0.142525
v -0.360059 0.316319 -0.142495
v -0.364021 0.311155 -0.142456
v -0.366512 0.305141 -0.142410
v 0.254112 0.001709 -0.056657
v 0.256648 0.002389 -0.056662
v 0.258505 0.004245 -0.056676
v 0.259185 0.006782 -0.056696
v 0.259185 0.091576 -0.057338
v -0.259185 0.091576 -0.057338
v -0.259185 0.006782 -0.056696
v -0.258505 0.004245 -0.056676
v -0.256648 0.002389 -0.056662
v -0.254112 0.001709 -0.056657
v -0.254112 0.001638 -0.066032
v -0.256648 0.002318 -0.066037
v -0.258505 0.004174 -0.066051
v -0.259185 0.006710 -0.066070
v -0.259185 0.091505 -0.066713
v 0.259185 0.091505 -0.066713
v 0.259185 0.006710 -0.066070
v 0.258505 0.004174 -0.066051
v 0.256648 0.002318 -0.066037
v 0.254112 0.001638 -0.066032
vn 0.9997 -0.0001 -0.0231
vn 1.0000 -0.0000 -0.0000
vn -0.0000 -0.0250 -0.9997
vn -0.0000 -0.0391 -0.9992
vn -0.0000 0.0288 -0.9996
vn -0.0000 -1.0000 0.0076
vn 0.0006 0.9984 0.0571
vn 0.0006 0.9998 0.0215
vn 0.0115 0.9992 0.0395
vn 0.0014 0.9998 0.0220
vn 0.0012 0.9997 0.0227
vn 0.0014 -0.0082 -1.0000
vn 0.0076 -0.0055 -1.0000
vn 0.0057 -0.0034 -1.0000
vn 0.0057 -0.0036 -1.0000
vn 0.0041 -0.0016 -1.0000
vn -0.0000 0.0039 -1.0000
vn 0.0025 0.0005 -1.0000
vn -0.0000 -0.0076 -1.0000
vn -0.0000 -0.0075 -1.0000
vn -0.0001 -0.2382 -0.9712
vn -0.0001 -0.0076 -1.0000
vn 0.0597 -0.2303 -0.9713
vn 0.1154 -0.2073 -0.9715
vn 0.1632 -0.1706 -0.9717
vn 0.1998 -0.1228 -0.9721
vn 0.2229 -0.0671 -0.9725
vn 0.2308 -0.0074 -0.9730
vn 0.2229 0.0524 -0.9734
vn 0.1999 0.1080 -0.9739
vn 0.1632 0.1558 -0.9742
vn 0.1154 0.1925 -0.9745
vn 0.0597 0.2156 -0.9747
vn -0.0000 0.2234 -0.9747
vn -0.0598 0.2156 -0.9747
vn -0.1154 0.1925 -0.9745
vn -0.1633 0.1559 -0.9742
vn -0.1999 0.1080 -0.9738
vn -0.2230 0.0524 -0.9734
vn -0.2309 -0.0074 -0.9730
vn -0.2230 -0.0671 -0.9725
vn -0.2000 -0.1228 -0.9721
vn -0.1633 -0.1706 -0.9717
vn -0.1155 -0.2073 -0.9714
vn -0.0598 -0.2303 -0.9713
vn -0.0000 -0.5248 -0.8512
vn 0.0188 -0.5283 -0.8489
vn -0.0000 -0.5369 -0.8437
vn 0.0230 -0.5285 -0.8486
vn -0.0000 -0.5091 -0.8607
vn 0.0285 -0.0383 -0.9989
vn 0.0041 0.0474 -0.9989
vn 0.0064 0.0076 1.0000
vn -0.0000 0.0076 1.0000
vn 0.0062 0.0076 1.0000
vn -0.9997 -0.0001 -0.0231
vn -1.0000 -0.0000 -0.0000
vn -0.0006 0.9984 0.0571
vn -0.0115 0.9992 0.0395
vn -0.0006 0.9998 0.0215
vn -0.0014 0.9998 0.0220
vn -0.0012 0.9997 0.0227
vn -0.0015 -0.0082 -1.0000
vn -0.0058 -0.0034 -1.0000
vn -0.0073 -0.0053 -1.0000
vn -0.0057 -0.0036 -1.0000
vn -0.0041 -0.0016 -1.0000
vn -0.0024 0.0006 -1.0000
vn 0.0001 -0.2382 -0.9712
vn -0.0597 -0.2303 -0.9713
vn 0.0001 -0.0076 -1.0000
vn -0.1154 -0.2073 -0.9715
vn -0.1632 -0.1706 -0.9717
vn -0.1998 -0.1228 -0.9721
vn -0.2229 -0.0671 -0.9725
vn -0.2308 -0.0074 -0.9730
vn -0.2229 0.0524 -0.9734
vn -0.1999 0.1080 -0.9739
vn -0.1632 0.1558 -0.9742
vn -0.0597 0.2156 -0.9747
vn 0.0598 0.2156 -0.9747
vn 0.1633 0.1559 -0.9742
vn 0.1999 0.1080 -0.9738
vn 0.2230 0.0524 -0.9734
vn 0.2309 -0.0074 -0.9730
vn 0.2230 -0.0671 -0.9725
vn 0.2000 -0.1228 -0.9721
vn 0.1633 -0.1706 -0.9717
vn 0.1155 -0.2073 -0.9714
vn 0.0598 -0.2303 -0.9713
vn -0.0187 -0.5282 -0.8489
vn -0.0231 -0.5286 -0.8486
vn -0.0285 -0.0383 -0.9989
vn -0.0041 0.0474 -0.9989
vn -0.0064 0.0074 1.0000
vn -0.0063 0.0074 1.0000
vn 0.0027 0.6195 -0.7850
vn -0.0000 0.6195 -0.7850
vn -0.0000 0.6630 -0.7486
vn 0.0026 0.6629 -0.7487
vn 0.9998 0.0150 -0.0110
vn 0.9999 0.0094 -0.0119
vn 0.7117 0.4371 -0.5499
vn 0.7026 0.4736 -0.5311
vn 0.5967 0.7256 -0.3428
vn 0.7010 0.7075 -0.0898
vn 0.0018 0.9041 -0.4273
vn 0.5966 0.7256 -0.3429
vn 0.7025 0.4737 -0.5312
vn 0.0026 0.9958 -0.0919
vn 0.7008 0.7077 -0.0898
vn 0.5966 0.7257 -0.3428
vn 0.0018 0.9042 -0.4271
vn -0.0000 0.9957 -0.0921
vn -0.0000 0.9042 -0.4271
vn -0.0000 0.9041 -0.4273
vn 0.7116 0.4372 -0.5499
vn 0.7072 -0.0035 -0.7070
vn 0.7057 0.2402 -0.6666
vn 1.0000 0.0014 -0.0040
vn 0.7071 -0.0035 -0.7071
vn 0.0027 0.3374 -0.9414
vn 0.7056 0.2402 -0.6667
vn -0.0000 0.3373 -0.9414
vn -0.0000 0.0121 -0.9999
vn 0.0001 1.0000 -0.0076
vn -0.2588 0.9659 -0.0073
vn -0.5000 0.8660 -0.0065
vn -0.7071 0.7071 -0.0053
vn -0.8660 0.5000 -0.0037
vn -0.9659 0.2589 -0.0019
vn -1.0000 0.0001 0.0001
vn -0.9659 -0.2588 0.0020
vn -0.8661 -0.4999 0.0038
vn -0.7072 -0.7070 0.0054
vn -0.7071 -0.7071 0.0054
vn -0.5000 -0.8660 0.0066
vn -0.2589 -0.9659 0.0073
vn -0.0001 -1.0000 0.0076
vn 0.2588 -0.9659 0.0073
vn 0.4999 -0.8660 0.0065
vn 0.5000 -0.8660 0.0065
vn 0.7071 -0.7071 0.0053
vn 0.8660 -0.5000 0.0037
vn 0.9659 -0.2589 0.0019
vn 1.0000 -0.0001 -0.0001
vn 0.9659 0.2588 -0.0020
vn 0.8660 0.4999 -0.0038
vn 0.8661 0.4999 -0.0038
vn 0.7071 0.7070 -0.0054
vn 0.5001 0.8660 -0.0066
vn 0.5000 0.8660 -0.0066
vn 0.2589 0.9659 -0.0073
vn 0.9996 0.0002 0.0274
vn 0.9986 0.0004 0.0520
vn 0.9987 0.0004 0.0519
vn 0.9983 -0.0107 -0.0569
vn 0.9946 -0.0089 -0.1034
vn 0.9945 -0.0097 -0.1040
vn 0.9983 -0.0108 -0.0575
vn 0.0034 0.9985 -0.0538
vn -0.0000 0.9985 -0.0538
vn -0.0000 0.9994 -0.0360
vn 0.0035 0.9993 -0.0360
vn 0.9994 0.0103 0.0345
vn 0.9985 0.0437 0.0343
vn 0.9976 0.0423 0.0552
vn 0.9984 0.0092 0.0560
vn 0.9986 0.0001 0.0521
vn 0.9986 0.0004 0.0521
vn 0.9989 0.0078 -0.0465
vn 0.9981 0.0417 -0.0463
vn 0.9986 0.0432 -0.0292
vn 0.9995 0.0093 -0.0290
vn 0.9971 -0.0303 -0.0697
vn 0.9969 -0.0321 -0.0725
vn 0.6403 -0.4072 -0.6513
vn 0.6423 -0.4063 -0.6498
vn 0.9998 -0.0163 -0.0133
vn 0.9998 -0.0169 -0.0131
vn 0.9997 -0.0002 -0.0259
vn 0.0698 0.0073 0.9975
vn 0.0681 0.0397 0.9969
vn -0.0000 0.0415 0.9991
vn -0.0210 0.0076 0.9998
vn -0.0209 0.0076 0.9998
vn 1.0000 -0.0018 -0.0067
vn 1.0000 -0.0007 -0.0057
vn 0.9992 0.0006 0.0393
vn 0.9992 -0.0000 0.0393
vn -0.0000 1.0000 -0.0076
vn 0.9989 -0.0004 -0.0478
vn 0.9955 -0.0007 -0.0949
vn 0.9955 -0.0009 -0.0949
vn 0.9955 -0.0007 -0.0946
vn 0.9955 -0.0007 -0.0945
vn 0.0190 -0.0076 -0.9998
vn 0.0191 -0.0077 -0.9998
vn 0.0755 0.0076 0.9971
vn 0.0754 0.0073 0.9971
vn 0.0218 -0.0076 -0.9997
vn 0.9911 -0.0010 -0.1331
vn 0.9980 -0.0005 -0.0626
vn 0.9911 -0.0010 -0.1332
vn 0.9911 -0.0008 -0.1330
vn 0.9911 -0.0009 -0.1329
vn 0.9995 0.0002 0.0314
vn 0.9981 0.0005 0.0619
vn 0.9981 0.0004 0.0619
vn 0.0218 -0.0078 -0.9997
vn 0.9912 -0.0012 -0.1322
vn 0.9912 -0.0011 -0.1322
vn -0.0000 0.9991 0.0420
vn 0.0043 1.0000 -0.0022
vn -0.0000 1.0000 -0.0041
vn 0.0217 -0.0076 -0.9997
vn 0.0217 -0.0074 -0.9997
vn 0.9981 0.0005 0.0618
vn 0.9981 0.0006 0.0618
vn 0.0029 0.0076 1.0000
vn 0.0029 0.0073 1.0000
vn 0.0029 0.0075 1.0000
vn 0.9981 0.0004 0.0614
vn 0.9981 0.0001 0.0615
vn 0.0190 -0.0075 -0.9998
vn 0.0190 -0.0078 -0.9998
vn -0.0000 -0.0201 -0.9998
vn 0.0190 -0.0201 -0.9996
vn 0.9980 0.0001 0.0635
vn 0.9980 0.0007 0.0635
vn 0.0029 0.0072 1.0000
vn 0.0030 0.0076 1.0000
vn 0.0030 0.0077 1.0000
vn 0.0030 0.0075 1.0000
vn 0.9986 0.0005 0.0523
vn 0.9986 0.0004 0.0522
vn 0.9955 -0.0007 -0.0951
vn 0.9955 -0.0006 -0.0951
vn -0.8023 0.0045 0.5969
vn -0.8010 0.0044 0.5986
vn 0.0188 -0.0076 -0.9998
vn 0.9989 -0.0139 -0.0447
vn 0.9990 -0.0128 -0.0431
vn 0.9983 -0.0082 0.0572
vn 0.9994 -0.0096 0.0327
vn 0.9994 -0.0092 0.0331
vn 0.9983 -0.0079 0.0576
vn 0.9998 -0.0001 -0.0177
vn 0.9999 -0.0001 -0.0112
vn 0.9998 0.0171 0.0029
vn 0.9987 0.0504 0.0026
vn 0.0739 0.9963 0.0447
vn 0.0505 0.7007 0.7117
vn 0.5667 0.5712 0.5938
vn 0.7031 0.7092 0.0513
vn 0.6940 0.0299 0.7193
vn 0.5667 0.5712 0.5939
vn 0.0505 0.7005 0.7118
vn 0.7033 0.7091 0.0513
vn 0.6941 0.0299 0.7192
vn 0.7035 0.7088 -0.0525
vn 0.5684 0.5639 -0.5990
vn 0.0019 0.6910 -0.7228
vn 0.6963 0.0191 -0.7175
vn 0.5685 0.5639 -0.5990
vn 0.7036 0.7087 -0.0524
vn 0.0019 0.6910 -0.7229
vn 0.5684 0.5639 -0.5991
vn 0.6962 0.0191 -0.7176
vn 0.6776 -0.2378 -0.6959
vn 0.9986 -0.0091 -0.0522
vn 0.0181 -0.2847 -0.9585
vn 0.6775 -0.2378 -0.6960
vn 0.6422 -0.4064 -0.6499
vn 0.6966 -0.0209 -0.7171
vn 0.0181 -0.2846 -0.9585
vn 0.6968 -0.0209 -0.7170
vn 0.6943 0.0043 0.7197
vn 0.6917 -0.0103 0.7221
vn 0.9981 0.0039 0.0620
vn 0.0722 0.0047 0.9974
vn 0.6916 -0.0104 0.7222
vn 0.6942 0.0043 0.7197
vn 0.6910 0.0043 0.7228
vn 0.6912 0.0043 0.7227
vn -0.0000 0.6911 -0.7228
vn -0.0000 0.6909 -0.7229
vn 0.0009 0.9990 0.0446
vn 0.0001 0.7024 0.7118
vn -0.0000 0.7023 0.7119
vn 0.6949 -0.0065 -0.7191
vn 0.6948 -0.0155 -0.7191
vn 0.6910 0.0055 0.7228
vn -0.0000 -0.2831 -0.9591
vn -0.0000 -0.2833 -0.9590
vn 0.6909 0.0054 0.7230
vn 0.6402 -0.4073 -0.6514
vn 0.6946 -0.0155 -0.7192
vn 0.6948 -0.0064 -0.7192
vn 0.6953 0.0049 0.7187
vn 0.6953 0.0050 0.7187
vn 0.6952 0.0049 0.7188
vn 0.6952 0.0048 0.7188
vn 0.6893 -0.0058 -0.7244
vn 0.6892 -0.0057 -0.7245
vn 0.6894 -0.0058 -0.7244
vn 0.6894 -0.0058 -0.7243
vn 0.6876 -0.0053 -0.7261
vn 0.6876 -0.0054 -0.7261
vn 0.6875 -0.0053 -0.7262
vn 0.6951 0.0056 0.7189
vn 0.6951 0.0055 0.7188
vn 0.6953 0.0055 0.7187
vn 0.6869 -0.0055 -0.7267
vn 0.6869 -0.0055 -0.7268
vn 0.6870 -0.0055 -0.7267
vn 0.6870 -0.0055 -0.7266
vn 0.6950 0.0055 0.7190
vn 0.6951 0.0057 0.7189
vn 0.6952 0.0054 0.7188
vn 0.6951 0.0055 0.7189
vn 0.6924 0.0047 0.7215
vn 0.6924 0.0048 0.7215
vn 0.6923 0.0047 0.7216
vn 0.6777 -0.0056 -0.7354
vn 0.6777 -0.0056 -0.7353
vn 0.6776 -0.0056 -0.7354
vn 0.6775 -0.0056 -0.7355
vn 0.6769 -0.0052 -0.7361
vn 0.6768 -0.0053 -0.7361
vn 0.6767 -0.0053 -0.7362
vn 0.6923 0.0058 0.7216
vn 0.6923 0.0057 0.7216
vn 0.6922 0.0058 0.7217
vn 0.6922 0.0057 0.7217
vn 0.6922 0.0053 0.7217
vn 0.6922 0.0055 0.7217
vn 0.6921 0.0054 0.7218
vn 0.6811 -0.0060 -0.7322
vn 0.6812 -0.0060 -0.7320
vn 0.6810 -0.0058 -0.7323
vn 0.0966 0.0075 0.9953
vn 0.6932 0.0047 0.7207
vn 0.6933 0.0047 0.7206
vn 0.6933 0.0046 0.7206
vn 1.0000 0.0087 0.0029
vn 0.9994 -0.0013 -0.0332
vn 0.9992 0.0052 0.0392
vn 0.7013 0.7129 -0.0019
vn 0.7034 0.7099 0.0349
vn 0.7033 0.7100 0.0349
vn 0.7012 0.7130 -0.0019
vn 0.7036 0.7095 -0.0390
vn 0.7035 0.7096 -0.0390
vn 0.9998 -0.0093 -0.0151
vn 0.9978 -0.0150 -0.0653
vn 0.9993 -0.0047 0.0384
vn 0.6903 -0.2146 -0.6909
vn 0.9934 -0.0292 -0.1108
vn 0.0181 -0.2953 -0.9552
vn 0.6902 -0.2146 -0.6910
vn 0.0756 0.0075 0.9971
vn 0.6915 0.0051 0.7224
vn 0.6916 0.0050 0.7223
vn 0.9980 -0.0039 0.0632
vn -0.7990 0.5877 0.1272
vn -0.7077 0.6881 0.1605
vn -0.7634 0.6413 0.0771
vn -0.7992 0.5877 0.1263
vn -0.7993 0.1181 0.5892
vn -0.7993 0.1175 0.5893
vn 0.0074 -0.0073 -0.9999
vn 0.7070 -0.0043 -0.7072
vn 0.7071 -0.0044 -0.7071
vn -0.0000 -0.2953 -0.9554
vn -0.0000 -0.5256 -0.8507
vn -0.9954 0.0008 0.0956
vn -0.9996 0.0002 0.0276
vn -0.9954 0.0007 0.0956
vn -0.9999 -0.0001 -0.0131
vn -0.9991 -0.0003 -0.0428
vn -0.9991 -0.0004 -0.0428
vn -0.9999 -0.0001 -0.0132
vn -0.0031 -0.0076 -1.0000
vn -0.9992 0.0004 0.0388
vn -0.9992 0.0003 0.0389
vn -0.0037 0.0076 1.0000
vn -0.9999 0.0001 0.0112
vn -0.7072 0.0054 0.7070
vn -0.7071 0.0054 0.7070
vn -0.7071 0.0054 0.7071
vn -0.7070 0.0054 0.7071
vn -0.7021 -0.0054 -0.7120
vn -0.7020 -0.0054 -0.7121
vn -0.6976 0.0054 0.7165
vn -0.6974 0.0054 0.7166
vn -0.7072 0.0052 0.7070
vn -0.7071 0.0053 0.7071
vn -0.0000 0.9984 0.0574
vn -0.7250 0.1358 0.6752
vn -0.7707 0.0631 0.6340
vn -0.5412 0.3529 0.7632
vn -0.5952 0.2978 0.7463
vn -0.8023 0.0046 0.5969
vn -0.3135 0.5360 0.7838
vn -0.3003 0.5447 0.7830
vn -0.0010 0.6960 0.7181
vn -0.3133 0.5361 0.7838
vn -0.3002 0.5448 0.7830
vn -0.0010 0.6960 0.7180
vn -0.0000 0.6964 0.7177
vn -0.0000 0.0414 0.9991
vn -0.0000 0.9988 0.0490
vn -0.0000 0.7018 0.7123
vn 0.0001 0.7017 0.7125
vn 0.0001 0.9998 0.0223
vn 0.0002 0.9997 0.0225
vn 0.0003 0.9997 0.0228
vn 0.0001 0.9997 0.0229
vn -0.0000 0.9998 0.0218
vn -0.0000 0.0069 1.0000
vn 0.0001 0.0322 0.9995
vn -0.0000 0.0322 0.9995
vn -0.0000 0.0072 1.0000
vn -0.0000 0.6996 0.7146
vn 0.0001 0.9992 0.0404
vn -0.0000 0.9992 0.0404
vn -0.0011 0.7325 0.6808
vn -0.0000 0.7321 0.6812
vn -0.0010 0.7324 0.6808
vn -0.8113 0.4102 0.4165
vn -0.8113 0.4107 0.4160
vn -0.8113 0.4100 0.4167
vn -0.8113 0.4106 0.4161
vn -0.3084 0.7914 0.5279
vn -0.3025 0.7911 0.5316
vn -0.5221 0.7711 0.3646
vn -0.5766 0.7548 0.3126
vn -0.7076 0.6881 0.1605
vn -0.7634 0.6413 0.0772
vn 0.7702 0.6377 -0.0086
vn 1.0000 0.0049 -0.0001
vn 0.0032 1.0000 -0.0077
vn 0.7702 0.6378 -0.0086
vn -0.6853 -0.0088 -0.7282
vn -0.6448 -0.2166 -0.7331
vn -0.6449 -0.2163 -0.7331
vn -0.6853 -0.0087 -0.7282
vn -0.5473 -0.4006 -0.7348
vn -0.5472 -0.4008 -0.7348
vn -0.3939 -0.5510 -0.7357
vn -0.3940 -0.5509 -0.7357
vn -0.2089 -0.6444 -0.7356
vn -0.0024 -0.6810 -0.7323
vn -0.2088 -0.6444 -0.7356
vn -0.0000 0.6902 -0.7237
vn -0.0022 0.6901 -0.7237
vn -0.0021 0.6901 -0.7237
vn -0.2112 0.6520 -0.7282
vn -0.2112 0.6519 -0.7282
vn -0.0023 0.6901 -0.7238
vn -0.4048 0.5521 -0.7289
vn -0.4051 0.5520 -0.7289
vn -0.5556 0.3984 -0.7298
vn -0.5557 0.3982 -0.7298
vn -0.6512 0.2037 -0.7310
vn -0.6854 -0.0024 -0.7282
vn -0.0023 -0.6810 -0.7323
vn -0.0000 -0.6811 -0.7322
vn -0.0001 -0.8359 -0.5488
vn -0.0001 -0.6595 -0.7517
vn 0.1691 -0.6373 -0.7519
vn 0.2152 -0.8076 -0.5491
vn -0.0001 -0.9013 -0.4332
vn 0.2323 -0.8707 -0.4335
vn -0.0001 -0.4551 -0.8904
vn 0.1160 -0.4398 -0.8906
vn 0.2241 -0.3951 -0.8909
vn 0.3268 -0.5720 -0.7524
vn 0.4158 -0.7246 -0.5496
vn 0.4489 -0.7810 -0.4342
vn 0.5881 -0.5924 -0.5506
vn 0.6349 -0.6383 -0.4353
vn 0.3170 -0.3238 -0.8914
vn 0.4622 -0.4681 -0.7532
vn 0.3882 -0.2310 -0.8922
vn 0.5662 -0.3327 -0.7542
vn 0.7202 -0.4201 -0.5521
vn 0.7776 -0.4524 -0.4367
vn 0.4330 -0.1228 -0.8930
vn 0.6315 -0.1750 -0.7554
vn 0.8034 -0.2195 -0.5535
vn 0.8673 -0.2358 -0.4383
vn 0.6538 -0.0058 -0.7567
vn 0.8317 -0.0043 -0.5552
vn 0.8979 -0.0034 -0.4401
vn 0.4483 -0.0068 -0.8939
vn 0.4330 0.1092 -0.8947
vn 0.6315 0.1634 -0.7580
vn 0.8034 0.2110 -0.5567
vn 0.8674 0.2290 -0.4419
vn 0.7203 0.4116 -0.5584
vn 0.7777 0.4456 -0.4435
vn 0.3883 0.2174 -0.8956
vn 0.5662 0.3211 -0.7591
vn 0.4623 0.4565 -0.7602
vn 0.5881 0.5839 -0.5596
vn 0.6350 0.6316 -0.4449
vn 0.3170 0.3102 -0.8963
vn 0.2242 0.3815 -0.8968
vn 0.3269 0.5604 -0.7609
vn 0.4159 0.7160 -0.5607
vn 0.4490 0.7743 -0.4460
vn 0.2153 0.7992 -0.5612
vn 0.2324 0.8640 -0.4466
vn 0.1160 0.4263 -0.8971
vn 0.1692 0.6258 -0.7614
vn -0.0000 0.6481 -0.7616
vn -0.0000 0.8275 -0.5615
vn -0.0000 0.8946 -0.4468
vn -0.0000 0.4416 -0.8972
vn -0.1161 0.4263 -0.8971
vn -0.1692 0.6258 -0.7614
vn -0.2152 0.7991 -0.5614
vn -0.2324 0.8640 -0.4466
vn -0.4158 0.7161 -0.5606
vn -0.4490 0.7743 -0.4459
vn -0.2242 0.3815 -0.8968
vn -0.3269 0.5605 -0.7609
vn -0.4623 0.4566 -0.7601
vn -0.5881 0.5839 -0.5596
vn -0.6350 0.6316 -0.4448
vn -0.3171 0.3103 -0.8962
vn -0.3883 0.2174 -0.8955
vn -0.5662 0.3212 -0.7591
vn -0.7203 0.4117 -0.5583
vn -0.7777 0.4457 -0.4434
vn -0.8034 0.2111 -0.5567
vn -0.8674 0.2291 -0.4417
vn -0.4331 0.1093 -0.8947
vn -0.6316 0.1635 -0.7579
vn -0.6539 -0.0057 -0.7566
vn -0.8318 -0.0042 -0.5551
vn -0.8980 -0.0033 -0.4400
vn -0.4484 -0.0068 -0.8938
vn -0.4331 -0.1228 -0.8929
vn -0.6316 -0.1749 -0.7553
vn -0.8036 -0.2195 -0.5533
vn -0.8674 -0.2357 -0.4382
vn -0.7203 -0.4200 -0.5520
vn -0.7777 -0.4523 -0.4366
vn -0.3883 -0.2309 -0.8921
vn -0.5663 -0.3326 -0.7541
vn -0.3171 -0.3238 -0.8914
vn -0.4624 -0.4680 -0.7531
vn -0.5882 -0.5923 -0.5507
vn -0.6350 -0.6383 -0.4352
vn -0.2242 -0.3950 -0.8909
vn -0.3270 -0.5719 -0.7523
vn -0.4160 -0.7245 -0.5496
vn -0.4491 -0.7810 -0.4341
vn -0.1693 -0.6372 -0.7518
vn -0.2154 -0.8076 -0.5490
vn -0.2325 -0.8707 -0.4334
vn -0.1161 -0.4398 -0.8905
vn -0.0027 0.6196 -0.7850
vn -0.0026 0.6630 -0.7486
vn -0.9998 0.0150 -0.0109
vn -0.7026 0.4736 -0.5311
vn -0.7117 0.4371 -0.5499
vn -0.9999 0.0094 -0.0119
vn -0.7010 0.7075 -0.0898
vn -0.5967 0.7256 -0.3428
vn -0.7025 0.4736 -0.5312
vn -0.5966 0.7256 -0.3429
vn -0.0018 0.9041 -0.4273
vn -0.0026 0.9958 -0.0920
vn -0.0018 0.9042 -0.4272
vn -0.5966 0.7257 -0.3428
vn -0.7008 0.7077 -0.0898
vn -0.7116 0.4372 -0.5499
vn -1.0000 0.0014 -0.0040
vn -0.7057 0.2401 -0.6666
vn -0.7073 -0.0035 -0.7069
vn -0.7072 -0.0035 -0.7071
vn -0.7056 0.2402 -0.6667
vn -0.0027 0.3374 -0.9414
vn -0.0001 1.0000 -0.0076
vn 0.2588 0.9659 -0.0073
vn 0.5000 0.8660 -0.0065
vn 0.7071 0.7071 -0.0053
vn 0.8660 0.5000 -0.0037
vn 0.9659 0.2589 -0.0019
vn 1.0000 0.0001 0.0001
vn 0.9659 -0.2588 0.0020
vn 0.8661 -0.4999 0.0038
vn 0.7071 -0.7071 0.0054
vn 0.7072 -0.7070 0.0054
vn 0.5000 -0.8660 0.0066
vn 0.2589 -0.9659 0.0073
vn 0.0001 -1.0000 0.0076
vn -0.2588 -0.9659 0.0073
vn -0.5000 -0.8660 0.0065
vn -0.4999 -0.8660 0.0065
vn -0.7071 -0.7071 0.0053
vn -0.8660 -0.5000 0.0037
vn -0.9659 -0.2589 0.0019
vn -1.0000 -0.0001 -0.0001
vn -0.9659 0.2588 -0.0020
vn -0.8661 0.4999 -0.0038
vn -0.8660 0.4999 -0.0038
vn -0.7071 0.7070 -0.0054
vn -0.5000 0.8660 -0.0066
vn -0.5001 0.8660 -0.0066
vn -0.2589 0.9659 -0.0073
vn -0.9996 0.0002 0.0274
vn -0.9987 0.0004 0.0519
vn -0.9986 0.0004 0.0520
vn -0.9983 -0.0107 -0.0569
vn -0.9983 -0.0108 -0.0575
vn -0.9945 -0.0097 -0.1040
vn -0.9946 -0.0089 -0.1034
vn -0.0034 0.9985 -0.0538
vn -0.0035 0.9993 -0.0360
vn -0.9993 0.0103 0.0346
vn -0.9984 0.0092 0.0560
vn -0.9976 0.0423 0.0552
vn -0.9985 0.0437 0.0343
vn -0.9986 0.0004 0.0521
vn -0.9986 0.0001 0.0521
vn -0.9989 0.0078 -0.0465
vn -0.9995 0.0093 -0.0290
vn -0.9986 0.0432 -0.0292
vn -0.9981 0.0417 -0.0463
vn -0.9971 -0.0303 -0.0697
vn -0.6423 -0.4064 -0.6498
vn -0.6403 -0.4072 -0.6513
vn -0.9969 -0.0321 -0.0725
vn -0.9998 -0.0169 -0.0131
vn -0.9998 -0.0163 -0.0133
vn -0.9997 0.0001 -0.0259
vn -0.0698 0.0073 0.9975
vn -0.0681 0.0397 0.9969
vn 0.0210 0.0076 0.9998
vn 0.0209 0.0076 0.9998
vn -1.0000 -0.0018 -0.0067
vn -0.9992 -0.0000 0.0393
vn -0.9992 0.0006 0.0393
vn -1.0000 -0.0007 -0.0057
vn -0.9989 -0.0004 -0.0478
vn -0.9955 -0.0007 -0.0949
vn -0.9955 -0.0007 -0.0946
vn -0.9955 -0.0008 -0.0945
vn -0.0191 -0.0076 -0.9998
vn -0.0190 -0.0079 -0.9998
vn -0.0755 0.0075 0.9971
vn -0.0754 0.0073 0.9971
vn -0.0218 -0.0074 -0.9997
vn -0.0218 -0.0076 -0.9997
vn -0.9911 -0.0009 -0.1331
vn -0.9911 -0.0010 -0.1332
vn -0.9980 -0.0005 -0.0626
vn -0.9911 -0.0010 -0.1330
vn -0.9911 -0.0008 -0.1329
vn -0.9995 0.0002 0.0314
vn -0.9981 0.0005 0.0619
vn -0.9981 0.0004 0.0619
vn -0.0218 -0.0080 -0.9997
vn -0.9912 -0.0010 -0.1322
vn -0.9912 -0.0011 -0.1322
vn -0.0043 1.0000 -0.0022
vn -0.0217 -0.0075 -0.9997
vn -0.0217 -0.0074 -0.9997
vn -0.9981 0.0005 0.0618
vn -0.9981 0.0006 0.0618
vn -0.0029 0.0073 1.0000
vn -0.0029 0.0076 1.0000
vn -0.9981 0.0004 0.0615
vn -0.9981 0.0001 0.0615
vn -0.0190 -0.0075 -0.9998
vn -0.0190 -0.0076 -0.9998
vn -0.0190 -0.0201 -0.9996
vn -0.9980 0.0002 0.0635
vn -0.9980 0.0007 0.0635
vn -0.0030 0.0072 1.0000
vn -0.0030 0.0076 1.0000
vn -0.0030 0.0077 1.0000
vn -0.0030 0.0075 1.0000
vn -0.9986 0.0004 0.0522
vn -0.9986 0.0004 0.0523
vn -0.0029 0.0077 1.0000
vn -0.9955 -0.0006 -0.0951
vn 0.8023 0.0045 0.5969
vn 0.8010 0.0044 0.5986
vn 0.8010 0.0044 0.5987
vn -0.0188 -0.0077 -0.9998
vn -0.0188 -0.0076 -0.9998
vn -0.9989 -0.0138 -0.0448
vn -0.9990 -0.0128 -0.0431
vn -0.9983 -0.0082 0.0572
vn -0.9983 -0.0079 0.0576
vn -0.9994 -0.0092 0.0332
vn -0.9994 -0.0096 0.0327
vn -0.9998 -0.0001 -0.0177
vn -0.9999 -0.0001 -0.0112
vn -0.9987 0.0504 0.0027
vn -0.9998 0.0172 0.0029
vn -0.0739 0.9963 0.0447
vn -0.7031 0.7092 0.0513
vn -0.5666 0.5712 0.5938
vn -0.0505 0.7007 0.7117
vn -0.0505 0.7005 0.7118
vn -0.5666 0.5712 0.5939
vn -0.6940 0.0299 0.7194
vn -0.6941 0.0299 0.7192
vn -0.5667 0.5712 0.5938
vn -0.7033 0.7091 0.0513
vn -0.0018 0.6911 -0.7228
vn -0.5685 0.5639 -0.5990
vn -0.7034 0.7088 -0.0525
vn -0.7036 0.7087 -0.0525
vn -0.5684 0.5639 -0.5990
vn -0.6963 0.0191 -0.7175
vn -0.6962 0.0191 -0.7176
vn -0.5684 0.5639 -0.5991
vn -0.0018 0.6909 -0.7229
vn -0.9986 -0.0091 -0.0522
vn -0.6776 -0.2378 -0.6959
vn -0.6422 -0.4064 -0.6499
vn -0.6775 -0.2378 -0.6960
vn -0.0181 -0.2847 -0.9585
vn -0.0181 -0.2846 -0.9585
vn -0.6966 -0.0209 -0.7171
vn -0.6968 -0.0209 -0.7170
vn -0.9981 0.0039 0.0620
vn -0.6917 -0.0103 0.7221
vn -0.6943 0.0043 0.7197
vn -0.6942 0.0043 0.7197
vn -0.6916 -0.0104 0.7222
vn -0.0722 0.0047 0.9974
vn -0.6910 0.0043 0.7228
vn -0.6912 0.0043 0.7227
vn -0.0001 0.7025 0.7117
vn -0.0009 0.9990 0.0446
vn -0.0001 0.7024 0.7118
vn -0.6949 -0.0065 -0.7191
vn -0.6947 -0.0155 -0.7191
vn -0.6910 0.0055 0.7228
vn -0.6909 0.0055 0.7230
vn -0.6402 -0.4073 -0.6514
vn -0.6948 -0.0064 -0.7192
vn -0.6946 -0.0155 -0.7192
vn -0.6953 0.0049 0.7187
vn -0.6952 0.0050 0.7188
vn -0.6952 0.0049 0.7188
vn -0.6892 -0.0058 -0.7245
vn -0.6893 -0.0059 -0.7244
vn -0.6894 -0.0058 -0.7244
vn -0.6894 -0.0058 -0.7243
vn -0.6876 -0.0053 -0.7261
vn -0.6875 -0.0054 -0.7262
vn -0.6875 -0.0053 -0.7262
vn -0.6951 0.0056 0.7188
vn -0.6951 0.0055 0.7189
vn -0.6953 0.0055 0.7187
vn -0.6953 0.0056 0.7187
vn -0.6869 -0.0055 -0.7268
vn -0.6869 -0.0056 -0.7267
vn -0.6870 -0.0055 -0.7267
vn -0.6870 -0.0055 -0.7266
vn -0.6951 0.0054 0.7189
vn -0.6950 0.0055 0.7190
vn -0.6952 0.0056 0.7188
vn -0.6924 0.0047 0.7215
vn -0.6924 0.0048 0.7215
vn -0.6923 0.0048 0.7216
vn -0.6923 0.0047 0.7216
vn -0.6777 -0.0056 -0.7353
vn -0.6777 -0.0056 -0.7354
vn -0.6776 -0.0057 -0.7354
vn -0.6775 -0.0056 -0.7355
vn -0.6768 -0.0052 -0.7361
vn -0.6769 -0.0053 -0.7361
vn -0.6767 -0.0053 -0.7362
vn -0.6767 -0.0052 -0.7362
vn -0.6923 0.0058 0.7216
vn -0.6923 0.0059 0.7216
vn -0.6922 0.0057 0.7217
vn -0.6922 0.0058 0.7217
vn -0.6922 0.0053 0.7217
vn -0.6922 0.0054 0.7217
vn -0.6921 0.0054 0.7218
vn -0.6921 0.0053 0.7218
vn -0.6812 -0.0060 -0.7320
vn -0.6811 -0.0059 -0.7322
vn -0.6811 -0.0060 -0.7322
vn -0.6810 -0.0060 -0.7323
vn -0.0966 0.0075 0.9953
vn -0.6932 0.0047 0.7207
vn -0.6933 0.0047 0.7206
vn -0.6935 0.0046 0.7205
vn -0.9994 -0.0013 -0.0332
vn -1.0000 0.0087 0.0029
vn -0.9992 0.0052 0.0392
vn -0.7034 0.7099 0.0349
vn -0.7013 0.7129 -0.0019
vn -0.7033 0.7100 0.0349
vn -0.7012 0.7130 -0.0019
vn -0.7036 0.7095 -0.0390
vn -0.7035 0.7096 -0.0390
vn -0.9978 -0.0150 -0.0653
vn -0.9998 -0.0093 -0.0151
vn -0.9993 -0.0047 0.0384
vn -0.9934 -0.0292 -0.1108
vn -0.6903 -0.2145 -0.6909
vn -0.6902 -0.2145 -0.6911
vn -0.0181 -0.2952 -0.9553
vn -0.6915 0.0051 0.7224
vn -0.0756 0.0075 0.9971
vn -0.9980 -0.0039 0.0632
vn -0.6916 0.0050 0.7223
vn 0.7990 0.5877 0.1272
vn 0.7991 0.5878 0.1262
vn 0.7634 0.6413 0.0771
vn 0.7077 0.6881 0.1605
vn 0.7993 0.1175 0.5893
vn 0.7993 0.1181 0.5892
vn -0.0074 -0.0081 -0.9999
vn -0.7070 -0.0044 -0.7072
vn -0.7071 -0.0044 -0.7071
vn 0.9954 0.0007 0.0956
vn 0.9996 0.0002 0.0271
vn 0.9996 0.0002 0.0276
vn 0.9999 -0.0001 -0.0131
vn 0.9999 -0.0001 -0.0132
vn 0.9991 -0.0003 -0.0428
vn 0.0031 -0.0076 -1.0000
vn 0.0031 -0.0075 -1.0000
vn 0.9992 0.0003 0.0388
vn 0.9992 0.0003 0.0389
vn 0.0037 0.0076 1.0000
vn 0.0037 0.0075 1.0000
vn 0.9999 0.0001 0.0112
vn 0.7071 0.0054 0.7070
vn 0.7072 0.0054 0.7070
vn 0.7071 0.0054 0.7071
vn 0.7070 0.0054 0.7071
vn 0.7021 -0.0054 -0.7120
vn 0.7020 -0.0054 -0.7121
vn 0.6976 0.0054 0.7165
vn 0.6974 0.0054 0.7166
vn 0.7072 0.0053 0.7070
vn 0.7071 0.0053 0.7071
vn 0.7250 0.1358 0.6752
vn 0.7707 0.0631 0.6340
vn 0.5412 0.3529 0.7632
vn 0.5952 0.2978 0.7463
vn 0.8023 0.0046 0.5969
vn 0.3135 0.5360 0.7838
vn 0.3003 0.5447 0.7830
vn 0.0011 0.6960 0.7181
vn 0.0010 0.6960 0.7180
vn 0.3002 0.5448 0.7830
vn 0.3133 0.5361 0.7838
vn -0.0001 0.9988 0.0490
vn -0.0000 0.7017 0.7125
vn -0.0001 0.9998 0.0223
vn -0.0002 0.9997 0.0225
vn -0.0003 0.9997 0.0228
vn -0.0001 0.9997 0.0229
vn -0.0001 0.6996 0.7146
vn 0.0011 0.7325 0.6808
vn 0.0010 0.7324 0.6808
vn 0.8113 0.4102 0.4166
vn 0.8113 0.4108 0.4160
vn 0.8113 0.4106 0.4161
vn 0.8113 0.4100 0.4167
vn 0.3084 0.7914 0.5279
vn 0.3025 0.7911 0.5316
vn 0.5221 0.7711 0.3646
vn 0.5766 0.7548 0.3126
vn 0.7076 0.6881 0.1605
vn 0.7634 0.6413 0.0772
vn -0.7702 0.6377 -0.0085
vn -1.0000 0.0049 -0.0001
vn -0.0032 0.9999 -0.0105
vn -0.7702 0.6378 -0.0086
vn 0.6853 -0.0088 -0.7282
vn 0.6853 -0.0087 -0.7282
vn 0.6448 -0.2164 -0.7331
vn 0.6448 -0.2166 -0.7331
vn 0.5472 -0.4008 -0.7348
vn 0.5474 -0.4006 -0.7348
vn 0.3940 -0.5510 -0.7357
vn 0.2089 -0.6444 -0.7356
vn 0.2090 -0.6444 -0.7356
vn 0.0024 -0.6810 -0.7323
vn 0.0022 0.6901 -0.7237
vn 0.0022 0.6901 -0.7238
vn 0.0023 0.6901 -0.7238
vn 0.2112 0.6520 -0.7282
vn 0.2110 0.6520 -0.7282
vn 0.4050 0.5520 -0.7289
vn 0.4048 0.5521 -0.7289
vn 0.5558 0.3981 -0.7298
vn 0.5556 0.3983 -0.7298
vn 0.6512 0.2039 -0.7310
vn 0.6512 0.2037 -0.7310
vn 0.6854 -0.0024 -0.7282
vn 0.0022 -0.6810 -0.7323
vn 0.0023 -0.6810 -0.7323
vn 0.0001 -0.8359 -0.5489
vn -0.2152 -0.8076 -0.5490
vn -0.1691 -0.6373 -0.7519
vn 0.0001 -0.6595 -0.7517
vn 0.0001 -0.9013 -0.4332
vn -0.2323 -0.8707 -0.4335
vn 0.0001 -0.4551 -0.8904
vn -0.1160 -0.4398 -0.8906
vn -0.2241 -0.3951 -0.8909
vn -0.3268 -0.5720 -0.7524
vn -0.4158 -0.7245 -0.5497
vn -0.4489 -0.7810 -0.4342
vn -0.6349 -0.6383 -0.4353
vn -0.5881 -0.5923 -0.5507
vn -0.3170 -0.3238 -0.8914
vn -0.4622 -0.4681 -0.7532
vn -0.5662 -0.3327 -0.7542
vn -0.3882 -0.2310 -0.8922
vn -0.7202 -0.4201 -0.5521
vn -0.7776 -0.4524 -0.4367
vn -0.4330 -0.1228 -0.8930
vn -0.6315 -0.1750 -0.7554
vn -0.8033 -0.2195 -0.5536
vn -0.8673 -0.2358 -0.4383
vn -0.8317 -0.0043 -0.5552
vn -0.6538 -0.0058 -0.7567
vn -0.8979 -0.0034 -0.4401
vn -0.4483 -0.0068 -0.8939
vn -0.6315 0.1634 -0.7580
vn -0.4330 0.1092 -0.8947
vn -0.8034 0.2110 -0.5568
vn -0.8674 0.2290 -0.4419
vn -0.7777 0.4456 -0.4435
vn -0.7203 0.4116 -0.5584
vn -0.3883 0.2174 -0.8956
vn -0.5662 0.3211 -0.7591
vn -0.5881 0.5838 -0.5597
vn -0.4623 0.4565 -0.7602
vn -0.6350 0.6316 -0.4449
vn -0.3170 0.3102 -0.8963
vn -0.3269 0.5604 -0.7609
vn -0.4158 0.7160 -0.5608
vn -0.4490 0.7743 -0.4460
vn -0.2153 0.7991 -0.5613
vn -0.1160 0.4263 -0.8971
vn 0.1161 0.4263 -0.8971
vn 0.2152 0.7991 -0.5613
vn 0.4490 0.7743 -0.4459
vn 0.4158 0.7161 -0.5606
vn 0.3269 0.5605 -0.7609
vn 0.4623 0.4566 -0.7601
vn 0.6350 0.6316 -0.4448
vn 0.3171 0.3103 -0.8962
vn 0.5662 0.3212 -0.7591
vn 0.3883 0.2174 -0.8955
vn 0.7203 0.4117 -0.5583
vn 0.7777 0.4457 -0.4434
vn 0.8674 0.2291 -0.4417
vn 0.8034 0.2111 -0.5567
vn 0.4331 0.1093 -0.8947
vn 0.6316 0.1635 -0.7579
vn 0.8317 -0.0042 -0.5551
vn 0.6539 -0.0057 -0.7566
vn 0.8980 -0.0033 -0.4400
vn 0.4484 -0.0068 -0.8938
vn 0.4331 -0.1228 -0.8929
vn 0.6316 -0.1749 -0.7553
vn 0.8034 -0.2194 -0.5535
vn 0.8674 -0.2357 -0.4382
vn 0.7777 -0.4523 -0.4366
vn 0.7204 -0.4200 -0.5520
vn 0.3883 -0.2309 -0.8921
vn 0.5663 -0.3326 -0.7541
vn 0.4624 -0.4680 -0.7531
vn 0.3171 -0.3238 -0.8914
vn 0.5882 -0.5923 -0.5507
vn 0.6350 -0.6383 -0.4352
vn 0.2242 -0.3950 -0.8909
vn 0.3270 -0.5719 -0.7523
vn 0.4159 -0.7244 -0.5497
vn 0.4491 -0.7810 -0.4341
vn 0.2153 -0.8076 -0.5490
vn 0.1693 -0.6372 -0.7518
vn 0.2325 -0.8707 -0.4334
vn 0.1161 -0.4398 -0.8905
vn 1.0000 -0.0079 0.0001
vn -1.0000 -0.0079 0.0001
vn -1.0000 -0.0078 -0.0000
vn -0.0014 -1.0000 0.0076
vn -0.0015 -1.0000 0.0075
vn -0.8660 -0.5000 0.0038
vn 0.0014 -1.0000 0.0076
vn 0.0015 -1.0000 0.0077
vn 0.8660 -0.5000 0.0038
vn 0.0109 -0.0066 -0.9999
vn 0.0023 -0.0080 -1.0000
vn 0.0023 -0.0081 -1.0000
vn -0.0000 0.9998 0.0213
vn 0.0002 0.9998 0.0220
vn 0.0001 0.9998 0.0218
vn 1.0000 -0.0000 0.0004
vn -0.0000 -0.0083 -1.0000
vn -0.0000 -0.0084 -1.0000
vn 0.0012 -0.0083 -1.0000
vn 0.0013 -0.0082 -1.0000
vn 0.0013 -0.0083 -1.0000
vn 0.0014 -0.0083 -1.0000
vn -0.0109 -0.0066 -0.9999
vn -0.0023 -0.0080 -1.0000
vn -0.0023 -0.0081 -1.0000
vn -0.0001 0.9998 0.0221
vn -0.0001 0.9998 0.0219
vn -0.0001 0.9998 0.0220
vn -1.0000 -0.0000 0.0001
vn -0.0013 -0.0082 -1.0000
vn -0.0014 -0.0082 -1.0000
vn -0.0013 -0.0083 -1.0000
vn -0.0014 -0.0083 -1.0000
vt 1.584273 0.353106
vt 1.617892 0.369958
vt 1.620943 0.369962
vt 1.609823 0.369947
vt 1.613067 0.369951
vt 1.625769 0.369968
vt 1.604997 0.369940
vt 1.130860 0.612767
vt 1.130859 0.789495
vt 1.145121 0.789495
vt 1.470752 0.793272
vt 1.432130 0.966536
vt 1.433613 0.967151
vt 1.156751 0.650667
vt 1.157365 0.652149
vt 1.161655 0.647859
vt 1.211761 0.227354
vt 1.212375 0.225872
vt 1.207471 0.223064
vt 1.084776 0.987698
vt 1.084349 0.989110
vt 1.088139 0.997605
vt 1.083312 0.990148
vt 1.081901 0.990576
vt 1.043256 0.322499
vt 1.043747 0.319665
vt 1.002112 0.278336
vt 1.045037 0.317102
vt 1.047070 0.315069
vt 1.052466 0.313287
vt 1.049633 0.313779
vt 1.749929 0.866097
vt 1.796480 0.733555
vt 1.794261 0.733170
vt 1.798308 0.734475
vt 1.799736 0.735903
vt 1.801041 0.739950
vt 1.800656 0.737731
vt 1.698817 0.739936
vt 1.698824 0.866097
vt 1.699169 0.737713
vt 1.700095 0.735896
vt 1.701537 0.734453
vt 1.703354 0.733527
vt 1.705578 0.733175
vt 1.801041 0.866097
vt 1.260332 0.220080
vt 1.260581 0.218117
vt 1.259835 0.219948
vt 1.259391 0.219691
vt 1.259027 0.219328
vt 1.258770 0.218883
vt 1.258636 0.218387
vt 1.258633 0.217872
vt 1.258763 0.217374
vt 1.259016 0.216927
vt 1.259375 0.216559
vt 1.259817 0.216298
vt 1.260311 0.216159
vt 1.260823 0.216154
vt 1.261320 0.216283
vt 1.261767 0.216538
vt 1.262134 0.216900
vt 1.262394 0.217346
vt 1.262529 0.217845
vt 1.262533 0.218361
vt 1.262403 0.218861
vt 1.262148 0.219310
vt 1.261787 0.219679
vt 1.261343 0.219941
vt 1.260846 0.220077
vt 1.202515 0.612789
vt 1.202513 0.581617
vt 1.182703 0.611772
vt 1.170896 0.581618
vt 1.181600 0.611349
vt 1.183260 0.612790
vt 1.170894 0.611350
vt 1.130864 0.581446
vt 1.145124 0.581449
vt 1.434227 0.968633
vt 1.434227 0.996600
vt 1.443750 0.998954
vt 1.434840 0.998099
vt 1.436322 0.998753
vt 1.446209 0.999023
vt 1.448669 0.999009
vt 1.468656 0.998726
vt 1.470752 0.996600
vt 1.470138 0.998091
vt 1.415674 0.793272
vt 1.415674 0.964440
vt 1.416288 0.965922
vt 1.417771 0.966536
vt 1.530202 0.096561
vt 1.523738 0.087613
vt 1.522686 0.088667
vt 1.524122 0.086175
vt 1.411691 0.991220
vt 1.411306 0.989783
vt 1.403795 0.998726
vt 1.794924 0.327427
vt 1.758254 0.344283
vt 1.761305 0.344279
vt 1.766130 0.344273
vt 1.769375 0.344268
vt 1.753429 0.344290
vt 1.774200 0.344262
vt 1.130860 0.966223
vt 1.433613 0.619393
vt 1.432130 0.620007
vt 1.074067 0.596469
vt 1.078971 0.599277
vt 1.074681 0.594987
vt 1.220900 0.204934
vt 1.216610 0.209224
vt 1.221514 0.206416
vt 1.084776 0.589806
vt 1.088139 0.579899
vt 1.084349 0.588394
vt 1.083312 0.587356
vt 1.081901 0.586928
vt 1.314428 0.322500
vt 1.355572 0.278338
vt 1.313937 0.319666
vt 1.312647 0.317104
vt 1.310614 0.315070
vt 1.305218 0.313289
vt 1.308051 0.313780
vt 1.794261 0.999023
vt 1.796480 0.998639
vt 1.798308 0.997719
vt 1.799736 0.996291
vt 1.800656 0.994463
vt 1.801041 0.992243
vt 1.698817 0.992257
vt 1.699169 0.994481
vt 1.700095 0.996298
vt 1.701537 0.997740
vt 1.703354 0.998666
vt 1.705578 0.999018
vt 1.284696 0.220083
vt 1.285191 0.219950
vt 1.284441 0.218121
vt 1.285635 0.219693
vt 1.285997 0.219328
vt 1.286252 0.218883
vt 1.286386 0.218387
vt 1.286388 0.217872
vt 1.286256 0.217374
vt 1.286001 0.216927
vt 1.285641 0.216561
vt 1.285200 0.216300
vt 1.284705 0.216163
vt 1.284192 0.216159
vt 1.283695 0.216290
vt 1.283249 0.216546
vt 1.282883 0.216909
vt 1.282624 0.217356
vt 1.282490 0.217855
vt 1.282490 0.218372
vt 1.282620 0.218872
vt 1.282877 0.219320
vt 1.283239 0.219688
vt 1.283685 0.219948
vt 1.284182 0.220082
vt 1.202515 0.966267
vt 1.182703 0.967284
vt 1.202513 0.997439
vt 1.181600 0.967707
vt 1.170896 0.997438
vt 1.183260 0.966266
vt 1.170894 0.967707
vt 1.130864 0.997544
vt 1.145124 0.997541
vt 1.434227 0.617910
vt 1.443750 0.587589
vt 1.434227 0.589943
vt 1.436322 0.587790
vt 1.434840 0.588444
vt 1.446209 0.587520
vt 1.448669 0.587534
vt 1.470752 0.589943
vt 1.468656 0.587817
vt 1.470138 0.588452
vt 1.415674 0.622103
vt 1.417771 0.620007
vt 1.416288 0.620621
vt 1.536554 0.096561
vt 1.544070 0.088667
vt 1.543018 0.087613
vt 1.542634 0.086175
vt 1.411691 0.590463
vt 1.403795 0.582957
vt 1.411306 0.591901
vt 1.002113 0.275662
vt 1.178842 0.275630
vt 1.178842 0.267126
vt 1.002107 0.267159
vt 1.575087 0.359669
vt 1.581757 0.354024
vt 1.581344 0.352941
vt 1.574831 0.358510
vt 1.574031 0.359176
vt 1.574035 0.360217
vt 1.002085 0.265811
vt 1.001180 0.265915
vt 1.000977 0.266938
vt 1.071911 0.985045
vt 1.072141 0.986168
vt 1.073156 0.985963
vt 1.073257 0.985063
vt 1.071911 0.808314
vt 1.073241 0.808314
vt 1.178842 0.265796
vt 1.000986 0.275557
vt 1.583889 0.352004
vt 1.582547 0.352280
vt 1.582946 0.353376
vt 1.000991 0.278441
vt 1.002123 0.276999
vt 1.000993 0.277000
vt 1.178842 0.276982
vt 1.178842 0.278335
vt 1.436882 0.061489
vt 1.436882 0.064412
vt 1.451053 0.064412
vt 1.451053 0.061489
vt 1.436882 0.067334
vt 1.451053 0.067334
vt 1.436882 0.070257
vt 1.451053 0.070257
vt 1.436882 0.073180
vt 1.451053 0.073180
vt 1.436882 0.076103
vt 1.451053 0.076103
vt 1.436882 0.079025
vt 1.451053 0.079025
vt 1.436882 0.081948
vt 1.451053 0.081948
vt 1.436882 0.084871
vt 1.451053 0.084871
vt 1.436882 0.087794
vt 1.451053 0.087794
vt 1.436882 0.090716
vt 1.451053 0.090716
vt 1.436882 0.093639
vt 1.451053 0.093639
vt 1.436882 0.096562
vt 1.451053 0.096562
vt 1.436882 0.026416
vt 1.436882 0.029338
vt 1.451054 0.029338
vt 1.451053 0.026416
vt 1.436882 0.032261
vt 1.451054 0.032261
vt 1.436882 0.035184
vt 1.451054 0.035184
vt 1.436882 0.038107
vt 1.451054 0.038107
vt 1.436882 0.041030
vt 1.451054 0.041030
vt 1.436882 0.043952
vt 1.451054 0.043952
vt 1.436882 0.046875
vt 1.451054 0.046875
vt 1.436882 0.049798
vt 1.451054 0.049798
vt 1.436882 0.052721
vt 1.451054 0.052721
vt 1.436882 0.055643
vt 1.451054 0.055643
vt 1.436882 0.058566
vt 1.451054 0.058566
vt 1.867287 0.626250
vt 1.867288 0.446290
vt 1.842365 0.446289
vt 1.842356 0.626250
vt 1.928406 0.321266
vt 1.940648 0.321266
vt 1.940653 0.303121
vt 1.928386 0.303120
vt 1.124342 0.996848
vt 1.124343 0.788752
vt 1.093333 0.788752
vt 1.093343 0.997617
vt 1.923141 0.270259
vt 1.923115 0.255198
vt 1.898001 0.255976
vt 1.898012 0.270287
vt 1.917809 0.731122
vt 1.917809 0.756034
vt 1.921052 0.756034
vt 1.921053 0.731118
vt 1.959346 0.270196
vt 1.959317 0.255893
vt 1.928321 0.255177
vt 1.928341 0.270252
vt 1.958016 0.273779
vt 1.941499 0.300318
vt 1.943048 0.300411
vt 1.959515 0.273923
vt 1.925786 0.303122
vt 1.925803 0.321267
vt 1.805727 0.370219
vt 1.805751 0.353106
vt 1.064645 0.596565
vt 1.064645 0.626280
vt 1.069035 0.621865
vt 1.069035 0.596565
vt 1.018139 0.580637
vt 1.018139 0.788469
vt 1.022529 0.788469
vt 1.022529 0.585033
vt 1.530324 0.045532
vt 1.530307 0.031297
vt 1.524085 0.031291
vt 1.524096 0.045538
vt 1.932485 0.689578
vt 1.960453 0.689578
vt 1.960453 0.652513
vt 1.932485 0.652513
vt 1.915421 0.678300
vt 1.914695 0.653405
vt 1.910313 0.657779
vt 1.911018 0.678297
vt 1.925783 0.300306
vt 1.925746 0.273838
vt 1.923146 0.273841
vt 1.923183 0.300300
vt 1.914103 0.715227
vt 1.913460 0.703005
vt 1.909107 0.707366
vt 1.909665 0.715229
vt 1.917809 0.761238
vt 1.917808 0.773472
vt 1.921052 0.773472
vt 1.921052 0.761238
vt 1.884758 0.626250
vt 1.884752 0.446290
vt 1.872492 0.446290
vt 1.872490 0.626250
vt 1.913439 0.745323
vt 1.914164 0.720429
vt 1.909761 0.720431
vt 1.909057 0.740946
vt 1.049158 0.788471
vt 1.049158 0.580647
vt 1.044768 0.585036
vt 1.044768 0.788471
vt 1.558813 0.067209
vt 1.558169 0.054965
vt 1.553817 0.059334
vt 1.554376 0.067211
vt 1.595145 0.616726
vt 1.595145 0.646389
vt 1.599534 0.641994
vt 1.599534 0.616726
vt 1.072697 0.024219
vt 1.069453 0.024219
vt 1.069453 0.053886
vt 1.072697 0.053881
vt 1.934800 0.753322
vt 1.935526 0.778224
vt 1.939907 0.773841
vt 1.939203 0.753325
vt 1.530204 0.075570
vt 1.530189 0.049115
vt 1.524097 0.049120
vt 1.524116 0.075575
vt 1.914717 0.695726
vt 1.915360 0.683502
vt 1.910922 0.683500
vt 1.910364 0.691372
vt 1.613061 0.374341
vt 1.617886 0.374348
vt 1.000977 0.580571
vt 1.000977 0.788455
vt 1.005366 0.788455
vt 1.005366 0.584986
vt 1.934714 0.389536
vt 1.934714 0.364269
vt 1.929889 0.364270
vt 1.929889 0.389536
vt 1.881797 0.258123
vt 1.881797 0.250242
vt 1.876971 0.250242
vt 1.876971 0.258124
vt 1.578493 0.321450
vt 1.578493 0.313557
vt 1.573668 0.313557
vt 1.573668 0.321454
vt 1.881797 0.245037
vt 1.881797 0.224509
vt 1.876971 0.224511
vt 1.876971 0.245037
vt 1.794715 0.219088
vt 1.794715 0.244388
vt 1.799540 0.244379
vt 1.799540 0.219088
vt 1.594789 0.321448
vt 1.594789 0.313564
vt 1.589964 0.313564
vt 1.589964 0.321447
vt 1.088130 0.788752
vt 1.090741 0.997639
vt 1.090731 0.788752
vt 1.424373 0.972178
vt 1.424373 0.997449
vt 1.429198 0.997452
vt 1.429198 0.972178
vt 1.578493 0.308353
vt 1.578493 0.287822
vt 1.573668 0.287818
vt 1.573668 0.308353
vt 1.620937 0.374352
vt 1.625762 0.374358
vt 1.158105 0.169332
vt 1.158105 0.199006
vt 1.162494 0.199006
vt 1.162494 0.173732
vt 1.390856 0.997468
vt 1.394100 0.997473
vt 1.394100 0.789635
vt 1.390856 0.789635
vt 1.075163 0.196998
vt 1.075806 0.184775
vt 1.071369 0.184772
vt 1.070810 0.192636
vt 1.397422 0.997464
vt 1.400473 0.997463
vt 1.400473 0.789641
vt 1.397422 0.789641
vt 1.040570 0.996296
vt 1.040570 0.788470
vt 1.036181 0.788470
vt 1.036181 0.991910
vt 1.935504 0.735902
vt 1.934861 0.748120
vt 1.939299 0.748122
vt 1.939857 0.740260
vt 1.594789 0.308360
vt 1.594789 0.287801
vt 1.589964 0.287810
vt 1.589964 0.308360
vt 1.604991 0.374330
vt 1.609816 0.374336
vt 1.558148 0.097323
vt 1.558874 0.072411
vt 1.554471 0.072413
vt 1.553766 0.092936
vt 1.815938 0.246793
vt 1.818988 0.246793
vt 1.818988 0.217138
vt 1.815938 0.217137
vt 1.560972 0.682514
vt 1.561697 0.657608
vt 1.557295 0.657611
vt 1.556590 0.678149
vt 1.075867 0.179573
vt 1.075140 0.154622
vt 1.070759 0.159023
vt 1.071464 0.179570
vt 1.824295 0.326236
vt 1.824295 0.355903
vt 1.828684 0.355903
vt 1.828684 0.330612
vt 1.149826 0.581666
vt 1.149869 0.611377
vt 1.168007 0.611351
vt 1.167966 0.581619
vt 1.561637 0.652406
vt 1.560994 0.640188
vt 1.556641 0.644546
vt 1.557199 0.652409
vt 1.898192 0.300328
vt 1.898151 0.273873
vt 1.462910 0.570332
vt 1.259441 0.570332
vt 1.259441 0.575158
vt 1.462901 0.575158
vt 1.014817 0.788466
vt 1.014817 0.580622
vt 1.010427 0.585023
vt 1.010427 0.788466
vt 1.409413 0.554037
vt 1.205974 0.554037
vt 1.205974 0.558862
vt 1.409417 0.558862
vt 1.409412 0.562185
vt 1.205974 0.562185
vt 1.205974 0.567010
vt 1.409410 0.567010
vt 1.164977 0.618581
vt 1.164977 0.648235
vt 1.169367 0.648235
vt 1.169367 0.622970
vt 1.424372 0.584282
vt 1.424372 0.613937
vt 1.428762 0.609552
vt 1.428762 0.584282
vt 1.309511 0.356087
vt 1.306460 0.356087
vt 1.306460 0.380992
vt 1.309510 0.380992
vt 1.207573 0.997485
vt 1.387533 0.997477
vt 1.387533 0.789633
vt 1.207573 0.789633
vt 1.309511 0.338643
vt 1.306460 0.338645
vt 1.306460 0.350883
vt 1.309511 0.350883
vt 1.031983 0.788470
vt 1.031983 0.580635
vt 1.027594 0.585011
vt 1.027594 0.788470
vt 1.548812 0.055198
vt 1.548800 0.053406
vt 1.548123 0.053411
vt 1.548135 0.055203
vt 1.895090 0.999023
vt 1.895088 0.819063
vt 1.865414 0.819063
vt 1.865408 0.999023
vt 1.928383 0.300316
vt 1.928347 0.273834
vt 1.898239 0.321303
vt 1.923201 0.321269
vt 1.923187 0.303125
vt 1.898197 0.303161
vt 1.071473 0.182172
vt 1.075881 0.182174
vt 1.554480 0.069812
vt 1.558888 0.069809
vt 1.911027 0.680899
vt 1.915434 0.680902
vt 1.573668 0.310955
vt 1.578493 0.310955
vt 1.876971 0.247639
vt 1.881797 0.247639
vt 1.589964 0.310962
vt 1.594789 0.310962
vt 1.557304 0.655009
vt 1.561711 0.655007
vt 1.939194 0.750723
vt 1.934787 0.750721
vt 1.909770 0.717830
vt 1.914177 0.717827
vt 1.869888 0.626250
vt 1.869890 0.446290
vt 1.309511 0.353485
vt 1.306460 0.353485
vt 1.921052 0.758636
vt 1.917809 0.758636
vt 1.925741 0.270256
vt 1.925718 0.255159
vt 1.063036 0.996874
vt 1.061653 0.996899
vt 1.061848 0.998006
vt 1.062949 0.998239
vt 1.531686 0.031222
vt 1.531488 0.030117
vt 1.530383 0.029918
vt 1.897910 0.254610
vt 1.896809 0.254846
vt 1.896618 0.255955
vt 1.124425 0.998214
vt 1.125528 0.997983
vt 1.125723 0.996874
vt 1.960699 0.255863
vt 1.960501 0.254754
vt 1.959397 0.254525
vt 1.146503 0.581379
vt 1.146304 0.580269
vt 1.145194 0.580068
vt 1.960403 0.271992
vt 1.958958 0.271838
vt 1.204245 0.581522
vt 1.203927 0.580071
vt 1.201804 0.580130
vt 1.130837 0.580056
vt 1.129014 0.580011
vt 1.129128 0.581496
vt 1.960740 0.270206
vt 1.896618 0.270289
vt 1.896633 0.272084
vt 1.898081 0.272080
vt 1.530257 0.047323
vt 1.531706 0.047324
vt 1.531717 0.045531
vt 1.531691 0.049115
vt 1.896651 0.273877
vt 1.125732 0.788752
vt 1.146510 0.789495
vt 1.063020 0.990592
vt 1.061627 0.990597
vt 1.524089 0.029899
vt 1.942207 0.321268
vt 1.942216 0.303138
vt 1.896689 0.300326
vt 1.524096 0.047329
vt 1.129125 0.612767
vt 1.204250 0.612789
vt 1.031399 0.579199
vt 1.027016 0.583582
vt 1.555958 0.679545
vt 1.560344 0.683925
vt 1.829263 0.329162
vt 1.824884 0.324786
vt 1.560331 0.638766
vt 1.555958 0.643147
vt 1.909675 0.692764
vt 1.914051 0.697144
vt 1.424960 0.615395
vt 1.429338 0.611017
vt 1.531710 0.075571
vt 1.170653 0.580129
vt 1.167909 0.580105
vt 1.149825 0.580139
vt 1.921052 0.729573
vt 1.917808 0.729574
vt 1.390856 0.999022
vt 1.394100 0.999023
vt 1.069453 0.055450
vt 1.072697 0.055449
vt 1.917808 0.775042
vt 1.921052 0.775042
vt 1.309510 0.337076
vt 1.306460 0.337077
vt 1.818988 0.215566
vt 1.815938 0.215566
vt 1.397422 0.999023
vt 1.400473 0.999023
vt 1.306460 0.382546
vt 1.309510 0.382546
vt 1.863857 0.819063
vt 1.863857 0.999023
vt 1.886304 0.626250
vt 1.886304 0.446290
vt 1.207573 0.999023
vt 1.387533 0.999022
vt 1.840826 0.446289
vt 1.840822 0.626250
vt 1.594789 0.286276
vt 1.589964 0.286278
vt 1.464442 0.575158
vt 1.464445 0.570333
vt 1.876971 0.259684
vt 1.881797 0.259683
vt 1.934714 0.362692
vt 1.929889 0.362692
vt 1.573668 0.323003
vt 1.578493 0.323002
vt 1.424373 0.999022
vt 1.429198 0.999023
vt 1.578493 0.286275
vt 1.573668 0.286274
vt 1.410971 0.558862
vt 1.410970 0.554037
vt 1.881797 0.222960
vt 1.876971 0.222960
vt 1.410972 0.567010
vt 1.410972 0.562185
vt 1.589964 0.323003
vt 1.594789 0.323002
vt 1.794715 0.245943
vt 1.799540 0.245940
vt 1.936156 0.779638
vt 1.940547 0.775252
vt 1.023113 0.583586
vt 1.018725 0.579198
vt 1.595734 0.647842
vt 1.600114 0.643461
vt 1.940547 0.738862
vt 1.936168 0.734480
vt 1.074527 0.153242
vt 1.070130 0.157634
vt 1.005941 0.583563
vt 1.001548 0.579169
vt 1.557510 0.053561
vt 1.553130 0.057946
vt 1.163069 0.172271
vt 1.158687 0.167888
vt 1.169946 0.621502
vt 1.165565 0.617122
vt 1.912794 0.701585
vt 1.908417 0.705968
vt 1.048570 0.579202
vt 1.044183 0.583589
vt 1.908417 0.742358
vt 1.912806 0.746742
vt 1.035597 0.993355
vt 1.039983 0.997740
vt 1.914063 0.651986
vt 1.909675 0.656369
vt 1.070130 0.194034
vt 1.074515 0.198417
vt 1.065233 0.627695
vt 1.069614 0.623308
vt 1.014234 0.579192
vt 1.009845 0.583581
vt 1.553130 0.094343
vt 1.557522 0.098730
vt 1.530205 0.078410
vt 1.531717 0.096560
vt 1.531713 0.078409
vt 1.896693 0.303164
vt 1.896729 0.321306
vt 1.925744 0.272047
vt 1.928344 0.272043
vt 1.923144 0.272050
vt 1.925714 0.253774
vt 1.923099 0.253814
vt 1.088126 0.998988
vt 1.090740 0.999023
vt 1.928330 0.253793
vt 1.093354 0.999001
vt 1.065611 0.978370
vt 1.065611 0.807201
vt 1.060707 0.807201
vt 1.060707 0.983931
vt 1.925784 0.301714
vt 1.928384 0.301718
vt 1.923185 0.301713
vt 1.942461 0.301757
vt 1.940904 0.301705
vt 1.169403 0.581609
vt 1.169250 0.580112
vt 1.530204 0.076990
vt 1.531711 0.076990
vt 1.896691 0.301745
vt 1.898194 0.301745
vt 1.077124 0.654223
vt 1.077418 0.672951
vt 1.078085 0.672329
vt 1.077794 0.654319
vt 1.548705 0.039145
vt 1.548037 0.039253
vt 1.002110 0.500351
vt 1.001008 0.500350
vt 1.805752 0.352004
vt 1.169424 0.611350
vt 1.183260 0.789528
vt 1.202516 0.789528
vt 1.204250 0.789528
vt 1.129125 0.789495
vt 1.405419 0.286384
vt 1.405433 0.288844
vt 1.410337 0.288899
vt 1.410323 0.286298
vt 1.405363 0.291303
vt 1.410264 0.291500
vt 1.405161 0.298730
vt 1.404506 0.300211
vt 1.408967 0.305151
vt 1.409623 0.303751
vt 1.839697 0.259684
vt 1.847127 0.259684
vt 1.847127 0.222619
vt 1.839697 0.222619
vt 1.405141 0.266396
vt 1.409588 0.261378
vt 1.852047 0.259684
vt 1.872037 0.259684
vt 1.872036 0.222619
vt 1.852047 0.222619
vt 1.156137 0.621201
vt 1.156751 0.622700
vt 1.161655 0.618177
vt 1.161075 0.616739
vt 1.057384 0.788587
vt 1.057384 0.585258
vt 1.052480 0.580735
vt 1.052480 0.788587
vt 1.002589 0.550714
vt 1.205918 0.550714
vt 1.205918 0.513649
vt 1.002589 0.513649
vt 1.212375 0.211512
vt 1.212989 0.210030
vt 1.207893 0.204934
vt 1.207471 0.205951
vt 1.066225 0.979852
vt 1.061128 0.984949
vt 1.924962 0.339966
vt 1.910602 0.339966
vt 1.910602 0.377032
vt 1.924962 0.377032
vt 1.493866 0.422196
vt 1.493866 0.593365
vt 1.530931 0.593365
vt 1.530931 0.422196
vt 1.849587 0.259684
vt 1.849587 0.222619
vt 1.057998 0.583767
vt 1.053060 0.579310
vt 1.926566 0.377032
vt 1.926566 0.339966
vt 1.493866 0.594970
vt 1.530931 0.594970
vt 1.873649 0.259684
vt 1.873649 0.222619
vt 1.000977 0.513649
vt 1.000977 0.550714
vt 1.838077 0.222619
vt 1.838077 0.259684
vt 1.962072 0.689578
vt 1.962072 0.652513
vt 1.908998 0.339966
vt 1.908998 0.377032
vt 1.930881 0.652513
vt 1.930881 0.689578
vt 1.404506 0.264914
vt 1.408964 0.259977
vt 1.084742 0.788752
vt 1.524116 0.076994
vt 1.524117 0.078415
vt 1.549070 0.093893
vt 1.549019 0.086275
vt 1.548342 0.086280
vt 1.548389 0.093329
vt 1.549010 0.084856
vt 1.549000 0.083437
vt 1.548323 0.083441
vt 1.548333 0.084861
vt 1.548895 0.094949
vt 1.548214 0.094385
vt 1.548402 0.095734
vt 1.547721 0.095171
vt 1.006599 0.503675
vt 1.005549 0.503884
vt 1.005953 0.504670
vt 1.007003 0.504462
vt 1.205402 0.503675
vt 1.205402 0.504462
vt 1.523070 0.076995
vt 1.523070 0.078415
vt 1.523069 0.075575
vt 1.523038 0.031291
vt 1.523050 0.045538
vt 1.523050 0.047329
vt 1.523050 0.049121
vt 1.063018 0.989544
vt 1.061626 0.989546
vt 1.523038 0.029899
vt 1.083729 0.987543
vt 1.083423 0.988556
vt 1.082757 0.989223
vt 1.081746 0.989530
vt 1.412352 0.989645
vt 1.412352 0.790842
vt 1.411306 0.790842
vt 1.412629 0.990679
vt 1.522799 0.087072
vt 1.522143 0.087729
vt 1.523075 0.086038
vt 1.083695 0.788752
vt 1.543269 0.798658
vt 1.543268 0.598292
vt 1.541849 0.598292
vt 1.541849 0.798658
vt 1.540430 0.598292
vt 1.540429 0.798658
vt 1.510398 0.598292
vt 1.496240 0.598292
vt 1.496241 0.798657
vt 1.510398 0.798657
vt 1.512190 0.598292
vt 1.512190 0.798657
vt 1.513982 0.598292
vt 1.513982 0.798657
vt 1.495160 0.598292
vt 1.494081 0.598292
vt 1.494071 0.798657
vt 1.495155 0.798657
vt 1.003591 0.510326
vt 1.202378 0.510327
vt 1.202378 0.509510
vt 1.003995 0.509509
vt 1.548824 0.056990
vt 1.548147 0.056994
vt 1.077527 0.652897
vt 1.078085 0.653280
vt 1.548273 0.037828
vt 1.547721 0.038220
vt 1.002561 0.510089
vt 1.002965 0.509272
vt 1.001795 0.509541
vt 1.002199 0.508724
vt 1.001222 0.508653
vt 1.001626 0.507836
vt 1.240604 0.211443
vt 1.242019 0.212858
vt 1.244819 0.210710
vt 1.242752 0.208643
vt 1.243020 0.214592
vt 1.246280 0.213241
vt 1.243538 0.216525
vt 1.247037 0.216064
vt 1.243538 0.218526
vt 1.247037 0.218987
vt 1.243020 0.220460
vt 1.246280 0.221810
vt 1.242019 0.222193
vt 1.244819 0.224341
vt 1.240604 0.223608
vt 1.242752 0.226408
vt 1.238871 0.224609
vt 1.240221 0.227869
vt 1.236937 0.225127
vt 1.237398 0.228626
vt 1.234936 0.225127
vt 1.234475 0.228626
vt 1.233002 0.224609
vt 1.231652 0.227869
vt 1.231269 0.223608
vt 1.229121 0.226408
vt 1.229854 0.222193
vt 1.227054 0.224341
vt 1.228853 0.220459
vt 1.225593 0.221810
vt 1.228335 0.218526
vt 1.224836 0.218987
vt 1.228335 0.216525
vt 1.224836 0.216064
vt 1.228853 0.214591
vt 1.225593 0.213241
vt 1.229854 0.212858
vt 1.227054 0.210710
vt 1.231269 0.211443
vt 1.229121 0.208643
vt 1.233003 0.210442
vt 1.231652 0.207182
vt 1.234936 0.209924
vt 1.234475 0.206425
vt 1.236937 0.209924
vt 1.237398 0.206425
vt 1.238871 0.210442
vt 1.240221 0.207182
vt 1.178842 0.313288
vt 1.574007 0.362792
vt 1.575037 0.363385
vt 1.069845 0.808314
vt 1.069845 0.985056
vt 1.069562 0.986194
vt 1.902065 0.898028
vt 1.902346 0.895792
vt 1.898770 0.894873
vt 1.898412 0.897727
vt 1.903030 0.893864
vt 1.899729 0.892169
vt 1.904129 0.892170
vt 1.901294 0.889757
vt 1.905614 0.890761
vt 1.907544 0.889600
vt 1.905840 0.886299
vt 1.903376 0.887782
vt 1.814999 0.872555
vt 1.814994 0.746395
vt 1.811394 0.746186
vt 1.811399 0.872555
vt 1.907544 0.995173
vt 1.905619 0.994005
vt 1.903381 0.996859
vt 1.905845 0.998354
vt 1.904158 0.992583
vt 1.901316 0.994849
vt 1.903055 0.990867
vt 1.899758 0.992425
vt 1.902368 0.988947
vt 1.898787 0.989711
vt 1.902109 0.986710
vt 1.898456 0.986848
vt 1.804364 0.746396
vt 1.804364 0.872542
vt 1.808071 0.872542
vt 1.808071 0.746167
vt 1.259560 0.226262
vt 1.259824 0.224117
vt 1.258297 0.223706
vt 1.257478 0.225690
vt 1.259272 0.228619
vt 1.256570 0.227836
vt 1.260079 0.222074
vt 1.259076 0.221806
vt 1.258179 0.221285
vt 1.256937 0.222909
vt 1.255636 0.224595
vt 1.254216 0.226401
vt 1.254155 0.223072
vt 1.252337 0.224438
vt 1.257449 0.220551
vt 1.255836 0.221791
vt 1.256934 0.219654
vt 1.255063 0.220433
vt 1.253119 0.221234
vt 1.251029 0.222086
vt 1.256668 0.218658
vt 1.254666 0.218928
vt 1.252589 0.219202
vt 1.250359 0.219496
vt 1.254657 0.217373
vt 1.252584 0.217108
vt 1.250359 0.216830
vt 1.256660 0.217627
vt 1.256918 0.216628
vt 1.255044 0.215868
vt 1.253102 0.215082
vt 1.251017 0.214246
vt 1.254121 0.213248
vt 1.252307 0.211904
vt 1.257424 0.215728
vt 1.255804 0.214507
vt 1.256890 0.213383
vt 1.255580 0.211724
vt 1.254158 0.209950
vt 1.258145 0.214985
vt 1.259035 0.214455
vt 1.258235 0.212573
vt 1.257393 0.210618
vt 1.256466 0.208515
vt 1.259448 0.210014
vt 1.259102 0.207709
vt 1.260034 0.214173
vt 1.259750 0.212139
vt 1.261331 0.212119
vt 1.261607 0.209976
vt 1.261913 0.207621
vt 1.261072 0.214161
vt 1.262077 0.214423
vt 1.262861 0.212523
vt 1.263693 0.210543
vt 1.264616 0.208403
vt 1.265539 0.211635
vt 1.266971 0.209837
vt 1.262979 0.214939
vt 1.264227 0.213315
vt 1.265336 0.214431
vt 1.267027 0.213156
vt 1.268854 0.211800
vt 1.263716 0.215672
vt 1.264238 0.216569
vt 1.266118 0.215791
vt 1.268069 0.214995
vt 1.270167 0.214153
vt 1.268609 0.217029
vt 1.270843 0.216744
vt 1.264510 0.217571
vt 1.266525 0.217301
vt 1.266535 0.218865
vt 1.268619 0.219129
vt 1.270850 0.219414
vt 1.264518 0.218610
vt 1.264259 0.219617
vt 1.266147 0.220381
vt 1.268099 0.221166
vt 1.270191 0.222001
vt 1.267068 0.223002
vt 1.268891 0.224341
vt 1.263744 0.220521
vt 1.265375 0.221745
vt 1.263016 0.221264
vt 1.264279 0.222869
vt 1.265601 0.224525
vt 1.267034 0.226293
vt 1.262120 0.221793
vt 1.262927 0.223676
vt 1.263781 0.225629
vt 1.264722 0.227727
vt 1.261407 0.224104
vt 1.261721 0.226230
vt 1.262084 0.228532
vt 1.261118 0.222069
vt 1.403795 0.790842
vt 1.355572 0.275665
vt 1.355577 0.267161
vt 1.804111 0.333991
vt 1.804366 0.332832
vt 1.797853 0.327263
vt 1.797441 0.328346
vt 1.805162 0.334538
vt 1.805166 0.333498
vt 1.356708 0.266940
vt 1.356505 0.265918
vt 1.355599 0.265813
vt 1.071911 0.631583
vt 1.073257 0.631565
vt 1.073156 0.630665
vt 1.072141 0.630460
vt 1.356699 0.275560
vt 1.796252 0.327697
vt 1.796651 0.326602
vt 1.795308 0.326326
vt 1.356694 0.278444
vt 1.356691 0.277003
vt 1.355561 0.277002
vt 1.419388 0.061489
vt 1.433559 0.061489
vt 1.433559 0.058566
vt 1.419388 0.058566
vt 1.433559 0.055643
vt 1.419388 0.055643
vt 1.433559 0.052720
vt 1.419388 0.052720
vt 1.433558 0.049798
vt 1.419388 0.049798
vt 1.433558 0.046875
vt 1.419388 0.046875
vt 1.433558 0.043952
vt 1.419388 0.043952
vt 1.433558 0.041029
vt 1.419388 0.041029
vt 1.433558 0.038107
vt 1.419388 0.038107
vt 1.433559 0.035184
vt 1.419388 0.035184
vt 1.433559 0.032261
vt 1.419388 0.032261
vt 1.433559 0.029338
vt 1.419388 0.029338
vt 1.433559 0.026416
vt 1.419388 0.026416
vt 1.419388 0.096562
vt 1.433559 0.096562
vt 1.433559 0.093639
vt 1.419388 0.093639
vt 1.433559 0.090716
vt 1.419388 0.090716
vt 1.433560 0.087794
vt 1.419388 0.087794
vt 1.433560 0.084871
vt 1.419388 0.084871
vt 1.433560 0.081948
vt 1.419388 0.081948
vt 1.433560 0.079025
vt 1.419388 0.079025
vt 1.433560 0.076103
vt 1.419388 0.076103
vt 1.433560 0.073180
vt 1.419388 0.073180
vt 1.433560 0.070257
vt 1.419388 0.070257
vt 1.433559 0.067334
vt 1.419388 0.067334
vt 1.433559 0.064412
vt 1.419388 0.064412
vt 1.857094 0.442967
vt 1.882025 0.442967
vt 1.882016 0.263006
vt 1.857093 0.263007
vt 1.486711 0.096519
vt 1.486731 0.078373
vt 1.474464 0.078374
vt 1.474469 0.096519
vt 1.124342 0.580656
vt 1.093343 0.579887
vt 1.491976 0.045512
vt 1.517105 0.045540
vt 1.517116 0.031229
vt 1.492001 0.030451
vt 1.888067 0.260166
vt 1.891311 0.260171
vt 1.891311 0.235254
vt 1.888067 0.235254
vt 1.455771 0.045449
vt 1.486775 0.045505
vt 1.486795 0.030430
vt 1.455800 0.031145
vt 1.457101 0.049032
vt 1.455602 0.049176
vt 1.472069 0.075664
vt 1.473617 0.075571
vt 1.489314 0.096520
vt 1.489331 0.078375
vt 1.573447 0.327428
vt 1.573470 0.344540
vt 1.600121 0.652450
vt 1.595731 0.652450
vt 1.595731 0.677750
vt 1.600121 0.682165
vt 1.018139 0.996301
vt 1.022529 0.991905
vt 1.536432 0.045532
vt 1.542661 0.045538
vt 1.542671 0.031291
vt 1.536449 0.031297
vt 1.953681 0.429923
vt 1.953681 0.392858
vt 1.925713 0.392858
vt 1.925713 0.429923
vt 1.911281 0.445996
vt 1.906878 0.445998
vt 1.906174 0.466517
vt 1.910556 0.470891
vt 1.489334 0.075559
vt 1.491934 0.075553
vt 1.491971 0.049094
vt 1.489370 0.049091
vt 1.915360 0.876609
vt 1.910923 0.876606
vt 1.910365 0.884469
vt 1.914717 0.888830
vt 1.888067 0.230050
vt 1.891311 0.230051
vt 1.891311 0.217816
vt 1.888067 0.217816
vt 1.839623 0.442967
vt 1.851891 0.442967
vt 1.851889 0.263007
vt 1.839629 0.263007
vt 1.914696 0.846512
vt 1.910314 0.850889
vt 1.911018 0.871404
vt 1.915421 0.871406
vt 1.044768 0.991906
vt 1.049158 0.996295
vt 1.300449 0.367713
vt 1.296012 0.367710
vt 1.295453 0.375587
vt 1.299805 0.379956
vt 1.562271 0.603293
vt 1.557882 0.603293
vt 1.557882 0.628560
vt 1.562271 0.632956
vt 1.173553 0.618417
vt 1.173553 0.648080
vt 1.176797 0.648084
vt 1.176797 0.618417
vt 1.904513 0.855000
vt 1.900110 0.855003
vt 1.899405 0.875519
vt 1.903787 0.879902
vt 1.536552 0.075570
vt 1.542640 0.075575
vt 1.542660 0.049120
vt 1.536567 0.049115
vt 1.910577 0.428570
vt 1.906224 0.432924
vt 1.906783 0.440796
vt 1.911220 0.440794
vt 1.761311 0.348669
vt 1.766137 0.348662
vt 1.000977 0.996340
vt 1.005366 0.991925
vt 1.829252 0.220201
vt 1.824426 0.220201
vt 1.824426 0.245466
vt 1.829252 0.245468
vt 1.421050 0.581521
vt 1.416224 0.581520
vt 1.416224 0.589402
vt 1.421050 0.589402
vt 1.391474 0.080189
vt 1.396300 0.080193
vt 1.396300 0.072297
vt 1.391474 0.072297
vt 1.421050 0.594607
vt 1.416224 0.594607
vt 1.416224 0.615133
vt 1.421050 0.615135
vt 1.421050 0.972167
vt 1.416225 0.972167
vt 1.416225 0.997458
vt 1.421050 0.997467
vt 1.586641 0.287830
vt 1.581816 0.287832
vt 1.581816 0.295714
vt 1.586641 0.295714
vt 1.090741 0.579864
vt 1.807449 0.246450
vt 1.812274 0.246450
vt 1.812274 0.221176
vt 1.807449 0.221180
vt 1.391474 0.067092
vt 1.396300 0.067092
vt 1.396300 0.046558
vt 1.391474 0.046561
vt 1.753435 0.348680
vt 1.758260 0.348673
vt 1.079203 0.196889
vt 1.083593 0.192488
vt 1.083593 0.167214
vt 1.079203 0.167214
vt 1.390856 0.581803
vt 1.394100 0.581798
vt 1.290976 0.337576
vt 1.286623 0.341938
vt 1.287182 0.349802
vt 1.291619 0.349800
vt 1.397422 0.581817
vt 1.400473 0.581818
vt 1.040570 0.580644
vt 1.036181 0.585029
vt 1.903809 0.837581
vt 1.899456 0.841939
vt 1.900014 0.849801
vt 1.904452 0.849798
vt 1.586641 0.300918
vt 1.581816 0.300918
vt 1.581816 0.321469
vt 1.586641 0.321478
vt 1.769381 0.348658
vt 1.774206 0.348651
vt 1.299785 0.337598
vt 1.295403 0.341985
vt 1.296107 0.362508
vt 1.300510 0.362510
vt 1.402673 0.081082
vt 1.402673 0.051426
vt 1.399622 0.051427
vt 1.399622 0.081082
vt 1.825548 0.764450
vt 1.821166 0.768816
vt 1.821870 0.789354
vt 1.826273 0.789356
vt 1.291680 0.355002
vt 1.287277 0.355004
vt 1.286572 0.375552
vt 1.290953 0.379952
vt 1.803204 0.735138
vt 1.807594 0.730762
vt 1.807594 0.705471
vt 1.803204 0.705471
vt 1.149826 0.997390
vt 1.167966 0.997437
vt 1.168007 0.967705
vt 1.149869 0.967679
vt 1.826212 0.794559
vt 1.821775 0.794556
vt 1.821217 0.802419
vt 1.825570 0.806776
vt 1.516925 0.075581
vt 1.516966 0.049126
vt 1.055973 0.570332
vt 1.055982 0.575158
vt 1.010427 0.991909
vt 1.014817 0.996310
vt 1.002535 0.554037
vt 1.002532 0.558862
vt 1.002537 0.562185
vt 1.002538 0.567010
vt 1.454376 0.093815
vt 1.458766 0.089426
vt 1.458766 0.064161
vt 1.454376 0.064161
vt 1.566512 0.026968
vt 1.562122 0.026968
vt 1.562123 0.052239
vt 1.566512 0.056624
vt 1.916614 0.406813
vt 1.916614 0.381908
vt 1.913564 0.381909
vt 1.913564 0.406813
vt 1.207573 0.581782
vt 1.387533 0.581790
vt 1.916614 0.424257
vt 1.916614 0.412016
vt 1.913564 0.412016
vt 1.913564 0.424255
vt 1.027594 0.991928
vt 1.031983 0.996304
vt 1.180977 0.157334
vt 1.181654 0.157339
vt 1.181666 0.155547
vt 1.180989 0.155542
vt 1.873506 0.815740
vt 1.903189 0.815740
vt 1.903183 0.635780
vt 1.873508 0.635780
vt 1.486734 0.075569
vt 1.486770 0.049087
vt 1.516878 0.096556
vt 1.516920 0.078414
vt 1.491930 0.078378
vt 1.491916 0.096522
vt 1.291694 0.352400
vt 1.287286 0.352403
vt 1.300524 0.365112
vt 1.296116 0.365110
vt 1.911295 0.443394
vt 1.906887 0.443397
vt 1.391474 0.069694
vt 1.396300 0.069694
vt 1.421050 0.592005
vt 1.416224 0.592005
vt 1.586641 0.298317
vt 1.581816 0.298317
vt 1.826287 0.791958
vt 1.821879 0.791955
vt 1.904526 0.852399
vt 1.900119 0.852401
vt 1.915435 0.874008
vt 1.911027 0.874005
vt 1.854491 0.263007
vt 1.854493 0.442967
vt 1.913564 0.409414
vt 1.916614 0.409414
vt 1.888067 0.232652
vt 1.891311 0.232652
vt 1.489398 0.030412
vt 1.489376 0.045509
vt 1.063036 0.580630
vt 1.062949 0.579264
vt 1.061848 0.579497
vt 1.061653 0.580604
vt 1.536373 0.029918
vt 1.535268 0.030117
vt 1.535070 0.031222
vt 1.518499 0.031208
vt 1.518307 0.030100
vt 1.517207 0.029863
vt 1.125723 0.580630
vt 1.125528 0.579520
vt 1.124425 0.579289
vt 1.455720 0.029778
vt 1.454616 0.030007
vt 1.454418 0.031116
vt 1.145194 0.998922
vt 1.146304 0.998721
vt 1.146503 0.997611
vt 1.456159 0.047091
vt 1.454714 0.047245
vt 1.201804 0.998926
vt 1.203927 0.998986
vt 1.204245 0.997534
vt 1.129128 0.997495
vt 1.129014 0.998979
vt 1.130837 0.998935
vt 1.454377 0.045459
vt 1.517036 0.047333
vt 1.518484 0.047337
vt 1.518499 0.045542
vt 1.535040 0.045531
vt 1.535051 0.047324
vt 1.536499 0.047323
vt 1.535065 0.049115
vt 1.518466 0.049130
vt 1.061627 0.586906
vt 1.063020 0.586912
vt 1.542668 0.029900
vt 1.472910 0.096521
vt 1.472901 0.078391
vt 1.518428 0.075579
vt 1.542660 0.047329
vt 1.129125 0.966223
vt 1.204250 0.966267
vt 1.027016 0.993357
vt 1.031399 0.997740
vt 1.820534 0.767420
vt 1.824919 0.763039
vt 1.803794 0.736588
vt 1.808173 0.732212
vt 1.824907 0.808199
vt 1.820534 0.803817
vt 1.909911 0.427152
vt 1.905536 0.431532
vt 1.565924 0.058081
vt 1.561546 0.053703
vt 1.535046 0.075571
vt 1.170654 0.998928
vt 1.149825 0.998917
vt 1.167909 0.998951
vt 1.888067 0.261714
vt 1.891311 0.261715
vt 1.390856 0.580249
vt 1.394100 0.580248
vt 1.173553 0.649647
vt 1.176797 0.649649
vt 1.888067 0.216246
vt 1.891311 0.216247
vt 1.913564 0.425823
vt 1.916614 0.425824
vt 1.399622 0.049855
vt 1.402673 0.049855
vt 1.400473 0.580258
vt 1.397423 0.580258
vt 1.913564 0.380354
vt 1.916614 0.380354
vt 1.904739 0.815740
vt 1.904739 0.635780
vt 1.838077 0.442967
vt 1.838077 0.263007
vt 1.387533 0.580245
vt 1.207573 0.580243
vt 1.883555 0.263006
vt 1.883559 0.442967
vt 1.581816 0.323001
vt 1.586641 0.323003
vt 1.054440 0.575158
vt 1.054438 0.570333
vt 1.421050 0.579961
vt 1.416224 0.579961
vt 1.829252 0.247045
vt 1.824426 0.247044
vt 1.391474 0.081741
vt 1.396300 0.081742
vt 1.807449 0.219606
vt 1.812274 0.219605
vt 1.396300 0.045013
vt 1.391474 0.045014
vt 1.000977 0.558862
vt 1.000978 0.554037
vt 1.416224 0.616684
vt 1.421050 0.616684
vt 1.000977 0.567010
vt 1.000977 0.562185
vt 1.586641 0.286276
vt 1.581816 0.286275
vt 1.421050 0.999022
vt 1.416225 0.999020
vt 1.898766 0.876930
vt 1.903157 0.881316
vt 1.023113 0.993352
vt 1.018725 0.997740
vt 1.557302 0.630027
vt 1.561682 0.634408
vt 1.898766 0.840540
vt 1.903145 0.836158
vt 1.285943 0.376941
vt 1.290340 0.381332
vt 1.005941 0.993347
vt 1.001548 0.997741
vt 1.294766 0.376975
vt 1.299146 0.381361
vt 1.084168 0.193950
vt 1.079785 0.198332
vt 1.454964 0.095273
vt 1.459345 0.090894
vt 1.914051 0.890250
vt 1.909674 0.885867
vt 1.044183 0.993353
vt 1.048570 0.997740
vt 1.909674 0.849477
vt 1.914063 0.845093
vt 1.039983 0.579200
vt 1.035597 0.583585
vt 1.909923 0.472310
vt 1.905536 0.467926
vt 1.290328 0.336157
vt 1.285943 0.340541
vt 1.599533 0.683580
vt 1.595152 0.679193
vt 1.009845 0.993351
vt 1.014234 0.997740
vt 1.294766 0.340579
vt 1.299158 0.336192
vt 1.536551 0.078410
vt 1.535043 0.078409
vt 1.535040 0.096561
vt 1.518424 0.078417
vt 1.518388 0.096559
vt 1.486773 0.047296
vt 1.489373 0.047300
vt 1.491973 0.047303
vt 1.492018 0.029067
vt 1.489402 0.029027
vt 1.088126 0.578516
vt 1.090740 0.578480
vt 1.486786 0.029046
vt 1.093354 0.578503
vt 1.065611 0.636031
vt 1.060707 0.630470
vt 1.486732 0.076971
vt 1.489332 0.076967
vt 1.491932 0.076966
vt 1.474213 0.076958
vt 1.472656 0.077010
vt 1.169250 0.998944
vt 1.169403 0.997447
vt 1.535045 0.076990
vt 1.536552 0.076990
vt 1.516922 0.076998
vt 1.518426 0.076998
vt 1.075716 0.042508
vt 1.076386 0.042413
vt 1.076677 0.024402
vt 1.076010 0.023781
vt 1.181752 0.141389
vt 1.181084 0.141280
vt 1.355573 0.500353
vt 1.356675 0.500352
vt 1.573445 0.326326
vt 1.169424 0.967706
vt 1.169223 0.171868
vt 1.174127 0.171954
vt 1.174141 0.169352
vt 1.169237 0.169408
vt 1.174068 0.166752
vt 1.169167 0.166949
vt 1.168965 0.159522
vt 1.173427 0.154501
vt 1.172771 0.153101
vt 1.168310 0.158040
vt 1.963961 0.729966
vt 1.963961 0.692900
vt 1.956531 0.692900
vt 1.956531 0.729966
vt 1.168945 0.191856
vt 1.173392 0.196874
vt 1.951611 0.729966
vt 1.951611 0.692900
vt 1.931622 0.692900
vt 1.931622 0.729966
vt 1.073453 0.625936
vt 1.078391 0.630397
vt 1.078971 0.628960
vt 1.074067 0.624437
vt 1.052480 0.996440
vt 1.057384 0.991917
vt 1.409247 0.550714
vt 1.409247 0.513649
vt 1.221514 0.220776
vt 1.216610 0.226337
vt 1.217031 0.227354
vt 1.222128 0.222258
vt 1.066225 0.634549
vt 1.061128 0.629452
vt 1.930581 0.470311
vt 1.930581 0.433246
vt 1.916222 0.433246
vt 1.916222 0.470311
vt 1.530931 0.251028
vt 1.493866 0.251028
vt 1.954071 0.729966
vt 1.954071 0.692900
vt 1.053060 0.997864
vt 1.057998 0.993408
vt 1.932186 0.470311
vt 1.932186 0.433246
vt 1.493866 0.249423
vt 1.530931 0.249423
vt 1.930009 0.692900
vt 1.930009 0.729966
vt 1.410859 0.513649
vt 1.410859 0.550714
vt 1.965581 0.729966
vt 1.965581 0.692900
vt 1.924093 0.429923
vt 1.924093 0.392858
vt 1.914617 0.433246
vt 1.914617 0.470311
vt 1.955285 0.392858
vt 1.955285 0.429923
vt 1.168310 0.193338
vt 1.172768 0.198275
vt 1.542640 0.076995
vt 1.542639 0.078415
vt 1.180718 0.196030
vt 1.181399 0.195466
vt 1.181446 0.188416
vt 1.180769 0.188412
vt 1.180779 0.186993
vt 1.181456 0.186997
vt 1.181465 0.185578
vt 1.180788 0.185573
vt 1.180894 0.197085
vt 1.181575 0.196522
vt 1.181387 0.197871
vt 1.182068 0.197307
vt 1.404206 0.503675
vt 1.403802 0.504462
vt 1.404852 0.504670
vt 1.405256 0.503884
vt 1.543686 0.076995
vt 1.543686 0.078415
vt 1.543687 0.075575
vt 1.543718 0.031291
vt 1.543706 0.045539
vt 1.543706 0.047329
vt 1.543706 0.049121
vt 1.063018 0.587960
vt 1.061626 0.587958
vt 1.543718 0.029899
vt 1.083729 0.589960
vt 1.083423 0.588948
vt 1.082757 0.588281
vt 1.081746 0.587974
vt 1.412352 0.592039
vt 1.412629 0.591005
vt 1.543957 0.087072
vt 1.544613 0.087729
vt 1.543681 0.086038
vt 1.541844 0.999023
vt 1.543263 0.999023
vt 1.540424 0.999023
vt 1.510392 0.999022
vt 1.496234 0.999022
vt 1.512184 0.999022
vt 1.513976 0.999022
vt 1.495154 0.999022
vt 1.494075 0.999022
vt 1.401165 0.510326
vt 1.400761 0.509509
vt 1.181642 0.159130
vt 1.180965 0.159126
vt 1.076119 0.043835
vt 1.076677 0.043452
vt 1.182068 0.140356
vt 1.181516 0.139963
vt 1.402195 0.510088
vt 1.401791 0.509272
vt 1.402961 0.509541
vt 1.402557 0.508724
vt 1.403534 0.508653
vt 1.403129 0.507836
vt 1.260682 0.332442
vt 1.263482 0.334591
vt 1.264943 0.332060
vt 1.261683 0.330709
vt 1.265700 0.329236
vt 1.262201 0.328776
vt 1.265700 0.326314
vt 1.262201 0.326774
vt 1.264943 0.323490
vt 1.261683 0.324841
vt 1.263482 0.320959
vt 1.260682 0.323108
vt 1.261415 0.318893
vt 1.259267 0.321692
vt 1.258884 0.317431
vt 1.257534 0.320692
vt 1.256061 0.316675
vt 1.255600 0.320174
vt 1.253138 0.316675
vt 1.253599 0.320174
vt 1.250315 0.317431
vt 1.251665 0.320692
vt 1.247784 0.318893
vt 1.249932 0.321692
vt 1.245717 0.320959
vt 1.248517 0.323108
vt 1.244256 0.323491
vt 1.247516 0.324841
vt 1.243499 0.326314
vt 1.246998 0.326774
vt 1.243499 0.329237
vt 1.246998 0.328776
vt 1.244256 0.332060
vt 1.247516 0.330709
vt 1.245717 0.334591
vt 1.248517 0.332442
vt 1.247784 0.336658
vt 1.249932 0.333858
vt 1.250315 0.338119
vt 1.251665 0.334859
vt 1.253138 0.338875
vt 1.253599 0.335377
vt 1.256061 0.338875
vt 1.255600 0.335377
vt 1.258884 0.338119
vt 1.257534 0.334859
vt 1.261415 0.336657
vt 1.259267 0.333858
vt 1.805191 0.337113
vt 1.804160 0.337707
vt 1.069845 0.631572
vt 1.069562 0.630435
vt 1.898210 0.417898
vt 1.901864 0.417597
vt 1.901506 0.414743
vt 1.897930 0.415662
vt 1.900547 0.412039
vt 1.897246 0.413734
vt 1.898981 0.409627
vt 1.896146 0.412040
vt 1.894662 0.410631
vt 1.896900 0.407652
vt 1.894435 0.406169
vt 1.892732 0.409470
vt 1.811394 0.998924
vt 1.814994 0.998715
vt 1.892732 0.515043
vt 1.894430 0.518225
vt 1.896894 0.516730
vt 1.894657 0.513876
vt 1.898959 0.514719
vt 1.896118 0.512453
vt 1.900518 0.512295
vt 1.897221 0.510738
vt 1.901489 0.509582
vt 1.897908 0.508817
vt 1.901820 0.506719
vt 1.898166 0.506581
vt 1.804364 0.998689
vt 1.808071 0.998918
vt 1.285483 0.226263
vt 1.287564 0.225686
vt 1.286739 0.223704
vt 1.285213 0.224119
vt 1.285776 0.228619
vt 1.288477 0.227830
vt 1.284953 0.222076
vt 1.285956 0.221806
vt 1.286852 0.221283
vt 1.288097 0.222904
vt 1.289402 0.224586
vt 1.290827 0.226389
vt 1.292701 0.224421
vt 1.290880 0.223060
vt 1.287580 0.220546
vt 1.289196 0.221783
vt 1.289966 0.220423
vt 1.288092 0.219647
vt 1.291911 0.221220
vt 1.294003 0.222066
vt 1.288357 0.218649
vt 1.290361 0.218916
vt 1.292436 0.219190
vt 1.294664 0.219474
vt 1.292437 0.217094
vt 1.290359 0.217361
vt 1.294666 0.216808
vt 1.288357 0.217619
vt 1.289968 0.215857
vt 1.288097 0.216622
vt 1.291906 0.215067
vt 1.293990 0.214229
vt 1.292695 0.211889
vt 1.290884 0.213236
vt 1.287588 0.215723
vt 1.289205 0.214499
vt 1.289423 0.211716
vt 1.288116 0.213378
vt 1.290840 0.209939
vt 1.286865 0.214983
vt 1.286770 0.212571
vt 1.285975 0.214454
vt 1.287607 0.210614
vt 1.288529 0.208510
vt 1.285891 0.207710
vt 1.285550 0.210015
vt 1.284976 0.214175
vt 1.285254 0.212141
vt 1.283391 0.209983
vt 1.283673 0.212125
vt 1.283080 0.207629
vt 1.283938 0.214166
vt 1.282144 0.212533
vt 1.282933 0.214431
vt 1.281307 0.210555
vt 1.280379 0.208417
vt 1.278027 0.209858
vt 1.279464 0.211652
vt 1.282032 0.214949
vt 1.280780 0.213329
vt 1.277980 0.213177
vt 1.279674 0.214448
vt 1.276149 0.211825
vt 1.281297 0.215684
vt 1.278895 0.215809
vt 1.280778 0.216583
vt 1.276942 0.215018
vt 1.274842 0.214181
vt 1.274173 0.216774
vt 1.276407 0.217053
vt 1.280508 0.217586
vt 1.278492 0.217322
vt 1.276402 0.219153
vt 1.278486 0.218887
vt 1.274173 0.219444
vt 1.280505 0.218625
vt 1.280767 0.219631
vt 1.278883 0.220401
vt 1.276931 0.221186
vt 1.274841 0.222028
vt 1.276147 0.224365
vt 1.277966 0.223022
vt 1.281284 0.220534
vt 1.279657 0.221762
vt 1.280755 0.222883
vt 1.282014 0.221275
vt 1.279438 0.224541
vt 1.278009 0.226313
vt 1.282911 0.221800
vt 1.282109 0.223686
vt 1.281260 0.225641
vt 1.280324 0.227741
vt 1.283321 0.226236
vt 1.283631 0.224110
vt 1.282964 0.228540
vt 1.283914 0.222074
vt 1.174986 0.926304
vt 1.174986 0.964377
vt 1.179196 0.964377
vt 1.179196 0.926304
vt 1.179196 0.691045
vt 1.179196 0.652972
vt 1.174986 0.652972
vt 1.174986 0.691045
vt 1.174986 0.694582
vt 1.179196 0.694582
vt 1.179196 0.693403
vt 1.174986 0.693403
vt 1.179196 0.692224
vt 1.174986 0.692224
vt 1.179196 0.922767
vt 1.174986 0.922767
vt 1.174986 0.923946
vt 1.179196 0.923946
vt 1.174986 0.925125
vt 1.179196 0.925125
vt 1.014283 0.367566
vt 1.015402 0.370267
vt 1.017181 0.372585
vt 1.019500 0.374364
vt 1.022200 0.375483
vt 1.013902 0.364669
vt 1.474075 0.798657
vt 1.474085 0.600274
vt 1.474391 0.599263
vt 1.475056 0.598597
vt 1.476068 0.598291
vt 1.552008 0.599225
vt 1.552284 0.798658
vt 1.552284 0.600258
vt 1.551352 0.598569
vt 1.550318 0.598292
vt 1.585458 0.369668
vt 1.586856 0.369913
vt 1.584107 0.369082
vt 1.178842 0.420825
vt 1.178841 0.500353
vt 1.052471 0.420832
vt 1.043259 0.411620
vt 1.027995 0.375483
vt 1.025098 0.375864
vt 1.030696 0.374364
vt 1.033014 0.372585
vt 1.034793 0.370266
vt 1.035912 0.367566
vt 1.036293 0.364668
vt 1.035911 0.361770
vt 1.034793 0.359070
vt 1.033014 0.356751
vt 1.030695 0.354972
vt 1.027994 0.353854
vt 1.025097 0.353472
vt 1.014283 0.361771
vt 1.015401 0.359071
vt 1.017180 0.356752
vt 1.019499 0.354972
vt 1.022199 0.353854
vt 1.045019 0.417035
vt 1.047057 0.419073
vt 1.049625 0.420381
vt 1.043710 0.414467
vt 1.338184 0.374366
vt 1.335483 0.375485
vt 1.340502 0.372587
vt 1.342282 0.370268
vt 1.343400 0.367568
vt 1.343782 0.364671
vt 1.476063 0.999022
vt 1.475051 0.998716
vt 1.474385 0.998051
vt 1.474079 0.997039
vt 1.552002 0.998091
vt 1.552279 0.997057
vt 1.551346 0.998747
vt 1.550313 0.999023
vt 1.793740 0.343990
vt 1.792341 0.344235
vt 1.795091 0.343404
vt 1.310626 0.419074
vt 1.312664 0.417036
vt 1.308059 0.420382
vt 1.305212 0.420833
vt 1.313973 0.414468
vt 1.314423 0.411622
vt 1.332585 0.375866
vt 1.343400 0.361773
vt 1.342282 0.359073
vt 1.340503 0.356754
vt 1.338185 0.354974
vt 1.335485 0.353856
vt 1.332587 0.353474
vt 1.321772 0.367567
vt 1.322890 0.370268
vt 1.324669 0.372586
vt 1.326988 0.374366
vt 1.329688 0.375484
vt 1.321390 0.364670
vt 1.321772 0.361772
vt 1.322891 0.359072
vt 1.324670 0.356753
vt 1.326989 0.354974
vt 1.329689 0.353855
vt 1.281156 0.382243
vt 1.051831 0.382548
vt 1.280017 0.382548
vt 1.050692 0.382243
vt 1.281989 0.381410
vt 1.049859 0.381410
vt 1.282295 0.380271
vt 1.049554 0.380271
vt 1.282295 0.342198
vt 1.049554 0.342198
vt 1.400076 0.268751
vt 1.400381 0.498075
vt 1.400381 0.269890
vt 1.400076 0.499214
vt 1.399242 0.267917
vt 1.399242 0.500048
vt 1.398103 0.267612
vt 1.398103 0.500353
vt 1.360031 0.267612
vt 1.360031 0.500353
s 1
usemtl game_and_cable_mat
f 1/1/1 2/2/2 3/3/2
f 1/1/1 4/4/2 5/5/2
f 5/5/2 2/2/2 1/1/1
f 3/3/2 6/6/2 1/1/1
f 7/7/2 4/4/2 1/1/1
f 8/8/3 9/9/4 10/10/5
s 0
f 11/11/6 12/12/6 13/13/6
f 14/14/6 15/15/6 16/16/6
f 17/17/6 18/18/6 19/19/6
s 1
f 20/20/7 21/21/8 22/22/9
f 21/21/8 23/23/10 22/22/9
f 24/24/11 22/22/9 23/23/10
f 25/25/12 26/26/13 27/27/14
f 26/26/13 28/28/15 27/27/14
f 28/28/15 29/29/16 27/27/14
f 30/30/17 27/27/14 31/31/18
f 31/31/18 27/27/14 29/29/16
s 0
f 32/32/19 33/33/19 34/34/19
f 32/32/19 35/35/19 33/33/19
f 32/32/19 36/36/19 35/35/19
f 32/32/20 37/37/20 38/38/20
f 32/32/19 38/38/19 36/36/19
f 32/32/20 39/39/20 40/40/20
f 32/32/20 41/41/20 39/39/20
f 32/32/20 42/42/20 41/41/20
f 32/32/19 43/43/19 42/42/19
f 32/32/19 44/44/19 43/43/19
f 32/32/19 45/45/19 44/44/19
f 32/32/20 34/34/20 45/45/20
f 32/32/20 46/46/20 37/37/20
s 1
f 47/47/21 48/48/22 49/49/23
f 49/49/23 48/48/22 50/50/24
f 50/50/24 48/48/22 51/51/25
f 51/51/25 48/48/22 52/52/26
f 52/52/26 48/48/22 53/53/27
f 53/53/27 48/48/22 54/54/28
f 54/54/28 48/48/22 55/55/29
f 55/55/29 48/48/22 56/56/30
f 56/56/30 48/48/22 57/57/31
f 57/57/31 48/48/22 58/58/32
f 58/58/32 48/48/22 59/59/33
f 59/59/33 48/48/22 60/60/34
f 60/60/34 48/48/22 61/61/35
f 61/61/35 48/48/22 62/62/36
f 62/62/36 48/48/22 63/63/37
f 63/63/37 48/48/22 64/64/38
f 64/64/38 48/48/22 65/65/39
f 65/65/39 48/48/22 66/66/40
f 66/66/40 48/48/22 67/67/41
f 67/67/41 48/48/22 68/68/42
f 68/68/42 48/48/22 69/69/43
f 69/69/43 48/48/22 70/70/44
f 70/70/44 48/48/22 71/71/45
f 71/71/45 48/48/22 47/47/21
f 72/72/46 73/73/47 74/74/48
f 73/73/47 75/75/49 76/76/48
f 72/72/46 74/74/48 77/77/48
f 75/75/49 78/78/50 76/76/48
f 76/76/48 74/74/48 73/73/47
f 79/79/51 8/8/3 80/80/52
f 80/80/52 8/8/3 10/10/5
s 0
f 81/81/6 82/82/6 83/83/6
f 82/82/6 84/84/6 85/85/6
f 83/83/6 82/82/6 85/85/6
f 83/83/6 86/86/6 81/81/6
f 86/86/6 87/87/6 81/81/6
f 87/87/6 88/88/6 89/89/6
f 88/88/6 90/90/6 89/89/6
f 89/89/6 11/11/6 13/13/6
f 11/11/6 91/91/6 12/12/6
f 91/91/6 92/92/6 12/12/6
f 92/92/6 93/93/6 94/94/6
f 92/92/6 94/94/6 12/12/6
f 89/89/6 13/13/6 81/81/6
f 87/87/6 89/89/6 81/81/6
s 1
f 95/95/53 96/96/54 97/97/54
f 95/95/53 98/98/54 96/96/54
f 99/99/54 100/100/54 101/101/55
f 102/102/56 103/103/57 104/104/57
f 102/102/56 105/105/57 106/106/57
f 105/105/57 102/102/56 104/104/57
f 103/103/57 102/102/56 107/107/57
f 108/108/57 102/102/56 106/106/57
f 109/109/3 10/10/5 9/9/4
s 0
f 11/11/6 110/110/6 111/111/6
f 112/112/6 113/113/6 114/114/6
f 115/115/6 116/116/6 117/117/6
s 1
f 118/118/58 119/119/59 120/120/60
f 120/120/60 119/119/59 121/121/61
f 122/122/62 121/121/61 119/119/59
f 123/123/63 124/124/64 125/125/65
f 125/125/65 124/124/64 126/126/66
f 126/126/66 124/124/64 127/127/67
f 128/128/17 129/129/68 124/124/64
f 129/129/68 127/127/67 124/124/64
s 0
f 32/32/19 130/130/19 131/131/19
f 32/32/19 131/131/19 132/132/19
f 32/32/19 132/132/19 133/133/19
f 32/32/20 134/134/20 135/135/20
f 32/32/19 133/133/19 134/134/19
f 32/32/20 40/40/20 136/136/20
f 32/32/20 136/136/20 137/137/20
f 32/32/20 137/137/20 138/138/20
f 32/32/19 138/138/19 139/139/19
f 32/32/19 139/139/19 140/140/19
f 32/32/19 140/140/19 141/141/19
f 32/32/20 141/141/20 130/130/20
f 32/32/20 135/135/20 46/46/20
s 1
f 142/142/69 143/143/70 144/144/71
f 143/143/70 145/145/72 144/144/71
f 145/145/72 146/146/73 144/144/71
f 146/146/73 147/147/74 144/144/71
f 147/147/74 148/148/75 144/144/71
f 148/148/75 149/149/76 144/144/71
f 149/149/76 150/150/77 144/144/71
f 150/150/77 151/151/78 144/144/71
f 151/151/78 152/152/79 144/144/71
f 152/152/79 153/153/36 144/144/71
f 153/153/36 154/154/80 144/144/71
f 154/154/80 155/155/34 144/144/71
f 155/155/34 156/156/81 144/144/71
f 156/156/81 157/157/32 144/144/71
f 157/157/32 158/158/82 144/144/71
f 158/158/82 159/159/83 144/144/71
f 159/159/83 160/160/84 144/144/71
f 160/160/84 161/161/85 144/144/71
f 161/161/85 162/162/86 144/144/71
f 162/162/86 163/163/87 144/144/71
f 163/163/87 164/164/88 144/144/71
f 164/164/88 165/165/89 144/144/71
f 165/165/89 166/166/90 144/144/71
f 166/166/90 142/142/69 144/144/71
f 167/167/46 168/168/48 169/169/91
f 169/169/91 170/170/48 171/171/92
f 167/167/46 172/172/48 168/168/48
f 171/171/92 170/170/48 173/173/50
f 170/170/48 169/169/91 168/168/48
f 174/174/93 175/175/94 109/109/3
f 175/175/94 10/10/5 109/109/3
s 0
f 176/176/6 177/177/6 178/178/6
f 178/178/6 179/179/6 180/180/6
f 177/177/6 179/179/6 178/178/6
f 177/177/6 176/176/6 181/181/6
f 181/181/6 176/176/6 182/182/6
f 182/182/6 183/183/6 184/184/6
f 184/184/6 183/183/6 185/185/6
f 183/183/6 110/110/6 11/11/6
f 11/11/6 111/111/6 91/91/6
f 91/91/6 111/111/6 186/186/6
f 186/186/6 187/187/6 188/188/6
f 186/186/6 111/111/6 187/187/6
f 183/183/6 176/176/6 110/110/6
f 182/182/6 176/176/6 183/183/6
s 1
f 189/189/95 190/190/54 191/191/54
f 189/189/95 191/191/54 192/192/54
f 193/193/54 194/194/96 195/195/54
f 196/196/97 197/197/98 198/198/99
f 196/196/97 198/198/99 199/199/100
f 200/200/101 201/201/102 202/202/103
f 200/200/101 202/202/103 203/203/104
f 200/200/101 203/203/104 204/204/105
f 200/200/101 204/204/105 205/205/106
f 199/199/100 206/206/107 207/207/108
f 199/199/100 207/207/108 208/208/109
f 209/209/110 210/210/111 211/211/112
f 209/209/110 211/211/112 212/212/113
f 213/213/114 209/209/110 212/212/113
f 213/213/114 212/212/113 214/214/115
f 215/215/116 206/206/107 199/199/100
f 215/215/116 199/199/100 198/198/99
f 208/208/109 216/216/117 196/196/97
f 208/208/109 196/196/97 199/199/100
f 1/1/1 217/217/118 218/218/119
f 1/1/1 218/218/119 219/219/120
f 219/219/120 218/218/119 202/202/103
f 219/219/120 202/202/103 201/201/102
f 220/220/121 27/27/14 221/221/122
f 220/220/121 221/221/122 222/222/123
f 222/222/123 221/221/122 196/196/97
f 222/222/123 196/196/97 216/216/117
f 197/197/98 196/196/97 221/221/122
f 197/197/98 221/221/122 223/223/124
f 223/223/124 221/221/122 27/27/14
f 223/223/124 27/27/14 224/224/125
f 225/225/126 226/226/127 227/227/127
f 225/225/126 227/227/127 228/228/126
f 226/226/127 229/229/128 230/230/128
f 226/226/127 230/230/128 227/227/127
f 229/229/128 231/231/129 232/232/129
f 229/229/128 232/232/129 230/230/128
f 231/231/129 233/233/130 234/234/130
f 231/231/129 234/234/130 232/232/129
f 233/233/130 235/235/131 236/236/131
f 233/233/130 236/236/131 234/234/130
f 235/235/131 237/237/132 238/238/132
f 235/235/131 238/238/132 236/236/131
f 237/237/132 239/239/133 240/240/133
f 237/237/132 240/240/133 238/238/132
f 239/239/133 241/241/134 242/242/134
f 239/239/133 242/242/134 240/240/133
f 241/241/134 243/243/135 244/244/136
f 241/241/134 244/244/136 242/242/134
f 243/243/135 245/245/137 246/246/137
f 243/243/135 246/246/137 244/244/136
f 245/245/137 247/247/138 248/248/138
f 245/245/137 248/248/138 246/246/137
f 247/247/138 249/249/139 250/250/139
f 247/247/138 250/250/139 248/248/138
f 251/251/6 252/252/140 253/253/140
f 251/251/6 253/253/140 254/254/6
f 252/252/140 255/255/141 256/256/142
f 252/252/140 256/256/142 253/253/140
f 255/255/141 257/257/143 258/258/143
f 255/255/141 258/258/143 256/256/142
f 257/257/143 259/259/144 260/260/144
f 257/257/143 260/260/144 258/258/143
f 259/259/144 261/261/145 262/262/145
f 259/259/144 262/262/145 260/260/144
f 261/261/145 263/263/146 264/264/146
f 261/261/145 264/264/146 262/262/145
f 263/263/146 265/265/147 266/266/147
f 263/263/146 266/266/147 264/264/146
f 265/265/147 267/267/148 268/268/149
f 265/265/147 268/268/149 266/266/147
f 267/267/148 269/269/150 270/270/150
f 267/267/148 270/270/150 268/268/149
f 269/269/150 271/271/151 272/272/152
f 269/269/150 272/272/152 270/270/150
f 271/271/151 273/273/153 274/274/153
f 271/271/151 274/274/153 272/272/152
f 273/273/153 225/225/126 228/228/126
f 273/273/153 228/228/126 274/274/153
f 275/275/154 276/276/154 277/277/155
f 275/275/154 277/277/155 278/278/156
f 279/279/157 280/280/158 281/281/159
f 279/279/157 281/281/159 282/282/160
f 283/283/161 284/284/162 285/285/163
f 283/283/161 285/285/163 286/286/164
f 287/287/165 288/288/166 289/289/167
f 287/287/165 289/289/167 290/290/168
f 291/291/169 292/292/154 293/293/154
f 291/291/169 293/293/154 294/294/170
f 295/295/171 296/296/172 297/297/173
f 295/295/171 297/297/173 298/298/174
f 299/299/175 300/300/176 301/301/177
f 299/299/175 301/301/177 302/302/178
f 279/279/157 282/282/160 303/303/179
f 279/279/157 303/303/179 304/304/180
f 1/1/1 6/6/2 305/305/2
f 1/1/1 305/305/2 306/306/181
s 0
f 307/307/6 308/308/6 309/309/6
f 307/307/6 309/309/6 310/310/6
f 311/311/6 312/312/6 313/313/6
f 311/311/6 313/313/6 314/314/6
s 1
f 315/315/182 316/316/183 317/317/184
f 315/315/182 317/317/184 318/318/54
f 319/319/185 320/320/186 321/321/186
f 319/319/185 321/321/186 322/322/185
s 0
f 323/323/6 324/324/6 325/325/6
f 323/323/6 325/325/6 326/326/6
s 1
f 327/327/187 328/328/188 329/329/189
f 327/327/187 329/329/189 330/330/190
s 0
f 331/331/191 332/332/191 333/333/191
f 331/331/191 333/333/191 334/334/191
s 1
f 335/335/192 336/336/193 337/337/194
f 335/335/192 337/337/194 338/338/192
f 339/339/195 340/340/196 341/341/192
f 339/339/195 341/341/192 342/342/192
s 0
f 343/343/191 344/344/191 345/345/191
f 343/343/191 345/345/191 346/346/191
f 347/347/191 348/348/191 349/349/191
f 347/347/191 349/349/191 350/350/191
f 351/351/191 352/352/191 353/353/191
f 351/351/191 353/353/191 354/354/191
f 355/355/6 356/356/6 357/357/6
f 355/355/6 357/357/6 358/358/6
s 1
f 359/359/19 360/360/19 361/361/197
f 359/359/19 361/361/197 362/362/198
s 0
f 363/363/6 364/364/6 365/365/6
f 363/363/6 365/365/6 366/366/6
s 1
f 367/367/199 368/368/200 369/369/54
f 367/367/199 369/369/54 370/370/54
s 0
f 371/371/6 372/372/6 373/373/6
f 371/371/6 373/373/6 374/374/6
f 2/2/2 5/5/2 375/375/2
f 2/2/2 375/375/2 376/376/2
f 377/377/6 378/378/6 379/379/6
f 377/377/6 379/379/6 380/380/6
s 1
f 381/381/19 382/382/201 383/383/201
f 381/381/19 383/383/201 384/384/19
f 385/385/202 386/386/203 387/387/203
f 385/385/202 387/387/203 388/388/204
f 389/389/205 390/390/203 391/391/203
f 389/389/205 391/391/203 392/392/206
f 393/393/207 394/394/208 395/395/209
f 393/393/207 395/395/209 396/396/207
f 397/397/19 398/398/201 399/399/210
f 397/397/19 399/399/210 400/400/19
f 401/401/211 402/402/203 403/403/203
f 401/401/211 403/403/203 404/404/212
f 405/405/213 22/22/9 406/406/214
f 405/405/213 406/406/214 407/407/215
f 408/408/19 409/409/216 410/410/217
f 408/408/19 410/410/217 411/411/19
f 412/412/207 413/413/218 414/414/219
f 412/412/207 414/414/219 415/415/207
s 0
f 6/6/2 3/3/2 416/416/2
f 6/6/2 416/416/2 417/417/2
f 418/418/191 419/419/191 420/420/191
f 418/418/191 420/420/191 421/421/191
s 1
f 422/422/220 423/423/221 424/424/54
f 422/422/220 424/424/54 425/425/54
s 0
f 426/426/6 427/427/6 428/428/6
f 426/426/6 428/428/6 429/429/6
s 1
f 430/430/222 431/431/220 432/432/54
f 430/430/222 432/432/54 433/433/54
s 0
f 434/434/6 435/435/6 436/436/6
f 434/434/6 436/436/6 437/437/6
f 438/438/6 439/439/6 440/440/6
f 438/438/6 440/440/6 441/441/6
s 1
f 442/442/207 443/443/223 444/444/224
f 442/442/207 444/444/224 445/445/207
s 0
f 4/4/2 7/7/2 446/446/2
f 4/4/2 446/446/2 447/447/2
f 448/448/191 449/449/191 450/450/191
f 448/448/191 450/450/191 451/451/191
s 1
f 452/452/19 453/453/19 454/454/197
f 452/452/19 454/454/197 455/455/225
s 0
f 456/456/191 457/457/191 458/458/191
f 456/456/191 458/458/191 459/459/191
f 460/460/6 461/461/6 462/462/6
f 460/460/6 462/462/6 463/463/6
f 464/464/191 465/465/191 466/466/191
f 464/464/191 466/466/191 467/467/191
s 1
f 468/468/226 469/469/19 470/470/227
f 468/468/226 470/470/227 471/471/228
s 0
f 472/472/191 473/473/191 474/474/191
f 472/472/191 474/474/191 475/475/191
s 1
f 476/476/229 330/330/190 329/329/189
f 476/476/229 329/329/189 477/477/230
f 478/478/231 479/479/54 480/480/54
f 478/478/231 480/480/54 481/481/232
s 0
f 482/482/191 483/483/191 484/484/191
f 482/482/191 484/484/191 485/485/191
s 1
f 486/486/233 487/487/54 488/488/54
f 486/486/233 488/488/54 489/489/232
f 490/490/234 491/491/54 492/492/54
f 490/490/234 492/492/54 493/493/232
s 0
f 494/494/191 495/495/191 496/496/191
f 494/494/191 496/496/191 497/497/191
f 498/498/6 499/499/6 500/500/6
f 498/498/6 500/500/6 501/501/6
s 1
f 502/502/154 503/503/154 504/504/235
f 502/502/154 504/504/235 505/505/236
f 506/506/222 507/507/220 508/508/54
f 506/506/222 508/508/54 509/509/54
f 510/510/237 511/511/238 512/512/192
f 510/510/237 512/512/192 513/513/192
s 0
f 514/514/191 515/515/191 516/516/191
f 514/514/191 516/516/191 517/517/191
s 1
f 518/518/239 519/519/240 520/520/240
f 518/518/239 520/520/240 521/521/239
f 522/522/19 523/523/19 524/524/241
f 522/522/19 524/524/241 525/525/241
f 526/526/242 527/527/243 328/328/188
f 526/526/242 328/328/188 327/327/187
f 528/528/244 529/529/245 530/530/246
f 528/528/244 530/530/246 531/531/247
s 0
f 460/460/6 463/463/6 532/532/6
f 460/460/6 532/532/6 533/533/6
f 533/533/6 532/532/6 428/428/6
f 533/533/6 428/428/6 427/427/6
f 351/351/191 354/354/191 534/534/191
f 351/351/191 534/534/191 535/535/191
f 535/535/191 534/534/191 450/450/191
f 535/535/191 450/450/191 449/449/191
f 323/323/6 326/326/6 536/536/6
f 323/323/6 536/536/6 537/537/6
f 537/537/6 536/536/6 373/373/6
f 537/537/6 373/373/6 372/372/6
s 1
f 412/412/207 415/415/207 538/538/248
f 412/412/207 538/538/248 539/539/248
f 539/539/248 538/538/248 391/391/203
f 539/539/248 391/391/203 390/390/203
f 393/393/207 396/396/207 540/540/248
f 393/393/207 540/540/248 541/541/248
f 541/541/248 540/540/248 387/387/203
f 541/541/248 387/387/203 386/386/203
f 442/442/207 445/445/207 542/542/248
f 442/442/207 542/542/248 543/543/248
f 543/543/248 542/542/248 403/403/203
f 543/543/248 403/403/203 402/402/203
f 304/304/180 303/303/179 530/530/246
f 304/304/180 530/530/246 529/529/245
s 0
f 472/472/191 475/475/191 544/544/191
f 472/472/191 544/544/191 545/545/191
f 545/545/191 544/544/191 458/458/191
f 545/545/191 458/458/191 457/457/191
f 363/363/6 366/366/6 546/546/6
f 363/363/6 546/546/6 547/547/6
f 547/547/6 546/546/6 440/440/6
f 547/547/6 440/440/6 439/439/6
f 331/331/191 334/334/191 548/548/191
f 331/331/191 548/548/191 549/549/191
f 549/549/191 548/548/191 345/345/191
f 549/549/191 345/345/191 344/344/191
s 1
f 276/276/154 275/275/154 550/550/249
f 276/276/154 550/550/249 551/551/249
f 551/551/249 550/550/249 342/342/192
f 551/551/249 342/342/192 341/341/192
f 503/503/154 502/502/154 552/552/249
f 503/503/154 552/552/249 553/553/249
f 553/553/249 552/552/249 513/513/192
f 553/553/249 513/513/192 512/512/192
f 335/335/192 338/338/192 554/554/249
f 335/335/192 554/554/249 555/555/249
f 555/555/249 554/554/249 293/293/154
f 555/555/249 293/293/154 292/292/154
f 288/288/166 287/287/165 556/556/250
f 288/288/166 556/556/250 557/557/251
f 526/526/242 300/300/176 299/299/175
f 526/526/242 299/299/175 527/527/243
f 557/557/251 556/556/250 298/298/174
f 557/557/251 298/298/174 297/297/173
f 407/407/215 406/406/214 286/286/164
f 407/407/215 286/286/164 285/285/163
f 558/558/252 559/559/253 560/560/254
f 558/558/252 560/560/254 561/561/255
f 316/316/183 562/562/256 563/563/257
f 316/316/183 563/563/257 564/564/258
f 289/289/167 565/565/259 566/566/257
f 289/289/167 566/566/257 567/567/260
f 283/283/161 568/568/261 569/569/262
f 283/283/161 569/569/262 570/570/263
f 296/296/172 571/571/264 572/572/265
f 296/296/172 572/572/265 573/573/266
f 80/80/52 574/574/267 575/575/268
f 80/80/52 575/575/268 576/576/269
f 299/299/175 302/302/178 577/577/270
f 299/299/175 577/577/270 578/578/271
f 73/73/47 579/579/272 580/580/273
f 73/73/47 580/580/273 581/581/274
f 79/79/51 582/582/275 583/583/273
f 79/79/51 583/583/273 584/584/276
f 295/295/171 578/578/271 577/577/270
f 295/295/171 577/577/270 585/585/277
f 290/290/168 586/586/278 587/587/279
f 290/290/168 587/587/279 588/588/280
f 315/315/182 589/589/281 590/590/282
f 315/315/182 590/590/282 591/591/283
f 368/368/200 592/592/284 590/590/282
f 368/368/200 590/590/282 589/589/281
f 477/477/230 588/588/280 587/587/279
f 477/477/230 587/587/279 593/593/285
f 284/284/162 283/283/161 570/570/263
f 284/284/162 570/570/263 594/594/286
f 595/595/287 574/574/267 80/80/52
f 595/595/287 80/80/52 10/10/5
f 558/558/252 596/596/288 597/597/289
f 558/558/252 597/597/289 559/559/253
f 564/564/258 598/598/290 317/317/184
f 564/564/258 317/317/184 316/316/183
f 599/599/291 600/600/292 281/281/159
f 599/599/291 281/281/159 280/280/158
f 593/593/285 601/601/293 476/476/229
f 593/593/285 476/476/229 477/477/230
f 296/296/172 295/295/171 585/585/277
f 296/296/172 585/585/277 571/571/264
f 576/576/269 582/582/275 79/79/51
f 576/576/269 79/79/51 80/80/52
f 316/316/183 315/315/182 591/591/283
f 316/316/183 591/591/283 562/562/256
f 567/567/260 586/586/278 290/290/168
f 567/567/260 290/290/168 289/289/167
f 315/315/182 318/318/54 602/602/54
f 315/315/182 602/602/54 589/589/281
f 589/589/281 602/602/54 369/369/54
f 589/589/281 369/369/54 368/368/200
f 8/8/3 79/79/51 584/584/276
f 8/8/3 584/584/276 603/603/294
f 604/604/295 579/579/272 73/73/47
f 604/604/295 73/73/47 72/72/46
s 0
f 516/516/191 515/515/191 605/605/191
f 516/516/191 605/605/191 606/606/191
f 607/607/191 608/608/191 456/456/191
f 607/607/191 456/456/191 459/459/191
f 464/464/191 467/467/191 609/609/191
f 464/464/191 609/609/191 610/610/191
f 611/611/191 612/612/191 474/474/191
f 611/611/191 474/474/191 473/473/191
f 371/371/6 374/374/6 613/613/6
f 371/371/6 613/613/6 614/614/6
f 615/615/6 616/616/6 500/500/6
f 615/615/6 500/500/6 499/499/6
s 1
f 368/368/200 367/367/199 617/617/296
f 368/368/200 617/617/296 592/592/284
f 581/581/274 618/618/297 75/75/49
f 581/581/274 75/75/49 73/73/47
f 468/468/226 471/471/228 619/619/298
f 468/468/226 619/619/298 620/620/299
f 291/291/169 294/294/170 621/621/300
f 291/291/169 621/621/300 622/622/301
f 623/623/302 624/624/303 423/423/221
f 623/623/302 423/423/221 422/422/220
f 362/362/198 361/361/197 625/625/304
f 362/362/198 625/625/304 626/626/305
f 627/627/306 628/628/307 337/337/194
f 627/627/306 337/337/194 336/336/193
f 511/511/238 510/510/237 629/629/308
f 511/511/238 629/629/308 630/630/309
f 631/631/310 632/632/310 455/455/225
f 631/631/310 455/455/225 454/454/197
f 431/431/220 430/430/222 633/633/311
f 431/431/220 633/633/311 634/634/312
f 635/635/313 636/636/313 505/505/236
f 635/635/313 505/505/236 504/504/235
f 525/525/241 524/524/241 637/637/314
f 525/525/241 637/637/314 638/638/315
f 639/639/316 640/640/317 340/340/196
f 639/639/316 340/340/196 339/339/195
f 507/507/220 506/506/222 641/641/318
f 507/507/220 641/641/318 642/642/319
f 643/643/320 644/644/321 278/278/156
f 643/643/320 278/278/156 277/277/155
f 444/444/224 443/443/223 645/645/322
f 444/444/224 645/645/322 646/646/323
f 647/647/324 648/648/324 478/478/231
f 647/647/324 478/478/231 481/481/232
f 385/385/202 388/388/204 649/649/325
f 385/385/202 649/649/325 650/650/326
f 651/651/327 652/652/328 383/383/201
f 651/651/327 383/383/201 382/382/201
f 389/389/205 392/392/206 653/653/329
f 389/389/205 653/653/329 654/654/330
f 655/655/331 656/656/331 410/410/217
f 655/655/331 410/410/217 409/409/216
f 414/414/219 413/413/218 657/657/332
f 414/414/219 657/657/332 658/658/333
f 659/659/334 660/660/335 486/486/233
f 659/659/334 486/486/233 489/489/232
f 395/395/209 394/394/208 661/661/336
f 395/395/209 661/661/336 662/662/337
f 663/663/338 664/664/338 490/490/234
f 663/663/338 490/490/234 493/493/232
f 401/401/211 404/404/212 665/665/339
f 401/401/211 665/665/339 666/666/340
f 667/667/339 668/668/341 399/399/210
f 667/667/339 399/399/210 398/398/201
s 0
f 365/365/6 364/364/6 669/669/6
f 365/365/6 669/669/6 670/670/6
f 671/671/6 672/672/6 311/311/6
f 671/671/6 311/311/6 314/314/6
f 357/357/6 356/356/6 673/673/6
f 357/357/6 673/673/6 674/674/6
f 675/675/6 676/676/6 438/438/6
f 675/675/6 438/438/6 441/441/6
f 462/462/6 461/461/6 677/677/6
f 462/462/6 677/677/6 678/678/6
f 679/679/6 680/680/6 377/377/6
f 679/679/6 377/377/6 380/380/6
f 353/353/191 352/352/191 681/681/191
f 353/353/191 681/681/191 682/682/191
f 683/683/191 684/684/191 418/418/191
f 683/683/191 418/418/191 421/421/191
f 494/494/191 497/497/191 685/685/191
f 494/494/191 685/685/191 686/686/191
f 687/687/191 688/688/191 333/333/191
f 687/687/191 333/333/191 332/332/191
f 349/349/191 348/348/191 689/689/191
f 349/349/191 689/689/191 690/690/191
f 691/691/191 692/692/191 343/343/191
f 691/691/191 343/343/191 346/346/191
f 434/434/6 437/437/6 693/693/6
f 434/434/6 693/693/6 694/694/6
f 695/695/6 696/696/6 325/325/6
f 695/695/6 325/325/6 324/324/6
f 426/426/6 429/429/6 697/697/6
f 426/426/6 697/697/6 698/698/6
f 699/699/6 700/700/6 309/309/6
f 699/699/6 309/309/6 308/308/6
f 484/484/191 483/483/191 701/701/191
f 484/484/191 701/701/191 702/702/191
f 703/703/191 704/704/191 448/448/191
f 703/703/191 448/448/191 451/451/191
s 1
f 705/705/342 95/95/53 706/706/343
f 705/705/342 706/706/343 707/707/343
f 708/708/344 709/709/345 528/528/244
f 708/708/344 528/528/244 531/531/247
f 298/298/174 556/556/250 710/710/346
f 298/298/174 710/710/346 711/711/347
f 711/711/347 710/710/346 328/328/188
f 711/711/347 328/328/188 527/527/243
f 556/556/250 287/287/165 712/712/348
f 556/556/250 712/712/348 710/710/346
f 710/710/346 712/712/348 329/329/189
f 710/710/346 329/329/189 328/328/188
f 288/288/166 557/557/251 713/713/349
f 288/288/166 713/713/349 714/714/350
f 715/715/351 716/716/352 406/406/214
f 715/715/351 406/406/214 22/22/9
f 557/557/251 297/297/173 717/717/353
f 557/557/251 717/717/353 713/713/349
f 716/716/352 718/718/354 286/286/164
f 716/716/352 286/286/164 406/406/214
f 289/289/167 288/288/166 714/714/350
f 289/289/167 714/714/350 565/565/259
f 561/561/255 715/715/351 22/22/9
f 561/561/255 22/22/9 558/558/252
f 527/527/243 299/299/175 578/578/271
f 527/527/243 578/578/271 711/711/347
f 711/711/347 578/578/271 295/295/171
f 711/711/347 295/295/171 298/298/174
f 283/283/161 286/286/164 718/718/354
f 283/283/161 718/718/354 568/568/261
f 573/573/266 717/717/353 297/297/173
f 573/573/266 297/297/173 296/296/172
f 477/477/230 329/329/189 712/712/348
f 477/477/230 712/712/348 588/588/280
f 588/588/280 712/712/348 287/287/165
f 588/588/280 287/287/165 290/290/168
s 0
f 719/719/6 720/720/6 721/721/6
f 719/719/6 721/721/6 722/722/6
s 1
f 526/526/242 327/327/187 723/723/355
f 526/526/242 723/723/355 724/724/356
f 724/724/356 723/723/355 303/303/179
f 724/724/356 303/303/179 282/282/160
f 327/327/187 330/330/190 725/725/357
f 327/327/187 725/725/357 723/723/355
f 723/723/355 725/725/357 530/530/246
f 723/723/355 530/530/246 303/303/179
f 281/281/159 600/600/292 726/726/358
f 281/281/159 726/726/358 727/727/359
f 727/727/359 726/726/358 301/301/177
f 727/727/359 301/301/177 300/300/176
f 619/619/298 471/471/228 728/728/360
f 619/619/298 728/728/360 729/729/361
f 729/729/361 728/728/360 75/75/49
f 729/729/361 75/75/49 618/618/297
f 617/617/296 367/367/199 730/730/362
f 617/617/296 730/730/362 731/731/363
f 731/731/363 730/730/362 705/705/342
f 731/731/363 705/705/342 707/707/343
f 476/476/229 601/601/293 732/732/364
f 476/476/229 732/732/364 733/733/365
f 733/733/365 732/732/364 708/708/344
f 733/733/365 708/708/344 531/531/247
f 282/282/160 281/281/159 727/727/359
f 282/282/160 727/727/359 724/724/356
f 724/724/356 727/727/359 300/300/176
f 724/724/356 300/300/176 526/526/242
f 734/734/366 735/735/367 736/736/368
f 734/734/366 736/736/368 737/737/369
f 519/519/240 738/738/370 739/739/371
f 519/519/240 739/739/371 520/520/240
f 531/531/247 530/530/246 725/725/357
f 531/531/247 725/725/357 733/733/365
f 733/733/365 725/725/357 330/330/190
f 733/733/365 330/330/190 476/476/229
f 740/740/372 27/27/14 220/220/121
f 740/740/372 220/220/121 741/741/373
f 742/742/374 217/217/118 1/1/1
f 742/742/374 1/1/1 306/306/181
f 471/471/228 470/470/227 743/743/375
f 471/471/228 743/743/375 728/728/360
f 72/72/46 77/77/48 744/744/48
f 72/72/46 744/744/48 745/745/376
f 728/728/360 743/743/375 78/78/50
f 728/728/360 78/78/50 75/75/49
f 746/746/295 604/604/295 72/72/46
f 746/746/295 72/72/46 745/745/376
f 9/9/4 8/8/3 603/603/294
f 9/9/4 603/603/294 747/747/294
s 0
f 748/748/6 749/749/6 750/750/6
f 748/748/6 750/750/6 751/751/6
f 749/749/6 752/752/6 753/753/6
f 749/749/6 753/753/6 750/750/6
f 754/754/6 755/755/6 756/756/6
f 754/754/6 756/756/6 757/757/6
s 1
f 758/758/377 759/759/378 760/760/378
f 758/758/377 760/760/378 761/761/379
s 0
f 762/762/6 748/748/6 751/751/6
f 762/762/6 751/751/6 763/763/6
s 1
f 764/764/380 765/765/381 766/766/382
f 764/764/380 766/766/382 767/767/383
s 0
f 752/752/6 754/754/6 757/757/6
f 752/752/6 757/757/6 753/753/6
f 768/768/6 769/769/6 770/770/6
f 768/768/6 770/770/6 771/771/6
f 772/772/6 773/773/6 774/774/6
f 772/772/6 774/774/6 775/775/6
s 1
f 776/776/384 777/777/19 778/778/19
f 776/776/384 778/778/19 779/779/384
s 0
f 780/780/6 781/781/6 782/782/6
f 780/780/6 782/782/6 783/783/6
f 19/19/6 18/18/6 780/780/6
f 19/19/6 780/780/6 783/783/6
f 784/784/6 719/719/6 722/722/6
f 784/784/6 722/722/6 785/785/6
s 1
f 786/786/385 787/787/386 788/788/386
f 786/786/385 788/788/386 789/789/386
s 0
f 769/769/6 14/14/6 16/16/6
f 769/769/6 16/16/6 770/770/6
s 1
f 790/790/54 791/791/387 792/792/387
f 790/790/54 792/792/387 793/793/54
f 794/794/388 764/764/380 767/767/383
f 794/794/388 767/767/383 795/795/388
f 759/759/378 794/794/388 795/795/388
f 759/759/378 795/795/388 760/760/378
s 0
f 773/773/6 796/796/6 797/797/6
f 773/773/6 797/797/6 774/774/6
s 1
f 786/786/385 789/789/386 798/798/389
f 786/786/385 798/798/389 799/799/390
f 800/800/391 801/801/392 792/792/387
f 800/800/391 792/792/387 791/791/387
f 766/766/382 765/765/381 802/802/393
f 766/766/382 802/802/393 803/803/393
f 804/804/394 805/805/394 776/776/384
f 804/804/394 776/776/384 779/779/384
f 758/758/377 761/761/379 806/806/395
f 758/758/377 806/806/395 807/807/395
f 808/808/396 809/809/396 321/321/186
f 808/808/396 321/321/186 320/320/186
f 788/788/386 787/787/386 810/810/389
f 788/788/386 810/810/389 811/811/397
f 812/812/398 813/813/392 319/319/185
f 812/812/398 319/319/185 322/322/185
s 0
f 814/814/6 762/762/6 763/763/6
f 814/814/6 763/763/6 815/815/6
s 1
f 20/20/7 22/22/9 405/405/213
f 20/20/7 405/405/213 816/816/399
f 22/22/9 24/24/11 596/596/288
f 22/22/9 596/596/288 558/558/252
f 817/817/54 818/818/54 705/705/342
f 817/817/54 705/705/342 730/730/362
f 95/95/53 705/705/342 818/818/54
f 95/95/53 818/818/54 98/98/54
f 370/370/54 817/817/54 730/730/362
f 370/370/54 730/730/362 367/367/199
f 819/819/400 820/820/239 821/821/239
f 819/819/400 821/821/239 822/822/401
s 0
f 823/823/239 824/824/239 825/825/239
f 823/823/239 825/825/239 826/826/239
s 1
f 827/827/402 819/819/400 822/822/401
f 827/827/402 822/822/401 828/828/403
s 0
f 820/820/404 823/823/404 826/826/404
f 820/820/404 826/826/404 821/821/404
s 1
f 829/829/405 827/827/402 828/828/403
f 829/829/405 828/828/403 830/830/406
f 831/831/407 832/832/408 833/833/409
f 831/831/407 833/833/409 834/834/410
f 835/835/411 831/831/407 834/834/410
f 835/835/411 834/834/410 836/836/411
s 0
f 837/837/54 838/838/54 818/818/54
f 837/837/54 818/818/54 817/817/54
f 839/839/54 837/837/54 817/817/54
f 839/839/54 817/817/54 370/370/54
s 1
f 840/840/412 841/841/54 318/318/54
f 840/840/412 318/318/54 317/317/184
s 0
f 841/841/54 842/842/54 602/602/54
f 841/841/54 602/602/54 318/318/54
f 843/843/54 839/839/54 370/370/54
f 843/843/54 370/370/54 369/369/54
f 842/842/54 843/843/54 369/369/54
f 842/842/54 369/369/54 602/602/54
s 1
f 844/844/413 845/845/414 597/597/289
f 844/844/413 597/597/289 596/596/288
f 846/846/415 840/840/412 317/317/184
f 846/846/415 317/317/184 598/598/290
f 847/847/416 848/848/417 21/21/8
f 847/847/416 21/21/8 20/20/7
f 848/848/417 849/849/418 23/23/10
f 848/848/417 23/23/10 21/21/8
f 849/849/418 850/850/419 24/24/11
f 849/849/418 24/24/11 23/23/10
s 0
f 851/851/54 852/852/54 853/853/54
f 851/851/54 853/853/54 100/100/54
f 854/854/54 851/851/54 100/100/54
f 854/854/54 100/100/54 99/99/54
f 855/855/54 856/856/54 97/97/54
f 855/855/54 97/97/54 96/96/54
f 857/857/54 855/855/54 96/96/54
f 857/857/54 96/96/54 98/98/54
f 838/838/54 857/857/54 98/98/54
f 838/838/54 98/98/54 818/818/54
s 1
f 850/850/419 844/844/413 596/596/288
f 850/850/419 596/596/288 24/24/11
f 858/858/420 847/847/416 20/20/7
f 858/858/420 20/20/7 816/816/399
s 0
f 859/859/54 860/860/54 861/861/54
f 859/859/54 861/861/54 862/862/54
f 862/862/54 861/861/54 863/863/54
f 862/862/54 863/863/54 864/864/54
s 1
f 865/865/421 866/866/422 867/867/423
f 865/865/421 867/867/423 868/868/421
s 0
f 869/869/54 865/865/424 868/868/424
f 869/869/54 868/868/424 870/870/54
f 863/863/54 871/871/54 872/872/54
f 863/863/54 872/872/54 864/864/54
f 871/871/54 869/869/54 870/870/54
f 871/871/54 870/870/54 872/872/54
s 1
f 873/873/425 874/874/426 875/875/427
f 873/873/425 875/875/427 876/876/425
f 866/866/422 873/873/425 876/876/425
f 866/866/422 876/876/425 867/867/423
f 877/877/428 878/878/429 879/879/429
f 877/877/428 879/879/429 880/880/430
s 0
f 824/824/239 881/881/239 882/882/239
f 824/824/239 882/882/239 825/825/239
f 881/881/239 518/518/239 521/521/239
f 881/881/239 521/521/239 882/882/239
s 1
f 883/883/431 734/734/366 737/737/369
f 883/883/431 737/737/369 884/884/432
f 738/738/370 885/885/433 886/886/434
f 738/738/370 886/886/434 739/739/371
f 887/887/435 877/877/428 880/880/430
f 887/887/435 880/880/430 888/888/436
f 889/889/437 887/887/435 888/888/436
f 889/889/437 888/888/436 890/890/438
f 891/891/439 889/889/437 890/890/438
f 891/891/439 890/890/438 892/892/440
s 0
f 893/893/22 894/894/22 895/895/22
f 893/893/22 895/895/22 896/896/22
f 894/894/22 897/897/22 898/898/22
f 894/894/22 898/898/22 895/895/22
f 897/897/22 899/899/22 900/900/22
f 897/897/22 900/900/22 898/898/22
f 899/899/22 901/901/22 902/902/22
f 899/899/22 902/902/22 900/900/22
f 901/901/22 903/903/22 904/904/22
f 901/901/22 904/904/22 902/902/22
f 903/903/22 905/905/22 906/906/22
f 903/903/22 906/906/22 904/904/22
f 905/905/22 907/907/22 908/908/22
f 905/905/22 908/908/22 906/906/22
f 907/907/22 909/909/22 910/910/22
f 907/907/22 910/910/22 908/908/22
f 909/909/22 911/911/22 912/912/22
f 909/909/22 912/912/22 910/910/22
f 911/911/22 913/913/22 914/914/22
f 911/911/22 914/914/22 912/912/22
f 913/913/22 915/915/22 916/916/22
f 913/913/22 916/916/22 914/914/22
f 915/915/22 917/917/22 918/918/22
f 915/915/22 918/918/22 916/916/22
f 917/917/22 919/919/22 920/920/22
f 917/917/22 920/920/22 918/918/22
f 919/919/22 921/921/22 922/922/22
f 919/919/22 922/922/22 920/920/22
f 921/921/22 923/923/22 924/924/22
f 921/921/22 924/924/22 922/922/22
f 923/923/22 925/925/22 926/926/22
f 923/923/22 926/926/22 924/924/22
f 925/925/22 927/927/22 928/928/22
f 925/925/22 928/928/22 926/926/22
f 927/927/22 929/929/22 930/930/22
f 927/927/22 930/930/22 928/928/22
f 929/929/22 931/931/22 932/932/22
f 929/929/22 932/932/22 930/930/22
f 931/931/22 933/933/22 934/934/22
f 931/931/22 934/934/22 932/932/22
f 933/933/22 935/935/22 936/936/22
f 933/933/22 936/936/22 934/934/22
f 935/935/22 937/937/22 938/938/22
f 935/935/22 938/938/22 936/936/22
f 937/937/22 939/939/22 940/940/22
f 937/937/22 940/940/22 938/938/22
f 939/939/22 893/893/22 896/896/22
f 939/939/22 896/896/22 940/940/22
s 1
f 941/941/17 224/224/125 27/27/14
f 941/941/17 27/27/14 30/30/17
f 942/942/441 943/943/442 200/200/101
f 942/942/441 200/200/101 205/205/106
f 944/944/191 945/945/443 209/209/110
f 944/944/191 209/209/110 213/213/114
f 945/945/443 946/946/444 210/210/111
f 945/945/443 210/210/111 209/209/110
f 947/947/445 948/948/446 949/949/447
f 947/947/445 949/949/447 950/950/448
f 948/948/446 951/951/449 952/952/450
f 948/948/446 952/952/450 949/949/447
f 951/951/449 953/953/451 954/954/452
f 951/951/449 954/954/452 952/952/450
f 955/955/453 956/956/454 957/957/454
f 955/955/453 957/957/454 958/958/455
f 953/953/451 955/955/453 958/958/455
f 953/953/451 958/958/455 954/954/452
f 959/959/456 960/960/457 961/961/458
f 959/959/456 961/961/458 962/962/456
f 963/963/457 964/964/459 965/965/460
f 963/963/457 965/965/460 966/966/461
f 964/964/459 967/967/462 968/968/463
f 964/964/459 968/968/463 965/965/460
f 967/967/462 969/969/464 970/970/465
f 967/967/462 970/970/465 968/968/463
f 969/969/464 971/971/466 972/972/466
f 969/969/464 972/972/466 970/970/465
f 971/971/466 973/973/467 974/974/467
f 971/971/466 974/974/467 972/972/466
f 973/973/467 947/947/445 950/950/448
f 973/973/467 950/950/448 974/974/467
f 975/975/468 976/976/469 977/977/469
f 975/975/468 977/977/469 978/978/468
f 979/979/470 980/980/471 981/981/472
f 979/979/470 981/981/472 982/982/473
f 983/983/474 979/979/470 982/982/473
f 983/983/474 982/982/473 984/984/475
f 985/985/476 47/47/21 49/49/23
f 985/985/476 49/49/23 986/986/477
f 980/980/471 985/985/476 986/986/477
f 980/980/471 986/986/477 981/981/472
f 986/986/477 49/49/23 50/50/24
f 986/986/477 50/50/24 987/987/478
f 981/981/472 986/986/477 987/987/478
f 981/981/472 987/987/478 988/988/479
f 982/982/473 981/981/472 988/988/479
f 982/982/473 988/988/479 989/989/480
f 984/984/475 982/982/473 989/989/480
f 984/984/475 989/989/480 990/990/481
f 990/990/481 989/989/480 991/991/482
f 990/990/481 991/991/482 992/992/483
f 987/987/478 50/50/24 51/51/25
f 987/987/478 51/51/25 993/993/484
f 988/988/479 987/987/478 993/993/484
f 988/988/479 993/993/484 994/994/485
f 989/989/480 988/988/479 994/994/485
f 989/989/480 994/994/485 991/991/482
f 994/994/485 993/993/484 995/995/486
f 994/994/485 995/995/486 996/996/487
f 991/991/482 994/994/485 996/996/487
f 991/991/482 996/996/487 997/997/488
f 992/992/483 991/991/482 997/997/488
f 992/992/483 997/997/488 998/998/489
f 993/993/484 51/51/25 52/52/26
f 993/993/484 52/52/26 995/995/486
f 995/995/486 52/52/26 53/53/27
f 995/995/486 53/53/27 999/999/490
f 996/996/487 995/995/486 999/999/490
f 996/996/487 999/999/490 1000/1000/491
f 997/997/488 996/996/487 1000/1000/491
f 997/997/488 1000/1000/491 1001/1001/492
f 998/998/489 997/997/488 1001/1001/492
f 998/998/489 1001/1001/492 1002/1002/493
f 1001/1001/492 1000/1000/491 1003/1003/494
f 1001/1001/492 1003/1003/494 1004/1004/495
f 1002/1002/493 1001/1001/492 1004/1004/495
f 1002/1002/493 1004/1004/495 1005/1005/496
f 999/999/490 53/53/27 54/54/28
f 999/999/490 54/54/28 1006/1006/497
f 1000/1000/491 999/999/490 1006/1006/497
f 1000/1000/491 1006/1006/497 1003/1003/494
f 1003/1003/494 1006/1006/497 1007/1007/498
f 1003/1003/494 1007/1007/498 1008/1008/499
f 1004/1004/495 1003/1003/494 1008/1008/499
f 1004/1004/495 1008/1008/499 1009/1009/500
f 1005/1005/496 1004/1004/495 1009/1009/500
f 1005/1005/496 1009/1009/500 1010/1010/501
f 1006/1006/497 54/54/28 55/55/29
f 1006/1006/497 55/55/29 1007/1007/498
f 1010/1010/501 1009/1009/500 1011/1011/502
f 1010/1010/501 1011/1011/502 1012/1012/503
f 1007/1007/498 55/55/29 56/56/30
f 1007/1007/498 56/56/30 1013/1013/504
f 1008/1008/499 1007/1007/498 1013/1013/504
f 1008/1008/499 1013/1013/504 1014/1014/505
f 1009/1009/500 1008/1008/499 1014/1014/505
f 1009/1009/500 1014/1014/505 1011/1011/502
f 1011/1011/502 1014/1014/505 1015/1015/506
f 1011/1011/502 1015/1015/506 1016/1016/507
f 1012/1012/503 1011/1011/502 1016/1016/507
f 1012/1012/503 1016/1016/507 1017/1017/508
f 1013/1013/504 56/56/30 57/57/31
f 1013/1013/504 57/57/31 1018/1018/509
f 1014/1014/505 1013/1013/504 1018/1018/509
f 1014/1014/505 1018/1018/509 1015/1015/506
f 1015/1015/506 1018/1018/509 1019/1019/510
f 1015/1015/506 1019/1019/510 1020/1020/511
f 1016/1016/507 1015/1015/506 1020/1020/511
f 1016/1016/507 1020/1020/511 1021/1021/512
f 1017/1017/508 1016/1016/507 1021/1021/512
f 1017/1017/508 1021/1021/512 1022/1022/513
f 1018/1018/509 57/57/31 58/58/32
f 1018/1018/509 58/58/32 1019/1019/510
f 1022/1022/513 1021/1021/512 1023/1023/514
f 1022/1022/513 1023/1023/514 1024/1024/515
f 1019/1019/510 58/58/32 59/59/33
f 1019/1019/510 59/59/33 1025/1025/516
f 1020/1020/511 1019/1019/510 1025/1025/516
f 1020/1020/511 1025/1025/516 1026/1026/517
f 1021/1021/512 1020/1020/511 1026/1026/517
f 1021/1021/512 1026/1026/517 1023/1023/514
f 1023/1023/514 1026/1026/517 1027/1027/518
f 1023/1023/514 1027/1027/518 1028/1028/519
f 1024/1024/515 1023/1023/514 1028/1028/519
f 1024/1024/515 1028/1028/519 1029/1029/520
f 1025/1025/516 59/59/33 60/60/34
f 1025/1025/516 60/60/34 1030/1030/521
f 1026/1026/517 1025/1025/516 1030/1030/521
f 1026/1026/517 1030/1030/521 1027/1027/518
f 1027/1027/518 1030/1030/521 1031/1031/522
f 1027/1027/518 1031/1031/522 1032/1032/523
f 1028/1028/519 1027/1027/518 1032/1032/523
f 1028/1028/519 1032/1032/523 1033/1033/524
f 1029/1029/520 1028/1028/519 1033/1033/524
f 1029/1029/520 1033/1033/524 1034/1034/525
f 1030/1030/521 60/60/34 61/61/35
f 1030/1030/521 61/61/35 1031/1031/522
f 1034/1034/525 1033/1033/524 1035/1035/526
f 1034/1034/525 1035/1035/526 1036/1036/527
f 1031/1031/522 61/61/35 62/62/36
f 1031/1031/522 62/62/36 1037/1037/528
f 1032/1032/523 1031/1031/522 1037/1037/528
f 1032/1032/523 1037/1037/528 1038/1038/529
f 1033/1033/524 1032/1032/523 1038/1038/529
f 1033/1033/524 1038/1038/529 1035/1035/526
f 1035/1035/526 1038/1038/529 1039/1039/530
f 1035/1035/526 1039/1039/530 1040/1040/531
f 1036/1036/527 1035/1035/526 1040/1040/531
f 1036/1036/527 1040/1040/531 1041/1041/532
f 1037/1037/528 62/62/36 63/63/37
f 1037/1037/528 63/63/37 1042/1042/533
f 1038/1038/529 1037/1037/528 1042/1042/533
f 1038/1038/529 1042/1042/533 1039/1039/530
f 1039/1039/530 1042/1042/533 1043/1043/534
f 1039/1039/530 1043/1043/534 1044/1044/535
f 1040/1040/531 1039/1039/530 1044/1044/535
f 1040/1040/531 1044/1044/535 1045/1045/536
f 1041/1041/532 1040/1040/531 1045/1045/536
f 1041/1041/532 1045/1045/536 1046/1046/537
f 1042/1042/533 63/63/37 64/64/38
f 1042/1042/533 64/64/38 1043/1043/534
f 1046/1046/537 1045/1045/536 1047/1047/538
f 1046/1046/537 1047/1047/538 1048/1048/539
f 1043/1043/534 64/64/38 65/65/39
f 1043/1043/534 65/65/39 1049/1049/540
f 1044/1044/535 1043/1043/534 1049/1049/540
f 1044/1044/535 1049/1049/540 1050/1050/541
f 1045/1045/536 1044/1044/535 1050/1050/541
f 1045/1045/536 1050/1050/541 1047/1047/538
f 1047/1047/538 1050/1050/541 1051/1051/542
f 1047/1047/538 1051/1051/542 1052/1052/543
f 1048/1048/539 1047/1047/538 1052/1052/543
f 1048/1048/539 1052/1052/543 1053/1053/544
f 1049/1049/540 65/65/39 66/66/40
f 1049/1049/540 66/66/40 1054/1054/545
f 1050/1050/541 1049/1049/540 1054/1054/545
f 1050/1050/541 1054/1054/545 1051/1051/542
f 1054/1054/545 66/66/40 67/67/41
f 1054/1054/545 67/67/41 1055/1055/546
f 1051/1051/542 1054/1054/545 1055/1055/546
f 1051/1051/542 1055/1055/546 1056/1056/547
f 1052/1052/543 1051/1051/542 1056/1056/547
f 1052/1052/543 1056/1056/547 1057/1057/548
f 1053/1053/544 1052/1052/543 1057/1057/548
f 1053/1053/544 1057/1057/548 1058/1058/549
f 1058/1058/549 1057/1057/548 1059/1059/550
f 1058/1058/549 1059/1059/550 1060/1060/551
f 1055/1055/546 67/67/41 68/68/42
f 1055/1055/546 68/68/42 1061/1061/552
f 1056/1056/547 1055/1055/546 1061/1061/552
f 1056/1056/547 1061/1061/552 1062/1062/553
f 1057/1057/548 1056/1056/547 1062/1062/553
f 1057/1057/548 1062/1062/553 1059/1059/550
f 1062/1062/553 1061/1061/552 1063/1063/554
f 1062/1062/553 1063/1063/554 1064/1064/555
f 1059/1059/550 1062/1062/553 1064/1064/555
f 1059/1059/550 1064/1064/555 1065/1065/556
f 1060/1060/551 1059/1059/550 1065/1065/556
f 1060/1060/551 1065/1065/556 1066/1066/557
f 1061/1061/552 68/68/42 69/69/43
f 1061/1061/552 69/69/43 1063/1063/554
f 1063/1063/554 69/69/43 70/70/44
f 1063/1063/554 70/70/44 1067/1067/558
f 1064/1064/555 1063/1063/554 1067/1067/558
f 1064/1064/555 1067/1067/558 1068/1068/559
f 1065/1065/556 1064/1064/555 1068/1068/559
f 1065/1065/556 1068/1068/559 1069/1069/560
f 1066/1066/557 1065/1065/556 1069/1069/560
f 1066/1066/557 1069/1069/560 1070/1070/561
f 1069/1069/560 1068/1068/559 1071/1071/562
f 1069/1069/560 1071/1071/562 1072/1072/563
f 1070/1070/561 1069/1069/560 1072/1072/563
f 1070/1070/561 1072/1072/563 1073/1073/564
f 1067/1067/558 70/70/44 71/71/45
f 1067/1067/558 71/71/45 1074/1074/565
f 1068/1068/559 1067/1067/558 1074/1074/565
f 1068/1068/559 1074/1074/565 1071/1071/562
f 1071/1071/562 1074/1074/565 985/985/476
f 1071/1071/562 985/985/476 980/980/471
f 1072/1072/563 1071/1071/562 980/980/471
f 1072/1072/563 980/980/471 979/979/470
f 1073/1073/564 1072/1072/563 979/979/470
f 1073/1073/564 979/979/470 983/983/474
f 1074/1074/565 71/71/45 47/47/21
f 1074/1074/565 47/47/21 985/985/476
f 1075/1075/54 101/101/55 100/100/54
s 0
f 1075/1075/54 100/100/54 853/853/54
s 1
f 1076/1076/566 1077/1077/567 198/198/99
f 1076/1076/566 198/198/99 197/197/98
f 1078/1078/568 1079/1079/569 1080/1080/570
f 1078/1078/568 1080/1080/570 1081/1081/571
f 1078/1078/568 1082/1082/572 1083/1083/573
f 1078/1078/568 1083/1083/573 1079/1079/569
f 1077/1077/567 1084/1084/574 1085/1085/575
f 1077/1077/567 1085/1085/575 1086/1086/576
f 1087/1087/577 1088/1088/578 1089/1089/579
f 1087/1087/577 1089/1089/579 1090/1090/580
f 213/213/114 214/214/115 1088/1088/578
f 213/213/114 1088/1088/578 1087/1087/577
f 215/215/116 198/198/99 1077/1077/567
f 215/215/116 1077/1077/567 1086/1086/576
f 1084/1084/574 1077/1077/567 1076/1076/566
f 1084/1084/574 1076/1076/566 1091/1091/581
f 102/102/56 1092/1092/582 1093/1093/583
f 102/102/56 1093/1093/583 1094/1094/584
f 1092/1092/582 1081/1081/571 1080/1080/570
f 1092/1092/582 1080/1080/570 1093/1093/583
f 1095/1095/585 1096/1096/586 1097/1097/587
f 1095/1095/585 1097/1097/587 124/124/64
f 1096/1096/586 1091/1091/581 1076/1076/566
f 1096/1096/586 1076/1076/566 1097/1097/587
f 197/197/98 223/223/124 1097/1097/587
f 197/197/98 1097/1097/587 1076/1076/566
f 223/223/124 224/224/125 124/124/64
f 223/223/124 124/124/64 1097/1097/587
f 1098/1098/588 1099/1099/588 1100/1100/589
f 1098/1098/588 1100/1100/589 1101/1101/589
f 1101/1101/589 1100/1100/589 1102/1102/590
f 1101/1101/589 1102/1102/590 1103/1103/590
f 1103/1103/590 1102/1102/590 1104/1104/591
f 1103/1103/590 1104/1104/591 1105/1105/591
f 1105/1105/591 1104/1104/591 1106/1106/592
f 1105/1105/591 1106/1106/592 1107/1107/592
f 1107/1107/592 1106/1106/592 1108/1108/593
f 1107/1107/592 1108/1108/593 1109/1109/593
f 1109/1109/593 1108/1108/593 1110/1110/594
f 1109/1109/593 1110/1110/594 1111/1111/594
f 1111/1111/594 1110/1110/594 1112/1112/595
f 1111/1111/594 1112/1112/595 1113/1113/595
f 1113/1113/595 1112/1112/595 1114/1114/596
f 1113/1113/595 1114/1114/596 1115/1115/596
f 1115/1115/596 1114/1114/596 1116/1116/597
f 1115/1115/596 1116/1116/597 1117/1117/598
f 1117/1117/598 1116/1116/597 1118/1118/599
f 1117/1117/598 1118/1118/599 1119/1119/599
f 1119/1119/599 1118/1118/599 1120/1120/600
f 1119/1119/599 1120/1120/600 1121/1121/600
f 1121/1121/600 1120/1120/600 1122/1122/601
f 1121/1121/600 1122/1122/601 1123/1123/601
f 1124/1124/6 1125/1125/6 1126/1126/602
f 1124/1124/6 1126/1126/602 1127/1127/602
f 1127/1127/602 1126/1126/602 1128/1128/603
f 1127/1127/602 1128/1128/603 1129/1129/604
f 1129/1129/604 1128/1128/603 1130/1130/605
f 1129/1129/604 1130/1130/605 1131/1131/605
f 1131/1131/605 1130/1130/605 1132/1132/606
f 1131/1131/605 1132/1132/606 1133/1133/606
f 1133/1133/606 1132/1132/606 1134/1134/607
f 1133/1133/606 1134/1134/607 1135/1135/607
f 1135/1135/607 1134/1134/607 1136/1136/608
f 1135/1135/607 1136/1136/608 1137/1137/608
f 1137/1137/608 1136/1136/608 1138/1138/609
f 1137/1137/608 1138/1138/609 1139/1139/609
f 1139/1139/609 1138/1138/609 1140/1140/610
f 1139/1139/609 1140/1140/610 1141/1141/611
f 1141/1141/611 1140/1140/610 1142/1142/612
f 1141/1141/611 1142/1142/612 1143/1143/612
f 1143/1143/612 1142/1142/612 1144/1144/613
f 1143/1143/612 1144/1144/613 1145/1145/614
f 1145/1145/614 1144/1144/613 1146/1146/615
f 1145/1145/614 1146/1146/615 1147/1147/615
f 1147/1147/615 1146/1146/615 1099/1099/588
f 1147/1147/615 1099/1099/588 1098/1098/588
f 1148/1148/616 1149/1149/617 1150/1150/618
f 1148/1148/616 1150/1150/618 1151/1151/616
f 1152/1152/619 1153/1153/620 1154/1154/621
f 1152/1152/619 1154/1154/621 1155/1155/622
f 1156/1156/623 1157/1157/624 285/285/163
f 1156/1156/623 285/285/163 284/284/162
f 1158/1158/625 1159/1159/626 1160/1160/627
f 1158/1158/625 1160/1160/627 1161/1161/628
f 1162/1162/629 1163/1163/630 1164/1164/616
f 1162/1162/629 1164/1164/616 1165/1165/616
f 1166/1166/631 1167/1167/632 1168/1168/633
f 1166/1166/631 1168/1168/633 1169/1169/634
f 1170/1170/635 1171/1171/636 1172/1172/637
f 1170/1170/635 1172/1172/637 1173/1173/638
f 1152/1152/619 1174/1174/639 1175/1175/640
f 1152/1152/619 1175/1175/640 1153/1153/620
f 102/102/56 1176/1176/641 1177/1177/57
f 102/102/56 1177/1177/57 107/107/57
s 0
f 1178/1178/6 1179/1179/6 1180/1180/6
f 1178/1178/6 1180/1180/6 1181/1181/6
f 1182/1182/6 1183/1183/6 313/313/6
f 1182/1182/6 313/313/6 312/312/6
s 1
f 1184/1184/642 1185/1185/54 1186/1186/184
f 1184/1184/642 1186/1186/184 1187/1187/643
f 1188/1188/644 1189/1189/644 1190/1190/645
f 1188/1188/644 1190/1190/645 1191/1191/645
s 0
f 1192/1192/6 1193/1193/6 1194/1194/6
f 1192/1192/6 1194/1194/6 1195/1195/6
s 1
f 1196/1196/646 1197/1197/647 1198/1198/648
f 1196/1196/646 1198/1198/648 1199/1199/649
s 0
f 1200/1200/191 1201/1201/191 1202/1202/191
f 1200/1200/191 1202/1202/191 1203/1203/191
s 1
f 1204/1204/650 1205/1205/650 1206/1206/651
f 1204/1204/650 1206/1206/651 1207/1207/651
f 1208/1208/652 1209/1209/650 1210/1210/650
f 1208/1208/652 1210/1210/650 1211/1211/653
s 0
f 1212/1212/191 1213/1213/191 1214/1214/191
f 1212/1212/191 1214/1214/191 1215/1215/191
f 347/347/191 350/350/191 1216/1216/191
f 347/347/191 1216/1216/191 1217/1217/191
f 1218/1218/191 1219/1219/191 1220/1220/191
f 1218/1218/191 1220/1220/191 1221/1221/191
f 1222/1222/6 1223/1223/6 1224/1224/6
f 1222/1222/6 1224/1224/6 1225/1225/6
s 1
f 1226/1226/19 1227/1227/654 1228/1228/655
f 1226/1226/19 1228/1228/655 1229/1229/19
s 0
f 1230/1230/6 1231/1231/6 1232/1232/6
f 1230/1230/6 1232/1232/6 1233/1233/6
s 1
f 1234/1234/656 1235/1235/54 1236/1236/54
f 1234/1234/656 1236/1236/54 1237/1237/657
s 0
f 1238/1238/6 1239/1239/6 1240/1240/6
f 1238/1238/6 1240/1240/6 1241/1241/6
f 104/104/57 1242/1242/57 1243/1243/57
f 104/104/57 1243/1243/57 105/105/57
f 1244/1244/6 1245/1245/6 379/379/6
f 1244/1244/6 379/379/6 378/378/6
s 1
f 1246/1246/19 1247/1247/19 1248/1248/658
f 1246/1246/19 1248/1248/658 1249/1249/659
f 1250/1250/660 1251/1251/661 1252/1252/662
f 1250/1250/660 1252/1252/662 1253/1253/662
f 1254/1254/663 1255/1255/664 1256/1256/662
f 1254/1254/663 1256/1256/662 1257/1257/662
f 1258/1258/665 1259/1259/665 1260/1260/666
f 1258/1258/665 1260/1260/666 1261/1261/667
f 1262/1262/19 1263/1263/19 1264/1264/659
f 1262/1262/19 1264/1264/659 1265/1265/668
f 1266/1266/669 1267/1267/670 1268/1268/662
f 1266/1266/669 1268/1268/662 1269/1269/662
f 405/405/213 407/407/215 1270/1270/671
f 405/405/213 1270/1270/671 119/119/59
f 1271/1271/19 1272/1272/19 1273/1273/672
f 1271/1271/19 1273/1273/672 1274/1274/673
f 1275/1275/665 1276/1276/665 1277/1277/674
f 1275/1275/665 1277/1277/674 1278/1278/675
s 0
f 107/107/57 1279/1279/57 1280/1280/57
f 107/107/57 1280/1280/57 103/103/57
f 1281/1281/191 1282/1282/191 1283/1283/191
f 1281/1281/191 1283/1283/191 1284/1284/191
s 1
f 1285/1285/676 425/425/54 424/424/54
f 1285/1285/676 424/424/54 1286/1286/677
s 0
f 1287/1287/6 1288/1288/6 1289/1289/6
f 1287/1287/6 1289/1289/6 1290/1290/6
s 1
f 1291/1291/677 433/433/54 432/432/54
f 1291/1291/677 432/432/54 1292/1292/677
s 0
f 1293/1293/6 1294/1294/6 436/436/6
f 1293/1293/6 436/436/6 435/435/6
f 1295/1295/6 1296/1296/6 1297/1297/6
f 1295/1295/6 1297/1297/6 1298/1298/6
s 1
f 1299/1299/665 1300/1300/665 1301/1301/678
f 1299/1299/665 1301/1301/678 1302/1302/679
s 0
f 106/106/57 1303/1303/57 1304/1304/57
f 106/106/57 1304/1304/57 108/108/57
f 1305/1305/191 1306/1306/191 1307/1307/191
f 1305/1305/191 1307/1307/191 1308/1308/191
s 1
f 1309/1309/19 1310/1310/680 1311/1311/680
f 1309/1309/19 1311/1311/680 1312/1312/19
s 0
f 1313/1313/191 1314/1314/191 1315/1315/191
f 1313/1313/191 1315/1315/191 1316/1316/191
f 1317/1317/6 1318/1318/6 1319/1319/6
f 1317/1317/6 1319/1319/6 1320/1320/6
f 1321/1321/191 1322/1322/191 1323/1323/191
f 1321/1321/191 1323/1323/191 1324/1324/191
s 1
f 1325/1325/681 1326/1326/682 1327/1327/227
f 1325/1325/681 1327/1327/227 1328/1328/19
s 0
f 1329/1329/191 1330/1330/191 1331/1331/191
f 1329/1329/191 1331/1331/191 1332/1332/191
s 1
f 1333/1333/683 1334/1334/684 1198/1198/648
f 1333/1333/683 1198/1198/648 1197/1197/647
f 1335/1335/677 1336/1336/685 480/480/54
f 1335/1335/677 480/480/54 479/479/54
s 0
f 482/482/191 485/485/191 1337/1337/191
f 482/482/191 1337/1337/191 1338/1338/191
s 1
f 1339/1339/686 1340/1340/687 488/488/54
f 1339/1339/686 488/488/54 487/487/54
f 1341/1341/686 1342/1342/688 492/492/54
f 1341/1341/686 492/492/54 491/491/54
s 0
f 1343/1343/191 1344/1344/191 1345/1345/191
f 1343/1343/191 1345/1345/191 1346/1346/191
f 1347/1347/6 1348/1348/6 1349/1349/6
f 1347/1347/6 1349/1349/6 1350/1350/6
s 1
f 1351/1351/616 1352/1352/689 1353/1353/690
f 1351/1351/616 1353/1353/690 1354/1354/616
f 1355/1355/677 509/509/54 508/508/54
f 1355/1355/677 508/508/54 1356/1356/691
f 1357/1357/692 1358/1358/650 1359/1359/650
f 1357/1357/692 1359/1359/650 1360/1360/692
s 0
f 514/514/191 517/517/191 1361/1361/191
f 514/514/191 1361/1361/191 1362/1362/191
s 1
f 1363/1363/693 1364/1364/693 1365/1365/694
f 1363/1363/693 1365/1365/694 1366/1366/695
f 1367/1367/19 1368/1368/696 1369/1369/697
f 1367/1367/19 1369/1369/697 1370/1370/19
f 1371/1371/698 1196/1196/646 1199/1199/649
f 1371/1371/698 1199/1199/649 1372/1372/699
f 1373/1373/700 1374/1374/701 1375/1375/702
f 1373/1373/700 1375/1375/702 1376/1376/703
s 0
f 1317/1317/6 1377/1377/6 1378/1378/6
f 1317/1317/6 1378/1378/6 1318/1318/6
f 1377/1377/6 1290/1290/6 1289/1289/6
f 1377/1377/6 1289/1289/6 1378/1378/6
f 1218/1218/191 1379/1379/191 1380/1380/191
f 1218/1218/191 1380/1380/191 1219/1219/191
f 1379/1379/191 1308/1308/191 1307/1307/191
f 1379/1379/191 1307/1307/191 1380/1380/191
f 1192/1192/6 1381/1381/6 1382/1382/6
f 1192/1192/6 1382/1382/6 1193/1193/6
f 1381/1381/6 1241/1241/6 1240/1240/6
f 1381/1381/6 1240/1240/6 1382/1382/6
s 1
f 1275/1275/665 1383/1383/704 1384/1384/704
f 1275/1275/665 1384/1384/704 1276/1276/665
f 1383/1383/704 1257/1257/662 1256/1256/662
f 1383/1383/704 1256/1256/662 1384/1384/704
f 1258/1258/665 1385/1385/704 1386/1386/704
f 1258/1258/665 1386/1386/704 1259/1259/665
f 1385/1385/704 1253/1253/662 1252/1252/662
f 1385/1385/704 1252/1252/662 1386/1386/704
f 1299/1299/665 1387/1387/704 1388/1388/704
f 1299/1299/665 1388/1388/704 1300/1300/665
f 1387/1387/704 1269/1269/662 1268/1268/662
f 1387/1387/704 1268/1268/662 1388/1388/704
f 1174/1174/639 1376/1376/703 1375/1375/702
f 1174/1174/639 1375/1375/702 1175/1175/640
s 0
f 1329/1329/191 1389/1389/191 1390/1390/191
f 1329/1329/191 1390/1390/191 1330/1330/191
f 1389/1389/191 1316/1316/191 1315/1315/191
f 1389/1389/191 1315/1315/191 1390/1390/191
f 1230/1230/6 1391/1391/6 1392/1392/6
f 1230/1230/6 1392/1392/6 1231/1231/6
f 1391/1391/6 1298/1298/6 1297/1297/6
f 1391/1391/6 1297/1297/6 1392/1392/6
f 1200/1200/191 1393/1393/191 1394/1394/191
f 1200/1200/191 1394/1394/191 1201/1201/191
f 1393/1393/191 1215/1215/191 1214/1214/191
f 1393/1393/191 1214/1214/191 1394/1394/191
s 1
f 1151/1151/616 1395/1395/705 1396/1396/705
f 1151/1151/616 1396/1396/705 1148/1148/616
f 1395/1395/705 1210/1210/650 1209/1209/650
f 1395/1395/705 1209/1209/650 1396/1396/705
f 1354/1354/616 1397/1397/705 1398/1398/705
f 1354/1354/616 1398/1398/705 1351/1351/616
f 1397/1397/705 1359/1359/650 1358/1358/650
f 1397/1397/705 1358/1358/650 1398/1398/705
f 1204/1204/650 1399/1399/705 1400/1400/705
f 1204/1204/650 1400/1400/705 1205/1205/650
f 1399/1399/705 1165/1165/616 1164/1164/616
f 1399/1399/705 1164/1164/616 1400/1400/705
f 1161/1161/628 1401/1401/706 1402/1402/707
f 1161/1161/628 1402/1402/707 1158/1158/625
f 1371/1371/698 1372/1372/699 1170/1170/635
f 1371/1371/698 1170/1170/635 1173/1173/638
f 1401/1401/706 1168/1168/633 1167/1167/632
f 1401/1401/706 1167/1167/632 1402/1402/707
f 407/407/215 285/285/163 1157/1157/624
f 407/407/215 1157/1157/624 1270/1270/671
f 1403/1403/708 1404/1404/709 1405/1405/710
f 1403/1403/708 1405/1405/710 1406/1406/711
f 1187/1187/643 1407/1407/712 1408/1408/713
f 1187/1187/643 1408/1408/713 1409/1409/714
f 1160/1160/627 1410/1410/715 1411/1411/716
f 1160/1160/627 1411/1411/716 1412/1412/717
f 1156/1156/623 1413/1413/718 1414/1414/719
f 1156/1156/623 1414/1414/719 1415/1415/720
f 1169/1169/634 1416/1416/721 1417/1417/722
f 1169/1169/634 1417/1417/722 1418/1418/723
f 175/175/94 1419/1419/724 1420/1420/725
f 175/175/94 1420/1420/725 1421/1421/726
f 1170/1170/635 1422/1422/727 1423/1423/728
f 1170/1170/635 1423/1423/728 1171/1171/636
f 169/169/91 1424/1424/729 1425/1425/730
f 169/169/91 1425/1425/730 1426/1426/731
f 174/174/93 1427/1427/732 1428/1428/730
f 174/174/93 1428/1428/730 1429/1429/733
f 1166/1166/631 1430/1430/734 1423/1423/728
f 1166/1166/631 1423/1423/728 1422/1422/727
f 1159/1159/626 1431/1431/735 1432/1432/736
f 1159/1159/626 1432/1432/736 1433/1433/737
f 1184/1184/642 1434/1434/738 1435/1435/739
f 1184/1184/642 1435/1435/739 1436/1436/740
f 1237/1237/657 1436/1436/740 1435/1435/739
f 1237/1237/657 1435/1435/739 1437/1437/741
f 1334/1334/684 1438/1438/742 1432/1432/736
f 1334/1334/684 1432/1432/736 1431/1431/735
f 284/284/162 594/594/286 1413/1413/718
f 284/284/162 1413/1413/718 1156/1156/623
f 595/595/287 10/10/5 175/175/94
f 595/595/287 175/175/94 1421/1421/726
f 1403/1403/708 1406/1406/711 1439/1439/743
f 1403/1403/708 1439/1439/743 1440/1440/744
f 1407/1407/712 1187/1187/643 1186/1186/184
f 1407/1407/712 1186/1186/184 1441/1441/745
f 1442/1442/746 1155/1155/622 1154/1154/621
f 1442/1442/746 1154/1154/621 1443/1443/747
f 1438/1438/742 1334/1334/684 1333/1333/683
f 1438/1438/742 1333/1333/683 1444/1444/748
f 1169/1169/634 1418/1418/723 1430/1430/734
f 1169/1169/634 1430/1430/734 1166/1166/631
f 1419/1419/724 175/175/94 174/174/93
f 1419/1419/724 174/174/93 1429/1429/733
f 1187/1187/643 1409/1409/714 1434/1434/738
f 1187/1187/643 1434/1434/738 1184/1184/642
f 1410/1410/715 1160/1160/627 1159/1159/626
f 1410/1410/715 1159/1159/626 1433/1433/737
f 1184/1184/642 1436/1436/740 1445/1445/54
f 1184/1184/642 1445/1445/54 1185/1185/54
f 1436/1436/740 1237/1237/657 1236/1236/54
f 1436/1436/740 1236/1236/54 1445/1445/54
f 109/109/3 1446/1446/294 1427/1427/732
f 109/109/3 1427/1427/732 174/174/93
f 1447/1447/295 167/167/46 169/169/91
f 1447/1447/295 169/169/91 1426/1426/731
s 0
f 1361/1361/191 1448/1448/191 1449/1449/191
f 1361/1361/191 1449/1449/191 1362/1362/191
f 1450/1450/191 1314/1314/191 1313/1313/191
f 1450/1450/191 1313/1313/191 1451/1451/191
f 1321/1321/191 1452/1452/191 1453/1453/191
f 1321/1321/191 1453/1453/191 1322/1322/191
f 1454/1454/191 1332/1332/191 1331/1331/191
f 1454/1454/191 1331/1331/191 1455/1455/191
f 1238/1238/6 1456/1456/6 1457/1457/6
f 1238/1238/6 1457/1457/6 1239/1239/6
f 1458/1458/6 1350/1350/6 1349/1349/6
f 1458/1458/6 1349/1349/6 1459/1459/6
s 1
f 1237/1237/657 1437/1437/741 1460/1460/749
f 1237/1237/657 1460/1460/749 1234/1234/656
f 1424/1424/729 169/169/91 171/171/92
f 1424/1424/729 171/171/92 1461/1461/750
f 1325/1325/681 1462/1462/751 1463/1463/752
f 1325/1325/681 1463/1463/752 1326/1326/682
f 1162/1162/629 1464/1464/753 1465/1465/753
f 1162/1162/629 1465/1465/753 1163/1163/630
f 1466/1466/754 1285/1285/676 1286/1286/677
f 1466/1466/754 1286/1286/677 1467/1467/755
f 1227/1227/654 1468/1468/756 1469/1469/757
f 1227/1227/654 1469/1469/757 1228/1228/655
f 1470/1470/758 1207/1207/651 1206/1206/651
f 1470/1470/758 1206/1206/651 1471/1471/759
f 1360/1360/692 1472/1472/760 1473/1473/760
f 1360/1360/692 1473/1473/760 1357/1357/692
f 1474/1474/761 1311/1311/680 1310/1310/680
f 1474/1474/761 1310/1310/680 1475/1475/762
f 1292/1292/677 1476/1476/763 1477/1477/764
f 1292/1292/677 1477/1477/764 1291/1291/677
f 1478/1478/765 1353/1353/690 1352/1352/689
f 1478/1478/765 1352/1352/689 1479/1479/766
f 1368/1368/696 1480/1480/767 1481/1481/768
f 1368/1368/696 1481/1481/768 1369/1369/697
f 1482/1482/769 1208/1208/652 1211/1211/653
f 1482/1482/769 1211/1211/653 1483/1483/770
f 1356/1356/691 1484/1484/771 1485/1485/772
f 1356/1356/691 1485/1485/772 1355/1355/677
f 1486/1486/773 1150/1150/618 1149/1149/617
f 1486/1486/773 1149/1149/617 1487/1487/764
f 1301/1301/678 1488/1488/774 1489/1489/775
f 1301/1301/678 1489/1489/775 1302/1302/679
f 1490/1490/776 1336/1336/685 1335/1335/677
f 1490/1490/776 1335/1335/677 1491/1491/777
f 1250/1250/660 1492/1492/778 1493/1493/779
f 1250/1250/660 1493/1493/779 1251/1251/661
f 1494/1494/780 1249/1249/659 1248/1248/658
f 1494/1494/780 1248/1248/658 1495/1495/781
f 1254/1254/663 1496/1496/782 1497/1497/783
f 1254/1254/663 1497/1497/783 1255/1255/664
f 1498/1498/784 1274/1274/673 1273/1273/672
f 1498/1498/784 1273/1273/672 1499/1499/785
f 1277/1277/674 1500/1500/786 1501/1501/787
f 1277/1277/674 1501/1501/787 1278/1278/675
f 1502/1502/788 1340/1340/687 1339/1339/686
f 1502/1502/788 1339/1339/686 1503/1503/789
f 1260/1260/666 1504/1504/790 1505/1505/791
f 1260/1260/666 1505/1505/791 1261/1261/667
f 1506/1506/792 1342/1342/688 1341/1341/686
f 1506/1506/792 1341/1341/686 1507/1507/793
f 1266/1266/669 1508/1508/794 1509/1509/795
f 1266/1266/669 1509/1509/795 1267/1267/670
f 1510/1510/796 1265/1265/668 1264/1264/659
f 1510/1510/796 1264/1264/659 1511/1511/797
s 0
f 1232/1232/6 1512/1512/6 1513/1513/6
f 1232/1232/6 1513/1513/6 1233/1233/6
f 1514/1514/6 1183/1183/6 1182/1182/6
f 1514/1514/6 1182/1182/6 1515/1515/6
f 1224/1224/6 1516/1516/6 1517/1517/6
f 1224/1224/6 1517/1517/6 1225/1225/6
f 1518/1518/6 1296/1296/6 1295/1295/6
f 1518/1518/6 1295/1295/6 1519/1519/6
f 1319/1319/6 1520/1520/6 1521/1521/6
f 1319/1319/6 1521/1521/6 1320/1320/6
f 1522/1522/6 1245/1245/6 1244/1244/6
f 1522/1522/6 1244/1244/6 1523/1523/6
f 1220/1220/191 1524/1524/191 1525/1525/191
f 1220/1220/191 1525/1525/191 1221/1221/191
f 1526/1526/191 1282/1282/191 1281/1281/191
f 1526/1526/191 1281/1281/191 1527/1527/191
f 1343/1343/191 1528/1528/191 1529/1529/191
f 1343/1343/191 1529/1529/191 1344/1344/191
f 1530/1530/191 1203/1203/191 1202/1202/191
f 1530/1530/191 1202/1202/191 1531/1531/191
f 1216/1216/191 1532/1532/191 1533/1533/191
f 1216/1216/191 1533/1533/191 1217/1217/191
f 1534/1534/191 1213/1213/191 1212/1212/191
f 1534/1534/191 1212/1212/191 1535/1535/191
f 1293/1293/6 1536/1536/6 1537/1537/6
f 1293/1293/6 1537/1537/6 1294/1294/6
f 1538/1538/6 1195/1195/6 1194/1194/6
f 1538/1538/6 1194/1194/6 1539/1539/6
f 1287/1287/6 1540/1540/6 1541/1541/6
f 1287/1287/6 1541/1541/6 1288/1288/6
f 1542/1542/6 1181/1181/6 1180/1180/6
f 1542/1542/6 1180/1180/6 1543/1543/6
f 1337/1337/191 1544/1544/191 1545/1545/191
f 1337/1337/191 1545/1545/191 1338/1338/191
f 1546/1546/191 1306/1306/191 1305/1305/191
f 1546/1546/191 1305/1305/191 1547/1547/191
s 1
f 1548/1548/798 1549/1549/799 1550/1550/800
f 1548/1548/798 1550/1550/800 189/189/95
f 1551/1551/800 1374/1374/701 1373/1373/700
f 1551/1551/800 1373/1373/700 1552/1552/801
f 1167/1167/632 1553/1553/802 1554/1554/803
f 1167/1167/632 1554/1554/803 1402/1402/707
f 1553/1553/802 1372/1372/699 1199/1199/649
f 1553/1553/802 1199/1199/649 1554/1554/803
f 1402/1402/707 1554/1554/803 1555/1555/804
f 1402/1402/707 1555/1555/804 1158/1158/625
f 1554/1554/803 1199/1199/649 1198/1198/648
f 1554/1554/803 1198/1198/648 1555/1555/804
f 1161/1161/628 1556/1556/805 1557/1557/806
f 1161/1161/628 1557/1557/806 1401/1401/706
f 1558/1558/807 119/119/59 1270/1270/671
f 1558/1558/807 1270/1270/671 1559/1559/808
f 1401/1401/706 1557/1557/806 1560/1560/809
f 1401/1401/706 1560/1560/809 1168/1168/633
f 1559/1559/808 1270/1270/671 1157/1157/624
f 1559/1559/808 1157/1157/624 1561/1561/810
f 1160/1160/627 1412/1412/717 1556/1556/805
f 1160/1160/627 1556/1556/805 1161/1161/628
f 1404/1404/709 1403/1403/708 119/119/59
f 1404/1404/709 119/119/59 1558/1558/807
f 1372/1372/699 1553/1553/802 1422/1422/727
f 1372/1372/699 1422/1422/727 1170/1170/635
f 1553/1553/802 1167/1167/632 1166/1166/631
f 1553/1553/802 1166/1166/631 1422/1422/727
f 1156/1156/623 1415/1415/720 1561/1561/810
f 1156/1156/623 1561/1561/810 1157/1157/624
f 1416/1416/721 1169/1169/634 1168/1168/633
f 1416/1416/721 1168/1168/633 1560/1560/809
f 1334/1334/684 1431/1431/735 1555/1555/804
f 1334/1334/684 1555/1555/804 1198/1198/648
f 1431/1431/735 1159/1159/626 1158/1158/625
f 1431/1431/735 1158/1158/625 1555/1555/804
s 0
f 1562/1562/6 1563/1563/6 721/721/6
f 1562/1562/6 721/721/6 720/720/6
s 1
f 1371/1371/698 1564/1564/811 1565/1565/812
f 1371/1371/698 1565/1565/812 1196/1196/646
f 1564/1564/811 1153/1153/620 1175/1175/640
f 1564/1564/811 1175/1175/640 1565/1565/812
f 1196/1196/646 1565/1565/812 1566/1566/813
f 1196/1196/646 1566/1566/813 1197/1197/647
f 1565/1565/812 1175/1175/640 1375/1375/702
f 1565/1565/812 1375/1375/702 1566/1566/813
f 1154/1154/621 1567/1567/814 1568/1568/815
f 1154/1154/621 1568/1568/815 1443/1443/747
f 1567/1567/814 1173/1173/638 1172/1172/637
f 1567/1567/814 1172/1172/637 1568/1568/815
f 1463/1463/752 1569/1569/816 1570/1570/817
f 1463/1463/752 1570/1570/817 1326/1326/682
f 1569/1569/816 1461/1461/750 171/171/92
f 1569/1569/816 171/171/92 1570/1570/817
f 1460/1460/749 1571/1571/818 1572/1572/819
f 1460/1460/749 1572/1572/819 1234/1234/656
f 1571/1571/818 1549/1549/799 1548/1548/798
f 1571/1571/818 1548/1548/798 1572/1572/819
f 1333/1333/683 1573/1573/820 1574/1574/821
f 1333/1333/683 1574/1574/821 1444/1444/748
f 1573/1573/820 1374/1374/701 1551/1551/800
f 1573/1573/820 1551/1551/800 1574/1574/821
f 1153/1153/620 1564/1564/811 1567/1567/814
f 1153/1153/620 1567/1567/814 1154/1154/621
f 1564/1564/811 1371/1371/698 1173/1173/638
f 1564/1564/811 1173/1173/638 1567/1567/814
f 1575/1575/822 1576/1576/823 1577/1577/824
f 1575/1575/822 1577/1577/824 1578/1578/825
f 1366/1366/695 1365/1365/694 1579/1579/826
f 1366/1366/695 1579/1579/826 1580/1580/827
f 1374/1374/701 1573/1573/820 1566/1566/813
f 1374/1374/701 1566/1566/813 1375/1375/702
f 1573/1573/820 1333/1333/683 1197/1197/647
f 1573/1573/820 1197/1197/647 1566/1566/813
f 1581/1581/828 1582/1582/829 1095/1095/585
f 1581/1581/828 1095/1095/585 124/124/64
f 1583/1583/830 1176/1176/641 102/102/56
f 1583/1583/830 102/102/56 1094/1094/584
f 1326/1326/682 1570/1570/817 1584/1584/375
f 1326/1326/682 1584/1584/375 1327/1327/227
f 167/167/46 745/745/376 744/744/48
f 167/167/46 744/744/48 172/172/48
f 1570/1570/817 171/171/92 173/173/50
f 1570/1570/817 173/173/50 1584/1584/375
f 746/746/295 745/745/376 167/167/46
f 746/746/295 167/167/46 1447/1447/295
f 9/9/4 747/747/294 1446/1446/294
f 9/9/4 1446/1446/294 109/109/3
s 0
f 1585/1585/6 1586/1586/6 1587/1587/6
f 1585/1585/6 1587/1587/6 1588/1588/6
f 1588/1588/6 1587/1587/6 1589/1589/6
f 1588/1588/6 1589/1589/6 1590/1590/6
f 1591/1591/6 1592/1592/6 1593/1593/6
f 1591/1591/6 1593/1593/6 1594/1594/6
s 1
f 1595/1595/831 1596/1596/831 1597/1597/832
f 1595/1595/831 1597/1597/832 1598/1598/833
s 0
f 1599/1599/6 1600/1600/6 1586/1586/6
f 1599/1599/6 1586/1586/6 1585/1585/6
s 1
f 1601/1601/834 1602/1602/835 1603/1603/836
f 1601/1601/834 1603/1603/836 1604/1604/836
s 0
f 1590/1590/6 1589/1589/6 1592/1592/6
f 1590/1590/6 1592/1592/6 1591/1591/6
f 1605/1605/6 1606/1606/6 1607/1607/6
f 1605/1605/6 1607/1607/6 1608/1608/6
f 772/772/6 775/775/6 1609/1609/6
f 772/772/6 1609/1609/6 1610/1610/6
s 1
f 1611/1611/837 1612/1612/838 778/778/19
f 1611/1611/837 778/778/19 777/777/19
s 0
f 1613/1613/6 1614/1614/6 1615/1615/6
f 1613/1613/6 1615/1615/6 1616/1616/6
f 116/116/6 1614/1614/6 1613/1613/6
f 116/116/6 1613/1613/6 117/117/6
f 1617/1617/6 1618/1618/6 1563/1563/6
f 1617/1617/6 1563/1563/6 1562/1562/6
s 1
f 1619/1619/839 1620/1620/840 1621/1621/840
f 1619/1619/839 1621/1621/840 1622/1622/840
s 0
f 1608/1608/6 1607/1607/6 113/113/6
f 1608/1608/6 113/113/6 112/112/6
s 1
f 790/790/54 793/793/54 1623/1623/841
f 790/790/54 1623/1623/841 1624/1624/842
f 1625/1625/843 1626/1626/843 1602/1602/835
f 1625/1625/843 1602/1602/835 1601/1601/834
f 1598/1598/833 1597/1597/832 1626/1626/843
f 1598/1598/833 1626/1626/843 1625/1625/843
s 0
f 1610/1610/6 1609/1609/6 1627/1627/6
f 1610/1610/6 1627/1627/6 1628/1628/6
s 1
f 1619/1619/839 1629/1629/844 1630/1630/845
f 1619/1619/839 1630/1630/845 1620/1620/840
f 1631/1631/846 1624/1624/842 1623/1623/841
f 1631/1631/846 1623/1623/841 1632/1632/847
f 1603/1603/836 1633/1633/848 1634/1634/848
f 1603/1603/836 1634/1634/848 1604/1604/836
f 1635/1635/849 1612/1612/838 1611/1611/837
f 1635/1635/849 1611/1611/837 1636/1636/849
f 1595/1595/831 1637/1637/850 1638/1638/850
f 1595/1595/831 1638/1638/850 1596/1596/831
f 1639/1639/851 1191/1191/645 1190/1190/645
f 1639/1639/851 1190/1190/645 1640/1640/851
f 1621/1621/840 1641/1641/852 1642/1642/845
f 1621/1621/840 1642/1642/845 1622/1622/840
f 1643/1643/853 1189/1189/644 1188/1188/644
f 1643/1643/853 1188/1188/644 1644/1644/847
s 0
f 1645/1645/6 1646/1646/6 1600/1600/6
f 1645/1645/6 1600/1600/6 1599/1599/6
s 1
f 118/118/58 816/816/399 405/405/213
f 118/118/58 405/405/213 119/119/59
f 119/119/59 1403/1403/708 1440/1440/744
f 119/119/59 1440/1440/744 122/122/62
f 1647/1647/54 1572/1572/819 1548/1548/798
f 1647/1647/54 1548/1548/798 1648/1648/54
f 189/189/95 192/192/54 1648/1648/54
f 189/189/95 1648/1648/54 1548/1548/798
f 1235/1235/54 1234/1234/656 1572/1572/819
f 1235/1235/54 1572/1572/819 1647/1647/54
f 1649/1649/854 1650/1650/855 1651/1651/693
f 1649/1649/854 1651/1651/693 1652/1652/693
s 0
f 1653/1653/693 1654/1654/693 1655/1655/693
f 1653/1653/693 1655/1655/693 1656/1656/693
s 1
f 1657/1657/856 1658/1658/857 1650/1650/855
f 1657/1657/856 1650/1650/855 1649/1649/854
s 0
f 1652/1652/858 1651/1651/858 1654/1654/858
f 1652/1652/858 1654/1654/858 1653/1653/858
s 1
f 1659/1659/859 1660/1660/860 1658/1658/857
f 1659/1659/859 1658/1658/857 1657/1657/856
f 1661/1661/861 1662/1662/862 1663/1663/863
f 1661/1661/861 1663/1663/863 1664/1664/864
f 835/835/411 836/836/411 1662/1662/862
f 835/835/411 1662/1662/862 1661/1661/861
s 0
f 1665/1665/54 1647/1647/54 1648/1648/54
f 1665/1665/54 1648/1648/54 1666/1666/54
f 1667/1667/54 1235/1235/54 1647/1647/54
f 1667/1667/54 1647/1647/54 1665/1665/54
s 1
f 1668/1668/412 1186/1186/184 1185/1185/54
f 1668/1668/412 1185/1185/54 1669/1669/54
s 0
f 1669/1669/54 1185/1185/54 1445/1445/54
f 1669/1669/54 1445/1445/54 1670/1670/54
f 1671/1671/54 1236/1236/54 1235/1235/54
f 1671/1671/54 1235/1235/54 1667/1667/54
f 1670/1670/54 1445/1445/54 1236/1236/54
f 1670/1670/54 1236/1236/54 1671/1671/54
s 1
f 1672/1672/865 1440/1440/744 1439/1439/743
f 1672/1672/865 1439/1439/743 1673/1673/414
f 1674/1674/866 1441/1441/745 1186/1186/184
f 1674/1674/866 1186/1186/184 1668/1668/412
f 1675/1675/867 118/118/58 120/120/60
f 1675/1675/867 120/120/60 1676/1676/868
f 1676/1676/868 120/120/60 121/121/61
f 1676/1676/868 121/121/61 1677/1677/869
f 1677/1677/869 121/121/61 122/122/62
f 1677/1677/869 122/122/62 1678/1678/870
s 0
f 1679/1679/54 195/195/54 853/853/54
f 1679/1679/54 853/853/54 852/852/54
f 1680/1680/54 193/193/54 195/195/54
f 1680/1680/54 195/195/54 1679/1679/54
f 1681/1681/54 191/191/54 190/190/54
f 1681/1681/54 190/190/54 1682/1682/54
f 1683/1683/54 192/192/54 191/191/54
f 1683/1683/54 191/191/54 1681/1681/54
f 1666/1666/54 1648/1648/54 192/192/54
f 1666/1666/54 192/192/54 1683/1683/54
s 1
f 1678/1678/870 122/122/62 1440/1440/744
f 1678/1678/870 1440/1440/744 1672/1672/865
f 858/858/420 816/816/399 118/118/58
f 858/858/420 118/118/58 1675/1675/867
s 0
f 859/859/54 862/862/54 1684/1684/54
f 859/859/54 1684/1684/54 1685/1685/54
f 862/862/54 864/864/54 1686/1686/54
f 862/862/54 1686/1686/54 1684/1684/54
s 1
f 1687/1687/421 868/868/421 867/867/423
f 1687/1687/421 867/867/423 1688/1688/423
s 0
f 1689/1689/54 870/870/54 868/868/424
f 1689/1689/54 868/868/424 1687/1687/424
f 1686/1686/54 864/864/54 872/872/54
f 1686/1686/54 872/872/54 1690/1690/54
f 1690/1690/54 872/872/54 870/870/54
f 1690/1690/54 870/870/54 1689/1689/54
s 1
f 1691/1691/871 876/876/425 875/875/427
f 1691/1691/871 875/875/427 1692/1692/427
f 1688/1688/423 867/867/423 876/876/425
f 1688/1688/423 876/876/425 1691/1691/871
f 1693/1693/872 1694/1694/873 879/879/429
f 1693/1693/872 879/879/429 878/878/429
s 0
f 1656/1656/693 1655/1655/693 1695/1695/693
f 1656/1656/693 1695/1695/693 1696/1696/693
f 1696/1696/693 1695/1695/693 1364/1364/693
f 1696/1696/693 1364/1364/693 1363/1363/693
s 1
f 1697/1697/874 1698/1698/875 1576/1576/823
f 1697/1697/874 1576/1576/823 1575/1575/822
f 1580/1580/827 1579/1579/826 1699/1699/876
f 1580/1580/827 1699/1699/876 1700/1700/877
f 1701/1701/878 1702/1702/879 1694/1694/873
f 1701/1701/878 1694/1694/873 1693/1693/872
f 1703/1703/880 1704/1704/881 1702/1702/879
f 1703/1703/880 1702/1702/879 1701/1701/878
f 1705/1705/882 1706/1706/883 1704/1704/881
f 1705/1705/882 1704/1704/881 1703/1703/880
s 0
f 1707/1707/71 1708/1708/71 1709/1709/71
f 1707/1707/71 1709/1709/71 1710/1710/71
f 1710/1710/71 1709/1709/71 1711/1711/71
f 1710/1710/71 1711/1711/71 1712/1712/71
f 1712/1712/71 1711/1711/71 1713/1713/71
f 1712/1712/71 1713/1713/71 1714/1714/71
f 1714/1714/71 1713/1713/71 1715/1715/71
f 1714/1714/71 1715/1715/71 1716/1716/71
f 1716/1716/71 1715/1715/71 1717/1717/71
f 1716/1716/71 1717/1717/71 1718/1718/71
f 1718/1718/71 1717/1717/71 1719/1719/71
f 1718/1718/71 1719/1719/71 1720/1720/71
f 1720/1720/71 1719/1719/71 1721/1721/71
f 1720/1720/71 1721/1721/71 1722/1722/71
f 1722/1722/71 1721/1721/71 1723/1723/71
f 1722/1722/71 1723/1723/71 1724/1724/71
f 1724/1724/71 1723/1723/71 1725/1725/71
f 1724/1724/71 1725/1725/71 1726/1726/71
f 1726/1726/71 1725/1725/71 1727/1727/71
f 1726/1726/71 1727/1727/71 1728/1728/71
f 1728/1728/71 1727/1727/71 1729/1729/71
f 1728/1728/71 1729/1729/71 1730/1730/71
f 1730/1730/71 1729/1729/71 1731/1731/71
f 1730/1730/71 1731/1731/71 1732/1732/71
f 1732/1732/71 1731/1731/71 1733/1733/71
f 1732/1732/71 1733/1733/71 1734/1734/71
f 1734/1734/71 1733/1733/71 1735/1735/71
f 1734/1734/71 1735/1735/71 1736/1736/71
f 1736/1736/71 1735/1735/71 1737/1737/71
f 1736/1736/71 1737/1737/71 1738/1738/71
f 1738/1738/71 1737/1737/71 1739/1739/71
f 1738/1738/71 1739/1739/71 1740/1740/71
f 1740/1740/71 1739/1739/71 1741/1741/71
f 1740/1740/71 1741/1741/71 1742/1742/71
f 1742/1742/71 1741/1741/71 1743/1743/71
f 1742/1742/71 1743/1743/71 1744/1744/71
f 1744/1744/71 1743/1743/71 1745/1745/71
f 1744/1744/71 1745/1745/71 1746/1746/71
f 1746/1746/71 1745/1745/71 1747/1747/71
f 1746/1746/71 1747/1747/71 1748/1748/71
f 1748/1748/71 1747/1747/71 1749/1749/71
f 1748/1748/71 1749/1749/71 1750/1750/71
f 1750/1750/71 1749/1749/71 1751/1751/71
f 1750/1750/71 1751/1751/71 1752/1752/71
f 1752/1752/71 1751/1751/71 1753/1753/71
f 1752/1752/71 1753/1753/71 1754/1754/71
f 1754/1754/71 1753/1753/71 1708/1708/71
f 1754/1754/71 1708/1708/71 1707/1707/71
s 1
f 941/941/17 128/128/17 124/124/64
f 941/941/17 124/124/64 224/224/125
f 1755/1755/884 1082/1082/572 1078/1078/568
f 1755/1755/884 1078/1078/568 1756/1756/885
f 944/944/191 213/213/114 1087/1087/577
f 944/944/191 1087/1087/577 1757/1757/886
f 1757/1757/886 1087/1087/577 1090/1090/580
f 1757/1757/886 1090/1090/580 1758/1758/887
f 1759/1759/888 1760/1760/889 1761/1761/890
f 1759/1759/888 1761/1761/890 1762/1762/891
f 1762/1762/891 1761/1761/890 1763/1763/892
f 1762/1762/891 1763/1763/892 1764/1764/893
f 1764/1764/893 1763/1763/892 1765/1765/894
f 1764/1764/893 1765/1765/894 1766/1766/894
f 1767/1767/895 1768/1768/896 1769/1769/897
f 1767/1767/895 1769/1769/897 1770/1770/897
f 1766/1766/894 1765/1765/894 1768/1768/896
f 1766/1766/894 1768/1768/896 1767/1767/895
f 959/959/456 962/962/456 1771/1771/898
f 959/959/456 1771/1771/898 1772/1772/899
f 1773/1773/899 1774/1774/900 1775/1775/901
f 1773/1773/899 1775/1775/901 1776/1776/902
f 1776/1776/902 1775/1775/901 1777/1777/903
f 1776/1776/902 1777/1777/903 1778/1778/904
f 1778/1778/904 1777/1777/903 1779/1779/905
f 1778/1778/904 1779/1779/905 1780/1780/906
f 1780/1780/906 1779/1779/905 1781/1781/907
f 1780/1780/906 1781/1781/907 1782/1782/908
f 1782/1782/908 1781/1781/907 1783/1783/909
f 1782/1782/908 1783/1783/909 1784/1784/909
f 1784/1784/909 1783/1783/909 1760/1760/889
f 1784/1784/909 1760/1760/889 1759/1759/888
f 1785/1785/910 1786/1786/911 977/977/469
f 1785/1785/910 977/977/469 976/976/469
f 1787/1787/912 1788/1788/913 1789/1789/914
f 1787/1787/912 1789/1789/914 1790/1790/915
f 1791/1791/916 1792/1792/917 1788/1788/913
f 1791/1791/916 1788/1788/913 1787/1787/912
f 1793/1793/918 1794/1794/919 143/143/70
f 1793/1793/918 143/143/70 142/142/69
f 1790/1790/915 1789/1789/914 1794/1794/919
f 1790/1790/915 1794/1794/919 1793/1793/918
f 1794/1794/919 1795/1795/920 145/145/72
f 1794/1794/919 145/145/72 143/143/70
f 1789/1789/914 1796/1796/921 1795/1795/920
f 1789/1789/914 1795/1795/920 1794/1794/919
f 1788/1788/913 1797/1797/922 1796/1796/921
f 1788/1788/913 1796/1796/921 1789/1789/914
f 1792/1792/917 1798/1798/923 1797/1797/922
f 1792/1792/917 1797/1797/922 1788/1788/913
f 1798/1798/923 1799/1799/924 1800/1800/925
f 1798/1798/923 1800/1800/925 1797/1797/922
f 1795/1795/920 1801/1801/926 146/146/73
f 1795/1795/920 146/146/73 145/145/72
f 1796/1796/921 1802/1802/927 1801/1801/926
f 1796/1796/921 1801/1801/926 1795/1795/920
f 1797/1797/922 1800/1800/925 1802/1802/927
f 1797/1797/922 1802/1802/927 1796/1796/921
f 1802/1802/927 1803/1803/928 1804/1804/929
f 1802/1802/927 1804/1804/929 1801/1801/926
f 1800/1800/925 1805/1805/930 1803/1803/928
f 1800/1800/925 1803/1803/928 1802/1802/927
f 1799/1799/924 1806/1806/931 1805/1805/930
f 1799/1799/924 1805/1805/930 1800/1800/925
f 1801/1801/926 1804/1804/929 147/147/74
f 1801/1801/926 147/147/74 146/146/73
f 1804/1804/929 1807/1807/932 148/148/75
f 1804/1804/929 148/148/75 147/147/74
f 1803/1803/928 1808/1808/933 1807/1807/932
f 1803/1803/928 1807/1807/932 1804/1804/929
f 1805/1805/930 1809/1809/934 1808/1808/933
f 1805/1805/930 1808/1808/933 1803/1803/928
f 1806/1806/931 1810/1810/935 1809/1809/934
f 1806/1806/931 1809/1809/934 1805/1805/930
f 1809/1809/934 1811/1811/936 1812/1812/937
f 1809/1809/934 1812/1812/937 1808/1808/933
f 1810/1810/935 1813/1813/938 1811/1811/936
f 1810/1810/935 1811/1811/936 1809/1809/934
f 1807/1807/932 1814/1814/939 149/149/76
f 1807/1807/932 149/149/76 148/148/75
f 1808/1808/933 1812/1812/937 1814/1814/939
f 1808/1808/933 1814/1814/939 1807/1807/932
f 1812/1812/937 1815/1815/940 1816/1816/941
f 1812/1812/937 1816/1816/941 1814/1814/939
f 1811/1811/936 1817/1817/942 1815/1815/940
f 1811/1811/936 1815/1815/940 1812/1812/937
f 1813/1813/938 1818/1818/943 1817/1817/942
f 1813/1813/938 1817/1817/942 1811/1811/936
f 1814/1814/939 1816/1816/941 150/150/77
f 1814/1814/939 150/150/77 149/149/76
f 1818/1818/943 1819/1819/944 1820/1820/945
f 1818/1818/943 1820/1820/945 1817/1817/942
f 1816/1816/941 1821/1821/946 151/151/78
f 1816/1816/941 151/151/78 150/150/77
f 1815/1815/940 1822/1822/947 1821/1821/946
f 1815/1815/940 1821/1821/946 1816/1816/941
f 1817/1817/942 1820/1820/945 1822/1822/947
f 1817/1817/942 1822/1822/947 1815/1815/940
f 1820/1820/945 1823/1823/948 1824/1824/949
f 1820/1820/945 1824/1824/949 1822/1822/947
f 1819/1819/944 1825/1825/950 1823/1823/948
f 1819/1819/944 1823/1823/948 1820/1820/945
f 1821/1821/946 1826/1826/951 152/152/79
f 1821/1821/946 152/152/79 151/151/78
f 1822/1822/947 1824/1824/949 1826/1826/951
f 1822/1822/947 1826/1826/951 1821/1821/946
f 1824/1824/949 1827/1827/952 1828/1828/528
f 1824/1824/949 1828/1828/528 1826/1826/951
f 1823/1823/948 1829/1829/953 1827/1827/952
f 1823/1823/948 1827/1827/952 1824/1824/949
f 1825/1825/950 1830/1830/954 1829/1829/953
f 1825/1825/950 1829/1829/953 1823/1823/948
f 1826/1826/951 1828/1828/528 153/153/36
f 1826/1826/951 153/153/36 152/152/79
f 1830/1830/954 1831/1831/525 1832/1832/955
f 1830/1830/954 1832/1832/955 1829/1829/953
f 1828/1828/528 1833/1833/956 154/154/80
f 1828/1828/528 154/154/80 153/153/36
f 1827/1827/952 1834/1834/523 1833/1833/956
f 1827/1827/952 1833/1833/956 1828/1828/528
f 1829/1829/953 1832/1832/955 1834/1834/523
f 1829/1829/953 1834/1834/523 1827/1827/952
f 1832/1832/955 1835/1835/519 1836/1836/518
f 1832/1832/955 1836/1836/518 1834/1834/523
f 1831/1831/525 1837/1837/520 1835/1835/519
f 1831/1831/525 1835/1835/519 1832/1832/955
f 1833/1833/956 1838/1838/521 155/155/34
f 1833/1833/956 155/155/34 154/154/80
f 1834/1834/523 1836/1836/518 1838/1838/521
f 1834/1834/523 1838/1838/521 1833/1833/956
f 1836/1836/518 1839/1839/517 1840/1840/957
f 1836/1836/518 1840/1840/957 1838/1838/521
f 1835/1835/519 1841/1841/958 1839/1839/517
f 1835/1835/519 1839/1839/517 1836/1836/518
f 1837/1837/520 1842/1842/515 1841/1841/958
f 1837/1837/520 1841/1841/958 1835/1835/519
f 1838/1838/521 1840/1840/957 156/156/81
f 1838/1838/521 156/156/81 155/155/34
f 1842/1842/515 1843/1843/959 1844/1844/960
f 1842/1842/515 1844/1844/960 1841/1841/958
f 1840/1840/957 1845/1845/510 157/157/32
f 1840/1840/957 157/157/32 156/156/81
f 1839/1839/517 1846/1846/961 1845/1845/510
f 1839/1839/517 1845/1845/510 1840/1840/957
f 1841/1841/958 1844/1844/960 1846/1846/961
f 1841/1841/958 1846/1846/961 1839/1839/517
f 1844/1844/960 1847/1847/507 1848/1848/962
f 1844/1844/960 1848/1848/962 1846/1846/961
f 1843/1843/959 1849/1849/963 1847/1847/507
f 1843/1843/959 1847/1847/507 1844/1844/960
f 1845/1845/510 1850/1850/964 158/158/82
f 1845/1845/510 158/158/82 157/157/32
f 1846/1846/961 1848/1848/962 1850/1850/964
f 1846/1846/961 1850/1850/964 1845/1845/510
f 1848/1848/962 1851/1851/965 1852/1852/966
f 1848/1848/962 1852/1852/966 1850/1850/964
f 1847/1847/507 1853/1853/967 1851/1851/965
f 1847/1847/507 1851/1851/965 1848/1848/962
f 1849/1849/963 1854/1854/968 1853/1853/967
f 1849/1849/963 1853/1853/967 1847/1847/507
f 1850/1850/964 1852/1852/966 159/159/83
f 1850/1850/964 159/159/83 158/158/82
f 1854/1854/968 1855/1855/969 1856/1856/970
f 1854/1854/968 1856/1856/970 1853/1853/967
f 1852/1852/966 1857/1857/971 160/160/84
f 1852/1852/966 160/160/84 159/159/83
f 1851/1851/965 1858/1858/972 1857/1857/971
f 1851/1851/965 1857/1857/971 1852/1852/966
f 1853/1853/967 1856/1856/970 1858/1858/972
f 1853/1853/967 1858/1858/972 1851/1851/965
f 1856/1856/970 1859/1859/973 1860/1860/974
f 1856/1856/970 1860/1860/974 1858/1858/972
f 1855/1855/969 1861/1861/975 1859/1859/973
f 1855/1855/969 1859/1859/973 1856/1856/970
f 1857/1857/971 1862/1862/976 161/161/85
f 1857/1857/971 161/161/85 160/160/84
f 1858/1858/972 1860/1860/974 1862/1862/976
f 1858/1858/972 1862/1862/976 1857/1857/971
f 1862/1862/976 1863/1863/977 162/162/86
f 1862/1862/976 162/162/86 161/161/85
f 1860/1860/974 1864/1864/978 1863/1863/977
f 1860/1860/974 1863/1863/977 1862/1862/976
f 1859/1859/973 1865/1865/979 1864/1864/978
f 1859/1859/973 1864/1864/978 1860/1860/974
f 1861/1861/975 1866/1866/980 1865/1865/979
f 1861/1861/975 1865/1865/979 1859/1859/973
f 1866/1866/980 1867/1867/981 1868/1868/982
f 1866/1866/980 1868/1868/982 1865/1865/979
f 1863/1863/977 1869/1869/983 163/163/87
f 1863/1863/977 163/163/87 162/162/86
f 1864/1864/978 1870/1870/984 1869/1869/983
f 1864/1864/978 1869/1869/983 1863/1863/977
f 1865/1865/979 1868/1868/982 1870/1870/984
f 1865/1865/979 1870/1870/984 1864/1864/978
f 1870/1870/984 1871/1871/985 1872/1872/986
f 1870/1870/984 1872/1872/986 1869/1869/983
f 1868/1868/982 1873/1873/987 1871/1871/985
f 1868/1868/982 1871/1871/985 1870/1870/984
f 1867/1867/981 1874/1874/988 1873/1873/987
f 1867/1867/981 1873/1873/987 1868/1868/982
f 1869/1869/983 1872/1872/986 164/164/88
f 1869/1869/983 164/164/88 163/163/87
f 1872/1872/986 1875/1875/989 165/165/89
f 1872/1872/986 165/165/89 164/164/88
f 1871/1871/985 1876/1876/990 1875/1875/989
f 1871/1871/985 1875/1875/989 1872/1872/986
f 1873/1873/987 1877/1877/991 1876/1876/990
f 1873/1873/987 1876/1876/990 1871/1871/985
f 1874/1874/988 1878/1878/992 1877/1877/991
f 1874/1874/988 1877/1877/991 1873/1873/987
f 1877/1877/991 1879/1879/993 1880/1880/994
f 1877/1877/991 1880/1880/994 1876/1876/990
f 1878/1878/992 1881/1881/995 1879/1879/993
f 1878/1878/992 1879/1879/993 1877/1877/991
f 1875/1875/989 1882/1882/996 166/166/90
f 1875/1875/989 166/166/90 165/165/89
f 1876/1876/990 1880/1880/994 1882/1882/996
f 1876/1876/990 1882/1882/996 1875/1875/989
f 1880/1880/994 1790/1790/915 1793/1793/918
f 1880/1880/994 1793/1793/918 1882/1882/996
f 1879/1879/993 1787/1787/912 1790/1790/915
f 1879/1879/993 1790/1790/915 1880/1880/994
f 1881/1881/995 1791/1791/916 1787/1787/912
f 1881/1881/995 1787/1787/912 1879/1879/993
f 1882/1882/996 1793/1793/918 142/142/69
f 1882/1882/996 142/142/69 166/166/90
s 0
f 1075/1075/54 853/853/54 195/195/54
s 1
f 1075/1075/54 195/195/54 194/194/96
f 1883/1883/997 1884/1884/2 1885/1885/2
f 1883/1883/997 1885/1885/2 1886/1886/997
f 1887/1887/998 1888/1888/57 1889/1889/57
f 1887/1887/998 1889/1889/57 1890/1890/999
f 1891/1891/1000 1892/1892/1001 1893/1893/137
f 1891/1891/1000 1893/1893/137 1894/1894/137
f 1894/1894/137 1893/1893/137 1895/1895/1002
f 1894/1894/137 1895/1895/1002 1896/1896/1002
f 1896/1896/1002 1895/1895/1002 1887/1887/998
f 1896/1896/1002 1887/1887/998 1890/1890/999
f 1897/1897/1003 1898/1898/1004 1899/1899/599
f 1897/1897/1003 1899/1899/599 1900/1900/599
f 1900/1900/599 1899/1899/599 1901/1901/1005
f 1900/1900/599 1901/1901/1005 1902/1902/1005
f 1902/1902/1005 1901/1901/1005 1883/1883/997
f 1902/1902/1005 1883/1883/997 1886/1886/997
f 1891/1891/1000 1898/1898/1004 1897/1897/1003
f 1891/1891/1000 1897/1897/1003 1892/1892/1001
f 740/740/372 1907/1903/1006 27/27/14
f 1907/1903/1006 740/740/372 1906/1904/1006
f 1906/1904/1006 740/740/372 1905/1905/1006
f 1905/1905/1006 740/740/372 1904/1906/1006
f 1904/1906/1006 740/740/372 1903/1907/1007
f 27/27/14 1907/1903/1006 1908/1908/1008
f 874/874/426 1913/1909/1009 875/875/427
f 1913/1909/1009 874/874/426 1912/1910/416
f 1912/1910/416 874/874/426 1911/1911/1010
f 1911/1911/1010 874/874/426 1910/1912/1011
f 1910/1912/1011 874/874/426 1909/1913/1011
s 0
f 1916/1914/54 1914/1915/54 1915/1916/54
f 1914/1915/54 1916/1914/54 859/859/54
f 859/859/54 1916/1914/54 1917/1917/54
f 859/859/54 1917/1917/54 1918/1918/54
f 859/859/54 1918/1918/54 860/860/54
s 1
f 7/7/2 1920/1919/2 1921/1920/1012
f 1920/1919/2 7/7/2 1/1/1
f 1920/1919/2 1/1/1 1919/1921/2
f 1919/1921/2 1/1/1 943/943/442
f 943/943/442 1/1/1 200/200/101
f 200/200/101 1/1/1 201/201/102
f 201/201/102 1/1/1 219/219/120
f 1941/1922/1013 740/740/372 1940/1923/1014
f 740/740/372 1941/1922/1013 1942/1924/1015
f 1947/1925/1016 1938/1926/1016 1939/1927/1016
f 1938/1926/1016 1947/1925/1016 1937/1928/1016
f 1937/1928/1016 1947/1925/1016 1936/1929/1016
f 1936/1929/1016 1947/1925/1016 1935/1930/1016
f 1935/1930/1016 1947/1925/1016 1934/1931/1016
f 1934/1931/1016 1947/1925/1016 25/25/12
f 1934/1931/1016 25/25/12 1933/1932/1016
f 1933/1932/1016 25/25/12 1932/1933/12
f 1932/1933/12 25/25/12 1931/1934/1017
f 1931/1934/1017 25/25/12 1930/1935/1018
f 1930/1935/1018 25/25/12 1929/1936/1017
f 1929/1936/1017 25/25/12 1928/1937/1017
f 1928/1937/1017 25/25/12 1927/1938/12
f 1922/1939/1016 27/27/14 1908/1908/1008
f 27/27/14 1922/1939/1016 1923/1940/12
f 27/27/14 1923/1940/12 1924/1941/1016
f 27/27/14 1924/1941/1016 1925/1942/1016
f 27/27/14 1925/1942/1016 1926/1943/1016
f 27/27/14 1926/1943/1016 1927/1938/12
f 27/27/14 1927/1938/12 25/25/12
f 740/740/372 1945/1944/12 1903/1907/1007
f 1945/1944/12 740/740/372 1944/1945/1015
f 1944/1945/1015 740/740/372 1943/1946/1015
f 1943/1946/1015 740/740/372 1942/1924/1015
f 1903/1907/1007 1945/1944/12 1946/1947/1016
f 1903/1907/1007 1946/1947/1016 1947/1925/1016
f 1903/1907/1007 1947/1925/1016 1939/1927/1016
f 1581/1581/828 1952/1948/1019 1953/1949/1020
f 1952/1948/1019 1581/1581/828 1951/1950/1019
f 1951/1950/1019 1581/1581/828 1950/1951/1019
f 1950/1951/1019 1581/1581/828 1949/1952/1019
f 1949/1952/1019 1581/1581/828 124/124/64
f 1949/1952/1019 124/124/64 1948/1953/1021
f 875/875/427 1957/1954/1022 1692/1692/427
f 1957/1954/1022 875/875/427 1956/1955/1022
f 1956/1955/1022 875/875/427 1955/1956/1023
f 1955/1956/1023 875/875/427 1954/1957/1024
f 1954/1957/1024 875/875/427 1913/1909/1009
s 0
f 1914/1915/54 1960/1958/54 1961/1959/54
f 1960/1958/54 1914/1915/54 859/859/54
f 1960/1958/54 859/859/54 1959/1960/54
f 1959/1960/54 859/859/54 1958/1961/54
f 1958/1961/54 859/859/54 1685/1685/54
s 1
f 1963/1962/57 108/108/57 1962/1963/1025
f 108/108/57 1963/1962/57 102/102/56
f 102/102/56 1963/1962/57 1964/1964/57
f 102/102/56 1964/1964/57 1756/1756/885
f 102/102/56 1756/1756/885 1078/1078/568
f 102/102/56 1078/1078/568 1081/1081/571
f 102/102/56 1081/1081/571 1092/1092/582
f 1581/1581/828 1968/1965/1026 1940/1923/1014
f 1968/1965/1026 1581/1581/828 1967/1966/1027
f 1967/1966/1027 1581/1581/828 1953/1949/1020
f 1940/1923/1014 1968/1965/1026 1969/1967/1028
f 1940/1923/1014 1969/1967/1028 1970/1968/1028
f 1967/1966/1027 1953/1949/1020 1966/1969/1029
f 1966/1969/1029 1953/1949/1020 1965/1970/1026
f 1965/1970/1026 1953/1949/1020 1971/1971/1026
f 124/124/64 1988/1972/1026 1948/1953/1021
f 1988/1972/1026 124/124/64 1987/1973/1028
f 1987/1973/1028 124/124/64 1986/1974/1026
f 1986/1974/1026 124/124/64 1985/1975/1026
f 1985/1975/1026 124/124/64 1984/1976/1026
f 1984/1976/1026 124/124/64 1983/1977/1027
f 1983/1977/1027 124/124/64 123/123/63
f 1965/1970/1026 1976/1978/1026 123/123/63
f 1976/1978/1026 1965/1970/1026 1975/1979/1026
f 1975/1979/1026 1965/1970/1026 1974/1980/1026
f 1974/1980/1026 1965/1970/1026 1973/1981/1028
f 1973/1981/1028 1965/1970/1026 1972/1982/1026
f 1972/1982/1026 1965/1970/1026 1971/1971/1026
f 123/123/63 1976/1978/1026 1977/1983/1026
f 123/123/63 1977/1983/1026 1978/1984/1026
f 123/123/63 1978/1984/1026 1979/1985/1028
f 123/123/63 1979/1985/1028 1980/1986/1029
f 123/123/63 1980/1986/1029 1981/1987/1028
f 123/123/63 1981/1987/1028 1982/1988/1026
f 123/123/63 1982/1988/1026 1983/1977/1027
f 1941/1922/1013 1940/1923/1014 1970/1968/1028
s 0
f 1990/1989/54 1998/1990/54 1989/1991/54
f 1998/1990/54 1990/1989/54 1997/1992/54
f 1997/1992/54 1990/1989/54 1991/1993/54
f 1997/1992/54 1991/1993/54 1996/1994/54
f 1996/1994/54 1991/1993/54 1992/1995/54
f 1996/1994/54 1992/1995/54 1995/1996/54
f 1995/1996/54 1992/1995/54 1993/1997/54
f 1995/1996/54 1993/1997/54 1994/1998/54
f 2000/1999/19 2008/2000/19 1999/2001/19
f 2008/2000/19 2000/1999/19 2007/2002/19
f 2007/2002/19 2000/1999/19 2001/2003/19
f 2007/2002/19 2001/2003/19 2006/2004/19
f 2006/2004/19 2001/2003/19 2002/2005/19
f 2006/2004/19 2002/2005/19 2005/2006/19
f 2005/2006/19 2002/2005/19 2003/2007/19
f 2005/2006/19 2003/2007/19 2004/2008/19
o sticker
v 0.442653 0.586767 0.002772
v 0.442653 0.459522 0.002772
v 0.442653 0.586767 -0.002772
v 0.442653 0.459522 -0.002772
v -0.442653 0.586767 0.002772
v -0.442653 0.459522 0.002772
v -0.442653 0.586767 -0.002772
v -0.442653 0.459522 -0.002772
vn 1.0000 -0.0000 -0.0000
vn -0.0000 -0.0000 -1.0000
vn -1.0000 -0.0000 -0.0000
vn -0.0000 -0.0000 1.0000
vn -0.0000 1.0000 -0.0000
vn -0.0000 -1.0000 -0.0000
vt 0.375000 0.000000
vt 0.625000 0.000000
vt 0.625000 0.250000
vt 0.375000 0.250000
vt 0.625000 0.500000
vt 0.375000 0.500000
vt 0.625000 0.750000
vt 0.375000 0.750000
vt 0.625000 1.000000
vt 0.375000 1.000000
vt 0.125000 0.500000
vt 0.125000 0.750000
vt 0.875000 0.500000
vt 0.875000 0.750000
s 0
f 2009/2009/1030 2010/2010/1030 2012/2011/1030 2011/2012/1030
f 2011/2012/1031 2012/2011/1031 2016/2013/1031 2015/2014/1031
f 2015/2014/1032 2016/2013/1032 2014/2015/1032 2013/2016/1032
f 2013/2016/1033 2014/2015/1033 2010/2017/1033 2009/2018/1033
f 2011/2019/1034 2015/2014/1034 2013/2016/1034 2009/2020/1034
f 2016/2013/1035 2012/2021/1035 2010/2022/1035 2014/2015/1035
