# Blender 5.2.1 LTS
# www.blender.org
mtllib N64.mtl
o N64_Cartridge
v 30.118210 29.386101 -19.122974
v 30.122711 29.173895 -19.122974
v 25.122711 34.173897 -19.122974
v 23.122711 34.173897 -19.122974
v 30.010483 30.227291 -19.122974
v 30.050797 30.018900 -19.122974
v 27.235802 -5.357645 -19.122972
v 27.036125 -5.445500 -19.122972
v 29.654251 -2.939195 -19.122972
v -41.877289 -5.826105 -19.122972
v -44.877289 -5.826105 -19.122972
v -49.877289 -0.826104 -19.122972
v -45.089493 -5.821599 -19.122972
v 29.142693 32.147064 -19.122974
v 29.265259 31.973768 -19.122974
v 29.380363 31.795431 -19.122974
v 29.487785 31.612370 -19.122974
v 29.587341 31.424913 -19.122974
v 29.678856 31.233400 -19.122974
v 29.762161 31.038176 -19.122974
v 29.837097 30.839594 -19.122974
v 30.082214 29.808983 -19.122974
v 30.104698 29.597925 -19.122974
v 30.122711 -0.826104 -19.122972
v 25.122711 -5.826105 -19.122972
v 30.117950 -1.044198 -19.122972
v 30.103683 -1.261884 -19.122972
v 30.079933 -1.478738 -19.122972
v 30.046745 -1.694345 -19.122972
v 30.004189 -1.908303 -19.122972
v 29.952339 -2.120198 -19.122972
v 29.891296 -2.329633 -19.122972
v 29.821175 -2.536206 -19.122972
v 23.122711 -5.826105 -19.122972
v 22.122711 34.173897 -19.122974
v 22.122711 -5.826105 -19.122972
v -40.877289 34.173897 -19.122974
v -40.877289 -5.826105 -19.122972
v -41.877289 34.173897 -19.122974
v -44.877289 34.173897 -19.122974
v -49.877289 29.173895 -19.122974
v 25.546738 34.155884 -19.122974
v 25.757797 34.133400 -19.122974
v 29.012894 32.314995 -19.122974
v 28.095879 33.193882 -19.122974
v 28.263809 33.064075 -19.122974
v 26.176102 34.061672 -19.122974
v 29.903549 30.638010 -19.122974
v 29.961380 30.433784 -19.122974
v 26.416801 -5.655733 -19.122972
v 26.204910 -5.707582 -19.122972
v 26.832817 -5.524564 -19.122972
v 26.626236 -5.594689 -19.122972
v -49.658119 -2.290220 -19.122972
v -49.715954 -2.085996 -19.122972
v 25.334915 34.169392 -19.122974
v 25.967720 34.101974 -19.122974
v 28.876076 32.477272 -19.122974
v 28.732498 32.633591 -19.122974
v 29.557770 -3.134847 -19.122972
v 29.452843 -3.326104 -19.122972
v 29.339668 -3.512605 -19.122972
v -49.242359 -3.264581 -19.122972
v -49.341919 -3.077123 -19.122972
v -49.433434 -2.885610 -19.122972
v -49.872528 29.391991 -19.122974
v -49.858261 29.609673 -19.122974
v -49.834511 29.826527 -19.122974
v -48.091225 33.004120 -19.122974
v -47.921097 33.140663 -19.122974
v -45.529922 34.131119 -19.122974
v 28.426086 32.927258 -19.122974
v 28.582405 32.783676 -19.122974
v 29.218475 -3.693986 -19.122972
v 29.089478 -3.869912 -19.122972
v 28.952934 -4.040040 -19.122972
v 25.990952 -5.750146 -19.122972
v 25.775345 -5.783330 -19.122972
v 25.558487 -5.807077 -19.122972
v 29.742111 -2.739518 -19.122972
v 25.340805 -5.821343 -19.122972
v -46.137177 -5.664770 -19.122972
v -46.341400 -5.606938 -19.122972
v -46.542988 -5.540494 -19.122972
v -45.930687 -5.713876 -19.122972
v -46.936794 -5.382246 -19.122972
v -47.128307 -5.290734 -19.122972
v -47.677162 -4.968652 -19.122972
v -47.498825 -5.083754 -19.122972
v -45.301319 -5.808092 -19.122972
v -45.512379 -5.785604 -19.122972
v -48.630653 -4.129479 -19.122972
v -48.767467 -3.967202 -19.122972
v -48.897274 -3.799273 -19.122972
v -49.516731 -2.690385 -19.122972
v -49.591675 -2.491803 -19.122972
v -48.563675 32.551849 -19.122974
v -48.707512 32.387833 -19.122974
v -48.844055 32.217705 -19.122974
v -48.412823 32.709431 -19.122974
v -48.255241 32.860283 -19.122974
v -45.095387 34.169136 -19.122974
v -45.313068 34.154869 -19.122974
v 26.382607 34.012562 -19.122974
v 27.182213 33.730042 -19.122974
v 27.373734 33.638527 -19.122974
v 27.561188 33.538967 -19.122974
v 26.586823 33.954731 -19.122974
v 26.788406 33.888283 -19.122974
v 26.986992 33.813343 -19.122974
v 27.744247 33.431541 -19.122974
v 27.922585 33.316444 -19.122974
v 28.809097 -4.204053 -19.122972
v 28.658241 -4.361639 -19.122972
v 27.431450 -5.261159 -19.122972
v 27.622711 -5.156232 -19.122972
v -46.741570 -5.465550 -19.122972
v -45.722290 -5.754187 -19.122972
v -47.315765 -5.191175 -19.122972
v -47.850456 -4.846089 -19.122972
v -48.018387 -4.716283 -19.122972
v -48.180664 -4.579465 -19.122972
v -49.019836 -3.625978 -19.122972
v -49.134933 -3.447640 -19.122972
v -49.765068 -1.879499 -19.122972
v -49.805367 -1.671109 -19.122972
v -49.836792 -1.461194 -19.122972
v -49.859276 -1.250135 -19.122972
v -49.872784 -1.038308 -19.122972
v -49.801327 30.042137 -19.122974
v -49.758770 30.256092 -19.122974
v -49.706917 30.467991 -19.122974
v 28.336647 -4.656327 -19.122972
v 28.166519 -4.792871 -19.122972
v 27.990593 -4.921865 -19.122972
v -48.336983 -4.435887 -19.122972
v -48.487068 -4.285799 -19.122972
v -49.645874 30.677423 -19.122974
v -49.575752 30.883995 -19.122974
v -49.496689 31.087311 -19.122974
v -49.408829 31.286987 -19.122974
v -49.312344 31.482637 -19.122974
v -49.207413 31.673895 -19.122974
v -49.094246 31.860394 -19.122974
v -48.973045 32.041779 -19.122974
v -46.990379 33.705437 -19.122974
v -46.171387 34.003525 -19.122974
v -45.959488 34.055374 -19.122974
v 28.500664 -4.512490 -19.122972
v 27.809212 -5.043061 -19.122972
v -47.745171 33.269657 -19.122974
v -47.563789 33.390854 -19.122974
v -47.377289 33.504025 -19.122974
v -46.790707 33.793297 -19.122974
v -46.587387 33.872360 -19.122974
v -46.380817 33.942482 -19.122974
v -47.186031 33.608952 -19.122974
v -45.745529 34.097939 -19.122974
v -49.877289 29.173895 -19.222975
v -49.872528 29.391991 -19.222975
v -49.858261 29.609673 -19.222975
v -49.834511 29.826527 -19.222975
v -49.801327 30.042137 -19.222975
v -49.758770 30.256092 -19.222975
v -49.706917 30.467991 -19.222975
v -49.645874 30.677423 -19.222975
v -49.575752 30.883995 -19.222975
v -49.496689 31.087311 -19.222975
v -49.408829 31.286987 -19.222975
v -49.312344 31.482637 -19.222975
v -49.207413 31.673895 -19.222975
v -49.094246 31.860394 -19.222975
v -48.973045 32.041779 -19.222975
v -48.844055 32.217705 -19.222975
v -48.707512 32.387833 -19.222975
v -48.563675 32.551849 -19.222975
v -48.412823 32.709431 -19.222975
v -48.255241 32.860283 -19.222975
v -48.091225 33.004120 -19.222975
v -47.921097 33.140663 -19.222975
v -47.745171 33.269657 -19.222975
v -47.563789 33.390854 -19.222975
v -47.377289 33.504025 -19.222975
v -47.186031 33.608952 -19.222975
v -46.990379 33.705437 -19.222975
v -46.790707 33.793297 -19.222975
v -46.587387 33.872360 -19.222975
v -46.380817 33.942482 -19.222975
v -46.171387 34.003525 -19.222975
v -45.959488 34.055374 -19.222975
v -45.745529 34.097939 -19.222975
v -45.529922 34.131119 -19.222975
v -45.313068 34.154869 -19.222975
v -45.095387 34.169136 -19.222975
v -44.877289 34.173897 -19.222975
v -40.877289 -7.826104 -10.422972
v -44.877289 -7.826105 -16.122972
v 23.122711 -7.826104 -10.422972
v 27.122711 -7.826105 -16.122972
v 23.122711 -7.826104 -9.122972
v 27.122711 -7.826104 -4.122972
v -40.877289 -7.826104 -9.122972
v -44.877289 -7.826104 -4.122972
v -58.228287 6.173897 -0.622972
v -58.228287 -18.826103 -0.622971
v -41.877289 -18.826103 -0.622971
v -58.228287 50.005791 -0.622976
v -54.506676 51.070545 -0.622976
v -48.219856 52.665825 -0.622976
v -41.877289 54.022591 -0.622976
v 25.122711 34.173897 -19.222975
v 25.334915 34.169392 -19.222975
v 25.546738 34.155884 -19.222975
v 25.757797 34.133400 -19.222975
v 25.967720 34.101974 -19.222975
v 26.176102 34.061672 -19.222975
v 26.382607 34.012562 -19.222975
v 26.586823 33.954731 -19.222975
v 26.788406 33.888283 -19.222975
v 26.986992 33.813343 -19.222975
v 27.182213 33.730042 -19.222975
v 27.373734 33.638527 -19.222975
v 27.561188 33.538967 -19.222975
v 27.744247 33.431541 -19.222975
v 27.922585 33.316444 -19.222975
v 28.095879 33.193882 -19.222975
v 28.263809 33.064075 -19.222975
v 28.426086 32.927258 -19.222975
v 28.582405 32.783676 -19.222975
v 28.732498 32.633591 -19.222975
v 28.876076 32.477272 -19.222975
v 29.012894 32.314995 -19.222975
v 29.142693 32.147064 -19.222975
v 29.265259 31.973768 -19.222975
v 29.380363 31.795431 -19.222975
v 29.487785 31.612370 -19.222975
v 29.587341 31.424913 -19.222975
v 29.678856 31.233400 -19.222975
v 29.762161 31.038176 -19.222975
v 29.837097 30.839594 -19.222975
v 29.903549 30.638010 -19.222975
v 29.961380 30.433784 -19.222975
v 30.010483 30.227291 -19.222975
v 30.050797 30.018900 -19.222975
v 30.082214 29.808983 -19.222975
v 30.104698 29.597925 -19.222975
v 30.118210 29.386101 -19.222975
v 30.122711 29.173895 -19.222975
v -44.877289 -18.826103 -4.122971
v 27.122711 -18.826103 -4.122971
v -41.877289 -18.826103 -1.622971
v -40.877289 -18.826103 -1.622971
v -41.877289 53.173897 -1.622976
v -40.877289 53.173897 -1.622976
v 48.622711 -18.826103 -9.922972
v 48.622711 -18.826105 -14.972972
v 48.622711 -11.826104 -14.972972
v 48.622711 47.173897 -19.222977
v 48.622711 47.173897 -9.922976
v 48.622711 6.173896 -9.922973
v 48.622711 -11.826105 -19.222973
v 39.973709 50.005791 -0.622976
v 39.973709 6.173897 -0.622972
v 40.371086 6.173897 -0.660400
v 40.371086 49.886715 -0.660404
v 40.766502 6.173897 -0.714803
v 40.766502 49.767193 -0.714806
v 41.159225 6.173897 -0.786072
v 41.159225 49.647453 -0.786076
v 41.548531 6.173897 -0.874084
v 41.548531 49.527740 -0.874088
v 41.933716 6.173897 -0.978678
v 41.933716 49.408302 -0.978682
v 42.314079 6.173897 -1.099659
v 42.314079 49.289383 -1.099663
v 42.688911 6.173897 -1.236807
v 42.688911 49.171246 -1.236811
v 43.057526 6.173897 -1.389871
v 43.057526 49.054146 -1.389874
v 43.419258 6.173897 -1.558569
v 43.419258 48.938343 -1.558573
v 43.773438 6.173897 -1.742592
v 43.773438 48.824104 -1.742596
v 44.119423 6.173897 -1.941605
v 44.119423 48.711689 -1.941609
v 44.456566 6.173897 -2.155241
v 44.456566 48.601364 -2.155245
v 44.784264 6.173897 -2.383111
v 44.784264 48.493393 -2.383114
v 45.101906 6.173897 -2.624794
v 45.101906 48.388039 -2.624798
v 45.408920 6.173897 -2.879850
v 45.408920 48.285557 -2.879853
v 45.704735 6.173897 -3.147812
v 45.704735 48.186203 -3.147815
v 45.988808 6.173896 -3.428187
v 45.988808 48.090229 -3.428190
v 46.260620 6.173896 -3.720463
v 46.260620 47.997879 -3.720466
v 46.519684 6.173896 -4.024103
v 46.519684 47.909389 -4.024106
v 46.765511 6.173896 -4.338552
v 46.765511 47.824993 -4.338556
v 46.997650 6.173896 -4.663232
v 46.997650 47.744911 -4.663236
v 47.215698 6.173896 -4.997550
v 47.215698 47.669361 -4.997553
v 47.419220 6.173896 -5.340892
v 47.419220 47.598537 -5.340896
v 47.319145 47.633396 -5.167887
v 47.607872 6.173896 -5.692630
v 47.781296 6.173896 -6.052118
v 47.781296 47.471840 -6.052122
v 47.696373 47.501637 -5.871173
v 47.607872 47.532639 -5.692634
v 47.515251 47.565025 -5.515417
v 47.939186 6.173896 -6.418701
v 48.081230 6.173896 -6.791704
v 48.081230 47.366199 -6.791707
v 48.012253 47.390549 -6.604566
v 47.939186 47.416309 -6.418704
v 47.862289 47.443375 -6.234772
v 48.207191 6.173896 -7.170444
v 48.316826 6.173896 -7.554226
v 48.316826 47.282784 -7.554229
v 48.264046 47.301502 -7.361697
v 48.207191 47.321648 -7.170446
v 48.146248 47.343216 -6.980436
v 48.409935 6.173896 -7.942348
v 48.486343 6.173896 -8.334101
v 48.486343 47.222519 -8.334105
v 48.450188 47.235390 -8.137584
v 48.409935 47.249706 -7.942351
v 48.365417 47.265526 -7.747648
v 48.545921 6.173896 -8.728765
v 48.588554 6.173896 -9.125616
v 48.588554 47.186089 -9.125620
v 48.569336 47.192944 -8.926718
v 48.545921 47.201294 -8.728768
v 48.518196 47.211174 -8.530788
v 48.614166 6.173896 -9.523929
v 48.620575 47.174660 -9.723330
v 48.614166 47.176949 -9.523932
v 48.603493 47.180756 -9.324652
v -40.877289 34.173897 -18.222975
v -40.877289 43.715858 -18.222977
v -40.877289 43.715858 -19.222977
v -40.877289 34.173897 -19.222975
v 20.132225 46.456009 -17.222977
v 20.125092 46.564850 -17.222977
v 22.622711 46.673897 -17.222977
v 20.122711 46.673897 -17.222977
v 20.125092 46.782944 -17.222977
v 20.181969 46.132797 -17.222977
v 20.160690 46.239777 -17.222977
v 20.144096 46.347580 -17.222977
v 20.273476 45.818848 -17.222977
v 20.238419 45.922134 -17.222977
v 20.207901 46.026848 -17.222977
v 20.405182 45.519524 -17.222977
v 20.356941 45.617352 -17.222977
v 20.313011 45.717190 -17.222977
v 20.574829 45.239956 -17.222977
v 20.514229 45.330647 -17.222977
v 20.457649 45.423897 -17.222977
v 20.779518 44.984921 -17.222977
v 20.707603 45.066929 -17.222977
v 20.639328 45.151993 -17.222977
v 21.015739 44.758785 -17.222977
v 20.933731 44.830704 -17.222977
v 20.854942 44.906128 -17.222977
v 21.279465 44.565418 -17.222977
v 21.188766 44.626015 -17.222977
v 21.100807 44.690514 -17.222977
v 21.566162 44.408127 -17.222977
v 21.468346 44.456367 -17.222977
v 21.372711 44.508835 -17.222977
v 21.870949 44.289604 -17.222977
v 21.767662 44.324665 -17.222977
v 21.666000 44.364197 -17.222977
v 22.188591 44.211876 -17.222977
v 22.081612 44.233154 -17.222977
v 21.975662 44.259083 -17.222977
v 22.513657 44.176277 -17.222977
v 22.404823 44.183411 -17.222977
v 22.296394 44.195282 -17.222977
v 22.840599 44.183411 -17.222977
v 22.731758 44.176277 -17.222977
v 22.622711 44.173897 -17.222977
v 23.163811 44.233154 -17.222977
v 23.056831 44.211876 -17.222977
v 22.949028 44.195282 -17.222977
v 23.477768 44.324665 -17.222977
v 23.374474 44.289604 -17.222977
v 23.269760 44.259083 -17.222977
v 23.777084 44.456367 -17.222977
v 23.679260 44.408127 -17.222977
v 23.579422 44.364197 -17.222977
v 24.056656 44.626015 -17.222977
v 23.965958 44.565418 -17.222977
v 23.872711 44.508835 -17.222977
v 24.311684 44.830704 -17.222977
v 24.229675 44.758785 -17.222977
v 24.144615 44.690514 -17.222977
v 24.537827 45.066929 -17.222977
v 24.465904 44.984921 -17.222977
v 24.390472 44.906128 -17.222977
v 24.731194 45.330647 -17.222977
v 24.670586 45.239956 -17.222977
v 24.606094 45.151993 -17.222977
v 24.888481 45.617352 -17.222977
v 24.840240 45.519524 -17.222977
v 24.787781 45.423897 -17.222977
v 25.007004 45.922134 -17.222977
v 24.971939 45.818848 -17.222977
v 24.932411 45.717190 -17.222977
v 25.084732 46.239777 -17.222977
v 25.063446 46.132797 -17.222977
v 25.037529 46.026848 -17.222977
v 25.120331 46.564850 -17.222977
v 25.113197 46.456009 -17.222977
v 25.101318 46.347580 -17.222977
v 25.113197 46.891785 -17.222977
v 25.120331 46.782944 -17.222977
v 25.122711 46.673897 -17.222977
v 25.063446 47.214996 -17.222977
v 25.084732 47.108017 -17.222977
v 25.101318 47.000214 -17.222977
v 24.971939 47.528946 -17.222977
v 25.007004 47.425659 -17.222977
v 25.037529 47.320946 -17.222977
v 24.840240 47.828270 -17.222977
v 24.888481 47.730442 -17.222977
v 24.932411 47.630608 -17.222977
v 24.670586 48.107838 -17.222977
v 24.731194 48.017147 -17.222977
v 24.787781 47.923897 -17.222977
v 24.465904 48.362873 -17.222977
v 24.537827 48.280865 -17.222977
v 24.606094 48.195801 -17.222977
v 24.229675 48.589008 -17.222977
v 24.311684 48.517090 -17.222977
v 24.390472 48.441666 -17.222977
v 23.965958 48.782375 -17.222977
v 24.056656 48.721779 -17.222977
v 24.144615 48.657280 -17.222977
v 23.679260 48.939667 -17.222977
v 23.777084 48.891422 -17.222977
v 23.872711 48.838959 -17.222977
v 23.374474 49.058189 -17.222977
v 23.477768 49.023129 -17.222977
v 23.579422 48.983597 -17.222977
v 23.056831 49.135918 -17.222977
v 23.163811 49.114635 -17.222977
v 23.269760 49.088711 -17.222977
v 22.731758 49.171516 -17.222977
v 22.840599 49.164383 -17.222977
v 22.949028 49.152508 -17.222977
v 22.404823 49.164383 -17.222977
v 22.513657 49.171516 -17.222977
v 22.622711 49.173897 -17.222977
v 22.081612 49.114635 -17.222977
v 22.188591 49.135918 -17.222977
v 22.296394 49.152508 -17.222977
v 21.767662 49.023129 -17.222977
v 21.870949 49.058189 -17.222977
v 21.975662 49.088711 -17.222977
v 21.468346 48.891422 -17.222977
v 21.566162 48.939667 -17.222977
v 21.666000 48.983597 -17.222977
v 21.188766 48.721779 -17.222977
v 21.279465 48.782375 -17.222977
v 21.372711 48.838959 -17.222977
v 20.933731 48.517090 -17.222977
v 21.015739 48.589008 -17.222977
v 21.100807 48.657280 -17.222977
v 20.707603 48.280865 -17.222977
v 20.779518 48.362873 -17.222977
v 20.854942 48.441666 -17.222977
v 20.514229 48.017147 -17.222977
v 20.574829 48.107838 -17.222977
v 20.639328 48.195801 -17.222977
v 20.356941 47.730442 -17.222977
v 20.405182 47.828270 -17.222977
v 20.457649 47.923897 -17.222977
v 20.238419 47.425659 -17.222977
v 20.273476 47.528946 -17.222977
v 20.313011 47.630608 -17.222977
v 20.160690 47.108017 -17.222977
v 20.181969 47.214996 -17.222977
v 20.207901 47.320946 -17.222977
v 20.132225 46.891785 -17.222977
v 20.144096 47.000214 -17.222977
v 27.122711 -18.826105 -16.122971
v -40.877289 -18.826103 -0.622971
v -40.877289 54.213760 -0.622976
v -40.877289 53.173897 -18.222977
v -40.877289 54.213760 -19.222977
v -40.877289 49.631935 -18.222977
v -40.877289 49.631935 -19.222977
v -44.877289 -18.826105 -16.122971
v 11.834915 -13.321594 -0.622971
v 11.622711 -13.326103 -0.622971
v 22.122711 -18.826103 -0.622971
v -30.813065 -13.307076 -0.622971
v -31.029919 -13.283333 -0.622971
v -32.290707 -12.945496 -0.622971
v -32.490379 -12.857643 -0.622971
v -30.595387 -13.321342 -0.622971
v -31.245529 -13.250137 -0.622971
v -31.459488 -13.207581 -0.622971
v -31.671383 -13.155731 -0.622971
v -35.334515 -8.978737 -0.622971
v -35.358261 -8.761879 -0.622971
v 12.116882 50.286362 -0.622976
v 15.176056 55.445721 -0.622976
v 11.870750 50.335526 -0.622976
v 11.622711 50.373913 -0.622976
v 15.582909 47.967552 -0.622976
v 15.722275 47.758812 -0.622976
v 22.122711 54.307045 -0.622976
v 15.852417 47.544197 -0.622976
v 15.973076 47.324112 -0.622976
v 16.275970 46.635265 -0.622976
v 16.356613 46.397579 -0.622976
v 16.426804 46.156601 -0.622975
v 16.486427 45.912796 -0.622975
v 13.486992 -12.965546 -0.622971
v 13.288414 -13.040497 -0.622971
v 13.086830 -13.106941 -0.622971
v -31.880817 -13.094688 -0.622971
v -32.087391 -13.024567 -0.622971
v 16.535362 45.666618 -0.622975
v 16.573524 45.418545 -0.622975
v 16.600838 45.169044 -0.622975
v 16.618210 -8.538307 -0.622971
v 16.604698 -8.750130 -0.622971
v 16.582214 -8.961189 -0.622971
v 16.550789 -9.171112 -0.622971
v 16.510490 -9.379501 -0.622971
v 16.461372 -9.585999 -0.622971
v 16.403542 -9.790215 -0.622971
v 16.337097 -9.991806 -0.622971
v 16.262154 -10.190384 -0.622971
v 16.178856 -10.385605 -0.622971
v 15.082405 -11.935883 -0.622971
v 14.926086 -12.079468 -0.622971
v 14.763809 -12.216278 -0.622971
v 14.595879 -12.346092 -0.622971
v -30.377289 -13.326103 -0.622971
v -34.996689 -10.239525 -0.622971
v -35.075752 -10.036201 -0.622971
v -35.145874 -9.829628 -0.622971
v -35.206917 -9.620201 -0.622971
v -33.934032 55.373005 -0.622976
v -30.377289 50.310249 -0.622976
v -26.949104 56.246761 -0.622976
v -23.399235 51.060181 -0.622976
v -19.934242 56.833565 -0.622976
v -16.395744 51.514935 -0.622976
v -12.901226 57.132431 -0.622976
v -9.379307 51.673706 -0.622976
v 16.084023 47.098972 -0.622976
v 16.185051 46.869213 -0.622976
v 16.087341 -10.577126 -0.622971
v 15.987785 -10.764580 -0.622971
v 15.880356 -10.947639 -0.622971
v 14.061188 -12.691170 -0.622971
v 13.873726 -12.790733 -0.622971
v 13.682220 -12.882240 -0.622971
v 12.882599 -13.164772 -0.622971
v 12.676109 -13.213875 -0.622971
v 12.467712 -13.254181 -0.622971
v 12.257805 -13.285606 -0.622971
v 12.046738 -13.308090 -0.622971
v -35.258766 -9.408302 -0.622971
v -35.301327 -9.194351 -0.622971
v -34.838932 47.023022 -0.622976
v -34.728043 47.248524 -0.622976
v 4.642410 51.102688 -0.622976
v 8.188568 56.298790 -0.622976
v -2.362419 51.536209 -0.622976
v 1.171997 56.864819 -0.622976
v -5.861874 57.142853 -0.622976
v 12.360634 50.226517 -0.622976
v 12.601540 50.156097 -0.622976
v 12.839157 50.075249 -0.622976
v 16.617241 44.918587 -0.622975
v 16.622711 44.667656 -0.622975
v 16.622711 -8.326103 -0.622971
v 15.512894 -11.467201 -0.622971
v 15.376068 -11.629471 -0.622971
v 15.232491 -11.785797 -0.622971
v 14.422585 -12.468651 -0.622971
v 14.244247 -12.583748 -0.622971
v -33.421097 -12.292870 -0.622971
v -33.245171 -12.421867 -0.622971
v -33.063786 -12.543060 -0.622971
v -33.591228 -12.156326 -0.622971
v -33.755241 -12.012489 -0.622971
v -33.912823 -11.861641 -0.622971
v -34.063675 -11.704056 -0.622971
v -34.207508 -11.540047 -0.622971
v -34.344055 -11.369911 -0.622971
v -34.707413 -10.826103 -0.622971
v -34.812344 -10.634842 -0.622971
v -34.908829 -10.439194 -0.622971
v 13.073021 49.984116 -0.622976
v 13.302689 49.882874 -0.622976
v 13.527725 49.771713 -0.622976
v 14.373138 49.232426 -0.622976
v 14.568802 49.075222 -0.622976
v 15.765259 -11.125977 -0.622971
v 15.642700 -11.299271 -0.622971
v -32.686031 -12.761154 -0.622971
v -32.877289 -12.656227 -0.622971
v -34.473049 -11.193985 -0.622971
v -34.594246 -11.012604 -0.622971
v 13.747704 49.650852 -0.622976
v 13.962196 49.520515 -0.622976
v 14.170807 49.380951 -0.622976
v 14.757423 48.909637 -0.622976
v 14.938644 48.735989 -0.622976
v 15.112137 48.554604 -0.622976
v 15.277542 48.365829 -0.622976
v 15.434563 48.170021 -0.622976
v -34.607441 47.468990 -0.622976
v -34.477367 47.683998 -0.622976
v -34.338055 47.893143 -0.622976
v -35.372532 -8.544205 -0.622971
v -35.377289 -8.326103 -0.622971
v -35.377289 44.588486 -0.622975
v -35.371819 44.839722 -0.622975
v -35.355423 45.090481 -0.622975
v -35.328133 45.340286 -0.622975
v -35.290001 45.588673 -0.622975
v -35.241089 45.835163 -0.622975
v -35.181511 46.079288 -0.622975
v -35.111355 46.320595 -0.622976
v -34.189777 48.096027 -0.622976
v -34.032814 48.292267 -0.622976
v -33.867458 48.481495 -0.622976
v -33.694023 48.663345 -0.622976
v -33.512844 48.837479 -0.622976
v -33.324253 49.003563 -0.622976
v -32.503197 49.581360 -0.622976
v -32.283199 49.702805 -0.622976
v -32.058125 49.814564 -0.622976
v -31.828400 49.916424 -0.622976
v -35.030773 46.558617 -0.622976
v -34.939903 46.792908 -0.622976
v -33.128620 49.161282 -0.622976
v -32.926308 49.310341 -0.622976
v -32.717705 49.450455 -0.622976
v -31.594460 50.008194 -0.622976
v -31.356750 50.089695 -0.622976
v -31.115719 50.160774 -0.622976
v -30.871822 50.221298 -0.622976
v -30.625523 50.271156 -0.622976
v -66.877289 47.173897 -19.222977
v -66.877289 -11.826105 -19.222973
v -66.877289 -11.826104 -14.972972
v -66.877289 47.173897 -9.922976
v -66.877289 6.173896 -9.922973
v -66.877289 -18.826103 -9.922972
v -66.877289 -18.826105 -14.972972
v 23.122711 -18.826103 -10.422972
v 23.122711 -18.826103 -9.122972
v -40.877289 -18.826103 -10.422972
v -40.877289 -18.826103 -9.122972
v 22.622711 49.173897 -19.222977
v 22.731758 49.171516 -19.222977
v 22.840599 49.164383 -19.222977
v 22.949028 49.152508 -19.222977
v 23.056831 49.135918 -19.222977
v 23.163811 49.114635 -19.222977
v 23.269760 49.088711 -19.222977
v 23.374474 49.058189 -19.222977
v 23.477768 49.023129 -19.222977
v 23.579422 48.983597 -19.222977
v 23.679260 48.939667 -19.222977
v 23.777084 48.891422 -19.222977
v 23.872711 48.838959 -19.222977
v 23.965958 48.782375 -19.222977
v 24.056656 48.721779 -19.222977
v 24.144615 48.657280 -19.222977
v 24.229675 48.589008 -19.222977
v 24.311684 48.517090 -19.222977
v 24.390472 48.441666 -19.222977
v 24.465904 48.362873 -19.222977
v 24.537827 48.280865 -19.222977
v 24.606094 48.195801 -19.222977
v 24.670586 48.107838 -19.222977
v 24.731194 48.017147 -19.222977
v 24.787781 47.923897 -19.222977
v 24.840240 47.828270 -19.222977
v 24.888481 47.730442 -19.222977
v 24.932411 47.630608 -19.222977
v 24.971939 47.528946 -19.222977
v 25.007004 47.425659 -19.222977
v 25.037529 47.320946 -19.222977
v 25.063446 47.214996 -19.222977
v 25.084732 47.108017 -19.222977
v 25.101318 47.000214 -19.222977
v 25.113197 46.891785 -19.222977
v 25.120331 46.782944 -19.222977
v 25.122711 46.673897 -19.222977
v 25.120331 46.564850 -19.222977
v 25.113197 46.456009 -19.222977
v 25.101318 46.347580 -19.222977
v 25.084732 46.239777 -19.222977
v 25.063446 46.132797 -19.222977
v 25.037529 46.026848 -19.222977
v 25.007004 45.922134 -19.222977
v 24.971939 45.818848 -19.222977
v 24.932411 45.717190 -19.222977
v 24.888481 45.617352 -19.222977
v 24.840240 45.519524 -19.222977
v 24.787781 45.423897 -19.222977
v 24.731194 45.330647 -19.222977
v 24.670586 45.239956 -19.222977
v 24.606094 45.151993 -19.222977
v 24.537827 45.066929 -19.222977
v 24.465904 44.984921 -19.222977
v 24.390472 44.906128 -19.222977
v 24.311684 44.830704 -19.222977
v 24.229675 44.758785 -19.222977
v 24.144615 44.690514 -19.222977
v 24.056656 44.626015 -19.222977
v 23.965958 44.565418 -19.222977
v 23.872711 44.508835 -19.222977
v 23.777084 44.456367 -19.222977
v 23.679260 44.408127 -19.222977
v 23.579422 44.364197 -19.222977
v 23.477768 44.324665 -19.222977
v 23.374474 44.289604 -19.222977
v 23.269760 44.259083 -19.222977
v 23.163811 44.233154 -19.222977
v 23.056831 44.211876 -19.222977
v 22.949028 44.195282 -19.222977
v 22.840599 44.183411 -19.222977
v 22.731758 44.176277 -19.222977
v 22.622711 44.173897 -19.222977
v 22.513657 44.176277 -19.222977
v 22.404823 44.183411 -19.222977
v 22.296394 44.195282 -19.222977
v 22.188591 44.211876 -19.222977
v 22.081612 44.233154 -19.222977
v 21.975662 44.259083 -19.222977
v 21.870949 44.289604 -19.222977
v 21.767662 44.324665 -19.222977
v 21.666000 44.364197 -19.222977
v 21.566162 44.408127 -19.222977
v 21.468346 44.456367 -19.222977
v 21.372711 44.508835 -19.222977
v 21.279465 44.565418 -19.222977
v 21.188766 44.626015 -19.222977
v 21.100807 44.690514 -19.222977
v 21.015739 44.758785 -19.222977
v 20.933731 44.830704 -19.222977
v 20.854942 44.906128 -19.222977
v 20.779518 44.984921 -19.222977
v 20.707603 45.066929 -19.222977
v 20.639328 45.151993 -19.222977
v 20.574829 45.239956 -19.222977
v 20.514229 45.330647 -19.222977
v 20.457649 45.423897 -19.222977
v 20.405182 45.519524 -19.222977
v 20.356941 45.617352 -19.222977
v 20.313011 45.717190 -19.222977
v 20.273476 45.818848 -19.222977
v 20.238419 45.922134 -19.222977
v 20.207901 46.026848 -19.222977
v 20.181969 46.132797 -19.222977
v 20.160690 46.239777 -19.222977
v 20.144096 46.347580 -19.222977
v 20.132225 46.456009 -19.222977
v 20.125092 46.564850 -19.222977
v 20.122711 46.673897 -19.222977
v 20.125092 46.782944 -19.222977
v 20.132225 46.891785 -19.222977
v 20.144096 47.000214 -19.222977
v 20.160690 47.108017 -19.222977
v 20.181969 47.214996 -19.222977
v 20.207901 47.320946 -19.222977
v 20.238419 47.425659 -19.222977
v 20.273476 47.528946 -19.222977
v 20.313011 47.630608 -19.222977
v 20.356941 47.730442 -19.222977
v 20.405182 47.828270 -19.222977
v 20.457649 47.923897 -19.222977
v 20.514229 48.017147 -19.222977
v 20.574829 48.107838 -19.222977
v 20.639328 48.195801 -19.222977
v 20.707603 48.280865 -19.222977
v 20.779518 48.362873 -19.222977
v 20.854942 48.441666 -19.222977
v 20.933731 48.517090 -19.222977
v 21.015739 48.589008 -19.222977
v 21.100807 48.657280 -19.222977
v 21.188766 48.721779 -19.222977
v 21.279465 48.782375 -19.222977
v 21.372711 48.838959 -19.222977
v 21.468346 48.891422 -19.222977
v 21.566162 48.939667 -19.222977
v 21.666000 48.983597 -19.222977
v 21.767662 49.023129 -19.222977
v 21.870949 49.058189 -19.222977
v 21.975662 49.088711 -19.222977
v 22.081612 49.114635 -19.222977
v 22.188591 49.135918 -19.222977
v 22.296394 49.152508 -19.222977
v 22.404823 49.164383 -19.222977
v 22.513657 49.171516 -19.222977
v -41.753059 49.650269 -18.222977
v -41.877289 49.631935 -18.222977
v -41.877289 53.173897 -18.222977
v -41.628166 49.663387 -18.222977
v -41.001522 49.650269 -18.222977
v -41.126411 49.663387 -18.222977
v -41.251740 49.671268 -18.222977
v -41.377289 49.673897 -18.222977
v -41.502838 49.671268 -18.222977
v -40.877289 -5.826105 -18.222973
v -41.877289 -5.826105 -18.222973
v -66.868744 6.173896 -9.523929
v -66.868744 47.176949 -9.523932
v -66.875145 47.174660 -9.723064
v -66.843132 6.173896 -9.125616
v -66.800499 6.173896 -8.728765
v -66.800499 47.201294 -8.728768
v -66.823921 47.192940 -8.926808
v -66.843132 47.186089 -9.125620
v -66.858055 47.180763 -9.324389
v -66.740921 6.173896 -8.334101
v -66.664505 6.173896 -7.942348
v -66.664505 47.249706 -7.942351
v -66.704819 47.235371 -8.137844
v -66.740921 47.222519 -8.334105
v -66.772812 47.211159 -8.531052
v -66.571396 6.173896 -7.554226
v -66.461769 6.173896 -7.170444
v -66.461769 47.321648 -7.170446
v -66.518692 47.301476 -7.361950
v -66.571396 47.282784 -7.554229
v -66.620056 47.265503 -7.747905
v -66.335808 6.173896 -6.791704
v -66.193756 6.173896 -6.418701
v -66.193756 47.416309 -6.418704
v -66.266655 47.390610 -6.604110
v -66.335808 47.366199 -6.791707
v -66.400810 47.343224 -6.980388
v -66.035881 6.173896 -6.052118
v -65.862450 6.173896 -5.692630
v -65.862450 47.532639 -5.692634
v -65.951012 47.501617 -5.871296
v -66.035881 47.471840 -6.052122
v -66.116676 47.443443 -6.234327
v -65.470268 47.669361 -4.997553
v -65.573883 47.633343 -5.168147
v -65.673798 6.173896 -5.340892
v -65.673798 47.598537 -5.340896
v -65.769974 47.564972 -5.515686
v -65.470268 6.173896 -4.997550
v -65.252235 6.173896 -4.663232
v -65.252235 47.744911 -4.663236
v -65.020088 6.173896 -4.338552
v -65.020088 47.824993 -4.338556
v -64.774261 6.173896 -4.024103
v -64.774261 47.909389 -4.024106
v -64.515198 6.173896 -3.720463
v -64.515198 47.997879 -3.720466
v -64.243385 6.173896 -3.428187
v -64.243385 48.090229 -3.428190
v -63.959309 6.173897 -3.147812
v -63.959309 48.186203 -3.147815
v -63.663494 6.173897 -2.879850
v -63.663494 48.285557 -2.879853
v -63.356483 6.173897 -2.624794
v -63.356483 48.388039 -2.624798
v -63.038841 6.173897 -2.383111
v -63.038841 48.493393 -2.383114
v -62.711143 6.173897 -2.155241
v -62.711143 48.601364 -2.155245
v -62.373997 6.173897 -1.941605
v -62.373997 48.711689 -1.941609
v -62.028015 6.173897 -1.742592
v -62.028015 48.824104 -1.742596
v -61.673836 6.173897 -1.558569
v -61.673836 48.938343 -1.558573
v -61.312103 6.173897 -1.389871
v -61.312103 49.054146 -1.389874
v -60.943485 6.173897 -1.236807
v -60.943485 49.171246 -1.236811
v -60.568653 6.173897 -1.099659
v -60.568653 49.289383 -1.099663
v -60.188293 6.173897 -0.978678
v -60.188293 49.408302 -0.978682
v -59.803108 6.173897 -0.874084
v -59.803108 49.527740 -0.874088
v -59.413795 6.173897 -0.786072
v -59.413795 49.647453 -0.786076
v -59.021076 6.173897 -0.714803
v -59.021076 49.767193 -0.714806
v -58.625664 6.173897 -0.660400
v -58.625664 49.886715 -0.660404
v -40.877289 -5.826105 -19.222973
v -40.877289 -18.826105 -19.222971
v -40.877289 -18.826105 -18.222971
v 23.122711 -5.826105 -19.222973
v 23.122711 -18.826105 -19.222971
v 23.122711 -18.826105 -18.222971
v 23.122711 -5.826105 -18.222973
v -54.506676 51.070545 -19.222977
v -60.728775 49.239033 -19.222977
v -63.733215 48.262192 -5.511319
v -48.219856 52.665825 -19.222977
v -41.877289 54.022591 -19.222977
v 22.122711 43.715858 -19.222977
v 23.122711 49.631935 -19.222977
v 43.622711 -18.826105 -19.222971
v 40.622711 -18.826105 -19.222971
v 43.622711 -11.826105 -19.222973
v 40.622711 -16.826105 -19.222971
v -40.625526 49.058189 -19.222977
v -40.730240 49.088711 -19.222977
v 35.122711 -18.826105 -19.222971
v 35.122711 -16.826105 -19.222971
v -40.836189 44.233154 -19.222977
v -40.730240 44.259083 -19.222977
v -39.770321 48.589008 -19.222977
v -39.855385 48.657280 -19.222977
v -39.943344 48.721779 -19.222977
v -40.034039 48.782375 -19.222977
v -42.899193 44.690514 -19.222977
v -41.877289 43.715858 -19.222977
v -42.984261 44.758785 -19.222977
v -43.066265 44.830704 -19.222977
v -58.877289 -18.826105 -19.222971
v -61.877289 -18.826105 -19.222971
v -58.877289 -16.826105 -19.222971
v -61.877289 -11.826105 -19.222973
v 29.952339 -2.120198 -19.222973
v 30.004189 -1.908303 -19.222973
v -40.127289 48.838959 -19.222977
v -40.222916 48.891422 -19.222977
v -40.320744 48.939667 -19.222977
v -40.222916 44.456367 -19.222977
v -40.127289 44.508835 -19.222977
v -38.886803 46.891785 -19.222977
v -38.898674 47.000214 -19.222977
v 22.122711 54.307045 -19.222977
v -39.067589 47.630608 -19.222977
v -19.934242 56.833565 -19.222977
v -39.028057 47.528946 -19.222977
v -12.901226 57.132431 -19.222977
v -38.992996 47.425659 -19.222977
v -33.934032 55.373005 -19.222977
v -39.609520 48.441666 -19.222977
v -39.688313 48.517090 -19.222977
v -42.811230 44.626015 -19.222977
v -42.720535 44.565418 -19.222977
v -42.627289 44.508835 -19.222977
v -42.531662 44.456367 -19.222977
v -42.433834 44.408127 -19.222977
v -42.334000 44.364197 -19.222977
v -41.877289 49.631935 -19.222977
v -42.720535 48.782375 -19.222977
v -42.811230 48.721779 -19.222977
v 42.352768 49.277233 -19.222977
v 36.006500 51.137630 -19.222977
v 29.593307 52.752335 -19.222977
v 23.122711 54.118946 -19.222977
v 30.046745 -1.694345 -19.222973
v 30.079933 -1.478738 -19.222973
v 30.103683 -1.261884 -19.222973
v -40.420578 48.983597 -19.222977
v -40.522240 49.023129 -19.222977
v -39.111519 47.730442 -19.222977
v -39.159760 47.828270 -19.222977
v -26.949104 56.246761 -19.222977
v -39.212227 47.923897 -19.222977
v -39.268810 48.017147 -19.222977
v -39.329407 48.107838 -19.222977
v 22.122711 34.173897 -19.222975
v -42.232338 44.324665 -19.222977
v -42.129051 44.289604 -19.222977
v -42.024338 44.259083 -19.222977
v -49.134933 -3.447640 -19.222973
v -49.019836 -3.625978 -19.222973
v -45.512379 -5.785604 -19.222973
v -45.301319 -5.808092 -19.222973
v -53.377289 -16.826105 -19.222971
v -45.089493 -5.821599 -19.222973
v 25.558487 -5.807077 -19.222973
v 25.775345 -5.783330 -19.222973
v 25.990952 -5.750146 -19.222973
v 23.122711 43.715858 -19.222977
v 22.998474 43.697525 -19.222977
v 22.873589 43.684406 -19.222977
v 22.748260 43.676525 -19.222977
v 22.622711 43.673897 -19.222977
v 22.497162 43.676525 -19.222977
v 22.371834 43.684406 -19.222977
v 22.246941 43.697525 -19.222977
v -40.625526 44.289604 -19.222977
v -40.522240 44.324665 -19.222977
v -38.962475 46.026848 -19.222977
v -38.936546 46.132797 -19.222977
v 22.122711 49.631935 -19.222977
v -39.393906 48.195801 -19.222977
v -39.462177 48.280865 -19.222977
v -39.534096 48.362873 -19.222977
v -41.918388 44.233154 -19.222977
v -41.811409 44.211876 -19.222977
v -41.753059 43.697525 -19.222977
v -41.703606 44.195282 -19.222977
v -41.628166 43.684406 -19.222977
v -41.595177 44.183411 -19.222977
v -41.502838 43.676525 -19.222977
v -41.486336 44.176277 -19.222977
v -41.377289 43.673897 -19.222977
v -41.377289 44.173897 -19.222977
v -41.251740 43.676525 -19.222977
v -41.268242 44.176277 -19.222977
v -41.126411 43.684406 -19.222977
v -41.159401 44.183411 -19.222977
v -41.001522 43.697525 -19.222977
v -41.050972 44.195282 -19.222977
v -40.943169 44.211876 -19.222977
v -49.658119 -2.290220 -19.222973
v -49.715954 -2.085996 -19.222973
v -49.765068 -1.879499 -19.222973
v -49.591675 -2.491803 -19.222973
v -49.516731 -2.690385 -19.222973
v -49.433434 -2.885610 -19.222973
v -47.498825 -5.083754 -19.222973
v -47.315765 -5.191175 -19.222973
v -41.877289 -18.826105 -19.222971
v -53.377289 -18.826105 -19.222971
v -41.877289 -5.826105 -19.222973
v -44.877289 -5.826105 -19.222973
v -40.836189 49.114635 -19.222977
v -40.943169 49.135918 -19.222977
v -41.001522 49.650269 -19.222977
v -41.050972 49.152508 -19.222977
v -41.126411 49.663387 -19.222977
v -41.159401 49.164383 -19.222977
v -41.251740 49.671268 -19.222977
v -41.268242 49.171516 -19.222977
v -41.377289 49.673897 -19.222977
v -41.377289 49.173897 -19.222977
v -41.502838 49.671268 -19.222977
v -41.486336 49.171516 -19.222977
v -41.628166 49.663387 -19.222977
v -41.595177 49.164383 -19.222977
v -41.753059 49.650269 -19.222977
v -41.703606 49.152508 -19.222977
v -41.811409 49.135918 -19.222977
v -41.918388 49.114635 -19.222977
v -42.627289 48.838959 -19.222977
v -42.899193 48.657280 -19.222977
v -42.984261 48.589008 -19.222977
v -43.066265 48.517090 -19.222977
v 25.122711 -5.826105 -19.222973
v 25.340805 -5.821343 -19.222973
v 28.500664 -4.512490 -19.222973
v 28.658241 -4.361639 -19.222973
v 29.218475 -3.693986 -19.222973
v 29.339668 -3.512605 -19.222973
v 29.452843 -3.326104 -19.222973
v 29.557770 -3.134847 -19.222973
v 29.654251 -2.939195 -19.222973
v 29.742111 -2.739518 -19.222973
v 29.821175 -2.536206 -19.222973
v 29.891296 -2.329633 -19.222973
v -38.915268 46.239777 -19.222977
v -38.898674 46.347580 -19.222977
v -38.886803 46.456009 -19.222977
v -38.879669 46.564850 -19.222977
v -38.877289 46.673897 -19.222977
v -38.879669 46.782944 -19.222977
v -49.341919 -3.077123 -19.222973
v -49.242359 -3.264581 -19.222973
v -43.686989 47.630608 -19.222977
v -43.643059 47.730442 -19.222977
v -43.594818 47.828270 -19.222977
v -43.425171 45.239956 -19.222977
v -43.360672 45.151993 -19.222977
v 23.122711 34.173897 -19.222975
v 26.204910 -5.707582 -19.222973
v 26.416801 -5.655733 -19.222973
v 26.626236 -5.594689 -19.222973
v 26.832817 -5.524564 -19.222973
v 27.036125 -5.445500 -19.222973
v 27.235802 -5.357645 -19.222973
v -40.420578 44.364197 -19.222977
v -40.320744 44.408127 -19.222977
v -40.034039 44.565418 -19.222977
v -39.943344 44.626015 -19.222977
v -39.855385 44.690514 -19.222977
v -39.609520 44.906128 -19.222977
v -39.688313 44.830704 -19.222977
v -39.770321 44.758785 -19.222977
v -39.534096 44.984921 -19.222977
v -39.462177 45.066929 -19.222977
v -39.393906 45.151993 -19.222977
v -39.329407 45.239956 -19.222977
v -39.268810 45.330647 -19.222977
v -39.212227 45.423897 -19.222977
v -39.159760 45.519524 -19.222977
v -39.111519 45.617352 -19.222977
v -39.067589 45.717190 -19.222977
v -38.962475 47.320946 -19.222977
v -5.861874 57.142853 -19.222977
v -38.936546 47.214996 -19.222977
v 1.171997 56.864819 -19.222977
v -38.915268 47.108017 -19.222977
v 8.188568 56.298790 -19.222977
v 15.176056 55.445721 -19.222977
v 22.998474 49.650269 -19.222977
v 22.873589 49.663387 -19.222977
v 22.748260 49.671268 -19.222977
v 22.622711 49.673897 -19.222977
v 22.497162 49.671268 -19.222977
v 22.371834 49.663387 -19.222977
v 22.246941 49.650269 -19.222977
v -49.859276 -1.250135 -19.222973
v -49.836792 -1.461194 -19.222973
v -49.805367 -1.671109 -19.222973
v -43.425171 48.107838 -19.222977
v -43.360672 48.195801 -19.222977
v -43.292400 48.280865 -19.222977
v -43.485767 48.017147 -19.222977
v -43.542351 47.923897 -19.222977
v -43.855904 46.347580 -19.222977
v -43.839310 46.239777 -19.222977
v -43.818031 46.132797 -19.222977
v -43.792103 46.026848 -19.222977
v -43.761581 45.922134 -19.222977
v 27.431450 -5.261159 -19.222973
v 27.622711 -5.156232 -19.222973
v 27.809212 -5.043061 -19.222973
v 27.990593 -4.921865 -19.222973
v 28.166519 -4.792871 -19.222973
v 28.336647 -4.656327 -19.222973
v 28.809097 -4.204053 -19.222973
v 28.952934 -4.040040 -19.222973
v 29.089478 -3.869912 -19.222973
v -39.028057 45.818848 -19.222977
v -38.992996 45.922134 -19.222977
v -42.024338 49.088711 -19.222977
v -42.129051 49.058189 -19.222977
v -42.232338 49.023129 -19.222977
v -43.145058 48.441666 -19.222977
v -43.220482 48.362873 -19.222977
v 30.117950 -1.044198 -19.222973
v 30.122711 -0.826104 -19.222973
v -48.487068 -4.285799 -19.222973
v -48.336983 -4.435887 -19.222973
v -48.180664 -4.579465 -19.222973
v -47.128307 -5.290734 -19.222973
v -46.936794 -5.382246 -19.222973
v -46.741570 -5.465550 -19.222973
v -46.542988 -5.540494 -19.222973
v -46.341400 -5.606938 -19.222973
v -46.137177 -5.664770 -19.222973
v -43.726521 47.528946 -19.222977
v -43.761581 47.425659 -19.222977
v -43.792103 47.320946 -19.222977
v -43.818031 47.214996 -19.222977
v -43.839310 47.108017 -19.222977
v -43.855904 47.000214 -19.222977
v -43.726521 45.818848 -19.222977
v -43.686989 45.717190 -19.222977
v -43.643059 45.617352 -19.222977
v -48.897274 -3.799273 -19.222973
v -48.767467 -3.967202 -19.222973
v -48.630653 -4.129479 -19.222973
v -48.018387 -4.716283 -19.222973
v -47.850456 -4.846089 -19.222973
v -47.677162 -4.968652 -19.222973
v -45.930687 -5.713876 -19.222973
v -45.722290 -5.754187 -19.222973
v -42.334000 48.983597 -19.222977
v -42.433834 48.939667 -19.222977
v -42.531662 48.891422 -19.222977
v -43.867775 46.891785 -19.222977
v -43.874908 46.782944 -19.222977
v -43.877289 46.673897 -19.222977
v -43.874908 46.564850 -19.222977
v -43.867775 46.456009 -19.222977
v -49.877289 -0.826104 -19.222973
v -49.872784 -1.038308 -19.222973
v -43.594818 45.519524 -19.222977
v -43.542351 45.423897 -19.222977
v -43.485767 45.330647 -19.222977
v -41.877289 34.173897 -19.222975
v -43.145058 44.906128 -19.222977
v -43.220482 44.984921 -19.222977
v -43.292400 45.066929 -19.222977
v -41.877289 43.715858 -18.222977
v -41.753059 43.697525 -18.222977
v -41.628166 43.684406 -18.222977
v -41.502838 43.676525 -18.222977
v -41.377289 43.673897 -18.222977
v -41.251740 43.676525 -18.222977
v -41.126411 43.684406 -18.222977
v -41.001522 43.697525 -18.222977
v 22.122711 43.715858 -18.222977
v 22.122711 34.173897 -18.222975
v 22.246941 43.697525 -18.222977
v 22.748260 43.676525 -18.222977
v 22.873589 43.684406 -18.222977
v 23.122711 34.173897 -18.222975
v 22.998474 43.697525 -18.222977
v 23.122711 43.715858 -18.222977
v 22.371834 43.684406 -18.222977
v 22.497162 43.676525 -18.222977
v 22.622711 43.673897 -18.222977
v -41.877289 -18.826105 -18.222971
v 22.246941 49.650269 -18.222977
v 22.122711 49.631935 -18.222977
v 22.122711 53.173897 -18.222977
v 22.371834 49.663387 -18.222977
v 23.122711 49.631935 -18.222977
v 22.998474 49.650269 -18.222977
v 23.122711 53.173897 -18.222977
v 22.873589 49.663387 -18.222977
v 22.748260 49.671268 -18.222977
v 22.622711 49.673897 -18.222977
v 22.497162 49.671268 -18.222977
v 39.973709 -18.826103 -0.622971
v 23.122711 -18.826103 -0.622971
v 36.006500 51.137630 -0.622976
v 29.593307 52.752335 -0.622976
v 23.122711 54.118946 -0.622976
v -58.877289 -16.826103 -12.222972
v -58.877289 -18.826103 -12.222972
v -61.877289 -18.826105 -14.972972
v 40.622711 -18.826103 -12.222972
v 43.622711 -18.826105 -14.972972
v 48.267738 -18.826103 -8.023623
v 48.148224 -18.826103 -7.655365
v 22.122711 -18.826103 -1.622971
v 48.012978 -18.826103 -7.292593
v 47.862259 -18.826103 -6.935971
v 47.696342 -18.826103 -6.586163
v -59.337296 -18.826103 -1.731978
v 48.584549 -18.826103 -9.537693
v 48.529861 -18.826103 -9.154412
v 47.110603 -18.826103 -5.584012
v 46.887230 -18.826103 -5.267781
v 41.082718 -18.826103 -1.731978
v -53.377289 -18.826103 -12.222972
v 48.458733 -18.826103 -8.773838
v 48.371307 -18.826103 -8.396675
v 47.515526 -18.826103 -6.243813
v 47.320160 -18.826103 -5.909555
v 35.122711 -18.826103 -12.222972
v 23.122711 -18.826103 -1.622971
v 22.122711 -18.826105 -18.222971
v 22.122711 -18.826105 -19.222971
v -62.586151 -18.826103 -2.930886
v -62.912392 -18.826103 -3.139364
v -63.229362 -18.826103 -3.361681
v -63.536480 -18.826103 -3.597424
v 44.974785 -18.826103 -3.361681
v 44.657814 -18.826103 -3.139364
v 44.331573 -18.826103 -2.930886
v 43.996674 -18.826103 -2.736629
v 43.653725 -18.826103 -2.556960
v 43.303368 -18.826103 -2.392203
v 42.946243 -18.826103 -2.242669
v 42.583023 -18.826103 -2.108629
v 42.214371 -18.826103 -1.990340
v -66.267555 -18.826103 -7.292593
v -66.402802 -18.826103 -7.655365
v -66.713310 -18.826103 -8.773838
v -66.784439 -18.826103 -9.154412
v -66.839134 -18.826103 -9.537693
v 46.138542 -18.826103 -4.380733
v 45.864319 -18.826103 -4.107422
v 41.840981 -18.826103 -1.888011
v 41.463524 -18.826103 -1.801839
v -59.718102 -18.826103 -1.801839
v -60.095554 -18.826103 -1.888011
v -60.468952 -18.826103 -1.990340
v -60.837601 -18.826103 -2.108629
v -61.200821 -18.826103 -2.242669
v -61.557941 -18.826103 -2.392203
v -61.908302 -18.826103 -2.556960
v -62.251247 -18.826103 -2.736629
v -64.393112 -18.826103 -4.380733
v -64.655327 -18.826103 -4.665585
v -64.905045 -18.826103 -4.961450
v -65.141808 -18.826103 -5.267781
v 46.650475 -18.826103 -4.961450
v 46.400749 -18.826103 -4.665585
v 45.578590 -18.826103 -3.846159
v 45.281906 -18.826103 -3.597424
v -63.833176 -18.826103 -3.846159
v -64.118896 -18.826103 -4.107422
v -65.365181 -18.826103 -5.584012
v -65.574738 -18.826103 -5.909555
v -65.770103 -18.826103 -6.243813
v -66.522316 -18.826103 -8.023623
v -66.625885 -18.826103 -8.396675
v -65.950920 -18.826103 -6.586163
v -66.116837 -18.826103 -6.935971
v 22.122711 -5.826105 -18.222973
v 45.478638 48.262192 -5.511319
v 22.122711 -5.826105 -19.222973
v 22.122711 53.173897 -1.622976
v -41.877289 34.173897 -18.222975
v -38.886803 46.891785 -17.222977
v -38.879669 46.782944 -17.222977
v -41.377289 46.673897 -17.222977
v -38.877289 46.673897 -17.222977
v -38.879669 46.564850 -17.222977
v -38.936546 47.214996 -17.222977
v -38.915268 47.108017 -17.222977
v -38.898674 47.000214 -17.222977
v -39.028057 47.528946 -17.222977
v -38.992996 47.425659 -17.222977
v -38.962475 47.320946 -17.222977
v -39.159760 47.828270 -17.222977
v -39.111519 47.730442 -17.222977
v -39.067589 47.630608 -17.222977
v -39.329407 48.107838 -17.222977
v -39.268810 48.017147 -17.222977
v -39.212227 47.923897 -17.222977
v -39.534096 48.362873 -17.222977
v -39.462177 48.280865 -17.222977
v -39.393906 48.195801 -17.222977
v -39.770321 48.589008 -17.222977
v -39.688313 48.517090 -17.222977
v -39.609520 48.441666 -17.222977
v -40.034039 48.782375 -17.222977
v -39.943344 48.721779 -17.222977
v -39.855385 48.657280 -17.222977
v -40.320744 48.939667 -17.222977
v -40.222916 48.891422 -17.222977
v -40.127289 48.838959 -17.222977
v -40.625526 49.058189 -17.222977
v -40.522240 49.023129 -17.222977
v -40.420578 48.983597 -17.222977
v -40.943169 49.135918 -17.222977
v -40.836189 49.114635 -17.222977
v -40.730240 49.088711 -17.222977
v -41.268242 49.171516 -17.222977
v -41.159401 49.164383 -17.222977
v -41.050972 49.152508 -17.222977
v -41.595177 49.164383 -17.222977
v -41.486336 49.171516 -17.222977
v -41.377289 49.173897 -17.222977
v -41.918388 49.114635 -17.222977
v -41.811409 49.135918 -17.222977
v -41.703606 49.152508 -17.222977
v -42.232338 49.023129 -17.222977
v -42.129051 49.058189 -17.222977
v -42.024338 49.088711 -17.222977
v -42.531662 48.891422 -17.222977
v -42.433834 48.939667 -17.222977
v -42.334000 48.983597 -17.222977
v -42.811230 48.721779 -17.222977
v -42.720535 48.782375 -17.222977
v -42.627289 48.838959 -17.222977
v -43.066265 48.517090 -17.222977
v -42.984261 48.589008 -17.222977
v -42.899193 48.657280 -17.222977
v -43.292400 48.280865 -17.222977
v -43.220482 48.362873 -17.222977
v -43.145058 48.441666 -17.222977
v -43.485767 48.017147 -17.222977
v -43.425171 48.107838 -17.222977
v -43.360672 48.195801 -17.222977
v -43.643059 47.730442 -17.222977
v -43.594818 47.828270 -17.222977
v -43.542351 47.923897 -17.222977
v -43.761581 47.425659 -17.222977
v -43.726521 47.528946 -17.222977
v -43.686989 47.630608 -17.222977
v -43.839310 47.108017 -17.222977
v -43.818031 47.214996 -17.222977
v -43.792103 47.320946 -17.222977
v -43.874908 46.782944 -17.222977
v -43.867775 46.891785 -17.222977
v -43.855904 47.000214 -17.222977
v -43.867775 46.456009 -17.222977
v -43.874908 46.564850 -17.222977
v -43.877289 46.673897 -17.222977
v -43.818031 46.132797 -17.222977
v -43.839310 46.239777 -17.222977
v -43.855904 46.347580 -17.222977
v -43.726521 45.818848 -17.222977
v -43.761581 45.922134 -17.222977
v -43.792103 46.026848 -17.222977
v -43.594818 45.519524 -17.222977
v -43.643059 45.617352 -17.222977
v -43.686989 45.717190 -17.222977
v -43.425171 45.239956 -17.222977
v -43.485767 45.330647 -17.222977
v -43.542351 45.423897 -17.222977
v -43.220482 44.984921 -17.222977
v -43.292400 45.066929 -17.222977
v -43.360672 45.151993 -17.222977
v -42.984261 44.758785 -17.222977
v -43.066265 44.830704 -17.222977
v -43.145058 44.906128 -17.222977
v -42.720535 44.565418 -17.222977
v -42.811230 44.626015 -17.222977
v -42.899193 44.690514 -17.222977
v -42.433834 44.408127 -17.222977
v -42.531662 44.456367 -17.222977
v -42.627289 44.508835 -17.222977
v -42.129051 44.289604 -17.222977
v -42.232338 44.324665 -17.222977
v -42.334000 44.364197 -17.222977
v -41.811409 44.211876 -17.222977
v -41.918388 44.233154 -17.222977
v -42.024338 44.259083 -17.222977
v -41.486336 44.176277 -17.222977
v -41.595177 44.183411 -17.222977
v -41.703606 44.195282 -17.222977
v -41.159401 44.183411 -17.222977
v -41.268242 44.176277 -17.222977
v -41.377289 44.173897 -17.222977
v -40.836189 44.233154 -17.222977
v -40.943169 44.211876 -17.222977
v -41.050972 44.195282 -17.222977
v -40.522240 44.324665 -17.222977
v -40.625526 44.289604 -17.222977
v -40.730240 44.259083 -17.222977
v -40.222916 44.456367 -17.222977
v -40.320744 44.408127 -17.222977
v -40.420578 44.364197 -17.222977
v -39.943344 44.626015 -17.222977
v -40.034039 44.565418 -17.222977
v -40.127289 44.508835 -17.222977
v -39.688313 44.830704 -17.222977
v -39.770321 44.758785 -17.222977
v -39.855385 44.690514 -17.222977
v -39.462177 45.066929 -17.222977
v -39.534096 44.984921 -17.222977
v -39.609520 44.906128 -17.222977
v -39.268810 45.330647 -17.222977
v -39.329407 45.239956 -17.222977
v -39.393906 45.151993 -17.222977
v -39.111519 45.617352 -17.222977
v -39.159760 45.519524 -17.222977
v -39.212227 45.423897 -17.222977
v -38.992996 45.922134 -17.222977
v -39.028057 45.818848 -17.222977
v -39.067589 45.717190 -17.222977
v -38.915268 46.239777 -17.222977
v -38.936546 46.132797 -17.222977
v -38.962475 46.026848 -17.222977
v -38.886803 46.456009 -17.222977
v -38.898674 46.347580 -17.222977
v 23.122711 53.173897 -1.622976
v -53.377289 -16.826103 -12.222972
v -35.377289 -8.326103 -0.722972
v -35.372532 -8.544205 -0.722972
v -35.358261 -8.761879 -0.722972
v -35.334515 -8.978737 -0.722972
v -35.301327 -9.194351 -0.722972
v -35.258766 -9.408302 -0.722972
v -35.206917 -9.620201 -0.722972
v -35.145874 -9.829628 -0.722972
v -35.075752 -10.036201 -0.722972
v -34.996689 -10.239525 -0.722972
v -34.908829 -10.439194 -0.722972
v -34.812344 -10.634842 -0.722972
v -34.707413 -10.826103 -0.722972
v -34.594246 -11.012604 -0.722972
v -34.473049 -11.193985 -0.722972
v -34.344055 -11.369911 -0.722972
v -34.207508 -11.540047 -0.722972
v -34.063675 -11.704056 -0.722972
v -33.912823 -11.861641 -0.722972
v -33.755241 -12.012489 -0.722972
v -33.591228 -12.156326 -0.722972
v -33.421097 -12.292870 -0.722972
v -33.245171 -12.421867 -0.722972
v -33.063786 -12.543060 -0.722972
v -32.877289 -12.656227 -0.722972
v -32.686031 -12.761154 -0.722972
v -32.490379 -12.857643 -0.722972
v -32.290707 -12.945496 -0.722972
v -32.087391 -13.024567 -0.722972
v -31.880817 -13.094688 -0.722972
v -31.671383 -13.155731 -0.722972
v -31.459488 -13.207581 -0.722972
v -31.245529 -13.250137 -0.722972
v -31.029919 -13.283333 -0.722972
v -30.813065 -13.307076 -0.722972
v -30.595387 -13.321342 -0.722972
v -30.377289 -13.326103 -0.722972
v -59.337296 6.173897 -1.731979
v -59.718102 6.173897 -1.801840
v -60.095554 6.173897 -1.888013
v -60.468952 6.173897 -1.990341
v -60.837601 6.173897 -2.108631
v -61.200821 6.173897 -2.242671
v -61.557941 6.173897 -2.392205
v -61.908302 6.173897 -2.556962
v -62.251247 6.173897 -2.736631
v -62.586151 6.173897 -2.930887
v -62.912392 6.173897 -3.139366
v -63.229362 6.173896 -3.361683
v -63.536480 6.173896 -3.597425
v -63.833176 6.173896 -3.846160
v -64.118896 6.173896 -4.107424
v -64.393112 6.173896 -4.380734
v -64.655327 6.173896 -4.665586
v -64.905045 6.173896 -4.961452
v -65.141808 6.173896 -5.267783
v -65.365181 6.173896 -5.584013
v -65.574738 6.173896 -5.909557
v -65.770103 6.173896 -6.243814
v -65.950920 6.173896 -6.586164
v -66.116837 6.173896 -6.935973
v -66.267555 6.173896 -7.292594
v -66.402802 6.173896 -7.655367
v -66.522316 6.173896 -8.023623
v -66.625885 6.173896 -8.396676
v -66.713310 6.173896 -8.773839
v -66.784439 6.173896 -9.154413
v -66.839134 6.173896 -9.537694
v 11.622711 -13.326103 -0.722972
v 11.834915 -13.321594 -0.722972
v 12.046738 -13.308090 -0.722972
v 12.257805 -13.285606 -0.722972
v 12.467712 -13.254181 -0.722972
v 12.676109 -13.213875 -0.722972
v 12.882599 -13.164772 -0.722972
v 13.086830 -13.106941 -0.722972
v 13.288414 -13.040497 -0.722972
v 13.486992 -12.965546 -0.722972
v 13.682220 -12.882240 -0.722972
v 13.873726 -12.790733 -0.722972
v 14.061188 -12.691170 -0.722972
v 14.244247 -12.583748 -0.722972
v 14.422585 -12.468651 -0.722972
v 14.595879 -12.346092 -0.722972
v 14.763809 -12.216278 -0.722972
v 14.926086 -12.079468 -0.722972
v 15.082405 -11.935883 -0.722972
v 15.232491 -11.785797 -0.722972
v 15.376068 -11.629471 -0.722972
v 15.512894 -11.467201 -0.722972
v 15.642700 -11.299271 -0.722972
v 15.765259 -11.125977 -0.722972
v 15.880356 -10.947639 -0.722972
v 15.987785 -10.764580 -0.722972
v 16.087341 -10.577126 -0.722972
v 16.178856 -10.385605 -0.722972
v 16.262154 -10.190384 -0.722972
v 16.337097 -9.991806 -0.722972
v 16.403542 -9.790215 -0.722972
v 16.461372 -9.585999 -0.722972
v 16.510490 -9.379501 -0.722972
v 16.550789 -9.171112 -0.722972
v 16.582214 -8.961189 -0.722972
v 16.604698 -8.750130 -0.722972
v 16.618210 -8.538307 -0.722972
v 16.622711 -8.326103 -0.722972
v 16.622711 44.667656 -0.722976
v 16.617241 44.918587 -0.722976
v 16.600838 45.169044 -0.722976
v 16.573524 45.418545 -0.722976
v 16.535362 45.666618 -0.722976
v 16.486427 45.912796 -0.722976
v 16.426804 46.156601 -0.722976
v 16.356613 46.397579 -0.722977
v 16.275970 46.635265 -0.722977
v 16.185051 46.869213 -0.722977
v 16.084023 47.098972 -0.722977
v 15.973076 47.324112 -0.722977
v 15.852417 47.544197 -0.722977
v 15.722275 47.758812 -0.722977
v 15.582909 47.967552 -0.722977
v 15.434563 48.170021 -0.722977
v 15.277542 48.365829 -0.722977
v 15.112137 48.554604 -0.722977
v 14.938644 48.735989 -0.722977
v 14.757423 48.909637 -0.722977
v 14.568802 49.075222 -0.722977
v 14.373138 49.232426 -0.722977
v 14.170807 49.380951 -0.722977
v 13.962196 49.520515 -0.722977
v 13.747704 49.650852 -0.722977
v 13.527725 49.771713 -0.722977
v 13.302689 49.882874 -0.722977
v 13.073021 49.984116 -0.722977
v 12.839157 50.075249 -0.722977
v 12.601540 50.156097 -0.722977
v 12.360634 50.226517 -0.722977
v 12.116882 50.286362 -0.722977
v 11.870750 50.335526 -0.722977
v 11.622711 50.373913 -0.722977
v 4.642410 51.102688 -0.722977
v -2.362419 51.536209 -0.722977
v -9.379307 51.673706 -0.722977
v -16.395744 51.514935 -0.722977
v -23.399235 51.060181 -0.722977
v -30.377289 50.310249 -0.722977
v -30.625523 50.271156 -0.722977
v -30.871822 50.221298 -0.722977
v -31.115719 50.160774 -0.722977
v -31.356750 50.089695 -0.722977
v -31.594460 50.008194 -0.722977
v -31.828400 49.916424 -0.722977
v -32.058125 49.814564 -0.722977
v -32.283199 49.702805 -0.722977
v -32.503197 49.581360 -0.722977
v -32.717705 49.450455 -0.722977
v -32.926308 49.310341 -0.722977
v -33.128620 49.161282 -0.722977
v -33.324253 49.003563 -0.722977
v -33.512844 48.837479 -0.722977
v -33.694023 48.663345 -0.722977
v -33.867458 48.481495 -0.722977
v -34.032814 48.292267 -0.722977
v -34.189777 48.096027 -0.722977
v -34.338055 47.893143 -0.722977
v -34.477367 47.683998 -0.722977
v -34.607441 47.468990 -0.722977
v -34.728043 47.248524 -0.722977
v -34.838932 47.023022 -0.722977
v -34.939903 46.792908 -0.722977
v -35.030773 46.558617 -0.722977
v -35.111355 46.320595 -0.722977
v -35.181511 46.079288 -0.722976
v -35.241089 45.835163 -0.722976
v -35.290001 45.588673 -0.722976
v -35.328133 45.340286 -0.722976
v -35.355423 45.090481 -0.722976
v -35.371819 44.839722 -0.722976
v -35.377289 44.588486 -0.722976
v 43.622711 -11.826104 -14.972972
v -61.877289 -11.826104 -14.972972
v 48.584549 6.173896 -9.537694
v 41.082718 6.173897 -1.731979
v 41.463524 6.173897 -1.801840
v 42.946243 6.173897 -2.242671
v 42.583023 6.173897 -2.108631
v 42.214371 6.173897 -1.990341
v 41.840981 6.173897 -1.888013
v 48.529861 6.173896 -9.154413
v 48.458733 6.173896 -8.773839
v 48.371307 6.173896 -8.396676
v 48.267738 6.173896 -8.023623
v 48.148224 6.173896 -7.655367
v 48.012978 6.173896 -7.292594
v 47.862259 6.173896 -6.935973
v 47.696342 6.173896 -6.586164
v 47.515526 6.173896 -6.243814
v 47.320160 6.173896 -5.909557
v 47.110603 6.173896 -5.584013
v 46.887230 6.173896 -5.267783
v 46.650475 6.173896 -4.961452
v 46.400749 6.173896 -4.665586
v 46.138542 6.173896 -4.380734
v 45.864319 6.173896 -4.107424
v 45.578590 6.173896 -3.846160
v 45.281906 6.173896 -3.597425
v 44.974785 6.173896 -3.361683
v 44.657814 6.173897 -3.139366
v 44.331573 6.173897 -2.930887
v 43.996674 6.173897 -2.736631
v 43.653725 6.173897 -2.556962
v 43.303368 6.173897 -2.392205
v 40.622711 -16.826103 -12.222972
v 35.122711 -16.826103 -12.222972
vn -0.0000 -0.0000 -1.0000
vn 0.0001 -0.0000 -1.0000
vn -0.0001 -0.0000 -1.0000
vn 0.9998 -0.0219 -0.0000
vn 0.9998 -0.0218 -0.0000
vn 0.9979 -0.0654 -0.0000
vn 0.9941 -0.1089 -0.0000
vn 0.9884 -0.1521 -0.0000
vn 0.9808 -0.1951 -0.0000
vn 0.9713 -0.2377 -0.0000
vn 0.9601 -0.2798 -0.0000
vn 0.9600 -0.2798 -0.0000
vn 0.9469 -0.3214 -0.0000
vn 0.9469 -0.3215 -0.0000
vn 0.9320 -0.3624 -0.0000
vn 0.9153 -0.4027 -0.0000
vn 0.9153 -0.4028 -0.0000
vn 0.8969 -0.4423 -0.0000
vn 0.8767 -0.4810 -0.0000
vn 0.8549 -0.5188 -0.0000
vn 0.8315 -0.5556 -0.0000
vn 0.8065 -0.5913 -0.0000
vn 0.8064 -0.5913 -0.0000
vn 0.7799 -0.6259 -0.0000
vn 0.7518 -0.6593 -0.0000
vn 0.7224 -0.6915 -0.0000
vn 0.6915 -0.7224 -0.0000
vn 0.6594 -0.7518 -0.0000
vn 0.6593 -0.7518 -0.0000
vn 0.6593 -0.7519 -0.0000
vn 0.6259 -0.7799 -0.0000
vn 0.5913 -0.8064 -0.0000
vn 0.5913 -0.8065 -0.0000
vn 0.5556 -0.8315 -0.0000
vn 0.5188 -0.8549 -0.0000
vn 0.4810 -0.8767 -0.0000
vn 0.4423 -0.8969 -0.0000
vn 0.4028 -0.9153 -0.0000
vn 0.4027 -0.9153 -0.0000
vn 0.3624 -0.9320 -0.0000
vn 0.3215 -0.9469 -0.0000
vn 0.3214 -0.9469 -0.0000
vn 0.2798 -0.9601 -0.0000
vn 0.2377 -0.9713 -0.0000
vn 0.1951 -0.9808 -0.0000
vn 0.1521 -0.9884 -0.0000
vn 0.1089 -0.9941 -0.0000
vn 0.0654 -0.9979 -0.0000
vn 0.0218 -0.9998 -0.0000
vn -0.0000 -1.0000 -0.0000
vn -0.0000 -0.0000 1.0000
vn -0.0212 -0.9998 -0.0000
vn -0.0636 -0.9980 -0.0000
vn -0.1059 -0.9944 -0.0000
vn -0.1480 -0.9890 -0.0000
vn -0.1899 -0.9818 -0.0000
vn -0.2314 -0.9729 -0.0000
vn -0.2725 -0.9622 -0.0000
vn -0.3131 -0.9497 -0.0000
vn -0.3531 -0.9356 -0.0000
vn -0.3925 -0.9198 -0.0000
vn -0.4311 -0.9023 -0.0000
vn -0.4691 -0.8832 -0.0000
vn -0.5061 -0.8625 -0.0000
vn -0.5423 -0.8402 -0.0000
vn -0.5774 -0.8164 -0.0000
vn -0.5774 -0.8165 -0.0000
vn -0.6116 -0.7912 -0.0000
vn -0.6446 -0.7645 -0.0000
vn -0.6765 -0.7365 -0.0000
vn -0.7071 -0.7071 -0.0000
vn -0.7365 -0.6765 -0.0000
vn -0.7645 -0.6446 -0.0000
vn -0.7912 -0.6115 -0.0000
vn -0.7912 -0.6116 -0.0000
vn -0.8164 -0.5774 -0.0000
vn -0.8164 -0.5775 -0.0000
vn -0.8402 -0.5423 -0.0000
vn -0.8625 -0.5061 -0.0000
vn -0.8832 -0.4690 -0.0000
vn -0.8832 -0.4691 -0.0000
vn -0.9023 -0.4311 -0.0000
vn -0.9023 -0.4312 -0.0000
vn -0.9198 -0.3925 -0.0000
vn -0.9356 -0.3530 -0.0000
vn -0.9356 -0.3531 -0.0000
vn -0.9497 -0.3131 -0.0000
vn -0.9622 -0.2725 -0.0000
vn -0.9729 -0.2313 -0.0000
vn -0.9729 -0.2314 -0.0000
vn -0.9818 -0.1899 -0.0000
vn -0.9818 -0.1900 -0.0000
vn -0.9890 -0.1480 -0.0000
vn -0.9944 -0.1059 -0.0000
vn -0.9980 -0.0636 -0.0000
vn -0.9980 -0.0637 -0.0000
vn -0.9998 -0.0212 -0.0000
vn 1.0000 -0.0000 -0.0000
vn 0.0938 -0.0000 0.9956
vn 0.1363 -0.0000 0.9907
vn 0.1786 -0.0000 0.9839
vn 0.2205 -0.0000 0.9754
vn 0.2621 -0.0000 0.9651
vn 0.3031 -0.0000 0.9530
vn 0.3436 -0.0000 0.9391
vn 0.3835 -0.0000 0.9235
vn 0.4227 -0.0000 0.9063
vn 0.4611 -0.0000 0.8874
vn 0.4986 -0.0000 0.8668
vn 0.5353 -0.0000 0.8447
vn 0.5709 -0.0000 0.8210
vn 0.6055 -0.0000 0.7958
vn 0.6390 -0.0000 0.7692
vn 0.6714 -0.0000 0.7411
vn 0.7025 -0.0000 0.7117
vn 0.7323 -0.0000 0.6810
vn 0.7607 -0.0000 0.6491
vn 0.7878 -0.0000 0.6159
vn 0.8135 -0.0000 0.5816
vn 0.8376 -0.0000 0.5463
vn 0.8602 -0.0000 0.5099
vn 0.8618 -0.0000 0.5072
vn 0.8641 -0.0000 0.5034
vn 0.8656 -0.0001 0.5007
vn 0.8547 -0.0000 0.5191
vn 0.9040 -0.0000 0.4276
vn 0.9007 -0.0000 0.4345
vn 0.9020 -0.0000 0.4317
vn 0.9053 -0.0001 0.4249
vn 0.8960 -0.0000 0.4441
vn 0.8812 -0.0000 0.4727
vn 0.8827 -0.0000 0.4700
vn 0.8848 -0.0000 0.4660
vn 0.8863 -0.0001 0.4632
vn 0.8761 -0.0000 0.4821
vn 0.9372 -0.0000 0.3488
vn 0.9345 -0.0000 0.3559
vn 0.9356 -0.0000 0.3530
vn 0.9383 -0.0001 0.3459
vn 0.9307 -0.0000 0.3659
vn 0.9184 -0.0000 0.3956
vn 0.9197 -0.0000 0.3927
vn 0.9214 -0.0000 0.3887
vn 0.9226 -0.0001 0.3857
vn 0.9142 -0.0000 0.4054
vn 0.9636 -0.0000 0.2675
vn 0.9615 -0.0000 0.2747
vn 0.9624 -0.0000 0.2717
vn 0.9644 -0.0001 0.2644
vn 0.9585 -0.0000 0.2850
vn 0.9489 -0.0000 0.3156
vn 0.9499 -0.0000 0.3126
vn 0.9513 -0.0000 0.3084
vn 0.9522 -0.0001 0.3054
vn 0.9455 -0.0000 0.3257
vn 0.9829 -0.0000 0.1840
vn 0.9815 -0.0000 0.1914
vn 0.9821 -0.0000 0.1884
vn 0.9835 -0.0001 0.1809
vn 0.9794 -0.0000 0.2019
vn 0.9724 -0.0000 0.2333
vn 0.9731 -0.0000 0.2303
vn 0.9741 -0.0000 0.2259
vn 0.9748 -0.0001 0.2229
vn 0.9699 -0.0000 0.2437
vn 0.9951 -0.0000 0.0993
vn 0.9943 -0.0000 0.1068
vn 0.9946 -0.0000 0.1037
vn 0.9954 -0.0001 0.0962
vn 0.9931 -0.0000 0.1175
vn 0.9888 -0.0000 0.1493
vn 0.9893 -0.0000 0.1462
vn 0.9899 -0.0000 0.1416
vn 0.9903 -0.0001 0.1387
vn 0.9871 -0.0000 0.1599
vn 0.9999 -0.0000 0.0138
vn 0.9998 -0.0000 0.0214
vn 0.9998 -0.0001 0.0183
vn 0.9999 -0.0001 0.0107
vn 0.9995 -0.0000 0.0321
vn 0.9979 -0.0000 0.0642
vn 0.9981 -0.0000 0.0610
vn 0.9984 -0.0000 0.0567
vn 0.9986 -0.0001 0.0535
vn 0.9972 -0.0000 0.0748
vn -1.0000 -0.0000 -0.0000
vn -1.0000 -0.0000 0.0054
vn -1.0000 -0.0000 0.0053
vn -0.0218 -0.9998 -0.0000
vn -0.0654 -0.9979 -0.0000
vn -0.1089 -0.9941 -0.0000
vn -0.1521 -0.9884 -0.0000
vn -0.1951 -0.9808 -0.0000
vn -0.2377 -0.9713 -0.0000
vn -0.2798 -0.9600 -0.0000
vn -0.3214 -0.9469 -0.0000
vn -0.3624 -0.9320 -0.0000
vn -0.4027 -0.9153 -0.0000
vn -0.4423 -0.8969 -0.0000
vn -0.4810 -0.8767 -0.0000
vn -0.5188 -0.8549 -0.0000
vn -0.5555 -0.8315 -0.0000
vn -0.5913 -0.8064 -0.0000
vn -0.6259 -0.7799 -0.0000
vn -0.6593 -0.7518 -0.0000
vn -0.6915 -0.7224 -0.0000
vn -0.7223 -0.6915 -0.0000
vn -0.7518 -0.6594 -0.0000
vn -0.7799 -0.6259 -0.0000
vn -0.8065 -0.5913 -0.0000
vn -0.8314 -0.5556 -0.0000
vn -0.8549 -0.5188 -0.0000
vn -0.8767 -0.4810 -0.0000
vn -0.8969 -0.4423 -0.0000
vn -0.9153 -0.4028 -0.0000
vn -0.9320 -0.3624 -0.0000
vn -0.9469 -0.3215 -0.0000
vn -0.9600 -0.2799 -0.0000
vn -0.9714 -0.2376 -0.0000
vn -0.9808 -0.1951 -0.0000
vn -0.9884 -0.1521 -0.0000
vn -0.9941 -0.1089 -0.0000
vn -0.9979 -0.0654 -0.0000
vn -0.9998 -0.0218 -0.0000
vn -0.9998 0.0218 -0.0000
vn -0.9979 0.0654 -0.0000
vn -0.9941 0.1089 -0.0000
vn -0.9884 0.1521 -0.0000
vn -0.9808 0.1951 -0.0000
vn -0.9714 0.2376 -0.0000
vn -0.9600 0.2799 -0.0000
vn -0.9469 0.3215 -0.0000
vn -0.9320 0.3624 -0.0000
vn -0.9153 0.4027 -0.0000
vn -0.8969 0.4423 -0.0000
vn -0.8767 0.4810 -0.0000
vn -0.8549 0.5188 -0.0000
vn -0.8314 0.5556 -0.0000
vn -0.8065 0.5913 -0.0000
vn -0.7799 0.6259 -0.0000
vn -0.7518 0.6594 -0.0000
vn -0.7223 0.6915 -0.0000
vn -0.6915 0.7224 -0.0000
vn -0.6593 0.7518 -0.0000
vn -0.6259 0.7799 -0.0000
vn -0.5913 0.8064 -0.0000
vn -0.5555 0.8315 -0.0000
vn -0.5188 0.8549 -0.0000
vn -0.4810 0.8767 -0.0000
vn -0.4423 0.8969 -0.0000
vn -0.4027 0.9153 -0.0000
vn -0.3624 0.9320 -0.0000
vn -0.3214 0.9469 -0.0000
vn -0.2798 0.9600 -0.0000
vn -0.2377 0.9713 -0.0000
vn -0.1951 0.9808 -0.0000
vn -0.1521 0.9884 -0.0000
vn -0.1088 0.9941 -0.0000
vn -0.0654 0.9979 -0.0000
vn -0.0218 0.9998 -0.0000
vn 0.0218 0.9998 -0.0000
vn 0.0654 0.9979 -0.0000
vn 0.1088 0.9941 -0.0000
vn 0.1521 0.9884 -0.0000
vn 0.1951 0.9808 -0.0000
vn 0.2377 0.9713 -0.0000
vn 0.2798 0.9600 -0.0000
vn 0.3214 0.9469 -0.0000
vn 0.3624 0.9320 -0.0000
vn 0.4027 0.9153 -0.0000
vn 0.4423 0.8969 -0.0000
vn 0.4810 0.8767 -0.0000
vn 0.5188 0.8549 -0.0000
vn 0.5555 0.8315 -0.0000
vn 0.5913 0.8064 -0.0000
vn 0.6259 0.7799 -0.0000
vn 0.6593 0.7518 -0.0000
vn 0.6915 0.7224 -0.0000
vn 0.7224 0.6915 -0.0000
vn 0.7519 0.6593 -0.0000
vn 0.7799 0.6259 -0.0000
vn 0.8064 0.5913 -0.0000
vn 0.8315 0.5556 -0.0000
vn 0.8549 0.5187 -0.0000
vn 0.8767 0.4810 -0.0000
vn 0.8969 0.4423 -0.0000
vn 0.9153 0.4027 -0.0000
vn 0.9320 0.3625 -0.0000
vn 0.9469 0.3214 -0.0000
vn 0.9601 0.2798 -0.0000
vn 0.9713 0.2377 -0.0000
vn 0.9808 0.1951 -0.0000
vn 0.9884 0.1521 -0.0000
vn 0.9941 0.1088 -0.0000
vn 0.9979 0.0654 -0.0000
vn 0.9998 0.0218 -0.0000
vn 0.9941 -0.1088 -0.0000
vn 0.8549 -0.5187 -0.0000
vn 0.7519 -0.6593 -0.0000
vn 0.5555 -0.8315 -0.0000
vn 0.4423 -0.8968 -0.0000
vn 0.2798 -0.9600 -0.0000
vn -0.9998 -0.0000 0.0214
vn -0.9997 -0.0000 0.0245
vn -0.9996 -0.0000 0.0290
vn -0.9995 -0.0001 0.0321
vn -0.9999 -0.0000 0.0107
vn -0.9934 -0.0000 0.1144
vn -0.9943 -0.0000 0.1068
vn -0.9939 -0.0000 0.1099
vn -0.9931 -0.0001 0.1175
vn -0.9954 -0.0000 0.0962
vn -0.9979 -0.0000 0.0642
vn -0.9977 -0.0000 0.0673
vn -0.9974 -0.0000 0.0718
vn -0.9972 -0.0001 0.0749
vn -0.9986 -0.0000 0.0535
vn -0.9800 -0.0000 0.1988
vn -0.9815 -0.0000 0.1915
vn -0.9809 -0.0000 0.1945
vn -0.9794 -0.0001 0.2020
vn -0.9835 -0.0000 0.1809
vn -0.9888 -0.0000 0.1493
vn -0.9883 -0.0000 0.1524
vn -0.9876 -0.0000 0.1568
vn -0.9871 -0.0001 0.1599
vn -0.9903 -0.0000 0.1387
vn -0.9594 -0.0000 0.2820
vn -0.9615 -0.0000 0.2747
vn -0.9607 -0.0000 0.2777
vn -0.9585 -0.0001 0.2849
vn -0.9644 -0.0000 0.2644
vn -0.9724 -0.0000 0.2333
vn -0.9717 -0.0000 0.2363
vn -0.9706 -0.0000 0.2407
vn -0.9699 -0.0001 0.2437
vn -0.9749 -0.0000 0.2228
vn -0.9318 -0.0000 0.3630
vn -0.9345 -0.0000 0.3559
vn -0.9334 -0.0000 0.3588
vn -0.9306 -0.0001 0.3659
vn -0.9383 -0.0000 0.3459
vn -0.9489 -0.0000 0.3156
vn -0.9479 -0.0000 0.3185
vn -0.9465 -0.0000 0.3227
vn -0.9455 -0.0001 0.3257
vn -0.9522 -0.0000 0.3054
vn -0.8974 -0.0000 0.4413
vn -0.9007 -0.0000 0.4345
vn -0.8993 -0.0000 0.4373
vn -0.8960 -0.0001 0.4441
vn -0.9053 -0.0000 0.4249
vn -0.9184 -0.0000 0.3955
vn -0.9172 -0.0000 0.3985
vn -0.9154 -0.0000 0.4025
vn -0.9141 -0.0001 0.4054
vn -0.9226 -0.0000 0.3857
vn -0.8586 -0.0000 0.5126
vn -0.8547 -0.0001 0.5191
vn -0.8563 -0.0000 0.5164
vn -0.8656 -0.0000 0.5007
vn -0.8812 -0.0000 0.4727
vn -0.8798 -0.0000 0.4754
vn -0.8776 -0.0000 0.4793
vn -0.8761 -0.0001 0.4821
vn -0.8863 -0.0000 0.4632
vn -0.8602 -0.0000 0.5099
vn -0.8376 -0.0000 0.5463
vn -0.8135 -0.0000 0.5816
vn -0.7878 -0.0000 0.6159
vn -0.7607 -0.0000 0.6491
vn -0.7323 -0.0000 0.6810
vn -0.7025 -0.0000 0.7117
vn -0.6714 -0.0000 0.7411
vn -0.6390 -0.0000 0.7692
vn -0.6055 -0.0000 0.7958
vn -0.5709 -0.0000 0.8210
vn -0.5352 -0.0000 0.8447
vn -0.4986 -0.0000 0.8668
vn -0.4611 -0.0000 0.8874
vn -0.4227 -0.0000 0.9063
vn -0.3835 -0.0000 0.9235
vn -0.3436 -0.0000 0.9391
vn -0.3031 -0.0000 0.9530
vn -0.2621 -0.0000 0.9651
vn -0.2205 -0.0000 0.9754
vn -0.1786 -0.0000 0.9839
vn -0.1363 -0.0000 0.9907
vn -0.0938 -0.0000 0.9956
vn -0.2941 0.9558 -0.0045
vn -0.2921 0.9564 -0.0039
vn -0.2913 0.9566 -0.0037
vn -0.2901 0.9570 -0.0034
vn -0.2890 0.9573 -0.0031
vn -0.2837 0.9589 -0.0018
vn -0.2868 0.9580 -0.0026
vn -0.2757 0.9612 0.0001
vn -0.3221 0.9467 -0.0027
vn -0.3184 0.9480 -0.0000
vn -0.3224 0.9466 0.0020
vn -0.2852 0.9585 -0.0014
vn -0.2824 0.9593 -0.0005
vn -0.2984 0.9544 -0.0000
vn -0.3012 0.9536 -0.0000
vn -0.3069 0.9518 0.0001
vn -0.3088 0.9511 0.0001
vn -0.2977 0.9546 -0.0087
vn -0.2995 0.9541 -0.0074
vn -0.3070 0.9517 -0.0029
vn -0.3045 0.9525 -0.0042
vn -0.3020 0.9533 -0.0058
vn -0.3142 0.9493 -0.0004
vn -0.3119 0.9501 -0.0011
vn -0.3151 0.9491 -0.0006
vn -0.3101 0.9507 -0.0017
vn -0.3076 0.9515 -0.0027
vn -0.3196 0.9476 -0.0001
vn -0.3180 0.9481 -0.0000
vn -0.3161 0.9487 -0.0000
vn -0.3225 0.9466 -0.0012
vn -0.3220 0.9468 -0.0009
vn -0.3207 0.9472 -0.0003
vn -0.3238 0.9461 -0.0038
vn -0.3254 0.9456 -0.0022
vn -0.3239 0.9461 -0.0037
vn -0.3239 0.9461 -0.0036
vn -0.3239 0.9461 -0.0038
vn -0.3238 0.9461 -0.0039
vn -0.3241 0.9460 -0.0033
vn -0.3240 0.9461 -0.0035
vn -0.3245 0.9459 -0.0027
vn -0.3243 0.9459 -0.0029
vn -0.3242 0.9460 -0.0031
vn -0.3251 0.9457 -0.0020
vn -0.3248 0.9458 -0.0022
vn -0.3247 0.9458 -0.0025
vn -0.3258 0.9454 -0.0011
vn -0.3255 0.9455 -0.0015
vn -0.3253 0.9456 -0.0017
vn -0.3266 0.9452 -0.0004
vn -0.3263 0.9453 -0.0007
vn -0.3261 0.9453 -0.0009
vn -0.3269 0.9451 -0.0001
vn -0.3239 0.9461 -0.0034
vn -0.3238 0.9461 -0.0032
vn -0.3238 0.9461 -0.0029
vn -0.3237 0.9462 -0.0027
vn -0.3234 0.9463 -0.0021
vn -0.3232 0.9463 -0.0018
vn -0.2751 0.9614 -0.0000
vn -0.2460 0.9693 -0.0000
vn -0.2092 0.9779 -0.0000
vn -0.0004 -0.0000 -1.0000
vn -0.1460 -0.9893 -0.0000
vn -0.1045 -0.9945 -0.0000
vn -0.0628 -0.9980 -0.0000
vn -0.0209 -0.9998 -0.0000
vn 0.0209 -0.9998 -0.0000
vn 0.0628 -0.9980 -0.0000
vn 0.1045 -0.9945 -0.0000
vn 0.1460 -0.9893 -0.0000
vn -0.0000 1.0000 -0.0000
vn 0.3238 0.9461 -0.0030
vn 0.3238 0.9461 -0.0032
vn 0.3256 0.9455 -0.0039
vn 0.3236 0.9462 -0.0024
vn 0.3239 0.9461 -0.0034
vn 0.3239 0.9461 -0.0036
vn 0.3239 0.9461 -0.0037
vn 0.3238 0.9461 -0.0038
vn 0.3238 0.9461 -0.0039
vn 0.3239 0.9461 -0.0038
vn 0.3240 0.9461 -0.0035
vn 0.3241 0.9460 -0.0034
vn 0.3242 0.9460 -0.0031
vn 0.3243 0.9459 -0.0030
vn 0.3245 0.9459 -0.0027
vn 0.3247 0.9458 -0.0025
vn 0.3248 0.9458 -0.0022
vn 0.3251 0.9457 -0.0020
vn 0.3253 0.9456 -0.0017
vn 0.3255 0.9455 -0.0014
vn 0.3258 0.9454 -0.0012
vn 0.3261 0.9453 -0.0010
vn 0.3264 0.9452 -0.0007
vn 0.3266 0.9452 -0.0004
vn 0.3269 0.9451 -0.0001
vn 0.3021 0.9533 -0.0058
vn 0.3020 0.9533 -0.0058
vn 0.3046 0.9525 -0.0042
vn 0.3071 0.9517 -0.0029
vn 0.3096 0.9509 -0.0019
vn 0.3101 0.9507 -0.0016
vn 0.3124 0.9500 -0.0009
vn 0.3141 0.9494 -0.0005
vn 0.3162 0.9487 -0.0000
vn 0.3178 0.9482 -0.0000
vn 0.3196 0.9476 -0.0001
vn 0.3210 0.9471 -0.0004
vn 0.3220 0.9467 -0.0010
vn 0.3225 0.9466 -0.0012
vn 0.3232 0.9463 -0.0018
vn 0.3271 0.9450 -0.0000
vn 0.3159 0.9488 -0.0018
vn 0.3180 0.9481 -0.0023
vn 0.3110 0.9504 -0.0005
vn 0.2868 0.9580 -0.0029
vn 0.2879 0.9576 -0.0032
vn 0.2909 0.9567 -0.0040
vn 0.2900 0.9570 -0.0037
vn 0.2920 0.9564 -0.0043
vn 0.2940 0.9558 -0.0049
vn 0.2949 0.9555 -0.0052
vn 0.2813 0.9596 -0.0004
vn 0.2984 0.9544 -0.0000
vn 0.3088 0.9511 -0.0000
vn 0.2977 0.9546 -0.0088
vn 0.3001 0.9539 -0.0070
vn 0.2744 0.9616 -0.0000
vn 0.2442 0.9697 -0.0000
vn 0.2066 0.9784 -0.0000
vn 0.1460 0.9893 -0.0000
vn 0.1045 0.9945 -0.0000
vn 0.0628 0.9980 -0.0000
vn 0.0209 0.9998 -0.0000
vn -0.0209 0.9998 -0.0000
vn -0.0628 0.9980 -0.0000
vn -0.1045 0.9945 -0.0000
vn -0.1460 0.9893 -0.0000
vn -0.1647 0.9863 -0.0000
vn -0.1241 0.9923 -0.0000
vn -0.0834 0.9965 -0.0000
vn -0.0425 0.9991 -0.0000
vn -0.0015 1.0000 -0.0000
vn 0.0395 0.9992 -0.0000
vn 0.0804 0.9968 -0.0000
vn 0.1212 0.9926 -0.0000
vn 0.1618 0.9868 -0.0000
vn -0.9884 0.1522 -0.0000
vn -0.9713 0.2377 -0.0000
vn -0.9601 0.2798 -0.0000
vn -0.9600 0.2798 -0.0000
vn -0.9469 0.3214 -0.0000
vn -0.9153 0.4028 -0.0000
vn -0.8315 0.5555 -0.0000
vn -0.8315 0.5556 -0.0000
vn -0.8064 0.5913 -0.0000
vn -0.7518 0.6593 -0.0000
vn -0.7224 0.6915 -0.0000
vn -0.6915 0.7223 -0.0000
vn -0.6594 0.7518 -0.0000
vn -0.5913 0.8065 -0.0000
vn -0.5556 0.8315 -0.0000
vn -0.2798 0.9601 -0.0000
vn -0.1089 0.9941 -0.0000
vn 0.0212 0.9998 -0.0000
vn 0.0636 0.9980 -0.0000
vn 0.1059 0.9944 -0.0000
vn 0.1480 0.9890 -0.0000
vn 0.1899 0.9818 -0.0000
vn 0.2314 0.9729 -0.0000
vn 0.2725 0.9622 -0.0000
vn 0.3131 0.9497 -0.0000
vn 0.3130 0.9497 -0.0000
vn 0.3531 0.9356 -0.0000
vn 0.3925 0.9198 -0.0000
vn 0.3924 0.9198 -0.0000
vn 0.4312 0.9023 -0.0000
vn 0.4311 0.9023 -0.0000
vn 0.4690 0.8832 -0.0000
vn 0.4691 0.8832 -0.0000
vn 0.5061 0.8625 -0.0000
vn 0.5423 0.8402 -0.0000
vn 0.5774 0.8164 -0.0000
vn 0.6116 0.7912 -0.0000
vn 0.6446 0.7645 -0.0000
vn 0.6765 0.7365 -0.0000
vn 0.6764 0.7365 -0.0000
vn 0.7071 0.7071 -0.0000
vn 0.7365 0.6765 -0.0000
vn 0.7645 0.6446 -0.0000
vn 0.7912 0.6116 -0.0000
vn 0.8164 0.5774 -0.0000
vn 0.8402 0.5423 -0.0000
vn 0.8625 0.5061 -0.0000
vn 0.8624 0.5061 -0.0000
vn 0.8832 0.4690 -0.0000
vn 0.8832 0.4691 -0.0000
vn 0.9023 0.4311 -0.0000
vn 0.9023 0.4312 -0.0000
vn 0.9198 0.3924 -0.0000
vn 0.9198 0.3925 -0.0000
vn 0.9356 0.3531 -0.0000
vn 0.9497 0.3130 -0.0000
vn 0.9622 0.2725 -0.0000
vn 0.9729 0.2314 -0.0000
vn 0.9818 0.1899 -0.0000
vn 0.9818 0.1898 -0.0000
vn 0.9890 0.1480 -0.0000
vn 0.9890 0.1481 -0.0000
vn 0.9944 0.1059 -0.0000
vn 0.9980 0.0636 -0.0000
vn 0.9980 0.0637 -0.0000
vn 0.9998 0.0213 -0.0000
vn 0.9998 0.0212 -0.0000
vn -0.4028 -0.9153 -0.0000
vn -0.5187 -0.8549 -0.0000
vn -0.5556 -0.8315 -0.0000
vn -0.7224 -0.6915 -0.0000
vn -0.7519 -0.6593 -0.0000
vn -0.8064 -0.5913 -0.0000
vn -0.8315 -0.5555 -0.0000
vn -0.8315 -0.5556 -0.0000
vn -0.8549 -0.5187 -0.0000
vn -0.9469 -0.3214 -0.0000
vn -0.9601 -0.2798 -0.0000
vn -0.9713 -0.2377 -0.0000
vn -0.9941 -0.1088 -0.0000
vn -0.9941 0.1088 -0.0000
vn -0.9320 0.3625 -0.0000
vn -0.8549 0.5187 -0.0000
vn -0.7519 0.6593 -0.0000
vn -0.5187 0.8549 -0.0000
vn -0.4028 0.9153 -0.0000
vn 0.4028 0.9153 -0.0000
vn 0.5556 0.8315 -0.0000
vn 0.6594 0.7518 -0.0000
vn 0.7518 0.6594 -0.0000
vn 0.8315 0.5555 -0.0000
vn 0.8549 0.5188 -0.0000
vn 0.9320 0.3624 -0.0000
vn 0.9469 0.3215 -0.0000
vn 0.9600 0.2799 -0.0000
vn 0.9600 -0.2799 -0.0000
vn 0.8315 -0.5555 -0.0000
vn 0.7518 -0.6594 -0.0000
vn 0.9941 0.1089 -0.0000
vn 0.9600 0.2798 -0.0000
vn 0.9153 0.4028 -0.0000
vn 0.8065 0.5913 -0.0000
vn 0.7518 0.6593 -0.0000
vn 0.3625 0.9320 -0.0000
vn 0.2798 0.9601 -0.0000
vn 0.1522 0.9884 -0.0000
vn -0.0212 0.9998 -0.0000
vn -0.0636 0.9980 -0.0000
vn -0.1059 0.9944 -0.0000
vn -0.1481 0.9890 -0.0000
vn -0.1899 0.9818 -0.0000
vn -0.2313 0.9729 -0.0000
vn -0.2725 0.9622 -0.0000
vn -0.2724 0.9622 -0.0000
vn -0.3130 0.9497 -0.0000
vn -0.3531 0.9356 -0.0000
vn -0.3925 0.9198 -0.0000
vn -0.4311 0.9023 -0.0000
vn -0.4691 0.8832 -0.0000
vn -0.5061 0.8625 -0.0000
vn -0.5423 0.8402 -0.0000
vn -0.5774 0.8165 -0.0000
vn -0.5774 0.8164 -0.0000
vn -0.6116 0.7912 -0.0000
vn -0.6446 0.7646 -0.0000
vn -0.6446 0.7645 -0.0000
vn -0.6765 0.7365 -0.0000
vn -0.7071 0.7071 -0.0000
vn -0.7365 0.6764 -0.0000
vn -0.7645 0.6446 -0.0000
vn -0.7912 0.6116 -0.0000
vn -0.8164 0.5774 -0.0000
vn -0.8165 0.5774 -0.0000
vn -0.8402 0.5423 -0.0000
vn -0.8625 0.5061 -0.0000
vn -0.8832 0.4691 -0.0000
vn -0.8832 0.4690 -0.0000
vn -0.9023 0.4311 -0.0000
vn -0.9198 0.3925 -0.0000
vn -0.9356 0.3531 -0.0000
vn -0.9497 0.3130 -0.0000
vn -0.9622 0.2725 -0.0000
vn -0.9729 0.2314 -0.0000
vn -0.9818 0.1899 -0.0000
vn -0.9890 0.1481 -0.0000
vn -0.9944 0.1059 -0.0000
vn -0.9980 0.0637 -0.0000
vn -0.9998 0.0212 -0.0000
vn -0.9951 -0.0000 0.0985
vn -0.9900 -0.0000 0.1413
vn -0.9830 -0.0000 0.1837
vn -0.9742 -0.0000 0.2258
vn -0.9636 -0.0000 0.2675
vn -0.9512 -0.0000 0.3087
vn -0.9370 -0.0000 0.3493
vn -0.9211 -0.0000 0.3893
vn -0.9035 -0.0000 0.4285
vn -0.8842 -0.0000 0.4670
vn -0.8633 -0.0000 0.5046
vn -0.8409 -0.0000 0.5413
vn -0.8168 -0.0000 0.5769
vn -0.7912 -0.0000 0.6115
vn -0.7642 -0.0000 0.6450
vn -0.7357 -0.0000 0.6773
vn -0.7059 -0.0000 0.7083
vn -0.6748 -0.0000 0.7380
vn -0.6425 -0.0000 0.7663
vn -0.6089 -0.0000 0.7933
vn -0.5742 -0.0000 0.8187
vn -0.5385 -0.0000 0.8426
vn -0.5017 -0.0000 0.8650
vn -0.4641 -0.0000 0.8858
vn -0.4255 -0.0000 0.9049
vn -0.3862 -0.0000 0.9224
vn -0.3462 -0.0000 0.9382
vn -0.3055 -0.0000 0.9522
vn -0.2643 -0.0000 0.9644
vn -0.2226 -0.0000 0.9749
vn -0.1804 -0.0000 0.9836
vn -0.9884 -0.1520 -0.0000
vn -0.9808 -0.1950 -0.0000
vn -0.9601 -0.2796 -0.0000
vn -0.9470 -0.3213 -0.0000
vn -0.9321 -0.3622 -0.0000
vn -0.9154 -0.4025 -0.0000
vn -0.8970 -0.4420 -0.0000
vn -0.8769 -0.4807 -0.0000
vn -0.8551 -0.5185 -0.0000
vn -0.8317 -0.5553 -0.0000
vn -0.8067 -0.5910 -0.0000
vn -0.7801 -0.6256 -0.0000
vn -0.7521 -0.6590 -0.0000
vn -0.7227 -0.6912 -0.0000
vn -0.6919 -0.7220 -0.0000
vn -0.6597 -0.7515 -0.0000
vn -0.6263 -0.7796 -0.0000
vn -0.5917 -0.8061 -0.0000
vn -0.5918 -0.8061 -0.0000
vn -0.5561 -0.8311 -0.0000
vn -0.5193 -0.8546 -0.0000
vn -0.4815 -0.8764 -0.0000
vn -0.4429 -0.8966 -0.0000
vn -0.4034 -0.9150 -0.0000
vn -0.3631 -0.9318 -0.0000
vn -0.3221 -0.9467 -0.0000
vn -0.2806 -0.9598 -0.0000
vn -0.2384 -0.9712 -0.0000
vn -0.1959 -0.9806 -0.0000
vn -0.1529 -0.9882 -0.0000
vn -0.1038 -0.9946 -0.0000
vn -0.0618 -0.9981 -0.0000
vn -0.0196 -0.9998 -0.0000
vn 0.0226 -0.9997 -0.0000
vn 0.0648 -0.9979 -0.0000
vn 0.1069 -0.9943 -0.0000
vn 0.1556 -0.9878 -0.0000
vn 0.1984 -0.9801 -0.0000
vn 0.2408 -0.9706 -0.0000
vn 0.2409 -0.9706 -0.0000
vn 0.2829 -0.9592 -0.0000
vn 0.3243 -0.9459 -0.0000
vn 0.3652 -0.9309 -0.0000
vn 0.4053 -0.9142 -0.0000
vn 0.4447 -0.8957 -0.0000
vn 0.4833 -0.8755 -0.0000
vn 0.5209 -0.8536 -0.0000
vn 0.5576 -0.8301 -0.0000
vn 0.5932 -0.8051 -0.0000
vn 0.6276 -0.7785 -0.0000
vn 0.6609 -0.7505 -0.0000
vn 0.6930 -0.7210 -0.0000
vn 0.6929 -0.7210 -0.0000
vn 0.7237 -0.6902 -0.0000
vn 0.7236 -0.6902 -0.0000
vn 0.7530 -0.6580 -0.0000
vn 0.7809 -0.6246 -0.0000
vn 0.8074 -0.5901 -0.0000
vn 0.8323 -0.5544 -0.0000
vn 0.8556 -0.5176 -0.0000
vn 0.8773 -0.4799 -0.0000
vn 0.8974 -0.4413 -0.0000
vn 0.9157 -0.4018 -0.0000
vn 0.9323 -0.3616 -0.0000
vn 0.9472 -0.3207 -0.0000
vn 0.9602 -0.2792 -0.0000
vn 0.9715 -0.2371 -0.0000
vn 0.9809 -0.1946 -0.0000
vn 0.9884 -0.1517 -0.0000
vn 0.9941 -0.1086 -0.0000
vn 0.9979 -0.0653 -0.0000
vn 0.9979 -0.0652 -0.0000
vn -0.7071 -0.0000 0.7071
vn 0.7071 -0.0000 0.7071
vn 0.1804 -0.0000 0.9836
vn 0.2226 -0.0000 0.9749
vn 0.2643 -0.0000 0.9644
vn 0.3055 -0.0000 0.9522
vn 0.3462 -0.0000 0.9382
vn 0.3862 -0.0000 0.9224
vn 0.4256 -0.0000 0.9049
vn 0.4255 -0.0000 0.9049
vn 0.4641 -0.0000 0.8858
vn 0.5017 -0.0000 0.8650
vn 0.5385 -0.0000 0.8426
vn 0.5742 -0.0000 0.8187
vn 0.6089 -0.0000 0.7933
vn 0.6425 -0.0000 0.7663
vn 0.6748 -0.0000 0.7380
vn 0.7059 -0.0000 0.7083
vn 0.7357 -0.0000 0.6773
vn 0.7642 -0.0000 0.6450
vn 0.7912 -0.0000 0.6115
vn 0.8168 -0.0000 0.5769
vn 0.8409 -0.0000 0.5413
vn 0.8633 -0.0000 0.5046
vn 0.8842 -0.0000 0.4670
vn 0.9035 -0.0000 0.4285
vn 0.9211 -0.0000 0.3893
vn 0.9370 -0.0000 0.3493
vn 0.9512 -0.0000 0.3087
vn 0.9742 -0.0000 0.2258
vn 0.9830 -0.0000 0.1837
vn 0.9900 -0.0000 0.1413
vn 0.9951 -0.0000 0.0986
s 1
f 1//1 2//1 3//1
f 2//1 4//1 3//1
f 3//1 5//1 6//1
f 7//1 8//1 9//1
f 10//1 11//1 12//1
f 11//1 13//1 12//1
f 14//1 15//1 3//1
f 15//1 16//1 3//1
f 16//1 17//1 3//1
f 3//1 17//1 18//1
f 18//1 19//1 3//1
f 19//1 20//1 3//1
f 3//1 20//1 21//1
f 6//1 22//1 3//1
f 22//1 23//1 3//1
f 3//1 23//1 1//1
f 2//1 24//1 25//1
f 24//1 26//1 25//1
f 25//1 26//1 27//1
f 27//1 28//1 25//1
f 28//1 29//1 25//1
f 25//1 29//1 30//1
f 30//1 31//1 25//1
f 31//1 32//1 25//1
f 25//1 32//1 33//1
f 2//1 25//1 4//1
f 25//1 34//1 4//1
f 4//1 34//1 35//1
f 34//1 36//1 35//1
f 35//1 36//1 37//1
f 36//1 38//1 37//1
f 37//1 38//1 39//1
f 38//1 10//1 39//1
f 39//1 10//1 40//1
f 10//1 12//1 40//1
f 40//1 12//1 41//1
f 42//1 43//1 44//1
f 45//1 46//1 47//1
f 21//1 48//1 3//1
f 48//1 49//1 3//1
f 3//1 49//1 5//1
f 9//1 50//1 51//1
f 8//1 52//1 9//1
f 52//1 53//1 9//1
f 9//1 53//1 50//1
f 54//1 55//1 13//1
f 14//1 3//1 44//1
f 3//1 56//1 44//1
f 44//1 56//1 42//1
f 43//1 57//1 44//1
f 57//1 47//1 44//1
f 44//1 47//1 58//1
f 47//1 59//1 58//1
f 9//1 60//1 7//1
f 60//1 61//1 7//1
f 7//1 61//1 62//1
f 63//1 64//1 13//1
f 64//1 65//1 13//1
f 41//1 66//1 40//1
f 66//1 67//1 40//1
f 40//1 67//1 68//1
f 69//1 70//1 71//1
f 46//1 72//1 47//1
f 72//1 73//1 47//1
f 47//1 73//1 59//1
f 62//1 74//1 7//1
f 74//1 75//1 7//1
f 7//1 75//1 76//1
f 51//1 77//1 9//1
f 77//1 78//1 9//1
f 9//1 78//1 79//1
f 33//1 80//1 25//1
f 80//1 9//1 25//1
f 25//1 9//1 81//1
f 9//1 79//1 81//1
f 82//1 83//1 84//1
f 85//1 86//1 87//1
f 88//1 13//1 89//1
f 13//1 90//1 89//1
f 89//1 90//1 91//1
f 92//1 93//1 13//1
f 93//1 94//1 13//1
f 65//1 95//1 13//1
f 95//1 96//1 13//1
f 13//1 96//1 54//1
f 97//1 40//1 98//1
f 40//1 99//1 98//1
f 97//1 100//1 40//1
f 100//1 101//1 40//1
f 40//1 101//1 102//1
f 69//1 71//1 101//1
f 71//1 103//1 101//1
f 101//1 103//1 102//1
f 104//1 105//1 47//1
f 105//1 106//1 47//1
f 47//1 106//1 107//1
f 104//1 108//1 105//1
f 108//1 109//2 105//1
f 105//1 109//2 110//1
f 107//1 111//1 47//1
f 111//1 112//1 47//1
f 47//1 112//1 45//1
f 76//1 113//1 7//1
f 113//1 114//1 7//1
f 7//1 114//1 115//3
f 114//1 116//1 115//3
f 82//1 84//1 85//1
f 84//1 117//1 85//1
f 85//1 117//1 86//1
f 91//1 118//1 89//1
f 118//1 85//1 89//1
f 89//1 85//1 119//1
f 85//1 87//1 119//1
f 88//1 120//1 13//1
f 120//1 121//1 13//1
f 13//1 121//1 122//1
f 94//1 123//1 13//1
f 123//1 124//1 13//1
f 13//1 124//1 63//1
f 55//1 125//1 13//1
f 125//1 126//1 13//1
f 13//1 126//1 127//1
f 127//1 128//1 13//1
f 128//1 129//1 13//1
f 13//1 129//1 12//1
f 68//1 130//1 40//1
f 130//1 131//1 40//1
f 40//1 131//1 132//1
f 133//1 134//1 135//2
f 122//1 136//1 13//1
f 136//1 137//1 13//1
f 13//1 137//1 92//1
f 132//1 138//1 40//1
f 138//1 139//1 40//1
f 40//1 139//1 140//1
f 140//1 141//1 40//1
f 141//1 142//1 40//1
f 40//1 142//1 143//1
f 143//1 144//1 40//1
f 144//1 145//1 40//1
f 40//1 145//1 99//1
f 146//1 147//1 148//1
f 114//1 149//2 116//1
f 149//2 133//1 116//1
f 116//1 133//1 150//3
f 133//1 135//2 150//3
f 70//1 151//1 71//1
f 151//1 152//1 71//1
f 71//1 152//1 153//1
f 154//1 155//1 146//1
f 155//1 156//1 146//1
f 146//1 156//1 147//1
f 153//1 157//1 71//1
f 157//1 146//1 71//1
f 71//1 146//1 158//1
f 146//1 148//1 158//1
f 41//4 159//5 66//5
f 159//5 160//5 66//5
f 66//6 160//6 67//6
f 160//6 161//6 67//6
f 67//7 161//7 68//7
f 161//7 162//7 68//7
f 68//8 162//8 130//8
f 162//8 163//8 130//8
f 130//9 163//9 131//9
f 163//9 164//9 131//9
f 131//10 164//10 132//10
f 164//10 165//10 132//10
f 132//11 165//12 138//12
f 165//12 166//12 138//12
f 138//13 166//13 139//14
f 166//13 167//14 139//14
f 139//15 167//15 140//15
f 167//15 168//15 140//15
f 140//16 168//17 141//17
f 168//17 169//17 141//17
f 141//18 169//18 142//18
f 169//18 170//18 142//18
f 142//19 170//19 143//19
f 170//19 171//19 143//19
f 143//20 171//20 144//20
f 171//20 172//20 144//20
f 144//21 172//21 145//21
f 172//21 173//21 145//21
f 145//22 173//22 99//22
f 173//22 174//23 99//22
f 99//24 174//24 98//24
f 174//24 175//24 98//24
f 98//25 175//25 97//25
f 175//25 176//25 97//25
f 97//26 176//26 100//26
f 176//26 177//26 100//26
f 100//27 177//27 101//27
f 177//27 178//27 101//27
f 101//28 178//29 69//29
f 178//29 179//30 69//29
f 69//31 179//31 70//31
f 179//31 180//31 70//31
f 70//32 180//32 151//33
f 180//32 181//33 151//33
f 151//34 181//34 152//34
f 181//34 182//34 152//34
f 152//35 182//35 153//35
f 182//35 183//35 153//35
f 153//36 183//36 157//36
f 183//36 184//36 157//36
f 157//37 184//37 146//37
f 184//37 185//37 146//37
f 146//38 185//38 154//38
f 185//38 186//39 154//38
f 154//40 186//40 155//40
f 186//40 187//40 155//40
f 155//41 187//41 156//42
f 187//41 188//42 156//42
f 156//43 188//43 147//43
f 188//43 189//43 147//43
f 147//44 189//44 148//44
f 189//44 190//44 148//44
f 148//45 190//45 158//45
f 190//45 191//45 158//45
f 158//46 191//46 71//46
f 191//46 192//46 71//46
f 71//47 192//47 103//47
f 192//47 193//47 103//47
f 103//48 193//48 102//48
f 193//48 194//48 102//48
f 102//49 194//49 40//49
f 194//49 195//49 40//49
f 196//50 197//50 198//50
f 197//50 199//50 198//50
f 198//50 199//50 200//50
f 199//50 201//50 200//50
f 200//50 201//50 202//50
f 201//50 203//50 202//50
f 202//50 203//50 196//50
f 203//50 197//50 196//50
f 204//51 205//51 206//51
f 207//51 204//51 208//51
f 204//51 206//51 208//51
f 208//51 206//51 209//51
f 206//51 210//51 209//51
f 3//52 211//52 56//52
f 211//52 212//52 56//52
f 56//53 212//53 42//53
f 212//53 213//53 42//53
f 42//54 213//54 43//54
f 213//54 214//54 43//54
f 43//55 214//55 57//55
f 214//55 215//55 57//55
f 57//56 215//56 47//56
f 215//56 216//56 47//56
f 47//57 216//57 104//57
f 216//57 217//57 104//57
f 104//58 217//58 108//58
f 217//58 218//58 108//58
f 108//59 218//59 109//59
f 218//59 219//59 109//59
f 109//60 219//60 110//60
f 219//60 220//60 110//60
f 110//61 220//61 105//61
f 220//61 221//61 105//61
f 105//62 221//62 106//62
f 221//62 222//62 106//62
f 106//63 222//63 107//63
f 222//63 223//63 107//63
f 107//64 223//64 111//64
f 223//64 224//64 111//64
f 111//65 224//65 112//65
f 224//65 225//65 112//65
f 112//66 225//66 45//67
f 225//66 226//67 45//67
f 45//68 226//68 46//68
f 226//68 227//68 46//68
f 46//69 227//69 72//69
f 227//69 228//69 72//69
f 72//70 228//70 73//70
f 228//70 229//70 73//70
f 73//71 229//71 59//71
f 229//71 230//71 59//71
f 59//72 230//72 58//72
f 230//72 231//72 58//72
f 58//73 231//73 44//73
f 231//73 232//73 44//73
f 44//74 232//75 14//75
f 232//75 233//75 14//75
f 14//76 233//76 15//76
f 233//76 234//77 15//76
f 15//78 234//78 16//78
f 234//78 235//78 16//78
f 16//79 235//79 17//79
f 235//79 236//79 17//79
f 17//80 236//80 18//81
f 236//80 237//81 18//81
f 18//82 237//82 19//83
f 237//82 238//83 19//83
f 19//84 238//84 20//84
f 238//84 239//84 20//84
f 20//85 239//85 21//86
f 239//85 240//86 21//86
f 21//87 240//87 48//87
f 240//87 241//87 48//87
f 48//88 241//88 49//88
f 241//88 242//88 49//88
f 49//89 242//89 5//89
f 242//89 243//90 5//89
f 5//91 243//91 6//91
f 243//91 244//92 6//91
f 6//93 244//93 22//93
f 244//93 245//93 22//93
f 22//94 245//94 23//94
f 245//94 246//94 23//94
f 23//95 246//95 1//96
f 246//95 247//96 1//96
f 1//97 247//97 2//97
f 247//97 248//97 2//97
f 203//1 201//1 249//1
f 201//1 250//1 249//1
f 251//51 252//51 253//51
f 252//51 254//51 253//51
f 255//98 256//98 257//98
f 258//98 259//98 260//98
f 255//98 257//98 260//98
f 257//98 261//98 260//98
f 260//98 261//98 258//98
f 262//99 263//99 264//99
f 262//99 264//99 265//99
f 264//100 266//100 265//100
f 265//100 266//100 267//100
f 266//101 268//101 267//101
f 267//101 268//101 269//101
f 268//102 270//102 269//102
f 269//102 270//102 271//102
f 270//103 272//103 271//103
f 271//103 272//103 273//103
f 272//104 274//104 273//104
f 273//104 274//104 275//104
f 274//105 276//105 275//105
f 275//105 276//105 277//105
f 276//106 278//106 277//106
f 277//106 278//106 279//106
f 278//107 280//107 279//107
f 279//107 280//107 281//107
f 280//108 282//108 281//108
f 281//108 282//108 283//108
f 282//109 284//109 283//109
f 283//109 284//109 285//109
f 284//110 286//110 285//110
f 285//110 286//110 287//110
f 286//111 288//111 287//111
f 287//111 288//111 289//111
f 288//112 290//112 289//112
f 289//112 290//112 291//112
f 290//113 292//113 291//113
f 291//113 292//113 293//113
f 292//114 294//114 293//114
f 293//114 294//114 295//114
f 294//115 296//115 295//115
f 295//115 296//115 297//115
f 296//116 298//116 297//116
f 297//116 298//116 299//116
f 298//117 300//117 299//117
f 299//117 300//117 301//117
f 300//118 302//118 301//118
f 301//118 302//118 303//118
f 302//119 304//119 303//119
f 303//119 304//119 305//119
f 304//120 306//120 305//120
f 305//120 306//120 307//120
f 308//121 309//122 306//123
f 309//122 310//124 306//123
f 306//125 310//125 307//125
f 311//126 312//127 313//128
f 313//128 314//129 311//126
f 314//130 315//130 311//130
f 311//131 315//132 308//133
f 315//132 316//134 308//133
f 308//135 316//135 309//135
f 317//136 318//137 319//138
f 319//138 320//139 317//136
f 320//140 321//140 317//140
f 317//141 321//142 312//143
f 321//142 322//144 312//143
f 312//145 322//145 313//145
f 323//146 324//147 325//148
f 325//148 326//149 323//146
f 326//150 327//150 323//150
f 323//151 327//152 318//153
f 327//152 328//154 318//153
f 318//155 328//155 319//155
f 329//156 330//157 331//158
f 331//158 332//159 329//156
f 332//160 333//160 329//160
f 329//161 333//162 324//163
f 333//162 334//164 324//163
f 324//165 334//165 325//165
f 335//166 336//167 337//168
f 337//168 338//169 335//166
f 338//170 339//170 335//170
f 335//171 339//172 330//173
f 339//172 340//174 330//173
f 330//175 340//175 331//175
f 341//176 260//177 259//178
f 259//178 342//179 341//176
f 342//180 343//180 341//180
f 341//181 343//182 336//183
f 343//182 344//184 336//183
f 336//185 344//185 337//185
f 345//186 346//186 37//186
f 346//186 347//186 37//186
f 37//186 347//186 348//186
f 349//1 350//1 351//1
f 350//1 352//1 351//1
f 351//1 352//1 353//1
f 354//1 355//1 351//1
f 355//1 356//1 351//1
f 351//1 356//1 349//1
f 357//1 358//1 351//1
f 358//1 359//1 351//1
f 351//1 359//1 354//1
f 360//1 361//1 351//1
f 361//1 362//1 351//1
f 351//1 362//1 357//1
f 363//1 364//1 351//1
f 364//1 365//1 351//1
f 351//1 365//1 360//1
f 366//1 367//1 351//1
f 367//1 368//1 351//1
f 351//1 368//1 363//1
f 369//1 370//1 351//1
f 370//1 371//1 351//1
f 351//1 371//1 366//1
f 372//1 373//1 351//1
f 373//1 374//1 351//1
f 351//1 374//1 369//1
f 375//1 376//1 351//1
f 376//1 377//1 351//1
f 351//1 377//1 372//1
f 378//1 379//1 351//1
f 379//1 380//1 351//1
f 351//1 380//1 375//1
f 381//1 382//1 351//1
f 382//1 383//1 351//1
f 351//1 383//1 378//1
f 384//1 385//1 351//1
f 385//1 386//1 351//1
f 351//1 386//1 381//1
f 387//1 388//1 351//1
f 388//1 389//1 351//1
f 351//1 389//1 384//1
f 390//1 391//1 351//1
f 391//1 392//1 351//1
f 351//1 392//1 387//1
f 393//1 394//1 351//1
f 394//1 395//1 351//1
f 351//1 395//1 390//1
f 396//1 397//1 351//1
f 397//1 398//1 351//1
f 351//1 398//1 393//1
f 399//1 400//1 351//1
f 400//1 401//1 351//1
f 351//1 401//1 396//1
f 402//1 403//1 351//1
f 403//1 404//1 351//1
f 351//1 404//1 399//1
f 405//1 406//1 351//1
f 406//1 407//1 351//1
f 351//1 407//1 402//1
f 408//1 409//1 351//1
f 409//1 410//1 351//1
f 351//1 410//1 405//1
f 411//1 412//1 351//1
f 412//1 413//1 351//1
f 351//1 413//1 408//1
f 414//1 415//1 351//1
f 415//1 416//1 351//1
f 351//1 416//1 411//1
f 417//1 418//1 351//1
f 418//1 419//1 351//1
f 351//1 419//1 414//1
f 420//1 421//1 351//1
f 421//1 422//1 351//1
f 351//1 422//1 417//1
f 423//1 424//1 351//1
f 424//1 425//1 351//1
f 351//1 425//1 420//1
f 426//1 427//1 351//1
f 427//1 428//1 351//1
f 351//1 428//1 423//1
f 429//1 430//1 351//1
f 430//1 431//1 351//1
f 351//1 431//1 426//1
f 432//1 433//1 351//1
f 433//1 434//1 351//1
f 351//1 434//1 429//1
f 435//1 436//1 351//1
f 436//1 437//1 351//1
f 351//1 437//1 432//1
f 438//1 439//1 351//1
f 439//1 440//1 351//1
f 351//1 440//1 435//1
f 441//1 442//1 351//1
f 442//1 443//1 351//1
f 351//1 443//1 438//1
f 444//1 445//1 351//1
f 445//1 446//1 351//1
f 351//1 446//1 441//1
f 447//1 448//1 351//1
f 448//1 449//1 351//1
f 351//1 449//1 444//1
f 450//1 451//1 351//1
f 451//1 452//1 351//1
f 351//1 452//1 447//1
f 453//1 454//1 351//1
f 454//1 455//1 351//1
f 351//1 455//1 450//1
f 456//1 457//1 351//1
f 457//1 458//1 351//1
f 351//1 458//1 453//1
f 459//1 460//1 351//1
f 460//1 461//1 351//1
f 351//1 461//1 456//1
f 462//1 463//1 351//1
f 463//1 464//1 351//1
f 351//1 464//1 459//1
f 465//1 466//1 351//1
f 466//1 467//1 351//1
f 351//1 467//1 462//1
f 468//1 469//1 351//1
f 469//1 470//1 351//1
f 351//1 470//1 465//1
f 471//1 472//1 351//1
f 472//1 473//1 351//1
f 351//1 473//1 468//1
f 474//1 475//1 351//1
f 475//1 476//1 351//1
f 351//1 476//1 471//1
f 477//1 478//1 351//1
f 478//1 479//1 351//1
f 351//1 479//1 474//1
f 480//1 481//1 351//1
f 481//1 482//1 351//1
f 351//1 482//1 477//1
f 483//1 484//1 351//1
f 484//1 485//1 351//1
f 351//1 485//1 480//1
f 486//1 487//1 351//1
f 487//1 488//1 351//1
f 351//1 488//1 483//1
f 489//1 490//1 351//1
f 490//1 491//1 351//1
f 351//1 491//1 486//1
f 353//1 492//1 351//1
f 492//1 493//1 351//1
f 351//1 493//1 489//1
f 201//186 199//186 250//186
f 199//186 494//186 250//186
f 252//186 495//186 254//186
f 495//186 496//186 254//186
f 254//186 496//186 497//186
f 496//186 498//186 497//186
f 497//186 498//186 499//186
f 498//186 500//186 499//186
f 199//51 197//51 494//51
f 197//51 501//51 494//51
f 502//51 503//51 504//51
f 505//51 506//51 495//51
f 507//51 508//51 495//51
f 505//51 495//51 509//51
f 506//51 510//51 495//51
f 510//51 511//51 495//51
f 495//51 511//51 512//51
f 513//51 514//51 495//51
f 515//51 516//51 517//51
f 516//51 518//51 517//51
f 519//51 520//51 521//51
f 520//51 522//51 521//51
f 521//51 522//51 523//51
f 524//51 525//51 521//51
f 525//51 526//51 521//51
f 521//51 526//51 527//51
f 528//51 529//51 504//51
f 529//51 530//51 504//51
f 512//51 531//51 495//51
f 531//51 532//51 495//51
f 495//51 532//51 507//51
f 527//51 533//51 521//51
f 533//51 534//51 521//51
f 521//51 534//51 535//51
f 536//51 537//51 504//51
f 537//51 538//51 504//51
f 504//51 538//51 539//51
f 539//51 540//51 504//51
f 540//51 541//51 504//51
f 504//51 541//51 542//51
f 542//51 543//51 504//51
f 543//51 544//51 504//51
f 504//51 544//51 545//51
f 546//51 547//51 504//51
f 547//51 548//51 504//51
f 504//51 548//51 549//51
f 504//51 503//51 495//51
f 503//51 550//51 495//51
f 495//51 550//51 509//51
f 551//51 552//51 495//51
f 552//51 553//51 495//51
f 495//51 553//51 554//51
f 555//51 556//51 557//51
f 556//51 558//51 557//51
f 557//51 558//51 559//51
f 558//51 560//51 559//51
f 559//51 560//51 561//51
f 560//51 562//51 561//51
f 523//51 563//51 521//51
f 563//51 564//51 521//51
f 521//51 564//51 524//51
f 545//51 565//51 504//51
f 565//51 566//51 504//51
f 504//51 566//51 567//51
f 568//51 569//51 504//51
f 569//51 570//51 504//51
f 504//51 570//51 528//51
f 530//51 571//51 504//51
f 571//51 572//51 504//51
f 504//51 572//51 573//51
f 573//51 574//51 504//51
f 574//51 575//51 504//51
f 504//51 575//51 502//51
f 554//51 576//51 495//51
f 576//51 577//51 495//51
f 495//51 577//51 513//51
f 578//51 579//51 496//51
f 518//51 516//51 580//51
f 516//51 581//51 580//51
f 580//51 581//51 582//51
f 581//51 583//51 582//51
f 582//51 583//51 562//51
f 583//51 584//51 562//51
f 562//51 584//51 561//51
f 515//51 585//51 516//51
f 585//51 586//51 516//51
f 516//51 586//51 587//51
f 535//51 588//51 521//51
f 588//51 589//51 521//51
f 521//51 589//51 504//51
f 589//51 590//51 504//51
f 504//51 590//51 536//51
f 591//51 592//51 504//51
f 592//51 593//51 504//51
f 504//51 593//51 546//51
f 549//51 594//51 504//51
f 594//51 595//51 504//51
f 504//51 595//51 568//51
f 596//51 495//51 597//51
f 495//51 598//51 597//51
f 596//51 599//51 495//51
f 599//51 600//51 495//51
f 495//51 600//51 601//51
f 601//51 602//51 495//51
f 602//51 603//51 495//51
f 495//51 603//51 604//51
f 605//51 606//51 495//51
f 606//51 607//51 495//51
f 495//51 607//51 551//51
f 587//51 608//51 516//51
f 608//51 609//51 516//51
f 516//51 609//51 610//51
f 611//51 612//51 521//51
f 567//51 613//51 504//51
f 613//51 614//51 504//51
f 504//51 614//51 591//51
f 508//51 615//51 495//51
f 615//51 616//51 495//51
f 495//51 616//51 598//51
f 604//51 617//51 495//51
f 617//51 618//51 495//51
f 495//51 618//51 605//51
f 610//51 619//51 516//51
f 619//51 620//51 516//51
f 516//51 620//51 521//51
f 620//51 621//51 521//51
f 521//51 621//51 611//51
f 612//51 622//51 521//51
f 622//51 623//51 521//51
f 521//51 623//51 624//51
f 624//51 625//51 521//51
f 625//51 626//51 521//51
f 521//51 626//51 519//51
f 579//51 627//51 496//51
f 627//51 628//51 496//51
f 496//51 628//51 629//51
f 514//51 630//51 495//51
f 630//51 631//51 495//51
f 495//51 631//51 496//51
f 631//51 632//51 496//51
f 496//51 632//51 633//51
f 633//51 634//51 496//51
f 634//51 635//51 496//51
f 496//51 635//51 636//51
f 636//51 637//51 496//51
f 637//51 638//51 496//51
f 496//51 638//51 639//51
f 629//51 640//51 496//51
f 640//51 641//51 496//51
f 496//51 641//51 642//51
f 642//51 643//51 496//51
f 643//51 644//51 496//51
f 496//51 644//51 645//51
f 646//51 647//51 555//51
f 647//51 648//51 555//51
f 555//51 648//51 649//51
f 639//51 650//51 496//51
f 650//51 651//51 496//51
f 496//51 651//51 578//51
f 645//51 652//51 496//51
f 652//51 653//51 496//51
f 496//51 653//51 555//51
f 653//51 654//51 555//51
f 555//51 654//51 646//51
f 649//51 655//51 555//51
f 655//51 656//51 555//51
f 555//51 656//51 657//51
f 657//51 658//51 555//51
f 658//51 659//51 555//51
f 555//51 659//51 556//51
f 660//186 661//186 662//186
f 663//187 660//186 664//188
f 660//186 662//186 664//188
f 664//188 662//186 665//186
f 662//186 666//186 665//186
f 667//50 668//50 669//50
f 668//50 670//50 669//50
f 461//189 671//189 456//189
f 671//189 672//189 456//189
f 456//190 672//190 457//190
f 672//190 673//190 457//190
f 457//191 673//191 458//191
f 673//191 674//191 458//191
f 458//192 674//192 453//192
f 674//192 675//192 453//192
f 453//193 675//193 454//193
f 675//193 676//193 454//193
f 454//194 676//194 455//194
f 676//194 677//194 455//194
f 455//195 677//195 450//195
f 677//195 678//195 450//195
f 450//196 678//196 451//196
f 678//196 679//196 451//196
f 451//197 679//197 452//197
f 679//197 680//197 452//197
f 452//198 680//198 447//198
f 680//198 681//198 447//198
f 447//199 681//199 448//199
f 681//199 682//199 448//199
f 448//200 682//200 449//200
f 682//200 683//200 449//200
f 449//201 683//201 444//201
f 683//201 684//201 444//201
f 444//202 684//202 445//202
f 684//202 685//202 445//202
f 445//203 685//203 446//203
f 685//203 686//203 446//203
f 446//204 686//204 441//204
f 686//204 687//204 441//204
f 441//205 687//205 442//205
f 687//205 688//205 442//205
f 442//206 688//206 443//206
f 688//206 689//206 443//206
f 443//207 689//207 438//207
f 689//207 690//207 438//207
f 438//208 690//208 439//208
f 690//208 691//208 439//208
f 439//209 691//209 440//209
f 691//209 692//209 440//209
f 440//210 692//210 435//210
f 692//210 693//210 435//210
f 435//211 693//211 436//211
f 693//211 694//211 436//211
f 436//212 694//212 437//212
f 694//212 695//212 437//212
f 437//213 695//213 432//213
f 695//213 696//213 432//213
f 432//214 696//214 433//214
f 696//214 697//214 433//214
f 433//215 697//215 434//215
f 697//215 698//215 434//215
f 434//216 698//216 429//216
f 698//216 699//216 429//216
f 429//217 699//217 430//217
f 699//217 700//217 430//217
f 430//218 700//218 431//218
f 700//218 701//218 431//218
f 431//219 701//219 426//219
f 701//219 702//219 426//219
f 426//220 702//220 427//220
f 702//220 703//220 427//220
f 427//221 703//221 428//221
f 703//221 704//221 428//221
f 428//222 704//222 423//222
f 704//222 705//222 423//222
f 423//223 705//223 424//223
f 705//223 706//223 424//223
f 424//224 706//224 425//224
f 706//224 707//224 425//224
f 425//225 707//225 420//225
f 707//225 708//225 420//225
f 420//226 708//226 421//226
f 708//226 709//226 421//226
f 421//227 709//227 422//227
f 709//227 710//227 422//227
f 422//228 710//228 417//228
f 710//228 711//228 417//228
f 417//229 711//229 418//229
f 711//229 712//229 418//229
f 418//230 712//230 419//230
f 712//230 713//230 419//230
f 419//231 713//231 414//231
f 713//231 714//231 414//231
f 414//232 714//232 415//232
f 714//232 715//232 415//232
f 415//233 715//233 416//233
f 715//233 716//233 416//233
f 416//234 716//234 411//234
f 716//234 717//234 411//234
f 411//235 717//235 412//235
f 717//235 718//235 412//235
f 412//236 718//236 413//236
f 718//236 719//236 413//236
f 413//237 719//237 408//237
f 719//237 720//237 408//237
f 408//238 720//238 409//238
f 720//238 721//238 409//238
f 409//239 721//239 410//239
f 721//239 722//239 410//239
f 410//240 722//240 405//240
f 722//240 723//240 405//240
f 405//241 723//241 406//241
f 723//241 724//241 406//241
f 406//242 724//242 407//242
f 724//242 725//242 407//242
f 407//243 725//243 402//243
f 725//243 726//243 402//243
f 402//244 726//244 403//244
f 726//244 727//244 403//244
f 403//245 727//245 404//245
f 727//245 728//245 404//245
f 404//246 728//246 399//246
f 728//246 729//246 399//246
f 399//247 729//247 400//247
f 729//247 730//247 400//247
f 400//248 730//248 401//248
f 730//248 731//248 401//248
f 401//249 731//249 396//249
f 731//249 732//249 396//249
f 396//250 732//250 397//250
f 732//250 733//250 397//250
f 397//251 733//251 398//251
f 733//251 734//251 398//251
f 398//252 734//252 393//252
f 734//252 735//252 393//252
f 393//253 735//253 394//253
f 735//253 736//253 394//253
f 394//254 736//254 395//254
f 736//254 737//254 395//254
f 395//255 737//255 390//255
f 737//255 738//255 390//255
f 390//256 738//256 391//256
f 738//256 739//256 391//256
f 391//257 739//257 392//257
f 739//257 740//257 392//257
f 392//258 740//258 387//258
f 740//258 741//258 387//258
f 387//259 741//259 388//259
f 741//259 742//259 388//259
f 388//260 742//260 389//260
f 742//260 743//260 389//260
f 389//261 743//261 384//261
f 743//261 744//261 384//261
f 384//262 744//262 385//262
f 744//262 745//262 385//262
f 385//263 745//263 386//263
f 745//263 746//263 386//263
f 386//264 746//264 381//264
f 746//264 747//264 381//264
f 381//265 747//265 382//265
f 747//265 748//265 382//265
f 382//266 748//266 383//266
f 748//266 749//266 383//266
f 383//267 749//267 378//267
f 749//267 750//267 378//267
f 378//268 750//268 379//268
f 750//268 751//268 379//268
f 379//269 751//269 380//269
f 751//269 752//269 380//269
f 380//270 752//270 375//270
f 752//270 753//270 375//270
f 375//271 753//271 376//271
f 753//271 754//271 376//271
f 376//272 754//272 377//272
f 754//272 755//272 377//272
f 377//273 755//273 372//273
f 755//273 756//273 372//273
f 372//274 756//274 373//274
f 756//274 757//274 373//274
f 373//275 757//275 374//275
f 757//275 758//275 374//275
f 374//276 758//276 369//276
f 758//276 759//276 369//276
f 369//277 759//277 370//277
f 759//277 760//277 370//277
f 370//278 760//278 371//278
f 760//278 761//278 371//278
f 371//279 761//279 366//279
f 761//279 762//279 366//279
f 366//280 762//280 367//280
f 762//280 763//280 367//280
f 367//281 763//281 368//281
f 763//281 764//281 368//281
f 368//282 764//282 363//282
f 764//282 765//282 363//282
f 363//283 765//283 364//283
f 765//283 766//283 364//283
f 364//284 766//284 365//284
f 766//284 767//284 365//284
f 365//285 767//285 360//285
f 767//285 768//285 360//285
f 360//286 768//286 361//286
f 768//286 769//286 361//286
f 361//287 769//287 362//287
f 769//287 770//287 362//287
f 362//288 770//288 357//288
f 770//288 771//288 357//288
f 357//289 771//289 358//289
f 771//289 772//289 358//289
f 358//290 772//290 359//290
f 772//290 773//290 359//290
f 359//291 773//291 354//291
f 773//291 774//291 354//291
f 354//292 774//292 355//292
f 774//292 775//292 355//292
f 355//293 775//293 356//293
f 775//293 776//293 356//293
f 356//294 776//294 349//294
f 776//294 777//294 349//294
f 349//295 777//295 350//295
f 777//295 778//295 350//295
f 350//296 778//296 352//296
f 778//296 779//296 352//296
f 352//5 779//5 353//5
f 779//5 780//5 353//5
f 353//6 780//6 492//6
f 780//6 781//6 492//6
f 492//297 781//297 493//297
f 781//297 782//297 493//297
f 493//8 782//8 489//8
f 782//8 783//8 489//8
f 489//9 783//9 490//9
f 783//9 784//9 490//9
f 490//10 784//10 491//10
f 784//10 785//10 491//10
f 491//11 785//11 486//11
f 785//11 786//11 486//11
f 486//13 786//13 487//13
f 786//13 787//13 487//13
f 487//15 787//15 488//15
f 787//15 788//15 488//15
f 488//17 788//17 483//17
f 788//17 789//17 483//17
f 483//18 789//18 484//18
f 789//18 790//18 484//18
f 484//19 790//19 485//19
f 790//19 791//19 485//19
f 485//298 791//298 480//298
f 791//298 792//298 480//298
f 480//21 792//21 481//21
f 792//21 793//21 481//21
f 481//23 793//23 482//23
f 793//23 794//23 482//23
f 482//24 794//24 477//24
f 794//24 795//24 477//24
f 477//299 795//299 478//299
f 795//299 796//299 478//299
f 478//26 796//26 479//26
f 796//26 797//26 479//26
f 479//27 797//27 474//27
f 797//27 798//27 474//27
f 474//29 798//29 475//29
f 798//29 799//29 475//29
f 475//31 799//31 476//31
f 799//31 800//31 476//31
f 476//32 800//32 471//32
f 800//32 801//32 471//32
f 471//300 801//300 472//300
f 801//300 802//300 472//300
f 472//35 802//35 473//35
f 802//35 803//35 473//35
f 473//36 803//36 468//36
f 803//36 804//36 468//36
f 468//301 804//301 469//301
f 804//301 805//301 469//301
f 469//39 805//39 470//39
f 805//39 806//39 470//39
f 470//40 806//40 465//40
f 806//40 807//40 465//40
f 465//42 807//42 466//42
f 807//42 808//42 466//42
f 466//302 808//302 467//302
f 808//302 809//302 467//302
f 467//44 809//44 462//44
f 809//44 810//44 462//44
f 462//45 810//45 463//45
f 810//45 811//45 463//45
f 463//46 811//46 464//46
f 811//46 812//46 464//46
f 464//47 812//47 459//47
f 812//47 813//47 459//47
f 459//48 813//48 460//48
f 813//48 814//48 460//48
f 460//49 814//49 461//49
f 814//49 671//49 461//49
f 815//1 816//1 817//1
f 815//1 817//1 818//1
f 499//1 819//1 497//1
f 819//1 820//1 497//1
f 820//1 821//1 497//1
f 821//1 822//1 497//1
f 497//1 822//1 817//1
f 822//1 823//1 817//1
f 817//1 823//1 818//1
f 198//98 200//98 667//98
f 200//98 668//98 667//98
f 38//50 824//50 10//50
f 824//50 825//50 10//50
f 826//303 827//304 664//305
f 827//304 828//306 664//305
f 664//188 828//307 663//187
f 829//308 830//309 831//310
f 831//310 832//311 829//308
f 832//312 833//312 829//312
f 829//313 833//314 826//315
f 833//314 834//316 826//315
f 826//317 834//317 827//317
f 835//318 836//319 837//320
f 837//320 838//321 835//318
f 838//322 839//322 835//322
f 835//323 839//324 830//325
f 839//324 840//326 830//325
f 830//327 840//327 831//327
f 841//328 842//329 843//330
f 843//330 844//331 841//328
f 844//332 845//332 841//332
f 841//333 845//334 836//335
f 845//334 846//336 836//335
f 836//337 846//337 837//337
f 847//338 848//339 849//340
f 849//340 850//341 847//338
f 850//342 851//342 847//342
f 847//343 851//344 842//345
f 851//344 852//346 842//345
f 842//347 852//347 843//347
f 853//348 854//349 855//350
f 855//350 856//351 853//348
f 856//352 857//352 853//352
f 853//353 857//354 848//355
f 857//354 858//356 848//355
f 848//357 858//357 849//357
f 859//358 860//359 861//360
f 860//361 862//361 861//361
f 861//362 862//363 854//364
f 862//363 863//365 854//364
f 854//366 863//366 855//366
f 861//360 864//367 859//358
f 864//368 865//368 859//368
f 859//368 865//368 866//368
f 865//369 867//369 866//369
f 866//369 867//369 868//369
f 867//370 869//370 868//370
f 868//370 869//370 870//370
f 869//371 871//371 870//371
f 870//371 871//371 872//371
f 871//372 873//372 872//372
f 872//372 873//372 874//372
f 873//373 875//373 874//373
f 874//373 875//373 876//373
f 875//374 877//374 876//374
f 876//374 877//374 878//374
f 877//375 879//375 878//375
f 878//375 879//375 880//375
f 879//376 881//376 880//376
f 880//376 881//376 882//376
f 881//377 883//377 882//377
f 882//377 883//377 884//377
f 883//378 885//378 884//378
f 884//378 885//378 886//378
f 885//379 887//379 886//379
f 886//379 887//379 888//379
f 887//380 889//380 888//380
f 888//380 889//380 890//380
f 889//381 891//381 890//381
f 890//381 891//381 892//381
f 891//382 893//382 892//382
f 892//382 893//382 894//382
f 893//383 895//383 894//383
f 894//383 895//383 896//383
f 895//384 897//384 896//384
f 896//384 897//384 898//384
f 897//385 899//385 898//385
f 898//385 899//385 900//385
f 899//386 901//386 900//386
f 900//386 901//386 902//386
f 901//387 903//387 902//387
f 902//387 903//387 904//387
f 903//388 905//388 904//388
f 904//388 905//388 906//388
f 905//389 204//389 906//389
f 906//389 204//389 207//389
f 907//186 908//186 38//186
f 908//186 909//186 38//186
f 38//186 909//186 824//186
f 910//186 911//186 34//186
f 911//186 912//186 34//186
f 34//186 912//186 913//186
f 900//390 902//391 914//392
f 902//391 904//393 914//392
f 904//393 906//394 914//392
f 914//395 906//396 207//397
f 915//398 660//399 663//400
f 900//390 914//392 898//401
f 914//392 915//402 898//401
f 898//403 915//404 896//405
f 915//404 916//406 896//405
f 896//407 916//408 894//408
f 888//409 890//410 916//408
f 890//410 892//411 916//408
f 916//408 892//411 894//408
f 882//412 884//413 916//414
f 884//413 886//415 916//414
f 916//408 886//416 888//409
f 876//417 878//418 916//414
f 878//418 880//419 916//414
f 916//414 880//419 882//412
f 870//420 872//421 916//414
f 872//421 874//422 916//414
f 916//414 874//422 876//417
f 857//423 856//423 916//424
f 856//423 855//425 916//424
f 916//424 855//425 863//426
f 850//427 849//423 916//424
f 849//423 858//428 916//424
f 916//424 858//428 857//423
f 843//429 852//430 916//424
f 852//430 851//426 916//424
f 916//424 851//426 850//427
f 846//431 845//432 916//424
f 845//432 844//433 916//424
f 916//424 844//433 843//429
f 839//434 838//435 916//424
f 838//435 837//436 916//424
f 916//424 837//436 846//431
f 832//437 831//438 916//424
f 831//438 840//439 916//424
f 916//424 840//439 839//434
f 827//440 834//441 916//424
f 834//441 833//442 916//424
f 916//424 833//442 832//437
f 915//398 663//400 916//424
f 663//400 828//443 916//424
f 916//424 828//443 827//440
f 863//426 862//444 916//424
f 862//444 860//445 916//424
f 916//424 860//445 859//446
f 859//446 866//447 916//424
f 866//448 868//449 916//414
f 916//414 868//449 870//420
f 207//397 208//450 914//395
f 208//451 209//451 914//451
f 914//451 209//451 917//451
f 209//452 210//452 917//452
f 917//452 210//452 918//452
f 758//1 757//1 919//1
f 920//1 688//1 687//453
f 687//453 686//1 920//1
f 686//1 685//1 920//1
f 920//1 685//1 684//1
f 681//1 680//1 920//1
f 921//1 922//1 923//1
f 922//1 924//1 923//1
f 925//1 926//1 500//1
f 708//1 707//1 258//1
f 927//1 911//1 928//1
f 911//1 910//1 928//1
f 757//1 756//1 919//1
f 756//1 755//1 919//1
f 919//1 755//1 754//1
f 749//1 919//1 750//1
f 919//1 751//1 750//1
f 347//1 929//1 930//1
f 717//1 258//1 718//1
f 258//1 719//1 718//1
f 754//1 753//1 919//1
f 753//1 752//1 919//1
f 919//1 752//1 751//1
f 931//1 932//1 500//1
f 932//1 933//1 500//1
f 500//1 933//1 934//1
f 799//1 348//1 800//1
f 348//1 801//1 800//1
f 935//1 936//1 937//1
f 936//1 938//1 937//1
f 939//1 940//1 941//1
f 940//1 942//1 941//1
f 684//1 683//1 920//1
f 683//1 682//1 920//1
f 920//1 682//1 681//1
f 680//1 679//1 920//1
f 679//1 678//1 920//1
f 920//1 678//1 677//1
f 943//1 944//1 923//1
f 934//1 945//1 500//1
f 945//1 946//1 500//1
f 500//1 946//1 947//1
f 948//1 949//1 348//1
f 950//1 951//1 952//1
f 953//1 954//1 955//1
f 954//1 956//1 955//1
f 955//1 956//1 957//1
f 958//1 959//1 960//1
f 792//1 791//1 348//1
f 791//1 790//1 348//1
f 348//1 790//1 789//1
f 935//1 961//1 936//1
f 961//1 962//1 936//1
f 936//1 962//1 963//1
f 963//1 964//1 936//1
f 964//1 965//1 936//1
f 936//1 965//1 966//1
f 967//1 660//1 915//1
f 915//1 914//1 967//1
f 914//1 917//1 967//1
f 967//1 917//1 918//1
f 968//1 969//1 660//1
f 726//1 725//1 261//1
f 725//1 724//1 261//1
f 261//1 724//1 723//1
f 717//1 716//1 258//1
f 716//1 715//1 258//1
f 258//1 715//1 714//1
f 258//1 707//1 970//1
f 700//1 699//1 971//1
f 699//1 698//1 971//1
f 971//1 698//1 697//1
f 697//1 696//1 971//1
f 696//1 695//1 971//1
f 971//1 695//1 972//1
f 695//1 694//1 972//1
f 972//1 694//1 693//1
f 693//1 692//1 972//1
f 692//1 691//1 972//1
f 972//1 691//1 690//1
f 920//1 973//1 688//1
f 973//1 972//1 688//1
f 688//1 972//1 689//1
f 972//1 690//1 689//1
f 944//1 974//1 923//1
f 974//1 975//1 923//1
f 923//1 975//1 976//1
f 947//1 977//1 500//1
f 977//1 978//1 500//1
f 500//1 978//1 925//1
f 953//1 979//1 954//1
f 979//1 980//1 954//1
f 954//1 980//1 981//1
f 980//1 982//1 981//1
f 982//1 983//1 981//1
f 981//1 983//1 984//1
f 931//1 500//1 960//1
f 500//1 498//1 960//1
f 960//1 498//1 958//1
f 796//1 795//1 348//1
f 795//1 794//1 348//1
f 794//1 793//1 348//1
f 348//1 793//1 792//1
f 789//1 788//1 348//1
f 788//1 787//1 348//1
f 348//1 787//1 786//1
f 786//1 785//1 348//1
f 785//1 784//1 348//1
f 348//1 784//1 783//1
f 783//1 782//1 348//1
f 782//1 781//1 348//1
f 348//1 781//1 780//1
f 780//1 779//1 348//1
f 779//1 778//1 348//1
f 348//1 778//1 777//1
f 762//1 761//1 985//1
f 761//1 760//1 985//1
f 985//1 760//1 919//1
f 760//1 759//2 919//1
f 919//1 759//2 758//1
f 966//1 986//1 936//1
f 986//1 987//1 936//1
f 936//1 987//1 988//1
f 989//1 990//1 942//1
f 991//1 992//1 993//1
f 992//1 994//1 993//1
f 214//1 213//1 737//1
f 213//1 212//1 737//1
f 218//1 736//1 219//1
f 736//1 735//1 219//1
f 219//1 735//1 220//1
f 735//1 221//1 220//1
f 723//1 722//1 261//1
f 722//1 721//1 261//1
f 261//1 721//1 258//1
f 721//1 720//1 258//1
f 258//1 720//1 719//1
f 714//1 713//1 258//1
f 713//1 712//1 258//1
f 258//1 712//1 711//1
f 711//1 710//1 258//1
f 710//1 709//1 258//1
f 258//1 709//1 708//1
f 707//1 706//1 970//1
f 706//1 705//1 970//1
f 970//1 705//1 704//1
f 995//1 996//1 928//1
f 996//1 997//1 928//1
f 739//1 998//1 740//1
f 998//1 999//1 740//1
f 740//1 999//1 741//1
f 999//1 1000//1 741//1
f 741//1 1000//1 742//1
f 1000//1 1001//1 742//1
f 742//1 1001//1 743//1
f 1001//1 1002//1 743//1
f 743//1 1002//1 744//1
f 1002//1 1003//1 744//1
f 744//1 1003//1 745//1
f 1003//1 1004//1 745//1
f 745//1 1004//1 746//1
f 1004//1 1005//1 746//1
f 746//1 1005//1 747//1
f 1005//1 919//1 747//1
f 747//1 919//1 748//1
f 919//1 749//1 748//1
f 347//1 930//1 348//1
f 930//1 1006//1 348//1
f 348//1 1006//1 1007//1
f 1008//1 1009//1 1010//1
f 984//1 1011//1 981//1
f 1011//1 1012//1 981//1
f 981//1 1012//1 958//1
f 1012//1 1013//1 958//1
f 958//1 1013//1 959//1
f 1010//1 810//1 809//1
f 1010//1 806//1 805//1
f 777//1 776//1 348//1
f 776//1 775//1 348//1
f 348//1 775//1 774//1
f 766//1 348//1 767//1
f 348//1 768//1 767//1
f 766//1 765//1 348//1
f 765//1 764//1 348//1
f 348//1 764//1 985//1
f 764//1 763//1 985//1
f 985//1 763//1 762//1
f 988//1 1014//1 936//1
f 1014//1 1015//1 936//1
f 936//1 1015//1 1016//1
f 1015//1 1017//1 1016//1
f 1016//1 1017//1 1018//1
f 1017//1 1019//1 1018//1
f 1018//1 1019//1 1020//1
f 1019//1 1021//1 1020//1
f 1020//1 1021//1 1022//1
f 1021//1 1023//1 1022//1
f 1022//1 1023//1 1024//1
f 1023//1 1025//1 1024//1
f 1024//1 1025//1 1026//1
f 1025//1 1027//1 1026//1
f 1026//1 1027//1 1028//1
f 1027//1 1029//1 1028//1
f 1028//1 1029//1 347//1
f 1029//1 1030//1 347//1
f 347//1 1030//1 929//1
f 1031//1 942//1 1032//1
f 942//1 1033//1 1032//1
f 1031//1 1034//1 942//1
f 1034//1 1035//1 942//1
f 942//1 1035//1 1036//1
f 1037//1 1038//1 993//1
f 1039//1 1040//1 1041//1
f 1040//1 993//1 1041//1
f 1041//1 993//1 1042//1
f 993//1 994//1 1042//1
f 926//1 1043//1 500//1
f 1043//1 1044//1 500//1
f 500//1 1044//1 1045//1
f 1044//1 1046//1 1045//1
f 1045//1 1046//1 1047//1
f 1046//1 1048//1 1047//1
f 1047//1 1048//1 1049//1
f 1048//1 1050//1 1049//1
f 1049//1 1050//1 1051//1
f 1050//1 1052//1 1051//1
f 1051//1 1052//1 1053//1
f 1052//1 1054//1 1053//1
f 1053//1 1054//1 1055//1
f 1054//1 1056//1 1055//1
f 1055//1 1056//1 1057//1
f 1056//1 1058//1 1057//1
f 1057//1 1058//1 967//1
f 1058//1 1059//1 967//1
f 967//1 1059//1 1060//1
f 968//1 660//1 1061//1
f 969//1 1062//1 660//1
f 1062//1 1063//1 660//1
f 660//1 1063//1 1064//1
f 942//1 661//1 660//1
f 218//1 217//1 736//1
f 217//1 216//1 736//1
f 736//1 216//1 737//1
f 216//1 215//1 737//1
f 737//1 215//1 214//1
f 704//1 703//1 970//1
f 703//1 702//1 970//1
f 970//1 702//1 971//1
f 702//1 701//1 971//1
f 971//1 701//1 700//1
f 910//1 1065//1 928//1
f 1065//1 1066//1 928//1
f 928//1 1066//1 995//1
f 924//1 1067//1 1068//1
f 1069//1 1070//1 923//1
f 1070//1 1071//1 923//1
f 1071//1 1072//1 923//1
f 1072//1 1073//1 923//1
f 923//1 1073//1 1074//1
f 1074//1 1075//1 923//1
f 1075//1 1076//1 923//1
f 923//1 1076//1 943//1
f 1009//1 1077//1 1010//1
f 1077//1 1078//1 1010//1
f 1010//1 1078//1 1079//1
f 1079//1 1080//1 1010//1
f 1080//1 1081//1 1010//1
f 1010//1 1081//1 952//1
f 1081//1 1082//1 952//1
f 952//1 1082//1 950//1
f 809//1 808//1 1010//1
f 808//1 807//1 1010//1
f 1010//1 807//1 806//1
f 805//1 804//1 1010//1
f 804//1 803//1 1010//1
f 1010//1 803//1 348//1
f 803//1 802//1 348//1
f 348//1 802//1 801//1
f 799//1 798//1 348//1
f 798//1 797//1 348//1
f 348//1 797//1 796//1
f 774//1 773//1 348//1
f 773//1 772//1 348//1
f 348//1 772//1 771//1
f 1036//1 1083//1 942//1
f 1083//1 1084//1 942//1
f 942//1 1084//1 989//1
f 1085//1 660//1 1086//1
f 660//1 1087//1 1086//1
f 1088//1 1089//1 168//1
f 211//1 1090//1 998//1
f 733//1 238//1 237//3
f 729//1 728//1 261//1
f 728//1 727//1 261//1
f 261//1 727//1 726//1
f 997//1 1091//1 928//1
f 1091//1 1092//1 928//1
f 928//1 1092//1 1093//1
f 1093//1 1094//1 928//1
f 1094//1 1095//1 928//1
f 928//1 1095//1 1096//1
f 1007//1 1097//1 348//1
f 1097//1 1098//1 348//1
f 348//1 1098//1 948//1
f 949//1 1099//1 348//1
f 1099//1 1100//1 348//1
f 348//1 1100//1 1101//1
f 1102//1 1010//1 1103//1
f 1010//1 348//1 1103//1
f 1103//1 348//1 1104//1
f 348//1 1101//1 1104//1
f 1102//1 1105//1 1010//1
f 1105//1 1106//1 1010//1
f 1010//1 1106//1 1107//1
f 1107//1 1108//1 1010//1
f 1108//1 1109//1 1010//1
f 1010//1 1109//1 1110//1
f 1110//1 1111//1 1010//1
f 1111//1 1112//1 1010//1
f 1010//1 1112//1 1113//1
f 957//1 956//1 1114//1
f 956//1 1115//1 1114//1
f 1114//1 1115//1 1116//1
f 1115//1 1117//1 1116//1
f 1116//1 1117//1 1118//1
f 1117//1 1119//1 1118//1
f 1118//1 1119//1 951//1
f 1119//1 1120//1 951//1
f 951//1 1120//1 952//1
f 677//1 676//1 920//1
f 676//1 675//1 920//1
f 920//1 675//1 1121//1
f 675//1 674//1 1121//1
f 1121//1 674//1 1122//1
f 674//1 673//1 1122//1
f 1122//1 673//1 1123//1
f 673//1 672//1 1123//1
f 1123//1 672//1 1124//1
f 672//1 671//1 1124//1
f 1124//1 671//1 1125//1
f 671//1 814//1 1125//1
f 1125//1 814//1 1126//1
f 814//1 813//1 1126//1
f 1126//1 813//1 1127//1
f 813//1 812//1 1127//1
f 1127//1 812//1 1010//1
f 812//1 811//1 1010//1
f 1010//1 811//1 810//1
f 771//1 770//1 348//1
f 770//1 769//1 348//1
f 348//1 769//1 768//1
f 1128//1 1129//1 942//1
f 1129//1 1130//1 942//1
f 942//1 1130//1 1033//1
f 1131//1 660//1 1132//1
f 660//1 1133//1 1132//1
f 1131//1 1134//1 660//1
f 1134//1 1135//1 660//1
f 660//1 1135//1 1087//1
f 660//1 1136//1 1137//1
f 1137//1 1138//1 660//1
f 1138//1 1139//1 660//1
f 660//1 1139//1 1140//1
f 212//1 211//1 737//1
f 211//1 998//1 737//1
f 737//1 998//1 738//1
f 998//1 739//1 738//1
f 228//1 227//1 734//1
f 227//1 226//1 734//1
f 734//1 226//1 225//1
f 225//1 224//1 734//1
f 224//1 223//1 734//1
f 734//1 223//1 735//1
f 223//1 222//1 735//1
f 735//1 222//1 221//1
f 1096//1 1141//1 928//1
f 1141//1 1142//1 928//1
f 928//1 1142//1 1143//1
f 1143//1 1144//1 928//1
f 1144//1 1145//1 928//1
f 928//1 1145//1 924//1
f 1145//1 1146//1 924//1
f 924//1 1146//1 1067//1
f 1068//1 1147//1 924//1
f 1147//1 1148//1 924//1
f 924//1 1148//1 923//1
f 1148//1 1149//1 923//1
f 923//1 1149//1 1069//1
f 1113//1 1150//1 1010//1
f 1150//1 1151//1 1010//1
f 1010//1 1151//1 1008//1
f 1060//1 1152//1 967//1
f 1152//1 1153//1 967//1
f 967//1 1153//1 1154//1
f 1064//1 1155//1 660//1
f 1155//1 1156//1 660//1
f 660//1 1156//1 1133//1
f 162//1 161//1 660//1
f 161//1 160//1 660//1
f 235//1 234//3 734//1
f 976//1 1157//1 923//1
f 1157//1 1158//1 923//1
f 923//1 1158//1 261//1
f 1158//1 248//1 261//1
f 261//1 248//1 247//1
f 1159//1 1160//1 941//1
f 1160//1 1161//1 941//1
f 1038//1 1162//1 993//1
f 1162//1 1163//1 993//1
f 993//1 1163//1 1164//1
f 1164//1 1165//1 993//1
f 1165//1 1166//1 993//1
f 993//1 1166//1 1167//1
f 1085//1 1168//1 660//1
f 1168//1 1169//1 660//1
f 660//1 1169//1 1170//1
f 1170//1 1171//1 660//1
f 1171//1 1172//1 660//1
f 660//1 1172//1 1173//1
f 1140//1 1174//1 660//1
f 1174//1 1175//1 660//1
f 660//1 1175//1 1176//1
f 733//1 237//3 734//1
f 237//3 236//1 734//1
f 734//1 236//1 235//1
f 247//1 246//1 261//1
f 246//1 245//1 261//1
f 261//1 245//1 244//3
f 990//1 1177//1 942//1
f 1177//1 1178//1 942//1
f 942//1 1178//1 941//1
f 1178//1 1179//1 941//1
f 941//1 1179//1 1159//1
f 1161//1 1180//1 941//1
f 1180//1 1181//1 941//1
f 941//1 1181//1 993//1
f 1181//1 1182//1 993//1
f 993//1 1182//1 1037//1
f 1167//1 1183//1 993//1
f 1183//1 1184//1 993//1
f 993//1 1184//1 991//1
f 1154//1 1185//1 967//1
f 1185//1 1186//1 967//1
f 967//1 1186//1 660//1
f 1186//1 1187//1 660//1
f 660//1 1187//1 1061//1
f 1173//1 1188//1 660//1
f 1188//1 1189//1 660//1
f 660//1 1189//1 1190//1
f 1190//1 1191//1 660//1
f 1191//1 1192//1 660//1
f 660//1 1192//1 1136//1
f 168//1 167//1 660//1
f 167//1 166//1 660//1
f 660//1 166//1 165//1
f 165//1 164//1 660//1
f 164//1 163//1 660//1
f 660//1 163//1 162//1
f 178//1 177//1 1089//1
f 177//1 176//1 1089//1
f 1089//1 176//1 175//1
f 1089//1 172//1 171//1
f 234//3 233//1 734//1
f 233//1 232//1 734//1
f 734//1 232//1 231//1
f 231//1 230//1 734//1
f 230//1 229//1 734//1
f 734//1 229//1 228//1
f 244//3 243//2 261//1
f 243//2 242//3 261//1
f 261//1 242//3 241//2
f 241//2 240//1 261//1
f 240//1 239//3 261//1
f 261//1 239//3 238//1
f 733//1 732//1 238//1
f 732//1 731//1 238//1
f 238//1 731//1 261//1
f 731//1 730//1 261//1
f 261//1 730//1 729//1
f 160//1 159//1 660//1
f 159//1 1193//1 660//1
f 660//1 1193//1 942//1
f 1193//1 1194//1 942//1
f 942//1 1194//1 1128//1
f 193//1 192//1 1089//1
f 192//1 191//1 1089//1
f 1089//1 191//1 190//1
f 181//1 1089//1 182//1
f 1089//1 183//1 182//1
f 181//1 180//1 1089//1
f 180//1 179//1 1089//1
f 1089//1 179//1 178//1
f 175//1 174//1 1089//1
f 174//1 173//1 1089//1
f 1089//1 173//1 172//1
f 171//1 170//1 1089//1
f 170//1 169//3 1089//1
f 1089//1 169//3 168//1
f 1176//1 1195//1 660//1
f 1195//1 1196//1 660//1
f 660//1 1196//1 168//1
f 1196//1 1197//1 168//1
f 168//1 1197//1 1088//1
f 187//1 186//1 1089//1
f 186//1 185//1 1089//1
f 185//1 184//1 1089//1
f 1089//1 184//1 183//1
f 190//1 189//1 1089//1
f 189//1 188//1 1089//1
f 1089//1 188//1 187//1
f 936//1 1198//1 938//1
f 1198//1 195//1 938//1
f 938//1 195//1 1199//1
f 195//1 194//1 1199//1
f 1199//1 194//1 1200//1
f 194//1 193//1 1200//1
f 1200//1 193//1 1201//1
f 193//1 1089//1 1201//1
f 1202//454 936//454 1016//454
f 1202//454 1016//454 1203//454
f 1016//455 1018//455 1203//455
f 1203//455 1018//455 1204//455
f 1018//456 1020//456 1204//456
f 1204//456 1020//456 1205//456
f 1020//457 1022//457 1205//457
f 1205//457 1022//457 1206//457
f 1022//458 1024//458 1206//458
f 1206//458 1024//458 1207//458
f 1024//459 1026//459 1207//459
f 1207//459 1026//459 1208//459
f 1026//460 1028//460 1208//460
f 1208//460 1028//460 1209//460
f 1028//461 347//461 1209//461
f 1209//461 347//461 346//461
f 985//98 919//98 35//98
f 919//98 1210//98 35//98
f 35//98 1210//98 1211//98
f 1211//1 1210//1 1212//1
f 1213//1 1214//1 1215//1
f 1214//1 1216//1 1215//1
f 1215//1 1216//1 1217//1
f 1212//1 1218//1 1211//1
f 1218//1 1219//1 1211//1
f 1211//1 1219//1 1215//1
f 1219//1 1220//1 1215//1
f 1215//1 1220//1 1213//1
f 824//1 909//1 825//1
f 909//1 1221//1 825//1
f 1222//1 1223//1 1224//1
f 1222//1 1224//1 1225//1
f 1226//1 1227//1 1228//1
f 1227//1 1229//1 1228//1
f 1229//1 1230//1 1228//1
f 1230//1 1231//1 1228//1
f 1228//1 1231//1 1224//1
f 1231//1 1232//1 1224//1
f 1224//1 1232//1 1225//1
f 41//98 12//98 159//98
f 12//98 1193//98 159//98
f 1233//51 263//51 1234//51
f 263//51 262//51 1234//51
f 262//51 1235//51 1234//51
f 1235//51 1236//51 1234//51
f 1234//51 1236//51 1237//51
f 1238//98 1239//98 941//98
f 1239//98 939//98 941//98
f 816//98 967//98 817//98
f 967//98 918//98 817//98
f 817//98 918//98 253//98
f 918//98 210//98 253//98
f 253//98 210//98 251//98
f 210//98 206//98 251//98
f 197//98 203//98 501//98
f 203//98 249//98 501//98
f 35//462 1211//462 4//462
f 1211//462 1215//462 4//462
f 825//98 1221//98 10//98
f 1221//98 1039//98 10//98
f 10//98 1039//98 1041//98
f 24//186 2//186 1158//186
f 2//186 248//186 1158//186
f 1240//50 940//50 939//50
f 922//50 921//50 1241//50
f 921//50 1242//50 1241//50
f 1243//50 1244//50 1241//50
f 250//50 494//50 927//50
f 501//50 1040//50 1039//50
f 504//50 495//50 1245//50
f 495//50 252//50 1245//50
f 1244//50 1246//50 1241//50
f 1246//50 1247//50 1241//50
f 1241//50 1247//50 1248//50
f 1039//50 1221//50 501//50
f 1221//50 909//50 501//50
f 501//50 909//50 494//50
f 205//50 1249//50 1239//50
f 1241//50 1250//50 1251//50
f 1241//50 1252//50 1253//50
f 1241//50 1254//50 1233//50
f 1040//50 501//50 1255//50
f 501//50 249//50 1255//50
f 1255//50 249//50 1239//50
f 1242//50 256//50 1241//50
f 256//50 255//50 1241//50
f 1241//50 255//50 1250//50
f 1251//50 1256//50 1241//50
f 1256//50 1257//50 1241//50
f 1241//50 1257//50 1243//50
f 1248//50 1258//50 1241//50
f 1258//50 1259//50 1241//50
f 1241//50 1259//50 1252//50
f 927//50 1260//50 250//50
f 1260//50 1241//50 250//50
f 250//50 1241//50 1261//50
f 1241//50 1233//50 1261//50
f 1261//50 1233//50 1234//50
f 911//50 927//50 912//50
f 927//50 494//50 912//50
f 912//50 494//50 1262//50
f 494//50 909//50 1262//50
f 1262//50 909//50 1263//50
f 909//50 908//50 1263//50
f 1261//50 1245//50 250//50
f 1245//50 252//50 250//50
f 250//50 252//50 249//50
f 252//50 251//50 249//50
f 249//50 251//50 1239//50
f 251//50 206//50 1239//50
f 1239//50 206//50 205//50
f 1264//50 1265//50 1239//50
f 1265//50 1266//50 1239//50
f 1239//50 1266//50 1267//50
f 1268//50 1269//50 1241//50
f 1269//50 1270//50 1241//50
f 939//50 1239//50 1240//50
f 1239//50 665//50 1240//50
f 1240//50 665//50 666//50
f 1270//50 1271//50 1241//50
f 1271//50 1272//50 1241//50
f 1241//50 1272//50 1273//50
f 1273//50 1274//50 1241//50
f 1274//50 1275//50 1241//50
f 1241//50 1275//50 1276//50
f 1277//50 1278//50 1239//50
f 1279//50 1280//50 1239//50
f 1280//50 1281//50 1239//50
f 1239//50 1281//50 665//50
f 1241//50 1282//50 1283//50
f 1276//50 1284//50 1241//50
f 1284//50 1285//50 1241//50
f 1241//50 1285//50 1254//50
f 1249//50 1286//50 1239//50
f 1286//50 1287//50 1239//50
f 1239//50 1287//50 1288//50
f 1288//50 1289//50 1239//50
f 1289//50 1290//50 1239//50
f 1239//50 1290//50 1291//50
f 1291//50 1292//50 1239//50
f 1292//50 1293//50 1239//50
f 1239//50 1293//50 1264//50
f 1294//50 1295//50 1239//50
f 1295//50 1296//50 1239//50
f 1239//50 1296//50 1297//50
f 1253//50 1298//50 1241//50
f 1298//50 1299//50 1241//50
f 1241//50 1299//50 1282//50
f 1283//50 1300//50 1241//50
f 1300//50 1301//50 1241//50
f 1241//50 1301//50 1268//50
f 1267//50 1302//50 1239//50
f 1302//50 1303//50 1239//50
f 1239//50 1303//50 1294//50
f 1297//50 1304//50 1239//50
f 1304//50 1305//50 1239//50
f 1239//50 1305//50 1306//50
f 1278//50 1307//50 1239//50
f 1307//50 1308//50 1239//50
f 1239//50 1308//50 1279//50
f 1306//50 1309//50 1239//50
f 1309//50 1310//50 1239//50
f 1239//50 1310//50 1277//50
f 912//1 1262//1 913//1
f 1262//1 1311//1 913//1
f 200//51 202//51 668//51
f 202//51 670//51 668//51
f 307//463 310//464 1312//465
f 307//463 1312//465 305//466
f 310//464 309//467 1312//465
f 309//467 316//468 1312//465
f 1312//465 316//468 315//469
f 315//469 314//470 1312//465
f 314//470 313//470 1312//465
f 1312//465 313//470 322//471
f 322//471 321//470 1312//465
f 321//470 320//472 1312//465
f 1312//465 320//472 319//468
f 319//468 328//473 1312//465
f 328//473 327//474 1312//465
f 1312//465 327//474 326//475
f 326//475 325//476 1312//465
f 325//476 334//477 1312//465
f 1312//465 334//477 333//478
f 333//478 332//479 1312//465
f 332//479 331//480 1312//465
f 1312//465 331//480 340//481
f 340//481 339//482 1312//465
f 339//482 338//483 1312//465
f 1312//465 338//483 337//484
f 337//484 344//485 1312//465
f 344//485 343//486 1312//465
f 1312//465 343//486 342//487
f 1312//488 279//489 281//490
f 281//490 283//491 1312//488
f 283//491 285//492 1312//488
f 1312//488 285//492 287//493
f 287//494 289//495 1312//465
f 289//495 291//496 1312//465
f 1312//465 291//496 293//497
f 293//497 295//498 1312//465
f 295//498 297//499 1312//465
f 1312//465 297//499 299//500
f 299//500 301//501 1312//465
f 301//501 303//502 1312//465
f 1312//465 303//502 305//466
f 342//487 259//503 1312//465
f 259//503 258//503 1312//465
f 1312//504 258//505 970//506
f 262//507 265//508 971//509
f 265//508 267//510 971//509
f 971//509 267//510 269//511
f 269//511 271//512 971//509
f 271//512 273//513 971//509
f 971//514 273//514 970//514
f 273//515 275//515 970//515
f 970//506 275//516 1312//504
f 275//517 277//517 1312//517
f 1312//488 277//518 279//489
f 262//519 971//519 1235//519
f 971//520 972//520 1235//520
f 1235//520 972//520 1236//520
f 972//521 973//521 1236//521
f 1236//521 973//521 1237//521
f 1313//1 1263//1 907//1
f 1263//1 908//1 907//1
f 499//522 500//522 1045//522
f 499//522 1045//522 819//522
f 1045//523 1047//523 819//523
f 819//523 1047//523 820//523
f 1047//524 1049//524 820//524
f 820//524 1049//524 821//524
f 1049//525 1051//525 821//525
f 821//525 1051//525 822//525
f 1051//526 1053//526 822//526
f 822//526 1053//526 823//526
f 1053//527 1055//527 823//527
f 823//527 1055//527 818//527
f 1055//528 1057//528 818//528
f 818//528 1057//528 815//528
f 1057//529 967//529 815//529
f 815//529 967//529 816//529
f 1223//98 1010//98 1224//98
f 1010//98 952//98 1224//98
f 1224//98 952//98 1314//98
f 952//98 521//98 1314//98
f 1314//98 521//98 1245//98
f 521//98 504//98 1245//98
f 195//50 1198//50 40//50
f 1198//50 39//50 40//50
f 202//186 196//186 670//186
f 196//186 669//186 670//186
f 34//50 913//50 36//50
f 913//50 1311//50 36//50
f 1042//462 11//462 1041//462
f 11//462 10//462 1041//462
f 498//530 496//530 555//530
f 498//530 555//530 958//530
f 555//531 557//531 958//531
f 958//531 557//531 981//531
f 557//532 559//532 981//532
f 981//532 559//532 954//532
f 559//533 561//533 954//533
f 954//533 561//533 956//533
f 561//534 584//534 956//534
f 956//534 584//534 1115//534
f 584//535 583//535 1115//535
f 1115//535 583//535 1117//535
f 583//536 581//536 1117//536
f 1117//536 581//536 1119//536
f 581//537 516//537 1119//537
f 1119//537 516//537 1120//537
f 516//538 521//538 1120//538
f 1120//538 521//538 952//538
f 1204//1 1315//1 1203//1
f 1315//1 1202//1 1203//1
f 346//1 345//1 1209//1
f 345//1 1208//1 1209//1
f 1204//1 1205//1 1315//1
f 1205//1 1206//1 1315//1
f 1315//1 1206//1 345//1
f 1206//1 1207//1 345//1
f 345//1 1207//1 1208//1
f 1198//98 936//98 39//98
f 936//98 1202//98 39//98
f 39//98 1202//98 1315//98
f 1316//1 1317//1 1318//1
f 1317//1 1319//1 1318//1
f 1318//1 1319//1 1320//1
f 1321//1 1322//1 1318//1
f 1322//1 1323//1 1318//1
f 1318//1 1323//1 1316//1
f 1324//1 1325//1 1318//1
f 1325//1 1326//1 1318//1
f 1318//1 1326//1 1321//1
f 1327//1 1328//1 1318//1
f 1328//1 1329//1 1318//1
f 1318//1 1329//1 1324//1
f 1330//1 1331//1 1318//1
f 1331//1 1332//1 1318//1
f 1318//1 1332//1 1327//1
f 1333//1 1334//1 1318//1
f 1334//1 1335//1 1318//1
f 1318//1 1335//1 1330//1
f 1336//1 1337//1 1318//1
f 1337//1 1338//1 1318//1
f 1318//1 1338//1 1333//1
f 1339//1 1340//1 1318//1
f 1340//1 1341//1 1318//1
f 1318//1 1341//1 1336//1
f 1342//1 1343//1 1318//1
f 1343//1 1344//1 1318//1
f 1318//1 1344//1 1339//1
f 1345//1 1346//1 1318//1
f 1346//1 1347//1 1318//1
f 1318//1 1347//1 1342//1
f 1348//1 1349//1 1318//1
f 1349//1 1350//1 1318//1
f 1318//1 1350//1 1345//1
f 1351//1 1352//1 1318//1
f 1352//1 1353//1 1318//1
f 1318//1 1353//1 1348//1
f 1354//1 1355//1 1318//1
f 1355//1 1356//1 1318//1
f 1318//1 1356//1 1351//1
f 1357//1 1358//1 1318//1
f 1358//1 1359//1 1318//1
f 1318//1 1359//1 1354//1
f 1360//1 1361//1 1318//1
f 1361//1 1362//1 1318//1
f 1318//1 1362//1 1357//1
f 1363//1 1364//1 1318//1
f 1364//1 1365//1 1318//1
f 1318//1 1365//1 1360//1
f 1366//1 1367//1 1318//1
f 1367//1 1368//1 1318//1
f 1318//1 1368//1 1363//1
f 1369//1 1370//1 1318//1
f 1370//1 1371//1 1318//1
f 1318//1 1371//1 1366//1
f 1372//1 1373//1 1318//1
f 1373//1 1374//1 1318//1
f 1318//1 1374//1 1369//1
f 1375//1 1376//1 1318//1
f 1376//1 1377//1 1318//1
f 1318//1 1377//1 1372//1
f 1378//1 1379//1 1318//1
f 1379//1 1380//1 1318//1
f 1318//1 1380//1 1375//1
f 1381//1 1382//1 1318//1
f 1382//1 1383//1 1318//1
f 1318//1 1383//1 1378//1
f 1384//1 1385//1 1318//1
f 1385//1 1386//1 1318//1
f 1318//1 1386//1 1381//1
f 1387//1 1388//1 1318//1
f 1388//1 1389//1 1318//1
f 1318//1 1389//1 1384//1
f 1390//1 1391//1 1318//1
f 1391//1 1392//1 1318//1
f 1318//1 1392//1 1387//1
f 1393//1 1394//1 1318//1
f 1394//1 1395//1 1318//1
f 1318//1 1395//1 1390//1
f 1396//1 1397//1 1318//1
f 1397//1 1398//1 1318//1
f 1318//1 1398//1 1393//1
f 1399//1 1400//1 1318//1
f 1400//1 1401//1 1318//1
f 1318//1 1401//1 1396//1
f 1402//1 1403//1 1318//1
f 1403//1 1404//1 1318//1
f 1318//1 1404//1 1399//1
f 1405//1 1406//1 1318//1
f 1406//1 1407//1 1318//1
f 1318//1 1407//1 1402//1
f 1408//1 1409//1 1318//1
f 1409//1 1410//1 1318//1
f 1318//1 1410//1 1405//1
f 1411//1 1412//1 1318//1
f 1412//1 1413//1 1318//1
f 1318//1 1413//1 1408//1
f 1414//1 1415//1 1318//1
f 1415//1 1416//1 1318//1
f 1318//1 1416//1 1411//1
f 1417//1 1418//1 1318//1
f 1418//1 1419//1 1318//1
f 1318//1 1419//1 1414//1
f 1420//1 1421//1 1318//1
f 1421//1 1422//1 1318//1
f 1318//1 1422//1 1417//1
f 1423//1 1424//1 1318//1
f 1424//1 1425//1 1318//1
f 1318//1 1425//1 1420//1
f 1426//1 1427//1 1318//1
f 1427//1 1428//1 1318//1
f 1318//1 1428//1 1423//1
f 1429//1 1430//1 1318//1
f 1430//1 1431//1 1318//1
f 1318//1 1431//1 1426//1
f 1432//1 1433//1 1318//1
f 1433//1 1434//1 1318//1
f 1318//1 1434//1 1429//1
f 1435//1 1436//1 1318//1
f 1436//1 1437//1 1318//1
f 1318//1 1437//1 1432//1
f 1438//1 1439//1 1318//1
f 1439//1 1440//1 1318//1
f 1318//1 1440//1 1435//1
f 1441//1 1442//1 1318//1
f 1442//1 1443//1 1318//1
f 1318//1 1443//1 1438//1
f 1444//1 1445//1 1318//1
f 1445//1 1446//1 1318//1
f 1318//1 1446//1 1441//1
f 1447//1 1448//1 1318//1
f 1448//1 1449//1 1318//1
f 1318//1 1449//1 1444//1
f 1450//1 1451//1 1318//1
f 1451//1 1452//1 1318//1
f 1318//1 1452//1 1447//1
f 1453//1 1454//1 1318//1
f 1454//1 1455//1 1318//1
f 1318//1 1455//1 1450//1
f 1456//1 1457//1 1318//1
f 1457//1 1458//1 1318//1
f 1318//1 1458//1 1453//1
f 1320//1 1459//1 1318//1
f 1459//1 1460//1 1318//1
f 1318//1 1460//1 1456//1
f 196//1 198//1 669//1
f 198//1 667//1 669//1
f 1261//186 1234//186 1461//186
f 1234//186 1237//186 1461//186
f 1461//186 1237//186 1228//186
f 1237//186 973//186 1228//186
f 1228//186 973//186 1226//186
f 973//186 920//186 1226//186
f 907//462 38//462 1313//462
f 38//462 36//462 1313//462
f 1311//98 1262//98 36//98
f 1262//98 1263//98 36//98
f 36//98 1263//98 1313//98
f 1215//186 1217//186 4//186
f 1217//186 998//186 4//186
f 4//186 998//186 1090//186
f 39//462 1315//462 37//462
f 1315//462 345//462 37//462
f 1314//51 1245//51 1461//51
f 1245//51 1261//51 1461//51
f 24//225 1158//225 26//225
f 1158//225 1157//225 26//225
f 26//226 1157//226 27//226
f 1157//226 976//226 27//226
f 27//227 976//227 28//227
f 976//227 975//227 28//227
f 28//228 975//228 29//539
f 975//228 974//539 29//539
f 29//229 974//229 30//229
f 974//229 944//229 30//229
f 30//540 944//540 31//540
f 944//540 943//540 31//540
f 31//541 943//542 32//542
f 943//542 1076//542 32//542
f 32//543 1076//543 33//543
f 1076//543 1075//232 33//543
f 33//233 1075//233 80//233
f 1075//233 1074//233 80//233
f 80//234 1074//234 9//234
f 1074//234 1073//544 9//234
f 9//235 1073//235 60//235
f 1073//235 1072//235 60//235
f 60//236 1072//236 61//236
f 1072//236 1071//236 61//236
f 61//237 1071//237 62//237
f 1071//237 1070//237 62//237
f 62//545 1070//546 74//546
f 1070//546 1069//546 74//546
f 74//547 1069//547 75//547
f 1069//547 1149//547 75//547
f 75//240 1149//240 76//240
f 1149//240 1148//240 76//240
f 76//548 1148//548 113//241
f 1148//548 1147//241 113//241
f 113//549 1147//549 114//549
f 1147//549 1068//242 114//549
f 114//550 1068//550 149//243
f 1068//550 1067//243 149//243
f 149//244 1067//244 133//244
f 1067//244 1146//551 133//244
f 133//245 1146//245 134//245
f 1146//245 1145//245 134//245
f 134//246 1145//246 135//552
f 1145//246 1144//552 135//552
f 135//553 1144//553 150//553
f 1144//553 1143//553 150//553
f 150//248 1143//248 116//248
f 1143//248 1142//248 116//248
f 116//249 1142//249 115//249
f 1142//249 1141//249 115//249
f 115//250 1141//250 7//250
f 1141//250 1096//250 7//250
f 7//251 1096//251 8//251
f 1096//251 1095//251 8//251
f 8//252 1095//252 52//252
f 1095//252 1094//252 52//252
f 52//253 1094//253 53//253
f 1094//253 1093//253 53//253
f 53//254 1093//254 50//554
f 1093//254 1092//554 50//554
f 50//255 1092//255 51//255
f 1092//255 1091//255 51//255
f 51//256 1091//256 77//256
f 1091//256 997//256 77//256
f 77//257 997//257 78//257
f 997//257 996//257 78//257
f 78//555 996//555 79//555
f 996//555 995//555 79//555
f 79//259 995//259 81//259
f 995//259 1066//259 81//259
f 81//260 1066//260 25//260
f 1066//260 1065//260 25//260
f 1461//462 1228//462 1314//462
f 1228//462 1224//462 1314//462
f 1462//50 1238//50 993//50
f 1238//50 941//50 993//50
f 11//556 1042//556 13//556
f 1042//556 994//556 13//556
f 13//557 994//557 90//557
f 994//557 992//557 90//557
f 90//558 992//558 91//558
f 992//558 991//558 91//558
f 91//559 991//559 118//559
f 991//559 1184//559 118//559
f 118//560 1184//560 85//560
f 1184//560 1183//560 85//560
f 85//561 1183//561 82//561
f 1183//561 1167//561 82//561
f 82//562 1167//562 83//562
f 1167//562 1166//562 83//562
f 83//563 1166//564 84//564
f 1166//564 1165//564 84//564
f 84//565 1165//565 117//565
f 1165//565 1164//565 117//565
f 117//566 1164//566 86//566
f 1164//566 1163//567 86//566
f 86//568 1163//568 87//569
f 1163//568 1162//569 87//569
f 87//570 1162//570 119//570
f 1162//570 1038//571 119//570
f 119//572 1038//572 89//572
f 1038//572 1037//572 89//572
f 89//573 1037//573 88//573
f 1037//573 1182//573 88//573
f 88//574 1182//574 120//574
f 1182//574 1181//574 120//574
f 120//575 1181//575 121//575
f 1181//575 1180//575 121//575
f 121//576 1180//576 122//576
f 1180//576 1161//576 122//576
f 122//577 1161//577 136//578
f 1161//577 1160//578 136//578
f 136//579 1160//579 137//579
f 1160//579 1159//579 137//579
f 137//580 1159//580 92//580
f 1159//580 1179//580 92//580
f 92//581 1179//581 93//581
f 1179//581 1178//581 93//581
f 93//582 1178//582 94//582
f 1178//582 1177//582 94//582
f 94//583 1177//583 123//583
f 1177//583 990//583 123//583
f 123//584 990//584 124//584
f 990//584 989//584 124//584
f 124//585 989//585 63//585
f 989//585 1084//586 63//585
f 63//587 1084//587 64//588
f 1084//587 1083//588 64//588
f 64//589 1083//589 65//590
f 1083//589 1036//590 65//590
f 65//591 1036//591 95//592
f 1036//591 1035//592 95//592
f 95//593 1035//593 96//593
f 1035//593 1034//593 96//593
f 96//594 1034//594 54//594
f 1034//594 1031//594 54//594
f 54//595 1031//595 55//595
f 1031//595 1032//595 55//595
f 55//596 1032//596 125//596
f 1032//596 1033//596 125//596
f 125//597 1033//597 126//597
f 1033//597 1130//598 126//597
f 126//599 1130//600 127//600
f 1130//600 1129//600 127//600
f 127//601 1129//601 128//601
f 1129//601 1128//601 128//601
f 128//602 1128//602 129//603
f 1128//602 1194//603 129//603
f 129//604 1194//605 12//605
f 1194//605 1193//605 12//605
f 497//462 817//462 254//462
f 817//462 253//462 254//462
f 1255//186 1462//186 1040//186
f 1462//186 993//186 1040//186
f 1356//189 1052//189 1351//189
f 1052//189 1050//189 1351//189
f 1351//190 1050//190 1352//190
f 1050//190 1048//190 1352//190
f 1352//191 1048//191 1353//191
f 1048//191 1046//191 1353//191
f 1353//192 1046//192 1348//192
f 1046//192 1044//192 1348//192
f 1348//193 1044//193 1349//193
f 1044//193 1043//193 1349//193
f 1349//194 1043//194 1350//194
f 1043//194 926//194 1350//194
f 1350//195 926//195 1345//195
f 926//195 925//195 1345//195
f 1345//196 925//196 1346//196
f 925//196 978//196 1346//196
f 1346//197 978//197 1347//197
f 978//197 977//197 1347//197
f 1347//198 977//606 1342//198
f 977//606 947//606 1342//198
f 1342//199 947//199 1343//199
f 947//199 946//199 1343//199
f 1343//200 946//200 1344//200
f 946//200 945//200 1344//200
f 1344//201 945//607 1339//201
f 945//607 934//607 1339//201
f 1339//608 934//202 1340//608
f 934//202 933//202 1340//608
f 1340//203 933//203 1341//203
f 933//203 932//203 1341//203
f 1341//204 932//204 1336//204
f 932//204 931//204 1336//204
f 1336//205 931//205 1337//205
f 931//205 960//205 1337//205
f 1337//206 960//206 1338//206
f 960//206 959//206 1338//206
f 1338//609 959//609 1333//609
f 959//609 1013//609 1333//609
f 1333//610 1013//208 1334//610
f 1013//208 1012//208 1334//610
f 1334//209 1012//209 1335//209
f 1012//209 1011//209 1335//209
f 1335//611 1011//611 1330//611
f 1011//611 984//611 1330//611
f 1330//612 984//613 1331//612
f 984//613 983//613 1331//612
f 1331//212 983//614 1332//212
f 983//614 982//614 1332//212
f 1332//213 982//213 1327//213
f 982//213 980//213 1327//213
f 1327//214 980//214 1328//214
f 980//214 979//214 1328//214
f 1328//215 979//215 1329//215
f 979//215 953//215 1329//215
f 1329//216 953//216 1324//216
f 953//216 955//216 1324//216
f 1324//615 955//217 1325//615
f 955//217 957//217 1325//615
f 1325//616 957//218 1326//616
f 957//218 1114//218 1326//616
f 1326//617 1114//617 1321//617
f 1114//617 1116//617 1321//617
f 1321//220 1116//220 1322//220
f 1116//220 1118//220 1322//220
f 1322//221 1118//221 1323//221
f 1118//221 951//221 1323//221
f 1323//618 951//618 1316//618
f 951//618 950//618 1316//618
f 1316//223 950//223 1317//223
f 950//223 1082//223 1317//223
f 1317//224 1082//224 1319//224
f 1082//224 1081//224 1319//224
f 1319//225 1081//225 1320//225
f 1081//225 1080//225 1320//225
f 1320//226 1080//226 1459//226
f 1080//226 1079//226 1459//226
f 1459//619 1079//619 1460//619
f 1079//619 1078//619 1460//619
f 1460//228 1078//228 1456//228
f 1078//228 1077//228 1456//228
f 1456//229 1077//229 1457//229
f 1077//229 1009//229 1457//229
f 1457//540 1009//540 1458//540
f 1009//540 1008//540 1458//540
f 1458//231 1008//541 1453//231
f 1008//541 1151//541 1453//231
f 1453//232 1151//543 1454//232
f 1151//543 1150//543 1454//232
f 1454//233 1150//620 1455//233
f 1150//620 1113//620 1455//233
f 1455//234 1113//234 1450//234
f 1113//234 1112//234 1450//234
f 1450//235 1112//235 1451//235
f 1112//235 1111//235 1451//235
f 1451//236 1111//236 1452//236
f 1111//236 1110//236 1452//236
f 1452//621 1110//237 1447//621
f 1110//237 1109//237 1447//621
f 1447//546 1109//545 1448//546
f 1109//545 1108//545 1448//546
f 1448//547 1108//547 1449//547
f 1108//547 1107//547 1449//547
f 1449//240 1107//240 1444//240
f 1107//240 1106//240 1444//240
f 1444//241 1106//622 1445//241
f 1106//622 1105//622 1445//241
f 1445//549 1105//549 1446//549
f 1105//549 1102//549 1446//549
f 1446//243 1102//243 1441//243
f 1102//243 1103//243 1441//243
f 1441//244 1103//244 1442//244
f 1103//244 1104//244 1442//244
f 1442//245 1104//245 1443//245
f 1104//245 1101//245 1443//245
f 1443//246 1101//246 1438//246
f 1101//246 1100//246 1438//246
f 1438//247 1100//553 1439//247
f 1100//553 1099//553 1439//247
f 1439//623 1099//248 1440//623
f 1099//248 949//248 1440//623
f 1440//249 949//249 1435//249
f 949//249 948//249 1435//249
f 1435//250 948//250 1436//250
f 948//250 1098//250 1436//250
f 1436//624 1098//251 1437//624
f 1098//251 1097//251 1437//624
f 1437//252 1097//252 1432//252
f 1097//252 1007//252 1432//252
f 1432//253 1007//253 1433//253
f 1007//253 1006//253 1433//253
f 1433//254 1006//254 1434//254
f 1006//254 930//254 1434//254
f 1434//255 930//255 1429//255
f 930//255 929//255 1429//255
f 1429//256 929//256 1430//256
f 929//256 1030//256 1430//256
f 1430//257 1030//257 1431//257
f 1030//257 1029//257 1431//257
f 1431//258 1029//258 1426//258
f 1029//258 1027//258 1426//258
f 1426//259 1027//259 1427//259
f 1027//259 1025//259 1427//259
f 1427//260 1025//260 1428//260
f 1025//260 1023//260 1428//260
f 1428//261 1023//261 1423//261
f 1023//261 1021//261 1423//261
f 1423//262 1021//262 1424//262
f 1021//262 1019//262 1424//262
f 1424//263 1019//263 1425//263
f 1019//263 1017//263 1425//263
f 1425//264 1017//264 1420//264
f 1017//264 1015//264 1420//264
f 1420//265 1015//265 1421//265
f 1015//265 1014//265 1421//265
f 1421//266 1014//266 1422//266
f 1014//266 988//266 1422//266
f 1422//267 988//267 1417//267
f 988//267 987//267 1417//267
f 1417//268 987//268 1418//268
f 987//268 986//268 1418//268
f 1418//269 986//269 1419//269
f 986//269 966//269 1419//269
f 1419//270 966//625 1414//270
f 966//625 965//625 1414//270
f 1414//271 965//271 1415//271
f 965//271 964//271 1415//271
f 1415//272 964//272 1416//272
f 964//272 963//272 1416//272
f 1416//273 963//273 1411//273
f 963//273 962//273 1411//273
f 1411//274 962//626 1412//274
f 962//626 961//626 1412//274
f 1412//275 961//275 1413//275
f 961//275 935//275 1413//275
f 1413//276 935//276 1408//276
f 935//276 937//276 1408//276
f 1408//627 937//277 1409//627
f 937//277 938//277 1409//627
f 1409//278 938//278 1410//278
f 938//278 1199//278 1410//278
f 1410//279 1199//279 1405//279
f 1199//279 1200//279 1405//279
f 1405//280 1200//628 1406//280
f 1200//628 1201//628 1406//280
f 1406//281 1201//281 1407//281
f 1201//281 1089//281 1407//281
f 1407//282 1089//282 1402//282
f 1089//282 1088//282 1402//282
f 1402//629 1088//283 1403//629
f 1088//283 1197//283 1403//629
f 1403//630 1197//284 1404//630
f 1197//284 1196//284 1404//630
f 1404//285 1196//285 1399//285
f 1196//285 1195//285 1399//285
f 1399//286 1195//286 1400//286
f 1195//286 1176//286 1400//286
f 1400//287 1176//287 1401//287
f 1176//287 1175//287 1401//287
f 1401//288 1175//631 1396//288
f 1175//631 1174//631 1396//288
f 1396//289 1174//632 1397//289
f 1174//632 1140//632 1397//289
f 1397//290 1140//633 1398//290
f 1140//633 1139//633 1398//290
f 1398//291 1139//291 1393//291
f 1139//291 1138//291 1393//291
f 1393//292 1138//292 1394//292
f 1138//292 1137//292 1394//292
f 1394//293 1137//293 1395//293
f 1137//293 1136//293 1395//293
f 1395//294 1136//294 1390//294
f 1136//294 1192//294 1390//294
f 1390//295 1192//295 1391//295
f 1192//295 1191//295 1391//295
f 1391//296 1191//296 1392//296
f 1191//296 1190//296 1392//296
f 1392//5 1190//5 1387//5
f 1190//5 1189//5 1387//5
f 1387//6 1189//6 1388//6
f 1189//6 1188//6 1388//6
f 1388//297 1188//297 1389//297
f 1188//297 1173//297 1389//297
f 1389//8 1173//8 1384//8
f 1173//8 1172//8 1384//8
f 1384//9 1172//9 1385//9
f 1172//9 1171//9 1385//9
f 1385//10 1171//10 1386//10
f 1171//10 1170//10 1386//10
f 1386//634 1170//11 1381//634
f 1170//11 1169//11 1381//634
f 1381//14 1169//13 1382//14
f 1169//13 1168//13 1382//14
f 1382//15 1168//15 1383//15
f 1168//15 1085//15 1383//15
f 1383//17 1085//17 1378//17
f 1085//17 1086//17 1378//17
f 1378//18 1086//18 1379//18
f 1086//18 1087//18 1379//18
f 1379//19 1087//19 1380//19
f 1087//19 1135//19 1380//19
f 1380//298 1135//20 1375//298
f 1135//20 1134//20 1375//298
f 1375//21 1134//635 1376//21
f 1134//635 1131//635 1376//21
f 1376//23 1131//23 1377//23
f 1131//23 1132//23 1377//23
f 1377//24 1132//24 1372//24
f 1132//24 1133//24 1372//24
f 1372//636 1133//299 1373//636
f 1133//299 1156//299 1373//636
f 1373//26 1156//26 1374//26
f 1156//26 1155//26 1374//26
f 1374//27 1155//27 1369//27
f 1155//27 1064//27 1369//27
f 1369//29 1064//28 1370//29
f 1064//28 1063//28 1370//29
f 1370//31 1063//31 1371//31
f 1063//31 1062//31 1371//31
f 1371//32 1062//32 1366//32
f 1062//32 969//32 1366//32
f 1366//34 969//300 1367//34
f 969//300 968//300 1367//34
f 1367//35 968//35 1368//35
f 968//35 1061//35 1368//35
f 1368//36 1061//36 1363//36
f 1061//36 1187//36 1363//36
f 1363//37 1187//37 1364//37
f 1187//37 1186//37 1364//37
f 1364//38 1186//39 1365//38
f 1186//39 1185//39 1365//38
f 1365//40 1185//40 1360//40
f 1185//40 1154//40 1360//40
f 1360//42 1154//42 1361//42
f 1154//42 1153//42 1361//42
f 1361//302 1153//302 1362//302
f 1153//302 1152//302 1362//302
f 1362//44 1152//44 1357//44
f 1152//44 1060//44 1357//44
f 1357//45 1060//45 1358//45
f 1060//45 1059//45 1358//45
f 1358//46 1059//46 1359//46
f 1059//46 1058//46 1359//46
f 1359//47 1058//47 1354//47
f 1058//47 1056//47 1354//47
f 1354//48 1056//48 1355//48
f 1056//48 1054//48 1355//48
f 1355//49 1054//49 1356//49
f 1054//49 1052//49 1356//49
f 1210//454 919//454 1005//454
f 1210//454 1005//454 1212//454
f 1005//455 1004//455 1212//455
f 1212//455 1004//455 1218//455
f 1004//456 1003//456 1218//456
f 1218//456 1003//456 1219//456
f 1003//457 1002//457 1219//457
f 1219//457 1002//457 1220//457
f 1002//458 1001//458 1220//458
f 1220//458 1001//458 1213//458
f 1001//459 1000//459 1213//459
f 1213//459 1000//459 1214//459
f 1000//460 999//460 1214//460
f 1214//460 999//460 1216//460
f 999//461 998//461 1216//461
f 1216//461 998//461 1217//461
f 1226//522 920//522 1121//522
f 1226//522 1121//522 1227//522
f 1121//523 1122//523 1227//523
f 1227//523 1122//523 1229//523
f 1122//524 1123//524 1229//524
f 1229//524 1123//524 1230//524
f 1123//525 1124//525 1230//525
f 1230//525 1124//525 1231//525
f 1124//526 1125//526 1231//526
f 1231//526 1125//526 1232//526
f 1125//527 1126//527 1232//527
f 1232//527 1126//527 1225//527
f 1126//528 1127//528 1225//528
f 1225//528 1127//528 1222//528
f 1127//529 1010//529 1222//529
f 1222//529 1010//529 1223//529
f 1463//296 631//296 1464//296
f 631//296 630//296 1464//296
f 1464//295 630//295 1465//295
f 630//295 514//295 1465//295
f 1465//637 514//637 1466//637
f 514//637 513//637 1466//637
f 1466//293 513//293 1467//293
f 513//293 577//293 1467//293
f 1467//292 577//292 1468//292
f 577//292 576//292 1468//292
f 1468//291 576//291 1469//291
f 576//291 554//291 1469//291
f 1469//638 554//638 1470//638
f 554//638 553//638 1470//638
f 1470//289 553//289 1471//289
f 553//289 552//289 1471//289
f 1471//631 552//631 1472//631
f 552//631 551//631 1472//631
f 1472//639 551//639 1473//639
f 551//639 607//639 1473//639
f 1473//286 607//286 1474//286
f 607//286 606//286 1474//286
f 1474//285 606//285 1475//285
f 606//285 605//285 1475//285
f 1475//630 605//630 1476//630
f 605//630 618//630 1476//630
f 1476//283 618//283 1477//283
f 618//283 617//283 1477//283
f 1477//640 617//640 1478//282
f 617//640 604//282 1478//282
f 1478//281 604//281 1479//281
f 604//281 603//281 1479//281
f 1479//628 603//628 1480//641
f 603//628 602//641 1480//641
f 1480//279 602//279 1481//279
f 602//279 601//279 1481//279
f 1481//278 601//278 1482//278
f 601//278 600//278 1482//278
f 1482//277 600//277 1483//627
f 600//277 599//627 1483//627
f 1483//276 599//276 1484//276
f 599//276 596//276 1484//276
f 1484//275 596//275 1485//275
f 596//275 597//275 1485//275
f 1485//626 597//626 1486//274
f 597//626 598//274 1486//274
f 1486//273 598//273 1487//273
f 598//273 616//273 1487//273
f 1487//272 616//272 1488//272
f 616//272 615//272 1488//272
f 1488//271 615//271 1489//271
f 615//271 508//271 1489//271
f 1489//270 508//270 1490//270
f 508//270 507//270 1490//270
f 1490//642 507//642 1491//642
f 507//642 532//642 1491//642
f 1491//268 532//268 1492//268
f 532//268 531//268 1492//268
f 1492//643 531//643 1493//643
f 531//643 512//643 1493//643
f 1493//266 512//266 1494//266
f 512//266 511//266 1494//266
f 1494//265 511//265 1495//265
f 511//265 510//265 1495//265
f 1495//644 510//644 1496//644
f 510//644 506//644 1496//644
f 1496//263 506//263 1497//263
f 506//263 505//263 1497//263
f 1497//262 505//262 1498//262
f 505//262 509//262 1498//262
f 1498//261 509//261 1499//261
f 509//261 550//261 1499//261
f 1500//50 204//50 905//50
f 905//50 903//50 1500//50
f 903//50 901//50 1500//50
f 1500//50 901//50 1501//50
f 901//50 899//50 1501//50
f 1501//50 899//50 1502//50
f 899//50 897//50 1502//50
f 1502//50 897//50 1503//50
f 897//50 895//50 1503//50
f 1503//50 895//50 1504//50
f 895//50 893//50 1504//50
f 893//50 891//50 1504//50
f 1504//50 891//50 1505//50
f 891//50 889//50 1505//50
f 1505//50 889//50 1506//50
f 889//50 887//50 1506//50
f 1506//50 887//50 1507//50
f 887//50 885//50 1507//50
f 1507//50 885//50 1508//50
f 885//50 883//50 1508//50
f 1508//50 883//50 1509//50
f 883//50 881//50 1509//50
f 1509//50 881//50 1510//50
f 881//50 879//50 1510//50
f 1510//50 879//50 1511//50
f 879//50 877//50 1511//50
f 1511//50 877//50 1512//50
f 877//50 875//50 1512//50
f 1512//50 875//50 1513//50
f 875//50 873//50 1513//50
f 1513//50 873//50 1514//50
f 873//50 871//50 1514//50
f 1514//50 871//50 1515//50
f 871//50 869//50 1515//50
f 1515//50 869//50 1516//50
f 869//50 867//50 1516//50
f 1516//50 867//50 1517//50
f 867//50 865//50 1517//50
f 1517//50 865//50 1518//50
f 865//50 864//50 1518//50
f 1518//50 864//50 1519//50
f 864//50 861//50 1519//50
f 1519//50 861//50 1520//50
f 861//50 854//50 1520//50
f 1520//50 854//50 1521//50
f 854//50 853//50 1521//50
f 1521//50 853//50 1522//50
f 853//50 848//50 1522//50
f 1522//50 848//50 1523//50
f 848//50 847//50 1523//50
f 1523//50 847//50 1524//50
f 847//50 842//50 1524//50
f 1524//50 842//50 1525//50
f 842//50 841//50 1525//50
f 1525//50 841//50 1526//50
f 841//50 836//50 1526//50
f 1526//50 836//50 1527//50
f 836//50 835//50 1527//50
f 1527//50 835//50 1528//50
f 835//50 830//50 1528//50
f 1528//50 830//50 1529//50
f 830//50 829//50 1529//50
f 1529//50 829//50 1530//50
f 829//50 826//50 1530//50
f 1530//50 826//50 664//50
f 1531//462 1499//462 503//462
f 1499//462 550//462 503//462
f 1531//645 503//645 1532//645
f 503//645 502//645 1532//645
f 1532//646 502//646 1533//646
f 502//646 575//646 1533//646
f 1533//647 575//647 1534//647
f 575//647 574//647 1534//647
f 1534//648 574//648 1535//648
f 574//648 573//648 1535//648
f 1535//649 573//649 1536//649
f 573//649 572//649 1536//649
f 1536//650 572//650 1537//650
f 572//650 571//650 1537//650
f 1537//651 571//651 1538//651
f 571//651 530//652 1538//651
f 1538//653 530//653 1539//653
f 530//653 529//653 1539//653
f 1539//654 529//654 1540//654
f 529//654 528//654 1540//654
f 1540//655 528//655 1541//655
f 528//655 570//655 1541//655
f 1541//656 570//656 1542//656
f 570//656 569//656 1542//656
f 1542//657 569//657 1543//657
f 569//657 568//657 1543//657
f 1543//658 568//658 1544//658
f 568//658 595//658 1544//658
f 1544//659 595//659 1545//659
f 595//659 594//659 1545//659
f 1545//660 594//660 1546//661
f 594//660 549//661 1546//661
f 1546//662 549//662 1547//662
f 549//662 548//662 1547//662
f 1547//663 548//664 1548//664
f 548//664 547//664 1548//664
f 1548//665 547//665 1549//665
f 547//665 546//665 1549//665
f 1549//666 546//666 1550//666
f 546//666 593//666 1550//666
f 1550//667 593//667 1551//667
f 593//667 592//667 1551//667
f 1551//668 592//668 1552//668
f 592//668 591//668 1552//668
f 1552//669 591//669 1553//669
f 591//669 614//669 1553//669
f 1553//670 614//670 1554//670
f 614//670 613//671 1554//670
f 1554//672 613//672 1555//672
f 613//672 567//672 1555//672
f 1555//673 567//673 1556//673
f 567//673 566//673 1556//673
f 1556//674 566//674 1557//675
f 566//674 565//675 1557//675
f 1557//676 565//676 1558//676
f 565//676 545//676 1558//676
f 1558//677 545//677 1559//677
f 545//677 544//677 1559//677
f 1559//678 544//678 1560//678
f 544//678 543//678 1560//678
f 1560//679 543//679 1561//679
f 543//679 542//679 1561//679
f 1561//680 542//680 1562//680
f 542//680 541//680 1562//680
f 1562//681 541//681 1563//681
f 541//681 540//681 1563//681
f 1563//682 540//682 1564//682
f 540//682 539//682 1564//682
f 1564//683 539//683 1565//683
f 539//683 538//683 1565//683
f 1565//684 538//684 1566//684
f 538//684 537//684 1566//684
f 1566//685 537//685 1567//685
f 537//685 536//685 1567//685
f 1567//686 536//686 1568//686
f 536//686 590//686 1568//686
f 664//687 665//687 1281//687
f 664//687 1281//687 1530//687
f 1281//688 1280//688 1530//688
f 1530//688 1280//688 1529//688
f 1280//689 1279//689 1529//689
f 1529//689 1279//689 1528//689
f 1279//690 1308//690 1528//690
f 1528//690 1308//690 1527//690
f 1308//691 1307//691 1527//691
f 1527//691 1307//691 1526//691
f 1307//692 1278//692 1526//692
f 1526//692 1278//692 1525//692
f 1278//693 1277//693 1525//693
f 1525//693 1277//693 1524//693
f 1277//694 1310//694 1524//694
f 1524//694 1310//694 1523//694
f 1310//695 1309//695 1523//695
f 1523//695 1309//695 1522//695
f 1309//696 1306//696 1522//696
f 1522//696 1306//696 1521//696
f 1306//697 1305//697 1521//697
f 1521//697 1305//697 1520//697
f 1305//698 1304//698 1520//698
f 1520//698 1304//698 1519//698
f 1304//699 1297//699 1519//699
f 1519//699 1297//699 1518//699
f 1297//700 1296//700 1518//700
f 1518//700 1296//700 1517//700
f 1296//701 1295//701 1517//701
f 1517//701 1295//701 1516//701
f 1295//702 1294//702 1516//702
f 1516//702 1294//702 1515//702
f 1294//703 1303//703 1515//703
f 1515//703 1303//703 1514//703
f 1303//704 1302//704 1514//704
f 1514//704 1302//704 1513//704
f 1302//705 1267//705 1513//705
f 1513//705 1267//705 1512//705
f 1267//706 1266//706 1512//706
f 1512//706 1266//706 1511//706
f 1266//707 1265//707 1511//707
f 1511//707 1265//707 1510//707
f 1265//708 1264//708 1510//708
f 1510//708 1264//708 1509//708
f 1264//709 1293//709 1509//709
f 1509//709 1293//709 1508//709
f 1293//710 1292//710 1508//710
f 1508//710 1292//710 1507//710
f 1292//711 1291//711 1507//711
f 1507//711 1291//711 1506//711
f 1291//712 1290//712 1506//712
f 1506//712 1290//712 1505//712
f 1290//713 1289//713 1505//713
f 1505//713 1289//713 1504//713
f 1289//714 1288//714 1504//714
f 1504//714 1288//714 1503//714
f 1288//715 1287//715 1503//715
f 1503//715 1287//715 1502//715
f 1287//716 1286//716 1502//716
f 1502//716 1286//716 1501//716
f 1286//717 1249//717 1501//717
f 1501//717 1249//717 1500//717
f 1569//186 1568//186 589//186
f 1568//186 590//186 589//186
f 1569//224 589//224 1570//224
f 589//224 588//224 1570//224
f 1570//223 588//223 1571//223
f 588//223 535//223 1571//223
f 1571//618 535//618 1572//618
f 535//618 534//618 1572//618
f 1572//718 534//718 1573//718
f 534//718 533//718 1573//718
f 1573//719 533//719 1574//719
f 533//719 527//719 1574//719
f 1574//219 527//219 1575//219
f 527//219 526//219 1575//219
f 1575//720 526//720 1576//720
f 526//720 525//720 1576//720
f 1576//721 525//721 1577//721
f 525//721 524//721 1577//721
f 1577//722 524//722 1578//722
f 524//722 564//722 1578//722
f 1578//723 564//723 1579//723
f 564//723 563//723 1579//723
f 1579//724 563//724 1580//724
f 563//724 523//724 1580//724
f 1580//725 523//725 1581//725
f 523//725 522//725 1581//725
f 1581//726 522//726 1582//726
f 522//726 520//726 1582//726
f 1582//727 520//727 1583//727
f 520//727 519//727 1583//727
f 1583//728 519//728 1584//728
f 519//728 626//728 1584//728
f 1584//729 626//729 1585//729
f 626//729 625//729 1585//729
f 1585//730 625//730 1586//730
f 625//730 624//730 1586//730
f 1586//731 624//731 1587//731
f 624//731 623//731 1587//731
f 1587//732 623//732 1588//732
f 623//732 622//732 1588//732
f 1588//733 622//733 1589//733
f 622//733 612//733 1589//733
f 1589//734 612//734 1590//734
f 612//734 611//734 1590//734
f 1590//735 611//735 1591//736
f 611//735 621//736 1591//736
f 1591//737 621//737 1592//737
f 621//737 620//737 1592//737
f 1592//738 620//738 1593//738
f 620//738 619//738 1593//738
f 1593//739 619//739 1594//739
f 619//739 610//739 1594//739
f 1594//740 610//740 1595//740
f 610//740 609//740 1595//740
f 1595//741 609//741 1596//741
f 609//741 608//741 1596//741
f 1596//742 608//742 1597//742
f 608//742 587//742 1597//742
f 1597//743 587//743 1598//743
f 587//743 586//743 1598//743
f 1598//744 586//744 1599//744
f 586//744 585//744 1599//744
f 1599//745 585//745 1600//745
f 585//745 515//745 1600//745
f 1600//746 515//746 1601//746
f 515//746 517//746 1601//746
f 1601//747 517//747 1602//747
f 517//747 518//747 1602//747
f 1602//748 518//748 1603//748
f 518//748 580//748 1603//748
f 1603//749 580//749 1604//749
f 580//749 582//749 1604//749
f 1604//750 582//750 1605//750
f 582//750 562//750 1605//750
f 1605//751 562//751 1606//751
f 562//751 560//751 1606//751
f 1606//752 560//752 1607//752
f 560//752 558//752 1607//752
f 1607//753 558//753 1608//753
f 558//753 556//753 1608//753
f 1608//754 556//754 1609//754
f 556//754 659//754 1609//754
f 1609//755 659//755 1610//755
f 659//755 658//755 1610//755
f 1610//756 658//756 1611//756
f 658//756 657//757 1611//756
f 1611//758 657//758 1612//758
f 657//758 656//758 1612//758
f 1612//759 656//759 1613//759
f 656//759 655//759 1613//759
f 1613//760 655//760 1614//760
f 655//760 649//760 1614//760
f 1614//761 649//761 1615//761
f 649//761 648//761 1615//761
f 1615//762 648//762 1616//762
f 648//762 647//762 1616//762
f 1616//763 647//763 1617//763
f 647//763 646//763 1617//763
f 1617//764 646//764 1618//764
f 646//764 654//764 1618//764
f 1618//765 654//765 1619//765
f 654//765 653//765 1619//765
f 1619//766 653//766 1620//766
f 653//766 652//766 1620//766
f 1620//767 652//767 1621//767
f 652//767 645//767 1621//767
f 1621//768 645//768 1622//768
f 645//768 644//768 1622//768
f 1622//769 644//770 1623//770
f 644//770 643//770 1623//770
f 1623//771 643//771 1624//771
f 643//771 642//772 1624//771
f 1624//773 642//773 1625//773
f 642//773 641//773 1625//773
f 1625//774 641//774 1626//774
f 641//774 640//774 1626//774
f 1626//775 640//775 1627//775
f 640//775 629//775 1627//775
f 1627//776 629//776 1628//776
f 629//776 628//776 1628//776
f 1628//777 628//777 1629//777
f 628//777 627//777 1629//777
f 1629//778 627//778 1630//778
f 627//778 579//778 1630//778
f 1630//779 579//779 1631//779
f 579//779 578//779 1631//779
f 1631//780 578//780 1632//780
f 578//780 651//780 1632//780
f 1632//781 651//781 1633//781
f 651//781 650//781 1633//781
f 1633//782 650//782 1634//782
f 650//782 639//782 1634//782
f 1634//783 639//783 1635//783
f 639//783 638//783 1635//783
f 1635//784 638//784 1636//784
f 638//784 637//784 1636//784
f 1636//785 637//785 1637//785
f 637//785 636//785 1637//785
f 1637//786 636//786 1638//786
f 636//786 635//786 1638//786
f 1638//787 635//787 1639//787
f 635//787 634//787 1639//787
f 1639//788 634//788 1640//789
f 634//788 633//789 1640//789
f 1640//5 633//5 1641//5
f 633//5 632//5 1641//5
f 1463//98 1641//98 631//98
f 1641//98 632//98 631//98
f 205//790 204//790 1249//790
f 204//790 1500//790 1249//790
f 1498//51 1499//51 1463//51
f 1499//51 1641//51 1463//51
f 1602//51 1603//51 1641//51
f 1603//51 1604//51 1641//51
f 1641//51 1604//51 1605//51
f 1537//51 1538//51 1568//51
f 1538//51 1539//51 1568//51
f 1568//51 1539//51 1540//51
f 1568//51 1569//51 1602//51
f 1569//51 1570//51 1602//51
f 1605//51 1606//51 1641//51
f 1606//51 1607//51 1641//51
f 1641//51 1607//51 1640//51
f 1607//51 1639//51 1640//51
f 1533//51 1534//51 1568//51
f 1540//51 1561//51 1562//51
f 1602//51 1579//51 1580//51
f 1619//51 1620//51 1607//51
f 1607//51 1629//51 1630//51
f 1630//51 1631//51 1607//51
f 1631//51 1632//51 1607//51
f 1607//51 1632//51 1633//51
f 1465//51 1466//51 1488//51
f 1466//51 1467//51 1488//51
f 1488//51 1467//51 1468//51
f 1641//51 1499//51 1602//51
f 1499//51 1531//51 1602//51
f 1602//51 1531//51 1568//51
f 1531//51 1532//51 1568//51
f 1568//51 1532//51 1533//51
f 1534//51 1535//51 1568//51
f 1535//51 1536//51 1568//51
f 1568//51 1536//51 1537//51
f 1540//51 1545//51 1546//51
f 1546//51 1547//51 1540//51
f 1547//51 1548//51 1540//51
f 1540//51 1548//51 1549//51
f 1549//51 1550//51 1540//51
f 1550//51 1551//51 1540//51
f 1540//51 1551//51 1552//51
f 1552//51 1553//51 1540//51
f 1553//51 1554//51 1540//51
f 1540//51 1554//51 1555//51
f 1562//51 1563//51 1540//51
f 1563//51 1564//51 1540//51
f 1540//51 1564//51 1565//51
f 1565//51 1566//51 1540//51
f 1566//51 1567//51 1540//51
f 1540//51 1567//51 1568//51
f 1570//51 1571//51 1602//51
f 1571//51 1572//51 1602//51
f 1602//51 1572//51 1573//51
f 1576//51 1577//51 1602//51
f 1577//51 1578//51 1602//51
f 1602//51 1578//51 1579//51
f 1580//51 1581//51 1602//51
f 1581//51 1582//51 1602//51
f 1602//51 1582//51 1601//51
f 1582//51 1600//51 1601//51
f 1620//51 1621//51 1607//51
f 1621//51 1622//51 1607//51
f 1607//51 1622//51 1623//51
f 1623//51 1624//51 1607//51
f 1624//51 1625//51 1607//51
f 1607//51 1625//51 1626//51
f 1489//51 1463//51 1488//51
f 1463//51 1464//51 1488//51
f 1488//51 1464//51 1465//51
f 1489//51 1490//51 1463//51
f 1490//51 1491//51 1463//51
f 1463//51 1491//51 1492//51
f 1492//51 1493//51 1463//51
f 1493//51 1494//51 1463//51
f 1463//51 1494//51 1495//51
f 1495//51 1496//51 1463//51
f 1496//51 1497//51 1463//51
f 1463//51 1497//51 1498//51
f 1540//51 1541//51 1545//51
f 1541//51 1542//51 1545//51
f 1545//51 1542//51 1544//51
f 1542//51 1543//51 1544//51
f 1555//51 1556//51 1540//51
f 1556//51 1557//51 1540//51
f 1540//51 1557//51 1558//51
f 1573//51 1574//51 1602//51
f 1574//51 1575//51 1602//51
f 1602//51 1575//51 1576//51
f 1583//51 1584//51 1582//51
f 1584//51 1585//51 1582//51
f 1582//51 1585//51 1586//51
f 1595//51 1596//51 1582//51
f 1596//51 1597//51 1582//51
f 1626//51 1627//51 1607//51
f 1627//51 1628//51 1607//51
f 1607//51 1628//51 1629//51
f 1468//51 1469//51 1488//51
f 1469//51 1470//51 1488//51
f 1488//51 1470//51 1471//51
f 1471//51 1472//51 1488//51
f 1472//51 1473//51 1488//51
f 1488//51 1473//51 1474//51
f 1558//51 1559//51 1540//51
f 1559//51 1560//51 1540//51
f 1540//51 1560//51 1561//51
f 1586//51 1587//51 1582//51
f 1587//51 1588//51 1582//51
f 1582//51 1588//51 1589//51
f 1589//51 1590//51 1582//51
f 1590//51 1591//51 1582//51
f 1582//51 1591//51 1592//51
f 1592//51 1593//51 1582//51
f 1593//51 1594//51 1582//51
f 1582//51 1594//51 1595//51
f 1597//51 1598//51 1582//51
f 1598//51 1599//51 1582//51
f 1582//51 1599//51 1600//51
f 1633//51 1634//51 1607//51
f 1634//51 1635//51 1607//51
f 1607//51 1635//51 1636//51
f 1636//51 1637//51 1607//51
f 1637//51 1638//51 1607//51
f 1607//51 1638//51 1639//51
f 1474//51 1475//51 1488//51
f 1475//51 1476//51 1488//51
f 1488//51 1476//51 1477//51
f 1477//51 1478//51 1488//51
f 1478//51 1479//51 1488//51
f 1488//51 1479//51 1480//51
f 1608//51 1617//51 1607//51
f 1617//51 1618//51 1607//51
f 1607//51 1618//51 1619//51
f 1615//51 1610//51 1611//51
f 1608//51 1609//51 1617//51
f 1609//51 1610//51 1617//51
f 1617//51 1610//51 1616//51
f 1610//51 1615//51 1616//51
f 1480//51 1481//51 1488//51
f 1481//51 1482//51 1488//51
f 1488//51 1482//51 1483//51
f 1483//51 1484//51 1488//51
f 1484//51 1485//51 1488//51
f 1488//51 1485//51 1487//51
f 1485//51 1486//51 1487//51
f 1611//51 1612//51 1615//51
f 1612//51 1613//51 1615//51
f 1615//51 1613//51 1614//51
f 1642//98 1242//98 923//98
f 1242//98 921//98 923//98
f 257//50 1642//50 261//50
f 1642//50 923//50 261//50
f 257//1 256//1 1642//1
f 256//1 1242//1 1642//1
f 1643//50 662//50 942//50
f 662//50 661//50 942//50
f 1240//186 1643//186 940//186
f 1643//186 942//186 940//186
f 1643//1 1240//1 662//1
f 1240//1 666//1 662//1
f 1644//50 260//50 341//50
f 268//50 1645//50 1646//50
f 268//50 266//50 1645//50
f 266//50 264//50 1645//50
f 1645//50 264//50 263//50
f 1647//50 278//50 1648//50
f 278//50 276//50 1648//50
f 1648//50 276//50 1649//50
f 276//50 274//50 1649//50
f 1649//50 274//50 1650//50
f 274//50 272//50 1650//50
f 1650//50 272//50 1646//50
f 272//50 270//50 1646//50
f 1646//50 270//50 268//50
f 1644//50 341//50 1651//50
f 341//50 336//50 1651//50
f 1651//50 336//50 1652//50
f 336//50 335//50 1652//50
f 1652//50 335//50 1653//50
f 335//50 330//50 1653//50
f 1653//50 330//50 1654//50
f 330//50 329//50 1654//50
f 1654//50 329//50 1655//50
f 329//50 324//50 1655//50
f 1655//50 324//50 1656//50
f 324//50 323//50 1656//50
f 1656//50 323//50 1657//50
f 323//50 318//50 1657//50
f 1657//50 318//50 1658//50
f 318//50 317//50 1658//50
f 1658//50 317//50 1659//50
f 317//50 312//50 1659//50
f 1659//50 312//50 1660//50
f 312//50 311//50 1660//50
f 1660//50 311//50 1661//50
f 311//50 308//50 1661//50
f 1661//50 308//50 1662//50
f 308//50 306//50 1662//50
f 1662//50 306//50 1663//50
f 306//50 304//50 1663//50
f 1663//50 304//50 1664//50
f 304//50 302//50 1664//50
f 1664//50 302//50 1665//50
f 302//50 300//50 1665//50
f 1665//50 300//50 1666//50
f 300//50 298//50 1666//50
f 1666//50 298//50 1667//50
f 298//50 296//50 1667//50
f 1667//50 296//50 1668//50
f 296//50 294//50 1668//50
f 1668//50 294//50 1669//50
f 294//50 292//50 1669//50
f 1669//50 292//50 1670//50
f 292//50 290//50 1670//50
f 1670//50 290//50 1671//50
f 290//50 288//50 1671//50
f 1671//50 288//50 1672//50
f 288//50 286//50 1672//50
f 1672//50 286//50 1673//50
f 286//50 284//50 1673//50
f 1673//50 284//50 1674//50
f 284//50 282//50 1674//50
f 1674//50 282//50 1647//50
f 282//50 280//50 1647//50
f 1647//50 280//50 278//50
f 1462//1 1255//1 1238//1
f 1255//1 1239//1 1238//1
f 1254//791 1645//791 1233//791
f 1645//791 263//791 1233//791
f 1241//186 1675//186 922//186
f 1675//186 924//186 922//186
f 1645//792 1254//792 1285//792
f 1645//792 1285//792 1646//792
f 1285//793 1284//793 1646//793
f 1646//793 1284//793 1650//793
f 1284//794 1276//794 1650//794
f 1650//794 1276//794 1649//794
f 1276//795 1275//795 1649//795
f 1649//795 1275//795 1648//795
f 1275//796 1274//796 1648//796
f 1648//796 1274//796 1647//796
f 1274//797 1273//797 1647//797
f 1647//797 1273//797 1674//797
f 1273//798 1272//798 1674//799
f 1674//799 1272//798 1673//799
f 1272//800 1271//800 1673//800
f 1673//800 1271//800 1672//800
f 1271//801 1270//801 1672//801
f 1672//801 1270//801 1671//801
f 1270//802 1269//802 1671//802
f 1671//802 1269//802 1670//802
f 1269//803 1268//803 1670//803
f 1670//803 1268//803 1669//803
f 1268//804 1301//804 1669//804
f 1669//804 1301//804 1668//804
f 1301//805 1300//805 1668//805
f 1668//805 1300//805 1667//805
f 1300//806 1283//806 1667//806
f 1667//806 1283//806 1666//806
f 1283//807 1282//807 1666//807
f 1666//807 1282//807 1665//807
f 1282//808 1299//808 1665//808
f 1665//808 1299//808 1664//808
f 1299//809 1298//809 1664//809
f 1664//809 1298//809 1663//809
f 1298//810 1253//810 1663//810
f 1663//810 1253//810 1662//810
f 1253//811 1252//811 1662//811
f 1662//811 1252//811 1661//811
f 1252//812 1259//812 1661//812
f 1661//812 1259//812 1660//812
f 1259//813 1258//813 1660//813
f 1660//813 1258//813 1659//813
f 1258//814 1248//814 1659//814
f 1659//814 1248//814 1658//814
f 1248//815 1247//815 1658//815
f 1658//815 1247//815 1657//815
f 1247//816 1246//816 1657//816
f 1657//816 1246//816 1656//816
f 1246//817 1244//817 1656//817
f 1656//817 1244//817 1655//817
f 1244//818 1243//818 1655//818
f 1655//818 1243//818 1654//818
f 1243//146 1257//146 1654//146
f 1654//146 1257//146 1653//146
f 1257//819 1256//819 1653//819
f 1653//819 1256//819 1652//819
f 1256//820 1251//820 1652//820
f 1652//820 1251//820 1651//820
f 1251//821 1250//821 1651//821
f 1651//821 1250//821 1644//821
f 1250//822 255//822 1644//822
f 1644//822 255//822 260//822
f 1676//98 1260//98 928//98
f 1260//98 927//98 928//98
f 1675//50 1676//50 924//50
f 1676//50 928//50 924//50
f 1260//1 1676//1 1241//1
f 1676//1 1675//1 1241//1
f 211//50 3//50 1090//50
f 3//50 4//50 1090//50
f 348//50 985//50 37//50
f 985//50 35//50 37//50
f 1065//462 910//462 25//462
f 910//462 34//462 25//462
o sticker
v 11.622711 -13.326103 -0.622971
v -31.029919 -13.283333 -0.622971
v -32.490379 -12.857643 -0.622971
v -31.245529 -13.250137 -0.622971
v -31.459488 -13.207581 -0.622971
v -35.334515 -8.978737 -0.622971
v 11.622711 50.373913 -0.622976
v 15.722275 47.758812 -0.622976
v 15.973076 47.324112 -0.622976
v 16.356613 46.397579 -0.622976
v 16.486427 45.912796 -0.622975
v 13.288414 -13.040497 -0.622971
v -31.880817 -13.094688 -0.622971
v -32.087391 -13.024567 -0.622971
v 16.600838 45.169044 -0.622975
v 16.582214 -8.961189 -0.622971
v 16.403542 -9.790215 -0.622971
v 16.178856 -10.385605 -0.622971
v 15.082405 -11.935883 -0.622971
v 14.595879 -12.346092 -0.622971
v -30.377289 -13.326103 -0.622971
v -35.075752 -10.036201 -0.622971
v -35.206917 -9.620201 -0.622971
v -30.377289 50.310249 -0.622976
v -23.399235 51.060181 -0.622976
v -16.395744 51.514935 -0.622976
v -9.379307 51.673706 -0.622976
v 15.880356 -10.947639 -0.622971
v 13.873726 -12.790733 -0.622971
v 12.882599 -13.164772 -0.622971
v 12.676109 -13.213875 -0.622971
v 12.257805 -13.285606 -0.622971
v -35.258766 -9.408302 -0.622971
v -34.728043 47.248524 -0.622976
v 4.642410 51.102688 -0.622976
v -2.362419 51.536209 -0.622976
v 12.360634 50.226517 -0.622976
v 16.622711 44.667656 -0.622975
v 16.622711 -8.326103 -0.622971
v 15.232491 -11.785797 -0.622971
v -33.245171 -12.421867 -0.622971
v -33.755241 -12.012489 -0.622971
v -33.912823 -11.861641 -0.622971
v -34.063675 -11.704056 -0.622971
v -34.207508 -11.540047 -0.622971
v -34.707413 -10.826103 -0.622971
v -34.812344 -10.634842 -0.622971
v -34.908829 -10.439194 -0.622971
v 13.302689 49.882874 -0.622976
v 14.373138 49.232426 -0.622976
v 15.642700 -11.299271 -0.622971
v -34.594246 -11.012604 -0.622971
v 13.747704 49.650852 -0.622976
v 14.757423 48.909637 -0.622976
v 15.112137 48.554604 -0.622976
v 15.277542 48.365829 -0.622976
v -34.477367 47.683998 -0.622976
v -35.377289 -8.326103 -0.622971
v -35.377289 44.588486 -0.622975
v -35.290001 45.588673 -0.622975
v -33.867458 48.481495 -0.622976
v -33.512844 48.837479 -0.622976
v -32.058125 49.814564 -0.622976
v -35.030773 46.558617 -0.622976
v -32.717705 49.450455 -0.622976
v -31.594460 50.008194 -0.622976
v -30.871822 50.221298 -0.622976
v -35.377289 -8.326103 -0.722972
v -35.372532 -8.544205 -0.722972
v -35.358261 -8.761879 -0.722972
v -35.334515 -8.978737 -0.722972
v -35.301327 -9.194351 -0.722972
v -35.258766 -9.408302 -0.722972
v -35.206917 -9.620201 -0.722972
v -35.145874 -9.829628 -0.722972
v -35.075752 -10.036201 -0.722972
v -34.996689 -10.239525 -0.722972
v -34.908829 -10.439194 -0.722972
v -34.812344 -10.634842 -0.722972
v -34.707413 -10.826103 -0.722972
v -34.594246 -11.012604 -0.722972
v -34.473049 -11.193985 -0.722972
v -34.344055 -11.369911 -0.722972
v -34.207508 -11.540047 -0.722972
v -34.063675 -11.704056 -0.722972
v -33.912823 -11.861641 -0.722972
v -33.755241 -12.012489 -0.722972
v -33.245171 -12.421867 -0.722972
v -33.063786 -12.543060 -0.722972
v -32.686031 -12.761154 -0.722972
v -32.490379 -12.857643 -0.722972
v -32.290707 -12.945496 -0.722972
v -32.087391 -13.024567 -0.722972
v -31.880817 -13.094688 -0.722972
v -31.671383 -13.155731 -0.722972
v -31.459488 -13.207581 -0.722972
v -31.245529 -13.250137 -0.722972
v -31.029919 -13.283333 -0.722972
v -30.813065 -13.307076 -0.722972
v -30.595387 -13.321342 -0.722972
v -30.377289 -13.326103 -0.722972
v 11.622711 -13.326103 -0.722972
v 11.834915 -13.321594 -0.722972
v 12.046738 -13.308090 -0.722972
v 12.257805 -13.285606 -0.722972
v 12.467712 -13.254181 -0.722972
v 12.676109 -13.213875 -0.722972
v 12.882599 -13.164772 -0.722972
v 13.086830 -13.106941 -0.722972
v 13.288414 -13.040497 -0.722972
v 13.486992 -12.965546 -0.722972
v 14.422585 -12.468651 -0.722972
v 14.595879 -12.346092 -0.722972
v 14.763809 -12.216278 -0.722972
v 14.926086 -12.079468 -0.722972
v 15.082405 -11.935883 -0.722972
v 15.232491 -11.785797 -0.722972
v 15.376068 -11.629471 -0.722972
v 15.512894 -11.467201 -0.722972
v 15.642700 -11.299271 -0.722972
v 15.765259 -11.125977 -0.722972
v 15.880356 -10.947639 -0.722972
v 15.987785 -10.764580 -0.722972
v 16.087341 -10.577126 -0.722972
v 16.178856 -10.385605 -0.722972
v 16.262154 -10.190384 -0.722972
v 16.337097 -9.991806 -0.722972
v 16.403542 -9.790215 -0.722972
v 16.461372 -9.585999 -0.722972
v 16.510490 -9.379501 -0.722972
v 16.550789 -9.171112 -0.722972
v 16.582214 -8.961189 -0.722972
v 16.604698 -8.750130 -0.722972
v 16.618210 -8.538307 -0.722972
v 16.622711 -8.326103 -0.722972
v 16.622711 44.667656 -0.722976
v 16.617241 44.918587 -0.722976
v 16.600838 45.169044 -0.722976
v 16.573524 45.418545 -0.722976
v 16.535362 45.666618 -0.722976
v 16.486427 45.912796 -0.722976
v 16.426804 46.156601 -0.722976
v 16.356613 46.397579 -0.722977
v 16.275970 46.635265 -0.722977
v 16.185051 46.869213 -0.722977
v 16.084023 47.098972 -0.722977
v 15.973076 47.324112 -0.722977
v 15.852417 47.544197 -0.722977
v 15.722275 47.758812 -0.722977
v 15.582909 47.967552 -0.722977
v 15.112137 48.554604 -0.722977
v 14.938644 48.735989 -0.722977
v 14.757423 48.909637 -0.722977
v 14.568802 49.075222 -0.722977
v 14.373138 49.232426 -0.722977
v 14.170807 49.380951 -0.722977
v 13.962196 49.520515 -0.722977
v 13.747704 49.650852 -0.722977
v 13.527725 49.771713 -0.722977
v 13.302689 49.882874 -0.722977
v 13.073021 49.984116 -0.722977
v 12.839157 50.075249 -0.722977
v 12.601540 50.156097 -0.722977
v 12.360634 50.226517 -0.722977
v 12.116882 50.286362 -0.722977
v 11.870750 50.335526 -0.722977
v 11.622711 50.373913 -0.722977
v 4.642410 51.102688 -0.722977
v -2.362419 51.536209 -0.722977
v -9.379307 51.673706 -0.722977
v -16.395744 51.514935 -0.722977
v -23.399235 51.060181 -0.722977
v -30.377289 50.310249 -0.722977
v -30.625523 50.271156 -0.722977
v -30.871822 50.221298 -0.722977
v -31.115719 50.160774 -0.722977
v -31.594460 50.008194 -0.722977
v -31.828400 49.916424 -0.722977
v -32.058125 49.814564 -0.722977
v -32.283199 49.702805 -0.722977
v -32.503197 49.581360 -0.722977
v -32.717705 49.450455 -0.722977
v -32.926308 49.310341 -0.722977
v -33.128620 49.161282 -0.722977
v -33.324253 49.003563 -0.722977
v -33.512844 48.837479 -0.722977
v -33.694023 48.663345 -0.722977
v -33.867458 48.481495 -0.722977
v -34.032814 48.292267 -0.722977
v -34.189777 48.096027 -0.722977
v -34.338055 47.893143 -0.722977
v -34.477367 47.683998 -0.722977
v -34.607441 47.468990 -0.722977
v -34.728043 47.248524 -0.722977
v -34.838932 47.023022 -0.722977
v -34.939903 46.792908 -0.722977
v -35.030773 46.558617 -0.722977
v -35.111355 46.320595 -0.722977
v -35.181511 46.079288 -0.722976
v -35.241089 45.835163 -0.722976
v -35.290001 45.588673 -0.722976
v -35.328133 45.340286 -0.722976
v -35.355423 45.090481 -0.722976
v -35.371819 44.839722 -0.722976
v -35.377289 44.588486 -0.722976
vn 0.9713 0.2377 -0.0000
vn 0.9320 0.3624 -0.0000
vn 0.8969 0.4423 -0.0000
vn 0.8767 0.4810 -0.0000
vn 0.7518 0.6594 -0.0000
vn 0.7224 0.6915 -0.0000
vn 0.6915 0.7224 -0.0000
vn 0.5556 0.8315 -0.0000
vn 0.3214 0.9469 -0.0000
vn 0.1951 0.9808 -0.0000
vn -0.0000 1.0000 -0.0000
vn -0.2313 0.9729 -0.0000
vn -0.7071 0.7071 -0.0000
vn -0.8625 0.5061 -0.0000
vn -1.0000 -0.0000 -0.0000
vn -0.8317 -0.5553 -0.0000
vn -0.7521 -0.6590 -0.0000
vn -0.6597 -0.7515 -0.0000
vn -0.2384 -0.9712 -0.0000
vn -0.1038 -0.9946 -0.0000
vn -0.0618 -0.9981 -0.0000
vn -0.0196 -0.9998 -0.0000
vn 0.0226 -0.9997 -0.0000
vn 0.0648 -0.9979 -0.0000
vn 0.1069 -0.9943 -0.0000
vn 0.2408 -0.9706 -0.0000
vn 0.3652 -0.9309 -0.0000
vn 1.0000 -0.0000 -0.0000
vn -0.0000 -0.0000 1.0000
s 1
f 1709//823 1699//823 1750//823
f 1752//824 1698//824 1753//824
f 1754//825 1724//825 1755//825
f 1723//826 1722//826 1756//826
f 1760//827 1721//827 1761//827
f 1761//828 1720//828 1762//828
f 1719//829 1718//829 1763//829
f 1764//830 1717//830 1765//830
f 1690//831 1689//831 1770//831
f 1681//832 1680//832 1773//832
f 1778//833 1777//833 1677//833
f 1777//833 1697//833 1677//833
f 1707//834 1706//834 1784//834
f 1695//835 1716//835 1793//835
f 1798//836 1704//836 1799//836
f 1812//837 1811//837 1714//837
f 1811//837 1715//837 1714//837
f 1825//838 1684//838 1826//838
f 1732//839 1731//839 1827//839
f 1829//840 1730//840 1830//840
f 1840//841 1713//841 1841//841
f 1843//842 1683//842 1844//842
f 1683//842 1711//842 1844//842
f 1844//843 1711//843 1845//843
f 1711//843 1712//843 1845//843
f 1845//844 1712//844 1846//844
f 1712//844 1703//844 1846//844
f 1846//845 1703//845 1847//845
f 1703//845 1702//845 1847//845
f 1847//846 1702//846 1848//846
f 1702//846 1701//846 1848//846
f 1848//847 1701//847 1849//847
f 1701//847 1700//847 1849//847
f 1851//848 1743//848 1852//848
f 1853//849 1742//849 1854//849
f 1744//850 1881//850 1734//850
f 1881//850 1735//850 1734//850
f 1776//851 1777//851 1744//851
f 1777//851 1881//851 1744//851
f 1843//851 1844//851 1881//851
f 1844//851 1845//851 1881//851
f 1881//851 1845//851 1846//851
f 1784//851 1785//851 1811//851
f 1785//851 1786//851 1811//851
f 1811//851 1786//851 1787//851
f 1811//851 1812//851 1843//851
f 1812//851 1813//851 1843//851
f 1846//851 1847//851 1881//851
f 1847//851 1848//851 1881//851
f 1881//851 1848//851 1880//851
f 1848//851 1879//851 1880//851
f 1780//851 1781//851 1811//851
f 1787//851 1804//851 1805//851
f 1843//851 1822//851 1823//851
f 1859//851 1860//851 1848//851
f 1848//851 1869//851 1870//851
f 1870//851 1871//851 1848//851
f 1871//851 1872//851 1848//851
f 1848//851 1872//851 1873//851
f 1746//851 1747//851 1766//851
f 1747//851 1748//851 1766//851
f 1766//851 1748//851 1749//851
f 1881//851 1777//851 1843//851
f 1777//851 1778//851 1843//851
f 1843//851 1778//851 1811//851
f 1778//851 1779//851 1811//851
f 1811//851 1779//851 1780//851
f 1781//851 1782//851 1811//851
f 1782//851 1783//851 1811//851
f 1811//851 1783//851 1784//851
f 1787//851 1788//851 1789//851
f 1789//851 1790//851 1787//851
f 1787//851 1791//851 1792//851
f 1792//851 1793//851 1787//851
f 1793//851 1794//851 1787//851
f 1787//851 1794//851 1795//851
f 1795//851 1796//851 1787//851
f 1796//851 1797//851 1787//851
f 1787//851 1797//851 1798//851
f 1805//851 1806//851 1787//851
f 1806//851 1807//851 1787//851
f 1787//851 1807//851 1808//851
f 1808//851 1809//851 1787//851
f 1809//851 1810//851 1787//851
f 1787//851 1810//851 1811//851
f 1813//851 1814//851 1843//851
f 1814//851 1815//851 1843//851
f 1843//851 1815//851 1816//851
f 1819//851 1820//851 1843//851
f 1820//851 1821//851 1843//851
f 1843//851 1821//851 1822//851
f 1823//851 1824//851 1843//851
f 1824//851 1825//851 1843//851
f 1843//851 1825//851 1842//851
f 1825//851 1841//851 1842//851
f 1860//851 1861//851 1848//851
f 1861//851 1862//851 1848//851
f 1848//851 1862//851 1863//851
f 1863//851 1864//851 1848//851
f 1864//851 1865//851 1848//851
f 1848//851 1865//851 1866//851
f 1767//851 1744//851 1766//851
f 1744//851 1745//851 1766//851
f 1766//851 1745//851 1746//851
f 1767//851 1768//851 1744//851
f 1768//851 1769//851 1744//851
f 1744//851 1769//851 1770//851
f 1770//851 1771//851 1744//851
f 1771//851 1772//851 1744//851
f 1744//851 1772//851 1773//851
f 1773//851 1774//851 1744//851
f 1774//851 1775//851 1744//851
f 1744//851 1775//851 1776//851
f 1798//851 1799//851 1787//851
f 1799//851 1800//851 1787//851
f 1787//851 1800//851 1801//851
f 1816//851 1817//851 1843//851
f 1817//851 1818//851 1843//851
f 1843//851 1818//851 1819//851
f 1836//851 1837//851 1825//851
f 1837//851 1838//851 1825//851
f 1866//851 1867//851 1848//851
f 1867//851 1868//851 1848//851
f 1848//851 1868//851 1869//851
f 1749//851 1750//851 1766//851
f 1750//851 1751//851 1766//851
f 1766//851 1751//851 1752//851
f 1752//851 1753//851 1766//851
f 1766//851 1754//851 1755//851
f 1801//851 1802//851 1787//851
f 1802//851 1803//851 1787//851
f 1787//851 1803//851 1804//851
f 1828//851 1829//851 1825//851
f 1825//851 1829//851 1830//851
f 1830//851 1831//851 1825//851
f 1831//851 1832//851 1825//851
f 1825//851 1832//851 1833//851
f 1833//851 1834//851 1825//851
f 1825//851 1835//851 1836//851
f 1838//851 1839//851 1825//851
f 1839//851 1840//851 1825//851
f 1825//851 1840//851 1841//851
f 1873//851 1874//851 1848//851
f 1874//851 1875//851 1848//851
f 1848//851 1875//851 1876//851
f 1876//851 1877//851 1848//851
f 1877//851 1878//851 1848//851
f 1848//851 1878//851 1879//851
f 1755//851 1756//851 1766//851
f 1756//851 1757//851 1766//851
f 1766//851 1757//851 1758//851
f 1758//851 1759//851 1766//851
f 1759//851 1760//851 1766//851
f 1766//851 1760//851 1761//851
f 1849//851 1857//851 1848//851
f 1857//851 1858//851 1848//851
f 1848//851 1858//851 1859//851
f 1849//851 1850//851 1857//851
f 1850//851 1851//851 1857//851
f 1857//851 1851//851 1856//851
f 1851//851 1855//851 1856//851
f 1762//851 1763//851 1766//851
l 1719 1720
l 1678 1680
l 1688 1706
l 1720 1721
l 1725 1729
l 1710 1740
l 1679 1690
l 1683 1713
l 1710 1733
l 1737 1738
l 1695 1696
l 1686 1685
l 1721 1728
l 1729 1726
l 1726 1730
l 1700 1743
l 1692 1693
l 1678 1697
l 1707 1708
l 1696 1705
l 1722 1728
l 1738 1741
l 1686 1687
l 1694 1704
l 1677 1708
l 1723 1724
l 1682 1734
l 1687 1691
l 1691 1714
l 1717 1718
l 1698 1724
l 1704 1727
l 1679 1717
l 1730 1731
l 1684 1732
l 1741 1739
l 1736 1740
l 1684 1685
l 1681 1689
l 1693 1694
l 1698 1699
l 1688 1705
l 1709 1682
l 1692 1715
l 1727 1716
l 1713 1725
l 1735 1736
l 1733 1737
l 1739 1742
l 1742 1743
