# Blender 5.2.1 LTS
# www.blender.org
mtllib neogeo.mtl
o negeo_cartridge
v 21.590435 18.737028 -4.920215
v 17.439514 18.737028 -4.920215
v 21.590435 18.732759 -4.129030
v 17.439514 18.732759 -4.129030
v 17.408796 18.738937 -4.524601
v 17.408796 18.741072 -4.920193
v 17.380173 18.750793 -4.524537
v 17.380173 18.752928 -4.920129
v 17.355595 18.769653 -4.524435
v 17.355595 18.771788 -4.920027
v 17.336733 18.794233 -4.524302
v 17.336733 18.796368 -4.919895
v 17.324879 18.822855 -4.524148
v 17.324879 18.824989 -4.919740
v 17.320833 18.853571 -4.523983
v 17.320833 18.855705 -4.919575
v 17.324879 18.884287 -4.523817
v 17.324879 18.886421 -4.919409
v 17.336733 18.912910 -4.523662
v 17.336733 18.915045 -4.919254
v 17.355595 18.937489 -4.523530
v 17.355595 18.939623 -4.919122
v 17.380173 18.956350 -4.523428
v 17.380173 18.958485 -4.919020
v 17.408796 18.968204 -4.523364
v 17.408796 18.970341 -4.918956
v 17.439514 18.974384 -4.918934
v 17.439514 18.970116 -4.127749
v 17.408796 18.966072 -4.127771
v 17.380173 18.954216 -4.127835
v 17.355595 18.935354 -4.127937
v 17.336733 18.910776 -4.128069
v 17.324879 18.882153 -4.128224
v 17.320833 18.851437 -4.128390
v 17.324879 18.820721 -4.128555
v 17.336733 18.792099 -4.128710
v 17.355595 18.767519 -4.128842
v 17.380173 18.748659 -4.128944
v 17.408796 18.736803 -4.129008
v 21.590435 18.974384 -4.918934
v 21.590435 18.970116 -4.127749
v 21.621153 18.968204 -4.523364
v 21.621153 18.970341 -4.918956
v 21.649776 18.956350 -4.523428
v 21.649776 18.958485 -4.919020
v 21.674356 18.937489 -4.523530
v 21.674356 18.939623 -4.919122
v 21.693216 18.912910 -4.523662
v 21.693216 18.915045 -4.919254
v 21.705074 18.884287 -4.523817
v 21.705074 18.886421 -4.919409
v 21.709116 18.853571 -4.523983
v 21.709116 18.855705 -4.919575
v 21.705074 18.822855 -4.524148
v 21.705074 18.824989 -4.919740
v 21.693216 18.794233 -4.524302
v 21.693216 18.796368 -4.919895
v 21.674356 18.769653 -4.524435
v 21.674356 18.771788 -4.920027
v 21.649776 18.750793 -4.524537
v 21.649776 18.752928 -4.920129
v 21.621153 18.738937 -4.524601
v 21.621153 18.741072 -4.920193
v 21.621153 18.736803 -4.129008
v 21.649776 18.748659 -4.128944
v 21.674356 18.767519 -4.128842
v 21.693216 18.792099 -4.128710
v 21.705074 18.820721 -4.128555
v 21.709116 18.851437 -4.128390
v 21.705074 18.882153 -4.128224
v 21.693216 18.910776 -4.128069
v 21.674356 18.935354 -4.127937
v 21.649776 18.954216 -4.127835
v 21.621153 18.966072 -4.127771
v 21.590435 21.374311 -4.905986
v 18.197514 21.374311 -4.905986
v 21.590435 21.370043 -4.114801
v 18.197514 21.370043 -4.114801
v 18.166796 21.376221 -4.510372
v 18.166796 21.378355 -4.905964
v 18.138174 21.388077 -4.510308
v 18.138174 21.390211 -4.905900
v 18.113594 21.406937 -4.510206
v 18.113594 21.409071 -4.905798
v 18.094734 21.431515 -4.510073
v 18.094734 21.433649 -4.905665
v 18.082878 21.460138 -4.509919
v 18.082878 21.462273 -4.905511
v 18.078835 21.490854 -4.509753
v 18.078835 21.492989 -4.905345
v 18.082878 21.521570 -4.509587
v 18.082878 21.523705 -4.905180
v 18.094734 21.550194 -4.509433
v 18.094734 21.552328 -4.905025
v 18.113594 21.574772 -4.509300
v 18.113594 21.576906 -4.904892
v 18.138174 21.593632 -4.509199
v 18.138174 21.595766 -4.904791
v 18.166796 21.605488 -4.509135
v 18.166796 21.607622 -4.904727
v 18.197514 21.611666 -4.904705
v 18.197514 21.607397 -4.113520
v 18.166796 21.603354 -4.113542
v 18.138174 21.591497 -4.113606
v 18.113594 21.572638 -4.113708
v 18.094734 21.548059 -4.113841
v 18.082878 21.519436 -4.113995
v 18.078835 21.488720 -4.114161
v 18.082878 21.458004 -4.114326
v 18.094734 21.429380 -4.114480
v 18.113594 21.404802 -4.114614
v 18.138174 21.385942 -4.114715
v 18.166796 21.374086 -4.114779
v 21.590435 21.611666 -4.904705
v 21.590435 21.607397 -4.113520
v 21.621153 21.605488 -4.509135
v 21.621153 21.607622 -4.904727
v 21.649776 21.593632 -4.509199
v 21.649776 21.595766 -4.904791
v 21.674356 21.574772 -4.509300
v 21.674356 21.576906 -4.904892
v 21.693216 21.550194 -4.509433
v 21.693216 21.552328 -4.905025
v 21.705074 21.521570 -4.509587
v 21.705074 21.523705 -4.905180
v 21.709116 21.490854 -4.509753
v 21.709116 21.492989 -4.905345
v 21.705074 21.460138 -4.509919
v 21.705074 21.462273 -4.905511
v 21.693216 21.431515 -4.510073
v 21.693216 21.433649 -4.905665
v 21.674356 21.406937 -4.510206
v 21.674356 21.409071 -4.905798
v 21.649776 21.388077 -4.510308
v 21.649776 21.390211 -4.905900
v 21.621153 21.376221 -4.510372
v 21.621153 21.378355 -4.905964
v 21.621153 21.374086 -4.114779
v 21.649776 21.385942 -4.114715
v 21.674356 21.404802 -4.114614
v 21.693216 21.429380 -4.114480
v 21.705074 21.458004 -4.114326
v 21.709116 21.488720 -4.114161
v 21.705074 21.519436 -4.113995
v 21.693216 21.548059 -4.113841
v 21.674356 21.572638 -4.113708
v 21.649776 21.591497 -4.113606
v 21.621153 21.603354 -4.113542
v -8.018785 19.633705 -4.915377
v -4.239619 19.633705 -4.915377
v -8.018785 19.629436 -4.124192
v -4.239619 19.629436 -4.124192
v -4.208902 19.627525 -4.519806
v -4.208902 19.629660 -4.915399
v -4.180279 19.615669 -4.519871
v -4.180279 19.617804 -4.915463
v -4.155700 19.596809 -4.519972
v -4.155700 19.598944 -4.915565
v -4.136839 19.572231 -4.520105
v -4.136839 19.574366 -4.915697
v -4.124983 19.543608 -4.520259
v -4.124983 19.545742 -4.915852
v -4.120939 19.512892 -4.520425
v -4.120939 19.515026 -4.916017
v -4.124983 19.482176 -4.520591
v -4.124983 19.484310 -4.916183
v -4.136839 19.453552 -4.520745
v -4.136839 19.455688 -4.916337
v -4.155700 19.428974 -4.520878
v -4.155700 19.431108 -4.916470
v -4.180279 19.410114 -4.520979
v -4.180279 19.412249 -4.916572
v -4.208902 19.398258 -4.521044
v -4.208902 19.400393 -4.916636
v -4.239619 19.396349 -4.916657
v -4.239619 19.392080 -4.125473
v -4.208902 19.396124 -4.125451
v -4.180279 19.407980 -4.125387
v -4.155700 19.426840 -4.125285
v -4.136839 19.451420 -4.125153
v -4.124983 19.480042 -4.124998
v -4.120939 19.510757 -4.124832
v -4.124983 19.541473 -4.124667
v -4.136839 19.570097 -4.124512
v -4.155700 19.594675 -4.124380
v -4.180279 19.613535 -4.124278
v -4.208902 19.625391 -4.124214
v -8.018785 19.396349 -4.916657
v -8.018785 19.392080 -4.125473
v -8.049501 19.398258 -4.521044
v -8.049501 19.400393 -4.916636
v -8.078124 19.410114 -4.520979
v -8.078124 19.412249 -4.916572
v -8.102704 19.428974 -4.520878
v -8.102704 19.431108 -4.916470
v -8.121564 19.453552 -4.520745
v -8.121564 19.455688 -4.916337
v -8.133420 19.482176 -4.520591
v -8.133420 19.484310 -4.916183
v -8.137464 19.512892 -4.520425
v -8.137464 19.515026 -4.916017
v -8.133420 19.543608 -4.520259
v -8.133420 19.545742 -4.915852
v -8.121564 19.572231 -4.520105
v -8.121564 19.574366 -4.915697
v -8.102704 19.596809 -4.519972
v -8.102704 19.598944 -4.915565
v -8.078124 19.615669 -4.519871
v -8.078124 19.617804 -4.915463
v -8.049501 19.627525 -4.519806
v -8.049501 19.629660 -4.915399
v -8.049501 19.625391 -4.124214
v -8.078124 19.613535 -4.124278
v -8.102704 19.594675 -4.124380
v -8.121564 19.570097 -4.124512
v -8.133420 19.541473 -4.124667
v -8.137464 19.510757 -4.124832
v -8.133420 19.480042 -4.124998
v -8.121564 19.451420 -4.125153
v -8.102704 19.426840 -4.125285
v -8.078124 19.407980 -4.125387
v -8.049501 19.396124 -4.125451
v -8.018785 21.611666 -4.904705
v -4.625861 21.611666 -4.904705
v -8.018785 21.607397 -4.113520
v -4.625861 21.607397 -4.113520
v -4.595145 21.605488 -4.509135
v -4.595145 21.607622 -4.904727
v -4.566522 21.593632 -4.509199
v -4.566522 21.595766 -4.904791
v -4.541942 21.574772 -4.509300
v -4.541942 21.576906 -4.904892
v -4.523082 21.550194 -4.509433
v -4.523082 21.552328 -4.905025
v -4.511226 21.521570 -4.509587
v -4.511226 21.523705 -4.905180
v -4.507182 21.490854 -4.509753
v -4.507182 21.492989 -4.905345
v -4.511226 21.460138 -4.509919
v -4.511226 21.462273 -4.905511
v -4.523082 21.431515 -4.510073
v -4.523082 21.433649 -4.905665
v -4.541942 21.406937 -4.510206
v -4.541942 21.409071 -4.905798
v -4.566522 21.388077 -4.510308
v -4.566522 21.390211 -4.905900
v -4.595145 21.376221 -4.510372
v -4.595145 21.378355 -4.905964
v -4.625861 21.374311 -4.905986
v -4.625861 21.370043 -4.114801
v -4.595145 21.374086 -4.114779
v -4.566522 21.385942 -4.114715
v -4.541942 21.404802 -4.114614
v -4.523082 21.429380 -4.114480
v -4.511226 21.458004 -4.114326
v -4.507182 21.488720 -4.114161
v -4.511226 21.519436 -4.113995
v -4.523082 21.548059 -4.113841
v -4.541942 21.572638 -4.113708
v -4.566522 21.591497 -4.113606
v -4.595145 21.603354 -4.113542
v -8.018785 21.374311 -4.905986
v -8.018785 21.370043 -4.114801
v -8.049501 21.376221 -4.510372
v -8.049501 21.378355 -4.905964
v -8.078124 21.388077 -4.510308
v -8.078124 21.390211 -4.905900
v -8.102704 21.406937 -4.510206
v -8.102704 21.409071 -4.905798
v -8.121564 21.431515 -4.510073
v -8.121564 21.433649 -4.905665
v -8.133420 21.460138 -4.509919
v -8.133420 21.462273 -4.905511
v -8.137464 21.490854 -4.509753
v -8.137464 21.492989 -4.905345
v -8.133420 21.521570 -4.509587
v -8.133420 21.523705 -4.905180
v -8.121564 21.550194 -4.509433
v -8.121564 21.552328 -4.905025
v -8.102704 21.574772 -4.509300
v -8.102704 21.576906 -4.904892
v -8.078124 21.593632 -4.509199
v -8.078124 21.595766 -4.904791
v -8.049501 21.605488 -4.509135
v -8.049501 21.607622 -4.904727
v -8.049501 21.603354 -4.113542
v -8.078124 21.591497 -4.113606
v -8.102704 21.572638 -4.113708
v -8.121564 21.548059 -4.113841
v -8.133420 21.519436 -4.113995
v -8.137464 21.488720 -4.114161
v -8.133420 21.458004 -4.114326
v -8.121564 21.429380 -4.114480
v -8.102704 21.404802 -4.114614
v -8.078124 21.385942 -4.114715
v -8.049501 21.374086 -4.114779
v -8.018785 18.974384 -4.918934
v -3.867861 18.974384 -4.918934
v -8.018785 18.970116 -4.127749
v -3.867861 18.970116 -4.127749
v -3.837144 18.968204 -4.523364
v -3.837144 18.970341 -4.918956
v -3.808521 18.956350 -4.523428
v -3.808521 18.958485 -4.919020
v -3.783942 18.937489 -4.523530
v -3.783942 18.939623 -4.919122
v -3.765082 18.912910 -4.523662
v -3.765082 18.915045 -4.919254
v -3.753225 18.884287 -4.523817
v -3.753225 18.886421 -4.919409
v -3.749182 18.853571 -4.523983
v -3.749182 18.855705 -4.919575
v -3.753225 18.822855 -4.524148
v -3.753225 18.824989 -4.919740
v -3.765082 18.794233 -4.524302
v -3.765082 18.796368 -4.919895
v -3.783942 18.769653 -4.524435
v -3.783942 18.771788 -4.920027
v -3.808521 18.750793 -4.524537
v -3.808521 18.752928 -4.920129
v -3.837144 18.738937 -4.524601
v -3.837144 18.741072 -4.920193
v -3.867861 18.737028 -4.920215
v -3.867861 18.732759 -4.129030
v -3.837144 18.736803 -4.129008
v -3.808521 18.748659 -4.128944
v -3.783942 18.767519 -4.128842
v -3.765082 18.792099 -4.128710
v -3.753225 18.820721 -4.128555
v -3.749182 18.851437 -4.128390
v -3.753225 18.882153 -4.128224
v -3.765082 18.910776 -4.128069
v -3.783942 18.935354 -4.127937
v -3.808521 18.954216 -4.127835
v -3.837144 18.966072 -4.127771
v -8.018785 18.737028 -4.920215
v -8.018785 18.732759 -4.129030
v -8.049501 18.738937 -4.524601
v -8.049501 18.741072 -4.920193
v -8.078124 18.750793 -4.524537
v -8.078124 18.752928 -4.920129
v -8.102704 18.769653 -4.524435
v -8.102704 18.771788 -4.920027
v -8.121564 18.794233 -4.524302
v -8.121564 18.796368 -4.919895
v -8.133420 18.822855 -4.524148
v -8.133420 18.824989 -4.919740
v -8.137464 18.853571 -4.523983
v -8.137464 18.855705 -4.919575
v -8.133420 18.884287 -4.523817
v -8.133420 18.886421 -4.919409
v -8.121564 18.912910 -4.523662
v -8.121564 18.915045 -4.919254
v -8.102704 18.937489 -4.523530
v -8.102704 18.939623 -4.919122
v -8.078124 18.956350 -4.523428
v -8.078124 18.958485 -4.919020
v -8.049501 18.968204 -4.523364
v -8.049501 18.970341 -4.918956
v -8.049501 18.966072 -4.127771
v -8.078124 18.954216 -4.127835
v -8.102704 18.935354 -4.127937
v -8.121564 18.910776 -4.128069
v -8.133420 18.882153 -4.128224
v -8.137464 18.851437 -4.128390
v -8.133420 18.820721 -4.128555
v -8.121564 18.792099 -4.128710
v -8.102704 18.767519 -4.128842
v -8.078124 18.748659 -4.128944
v -8.049501 18.736803 -4.129008
v 21.590435 20.714991 -4.909543
v 18.197514 20.714991 -4.909543
v 21.590435 20.710722 -4.118358
v 18.197514 20.710722 -4.118358
v 18.166796 20.716900 -4.513929
v 18.166796 20.719034 -4.909521
v 18.138174 20.728756 -4.513865
v 18.138174 20.730890 -4.909457
v 18.113594 20.747616 -4.513763
v 18.113594 20.749750 -4.909356
v 18.094734 20.772194 -4.513631
v 18.094734 20.774328 -4.909223
v 18.082878 20.800817 -4.513476
v 18.082878 20.802952 -4.909069
v 18.078835 20.831533 -4.513310
v 18.078835 20.833668 -4.908903
v 18.082878 20.862249 -4.513145
v 18.082878 20.864384 -4.908737
v 18.094734 20.890873 -4.512990
v 18.094734 20.893007 -4.908583
v 18.113594 20.915451 -4.512858
v 18.113594 20.917585 -4.908450
v 18.138174 20.934311 -4.512756
v 18.138174 20.936445 -4.908348
v 18.166796 20.946167 -4.512692
v 18.166796 20.948301 -4.908284
v 18.197514 20.952345 -4.908262
v 18.197514 20.948076 -4.117077
v 18.166796 20.944033 -4.117099
v 18.138174 20.932177 -4.117163
v 18.113594 20.913317 -4.117265
v 18.094734 20.888739 -4.117398
v 18.082878 20.860115 -4.117552
v 18.078835 20.829399 -4.117718
v 18.082878 20.798683 -4.117884
v 18.094734 20.770060 -4.118038
v 18.113594 20.745481 -4.118171
v 18.138174 20.726622 -4.118272
v 18.166796 20.714766 -4.118336
v 21.590435 20.952345 -4.908262
v 21.590435 20.948076 -4.117077
v 21.621153 20.946167 -4.512692
v 21.621153 20.948301 -4.908284
v 21.649776 20.934311 -4.512756
v 21.649776 20.936445 -4.908348
v 21.674356 20.915451 -4.512858
v 21.674356 20.917585 -4.908450
v 21.693216 20.890873 -4.512990
v 21.693216 20.893007 -4.908583
v 21.705074 20.862249 -4.513145
v 21.705074 20.864384 -4.908737
v 21.709116 20.831533 -4.513310
v 21.709116 20.833668 -4.908903
v 21.705074 20.800817 -4.513476
v 21.705074 20.802952 -4.909069
v 21.693216 20.772194 -4.513631
v 21.693216 20.774328 -4.909223
v 21.674356 20.747616 -4.513763
v 21.674356 20.749750 -4.909356
v 21.649776 20.728756 -4.513865
v 21.649776 20.730890 -4.909457
v 21.621153 20.716900 -4.513929
v 21.621153 20.719034 -4.909521
v 21.621153 20.714766 -4.118336
v 21.649776 20.726622 -4.118272
v 21.674356 20.745481 -4.118171
v 21.693216 20.770060 -4.118038
v 21.705074 20.798683 -4.117884
v 21.709116 20.829399 -4.117718
v 21.705074 20.860115 -4.117552
v 21.693216 20.888739 -4.117398
v 21.674356 20.913317 -4.117265
v 21.649776 20.932177 -4.117163
v 21.621153 20.944033 -4.117099
v 16.773359 18.073439 -4.132587
v 16.773359 18.077707 -4.923772
v 16.742643 18.079617 -4.528158
v 16.742643 18.081751 -4.923750
v 16.714020 18.091473 -4.528094
v 16.714020 18.093607 -4.923687
v 16.689442 18.110332 -4.527992
v 16.689442 18.112467 -4.923584
v 16.670580 18.134912 -4.527860
v 16.670580 18.137047 -4.923452
v 16.658726 18.163534 -4.527705
v 16.658726 18.165668 -4.923297
v 16.654680 18.194250 -4.527540
v 16.654680 18.196384 -4.923132
v 16.658726 18.224968 -4.527374
v 16.658726 18.227100 -4.922966
v 16.670580 18.253590 -4.527219
v 16.670580 18.255724 -4.922812
v 16.689442 18.278168 -4.527087
v 16.689442 18.280304 -4.922679
v 16.714020 18.297029 -4.526985
v 16.714020 18.299164 -4.922577
v 16.742643 18.308886 -4.526921
v 16.742643 18.311020 -4.922513
v 16.773359 18.315063 -4.922492
v 16.773359 18.310795 -4.131307
v 16.742643 18.306751 -4.131329
v 16.714020 18.294895 -4.131392
v 16.689442 18.276035 -4.131494
v 16.670580 18.251455 -4.131627
v 16.658726 18.222832 -4.131781
v 16.654680 18.192116 -4.131947
v 16.658726 18.161400 -4.132113
v 16.670580 18.132778 -4.132267
v 16.689442 18.108198 -4.132400
v 16.714020 18.089338 -4.132502
v 16.742643 18.077482 -4.132565
v 21.590435 18.315063 -4.922492
v 21.590435 18.310795 -4.131307
v 21.621153 18.308886 -4.526921
v 21.621153 18.311020 -4.922513
v 21.649776 18.297029 -4.526985
v 21.649776 18.299164 -4.922577
v 21.674356 18.278168 -4.527087
v 21.674356 18.280304 -4.922679
v 21.693216 18.253590 -4.527219
v 21.693216 18.255724 -4.922812
v 21.705074 18.224968 -4.527374
v 21.705074 18.227100 -4.922966
v 21.709116 18.194250 -4.527540
v 21.709116 18.196384 -4.923132
v 21.705074 18.163534 -4.527705
v 21.705074 18.165668 -4.923297
v 21.693216 18.134912 -4.527860
v 21.693216 18.137047 -4.923452
v 21.674356 18.110332 -4.527992
v 21.674356 18.112467 -4.923584
v 21.649776 18.091473 -4.528094
v 21.649776 18.093607 -4.923687
v 21.621153 18.079617 -4.528158
v 21.621153 18.081751 -4.923750
v 21.590435 18.077707 -4.923772
v 21.590435 18.073439 -4.132587
v 21.621153 18.077482 -4.132565
v 21.649776 18.089338 -4.132502
v 21.674356 18.108198 -4.132400
v 21.693216 18.132778 -4.132267
v 21.705074 18.161400 -4.132113
v 21.709116 18.192116 -4.131947
v 21.705074 18.222832 -4.131781
v 21.693216 18.251455 -4.131627
v 21.674356 18.276035 -4.131494
v 21.649776 18.294895 -4.131392
v 21.621153 18.306751 -4.131329
v 21.590435 19.396349 -4.916657
v 17.811272 19.396349 -4.916657
v 21.590435 19.392080 -4.125473
v 17.811272 19.392080 -4.125473
v 17.780556 19.398258 -4.521044
v 17.780556 19.400393 -4.916636
v 17.751932 19.410114 -4.520979
v 17.751932 19.412249 -4.916572
v 17.727352 19.428974 -4.520878
v 17.727352 19.431108 -4.916470
v 17.708492 19.453552 -4.520745
v 17.708492 19.455688 -4.916337
v 17.696634 19.482176 -4.520591
v 17.696634 19.484310 -4.916183
v 17.692593 19.512892 -4.520425
v 17.692593 19.515026 -4.916017
v 17.696634 19.543608 -4.520259
v 17.696634 19.545742 -4.915852
v 17.708492 19.572231 -4.520105
v 17.708492 19.574366 -4.915697
v 17.727352 19.596809 -4.519972
v 17.727352 19.598944 -4.915565
v 17.751932 19.615669 -4.519871
v 17.751932 19.617804 -4.915463
v 17.780556 19.627525 -4.519806
v 17.780556 19.629660 -4.915399
v 17.811272 19.633705 -4.915377
v 17.811272 19.629436 -4.124192
v 17.780556 19.625391 -4.124214
v 17.751932 19.613535 -4.124278
v 17.727352 19.594675 -4.124380
v 17.708492 19.570097 -4.124512
v 17.696634 19.541473 -4.124667
v 17.692593 19.510757 -4.124832
v 17.696634 19.480042 -4.124998
v 17.708492 19.451420 -4.125153
v 17.727352 19.426840 -4.125285
v 17.751932 19.407980 -4.125387
v 17.780556 19.396124 -4.125451
v 21.590435 19.633705 -4.915377
v 21.590435 19.629436 -4.124192
v 21.621153 19.627525 -4.519806
v 21.621153 19.629660 -4.915399
v 21.649776 19.615669 -4.519871
v 21.649776 19.617804 -4.915463
v 21.674356 19.596809 -4.519972
v 21.674356 19.598944 -4.915565
v 21.693216 19.572231 -4.520105
v 21.693216 19.574366 -4.915697
v 21.705074 19.543608 -4.520259
v 21.705074 19.545742 -4.915852
v 21.709116 19.512892 -4.520425
v 21.709116 19.515026 -4.916017
v 21.705074 19.482176 -4.520591
v 21.705074 19.484310 -4.916183
v 21.693216 19.453552 -4.520745
v 21.693216 19.455688 -4.916337
v 21.674356 19.428974 -4.520878
v 21.674356 19.431108 -4.916470
v 21.649776 19.410114 -4.520979
v 21.649776 19.412249 -4.916572
v 21.621153 19.398258 -4.521044
v 21.621153 19.400393 -4.916636
v 21.621153 19.396124 -4.125451
v 21.649776 19.407980 -4.125387
v 21.674356 19.426840 -4.125285
v 21.693216 19.451420 -4.125153
v 21.705074 19.480042 -4.124998
v 21.709116 19.510757 -4.124832
v 21.705074 19.541473 -4.124667
v 21.693216 19.570097 -4.124512
v 21.674356 19.594675 -4.124380
v 21.649776 19.613535 -4.124278
v 21.621153 19.625391 -4.124214
v -8.018785 17.655743 -4.926049
v -1.935794 17.655743 -4.926049
v -8.018785 17.651474 -4.134864
v -1.935794 17.651474 -4.134864
v -1.905078 17.649565 -4.530478
v -1.905078 17.651699 -4.926071
v -1.876454 17.637709 -4.530542
v -1.876454 17.639843 -4.926135
v -1.851875 17.618849 -4.530644
v -1.851875 17.620983 -4.926236
v -1.833014 17.594269 -4.530777
v -1.833014 17.596403 -4.926369
v -1.821158 17.565647 -4.530931
v -1.821158 17.567781 -4.926523
v -1.817114 17.534931 -4.531097
v -1.817114 17.537064 -4.926689
v -1.821158 17.504213 -4.531263
v -1.821158 17.506348 -4.926855
v -1.833014 17.475592 -4.531417
v -1.833014 17.477726 -4.927009
v -1.851875 17.451012 -4.531550
v -1.851875 17.453148 -4.927142
v -1.876454 17.432152 -4.531651
v -1.876454 17.434288 -4.927244
v -1.905078 17.420296 -4.531715
v -1.905078 17.422432 -4.927308
v -1.935794 17.418386 -4.927330
v -1.935794 17.414118 -4.136145
v -1.905078 17.418161 -4.136123
v -1.876454 17.430017 -4.136059
v -1.851875 17.448877 -4.135957
v -1.833014 17.473457 -4.135824
v -1.821158 17.502079 -4.135670
v -1.817114 17.532795 -4.135504
v -1.821158 17.563513 -4.135338
v -1.833014 17.592134 -4.135184
v -1.851875 17.616714 -4.135051
v -1.876454 17.635574 -4.134950
v -1.905078 17.647430 -4.134886
v -8.018785 17.418386 -4.927330
v -8.018785 17.414118 -4.136145
v -8.049501 17.420296 -4.531715
v -8.049501 17.422432 -4.927308
v -8.078124 17.432152 -4.531651
v -8.078124 17.434288 -4.927244
v -8.102704 17.451012 -4.531550
v -8.102704 17.453148 -4.927142
v -8.121564 17.475592 -4.531417
v -8.121564 17.477726 -4.927009
v -8.133420 17.504213 -4.531263
v -8.133420 17.506348 -4.926855
v -8.137464 17.534931 -4.531097
v -8.137464 17.537064 -4.926689
v -8.133420 17.565647 -4.530931
v -8.133420 17.567781 -4.926523
v -8.121564 17.594269 -4.530777
v -8.121564 17.596403 -4.926369
v -8.102704 17.618849 -4.530644
v -8.102704 17.620983 -4.926236
v -8.078124 17.637709 -4.530542
v -8.078124 17.639843 -4.926135
v -8.049501 17.649565 -4.530478
v -8.049501 17.651699 -4.926071
v -8.049501 17.647430 -4.134886
v -8.078124 17.635574 -4.134950
v -8.102704 17.616714 -4.135051
v -8.121564 17.592134 -4.135184
v -8.133420 17.563513 -4.135338
v -8.137464 17.532795 -4.135504
v -8.133420 17.502079 -4.135670
v -8.121564 17.473457 -4.135824
v -8.102704 17.448877 -4.135957
v -8.078124 17.430017 -4.136059
v -8.049501 17.418161 -4.136123
v -8.018785 20.293024 -4.911819
v -4.467622 20.293024 -4.911819
v -8.018785 20.288755 -4.120635
v -4.467622 20.288755 -4.120635
v -4.498339 20.286846 -4.516249
v -4.498339 20.288980 -4.911841
v -4.526962 20.274990 -4.516313
v -4.526962 20.277124 -4.911905
v -4.551541 20.256130 -4.516415
v -4.551541 20.258265 -4.912007
v -4.570401 20.231552 -4.516548
v -4.570401 20.233686 -4.912140
v -4.582257 20.202929 -4.516702
v -4.582257 20.205063 -4.912294
v -4.586301 20.172213 -4.516868
v -4.586301 20.174347 -4.912460
v -4.582257 20.141497 -4.517034
v -4.582257 20.143631 -4.912626
v -4.570401 20.112873 -4.517188
v -4.570401 20.115007 -4.912780
v -4.551541 20.088295 -4.517321
v -4.551541 20.090429 -4.912913
v -4.526962 20.069435 -4.517422
v -4.526962 20.071569 -4.913014
v -4.498339 20.057579 -4.517486
v -4.498339 20.059713 -4.913078
v -4.467622 20.055670 -4.913100
v -4.467622 20.051401 -4.121915
v -4.498339 20.055445 -4.121893
v -4.526962 20.067301 -4.121830
v -4.551541 20.086161 -4.121728
v -4.570401 20.110739 -4.121595
v -4.582257 20.139362 -4.121441
v -4.586301 20.170078 -4.121275
v -4.582257 20.200794 -4.121109
v -4.570401 20.229418 -4.120955
v -4.551541 20.253996 -4.120822
v -4.526962 20.272856 -4.120720
v -4.498339 20.284712 -4.120656
v -8.018785 20.055670 -4.913100
v -8.018785 20.051401 -4.121915
v -8.049501 20.057579 -4.517486
v -8.049501 20.059713 -4.913078
v -8.078124 20.069435 -4.517422
v -8.078124 20.071569 -4.913014
v -8.102704 20.088295 -4.517321
v -8.102704 20.090429 -4.912913
v -8.121564 20.112873 -4.517188
v -8.121564 20.115007 -4.912780
v -8.133420 20.141497 -4.517034
v -8.133420 20.143631 -4.912626
v -8.137464 20.172213 -4.516868
v -8.137464 20.174347 -4.912460
v -8.133420 20.202929 -4.516702
v -8.133420 20.205063 -4.912294
v -8.121564 20.231552 -4.516548
v -8.121564 20.233686 -4.912140
v -8.102704 20.256130 -4.516415
v -8.102704 20.258265 -4.912007
v -8.078124 20.274990 -4.516313
v -8.078124 20.277124 -4.911905
v -8.049501 20.286846 -4.516249
v -8.049501 20.288980 -4.911841
v -8.049501 20.284712 -4.120656
v -8.078124 20.272856 -4.120720
v -8.102704 20.253996 -4.120822
v -8.121564 20.229418 -4.120955
v -8.133420 20.200794 -4.121109
v -8.137464 20.170078 -4.121275
v -8.133420 20.139362 -4.121441
v -8.121564 20.110739 -4.121595
v -8.102704 20.086161 -4.121728
v -8.078124 20.067301 -4.121830
v -8.049501 20.055445 -4.121893
v -8.018785 20.952345 -4.908262
v -4.625861 20.952345 -4.908262
v -8.018785 20.948076 -4.117077
v -4.625861 20.948076 -4.117077
v -4.595145 20.946167 -4.512692
v -4.595145 20.948301 -4.908284
v -4.566522 20.934311 -4.512756
v -4.566522 20.936445 -4.908348
v -4.541942 20.915451 -4.512858
v -4.541942 20.917585 -4.908450
v -4.523082 20.890873 -4.512990
v -4.523082 20.893007 -4.908583
v -4.511226 20.862249 -4.513145
v -4.511226 20.864384 -4.908737
v -4.507182 20.831533 -4.513310
v -4.507182 20.833668 -4.908903
v -4.511226 20.800817 -4.513476
v -4.511226 20.802952 -4.909069
v -4.523082 20.772194 -4.513631
v -4.523082 20.774328 -4.909223
v -4.541942 20.747616 -4.513763
v -4.541942 20.749750 -4.909356
v -4.566522 20.728756 -4.513865
v -4.566522 20.730890 -4.909457
v -4.595145 20.716900 -4.513929
v -4.595145 20.719034 -4.909521
v -4.625861 20.714991 -4.909543
v -4.625861 20.710722 -4.118358
v -4.595145 20.714766 -4.118336
v -4.566522 20.726622 -4.118272
v -4.541942 20.745481 -4.118171
v -4.523082 20.770060 -4.118038
v -4.511226 20.798683 -4.117884
v -4.507182 20.829399 -4.117718
v -4.511226 20.860115 -4.117552
v -4.523082 20.888739 -4.117398
v -4.541942 20.913317 -4.117265
v -4.566522 20.932177 -4.117163
v -4.595145 20.944033 -4.117099
v -8.018785 20.714991 -4.909543
v -8.018785 20.710722 -4.118358
v -8.049501 20.716900 -4.513929
v -8.049501 20.719034 -4.909521
v -8.078124 20.728756 -4.513865
v -8.078124 20.730890 -4.909457
v -8.102704 20.747616 -4.513763
v -8.102704 20.749750 -4.909356
v -8.121564 20.772194 -4.513631
v -8.121564 20.774328 -4.909223
v -8.133420 20.800817 -4.513476
v -8.133420 20.802952 -4.909069
v -8.137464 20.831533 -4.513310
v -8.137464 20.833668 -4.908903
v -8.133420 20.862249 -4.513145
v -8.133420 20.864384 -4.908737
v -8.121564 20.890873 -4.512990
v -8.121564 20.893007 -4.908583
v -8.102704 20.915451 -4.512858
v -8.102704 20.917585 -4.908450
v -8.078124 20.934311 -4.512756
v -8.078124 20.936445 -4.908348
v -8.049501 20.946167 -4.512692
v -8.049501 20.948301 -4.908284
v -8.049501 20.944033 -4.117099
v -8.078124 20.932177 -4.117163
v -8.102704 20.913317 -4.117265
v -8.121564 20.888739 -4.117398
v -8.133420 20.860115 -4.117552
v -8.137464 20.829399 -4.117718
v -8.133420 20.798683 -4.117884
v -8.121564 20.770060 -4.118038
v -8.102704 20.745481 -4.118171
v -8.078124 20.726622 -4.118272
v -8.049501 20.714766 -4.118336
v -8.018785 18.315063 -4.922492
v -3.201708 18.315063 -4.922492
v -8.018785 18.310795 -4.131307
v -3.201708 18.310795 -4.131307
v -3.170991 18.308886 -4.526921
v -3.170991 18.311020 -4.922513
v -3.142368 18.297029 -4.526985
v -3.142368 18.299164 -4.922577
v -3.117789 18.278168 -4.527087
v -3.117789 18.280304 -4.922679
v -3.098929 18.253590 -4.527219
v -3.098929 18.255724 -4.922812
v -3.087072 18.224968 -4.527374
v -3.087072 18.227100 -4.922966
v -3.083029 18.194250 -4.527540
v -3.083029 18.196384 -4.923132
v -3.087072 18.163534 -4.527705
v -3.087072 18.165668 -4.923297
v -3.098929 18.134912 -4.527860
v -3.098929 18.137047 -4.923452
v -3.117789 18.110332 -4.527992
v -3.117789 18.112467 -4.923584
v -3.142368 18.091473 -4.528094
v -3.142368 18.093607 -4.923687
v -3.170991 18.079617 -4.528158
v -3.170991 18.081751 -4.923750
v -3.201708 18.077707 -4.923772
v -3.201708 18.073439 -4.132587
v -3.170991 18.077482 -4.132565
v -3.142368 18.089338 -4.132502
v -3.117789 18.108198 -4.132400
v -3.098929 18.132778 -4.132267
v -3.087072 18.161400 -4.132113
v -3.083029 18.192116 -4.131947
v -3.087072 18.222832 -4.131781
v -3.098929 18.251455 -4.131627
v -3.117789 18.276035 -4.131494
v -3.142368 18.294895 -4.131392
v -3.170991 18.306751 -4.131329
v -8.018785 18.077707 -4.923772
v -8.018785 18.073439 -4.132587
v -8.049501 18.079617 -4.528158
v -8.049501 18.081751 -4.923750
v -8.078124 18.091473 -4.528094
v -8.078124 18.093607 -4.923687
v -8.102704 18.110332 -4.527992
v -8.102704 18.112467 -4.923584
v -8.121564 18.134912 -4.527860
v -8.121564 18.137047 -4.923452
v -8.133420 18.163534 -4.527705
v -8.133420 18.165668 -4.923297
v -8.137464 18.194250 -4.527540
v -8.137464 18.196384 -4.923132
v -8.133420 18.224968 -4.527374
v -8.133420 18.227100 -4.922966
v -8.121564 18.253590 -4.527219
v -8.121564 18.255724 -4.922812
v -8.102704 18.278168 -4.527087
v -8.102704 18.280304 -4.922679
v -8.078124 18.297029 -4.526985
v -8.078124 18.299164 -4.922577
v -8.049501 18.308886 -4.526921
v -8.049501 18.311020 -4.922513
v -8.049501 18.306751 -4.131329
v -8.078124 18.294895 -4.131392
v -8.102704 18.276035 -4.131494
v -8.121564 18.251455 -4.131627
v -8.133420 18.222832 -4.131781
v -8.137464 18.192116 -4.131947
v -8.133420 18.161400 -4.132113
v -8.121564 18.132778 -4.132267
v -8.102704 18.108198 -4.132400
v -8.078124 18.089338 -4.132502
v -8.049501 18.077482 -4.132565
v 21.590435 20.055670 -4.913100
v 18.039274 20.055670 -4.913100
v 21.590435 20.051401 -4.121915
v 18.039274 20.051401 -4.121915
v 18.008558 20.057579 -4.517486
v 18.008558 20.059713 -4.913078
v 17.979935 20.069435 -4.517422
v 17.979935 20.071569 -4.913014
v 17.955355 20.088295 -4.517321
v 17.955355 20.090429 -4.912913
v 17.936495 20.112873 -4.517188
v 17.936495 20.115007 -4.912780
v 17.924639 20.141497 -4.517034
v 17.924639 20.143631 -4.912626
v 17.920595 20.172213 -4.516868
v 17.920595 20.174347 -4.912460
v 17.924639 20.202929 -4.516702
v 17.924639 20.205063 -4.912294
v 17.936495 20.231552 -4.516548
v 17.936495 20.233686 -4.912140
v 17.955355 20.256130 -4.516415
v 17.955355 20.258265 -4.912007
v 17.979935 20.274990 -4.516313
v 17.979935 20.277124 -4.911905
v 18.008558 20.286846 -4.516249
v 18.008558 20.288980 -4.911841
v 18.039274 20.293024 -4.911819
v 18.039274 20.288755 -4.120635
v 18.008558 20.284712 -4.120656
v 17.979935 20.272856 -4.120720
v 17.955355 20.253996 -4.120822
v 17.936495 20.229418 -4.120955
v 17.924639 20.200794 -4.121109
v 17.920595 20.170078 -4.121275
v 17.924639 20.139362 -4.121441
v 17.936495 20.110739 -4.121595
v 17.955355 20.086161 -4.121728
v 17.979935 20.067301 -4.121830
v 18.008558 20.055445 -4.121893
v 21.590435 20.293024 -4.911819
v 21.590435 20.288755 -4.120635
v 21.621153 20.286846 -4.516249
v 21.621153 20.288980 -4.911841
v 21.649776 20.274990 -4.516313
v 21.649776 20.277124 -4.911905
v 21.674356 20.256130 -4.516415
v 21.674356 20.258265 -4.912007
v 21.693216 20.231552 -4.516548
v 21.693216 20.233686 -4.912140
v 21.705074 20.202929 -4.516702
v 21.705074 20.205063 -4.912294
v 21.709116 20.172213 -4.516868
v 21.709116 20.174347 -4.912460
v 21.705074 20.141497 -4.517034
v 21.705074 20.143631 -4.912626
v 21.693216 20.112873 -4.517188
v 21.693216 20.115007 -4.912780
v 21.674356 20.088295 -4.517321
v 21.674356 20.090429 -4.912913
v 21.649776 20.069435 -4.517422
v 21.649776 20.071569 -4.913014
v 21.621153 20.057579 -4.517486
v 21.621153 20.059713 -4.913078
v 21.621153 20.055445 -4.121893
v 21.649776 20.067301 -4.121830
v 21.674356 20.086161 -4.121728
v 21.693216 20.110739 -4.121595
v 21.705074 20.139362 -4.121441
v 21.709116 20.170078 -4.121275
v 21.705074 20.200794 -4.121109
v 21.693216 20.229418 -4.120955
v 21.674356 20.253996 -4.120822
v 21.649776 20.272856 -4.120720
v 21.621153 20.284712 -4.120656
v 21.590435 17.418386 -4.927330
v 15.507446 17.418386 -4.927330
v 21.590435 17.414118 -4.136145
v 15.507446 17.414118 -4.136145
v 15.476729 17.420296 -4.531715
v 15.476729 17.422432 -4.927308
v 15.448107 17.432152 -4.531651
v 15.448107 17.434288 -4.927244
v 15.423528 17.451012 -4.531550
v 15.423528 17.453148 -4.927142
v 15.404666 17.475592 -4.531417
v 15.404666 17.477726 -4.927009
v 15.392811 17.504213 -4.531263
v 15.392811 17.506348 -4.926855
v 15.388766 17.534931 -4.531097
v 15.388766 17.537064 -4.926689
v 15.392811 17.565647 -4.530931
v 15.392811 17.567781 -4.926523
v 15.404666 17.594269 -4.530777
v 15.404666 17.596403 -4.926369
v 15.423528 17.618849 -4.530644
v 15.423528 17.620983 -4.926236
v 15.448107 17.637709 -4.530542
v 15.448107 17.639843 -4.926135
v 15.476729 17.649565 -4.530478
v 15.476729 17.651699 -4.926071
v 15.507446 17.655743 -4.926049
v 15.507446 17.651474 -4.134864
v 15.476729 17.647430 -4.134886
v 15.448107 17.635574 -4.134950
v 15.423528 17.616714 -4.135051
v 15.404666 17.592134 -4.135184
v 15.392811 17.563513 -4.135338
v 15.388766 17.532795 -4.135504
v 15.392811 17.502079 -4.135670
v 15.404666 17.473457 -4.135824
v 15.423528 17.448877 -4.135957
v 15.448107 17.430017 -4.136059
v 15.476729 17.418161 -4.136123
v 21.590435 17.655743 -4.926049
v 21.590435 17.651474 -4.134864
v 21.621153 17.649565 -4.530478
v 21.621153 17.651699 -4.926071
v 21.649776 17.637709 -4.530542
v 21.649776 17.639843 -4.926135
v 21.674356 17.618849 -4.530644
v 21.674356 17.620983 -4.926236
v 21.693216 17.594269 -4.530777
v 21.693216 17.596403 -4.926369
v 21.705074 17.565647 -4.530931
v 21.705074 17.567781 -4.926523
v 21.709116 17.534931 -4.531097
v 21.709116 17.537064 -4.926689
v 21.705074 17.504213 -4.531263
v 21.705074 17.506348 -4.926855
v 21.693216 17.475592 -4.531417
v 21.693216 17.477726 -4.927009
v 21.674356 17.451012 -4.531550
v 21.674356 17.453148 -4.927142
v 21.649776 17.432152 -4.531651
v 21.649776 17.434288 -4.927244
v 21.621153 17.420296 -4.531715
v 21.621153 17.422432 -4.927308
v 21.621153 17.418161 -4.136123
v 21.649776 17.430017 -4.136059
v 21.674356 17.448877 -4.135957
v 21.693216 17.473457 -4.135824
v 21.705074 17.502079 -4.135670
v 21.709116 17.532795 -4.135504
v 21.705074 17.563513 -4.135338
v 21.693216 17.592134 -4.135184
v 21.674356 17.616714 -4.135051
v 21.649776 17.635574 -4.134950
v 21.621153 17.647430 -4.134886
v 17.055487 21.899456 -4.903152
v 17.205006 21.834137 -4.903505
v 17.029350 21.855820 -4.900805
v 17.171423 21.779415 -4.899441
v 17.015051 21.809000 -4.893340
v 17.007534 21.784372 -4.887274
v 16.852346 21.831593 -4.889577
v 16.846962 21.802351 -4.881363
v 16.513361 21.854008 -4.884158
v 16.510527 21.819733 -4.872825
v 16.071123 21.865807 -4.880313
v 16.069876 21.828588 -4.866764
v 15.625312 21.870373 -4.878552
v 15.624831 21.831930 -4.863987
v 14.743735 21.872005 -4.877841
v 14.743726 21.833101 -4.862865
v 13.523115 21.871977 -4.877852
v 13.523115 21.833080 -4.862884
v 12.596723 21.871977 -4.877852
v 12.596723 21.833080 -4.862884
v 11.319391 21.871977 -4.877852
v 11.319391 21.833080 -4.862884
v 10.042251 21.871977 -4.877852
v 10.042251 21.833080 -4.862884
v 8.414039 21.871977 -4.877852
v 8.414039 21.833080 -4.862884
v 6.782979 21.833080 -4.862884
v 6.783988 21.771095 -4.830202
v 5.914790 21.771095 -4.830202
v 5.914790 21.714598 -4.788753
v 5.043754 21.771095 -4.830202
v 5.043754 21.714598 -4.788753
v 4.172717 21.771095 -4.830202
v 4.172717 21.714598 -4.788753
v 3.301681 21.771095 -4.830202
v 3.301681 21.714598 -4.788753
v 1.996800 21.771095 -4.830202
v 1.996800 21.714598 -4.788753
v 0.691920 21.771095 -4.830202
v 0.691920 21.714598 -4.788753
v -0.175769 21.771095 -4.830202
v -0.175769 21.714598 -4.788753
v -1.480710 21.771120 -4.830230
v -1.480626 21.714611 -4.788795
v -2.611138 21.768415 -4.838962
v -2.608932 21.713907 -4.802258
v -3.116919 21.760458 -4.854781
v -3.110930 21.711185 -4.826780
v -3.360016 21.749725 -4.868393
v -3.349984 21.707018 -4.847992
v -3.474495 21.740007 -4.876946
v -3.461369 21.703014 -4.861368
v -3.579176 21.725651 -4.886733
v -3.547434 21.673830 -4.865615
v -3.481494 21.673756 -4.851766
v -3.236864 21.673552 -4.813767
v -3.058107 21.673450 -4.795023
v -2.864270 21.673370 -4.780267
v -2.457480 21.673267 -4.761356
v -2.229542 21.673237 -4.755619
v -2.100716 21.673225 -4.753480
v -1.958524 21.673216 -4.751786
v -1.800366 21.673210 -4.750506
v -1.623647 21.673204 -4.749608
v -1.425769 21.673203 -4.749060
v -1.204135 21.673201 -4.748831
v -0.956148 21.673201 -4.748820
v -0.679212 21.673201 -4.748820
v -0.370730 21.673201 -4.748820
v -0.028106 21.673201 -4.748820
v 0.351214 21.673201 -4.748820
v 0.749670 21.673201 -4.748820
v 1.547133 21.673201 -4.748820
v 17.138460 21.725651 -4.886733
v 16.995155 21.743792 -4.873867
v 16.838163 21.754538 -4.863264
v 16.505949 21.764339 -4.847961
v 16.067877 21.768946 -4.837124
v 15.624067 21.770571 -4.832170
v 14.743711 21.771105 -4.830169
v 13.523115 21.771095 -4.830202
v 12.596723 21.771095 -4.830202
v 11.319391 21.771095 -4.830202
v 10.042251 21.771095 -4.830202
v 8.414039 21.771095 -4.830202
v 6.784998 21.714598 -4.788753
v 4.736134 21.673201 -4.748820
v 16.983202 21.704590 -4.856548
v 17.106718 21.673830 -4.865615
v 17.040777 21.673756 -4.851766
v 16.796146 21.673552 -4.813767
v 16.829782 21.708946 -4.839989
v 16.564871 21.673426 -4.790481
v 16.501677 21.712572 -4.816191
v 16.310648 21.673334 -4.773592
v 16.066042 21.714039 -4.799424
v 16.035662 21.673271 -4.762048
v 15.739553 21.673233 -4.754787
v 15.623372 21.714479 -4.791782
v 15.419924 21.673210 -4.750819
v 15.074321 21.673203 -4.749157
v 14.743697 21.714602 -4.788702
v 14.700291 21.673201 -4.748820
v 14.304259 21.673201 -4.748820
v 11.114137 21.673201 -4.748820
v 12.596723 21.714598 -4.788753
v 13.523115 21.714598 -4.788753
v 8.414039 21.714598 -4.788753
v 10.042251 21.714598 -4.788753
v 11.319391 21.714598 -4.788753
v -3.488039 21.778156 -4.888990
v -3.612140 21.779415 -4.899441
v -3.496245 21.801258 -4.894434
v -3.511827 21.845104 -4.901128
v -3.376856 21.821350 -4.891397
v -3.389022 21.873055 -4.900240
v -3.127187 21.844866 -4.886574
v -3.134708 21.906628 -4.898876
v -2.615034 21.864246 -4.880966
v -2.617940 21.935501 -4.897330
v -1.480864 21.872007 -4.877863
v -1.480981 21.947725 -4.896489
v -0.175769 21.871977 -4.877852
v -0.175769 21.947697 -4.896486
v 0.691920 21.871977 -4.877852
v 0.691920 21.947697 -4.896486
v 1.996800 21.871977 -4.877852
v 1.996800 21.947697 -4.896486
v 3.301681 21.871977 -4.877852
v 3.301681 21.947697 -4.896486
v 4.172717 21.871977 -4.877852
v 4.172717 21.947697 -4.896486
v 5.043754 21.871977 -4.877852
v 5.043754 21.947697 -4.896486
v 5.914790 21.871977 -4.877852
v 5.914790 21.947697 -4.896486
v 6.781256 21.947697 -4.896486
v 6.780132 22.025446 -4.902472
v 8.414039 21.947697 -4.896486
v 10.042251 21.947697 -4.896486
v -3.645721 21.834137 -4.903505
v -3.496814 21.899622 -4.903152
v -3.337867 21.939117 -4.902938
v -3.013798 21.983379 -4.902699
v -2.362338 22.016291 -4.902522
v -1.054925 22.025446 -4.902472
v 1.556761 22.025446 -4.902472
v 12.003533 22.025446 -4.902472
v 11.319391 21.947697 -4.896486
v 14.615760 22.025478 -4.902472
v 13.523115 21.947697 -4.896486
v 12.596723 21.947697 -4.896486
v 15.921203 22.016487 -4.902521
v 15.626246 21.945122 -4.896676
v 14.743755 21.947742 -4.896483
v 16.073544 21.937979 -4.897154
v 16.573219 21.983156 -4.902701
v 16.518829 21.920073 -4.898206
v 16.862648 21.887489 -4.899719
v 16.897230 21.939583 -4.902936
v 4.172717 21.833080 -4.862884
v 5.043754 21.833080 -4.862884
v 5.914790 21.833080 -4.862884
v 6.782379 21.871977 -4.877852
v 3.301681 21.833080 -4.862884
v 1.996800 21.833080 -4.862884
v 0.691920 21.833080 -4.862884
v -0.175769 21.833080 -4.862884
v -1.480804 21.833109 -4.862900
v -2.613536 21.827459 -4.867793
v -3.123273 21.812704 -4.876633
v -3.370478 21.794231 -4.884223
v 17.279696 21.673986 -4.894650
v 17.252340 21.692495 -4.894712
v 17.278387 21.733273 -4.901774
v 17.271704 21.722813 -4.900446
v 17.399126 21.679203 -4.903617
v 17.438972 21.675510 -4.904302
v 17.454824 21.674040 -4.904368
v 17.441065 21.678707 -4.904330
v 17.406462 21.690434 -4.904109
v 17.404589 21.687567 -4.904019
v 17.440531 21.677893 -4.904325
v -3.799285 21.706591 -4.903514
v -3.840970 21.692533 -4.904050
v -3.895542 21.674040 -4.904368
v -3.624911 21.745111 -4.896011
v -3.634515 21.760582 -4.898941
v -3.795578 21.700886 -4.903132
v -3.597326 21.700657 -4.883448
v -3.784779 21.684263 -4.901457
v -3.720412 21.673986 -4.894650
v -3.832697 21.679863 -4.903417
v -3.838858 21.689299 -4.903935
v 16.731367 18.762419 -4.920078
v 16.858978 18.956385 -4.919031
v 16.969040 19.161312 -4.917926
v 17.074856 19.404043 -4.916616
v 22.150858 21.653862 -4.904478
v 17.203403 19.790668 -4.914530
v 17.299032 20.187334 -4.912390
v 17.441504 21.314634 -4.906308
v 17.454729 21.668186 -4.904400
v 17.699377 21.909679 -4.903097
v 17.673943 21.915331 -4.903067
v 22.142139 21.720074 -4.904120
v 22.116583 21.781771 -4.903787
v 22.075930 21.834753 -4.903502
v 22.022947 21.875406 -4.903282
v 21.961248 21.900963 -4.903144
v 21.895037 21.909679 -4.903097
v -8.579205 21.653862 -4.904478
v -3.515709 19.404247 -4.916615
v -3.410043 19.161657 -4.917924
v -3.299917 18.956627 -4.919030
v -3.172090 18.762417 -4.920078
v -3.644264 19.790722 -4.914530
v -8.323384 21.909679 -4.903097
v -4.127725 21.909679 -4.903097
v -3.895445 21.668186 -4.904400
v -8.570487 21.720074 -4.904120
v -8.544930 21.781771 -4.903787
v -3.882224 21.314636 -4.906308
v 17.371655 20.607904 -4.910121
v 17.413925 20.960609 -4.908218
v 16.583883 18.582132 -4.921051
v 16.415972 18.421343 -4.921918
v 16.294678 18.330040 -4.922411
v 16.164959 18.251169 -4.922836
v 16.028246 18.184952 -4.923193
v 15.885978 18.131613 -4.923481
v 15.590860 18.060175 -4.923867
v 15.289298 18.024519 -4.924059
v -8.579205 4.177647 -4.998768
v -4.574959 4.177647 -4.998768
v -4.218762 4.177647 -4.998768
v 6.607728 4.177647 -4.998768
v 1.916886 18.010355 -4.924136
v 6.779633 18.010355 -4.924136
v -0.514488 18.010355 -4.924136
v -1.122360 18.009727 -4.924139
v -1.729898 18.024586 -4.924059
v -2.031566 18.060169 -4.923867
v -2.326732 18.131653 -4.923481
v -2.469060 18.184584 -4.923195
v -2.605805 18.250704 -4.922839
v -3.812328 20.607903 -4.910121
v -3.753823 20.258121 -4.912008
v -3.854593 20.960606 -4.908218
v -2.735449 18.329849 -4.922412
v -2.856688 18.421343 -4.921918
v -3.024611 18.582125 -4.921051
v 17.313108 20.258121 -4.912008
v 18.146561 4.177647 -4.998768
v 17.790363 4.177647 -4.998768
v 6.963924 4.177647 -4.998768
v 11.642380 18.010355 -4.924136
v 22.150858 4.177647 -4.998768
v 14.681597 18.010355 -4.924136
v 14.073753 18.010355 -4.924136
v 6.963924 0.638277 -5.017864
v 6.607728 0.638277 -5.017864
v 6.963924 0.994446 -5.015943
v 6.607728 0.994446 -5.015943
v 6.963924 1.274918 -5.014430
v 6.607728 1.274918 -5.014430
v 6.963924 1.631086 -5.012508
v 6.607728 1.631086 -5.012508
v 6.963924 1.911556 -5.010994
v 6.607728 1.911556 -5.010994
v 6.963924 2.267727 -5.009073
v 6.607728 2.267727 -5.009073
v 6.963924 2.548199 -5.007560
v 6.607728 2.548199 -5.007560
v 6.963924 2.904366 -5.005638
v 6.607728 2.904366 -5.005638
v 6.963924 3.184837 -5.004125
v 6.607728 3.184837 -5.004125
v 6.963924 3.541006 -5.002203
v 6.607728 3.541006 -5.002203
v 6.963924 3.821478 -5.000690
v 6.607728 3.821478 -5.000690
v 17.790363 0.638277 -5.017864
v 6.963924 0.357807 -5.019378
v 6.607728 0.357807 -5.019378
v -4.218762 0.357807 -5.019378
v -4.218762 0.638277 -5.017864
v -4.574959 0.357807 -5.019378
v -4.574959 0.638277 -5.017864
v -8.579205 0.357807 -5.019378
v -8.579205 0.638277 -5.017864
v 17.790363 0.994446 -5.015943
v 18.146561 0.994446 -5.015943
v 18.146561 0.638277 -5.017864
v 17.790363 0.357807 -5.019378
v 18.146561 0.357807 -5.019378
v 17.790363 0.001638 -5.021299
v 18.146561 0.001638 -5.021299
v 17.790363 1.274918 -5.014430
v 18.146561 1.274918 -5.014430
v 22.150858 1.274918 -5.014430
v 22.150858 0.994446 -5.015943
v 18.146561 1.631086 -5.012508
v 17.790363 1.631086 -5.012508
v 18.146561 1.911556 -5.010994
v 17.790363 1.911556 -5.010994
v 18.146561 2.267727 -5.009073
v 17.790363 2.267727 -5.009073
v 18.146561 2.548199 -5.007560
v 17.790363 2.548199 -5.007560
v 18.146561 2.904366 -5.005638
v 17.790363 2.904366 -5.005638
v 18.146561 3.184837 -5.004125
v 17.790363 3.184837 -5.004125
v 18.146561 3.541006 -5.002203
v 17.790363 3.541006 -5.002203
v 18.146561 3.821478 -5.000690
v 17.790363 3.821478 -5.000690
v -4.218762 0.994446 -5.015943
v -4.574959 0.994446 -5.015943
v -4.218762 1.274918 -5.014430
v -4.574959 1.274918 -5.014430
v -4.218762 1.631086 -5.012508
v -4.574959 1.631086 -5.012508
v -4.218762 1.911556 -5.010994
v -4.574959 1.911556 -5.010994
v -4.218762 2.267727 -5.009073
v -4.574959 2.267727 -5.009073
v -4.218762 2.548199 -5.007560
v -4.574959 2.548199 -5.007560
v -4.218762 2.904366 -5.005638
v -4.574959 2.904366 -5.005638
v -4.218762 3.184837 -5.004125
v -4.574959 3.184837 -5.004125
v -4.218762 3.541006 -5.002203
v -4.574959 3.541006 -5.002203
v -4.218762 3.821478 -5.000690
v -4.574959 3.821478 -5.000690
v 14.228345 22.452711 -4.900167
v -0.656693 22.452711 -4.900167
v -0.656693 22.447685 -4.900195
v -1.093710 22.444122 -4.900214
v -1.530285 22.423172 -4.900327
v -1.964275 22.367180 -4.900629
v -2.394011 22.285931 -4.901067
v 14.228345 22.447685 -4.900195
v 14.665307 22.444014 -4.900214
v 15.102330 22.423388 -4.900326
v 15.536294 22.367022 -4.900630
v 15.965807 22.286211 -4.901066
v 22.150858 3.821478 -5.000690
v 22.150858 3.541006 -5.002203
v 22.150858 3.184837 -5.004125
v 22.150858 2.904366 -5.005638
v 22.150858 2.548199 -5.007560
v 22.150858 2.267727 -5.009073
v 22.150858 1.911556 -5.010994
v 22.150858 1.631086 -5.012508
v 22.150858 0.638277 -5.017864
v 22.150858 0.357807 -5.019378
v 6.963924 0.001638 -5.021299
v 6.607728 0.001638 -5.021299
v -4.218762 -0.005577 -5.021338
v -4.574959 -0.005577 -5.021338
v -8.579205 0.994446 -5.015943
v -8.579205 1.274918 -5.014430
v -8.579205 1.631086 -5.012508
v -8.579205 1.911556 -5.010994
v -8.579205 2.267727 -5.009073
v -8.579205 2.548199 -5.007560
v -8.579205 2.904366 -5.005638
v -8.579205 3.184837 -5.004125
v -8.579205 3.541006 -5.002203
v -8.579205 3.821478 -5.000690
v -8.504276 21.834753 -4.903502
v -8.451294 21.875406 -4.903282
v -8.389595 21.900963 -4.903144
v -4.102290 21.915331 -4.903067
v -3.739748 20.187334 -4.912390
v -2.729065 18.573986 -4.908529
v -2.771481 18.523270 -4.915780
v -2.869273 18.724800 -4.906154
v -2.931230 18.667912 -4.915497
v -2.991035 18.894566 -4.903401
v -3.063222 18.841898 -4.913896
v -3.176672 19.029606 -4.912139
v -2.814047 18.472359 -4.920245
v -3.273433 19.227978 -4.910261
v -3.365027 19.462908 -4.908014
v -3.442684 19.714960 -4.905601
v -3.505658 19.972679 -4.903185
v -3.362670 19.869926 -4.886826
v -3.432998 20.249884 -4.880768
v -3.554916 20.225065 -4.900900
v -3.443245 20.317848 -4.879754
v -3.566675 20.294153 -4.900293
v -3.615575 20.635851 -4.897444
v -3.650996 20.980635 -4.894829
v -3.516914 20.993746 -4.871234
v -3.674316 21.326576 -4.892479
v -3.662376 21.672014 -4.887116
v -3.778591 21.670128 -4.900068
v -3.265354 19.501661 -4.893111
v -3.182642 19.271976 -4.897020
v -3.094853 19.077999 -4.900332
v 16.288349 18.573986 -4.908529
v 16.330765 18.523270 -4.915780
v 16.178640 18.483017 -4.909908
v 16.221416 18.419615 -4.917720
v 16.069265 18.411236 -4.910932
v 16.082033 18.333385 -4.918451
v 15.952181 18.350906 -4.911719
v 15.932594 18.263763 -4.919003
v 15.774634 18.210855 -4.919377
v 16.373331 18.472359 -4.920245
v 15.291344 18.132221 -4.919841
v 15.610603 18.172726 -4.919617
v 15.697494 18.264526 -4.912606
v 14.964104 18.119036 -4.919900
v 12.802326 18.117825 -4.919901
v 10.639169 18.117825 -4.919901
v 8.476011 18.117825 -4.919901
v 11.561067 18.189201 -4.913024
v 6.779633 18.189201 -4.913024
v 6.791607 18.117825 -4.919901
v 4.580618 18.117825 -4.919901
v 0.268493 18.117825 -4.919901
v 1.349226 18.117825 -4.919901
v 2.754179 18.117825 -4.919901
v 1.998199 18.189201 -4.913024
v -1.110853 18.117241 -4.919904
v -1.426282 18.119202 -4.919897
v -1.737076 18.132664 -4.919837
v -1.985930 18.161282 -4.919684
v -1.864917 18.216396 -4.912932
v -2.138211 18.264545 -4.912606
v -2.227071 18.214205 -4.919355
v -2.393253 18.350599 -4.911742
v -2.454939 18.298605 -4.918742
v -2.510476 18.410824 -4.910964
v -2.662292 18.419418 -4.917727
v -2.619582 18.482830 -4.909923
v -1.580373 18.195087 -4.913016
v -0.392518 18.189201 -4.913024
v 13.951784 18.189201 -4.913024
v 15.139948 18.194992 -4.913029
v 15.424171 18.216396 -4.912932
v 17.221661 21.672014 -4.887116
v 17.076220 20.993748 -4.871233
v 17.233595 21.326574 -4.892479
v 17.210333 20.980637 -4.894831
v 17.337875 21.670128 -4.900068
v 17.174906 20.635851 -4.897445
v 17.125961 20.294153 -4.900293
v 17.074795 20.019201 -4.902757
v 17.114201 20.225065 -4.900900
v 17.002529 20.317848 -4.879754
v 17.008017 19.737715 -4.905385
v 16.924189 19.462858 -4.908009
v 16.887579 19.362370 -4.908969
v 16.824638 19.501661 -4.893111
v 16.741926 19.271976 -4.897020
v 16.832483 19.227896 -4.910253
v 16.654076 19.077909 -4.900334
v 16.735775 19.029488 -4.912137
v 16.550312 18.894571 -4.903400
v 16.622499 18.841902 -4.913896
v 16.428541 18.724812 -4.906154
v 16.490499 18.667921 -4.915497
v 16.921841 19.869886 -4.886829
v 16.992281 20.249884 -4.880768
v 16.043577 18.491592 -4.900962
v 15.755223 18.289894 -4.911309
v 15.779316 18.437571 -4.896001
v 15.452667 18.257229 -4.908570
v 15.139428 18.243202 -4.907393
v 14.816137 18.239864 -4.907114
v 14.168280 18.239798 -4.907108
v 8.362922 18.239798 -4.907108
v 5.196362 18.239798 -4.907108
v 2.029804 18.239798 -4.907108
v -0.608996 18.239798 -4.907108
v -1.256854 18.239864 -4.907114
v -0.448361 18.385860 -4.891252
v -1.649554 18.390944 -4.891719
v -1.579928 18.243196 -4.907393
v -1.893384 18.257229 -4.908570
v -2.195940 18.289894 -4.911309
v -2.220033 18.437571 -4.896001
v -2.484293 18.491592 -4.900962
v -1.940408 18.406040 -4.893106
v 1.960974 18.385860 -4.891252
v 6.779642 18.385860 -4.891252
v 11.598310 18.385860 -4.891252
v 14.007644 18.385860 -4.891252
v 15.208838 18.390944 -4.891719
v 15.499692 18.406040 -4.893106
v 17.035587 21.270498 -4.856452
v 17.020735 20.747145 -4.867022
v 16.906551 20.725403 -4.847497
v 16.889015 20.216093 -4.863862
v 16.768431 20.174891 -4.848218
v 16.760920 19.924820 -4.858984
v 16.586752 19.856853 -4.842396
v 16.581844 19.605688 -4.855397
v 16.391378 19.533329 -4.842796
v 16.388550 19.284323 -4.857917
v 16.181814 19.217266 -4.848649
v 16.180410 18.974361 -4.865762
v 15.958200 18.920748 -4.859381
v 15.957661 18.687777 -4.878412
v 15.752100 18.652931 -4.874772
v 16.879250 19.974781 -4.873851
v 16.753601 19.684446 -4.871099
v 16.577423 19.365368 -4.869882
v 16.386280 19.047760 -4.874585
v 16.179480 18.745630 -4.884455
v 16.869501 19.743763 -4.885051
v 16.746832 19.454973 -4.884594
v 16.573803 19.137367 -4.885857
v 16.384773 18.825027 -4.892789
v 15.537783 18.630133 -4.872391
v 15.090300 18.610453 -4.870335
v 14.168280 18.608307 -4.870111
v 11.529481 18.608307 -4.870111
v 14.168280 18.847103 -4.850616
v 11.529481 18.847103 -4.850616
v 14.168280 19.100763 -4.832775
v 11.529481 19.100763 -4.832775
v 14.168280 19.367800 -4.816594
v 11.529481 19.367800 -4.816594
v 14.168280 19.646729 -4.802084
v 11.529481 19.646729 -4.802084
v 14.168280 19.936064 -4.789253
v 11.529481 19.936064 -4.789253
v 14.168280 20.540012 -4.768654
v 11.529481 20.540012 -4.768654
v 14.168280 21.167767 -4.754864
v 11.529481 21.167767 -4.754864
v 8.362922 21.167767 -4.754864
v 5.196362 21.167767 -4.754864
v 2.029804 21.167767 -4.754864
v 2.029804 20.540012 -4.768654
v -0.608996 20.540012 -4.768654
v -0.608996 19.936064 -4.789253
v -1.334487 19.936220 -4.789287
v -1.334483 19.646910 -4.802118
v -1.693336 19.650867 -4.802845
v -1.693247 19.372469 -4.817329
v -2.041331 19.388668 -4.819875
v -2.040981 19.123888 -4.835925
v -2.370871 19.163252 -4.841289
v -2.370117 18.915361 -4.858739
v -2.525775 18.948503 -4.862684
v -2.525034 18.717728 -4.881540
v -2.673160 18.763500 -4.886322
v 8.362922 18.608307 -4.870111
v 8.362922 18.847103 -4.850616
v 8.362922 19.100763 -4.832775
v 8.362922 19.367800 -4.816594
v 8.362922 19.646729 -4.802084
v 8.362922 19.936064 -4.789253
v 8.362922 20.540012 -4.768654
v 5.196362 18.608307 -4.870111
v 5.196362 18.847103 -4.850616
v 5.196362 19.100763 -4.832775
v 5.196362 19.367800 -4.816594
v 5.196362 19.646729 -4.802084
v 5.196362 19.936064 -4.789253
v 5.196362 20.540012 -4.768654
v 2.029804 18.608307 -4.870111
v 2.029804 18.847103 -4.850616
v 2.029804 19.100763 -4.832775
v 2.029804 19.367800 -4.816594
v 2.029804 19.646729 -4.802084
v 2.029804 19.936064 -4.789253
v -0.608996 18.608307 -4.870111
v -0.608996 18.847103 -4.850616
v -0.608996 19.100763 -4.832775
v -0.608996 19.367800 -4.816594
v -0.608996 19.646729 -4.802084
v -1.334471 18.608576 -4.870139
v -1.693065 18.614408 -4.870749
v -2.040518 18.635567 -4.872959
v -2.369618 18.681965 -4.877805
v -2.813185 18.819475 -4.892202
v -2.674212 18.990917 -4.867734
v -2.814648 19.042646 -4.873960
v -2.675801 19.232422 -4.850716
v -2.816851 19.279665 -4.857259
v -2.677793 19.486605 -4.835277
v -2.819599 19.529146 -4.842108
v -2.680053 19.752056 -4.821428
v -2.822707 19.789694 -4.828513
v -2.682447 20.027372 -4.809175
v -2.825993 20.059933 -4.816484
v -2.687101 20.601961 -4.789500
v -2.832358 20.623980 -4.797159
v -2.690681 21.199110 -4.776323
v -2.837237 21.210230 -4.784212
v -2.976717 21.222538 -4.793824
v -3.108806 21.235306 -4.805328
v -3.233186 21.247805 -4.818892
v -3.359716 21.260252 -4.836236
v -3.347268 20.725403 -4.847497
v -3.461451 20.747145 -4.867022
v -2.944429 18.884384 -4.899127
v -3.069062 19.167904 -4.889870
v -2.946467 19.102184 -4.881348
v -3.187548 19.454973 -4.884594
v -3.073247 19.392704 -4.874182
v -2.949507 19.333679 -4.865076
v -3.310217 19.743763 -4.885051
v -3.194317 19.684446 -4.871099
v -3.078309 19.629873 -4.859962
v -2.953254 19.577505 -4.850317
v -3.319966 19.974781 -4.873851
v -3.329731 20.216093 -4.863862
v -3.476304 21.270498 -4.856452
v -2.537384 21.189869 -4.769992
v -2.534861 20.583694 -4.783350
v -2.531580 20.000446 -4.803298
v -2.529892 19.720997 -4.815721
v -2.528299 19.451569 -4.829766
v -2.526895 19.193594 -4.845423
v -2.377932 21.182644 -4.765048
v -2.043594 21.173271 -4.758632
v -1.693754 21.168999 -4.755707
v -2.042965 20.550894 -4.772315
v -1.693613 20.542448 -4.769474
v -2.042148 19.952103 -4.792752
v -1.693430 19.939653 -4.790036
v -2.041728 19.665230 -4.805481
v -1.334501 21.167820 -4.754900
v -0.608996 21.167767 -4.754864
v 15.090541 21.168200 -4.755160
v 15.090491 20.540869 -4.768942
v 15.090427 19.937326 -4.789528
v 15.090395 19.648184 -4.802352
v 15.090364 19.369442 -4.816853
v 15.090336 19.102583 -4.833022
v 15.090314 18.849092 -4.850852
v 15.540245 21.172174 -4.757881
v 15.757137 21.176779 -4.761033
v 15.966631 21.183819 -4.765851
v 15.756108 20.557827 -4.774647
v 15.964798 20.571737 -4.779327
v 15.754769 19.962320 -4.794981
v 15.962416 19.982822 -4.799453
v 15.754082 19.677015 -4.807646
v 15.961190 19.700666 -4.811989
v 15.753432 19.401962 -4.821966
v 15.960032 19.428638 -4.826160
v 15.752860 19.138620 -4.837933
v 15.959013 19.168184 -4.841961
v 15.752403 18.888456 -4.855537
v 16.194979 21.195503 -4.773850
v 16.191811 20.594833 -4.787097
v 16.187695 20.016865 -4.806880
v 16.185575 19.739935 -4.819199
v 16.183577 19.472929 -4.833125
v 16.409498 21.211309 -4.785012
v 16.404488 20.626123 -4.797935
v 16.397949 20.063118 -4.817224
v 16.394573 19.793386 -4.829229
v 16.608986 21.229492 -4.799854
v 16.601643 20.662420 -4.812326
v 16.591881 20.117556 -4.830879
v 16.792469 21.247805 -4.818892
v 16.782335 20.699591 -4.830748
v 16.919001 21.260252 -4.836236
v 15.539742 20.548725 -4.771585
v 15.539087 19.948904 -4.792054
v 15.538751 19.661541 -4.804804
v 15.538433 19.384506 -4.819221
v 15.538153 19.119278 -4.835297
v 15.537930 18.867329 -4.853023
v -1.334495 20.540119 -4.768691
v -2.376233 20.569418 -4.778546
v -2.374025 19.979403 -4.798707
v -2.372889 19.696722 -4.811264
v -2.371816 19.424189 -4.825461
v -2.970305 20.648485 -4.806482
v -2.961853 20.096518 -4.825346
v -2.957448 19.832230 -4.837073
v -3.100638 20.674137 -4.817627
v -3.089685 20.135408 -4.835884
v -3.083887 19.877869 -4.847199
v -3.223053 20.699591 -4.830748
v -3.209147 20.174891 -4.848218
v -3.201636 19.924820 -4.858984
v -1.334479 19.368004 -4.816627
v -1.334475 19.100990 -4.832805
v -1.334472 18.847353 -4.850645
v -1.693169 19.105938 -4.833479
v -2.040702 18.872364 -4.853622
v -1.693107 18.852757 -4.851289
v 22.309097 7.803544 -1.656133
v 22.388216 7.803544 -1.656133
v 22.309097 7.639842 -1.678584
v 22.388216 7.639842 -1.678584
v 22.309097 7.487528 -1.742639
v 22.388216 7.487528 -1.742639
v 22.309097 7.356983 -1.843933
v 22.388216 7.356983 -1.843933
v 22.309097 7.257104 -1.975564
v 22.388216 7.257104 -1.975564
v 22.309097 7.194695 -2.128560
v 22.388216 7.194695 -2.128560
v 22.309097 7.174011 -2.292495
v 22.388216 7.174011 -2.292495
v 22.309097 7.196463 -2.456198
v 22.388216 7.196463 -2.456198
v 22.309097 7.260519 -2.608512
v 22.388216 7.260519 -2.608512
v 22.309097 7.361813 -2.739057
v 22.388216 7.361813 -2.739057
v 22.309097 7.493443 -2.838937
v 22.388216 7.493443 -2.838937
v 22.309097 7.646440 -2.901345
v 22.388216 7.646440 -2.901345
v 22.309097 7.810374 -2.922028
v 22.388216 7.810374 -2.922028
v 22.371412 21.763577 -1.580813
v 22.388216 21.635935 -1.581502
v 22.309097 21.556816 -1.581928
v 22.292292 21.684458 -1.581240
v 22.322144 21.882521 -1.580171
v 22.243023 21.803402 -1.580598
v 22.243767 21.984659 -1.579620
v 22.164648 21.905540 -1.580047
v 22.141626 22.063034 -1.579197
v 22.062508 21.983915 -1.579624
v 22.022680 22.112301 -1.578931
v 21.943560 22.033182 -1.579358
v 21.895037 22.129107 -1.578841
v 21.815918 22.049988 -1.579268
v 18.452816 22.129107 -1.578841
v 18.452816 22.049988 -1.579268
v 22.309097 21.563646 -2.847824
v 22.388216 21.642763 -2.847397
v 22.371412 21.770407 -2.846709
v 22.292292 21.691288 -2.847135
v 22.322144 21.889349 -2.846067
v 22.243023 21.810232 -2.846494
v 22.243767 21.991489 -2.845516
v 22.164648 21.912371 -2.845942
v 22.141626 22.069862 -2.845093
v 22.062508 21.990746 -2.845520
v 22.022680 22.119131 -2.844827
v 21.943560 22.040012 -2.845254
v 21.895037 22.135935 -2.844736
v 21.815918 22.056818 -2.845163
v 18.452816 22.135935 -2.844736
v 18.452816 22.056818 -2.845163
v 18.288996 22.056702 -2.823596
v 18.136337 22.056360 -2.760364
v 18.005249 22.055817 -2.659777
v 17.904659 22.055109 -2.528689
v 17.841427 22.054287 -2.376034
v 17.819859 22.053402 -2.212215
v 17.841427 22.052519 -2.048396
v 17.904659 22.051695 -1.895741
v 18.005249 22.050987 -1.764654
v 18.136337 22.050446 -1.664066
v 18.288996 22.050104 -1.600835
v 18.318960 22.135859 -2.830421
v 18.191158 22.135630 -2.788122
v 18.075193 22.135262 -2.719752
v 17.976307 22.134769 -2.628405
v 17.898979 22.134174 -2.518213
v 17.839958 22.134472 -2.370019
v 17.819859 22.134501 -2.211747
v 17.839994 22.132765 -2.053405
v 17.898979 22.130867 -1.905364
v 17.976307 22.130274 -1.795172
v 18.075193 22.129780 -1.703825
v 18.191158 22.129412 -1.635455
v 18.318960 22.129183 -1.593156
v 22.388216 21.652582 -4.667122
v 22.388216 4.176365 -4.761413
v 22.388216 4.149900 0.143933
v 22.388216 21.626116 0.238223
v 22.371412 21.753757 0.238912
v 22.322144 21.872702 0.239554
v 22.243767 21.974840 0.240105
v 22.141626 22.053215 0.240528
v 22.022680 22.102484 0.240794
v 21.895037 22.119287 0.240884
v 17.898979 22.119287 0.240884
v -8.737444 7.810374 -2.922028
v -8.816564 7.810374 -2.922028
v -8.737444 7.646440 -2.901345
v -8.816564 7.646440 -2.901345
v -8.737444 7.493443 -2.838937
v -8.816564 7.493443 -2.838937
v -8.737444 7.361813 -2.739057
v -8.816564 7.361813 -2.739057
v -8.737444 7.260519 -2.608512
v -8.816564 7.260519 -2.608512
v -8.737444 7.196463 -2.456198
v -8.816564 7.196463 -2.456198
v -8.737444 7.174011 -2.292495
v -8.816564 7.174011 -2.292495
v -8.737444 7.194695 -2.128560
v -8.816564 7.194695 -2.128560
v -8.737444 7.257104 -1.975564
v -8.816564 7.257104 -1.975564
v -8.737444 7.356983 -1.843933
v -8.816564 7.356983 -1.843933
v -8.737444 7.487528 -1.742639
v -8.816564 7.487528 -1.742639
v -8.737444 7.639842 -1.678584
v -8.816564 7.639842 -1.678584
v -8.737444 7.803544 -1.656133
v -8.816564 7.803544 -1.656133
v -8.799758 21.770407 -2.846709
v -8.816564 21.642763 -2.847397
v -8.737444 21.563646 -2.847824
v -8.720638 21.691288 -2.847135
v -8.750489 21.889349 -2.846067
v -8.671370 21.810232 -2.846494
v -8.672114 21.991489 -2.845516
v -8.592995 21.912371 -2.845942
v -8.569974 22.069862 -2.845093
v -8.490854 21.990746 -2.845520
v -8.451028 22.119131 -2.844827
v -8.371908 22.040012 -2.845254
v -8.323384 22.135935 -2.844736
v -8.244265 22.056818 -2.845163
v -4.881164 22.135935 -2.844736
v -4.881164 22.056818 -2.845163
v -8.737444 21.556816 -1.581928
v -4.717342 22.050104 -1.600835
v -4.564685 22.050446 -1.664066
v -4.881164 22.049988 -1.579268
v -4.433596 22.050987 -1.764654
v -4.333007 22.051695 -1.895741
v -8.244265 22.049988 -1.579268
v -4.269774 22.052519 -2.048396
v -4.248207 22.053402 -2.212215
v -4.269774 22.054287 -2.376034
v -4.333007 22.055109 -2.528689
v -4.433596 22.055817 -2.659777
v -4.564685 22.056360 -2.760364
v -4.717342 22.056702 -2.823596
v -4.881164 22.129107 -1.578841
v -4.747307 22.129183 -1.593156
v -4.619505 22.129412 -1.635455
v -4.503540 22.129780 -1.703825
v -4.404656 22.130274 -1.795172
v -4.327326 22.130867 -1.905364
v -4.268306 22.132763 -2.053546
v -4.248207 22.134501 -2.211809
v -4.268342 22.134474 -2.370160
v -4.327326 22.134174 -2.518213
v -4.404656 22.134769 -2.628405
v -4.503540 22.135262 -2.719752
v -4.619505 22.135630 -2.788122
v -4.747307 22.135859 -2.830421
v -8.816564 21.635935 -1.581502
v -8.799758 21.763577 -1.580813
v -8.720638 21.684458 -1.581240
v -8.750489 21.882521 -1.580171
v -8.671370 21.803402 -1.580598
v -8.672114 21.984659 -1.579620
v -8.592995 21.905540 -1.580047
v -8.569974 22.063034 -1.579197
v -8.490854 21.983915 -1.579624
v -8.451028 22.112301 -1.578931
v -8.371908 22.033182 -1.579358
v -8.323384 22.129107 -1.578841
v -8.816564 21.626116 0.238223
v -8.816564 4.149900 0.143933
v -8.816564 4.176365 -4.761413
v -8.816564 21.652582 -4.667122
v -8.799758 21.780224 -4.666433
v -8.750489 21.899168 -4.665792
v -8.672114 22.001307 -4.665241
v -8.569974 22.079681 -4.664818
v -8.451028 22.128950 -4.664552
v -8.323384 22.145754 -4.664462
v -4.327326 22.145754 -4.664462
v -0.656693 22.673893 -2.842754
v -0.656693 22.494612 -2.843721
v -0.645909 22.674335 -2.924664
v -0.645909 22.495052 -2.925631
v -0.614293 22.674747 -3.000991
v -0.614293 22.495464 -3.001958
v -0.563998 22.675100 -3.066535
v -0.563998 22.495819 -3.067502
v -0.498454 22.675373 -3.116829
v -0.498454 22.496090 -3.117796
v -0.422125 22.675543 -3.148444
v -0.422125 22.496260 -3.149412
v -0.340214 22.675602 -3.159228
v -0.340214 22.496319 -3.160195
v 13.911866 22.496319 -3.160195
v 13.911866 22.675602 -3.159228
v 13.993777 22.675543 -3.148444
v 13.993777 22.496260 -3.149412
v 14.070106 22.675373 -3.116829
v 14.070106 22.496090 -3.117796
v 14.135651 22.675100 -3.066535
v 14.135651 22.495819 -3.067502
v 14.185945 22.674747 -3.000991
v 14.185945 22.495464 -3.001958
v 14.217562 22.674335 -2.924664
v 14.217562 22.495052 -2.925631
v 14.228345 22.673893 -2.842754
v 14.228345 22.494612 -2.843721
v 14.228345 22.478926 0.063537
v -0.656693 22.478926 0.063537
v -0.656693 22.505911 -4.893698
v 0.583727 22.512787 -4.891929
v 1.824147 22.512787 -4.891929
v 3.064567 22.512787 -4.891929
v 3.064567 22.568682 -4.868422
v 4.304986 22.568682 -4.868422
v 4.304986 22.616589 -4.831249
v 5.545406 22.616589 -4.831249
v 5.545406 22.653242 -4.782944
v 6.785826 22.653242 -4.782944
v 6.785826 22.676144 -4.726798
v 8.026246 22.676144 -4.726798
v 14.228345 22.683735 -4.666638
v 9.266666 22.676144 -4.726798
v 10.507086 22.676144 -4.726798
v 9.266666 22.653242 -4.782944
v 10.507086 22.653242 -4.782944
v 9.266666 22.616589 -4.831249
v 10.507086 22.616589 -4.831249
v 9.266666 22.568682 -4.868422
v 10.507086 22.568682 -4.868422
v 9.266666 22.512787 -4.891929
v 10.507086 22.512787 -4.891929
v 14.228345 22.505911 -4.893698
v -0.656693 22.542784 -4.881464
v 0.583727 22.568682 -4.868422
v 1.824147 22.568682 -4.868422
v 1.824147 22.616589 -4.831249
v 3.064567 22.616589 -4.831249
v 3.064567 22.653242 -4.782944
v 4.304986 22.653242 -4.782944
v 4.304986 22.676144 -4.726798
v 5.545406 22.676144 -4.726798
v -0.656693 22.577101 -4.863256
v -0.656693 22.607904 -4.839584
v 0.583727 22.616589 -4.831249
v -0.656693 22.634331 -4.811109
v 0.583727 22.653242 -4.782944
v -0.656693 22.655642 -4.778628
v -0.656693 22.671242 -4.743049
v 0.583727 22.676144 -4.726798
v -0.656693 22.680695 -4.705368
v 1.824147 22.676144 -4.726798
v 3.064567 22.676144 -4.726798
v 1.824147 22.653242 -4.782944
v -0.656693 22.683735 -4.666638
v 14.228345 22.680695 -4.705368
v 12.987925 22.676144 -4.726798
v 11.747505 22.676144 -4.726798
v 14.228345 22.671242 -4.743049
v 12.987925 22.653242 -4.782944
v 11.747505 22.653242 -4.782944
v 11.747505 22.616589 -4.831249
v 14.228345 22.655642 -4.778628
v 14.228345 22.634331 -4.811109
v 12.987925 22.616589 -4.831249
v 14.228345 22.607904 -4.839584
v 12.987925 22.568682 -4.868422
v 14.228345 22.577101 -4.863256
v 14.228345 22.542784 -4.881464
v 12.987925 22.512787 -4.891929
v 11.747505 22.512787 -4.891929
v 11.747505 22.568682 -4.868422
v 4.304986 22.512787 -4.891929
v 5.545406 22.512787 -4.891929
v 6.785826 22.512787 -4.891929
v 6.785826 22.568682 -4.868422
v 8.026246 22.568682 -4.868422
v 8.026246 22.616589 -4.831249
v 5.545406 22.568682 -4.868422
v 8.026246 22.512787 -4.891929
v 6.785826 22.616589 -4.831249
v 8.026246 22.653242 -4.782944
v 14.228345 22.505667 -4.892681
v 14.228345 22.542149 -4.880031
v 14.228345 22.576063 -4.861655
v 14.228345 22.606541 -4.838039
v 14.228345 22.632839 -4.809744
v 14.228345 22.654152 -4.777643
v 14.228345 22.670027 -4.742412
v 14.228345 22.679981 -4.705045
v 14.228345 22.683733 -4.666563
v -0.656693 22.683733 -4.666563
v -0.656693 22.679993 -4.704973
v -0.656693 22.670084 -4.742254
v -0.656693 22.654230 -4.777501
v -0.656693 22.632927 -4.809632
v -0.656693 22.606628 -4.837960
v -0.656693 22.576153 -4.861596
v -0.656693 22.542217 -4.880001
v -0.656693 22.505667 -4.892681
v 14.228345 22.657293 0.243787
v 14.228345 22.683760 -4.661559
v 14.228345 22.470507 0.124925
v 14.228345 22.446486 0.182043
v 14.228345 22.408501 0.230998
v 14.228345 22.652489 0.290041
v 14.228345 22.359138 0.268452
v 14.228345 22.638756 0.334473
v 14.228345 22.616627 0.375369
v 14.228345 22.586943 0.411173
v 14.228345 22.301765 0.291856
v 14.228345 22.550858 0.440494
v 14.228345 22.509733 0.462225
v 14.228345 22.465065 0.475536
v 14.228345 22.418657 0.479862
v 14.228345 22.240290 0.299612
v 14.228345 12.903832 0.428526
v 14.228345 12.904800 0.249243
v -0.656693 22.683760 -4.661559
v -0.656693 22.657293 0.243787
v -0.656693 22.470507 0.124925
v -0.656693 22.446486 0.182043
v -0.656693 22.408501 0.230998
v -0.656693 22.652468 0.290146
v -0.656693 22.359138 0.268452
v -0.656693 22.638674 0.334667
v -0.656693 22.616501 0.375555
v -0.656693 22.586792 0.411322
v -0.656693 22.301765 0.291856
v -0.656693 22.550671 0.440618
v -0.656693 22.509539 0.462304
v -0.656693 22.464960 0.475556
v -0.656693 22.418657 0.479862
v -0.656693 22.240290 0.299612
v -0.656693 12.903832 0.428526
v -0.656693 12.904800 0.249243
v -4.218762 0.356840 -4.840096
v -4.218762 -0.006544 -4.842056
v -4.218762 0.993479 -4.836660
v -4.218762 0.637310 -4.838582
v -4.218762 1.630119 -4.833226
v -4.218762 1.273951 -4.835147
v -4.218762 2.266760 -4.829791
v -4.218762 1.910589 -4.831712
v -4.218762 2.903399 -4.826356
v -4.218762 2.547232 -4.828278
v -4.218762 3.540039 -4.822921
v -4.218762 3.183870 -4.824842
v -4.218762 3.820511 -4.821408
v -4.218762 4.176680 -4.819486
v -4.574959 0.356840 -4.840096
v -4.574959 -0.006544 -4.842056
v -4.574959 0.993479 -4.836660
v -4.574959 0.637310 -4.838582
v -4.574959 1.630119 -4.833226
v -4.574959 1.273951 -4.835147
v -4.574959 2.266760 -4.829791
v -4.574959 1.910589 -4.831712
v -4.574959 2.903399 -4.826356
v -4.574959 2.547232 -4.828278
v -4.574959 3.540039 -4.822921
v -4.574959 3.183870 -4.824842
v -4.574959 3.820511 -4.821408
v -4.574959 4.176680 -4.819486
v -8.399868 4.176680 -4.819486
v -8.461301 4.176636 -4.811399
v -8.518547 4.176508 -4.787686
v -8.567706 4.176304 -4.749966
v -8.640637 4.177603 -4.990681
v -8.697884 4.177475 -4.966969
v -8.747042 4.177271 -4.929248
v -8.605427 4.176039 -4.700808
v -8.784763 4.177006 -4.880091
v -8.808475 4.176697 -4.822845
v -8.629138 4.175730 -4.643562
v -8.637226 4.175398 -4.582130
v -8.637226 4.150867 -0.035350
v -8.629138 4.150536 0.026082
v -8.605427 4.150227 0.083328
v -8.567706 4.149961 0.132486
v -8.747042 4.148994 0.311768
v -8.784763 4.149260 0.262610
v -8.808475 4.149569 0.205365
v -8.518547 4.149757 0.170206
v -8.579205 4.148619 0.381288
v -8.640637 4.148663 0.373200
v -8.697884 4.148790 0.349488
v -8.461301 4.149630 0.193918
v -8.399868 4.149586 0.202006
v -4.574959 4.148619 0.381288
v -4.574959 4.149586 0.202006
v -8.399868 3.820511 -4.821408
v -8.461301 3.820467 -4.813320
v -8.518547 3.820339 -4.789608
v -8.567706 3.820135 -4.751888
v -8.640637 3.821434 -4.992602
v -8.697884 3.821306 -4.968890
v -8.747042 3.821102 -4.931170
v -8.605427 3.819870 -4.702730
v -8.784763 3.820837 -4.882012
v -8.808475 3.820528 -4.824767
v -8.816564 3.820196 -4.763335
v -8.629138 3.819561 -4.645484
v -8.637226 3.819229 -4.584052
v -8.816564 3.793987 0.094540
v -8.637226 3.794699 -0.037272
v -8.629138 3.794367 0.024161
v -8.808475 3.793655 0.155972
v -8.605427 3.794058 0.081406
v -8.784763 3.793346 0.213218
v -8.747042 3.793081 0.262375
v -8.697884 3.792877 0.300096
v -8.567706 3.793793 0.130564
v -8.640637 3.792749 0.323808
v -8.579205 3.792706 0.331895
v -4.574959 3.792706 0.331895
v -8.399868 3.793417 0.200084
v -8.461301 3.793461 0.191996
v -8.518547 3.793589 0.168284
v -4.574959 3.793417 0.200084
v -8.399868 3.540039 -4.822921
v -8.461301 3.539995 -4.814833
v -8.518547 3.539867 -4.791121
v -8.567706 3.539663 -4.753401
v -8.640637 3.540962 -4.994115
v -8.697884 3.540834 -4.970403
v -8.747042 3.540630 -4.932683
v -8.605427 3.539398 -4.704243
v -8.784763 3.540365 -4.883525
v -8.808475 3.540056 -4.826280
v -8.816564 3.539724 -4.764848
v -8.629138 3.539089 -4.646997
v -8.637226 3.538757 -4.585565
v -8.816564 3.513515 0.093027
v -8.637226 3.514227 -0.038785
v -8.629138 3.513895 0.022647
v -8.808475 3.513184 0.154459
v -8.605427 3.513586 0.079893
v -8.784763 3.512875 0.211704
v -8.747042 3.512609 0.260862
v -8.697884 3.512405 0.298582
v -8.567706 3.513321 0.129051
v -8.640637 3.512278 0.322294
v -8.579205 3.512234 0.330382
v -8.518547 3.513117 0.166771
v -8.461301 3.512989 0.190483
v -8.399868 3.512945 0.198571
v -4.574959 3.512234 0.330382
v -4.574959 3.512945 0.198571
v -8.399868 3.183870 -4.824842
v -8.461301 3.183826 -4.816755
v -8.518547 3.183699 -4.793043
v -8.567706 3.183495 -4.755322
v -8.640637 3.184793 -4.996037
v -8.697884 3.184666 -4.972325
v -8.747042 3.184462 -4.934605
v -8.605427 3.183229 -4.706164
v -8.784763 3.184196 -4.885447
v -8.808475 3.183887 -4.828201
v -8.816564 3.183556 -4.766769
v -8.629138 3.182920 -4.648919
v -8.637226 3.182589 -4.587487
v -8.816564 3.157347 0.091105
v -8.637226 3.158058 -0.040706
v -8.629138 3.157726 0.020726
v -8.808475 3.157015 0.152537
v -8.605427 3.157417 0.077971
v -8.784763 3.156706 0.209783
v -8.747042 3.156441 0.258941
v -8.697884 3.156237 0.296661
v -8.567706 3.157152 0.127129
v -8.640637 3.156109 0.320373
v -8.579205 3.156065 0.328460
v -4.574959 3.156065 0.328460
v -8.399868 3.156776 0.196649
v -8.461301 3.156820 0.188561
v -8.518547 3.156948 0.164849
v -4.574959 3.156776 0.196649
v -8.399868 2.903399 -4.826356
v -8.461301 2.903355 -4.818268
v -8.518547 2.903227 -4.794556
v -8.567706 2.903023 -4.756836
v -8.640637 2.904322 -4.997550
v -8.697884 2.904194 -4.973838
v -8.747042 2.903990 -4.936118
v -8.605427 2.902758 -4.707678
v -8.784763 2.903725 -4.886961
v -8.808475 2.903416 -4.829715
v -8.816564 2.903084 -4.768283
v -8.629138 2.902449 -4.650432
v -8.637226 2.902117 -4.589000
v -8.816564 2.876875 0.089592
v -8.637226 2.877586 -0.042220
v -8.629138 2.877254 0.019212
v -8.808475 2.876543 0.151024
v -8.605427 2.876945 0.076458
v -8.784763 2.876234 0.208269
v -8.747042 2.875969 0.257427
v -8.697884 2.875765 0.295148
v -8.567706 2.876680 0.125616
v -8.640637 2.875637 0.318859
v -8.579205 2.875593 0.326947
v -8.518547 2.876476 0.163336
v -8.461301 2.876348 0.187048
v -8.399868 2.876305 0.195136
v -4.574959 2.875593 0.326947
v -4.574959 2.876305 0.195136
v -8.399868 2.547232 -4.828278
v -8.461301 2.547188 -4.820190
v -8.518547 2.547060 -4.796478
v -8.567706 2.546856 -4.758758
v -8.640637 2.548155 -4.999472
v -8.697884 2.548027 -4.975760
v -8.747042 2.547823 -4.938040
v -8.605427 2.546591 -4.709599
v -8.784763 2.547558 -4.888882
v -8.808475 2.547249 -4.831636
v -8.816564 2.546917 -4.770205
v -8.629138 2.546282 -4.652354
v -8.637226 2.545950 -4.590922
v -8.816564 2.520708 0.087670
v -8.637226 2.521420 -0.044141
v -8.629138 2.521088 0.017291
v -8.808475 2.520376 0.149102
v -8.605427 2.520779 0.074536
v -8.784763 2.520067 0.206348
v -8.747042 2.519802 0.255506
v -8.697884 2.519598 0.293226
v -8.567706 2.520514 0.123694
v -8.640637 2.519470 0.316938
v -8.579205 2.519426 0.325025
v -4.574959 2.519426 0.325025
v -8.399868 2.520138 0.193214
v -8.461301 2.520182 0.185126
v -8.518547 2.520309 0.161415
v -4.574959 2.520138 0.193214
v -8.399868 2.266760 -4.829791
v -8.461301 2.266716 -4.821703
v -8.518547 2.266588 -4.797991
v -8.567706 2.266384 -4.760271
v -8.640637 2.267683 -5.000985
v -8.697884 2.267555 -4.977273
v -8.747042 2.267351 -4.939553
v -8.605427 2.266119 -4.711112
v -8.784763 2.267086 -4.890395
v -8.808475 2.266777 -4.833149
v -8.816564 2.266445 -4.771718
v -8.629138 2.265810 -4.653867
v -8.637226 2.265478 -4.592435
v -8.816564 2.240236 0.086157
v -8.637226 2.240948 -0.045655
v -8.629138 2.240616 0.015778
v -8.808475 2.239904 0.147589
v -8.605427 2.240307 0.073023
v -8.784763 2.239595 0.204835
v -8.747042 2.239330 0.253992
v -8.697884 2.239126 0.291713
v -8.567706 2.240042 0.122181
v -8.640637 2.238998 0.315425
v -8.579205 2.238955 0.323512
v -8.518547 2.239838 0.159901
v -8.461301 2.239710 0.183613
v -8.399868 2.239666 0.191701
v -4.574959 2.238955 0.323512
v -4.574959 2.239666 0.191701
v -8.399868 1.910589 -4.831712
v -8.461301 1.910545 -4.823625
v -8.518547 1.910418 -4.799912
v -8.567706 1.910213 -4.762192
v -8.640637 1.911512 -5.002907
v -8.697884 1.911385 -4.979195
v -8.747042 1.911180 -4.941474
v -8.605427 1.909948 -4.713034
v -8.784763 1.910915 -4.892317
v -8.808475 1.910606 -4.835071
v -8.816564 1.910275 -4.773639
v -8.629138 1.909639 -4.655788
v -8.637226 1.909307 -4.594357
v -8.816564 1.884066 0.084235
v -8.637226 1.884777 -0.047576
v -8.629138 1.884445 0.013856
v -8.808475 1.883734 0.145667
v -8.605427 1.884136 0.071101
v -8.784763 1.883425 0.202913
v -8.747042 1.883160 0.252071
v -8.697884 1.882956 0.289791
v -8.567706 1.883871 0.120259
v -8.640637 1.882828 0.313503
v -8.579205 1.882784 0.321591
v -4.574959 1.882784 0.321591
v -8.399868 1.883495 0.189779
v -8.461301 1.883539 0.181691
v -8.518547 1.883667 0.157980
v -4.574959 1.883495 0.189779
v -8.399868 1.630119 -4.833226
v -8.461301 1.630075 -4.825138
v -8.518547 1.629948 -4.801426
v -8.567706 1.629744 -4.763706
v -8.640637 1.631042 -5.004420
v -8.697884 1.630915 -4.980708
v -8.747042 1.630711 -4.942988
v -8.605427 1.629478 -4.714548
v -8.784763 1.630445 -4.893830
v -8.808475 1.630136 -4.836585
v -8.816564 1.629805 -4.775153
v -8.629138 1.629169 -4.657302
v -8.637226 1.628838 -4.595870
v -8.816564 1.603596 0.082722
v -8.637226 1.604307 -0.049089
v -8.629138 1.603975 0.012343
v -8.808475 1.603264 0.144154
v -8.605427 1.603666 0.069588
v -8.784763 1.602955 0.201400
v -8.747042 1.602690 0.250558
v -8.697884 1.602486 0.288278
v -8.567706 1.603401 0.118746
v -8.640637 1.602358 0.311990
v -8.579205 1.602314 0.320077
v -8.518547 1.603197 0.156466
v -8.461301 1.603069 0.180178
v -8.399868 1.603025 0.188266
v -4.574959 1.602314 0.320077
v -4.574959 1.603025 0.188266
v -8.399868 1.273951 -4.835147
v -8.461301 1.273907 -4.827060
v -8.518547 1.273779 -4.803348
v -8.567706 1.273575 -4.765627
v -8.640637 1.274874 -5.006342
v -8.697884 1.274746 -4.982630
v -8.747042 1.274542 -4.944910
v -8.605427 1.273310 -4.716469
v -8.784763 1.274277 -4.895752
v -8.808475 1.273968 -4.838506
v -8.816564 1.273636 -4.777074
v -8.629138 1.273001 -4.659224
v -8.637226 1.272669 -4.597792
v -8.816564 1.247427 0.080800
v -8.637226 1.248138 -0.051011
v -8.629138 1.247807 0.010421
v -8.808475 1.247095 0.142232
v -8.605427 1.247498 0.067667
v -8.784763 1.246786 0.199478
v -8.747042 1.246521 0.248636
v -8.697884 1.246317 0.286356
v -8.567706 1.247232 0.116824
v -8.640637 1.246189 0.310068
v -8.579205 1.246145 0.318156
v -4.574959 1.246145 0.318156
v -8.399868 1.246857 0.186344
v -8.461301 1.246901 0.178257
v -8.518547 1.247028 0.154545
v -4.574959 1.246857 0.186344
v -8.399868 0.993479 -4.836660
v -8.461301 0.993435 -4.828573
v -8.518547 0.993307 -4.804861
v -8.567706 0.993103 -4.767140
v -8.640637 0.994402 -5.007855
v -8.697884 0.994274 -4.984143
v -8.747042 0.994070 -4.946423
v -8.605427 0.992838 -4.717982
v -8.784763 0.993805 -4.897265
v -8.808475 0.993496 -4.840019
v -8.816564 0.993164 -4.778587
v -8.629138 0.992529 -4.660737
v -8.637226 0.992197 -4.599305
v -8.816564 0.966955 0.079287
v -8.637226 0.967667 -0.052524
v -8.629138 0.967335 0.008908
v -8.808475 0.966623 0.140719
v -8.605427 0.967026 0.066153
v -8.784763 0.966314 0.197965
v -8.747042 0.966049 0.247123
v -8.697884 0.965845 0.284843
v -8.567706 0.966761 0.115311
v -8.640637 0.965717 0.308555
v -8.579205 0.965673 0.316642
v -8.518547 0.966557 0.153031
v -8.461301 0.966429 0.176743
v -8.399868 0.966385 0.184831
v -4.574959 0.965673 0.316642
v -4.574959 0.966385 0.184831
v -8.399868 0.637310 -4.838582
v -8.461301 0.637266 -4.830495
v -8.518547 0.637138 -4.806783
v -8.567706 0.636934 -4.769062
v -8.640637 0.638233 -5.009777
v -8.697884 0.638105 -4.986065
v -8.747042 0.637901 -4.948344
v -8.605427 0.636669 -4.719904
v -8.784763 0.637636 -4.899187
v -8.808475 0.637327 -4.841941
v -8.816564 0.636995 -4.780509
v -8.629138 0.636360 -4.662659
v -8.637226 0.636028 -4.601227
v -8.816564 0.610786 0.077365
v -8.637226 0.611498 -0.054446
v -8.629138 0.611166 0.006986
v -8.808475 0.610455 0.138797
v -8.605427 0.610857 0.064232
v -8.784763 0.610146 0.196043
v -8.747042 0.609880 0.245201
v -8.697884 0.609676 0.282921
v -8.567706 0.610592 0.113390
v -8.640637 0.609549 0.306633
v -8.579205 0.609505 0.314721
v -4.574959 0.609505 0.314721
v -8.399868 0.610216 0.182909
v -8.461301 0.610260 0.174822
v -8.518547 0.610388 0.151110
v -4.574959 0.610216 0.182909
v -8.399868 0.356840 -4.840096
v -8.461301 0.356796 -4.832008
v -8.518547 0.356668 -4.808296
v -8.567706 0.356464 -4.770576
v -8.640637 0.357763 -5.011290
v -8.697884 0.357635 -4.987578
v -8.747042 0.357431 -4.949858
v -8.605427 0.356199 -4.721417
v -8.784763 0.357166 -4.900700
v -8.808475 0.356857 -4.843454
v -8.816564 0.356525 -4.782022
v -8.629138 0.355890 -4.664172
v -8.637226 0.355558 -4.602740
v -8.816564 0.330317 0.075852
v -8.637226 0.331028 -0.055959
v -8.629138 0.330696 0.005473
v -8.808475 0.329985 0.137284
v -8.605427 0.330387 0.062718
v -8.784763 0.329676 0.194530
v -8.747042 0.329411 0.243688
v -8.697884 0.329206 0.281408
v -8.567706 0.330122 0.111876
v -8.640637 0.329079 0.305120
v -8.579205 0.329035 0.313208
v -8.518547 0.329918 0.149597
v -8.461301 0.329790 0.173308
v -8.399868 0.329746 0.181396
v -4.574959 0.329035 0.313208
v -4.574959 0.329746 0.181396
v 6.963924 0.356840 -4.840096
v 6.963924 0.000671 -4.842017
v 6.963924 0.993479 -4.836660
v 6.963924 0.637310 -4.838582
v 6.963924 1.630119 -4.833226
v 6.963924 1.273951 -4.835147
v 6.963924 2.266760 -4.829791
v 6.963924 1.910589 -4.831712
v 6.963924 2.903399 -4.826356
v 6.963924 2.547232 -4.828278
v 6.963924 3.540039 -4.822921
v 6.963924 3.183870 -4.824842
v 6.963924 3.820511 -4.821408
v 6.963924 4.176680 -4.819486
v 6.607728 0.356840 -4.840096
v 6.607728 0.000671 -4.842017
v 6.607728 0.993479 -4.836660
v 6.607728 0.637310 -4.838582
v 6.607728 1.630119 -4.833226
v 6.607728 1.273951 -4.835147
v 6.607728 2.266760 -4.829791
v 6.607728 1.910589 -4.831712
v 6.607728 2.903399 -4.826356
v 6.607728 2.547232 -4.828278
v 6.607728 3.540039 -4.822921
v 6.607728 3.183870 -4.824842
v 6.607728 3.820511 -4.821408
v 6.607728 4.176680 -4.819486
v 18.146561 0.356840 -4.840096
v 18.146561 0.000671 -4.842017
v 18.146561 0.993479 -4.836660
v 18.146561 0.637310 -4.838582
v 18.146561 1.630119 -4.833226
v 18.146561 1.273951 -4.835147
v 18.146561 2.266760 -4.829791
v 18.146561 1.910589 -4.831712
v 18.146561 2.903399 -4.826356
v 18.146561 2.547232 -4.828278
v 18.146561 3.540039 -4.822921
v 18.146561 3.183870 -4.824842
v 18.146561 3.820511 -4.821408
v 18.146561 4.176680 -4.819486
v 17.790363 0.356840 -4.840096
v 17.790363 0.000671 -4.842017
v 17.790363 0.993479 -4.836660
v 17.790363 0.637310 -4.838582
v 17.790363 1.630119 -4.833226
v 17.790363 1.273951 -4.835147
v 17.790363 2.266760 -4.829791
v 17.790363 1.910589 -4.831712
v 17.790363 2.903399 -4.826356
v 17.790363 2.547232 -4.828278
v 17.790363 3.540039 -4.822921
v 17.790363 3.183870 -4.824842
v 17.790363 3.820511 -4.821408
v 17.790363 4.176680 -4.819486
v 21.971519 3.820511 -4.821408
v 21.971519 4.176680 -4.819486
v 21.971519 3.183870 -4.824842
v 21.971519 3.540039 -4.822921
v 21.971519 2.547232 -4.828278
v 21.971519 2.903399 -4.826356
v 21.971519 1.910589 -4.831712
v 21.971519 2.266760 -4.829791
v 21.971519 1.273951 -4.835147
v 21.971519 1.630119 -4.833226
v 21.971519 0.637310 -4.838582
v 21.971519 0.993479 -4.836660
v -8.399868 0.000671 -4.842017
v -8.461301 0.000628 -4.833930
v -8.518547 0.000500 -4.810217
v -8.567706 0.000296 -4.772497
v -8.605427 0.000031 -4.723339
v -8.629138 -0.000278 -4.666093
v -8.637226 -0.000610 -4.604661
v -8.637226 -0.025141 -0.057881
v 22.208879 4.175398 -4.582130
v 22.208879 3.819229 -4.584052
v 22.200790 4.175730 -4.643562
v 22.200790 3.819561 -4.645484
v 22.177080 4.176039 -4.700808
v 22.177080 3.819870 -4.702730
v 22.139357 4.176304 -4.749966
v 22.139357 3.820135 -4.751888
v 22.090200 4.176508 -4.787686
v 22.090200 3.820339 -4.789608
v 22.032953 4.176636 -4.811399
v 22.032953 3.820467 -4.813320
v 22.208879 3.538757 -4.585565
v 22.208879 3.182589 -4.587487
v 22.200790 3.539089 -4.646997
v 22.200790 3.182920 -4.648919
v 22.177080 3.539398 -4.704243
v 22.177080 3.183229 -4.706164
v 22.139357 3.539663 -4.753401
v 22.139357 3.183495 -4.755322
v 22.090200 3.539867 -4.791121
v 22.090200 3.183699 -4.793043
v 22.032953 3.539995 -4.814833
v 22.032953 3.183826 -4.816755
v 22.208879 2.902117 -4.589000
v 22.208879 2.545950 -4.590922
v 22.200790 2.902449 -4.650432
v 22.200790 2.546282 -4.652354
v 22.177080 2.902758 -4.707678
v 22.177080 2.546591 -4.709599
v 22.139357 2.903023 -4.756836
v 22.139357 2.546856 -4.758758
v 22.090200 2.903227 -4.794556
v 22.090200 2.547060 -4.796478
v 22.032953 2.903355 -4.818268
v 22.032953 2.547188 -4.820190
v 22.208879 2.265478 -4.592435
v 22.208879 1.909307 -4.594357
v 22.200790 2.265810 -4.653867
v 22.200790 1.909639 -4.655788
v 22.177080 2.266119 -4.711112
v 22.177080 1.909948 -4.713034
v 22.139357 2.266384 -4.760271
v 22.139357 1.910213 -4.762192
v 22.090200 2.266588 -4.797991
v 22.090200 1.910418 -4.799912
v 22.032953 2.266716 -4.821703
v 22.032953 1.910545 -4.823625
v 22.208879 1.628838 -4.595870
v 22.208879 1.272669 -4.597792
v 22.200790 1.629169 -4.657302
v 22.200790 1.273001 -4.659224
v 22.177080 1.629478 -4.714548
v 22.177080 1.273310 -4.716469
v 22.139357 1.629744 -4.763706
v 22.139357 1.273575 -4.765627
v 22.090200 1.629948 -4.801426
v 22.090200 1.273779 -4.803348
v 22.032953 1.630075 -4.825138
v 22.032953 1.273907 -4.827060
v 22.208879 0.992197 -4.599305
v 22.208879 0.636028 -4.601227
v 22.200790 0.992529 -4.660737
v 22.200790 0.636360 -4.662659
v 22.177080 0.992838 -4.717982
v 22.177080 0.636669 -4.719904
v 22.139357 0.993103 -4.767140
v 22.139357 0.636934 -4.769062
v 22.090200 0.993307 -4.804861
v 22.090200 0.637138 -4.806783
v 22.032953 0.993435 -4.828573
v 22.032953 0.637266 -4.830495
v 22.208879 0.355558 -4.602740
v 22.208879 -0.000610 -4.604661
v 22.200790 0.355890 -4.664172
v 22.200790 -0.000278 -4.666093
v 22.177080 0.356199 -4.721417
v 22.177080 0.000031 -4.723339
v 22.139357 0.356464 -4.770576
v 22.139357 0.000296 -4.772497
v 22.090200 0.356668 -4.808296
v 22.090200 0.000500 -4.810217
v 22.032953 0.356796 -4.832008
v 22.032953 0.000628 -4.833930
v 21.971519 0.356840 -4.840096
v 21.971519 0.000671 -4.842017
v 22.381002 -0.012379 -4.842088
v 22.381002 0.000671 -4.842017
v -8.809349 -0.012379 -4.842088
v -8.809349 0.000671 -4.842017
v 22.381002 2.266760 -4.829791
v 22.381002 2.265795 -4.829796
v 22.262680 2.266760 -4.829791
v -8.791064 -0.012115 -4.891039
v 22.362717 -0.012115 -4.891039
v 22.334162 -0.011879 -4.934804
v 22.296724 -0.011683 -4.971260
v 22.150858 -0.011412 -5.021370
v -8.579205 -0.011412 -5.021370
v -8.762510 -0.011879 -4.934804
v -8.725072 -0.011683 -4.971260
v -8.680564 -0.011534 -4.998640
v -8.631143 -0.011442 -5.015618
v 22.252214 -0.011534 -4.998640
v 22.202795 -0.011442 -5.015618
v 22.212288 1.631042 -5.004420
v 22.269537 1.630915 -4.980708
v 22.318695 1.630711 -4.942988
v 22.356415 1.630445 -4.893830
v 22.380127 1.630136 -4.836585
v 22.388216 1.629805 -4.775153
v 22.388216 1.603596 0.082722
v 22.208879 1.604307 -0.049089
v 22.200790 1.603975 0.012343
v 22.380127 1.603264 0.144154
v 22.177080 1.603666 0.069588
v 22.356415 1.602955 0.201400
v 22.318695 1.602690 0.250558
v 22.269537 1.602486 0.288278
v 22.139357 1.603401 0.118746
v 22.212288 1.602358 0.311990
v 22.150858 1.602314 0.320077
v 18.146561 1.602314 0.320077
v 21.971519 1.603025 0.188266
v 22.032953 1.603069 0.180178
v 22.090200 1.603197 0.156466
v 18.146561 1.603025 0.188266
v 22.208879 1.248138 -0.051011
v 22.212288 4.177603 -4.990681
v 22.269537 4.177475 -4.966969
v 22.318695 4.177271 -4.929248
v 22.356415 4.177006 -4.880091
v 22.380127 4.176697 -4.822845
v 22.208879 4.150867 -0.035350
v 22.200790 4.150536 0.026082
v 22.177080 4.150227 0.083328
v 22.380127 4.149569 0.205365
v 22.356415 4.149260 0.262610
v 22.318695 4.148994 0.311768
v 22.139357 4.149961 0.132486
v 22.269537 4.148790 0.349488
v 22.212288 4.148663 0.373200
v 22.150858 4.148619 0.381288
v 22.090200 4.149757 0.170206
v 22.032953 4.149630 0.193918
v 21.971519 4.149586 0.202006
v 18.146561 4.148619 0.381288
v 18.146561 4.149586 0.202006
v 22.208879 3.794699 -0.037272
v 22.202795 2.267696 -5.003321
v 22.252214 2.267605 -4.986343
v 22.296724 2.267456 -4.958962
v 22.334162 2.267260 -4.922507
v 22.362717 2.267023 -4.878742
v 22.262680 2.239107 0.295522
v 22.208879 2.240948 -0.045655
v 22.227104 2.239023 0.310932
v 22.139357 2.240042 0.122181
v 22.177080 2.240307 0.073023
v 22.200790 2.240616 0.015778
v 22.189495 2.238972 0.320346
v 22.150858 2.238955 0.323512
v 22.090200 2.239838 0.159901
v 22.032953 2.239710 0.183613
v 21.971519 2.239666 0.191701
v 18.146561 2.238955 0.323512
v 18.146561 2.239666 0.191701
v 22.208879 1.884777 -0.047576
v 22.212288 0.994402 -5.007855
v 22.269537 0.994274 -4.984143
v 22.318695 0.994070 -4.946423
v 22.356415 0.993805 -4.897265
v 22.380127 0.993496 -4.840019
v 22.388216 0.993164 -4.778587
v 22.388216 0.966955 0.079287
v 22.208879 0.967667 -0.052524
v 22.200790 0.967335 0.008908
v 22.380127 0.966623 0.140719
v 22.177080 0.967026 0.066153
v 22.356415 0.966314 0.197965
v 22.318695 0.966049 0.247123
v 22.269537 0.965845 0.284843
v 22.139357 0.966761 0.115311
v 22.212288 0.965717 0.308555
v 22.150858 0.965673 0.316642
v 18.146561 0.965673 0.316642
v 21.971519 0.966385 0.184831
v 22.032953 0.966429 0.176743
v 22.090200 0.966557 0.153031
v 18.146561 0.966385 0.184831
v 22.208879 0.611498 -0.054446
v 22.212288 3.540962 -4.994115
v 22.269537 3.540834 -4.970403
v 22.318695 3.540630 -4.932683
v 22.356415 3.540365 -4.883525
v 22.380127 3.540056 -4.826280
v 22.388216 3.539724 -4.764848
v 22.388216 3.513515 0.093027
v 22.208879 3.514227 -0.038785
v 22.200790 3.513895 0.022647
v 22.380127 3.513184 0.154459
v 22.177080 3.513586 0.079893
v 22.356415 3.512875 0.211704
v 22.318695 3.512609 0.260862
v 22.269537 3.512405 0.298582
v 22.139357 3.513321 0.129051
v 22.212288 3.512278 0.322294
v 22.150858 3.512234 0.330382
v 18.146561 3.512234 0.330382
v 21.971519 3.512945 0.198571
v 22.032953 3.512989 0.190483
v 22.090200 3.513117 0.166771
v 18.146561 3.512945 0.198571
v 22.208879 3.158058 -0.040706
v 22.212288 2.904322 -4.997550
v 22.269537 2.904194 -4.973838
v 22.318695 2.903990 -4.936118
v 22.356415 2.903725 -4.886961
v 22.380127 2.903416 -4.829715
v 22.388216 2.903084 -4.768283
v 22.388216 2.876875 0.089592
v 22.208879 2.877586 -0.042220
v 22.200790 2.877254 0.019212
v 22.380127 2.876543 0.151024
v 22.177080 2.876945 0.076458
v 22.356415 2.876234 0.208269
v 22.318695 2.875969 0.257427
v 22.269537 2.875765 0.295148
v 22.139357 2.876680 0.125616
v 22.212288 2.875637 0.318859
v 22.150858 2.875593 0.326947
v 18.146561 2.875593 0.326947
v 21.971519 2.876305 0.195136
v 22.032953 2.876348 0.187048
v 22.090200 2.876476 0.163336
v 18.146561 2.876305 0.195136
v 22.208879 2.521420 -0.044141
v 22.212288 0.357763 -5.011290
v 22.269537 0.357635 -4.987578
v 22.318695 0.357431 -4.949858
v 22.356415 0.357166 -4.900700
v 22.380127 0.356857 -4.843454
v 22.388216 0.356525 -4.782022
v 22.388216 0.330317 0.075852
v 22.208879 0.331028 -0.055959
v 22.200790 0.330696 0.005473
v 22.380127 0.329985 0.137284
v 22.177080 0.330387 0.062718
v 22.356415 0.329676 0.194530
v 22.318695 0.329411 0.243688
v 22.269537 0.329206 0.281408
v 22.139357 0.330122 0.111876
v 22.212288 0.329079 0.305120
v 22.150858 0.329035 0.313208
v 18.146561 0.329035 0.313208
v 21.971519 0.329746 0.181396
v 22.032953 0.329790 0.173308
v 22.090200 0.329918 0.149597
v 18.146561 0.329746 0.181396
v 22.208879 -0.025141 -0.057881
v -8.816564 0.000357 -4.783944
v -8.816564 -0.026108 0.121401
v -8.631810 -0.025414 -0.007464
v -8.615808 -0.025673 0.040651
v -8.589951 -0.025908 0.084270
v -8.555418 -0.026108 0.121401
v -8.813348 0.000568 -4.822880
v -8.815758 0.000463 -4.803478
v 22.385000 0.000568 -4.822880
v 22.380127 -0.091480 -4.845873
v 22.356415 -0.091171 -4.903119
v 22.318695 -0.090906 -4.952277
v 22.269537 -0.090702 -4.989997
v 22.212288 -0.090574 -5.013709
v 22.150858 -0.090530 -5.021797
v 22.388216 -0.091812 -4.784441
v 22.387409 0.000463 -4.803478
v 22.388216 0.000357 -4.783944
v 22.212288 3.184793 -4.996037
v 22.269537 3.184666 -4.972325
v 22.318695 3.184462 -4.934605
v 22.356415 3.184196 -4.885447
v 22.380127 3.183887 -4.828201
v 22.388216 3.183556 -4.766769
v 22.212288 0.638233 -5.009777
v 22.269537 0.638105 -4.986065
v 22.318695 0.637901 -4.948344
v 22.356415 0.637636 -4.899187
v 22.380127 0.637327 -4.841941
v 22.388216 0.636995 -4.780509
v 22.380127 2.547249 -4.831636
v 22.385000 2.265659 -4.810659
v 22.356415 2.547558 -4.888882
v 22.318695 2.547823 -4.938040
v 22.269537 2.548027 -4.975760
v 22.212288 2.548155 -4.999472
v 22.388216 2.546917 -4.770205
v 22.387409 2.265535 -4.791257
v 22.388216 2.265423 -4.771723
v 22.380127 5.521021 -4.815592
v 22.380127 6.865346 -4.808339
v 22.380127 8.209671 -4.801085
v 22.356415 8.209979 -4.858331
v 22.356415 9.554302 -4.851078
v 22.318695 9.554568 -4.900236
v 22.318695 10.898893 -4.892982
v 22.269537 10.899096 -4.930703
v 22.269537 12.243421 -4.923450
v 22.212288 12.243548 -4.947162
v 22.212288 13.587873 -4.939909
v 22.212288 14.932198 -4.932655
v 22.212288 16.276522 -4.925402
v 22.269537 14.932070 -4.908943
v 22.269537 16.276394 -4.901690
v 22.318695 14.931866 -4.871223
v 22.318695 16.276190 -4.863970
v 22.356415 14.931601 -4.822065
v 22.356415 16.275925 -4.814812
v 22.380127 14.931292 -4.764820
v 22.380127 16.275616 -4.757566
v 22.380127 17.619940 -4.750314
v 22.380127 18.964264 -4.743061
v 22.356415 18.964573 -4.800306
v 22.356415 20.308899 -4.793053
v 22.318695 20.309164 -4.842211
v 22.318695 21.653488 -4.834958
v 22.269537 21.653690 -4.872678
v 22.269537 20.309366 -4.879931
v 22.212288 21.653818 -4.896390
v 22.212288 20.309494 -4.903643
v 22.212288 18.965170 -4.910896
v 22.212288 17.620846 -4.918149
v 22.269537 17.620718 -4.894437
v 22.356415 5.521329 -4.872838
v 22.318695 5.521595 -4.921995
v 22.269537 5.521798 -4.959715
v 22.212288 5.521926 -4.983428
v 22.212288 10.899224 -4.954415
v 22.212288 9.554899 -4.961668
v 22.269537 9.554771 -4.937956
v 22.269537 8.210448 -4.945209
v 22.318695 8.210245 -4.907489
v 22.318695 6.865920 -4.914742
v 22.356415 6.865654 -4.865584
v 22.356415 21.653223 -4.785800
v 22.380127 20.308590 -4.735807
v 22.380127 21.652914 -4.728554
v 22.380127 13.586967 -4.772073
v 22.380127 12.242643 -4.779326
v 22.380127 10.898319 -4.786579
v 22.356415 12.242951 -4.836572
v 22.356415 10.898627 -4.843825
v 22.318695 12.243217 -4.885729
v 22.380127 9.553994 -4.793832
v 22.356415 13.587276 -4.829319
v 22.318695 13.587542 -4.878476
v 22.269537 13.587746 -4.916196
v 22.356415 17.620249 -4.807559
v 22.318695 17.620514 -4.856717
v 22.318695 18.964838 -4.849464
v 22.269537 6.866123 -4.952462
v 22.212288 6.866251 -4.976174
v 22.269537 18.965042 -4.887184
v 22.212288 8.210576 -4.968921
v 22.212288 3.821434 -4.992602
v 22.269537 3.821306 -4.968890
v 22.318695 3.821102 -4.931170
v 22.356415 3.820837 -4.882012
v 22.380127 3.820528 -4.824767
v 22.388216 3.820196 -4.763335
v 22.388216 1.910275 -4.773639
v 22.380127 1.910606 -4.835071
v 22.356415 1.910915 -4.892317
v 22.318695 1.911180 -4.941474
v 22.269537 1.911385 -4.979195
v 22.212288 1.911512 -5.002907
v -8.808475 -0.091480 -4.845873
v -8.816564 -0.091812 -4.784441
v -8.784763 -0.091171 -4.903119
v -8.747042 -0.090906 -4.952277
v -8.697884 -0.090702 -4.989997
v -8.640637 -0.090574 -5.013709
v -8.579205 -0.090530 -5.021797
v -8.640637 5.521926 -4.983428
v -8.640637 6.866251 -4.976174
v -8.640637 8.210576 -4.968921
v -8.697884 8.210448 -4.945209
v -8.697884 9.554771 -4.937956
v -8.747042 9.554568 -4.900236
v -8.747042 10.898893 -4.892982
v -8.784763 10.898627 -4.843825
v -8.784763 12.242951 -4.836572
v -8.808475 12.242643 -4.779326
v -8.808475 13.586967 -4.772073
v -8.808475 14.931292 -4.764820
v -8.808475 16.275616 -4.757566
v -8.784763 14.931601 -4.822065
v -8.784763 16.275925 -4.814812
v -8.747042 14.931866 -4.871223
v -8.747042 16.276190 -4.863970
v -8.697884 14.932070 -4.908943
v -8.697884 16.276394 -4.901690
v -8.640637 14.932198 -4.932655
v -8.640637 16.276522 -4.925402
v -8.640637 17.620846 -4.918149
v -8.640637 18.965170 -4.910896
v -8.697884 18.965042 -4.887184
v -8.697884 20.309366 -4.879931
v -8.747042 20.309164 -4.842211
v -8.747042 21.653488 -4.834958
v -8.784763 21.653223 -4.785800
v -8.784763 20.308899 -4.793053
v -8.808475 21.652914 -4.728554
v -8.808475 20.308590 -4.735807
v -8.808475 18.964264 -4.743061
v -8.808475 17.619940 -4.750314
v -8.784763 17.620249 -4.807559
v -8.697884 5.521798 -4.959715
v -8.747042 5.521595 -4.921995
v -8.784763 5.521329 -4.872838
v -8.808475 5.521021 -4.815592
v -8.808475 10.898319 -4.786579
v -8.808475 9.553994 -4.793832
v -8.784763 9.554302 -4.851078
v -8.784763 8.209979 -4.858331
v -8.747042 8.210245 -4.907489
v -8.747042 6.865920 -4.914742
v -8.697884 6.866123 -4.952462
v -8.697884 21.653690 -4.872678
v -8.640637 20.309494 -4.903643
v -8.640637 21.653818 -4.896390
v -8.640637 13.587873 -4.939909
v -8.640637 12.243548 -4.947162
v -8.640637 10.899224 -4.954415
v -8.697884 12.243421 -4.923450
v -8.697884 10.899096 -4.930703
v -8.747042 12.243217 -4.885729
v -8.640637 9.554899 -4.961668
v -8.697884 13.587746 -4.916196
v -8.747042 13.587542 -4.878476
v -8.784763 13.587276 -4.829319
v -8.697884 17.620718 -4.894437
v -8.747042 17.620514 -4.856717
v -8.747042 18.964838 -4.849464
v -8.784763 6.865654 -4.865584
v -8.808475 6.865346 -4.808339
v -8.784763 18.964573 -4.800306
v -8.808475 8.209671 -4.801085
v -8.572015 -0.145138 -5.022091
v 22.143667 -0.145138 -5.022091
v -8.550938 -0.196022 -5.022366
v 22.122591 -0.196022 -5.022366
v -8.517408 -0.239717 -5.022602
v -8.368218 -0.301516 -5.022935
v -8.473711 -0.273249 -5.022782
v -8.422826 -0.294325 -5.022896
v 22.089060 -0.239717 -5.022602
v 21.939871 -0.301516 -5.022935
v 22.045364 -0.273249 -5.022782
v 21.994478 -0.294325 -5.022896
v 14.217562 12.821922 0.428084
v 14.217562 12.822890 0.248801
v 14.185945 12.745595 0.427672
v 14.185945 12.746563 0.248390
v 14.135651 12.680051 0.427318
v 14.135651 12.681019 0.248036
v 14.070106 12.629757 0.427047
v 14.070106 12.630725 0.247765
v 13.993777 12.598142 0.426876
v 13.993777 12.599110 0.247594
v 13.911866 12.587358 0.426818
v 13.911866 12.588326 0.247536
v -0.340214 12.588326 0.247536
v -0.645909 12.822890 0.248801
v -0.614293 12.746563 0.248390
v -0.563998 12.681019 0.248036
v -0.498454 12.630725 0.247765
v -0.422125 12.599110 0.247594
v -0.340214 12.587358 0.426818
v -0.422125 12.598142 0.426876
v -0.498454 12.629757 0.427047
v -0.563998 12.680051 0.427318
v -0.614293 12.745595 0.427672
v -0.645909 12.821922 0.428084
v -4.053562 0.108002 -1.200448
v -3.998178 0.108002 -1.200448
v -4.053562 0.107916 -1.184624
v -3.998178 0.107916 -1.184624
v -4.053562 2.605259 -1.186974
v -4.053562 2.605173 -1.171150
v -3.446979 0.108002 -1.200448
v -3.446979 2.605259 -1.186974
v -3.446979 0.107916 -1.184624
v -3.446979 2.605173 -1.171150
v -3.502362 0.108002 -1.200448
v -3.502362 0.107916 -1.184624
v -3.502362 -0.243008 -1.202342
v -3.502362 -0.243093 -1.186518
v -3.549834 0.108002 -1.200448
v -3.549834 -0.243008 -1.202342
v -3.549834 0.107916 -1.184624
v -3.549834 -0.243093 -1.186518
v -3.950706 0.108002 -1.200448
v -3.950706 0.107916 -1.184624
v -3.950706 -0.243008 -1.202342
v -3.950706 -0.243093 -1.186518
v -3.998178 -0.243008 -1.202342
v -3.998178 -0.243093 -1.186518
v -4.290921 2.605259 -1.186974
v -4.290921 -0.243008 -1.202342
v -1.653600 0.108002 -1.200448
v -1.653600 2.605259 -1.186974
v -1.653600 0.107916 -1.184624
v -1.653600 2.605173 -1.171150
v -1.708984 0.108002 -1.200448
v -1.708984 0.107916 -1.184624
v -1.708984 -0.243008 -1.202342
v -1.708984 -0.243093 -1.186518
v -1.756456 0.108002 -1.200448
v -1.756456 -0.243008 -1.202342
v -1.756456 0.107916 -1.184624
v -1.756456 -0.243093 -1.186518
v -1.811839 0.108002 -1.200448
v -1.811839 0.107916 -1.184624
v -1.811839 2.605259 -1.186974
v -1.811839 2.605173 -1.171150
v -2.101945 0.108002 -1.200448
v -2.157329 -0.243008 -1.202342
v -2.157329 0.108002 -1.200448
v -2.101945 2.605259 -1.186974
v 0.139778 0.108002 -1.200448
v 0.139778 2.605259 -1.186974
v 0.139778 0.107916 -1.184624
v 0.139778 2.605173 -1.171150
v 0.084394 0.108002 -1.200448
v 0.084394 0.107916 -1.184624
v 0.084394 -0.243008 -1.202342
v 0.084394 -0.243093 -1.186518
v 0.036922 0.108002 -1.200448
v 0.036922 -0.243008 -1.202342
v 0.036922 0.107916 -1.184624
v 0.036922 -0.243093 -1.186518
v -0.018461 0.108002 -1.200448
v -0.018461 0.107916 -1.184624
v -0.018461 2.605259 -1.186974
v -0.018461 2.605173 -1.171150
v -0.308567 0.108002 -1.200448
v -0.363950 -0.243008 -1.202342
v -0.363950 0.108002 -1.200448
v -0.308567 2.605259 -1.186974
v 1.933156 0.108002 -1.200448
v 1.933156 2.605259 -1.186974
v 1.933156 0.107916 -1.184624
v 1.933156 2.605173 -1.171150
v 1.877772 0.108002 -1.200448
v 1.877772 0.107916 -1.184624
v 1.877772 -0.243008 -1.202342
v 1.877772 -0.243093 -1.186518
v 1.830300 0.108002 -1.200448
v 1.830300 -0.243008 -1.202342
v 1.830300 0.107916 -1.184624
v 1.830300 -0.243093 -1.186518
v 1.774917 0.108002 -1.200448
v 1.774917 0.107916 -1.184624
v 1.774917 2.605259 -1.186974
v 1.774917 2.605173 -1.171150
v 1.484811 0.108002 -1.200448
v 1.429428 -0.243008 -1.202342
v 1.429428 0.108002 -1.200448
v 1.484811 2.605259 -1.186974
v 3.726534 0.108002 -1.200448
v 3.726534 2.605259 -1.186974
v 3.726534 0.107916 -1.184624
v 3.726534 2.605173 -1.171150
v 3.671150 0.108002 -1.200448
v 3.671150 0.107916 -1.184624
v 3.671150 -0.243008 -1.202342
v 3.671150 -0.243093 -1.186518
v 3.623679 0.108002 -1.200448
v 3.623679 -0.243008 -1.202342
v 3.623679 0.107916 -1.184624
v 3.623679 -0.243093 -1.186518
v 3.568295 0.108002 -1.200448
v 3.568295 0.107916 -1.184624
v 3.568295 2.605259 -1.186974
v 3.568295 2.605173 -1.171150
v 3.278189 0.108002 -1.200448
v 3.222806 -0.243008 -1.202342
v 3.222806 0.108002 -1.200448
v 3.278189 2.605259 -1.186974
v 5.519912 0.108002 -1.200448
v 5.519912 2.605259 -1.186974
v 5.519912 0.107916 -1.184624
v 5.519912 2.605173 -1.171150
v 5.464529 0.108002 -1.200448
v 5.464529 0.107916 -1.184624
v 5.464529 -0.243008 -1.202342
v 5.464529 -0.243093 -1.186518
v 5.417057 0.108002 -1.200448
v 5.417057 -0.243008 -1.202342
v 5.417057 0.107916 -1.184624
v 5.417057 -0.243093 -1.186518
v 5.361673 0.108002 -1.200448
v 5.361673 0.107916 -1.184624
v 5.361673 2.605259 -1.186974
v 5.361673 2.605173 -1.171150
v 5.071568 0.108002 -1.200448
v 5.016184 -0.243008 -1.202342
v 5.016184 0.108002 -1.200448
v 5.071568 2.605259 -1.186974
v 8.209979 0.108002 -1.200448
v 8.209979 2.605259 -1.186974
v 8.209979 0.107916 -1.184624
v 8.209979 2.605173 -1.171150
v 8.154595 0.108002 -1.200448
v 8.154595 0.107916 -1.184624
v 8.154595 -0.243008 -1.202342
v 8.154595 -0.243093 -1.186518
v 8.107124 0.108002 -1.200448
v 8.107124 -0.243008 -1.202342
v 8.107124 0.107916 -1.184624
v 8.107124 -0.243093 -1.186518
v 8.051740 0.108002 -1.200448
v 8.051740 0.107916 -1.184624
v 8.051740 2.605259 -1.186974
v 8.051740 2.605173 -1.171150
v 7.761635 0.108002 -1.200448
v 7.706251 -0.243008 -1.202342
v 7.706251 0.108002 -1.200448
v 7.761635 2.605259 -1.186974
v 10.003358 0.108002 -1.200448
v 10.003358 2.605259 -1.186974
v 10.003358 0.107916 -1.184624
v 10.003358 2.605173 -1.171150
v 9.947973 0.108002 -1.200448
v 9.947973 0.107916 -1.184624
v 9.947973 -0.243008 -1.202342
v 9.947973 -0.243093 -1.186518
v 9.900502 0.108002 -1.200448
v 9.900502 -0.243008 -1.202342
v 9.900502 0.107916 -1.184624
v 9.900502 -0.243093 -1.186518
v 9.845119 0.108002 -1.200448
v 9.845119 0.107916 -1.184624
v 9.845119 2.605259 -1.186974
v 9.845119 2.605173 -1.171150
v 9.555013 0.108002 -1.200448
v 9.499629 -0.243008 -1.202342
v 9.499629 0.108002 -1.200448
v 9.555013 2.605259 -1.186974
v 11.796735 0.108002 -1.200448
v 11.796735 2.605259 -1.186974
v 11.796735 0.107916 -1.184624
v 11.796735 2.605173 -1.171150
v 11.741351 0.108002 -1.200448
v 11.741351 0.107916 -1.184624
v 11.741351 -0.243008 -1.202342
v 11.741351 -0.243093 -1.186518
v 11.693880 0.108002 -1.200448
v 11.693880 -0.243008 -1.202342
v 11.693880 0.107916 -1.184624
v 11.693880 -0.243093 -1.186518
v 11.638495 0.108002 -1.200448
v 11.638495 0.107916 -1.184624
v 11.638495 2.605259 -1.186974
v 11.638495 2.605173 -1.171150
v 11.348392 0.108002 -1.200448
v 11.293008 -0.243008 -1.202342
v 11.293008 0.108002 -1.200448
v 11.348392 2.605259 -1.186974
v 13.590114 0.108002 -1.200448
v 13.590114 2.605259 -1.186974
v 13.590114 0.107916 -1.184624
v 13.590114 2.605173 -1.171150
v 13.534730 0.108002 -1.200448
v 13.534730 0.107916 -1.184624
v 13.534730 -0.243008 -1.202342
v 13.534730 -0.243093 -1.186518
v 13.487258 0.108002 -1.200448
v 13.487258 -0.243008 -1.202342
v 13.487258 0.107916 -1.184624
v 13.487258 -0.243093 -1.186518
v 13.431874 0.108002 -1.200448
v 13.431874 0.107916 -1.184624
v 13.431874 2.605259 -1.186974
v 13.431874 2.605173 -1.171150
v 13.141768 0.108002 -1.200448
v 13.086385 -0.243008 -1.202342
v 13.086385 0.108002 -1.200448
v 13.141768 2.605259 -1.186974
v 15.383492 0.108002 -1.200448
v 15.383492 2.605259 -1.186974
v 15.383492 0.107916 -1.184624
v 15.383492 2.605173 -1.171150
v 15.328109 0.108002 -1.200448
v 15.328109 0.107916 -1.184624
v 15.328109 -0.243008 -1.202342
v 15.328109 -0.243093 -1.186518
v 15.280636 0.108002 -1.200448
v 15.280636 -0.243008 -1.202342
v 15.280636 0.107916 -1.184624
v 15.280636 -0.243093 -1.186518
v 15.225253 0.108002 -1.200448
v 15.225253 0.107916 -1.184624
v 15.225253 2.605259 -1.186974
v 15.225253 2.605173 -1.171150
v 14.935147 0.108002 -1.200448
v 14.879764 -0.243008 -1.202342
v 14.879764 0.108002 -1.200448
v 14.935147 2.605259 -1.186974
v 17.625214 0.108002 -1.200448
v 17.625214 2.605259 -1.186974
v 17.625214 0.107916 -1.184624
v 17.625214 2.605173 -1.171150
v 17.569830 0.108002 -1.200448
v 17.569830 0.107916 -1.184624
v 17.569830 -0.243008 -1.202342
v 17.569830 -0.243093 -1.186518
v 17.522358 0.108002 -1.200448
v 17.522358 -0.243008 -1.202342
v 17.522358 0.107916 -1.184624
v 17.522358 -0.243093 -1.186518
v 17.121487 0.108002 -1.200448
v 17.121487 0.107916 -1.184624
v 17.121487 -0.243008 -1.202342
v 17.121487 -0.243093 -1.186518
v 17.074015 0.108002 -1.200448
v 17.074015 -0.243008 -1.202342
v 17.074015 0.107916 -1.184624
v 17.074015 -0.243093 -1.186518
v 17.018631 0.108002 -1.200448
v 17.018631 0.107916 -1.184624
v 17.018631 2.605259 -1.186974
v 17.018631 2.605173 -1.171150
v 16.728525 0.108002 -1.200448
v 16.673141 -0.243008 -1.202342
v 16.673141 0.108002 -1.200448
v 16.728525 2.605259 -1.186974
v 17.862574 -0.243008 -1.202342
v 17.862574 2.605259 -1.186974
v 15.831836 0.108002 -1.200448
v 15.831836 2.605259 -1.186974
v 15.831836 0.107916 -1.184624
v 15.831836 2.605173 -1.171150
v 15.776452 0.108002 -1.200448
v 15.776452 0.107916 -1.184624
v 15.776452 -0.243008 -1.202342
v 15.776452 -0.243093 -1.186518
v 15.728981 0.108002 -1.200448
v 15.728981 -0.243008 -1.202342
v 15.728981 0.107916 -1.184624
v 15.728981 -0.243093 -1.186518
v 15.673596 0.108002 -1.200448
v 15.673596 0.107916 -1.184624
v 15.673596 2.605259 -1.186974
v 15.673596 2.605173 -1.171150
v 14.038459 0.108002 -1.200448
v 14.038459 2.605259 -1.186974
v 14.038459 0.107916 -1.184624
v 14.038459 2.605173 -1.171150
v 13.983075 0.108002 -1.200448
v 13.983075 0.107916 -1.184624
v 13.983075 -0.243008 -1.202342
v 13.983075 -0.243093 -1.186518
v 13.935603 0.108002 -1.200448
v 13.935603 -0.243008 -1.202342
v 13.935603 0.107916 -1.184624
v 13.935603 -0.243093 -1.186518
v 13.880219 0.108002 -1.200448
v 13.880219 0.107916 -1.184624
v 13.880219 2.605259 -1.186974
v 13.880219 2.605173 -1.171150
v 12.245080 0.108002 -1.200448
v 12.245080 2.605259 -1.186974
v 12.245080 0.107916 -1.184624
v 12.245080 2.605173 -1.171150
v 12.189696 0.108002 -1.200448
v 12.189696 0.107916 -1.184624
v 12.189696 -0.243008 -1.202342
v 12.189696 -0.243093 -1.186518
v 12.142224 0.108002 -1.200448
v 12.142224 -0.243008 -1.202342
v 12.142224 0.107916 -1.184624
v 12.142224 -0.243093 -1.186518
v 12.086841 0.108002 -1.200448
v 12.086841 0.107916 -1.184624
v 12.086841 2.605259 -1.186974
v 12.086841 2.605173 -1.171150
v 10.451701 0.108002 -1.200448
v 10.451701 2.605259 -1.186974
v 10.451701 0.107916 -1.184624
v 10.451701 2.605173 -1.171150
v 10.396317 0.108002 -1.200448
v 10.396317 0.107916 -1.184624
v 10.396317 -0.243008 -1.202342
v 10.396317 -0.243093 -1.186518
v 10.348846 0.108002 -1.200448
v 10.348846 -0.243008 -1.202342
v 10.348846 0.107916 -1.184624
v 10.348846 -0.243093 -1.186518
v 10.293462 0.108002 -1.200448
v 10.293462 0.107916 -1.184624
v 10.293462 2.605259 -1.186974
v 10.293462 2.605173 -1.171150
v 8.658324 0.108002 -1.200448
v 8.658324 2.605259 -1.186974
v 8.658324 0.107916 -1.184624
v 8.658324 2.605173 -1.171150
v 8.602940 0.108002 -1.200448
v 8.602940 0.107916 -1.184624
v 8.602940 -0.243008 -1.202342
v 8.602940 -0.243093 -1.186518
v 8.555469 0.108002 -1.200448
v 8.555469 -0.243008 -1.202342
v 8.555469 0.107916 -1.184624
v 8.555469 -0.243093 -1.186518
v 8.500085 0.108002 -1.200448
v 8.500085 0.107916 -1.184624
v 8.500085 2.605259 -1.186974
v 8.500085 2.605173 -1.171150
v 5.968257 0.108002 -1.200448
v 5.968257 2.605259 -1.186974
v 5.968257 0.107916 -1.184624
v 5.968257 2.605173 -1.171150
v 5.912873 0.108002 -1.200448
v 5.912873 0.107916 -1.184624
v 5.912873 -0.243008 -1.202342
v 5.912873 -0.243093 -1.186518
v 5.865401 0.108002 -1.200448
v 5.865401 -0.243008 -1.202342
v 5.865401 0.107916 -1.184624
v 5.865401 -0.243093 -1.186518
v 5.810018 0.108002 -1.200448
v 5.810018 0.107916 -1.184624
v 5.810018 2.605259 -1.186974
v 5.810018 2.605173 -1.171150
v 4.174879 0.108002 -1.200448
v 4.174879 2.605259 -1.186974
v 4.174879 0.107916 -1.184624
v 4.174879 2.605173 -1.171150
v 4.119495 0.108002 -1.200448
v 4.119495 0.107916 -1.184624
v 4.119495 -0.243008 -1.202342
v 4.119495 -0.243093 -1.186518
v 4.072023 0.108002 -1.200448
v 4.072023 -0.243008 -1.202342
v 4.072023 0.107916 -1.184624
v 4.072023 -0.243093 -1.186518
v 4.016640 0.108002 -1.200448
v 4.016640 0.107916 -1.184624
v 4.016640 2.605259 -1.186974
v 4.016640 2.605173 -1.171150
v 2.381500 0.108002 -1.200448
v 2.381500 2.605259 -1.186974
v 2.381500 0.107916 -1.184624
v 2.381500 2.605173 -1.171150
v 2.326117 0.108002 -1.200448
v 2.326117 0.107916 -1.184624
v 2.326117 -0.243008 -1.202342
v 2.326117 -0.243093 -1.186518
v 2.278645 0.108002 -1.200448
v 2.278645 -0.243008 -1.202342
v 2.278645 0.107916 -1.184624
v 2.278645 -0.243093 -1.186518
v 2.223261 0.108002 -1.200448
v 2.223261 0.107916 -1.184624
v 2.223261 2.605259 -1.186974
v 2.223261 2.605173 -1.171150
v 0.588122 0.108002 -1.200448
v 0.588122 2.605259 -1.186974
v 0.588122 0.107916 -1.184624
v 0.588122 2.605173 -1.171150
v 0.532739 0.108002 -1.200448
v 0.532739 0.107916 -1.184624
v 0.532739 -0.243008 -1.202342
v 0.532739 -0.243093 -1.186518
v 0.485267 0.108002 -1.200448
v 0.485267 -0.243008 -1.202342
v 0.485267 0.107916 -1.184624
v 0.485267 -0.243093 -1.186518
v 0.429883 0.108002 -1.200448
v 0.429883 0.107916 -1.184624
v 0.429883 2.605259 -1.186974
v 0.429883 2.605173 -1.171150
v -1.205256 0.108002 -1.200448
v -1.205256 2.605259 -1.186974
v -1.205256 0.107916 -1.184624
v -1.205256 2.605173 -1.171150
v -1.260639 0.108002 -1.200448
v -1.260639 0.107916 -1.184624
v -1.260639 -0.243008 -1.202342
v -1.260639 -0.243093 -1.186518
v -1.308111 0.108002 -1.200448
v -1.308111 -0.243008 -1.202342
v -1.308111 0.107916 -1.184624
v -1.308111 -0.243093 -1.186518
v -1.363495 0.108002 -1.200448
v -1.363495 0.107916 -1.184624
v -1.363495 2.605259 -1.186974
v -1.363495 2.605173 -1.171150
v -2.998634 0.108002 -1.200448
v -2.998634 2.605259 -1.186974
v -2.998634 0.107916 -1.184624
v -2.998634 2.605173 -1.171150
v -3.054018 0.108002 -1.200448
v -3.054018 0.107916 -1.184624
v -3.054018 -0.243008 -1.202342
v -3.054018 -0.243093 -1.186518
v -3.101489 0.108002 -1.200448
v -3.101489 -0.243008 -1.202342
v -3.101489 0.107916 -1.184624
v -3.101489 -0.243093 -1.186518
v -3.156873 0.108002 -1.200448
v -3.156873 0.107916 -1.184624
v -3.156873 2.605259 -1.186974
v -3.156873 2.605173 -1.171150
v -2.101945 0.107916 -1.184624
v -2.101945 2.605173 -1.171150
v -2.157329 0.107916 -1.184624
v -2.157329 -0.243093 -1.186518
v -2.204800 0.108002 -1.200448
v -2.204800 -0.243008 -1.202342
v -2.204800 0.107916 -1.184624
v -2.204800 -0.243093 -1.186518
v -2.260184 0.108002 -1.200448
v -2.260184 0.107916 -1.184624
v -2.260184 2.605259 -1.186974
v -2.260184 2.605173 -1.171150
v -2.550289 0.108002 -1.200448
v -2.605673 -0.243008 -1.202342
v -2.605673 0.108002 -1.200448
v -2.550289 2.605259 -1.186974
v -0.308567 0.107916 -1.184624
v -0.308567 2.605173 -1.171150
v -0.363950 0.107916 -1.184624
v -0.363950 -0.243093 -1.186518
v -0.411422 0.108002 -1.200448
v -0.411422 -0.243008 -1.202342
v -0.411422 0.107916 -1.184624
v -0.411422 -0.243093 -1.186518
v -0.466806 0.108002 -1.200448
v -0.466806 0.107916 -1.184624
v -0.466806 2.605259 -1.186974
v -0.466806 2.605173 -1.171150
v -0.756911 0.108002 -1.200448
v -0.812295 -0.243008 -1.202342
v -0.812295 0.108002 -1.200448
v -0.756911 2.605259 -1.186974
v 1.484811 0.107916 -1.184624
v 1.484811 2.605173 -1.171150
v 1.429428 0.107916 -1.184624
v 1.429428 -0.243093 -1.186518
v 1.381956 0.108002 -1.200448
v 1.381956 -0.243008 -1.202342
v 1.381956 0.107916 -1.184624
v 1.381956 -0.243093 -1.186518
v 1.326572 0.108002 -1.200448
v 1.326572 0.107916 -1.184624
v 1.326572 2.605259 -1.186974
v 1.326572 2.605173 -1.171150
v 1.036467 0.108002 -1.200448
v 0.981083 -0.243008 -1.202342
v 0.981083 0.108002 -1.200448
v 1.036467 2.605259 -1.186974
v 3.278189 0.107916 -1.184624
v 3.278189 2.605173 -1.171150
v 3.222806 0.107916 -1.184624
v 3.222806 -0.243093 -1.186518
v 3.175334 0.108002 -1.200448
v 3.175334 -0.243008 -1.202342
v 3.175334 0.107916 -1.184624
v 3.175334 -0.243093 -1.186518
v 3.119950 0.108002 -1.200448
v 3.119950 0.107916 -1.184624
v 3.119950 2.605259 -1.186974
v 3.119950 2.605173 -1.171150
v 2.829845 0.108002 -1.200448
v 2.774461 -0.243008 -1.202342
v 2.774461 0.108002 -1.200448
v 2.829845 2.605259 -1.186974
v 5.071568 0.107916 -1.184624
v 5.071568 2.605173 -1.171150
v 5.016184 0.107916 -1.184624
v 5.016184 -0.243093 -1.186518
v 4.968712 0.108002 -1.200448
v 4.968712 -0.243008 -1.202342
v 4.968712 0.107916 -1.184624
v 4.968712 -0.243093 -1.186518
v 4.913329 0.108002 -1.200448
v 4.913329 0.107916 -1.184624
v 4.913329 2.605259 -1.186974
v 4.913329 2.605173 -1.171150
v 4.623223 0.108002 -1.200448
v 4.567839 -0.243008 -1.202342
v 4.567839 0.108002 -1.200448
v 4.623223 2.605259 -1.186974
v 7.761635 0.107916 -1.184624
v 7.761635 2.605173 -1.171150
v 7.706251 0.107916 -1.184624
v 7.706251 -0.243093 -1.186518
v 7.658779 0.108002 -1.200448
v 7.658779 -0.243008 -1.202342
v 7.658779 0.107916 -1.184624
v 7.658779 -0.243093 -1.186518
v 7.603395 0.108002 -1.200448
v 7.603395 0.107916 -1.184624
v 7.603395 2.605259 -1.186974
v 7.603395 2.605173 -1.171150
v 7.313291 0.108002 -1.200448
v 7.257906 -0.243008 -1.202342
v 7.257906 0.108002 -1.200448
v 7.313291 2.605259 -1.186974
v 9.555013 0.107916 -1.184624
v 9.555013 2.605173 -1.171150
v 9.499629 0.107916 -1.184624
v 9.499629 -0.243093 -1.186518
v 9.452158 0.108002 -1.200448
v 9.452158 -0.243008 -1.202342
v 9.452158 0.107916 -1.184624
v 9.452158 -0.243093 -1.186518
v 9.396773 0.108002 -1.200448
v 9.396773 0.107916 -1.184624
v 9.396773 2.605259 -1.186974
v 9.396773 2.605173 -1.171150
v 9.106668 0.108002 -1.200448
v 9.051285 -0.243008 -1.202342
v 9.051285 0.108002 -1.200448
v 9.106668 2.605259 -1.186974
v 11.348392 0.107916 -1.184624
v 11.348392 2.605173 -1.171150
v 11.293008 0.107916 -1.184624
v 11.293008 -0.243093 -1.186518
v 11.245536 0.108002 -1.200448
v 11.245536 -0.243008 -1.202342
v 11.245536 0.107916 -1.184624
v 11.245536 -0.243093 -1.186518
v 11.190152 0.108002 -1.200448
v 11.190152 0.107916 -1.184624
v 11.190152 2.605259 -1.186974
v 11.190152 2.605173 -1.171150
v 10.900046 0.108002 -1.200448
v 10.844663 -0.243008 -1.202342
v 10.844663 0.108002 -1.200448
v 10.900046 2.605259 -1.186974
v 13.141768 0.107916 -1.184624
v 13.141768 2.605173 -1.171150
v 13.086385 0.107916 -1.184624
v 13.086385 -0.243093 -1.186518
v 13.038914 0.108002 -1.200448
v 13.038914 -0.243008 -1.202342
v 13.038914 0.107916 -1.184624
v 13.038914 -0.243093 -1.186518
v 12.983529 0.108002 -1.200448
v 12.983529 0.107916 -1.184624
v 12.983529 2.605259 -1.186974
v 12.983529 2.605173 -1.171150
v 12.693425 0.108002 -1.200448
v 12.638041 -0.243008 -1.202342
v 12.638041 0.108002 -1.200448
v 12.693425 2.605259 -1.186974
v 14.935147 0.107916 -1.184624
v 14.935147 2.605173 -1.171150
v 14.879764 0.107916 -1.184624
v 14.879764 -0.243093 -1.186518
v 14.832292 0.108002 -1.200448
v 14.832292 -0.243008 -1.202342
v 14.832292 0.107916 -1.184624
v 14.832292 -0.243093 -1.186518
v 14.776908 0.108002 -1.200448
v 14.776908 0.107916 -1.184624
v 14.776908 2.605259 -1.186974
v 14.776908 2.605173 -1.171150
v 14.486802 0.108002 -1.200448
v 14.431418 -0.243008 -1.202342
v 14.431418 0.108002 -1.200448
v 14.486802 2.605259 -1.186974
v 16.728525 0.107916 -1.184624
v 16.728525 2.605173 -1.171150
v 16.673141 0.107916 -1.184624
v 16.673141 -0.243093 -1.186518
v 16.625669 0.108002 -1.200448
v 16.625669 -0.243008 -1.202342
v 16.625669 0.107916 -1.184624
v 16.625669 -0.243093 -1.186518
v 16.570286 0.108002 -1.200448
v 16.570286 0.107916 -1.184624
v 16.570286 2.605259 -1.186974
v 16.570286 2.605173 -1.171150
v 16.280180 0.108002 -1.200448
v 16.224796 -0.243008 -1.202342
v 16.224796 0.108002 -1.200448
v 16.280180 2.605259 -1.186974
v 16.280180 0.107916 -1.184624
v 16.280180 2.605173 -1.171150
v 16.224796 0.107916 -1.184624
v 16.224796 -0.243093 -1.186518
v 16.177324 0.108002 -1.200448
v 16.177324 -0.243008 -1.202342
v 16.177324 0.107916 -1.184624
v 16.177324 -0.243093 -1.186518
v 16.121941 0.108002 -1.200448
v 16.121941 0.107916 -1.184624
v 16.121941 2.605259 -1.186974
v 16.121941 2.605173 -1.171150
v 14.486802 0.107916 -1.184624
v 14.486802 2.605173 -1.171150
v 14.431418 0.107916 -1.184624
v 14.431418 -0.243093 -1.186518
v 14.383947 0.108002 -1.200448
v 14.383947 -0.243008 -1.202342
v 14.383947 0.107916 -1.184624
v 14.383947 -0.243093 -1.186518
v 14.328563 0.108002 -1.200448
v 14.328563 0.107916 -1.184624
v 14.328563 2.605259 -1.186974
v 14.328563 2.605173 -1.171150
v 12.693425 0.107916 -1.184624
v 12.693425 2.605173 -1.171150
v 12.638041 0.107916 -1.184624
v 12.638041 -0.243093 -1.186518
v 12.590569 0.108002 -1.200448
v 12.590569 -0.243008 -1.202342
v 12.590569 0.107916 -1.184624
v 12.590569 -0.243093 -1.186518
v 12.535186 0.108002 -1.200448
v 12.535186 0.107916 -1.184624
v 12.535186 2.605259 -1.186974
v 12.535186 2.605173 -1.171150
v 10.900046 0.107916 -1.184624
v 10.900046 2.605173 -1.171150
v 10.844663 0.107916 -1.184624
v 10.844663 -0.243093 -1.186518
v 10.797191 0.108002 -1.200448
v 10.797191 -0.243008 -1.202342
v 10.797191 0.107916 -1.184624
v 10.797191 -0.243093 -1.186518
v 10.741807 0.108002 -1.200448
v 10.741807 0.107916 -1.184624
v 10.741807 2.605259 -1.186974
v 10.741807 2.605173 -1.171150
v 9.106668 0.107916 -1.184624
v 9.106668 2.605173 -1.171150
v 9.051285 0.107916 -1.184624
v 9.051285 -0.243093 -1.186518
v 9.003813 0.108002 -1.200448
v 9.003813 -0.243008 -1.202342
v 9.003813 0.107916 -1.184624
v 9.003813 -0.243093 -1.186518
v 8.948429 0.108002 -1.200448
v 8.948429 0.107916 -1.184624
v 8.948429 2.605259 -1.186974
v 8.948429 2.605173 -1.171150
v 7.313291 0.107916 -1.184624
v 7.313291 2.605173 -1.171150
v 7.257906 0.107916 -1.184624
v 7.257906 -0.243093 -1.186518
v 7.210435 0.108002 -1.200448
v 7.210435 -0.243008 -1.202342
v 7.210435 0.107916 -1.184624
v 7.210435 -0.243093 -1.186518
v 6.809562 0.108002 -1.200448
v 6.809562 0.107916 -1.184624
v 6.809562 -0.243008 -1.202342
v 6.809562 -0.243093 -1.186518
v 6.762091 0.108002 -1.200448
v 6.762091 -0.243008 -1.202342
v 6.762091 0.107916 -1.184624
v 6.762091 -0.243093 -1.186518
v 6.361218 0.108002 -1.200448
v 6.361218 0.107916 -1.184624
v 6.361218 -0.243008 -1.202342
v 6.361218 -0.243093 -1.186518
v 6.313745 0.108002 -1.200448
v 6.313745 -0.243008 -1.202342
v 6.313745 0.107916 -1.184624
v 6.313745 -0.243093 -1.186518
v 6.258362 0.108002 -1.200448
v 6.258362 0.107916 -1.184624
v 6.258362 2.605259 -1.186974
v 6.258362 2.605173 -1.171150
v 4.623223 0.107916 -1.184624
v 4.623223 2.605173 -1.171150
v 4.567839 0.107916 -1.184624
v 4.567839 -0.243093 -1.186518
v 4.520368 0.108002 -1.200448
v 4.520368 -0.243008 -1.202342
v 4.520368 0.107916 -1.184624
v 4.520368 -0.243093 -1.186518
v 4.464984 0.108002 -1.200448
v 4.464984 0.107916 -1.184624
v 4.464984 2.605259 -1.186974
v 4.464984 2.605173 -1.171150
v 2.829845 0.107916 -1.184624
v 2.829845 2.605173 -1.171150
v 2.774461 0.107916 -1.184624
v 2.774461 -0.243093 -1.186518
v 2.726990 0.108002 -1.200448
v 2.726990 -0.243008 -1.202342
v 2.726990 0.107916 -1.184624
v 2.726990 -0.243093 -1.186518
v 2.671606 0.108002 -1.200448
v 2.671606 0.107916 -1.184624
v 2.671606 2.605259 -1.186974
v 2.671606 2.605173 -1.171150
v 1.036467 0.107916 -1.184624
v 1.036467 2.605173 -1.171150
v 0.981083 0.107916 -1.184624
v 0.981083 -0.243093 -1.186518
v 0.933611 0.108002 -1.200448
v 0.933611 -0.243008 -1.202342
v 0.933611 0.107916 -1.184624
v 0.933611 -0.243093 -1.186518
v 0.878228 0.108002 -1.200448
v 0.878228 0.107916 -1.184624
v 0.878228 2.605259 -1.186974
v 0.878228 2.605173 -1.171150
v -0.756911 0.107916 -1.184624
v -0.756911 2.605173 -1.171150
v -0.812295 0.107916 -1.184624
v -0.812295 -0.243093 -1.186518
v -0.859767 0.108002 -1.200448
v -0.859767 -0.243008 -1.202342
v -0.859767 0.107916 -1.184624
v -0.859767 -0.243093 -1.186518
v -0.915150 0.108002 -1.200448
v -0.915150 0.107916 -1.184624
v -0.915150 2.605259 -1.186974
v -0.915150 2.605173 -1.171150
v -2.550289 0.107916 -1.184624
v -2.550289 2.605173 -1.171150
v -2.605673 0.107916 -1.184624
v -2.605673 -0.243093 -1.186518
v -2.653145 0.108002 -1.200448
v -2.653145 -0.243008 -1.202342
v -2.653145 0.107916 -1.184624
v -2.653145 -0.243093 -1.186518
v -2.708529 0.108002 -1.200448
v -2.708529 0.107916 -1.184624
v -2.708529 2.605259 -1.186974
v -2.708529 2.605173 -1.171150
v 17.783953 22.123474 0.240907
v 17.895733 22.115194 0.283498
v 17.692486 22.128822 0.281992
v 17.886099 22.103504 0.324723
v 17.692905 22.117258 0.321993
v 17.870436 22.084656 0.363064
v 17.693558 22.098352 0.359705
v 17.849180 22.059177 0.397460
v 17.694395 22.072325 0.394164
v 17.823137 22.028038 0.426646
v 17.695358 22.039894 0.423989
v 17.793125 21.992222 0.449783
v 17.696398 22.001905 0.448074
v 17.697474 21.959579 0.465277
v 17.655710 21.964445 0.466136
v 17.680658 21.916536 0.475125
v 17.669537 22.136009 0.240974
v 17.558651 22.152128 0.283697
v 17.565538 22.138632 0.324913
v 17.576738 22.116846 0.363238
v 17.591946 22.087378 0.397612
v 17.610590 22.051348 0.426772
v 17.632095 22.009886 0.449879
v 17.556334 22.156830 0.241087
v 17.698568 21.914516 0.474935
v 17.699377 21.880651 0.476959
v 17.725382 21.911564 0.475089
v 17.760164 21.952950 0.466064
v 17.761002 22.138548 -2.211732
v 17.783953 22.149940 -4.664439
v 17.669537 22.162476 -4.664371
v 17.898979 22.145754 -4.664462
v 17.556334 22.183296 -4.664259
v 17.895735 22.142124 -4.707116
v 17.692451 22.156591 -4.700371
v 17.558651 22.179058 -4.706917
v 17.692776 22.148079 -4.735741
v 17.886118 22.130898 -4.748414
v 17.693289 22.133877 -4.769615
v 17.870449 22.112457 -4.786982
v 17.693958 22.114107 -4.801393
v 17.849249 22.087418 -4.821587
v 17.694746 22.089138 -4.830155
v 17.823214 22.056604 -4.851144
v 17.695616 22.059347 -4.855158
v 17.793186 22.021021 -4.874646
v 17.696531 22.025429 -4.875511
v 17.760254 21.981960 -4.891381
v 17.697470 21.988564 -4.890532
v 17.698566 21.943556 -4.900734
v 17.680658 21.945543 -4.900876
v 17.725431 21.940628 -4.900902
v 17.655666 21.993437 -4.891319
v 17.632051 22.038696 -4.874551
v 17.610535 22.079927 -4.851018
v 17.591894 22.115631 -4.821434
v 17.576729 22.144650 -4.786808
v 17.565525 22.166029 -4.748224
v 21.895037 22.145754 -4.664462
v 19.297714 22.110868 0.302273
v 17.999056 22.110868 0.302273
v 19.297714 22.086847 0.359390
v 20.596375 22.086847 0.359390
v 20.596375 22.048862 0.408345
v 21.895037 22.048862 0.408345
v 21.895037 21.999500 0.445800
v 20.596375 21.999500 0.445800
v 21.895037 21.942127 0.469203
v 20.596375 21.942127 0.469203
v 21.895037 21.880651 0.476959
v 19.297714 21.942127 0.469203
v 17.999056 21.942127 0.469203
v 17.999056 21.999500 0.445800
v 19.297714 21.999500 0.445800
v 19.297714 22.048862 0.408345
v 17.999056 22.086847 0.359390
v 17.999056 22.048862 0.408345
v 21.895037 22.086847 0.359390
v 20.596375 22.110868 0.302273
v 21.895037 22.110868 0.302273
v 17.673943 21.886303 0.476990
v 16.757557 22.136637 0.473618
v 15.965722 22.256872 0.478989
v 15.860275 22.325953 0.474640
v 15.536304 22.338083 0.479427
v 15.552731 22.382902 0.474947
v 15.241885 22.427221 0.475186
v 15.560285 22.427401 0.461346
v 15.247006 22.472048 0.461587
v 15.564766 22.453815 0.448251
v 15.250042 22.498661 0.448493
v 15.571185 22.491667 0.420919
v 15.254383 22.536793 0.421162
v 15.576570 22.523506 0.386571
v 15.258030 22.568869 0.386816
v 15.580682 22.548018 0.346544
v 15.260844 22.593554 0.346790
v 15.583366 22.564203 0.302361
v 15.262702 22.609850 0.302608
v 15.509660 22.584229 0.243393
v 15.077967 22.635124 0.243667
v 16.767176 22.180733 0.460015
v 15.869005 22.370237 0.461037
v 16.772879 22.206909 0.446919
v 15.874182 22.396526 0.447942
v 16.781044 22.244419 0.419585
v 15.881595 22.434196 0.420609
v 16.787897 22.275972 0.385236
v 15.887815 22.465883 0.386260
v 16.793154 22.300261 0.345207
v 15.892581 22.490274 0.346232
v 16.796602 22.316299 0.301024
v 15.895704 22.506382 0.302049
v 15.927199 22.508097 0.242982
v 14.947135 22.635954 0.302748
v 14.648761 22.654131 0.243770
v 14.636328 22.646530 0.302806
v 14.636017 22.630123 0.346987
v 14.635561 22.605270 0.387012
v 14.634991 22.572981 0.421358
v 14.634316 22.534594 0.448687
v 14.633842 22.507803 0.461780
v 14.633039 22.462673 0.475377
v 14.939876 22.497417 0.461723
v 14.937498 22.452353 0.475322
v 14.665998 22.415079 0.479842
v 15.103006 22.393749 0.479727
v 14.946297 22.619566 0.346930
v 14.945007 22.594749 0.386955
v 14.943311 22.562504 0.421301
v 14.941287 22.524170 0.448631
v -4.212301 22.149940 -4.664439
v -4.324081 22.142120 -4.707116
v -4.120833 22.155731 -4.705463
v -4.314447 22.130877 -4.748466
v -4.121252 22.144600 -4.745588
v -4.298784 22.112442 -4.787008
v -4.121905 22.126101 -4.783501
v -4.277528 22.087336 -4.821676
v -4.122743 22.100447 -4.818239
v -4.251485 22.056515 -4.851197
v -4.123706 22.068342 -4.848412
v -4.221472 22.020948 -4.874719
v -4.124746 22.030613 -4.872906
v -4.125821 21.988476 -4.890564
v -4.084059 21.993351 -4.891370
v -4.109006 21.945543 -4.900876
v -4.097884 22.162476 -4.664371
v -3.987000 22.179054 -4.706917
v -3.993886 22.166004 -4.748276
v -4.005085 22.144632 -4.786834
v -4.020293 22.115536 -4.821524
v -4.038938 22.079823 -4.851071
v -4.060442 22.038614 -4.874624
v -3.984681 22.183296 -4.664259
v -4.126915 21.943521 -4.900708
v -4.153731 21.940571 -4.900894
v -4.188512 21.981855 -4.891423
v -4.120689 22.145430 -2.093038
v -4.212301 22.123474 0.240907
v -4.097884 22.136009 0.240974
v -4.327326 22.119287 0.240884
v -3.984681 22.156830 0.241087
v -3.987000 22.152128 0.283697
v -4.188374 22.121422 0.281952
v -3.993886 22.138632 0.324913
v -4.185472 22.110220 0.321955
v -4.005085 22.116846 0.363238
v -4.180727 22.091904 0.359670
v -4.020293 22.087378 0.397612
v -4.174245 22.066679 0.394134
v -4.038938 22.051348 0.426772
v -4.166247 22.035231 0.423964
v -4.060442 22.009886 0.449879
v -4.156966 21.998371 0.448055
v -4.084059 21.964445 0.466136
v -4.146715 21.957281 0.465266
v -4.109006 21.916536 0.475125
v -4.135860 21.913523 0.474931
v -4.127725 21.880651 0.476959
v -4.324081 22.115194 0.283498
v -4.314447 22.103504 0.324723
v -4.298784 22.084656 0.363064
v -4.277528 22.059177 0.397460
v -4.251485 22.028038 0.426646
v -4.221472 21.992222 0.449783
v -4.188512 21.952950 0.466064
v -4.153731 21.911564 0.475089
v -8.323384 22.119287 0.240884
v -5.854193 22.137997 -4.725937
v -4.619597 22.137997 -4.725937
v -5.854193 22.114595 -4.783310
v -4.619597 22.114595 -4.783310
v -5.854193 22.077139 -4.832672
v -4.619597 22.077139 -4.832672
v -5.854193 22.028185 -4.870657
v -4.619597 22.028185 -4.870657
v -5.854193 21.971067 -4.894678
v -4.619597 21.971067 -4.894678
v -7.088789 21.971067 -4.894678
v -8.323384 21.971067 -4.894678
v -7.088789 22.028185 -4.870657
v -8.323384 22.028185 -4.870657
v -7.088789 22.077139 -4.832672
v -8.323384 22.077139 -4.832672
v -7.088789 22.114595 -4.783310
v -8.323384 22.114595 -4.783310
v -7.088789 22.137997 -4.725937
v -8.323384 22.137997 -4.725937
v -3.809060 22.040863 -4.894871
v -2.890161 22.242191 -4.893785
v -3.818630 22.083998 -4.878466
v -2.899486 22.285381 -4.877379
v -3.827312 22.123074 -4.853616
v -2.907947 22.324505 -4.852530
v -3.834774 22.156601 -4.821328
v -2.915220 22.358076 -4.820241
v -3.840726 22.183279 -4.782940
v -2.921018 22.384789 -4.781853
v -3.843588 22.196060 -4.756148
v -2.923802 22.397585 -4.755061
v -3.846580 22.209330 -4.711017
v -2.926713 22.410873 -4.709929
v -2.355434 22.534437 -4.662364
v -2.308732 22.539093 -4.709238
v -1.937419 22.610832 -4.661952
v -1.970702 22.600925 -4.708904
v -1.710513 22.637901 -4.708704
v -1.708872 22.624401 -4.753837
v -1.446242 22.648022 -4.753709
v -1.445384 22.634960 -4.780503
v -0.860562 22.652096 -4.780411
v -0.860381 22.624767 -4.818802
v -1.505137 22.661966 -4.661676
v -1.447140 22.661587 -4.708577
v -0.860653 22.665190 -4.753617
v -1.076506 22.680613 -4.661576
v -0.860749 22.678787 -4.708484
v -0.860158 22.590420 -4.851095
v -0.859900 22.550394 -4.875949
v -0.859613 22.506212 -4.892361
v -1.435843 22.489410 -4.892451
v -1.438726 22.533491 -4.876040
v -1.695308 22.510416 -4.876165
v -1.700016 22.550163 -4.851312
v -1.956310 22.513727 -4.851508
v -1.961907 22.547617 -4.819218
v -2.298211 22.486097 -4.819550
v -2.303515 22.512911 -4.781161
v -1.690113 22.466543 -4.892575
v -1.949798 22.474230 -4.876360
v -2.291562 22.452398 -4.851839
v -1.942626 22.430632 -4.892768
v -2.283826 22.413126 -4.876690
v -2.275298 22.369774 -4.893097
v -2.306066 22.525755 -4.754369
v -1.968481 22.587507 -4.754036
v -1.966357 22.574585 -4.780829
v -1.704063 22.584267 -4.819020
v -1.441343 22.573427 -4.851186
v -1.707303 22.611404 -4.780630
v -1.443592 22.607695 -4.818894
v -2.355215 22.508078 0.242982
v -1.937346 22.584332 0.243393
v -1.505483 22.635185 0.243668
v -1.076614 22.654142 0.243770
v 15.927384 22.534628 -4.662363
v 16.393667 22.433485 -4.709807
v 17.084251 22.283043 -4.710619
v 17.081278 22.269768 -4.755750
v 17.078434 22.256985 -4.782542
v 17.072517 22.230299 -4.820930
v 16.388006 22.407391 -4.781731
v 16.382236 22.380671 -4.820119
v 15.545321 22.573269 -4.780836
v 15.540856 22.546307 -4.819225
v 15.190328 22.621122 -4.780578
v 15.187616 22.593925 -4.818968
v 14.833512 22.644285 -4.780453
v 14.832475 22.616976 -4.818844
v 14.370953 22.652330 -4.780409
v 14.370834 22.625000 -4.818800
v 14.370686 22.590656 -4.851093
v 14.370513 22.550631 -4.875948
v 14.370322 22.506449 -4.892360
v 14.828003 22.498505 -4.892403
v 15.175900 22.475954 -4.892524
v 15.521555 22.429331 -4.892776
v 16.357292 22.264753 -4.893664
v 17.046959 22.114525 -4.894475
v 16.366573 22.307955 -4.877258
v 17.056471 22.157673 -4.878069
v 16.374998 22.347090 -4.852407
v 17.065100 22.196760 -4.853219
v 14.371012 22.665422 -4.753615
v 14.834014 22.657368 -4.753659
v 15.191631 22.634150 -4.753784
v 15.547467 22.586185 -4.754043
v 16.390772 22.420191 -4.754939
v 14.371072 22.679020 -4.708483
v 14.834539 22.670954 -4.708526
v 15.192996 22.647680 -4.708652
v 15.549709 22.599600 -4.708911
v 14.648166 22.680473 -4.661576
v 15.077024 22.662212 -4.661675
v 15.509246 22.610695 -4.661953
v 15.528739 22.472925 -4.876368
v 15.180261 22.519918 -4.876114
v 14.829668 22.542656 -4.875992
v 15.535254 22.512419 -4.851515
v 15.184216 22.559750 -4.851260
v 14.831177 22.582653 -4.851137
v 0.583727 22.470507 0.124925
v 1.824147 22.470507 0.124925
v 3.064567 22.470507 0.124925
v 3.064567 22.446486 0.182043
v 4.304986 22.446486 0.182043
v 4.304986 22.408501 0.230998
v 5.545406 22.408501 0.230998
v 5.545406 22.359138 0.268452
v 6.785826 22.359138 0.268452
v 6.785826 22.301765 0.291856
v 8.026246 22.301765 0.291856
v 9.266666 22.301765 0.291856
v 10.507086 22.301765 0.291856
v 9.266666 22.359138 0.268452
v 10.507086 22.359138 0.268452
v 9.266666 22.408501 0.230998
v 10.507086 22.408501 0.230998
v 9.266666 22.446486 0.182043
v 10.507086 22.446486 0.182043
v 9.266666 22.470507 0.124925
v 10.507086 22.470507 0.124925
v 11.747505 22.470507 0.124925
v 12.987925 22.470507 0.124925
v 12.987925 22.446486 0.182043
v 12.987925 22.408501 0.230998
v 12.987925 22.359138 0.268452
v 12.987925 22.301765 0.291856
v 11.747505 22.301765 0.291856
v 0.583727 22.446486 0.182043
v 0.583727 22.408501 0.230998
v 0.583727 22.359138 0.268452
v 0.583727 22.301765 0.291856
v 5.545406 22.301765 0.291856
v 4.304986 22.301765 0.291856
v 4.304986 22.359138 0.268452
v 3.064567 22.359138 0.268452
v 3.064567 22.408501 0.230998
v 1.824147 22.408501 0.230998
v 1.824147 22.446486 0.182043
v 6.785826 22.470507 0.124925
v 8.026246 22.470507 0.124925
v 4.304986 22.470507 0.124925
v 5.545406 22.470507 0.124925
v 6.785826 22.446486 0.182043
v 8.026246 22.446486 0.182043
v 8.026246 22.408501 0.230998
v 5.545406 22.446486 0.182043
v 11.747505 22.446486 0.182043
v 11.747505 22.408501 0.230998
v 11.747505 22.359138 0.268452
v 6.785826 22.408501 0.230998
v 1.824147 22.359138 0.268452
v 1.824147 22.301765 0.291856
v 8.026246 22.359138 0.268452
v 3.064567 22.301765 0.291856
v -8.629827 21.735929 -4.895947
v -8.598133 21.812443 -4.895534
v -8.547716 21.878147 -4.895179
v -8.482011 21.928564 -4.894907
v -8.405496 21.960257 -4.894736
v -8.420312 22.015425 -4.870726
v -8.433035 22.062704 -4.832749
v -8.442798 22.098873 -4.783395
v -8.448935 22.121469 -4.726026
v -8.685123 21.750618 -4.872155
v -8.647711 21.840939 -4.871667
v -8.588195 21.918499 -4.871249
v -8.510634 21.978012 -4.870928
v -8.732606 21.763136 -4.834366
v -8.690283 21.865314 -4.833815
v -8.622956 21.953054 -4.833341
v -8.535213 22.020382 -4.832978
v -8.769042 21.772635 -4.785156
v -8.722950 21.883909 -4.784555
v -8.649628 21.979462 -4.784039
v -8.554073 22.052782 -4.783644
v -8.791946 21.778463 -4.727877
v -8.743485 21.895456 -4.727245
v -8.666395 21.995920 -4.726704
v -8.565930 22.073009 -4.726287
v -8.323384 21.880651 0.476959
v -5.913533 21.942127 0.469203
v -4.708606 21.942127 0.469203
v -4.708606 21.999500 0.445800
v -4.708606 22.048862 0.408345
v -4.708606 22.086847 0.359390
v -4.708606 22.110868 0.302273
v -5.913533 22.110868 0.302273
v -7.118458 22.110868 0.302273
v -8.323384 22.110868 0.302273
v -7.118458 22.086847 0.359390
v -8.323384 22.086847 0.359390
v -7.118458 22.048862 0.408345
v -8.323384 22.048862 0.408345
v -7.118458 21.999500 0.445800
v -8.323384 21.999500 0.445800
v -7.118458 21.942127 0.469203
v -8.323384 21.942127 0.469203
v -5.913533 21.999500 0.445800
v -5.913533 22.048862 0.408345
v -5.913533 22.086847 0.359390
v -8.808475 21.625784 0.299655
v -8.799758 21.753757 0.238912
v -8.791946 21.751333 0.300333
v -8.750489 21.872702 0.239554
v -8.743485 21.868326 0.300964
v -8.672114 21.974840 0.240105
v -8.666395 21.968790 0.301506
v -8.569974 22.053215 0.240528
v -8.565930 22.045879 0.301922
v -8.451028 22.102484 0.240794
v -8.448935 22.094339 0.302184
v -8.442798 22.071127 0.359306
v -8.433035 22.034428 0.408267
v -8.420312 21.986740 0.445731
v -8.405496 21.931316 0.469144
v -8.389595 21.871935 0.476912
v -8.784763 21.625475 0.356901
v -8.769042 21.744888 0.357545
v -8.722950 21.856161 0.358146
v -8.649628 21.951715 0.358661
v -8.554073 22.025036 0.359057
v -8.747042 21.625210 0.406059
v -8.732606 21.734859 0.406651
v -8.690283 21.837036 0.407202
v -8.622956 21.924778 0.407675
v -8.535213 21.992104 0.408039
v -8.697884 21.625008 0.443779
v -8.685123 21.721933 0.444302
v -8.647711 21.812254 0.444789
v -8.588195 21.889814 0.445208
v -8.510634 21.949327 0.445529
v -8.640637 21.624878 0.467491
v -8.629827 21.706989 0.467934
v -8.598133 21.783503 0.468347
v -8.547716 21.849207 0.468701
v -8.482011 21.899624 0.468973
v -8.579205 21.624836 0.475579
v -8.570487 21.691046 0.475936
v -8.544930 21.752743 0.476269
v -8.504276 21.805725 0.476555
v -8.451294 21.846378 0.476774
v -8.808475 5.493892 0.212618
v -8.808475 6.838217 0.219871
v -8.808475 8.182542 0.227124
v -8.784763 8.182233 0.284370
v -8.784763 9.526556 0.291623
v -8.747042 9.526291 0.340781
v -8.747042 10.870616 0.348034
v -8.697884 10.870412 0.385754
v -8.697884 12.214736 0.393007
v -8.640637 12.214608 0.416719
v -8.640637 13.558933 0.423972
v -8.640637 14.903257 0.431225
v -8.640637 16.247581 0.438479
v -8.697884 14.903385 0.407514
v -8.697884 16.247709 0.414767
v -8.747042 14.903588 0.369793
v -8.747042 16.247913 0.377046
v -8.784763 14.903854 0.320635
v -8.784763 16.248178 0.327889
v -8.808475 14.904162 0.263390
v -8.808475 16.248487 0.270643
v -8.808475 17.592812 0.277896
v -8.808475 18.937136 0.285149
v -8.784763 18.936827 0.342395
v -8.784763 20.281151 0.349648
v -8.747042 20.280886 0.398806
v -8.697884 20.280682 0.436526
v -8.640637 20.280554 0.460238
v -8.640637 18.936230 0.452985
v -8.640637 17.591906 0.445732
v -8.697884 17.592033 0.422020
v -8.784763 5.493583 0.269863
v -8.747042 5.493318 0.319021
v -8.697884 5.493114 0.356742
v -8.640637 5.492986 0.380453
v -8.640637 10.870284 0.409466
v -8.640637 9.525959 0.402213
v -8.697884 9.526087 0.378501
v -8.697884 8.181764 0.371248
v -8.747042 8.181968 0.333528
v -8.747042 6.837643 0.326275
v -8.784763 6.837908 0.277117
v -8.808475 20.281460 0.292402
v -8.808475 13.559838 0.256137
v -8.808475 12.215514 0.248884
v -8.808475 10.871190 0.241630
v -8.784763 12.215205 0.306129
v -8.784763 10.870881 0.298876
v -8.747042 12.214940 0.355287
v -8.808475 9.526865 0.234377
v -8.784763 13.559530 0.313382
v -8.747042 13.559264 0.362540
v -8.697884 13.559061 0.400260
v -8.784763 17.592503 0.335142
v -8.747042 17.592237 0.384300
v -8.747042 18.936562 0.391553
v -8.697884 6.837439 0.363995
v -8.640637 6.837311 0.387707
v -8.697884 18.936357 0.429273
v -8.640637 8.181636 0.394960
v -3.779886 22.194214 0.300365
v -2.847957 22.397697 0.301463
v -2.284079 22.514164 0.302091
v -1.935801 22.576647 0.302428
v -1.573702 22.621626 0.302671
v -1.932992 22.560478 0.346611
v -1.572244 22.605289 0.346853
v -1.928848 22.535973 0.386638
v -1.570028 22.580545 0.386879
v -1.923523 22.504124 0.420986
v -1.567144 22.548395 0.421225
v -1.917232 22.466251 0.448318
v -1.563710 22.510172 0.448555
v -1.912857 22.439819 0.461413
v -1.561310 22.483498 0.461648
v -1.905502 22.395288 0.475014
v -1.557262 22.438564 0.475247
v -1.530527 22.393818 0.479728
v -1.207468 22.459028 0.475358
v -1.093806 22.415092 0.479843
v -0.858820 22.465076 0.475390
v -3.776393 22.178183 0.344549
v -2.844577 22.381643 0.345646
v -2.280992 22.498051 0.346274
v -3.771071 22.153910 0.384577
v -2.839426 22.357332 0.385674
v -2.276283 22.473648 0.386302
v -3.764135 22.122375 0.418926
v -2.832713 22.325748 0.420024
v -2.270137 22.441946 0.420651
v -3.755873 22.084887 0.446260
v -2.824717 22.288202 0.447357
v -2.262815 22.404259 0.447984
v -3.750100 22.058725 0.459357
v -2.819130 22.261999 0.460453
v -2.257700 22.377958 0.461079
v -3.740366 22.014656 0.472960
v -2.809709 22.217863 0.474056
v -2.249076 22.333656 0.474681
v -2.393774 22.256886 0.478989
v -4.102290 21.886303 0.476990
v -1.964005 22.338179 0.479428
v -0.859111 22.510210 0.461792
v -1.208869 22.504141 0.461760
v -0.859282 22.537004 0.448700
v -0.859527 22.575397 0.421371
v -0.859734 22.607691 0.387025
v -0.859898 22.632545 0.347000
v -0.860010 22.648956 0.302819
v -1.213172 22.642818 0.302786
v -1.212656 22.626415 0.346967
v -1.209699 22.530922 0.448667
v -1.210884 22.569294 0.421338
v -1.211881 22.601572 0.386992
v 22.388216 1.884066 0.084235
v 22.200790 1.884445 0.013856
v 22.380127 1.883734 0.145667
v 22.177080 1.884136 0.071101
v 22.356415 1.883425 0.202913
v 22.318695 1.883160 0.252071
v 22.269537 1.882956 0.289791
v 22.139357 1.883871 0.120259
v 22.212288 1.882828 0.313503
v 22.150858 1.882784 0.321591
v 22.090200 1.883667 0.157980
v 22.032953 1.883539 0.181691
v 21.971519 1.883495 0.189779
v 18.146561 1.882784 0.321591
v 18.146561 1.883495 0.189779
v 22.388216 0.610786 0.077365
v 22.200790 0.611166 0.006986
v 22.380127 0.610455 0.138797
v 22.177080 0.610857 0.064232
v 22.356415 0.610146 0.196043
v 22.318695 0.609880 0.245201
v 22.269537 0.609676 0.282921
v 22.139357 0.610592 0.113390
v 22.212288 0.609549 0.306633
v 22.150858 0.609505 0.314721
v 22.090200 0.610388 0.151110
v 22.032953 0.610260 0.174822
v 21.971519 0.610216 0.182909
v 18.146561 0.609505 0.314721
v 18.146561 0.610216 0.182909
v -8.520973 -0.027554 0.146219
v -8.482431 -0.030275 0.164593
v -8.441394 -0.032639 0.175707
v -8.399868 -0.033638 0.179436
v -4.574959 -0.033638 0.179436
v 22.212288 5.492986 0.380453
v 22.212288 6.837311 0.387707
v 22.212288 8.181636 0.394960
v 22.269537 8.181764 0.371248
v 22.269537 9.526087 0.378501
v 22.318695 9.526291 0.340781
v 22.318695 10.870616 0.348034
v 22.356415 10.870881 0.298876
v 22.356415 12.215205 0.306129
v 22.380127 12.215514 0.248884
v 22.380127 13.559838 0.256137
v 22.380127 14.904162 0.263390
v 22.380127 16.248487 0.270643
v 22.356415 14.903854 0.320635
v 22.356415 16.248178 0.327889
v 22.318695 14.903588 0.369793
v 22.318695 16.247913 0.377046
v 22.269537 14.903385 0.407514
v 22.269537 16.247709 0.414767
v 22.212288 14.903257 0.431225
v 22.212288 16.247581 0.438479
v 22.150858 21.624836 0.475579
v 22.212288 17.591906 0.445732
v 22.212288 18.936230 0.452985
v 22.269537 18.936357 0.429273
v 22.269537 20.280682 0.436526
v 22.318695 20.280886 0.398806
v 22.318695 21.625210 0.406059
v 22.356415 21.625475 0.356901
v 22.356415 20.281151 0.349648
v 22.380127 21.625784 0.299655
v 22.380127 20.281460 0.292402
v 22.380127 18.937136 0.285149
v 22.380127 17.592812 0.277896
v 22.356415 17.592503 0.335142
v 22.269537 5.493114 0.356742
v 22.318695 5.493318 0.319021
v 22.356415 5.493583 0.269863
v 22.380127 5.493892 0.212618
v 22.380127 10.871190 0.241630
v 22.380127 9.526865 0.234377
v 22.356415 9.526556 0.291623
v 22.356415 8.182233 0.284370
v 22.318695 8.181968 0.333528
v 22.318695 6.837643 0.326275
v 22.269537 6.837439 0.363995
v 22.269537 21.625008 0.443779
v 22.212288 20.280554 0.460238
v 22.212288 21.624878 0.467491
v 22.212288 13.558933 0.423972
v 22.212288 12.214608 0.416719
v 22.212288 10.870284 0.409466
v 22.269537 12.214736 0.393007
v 22.269537 10.870412 0.385754
v 22.318695 12.214940 0.355287
v 22.212288 9.525959 0.402213
v 22.269537 13.559061 0.400260
v 22.318695 13.559264 0.362540
v 22.356415 13.559530 0.313382
v 22.269537 17.592033 0.422020
v 22.318695 17.592237 0.384300
v 22.318695 18.936562 0.391553
v 22.356415 6.837908 0.277117
v 22.380127 6.838217 0.219871
v 22.356415 18.936827 0.342395
v 22.380127 8.182542 0.227124
v 22.020588 22.094339 0.302184
v 22.137583 22.045879 0.301922
v 22.238047 21.968790 0.301506
v 22.315138 21.868326 0.300964
v 22.363598 21.751333 0.300333
v 22.340694 21.744888 0.357545
v 22.304258 21.734859 0.406651
v 22.256777 21.721933 0.444302
v 22.201479 21.706989 0.467934
v 22.142139 21.691046 0.475936
v 22.014450 22.071127 0.359306
v 22.125725 22.025036 0.359057
v 22.221281 21.951715 0.358661
v 22.294603 21.856161 0.358146
v 22.004686 22.034428 0.408267
v 22.106865 21.992104 0.408039
v 22.194609 21.924778 0.407675
v 22.261936 21.837036 0.407202
v 21.991964 21.986740 0.445731
v 22.082287 21.949327 0.445529
v 22.159847 21.889814 0.445208
v 22.219362 21.812254 0.444789
v 21.977148 21.931316 0.469144
v 22.053663 21.899624 0.468973
v 22.119368 21.849207 0.468701
v 22.169785 21.783503 0.468347
v 21.961248 21.871935 0.476912
v 22.022947 21.846378 0.476774
v 22.075930 21.805725 0.476555
v 22.116583 21.752743 0.476269
v 22.022680 22.128950 -4.664552
v 22.141626 22.079681 -4.664818
v 22.243767 22.001307 -4.665241
v 22.322144 21.899168 -4.665792
v 22.371412 21.780224 -4.666433
v 22.200790 3.794367 0.024161
v 22.177080 3.794058 0.081406
v 22.139357 3.793793 0.130564
v 22.090200 3.793589 0.168284
v 22.032953 3.793461 0.191996
v 21.971519 3.793417 0.200084
v 18.146561 3.793417 0.200084
v 22.150858 3.792706 0.331895
v 22.212288 3.792749 0.323808
v 22.269537 3.792877 0.300096
v 22.318695 3.793081 0.262375
v 22.356415 3.793346 0.213218
v 22.380127 3.793655 0.155972
v 22.388216 3.793987 0.094540
v 22.200790 3.157726 0.020726
v 22.177080 3.157417 0.077971
v 22.139357 3.157152 0.127129
v 22.090200 3.156948 0.164849
v 22.032953 3.156820 0.188561
v 21.971519 3.156776 0.196649
v 18.146561 3.156776 0.196649
v 22.150858 3.156065 0.328460
v 22.212288 3.156109 0.320373
v 22.269537 3.156237 0.296661
v 22.318695 3.156441 0.258941
v 22.356415 3.156706 0.209783
v 22.380127 3.157015 0.152537
v 22.388216 3.157347 0.091105
v 22.200790 2.521088 0.017291
v 22.177080 2.520779 0.074536
v 22.139357 2.520514 0.123694
v 22.090200 2.520309 0.161415
v 22.032953 2.520182 0.185126
v 21.971519 2.520138 0.193214
v 18.146561 2.520138 0.193214
v 22.269537 2.519598 0.293226
v 22.304960 2.238916 0.266681
v 22.318695 2.519802 0.255506
v 22.340080 2.238832 0.229447
v 22.356415 2.520067 0.206348
v 22.366398 2.238855 0.185551
v 22.380127 2.520376 0.149102
v 22.382696 2.238983 0.137034
v 22.388216 2.520708 0.087670
v 22.388216 2.239214 0.086151
v 22.212288 2.519470 0.316938
v 22.150858 2.519426 0.325025
v 22.200790 1.247807 0.010421
v 22.177080 1.247498 0.067667
v 22.139357 1.247232 0.116824
v 22.090200 1.247028 0.154545
v 22.032953 1.246901 0.178257
v 21.971519 1.246857 0.186344
v 18.146561 1.246857 0.186344
v 22.150858 1.246145 0.318156
v 22.212288 1.246189 0.310068
v 22.269537 1.246317 0.286356
v 22.318695 1.246521 0.248636
v 22.356415 1.246786 0.199478
v 22.380127 1.247095 0.142232
v 22.388216 1.247427 0.080800
v 22.388216 1.273636 -4.777074
v 22.200790 -0.025473 0.003551
v 22.177080 -0.025782 0.060797
v 22.139357 -0.026047 0.109955
v 22.090200 -0.026251 0.147675
v 22.032953 -0.026379 0.171387
v 21.971519 -0.026423 0.179474
v 18.146561 -0.026423 0.179474
v 22.363598 21.778463 -4.727877
v 22.315138 21.895456 -4.727245
v 22.238047 21.995920 -4.726704
v 22.137583 22.073009 -4.726287
v 22.020588 22.121469 -4.726026
v 21.895037 22.137997 -4.725937
v 22.014450 22.098873 -4.783395
v 21.895037 22.114595 -4.783310
v 22.004686 22.062704 -4.832749
v 21.895037 22.077139 -4.832672
v 21.991964 22.015425 -4.870726
v 21.895037 22.028185 -4.870657
v 21.977148 21.960257 -4.894736
v 21.895037 21.971067 -4.894678
v 22.340694 21.772635 -4.785156
v 22.294603 21.883909 -4.784555
v 22.221281 21.979462 -4.784039
v 22.125725 22.052782 -4.783644
v 22.304258 21.763136 -4.834366
v 22.261936 21.865314 -4.833815
v 22.194609 21.953054 -4.833341
v 22.106865 22.020382 -4.832978
v 22.256777 21.750618 -4.872155
v 22.219362 21.840939 -4.871667
v 22.159847 21.918499 -4.871249
v 22.082287 21.978012 -4.870928
v 22.201479 21.735929 -4.895947
v 22.169785 21.812443 -4.895534
v 22.119368 21.878147 -4.895179
v 22.053663 21.928564 -4.894907
v 19.297714 21.971067 -4.894678
v 17.999056 21.971067 -4.894678
v 17.999056 22.028185 -4.870657
v 17.999056 22.077139 -4.832672
v 19.297714 22.077139 -4.832672
v 19.297714 22.028185 -4.870657
v 20.596375 22.077139 -4.832672
v 20.596375 22.028185 -4.870657
v 17.999056 22.114595 -4.783310
v 19.297714 22.114595 -4.783310
v 20.596375 22.114595 -4.783310
v 17.999056 22.137997 -4.725937
v 19.297714 22.137997 -4.725937
v 20.596375 22.137997 -4.725937
v 20.596375 21.971067 -4.894678
v 22.212288 1.274874 -5.006342
v 22.269537 1.274746 -4.982630
v 22.318695 1.274542 -4.944910
v 22.356415 1.274277 -4.895752
v 22.380127 1.273968 -4.838506
v -8.433490 -0.334141 -5.019507
v -8.368218 -0.362988 -5.015179
v -8.448343 -0.389671 -5.001966
v -8.368218 -0.420364 -4.991776
v -8.461560 -0.439169 -4.970550
v -8.368218 -0.469725 -4.954320
v -8.472295 -0.479464 -4.927272
v -8.368218 -0.507710 -4.905366
v -8.479857 -0.507973 -4.874909
v -8.368218 -0.531731 -4.848248
v -8.483765 -0.522865 -4.816817
v -8.368218 -0.540152 -4.786860
v -8.484259 -0.524874 -4.786778
v -8.591436 -0.478268 -4.816576
v -8.592391 -0.480083 -4.786536
v -8.683896 -0.407322 -4.816194
v -8.685246 -0.408836 -4.786152
v -8.754843 -0.314863 -4.815695
v -8.756496 -0.315983 -4.785651
v -8.799441 -0.207193 -4.815114
v -8.801286 -0.207851 -4.785068
v -8.784862 -0.202972 -4.873263
v -8.741771 -0.307003 -4.873825
v -8.673223 -0.396336 -4.874307
v -8.583889 -0.464884 -4.874677
v -8.756637 -0.195126 -4.925738
v -8.716464 -0.292109 -4.926261
v -8.652560 -0.375387 -4.926711
v -8.569279 -0.439293 -4.927055
v -8.716576 -0.184156 -4.969173
v -8.680547 -0.271137 -4.969643
v -8.623234 -0.345829 -4.970046
v -8.548542 -0.403139 -4.970355
v -8.667247 -0.170771 -5.000785
v -8.636320 -0.245434 -5.001187
v -8.587123 -0.309547 -5.001534
v -8.523007 -0.358746 -5.001799
v -8.611814 -0.155821 -5.018545
v -8.586620 -0.216642 -5.018874
v -8.546542 -0.268871 -5.019156
v -8.494313 -0.308949 -5.019372
v 21.939871 -0.362988 -5.015179
v 20.622128 -0.362988 -5.015179
v 19.304384 -0.362988 -5.015179
v 17.986641 -0.362988 -5.015179
v 17.986641 -0.420364 -4.991776
v 16.668900 -0.420364 -4.991776
v 16.668900 -0.469725 -4.954320
v 15.351155 -0.469725 -4.954320
v 15.351155 -0.507710 -4.905366
v 14.033413 -0.507710 -4.905366
v 14.033413 -0.531731 -4.848248
v 12.715670 -0.531731 -4.848248
v 21.939871 -0.540152 -4.786860
v 11.397926 -0.531731 -4.848248
v 10.080184 -0.531731 -4.848248
v 11.397926 -0.507710 -4.905366
v 10.080184 -0.507710 -4.905366
v 11.397926 -0.469725 -4.954320
v 10.080184 -0.469725 -4.954320
v 11.397926 -0.420364 -4.991776
v 10.080184 -0.420364 -4.991776
v 11.397926 -0.362988 -5.015179
v 10.080184 -0.362988 -5.015179
v 8.762441 -0.362988 -5.015179
v 7.444697 -0.362988 -5.015179
v 7.444697 -0.420364 -4.991776
v 6.126955 -0.420364 -4.991776
v 6.126955 -0.469725 -4.954320
v 4.809212 -0.469725 -4.954320
v 4.809212 -0.507710 -4.905366
v 3.491469 -0.507710 -4.905366
v 3.491469 -0.531731 -4.848248
v 2.173726 -0.531731 -4.848248
v 0.855983 -0.531731 -4.848248
v -0.461760 -0.531731 -4.848248
v 0.855983 -0.507710 -4.905366
v -0.461760 -0.507710 -4.905366
v 0.855983 -0.469725 -4.954320
v -0.461760 -0.469725 -4.954320
v 0.855983 -0.420364 -4.991776
v -0.461760 -0.420364 -4.991776
v 0.855983 -0.362988 -5.015179
v -0.461760 -0.362988 -5.015179
v -1.779503 -0.362988 -5.015179
v -3.097247 -0.362988 -5.015179
v -3.097247 -0.420364 -4.991776
v -4.414989 -0.420364 -4.991776
v -4.414989 -0.469725 -4.954320
v -5.732732 -0.469725 -4.954320
v -5.732732 -0.507710 -4.905366
v -7.050476 -0.507710 -4.905366
v -7.050476 -0.531731 -4.848248
v -5.732732 -0.531731 -4.848248
v -4.414989 -0.531731 -4.848248
v -4.414989 -0.507710 -4.905366
v -3.097247 -0.507710 -4.905366
v -3.097247 -0.469725 -4.954320
v -1.779503 -0.469725 -4.954320
v -1.779503 -0.420364 -4.991776
v 20.622128 -0.420364 -4.991776
v 21.939871 -0.420364 -4.991776
v 20.622128 -0.469725 -4.954320
v 21.939871 -0.469725 -4.954320
v 20.622128 -0.507710 -4.905366
v 21.939871 -0.507710 -4.905366
v 20.622128 -0.531731 -4.848248
v 21.939871 -0.531731 -4.848248
v 7.444697 -0.531731 -4.848248
v 8.762441 -0.531731 -4.848248
v -7.050476 -0.469725 -4.954320
v -5.732732 -0.420364 -4.991776
v -4.414989 -0.362988 -5.015179
v -7.050476 -0.420364 -4.991776
v -5.732732 -0.362988 -5.015179
v -7.050476 -0.362988 -5.015179
v 6.126955 -0.362988 -5.015179
v 4.809212 -0.362988 -5.015179
v 3.491469 -0.362988 -5.015179
v 3.491469 -0.420364 -4.991776
v 2.173726 -0.420364 -4.991776
v 2.173726 -0.469725 -4.954320
v 19.304384 -0.420364 -4.991776
v 19.304384 -0.469725 -4.954320
v 19.304384 -0.507710 -4.905366
v 19.304384 -0.531731 -4.848248
v 16.668900 -0.362988 -5.015179
v 15.351155 -0.362988 -5.015179
v 14.033413 -0.362988 -5.015179
v 14.033413 -0.420364 -4.991776
v 12.715670 -0.420364 -4.991776
v 12.715670 -0.469725 -4.954320
v 15.351155 -0.420364 -4.991776
v 12.715670 -0.362988 -5.015179
v 8.762441 -0.420364 -4.991776
v 8.762441 -0.469725 -4.954320
v 8.762441 -0.507710 -4.905366
v 4.809212 -0.420364 -4.991776
v 2.173726 -0.362988 -5.015179
v 17.986641 -0.469725 -4.954320
v 16.668900 -0.507710 -4.905366
v 15.351155 -0.531731 -4.848248
v 14.033413 -0.469725 -4.954320
v 7.444697 -0.469725 -4.954320
v 6.126955 -0.507710 -4.905366
v 4.809212 -0.531731 -4.848248
v 3.491469 -0.469725 -4.954320
v 17.986641 -0.507710 -4.905366
v 17.986641 -0.531731 -4.848248
v 12.715670 -0.507710 -4.905366
v 7.444697 -0.507710 -4.905366
v 2.173726 -0.507710 -4.905366
v -1.779503 -0.507710 -4.905366
v -1.779503 -0.531731 -4.848248
v 16.668900 -0.531731 -4.848248
v 6.126955 -0.531731 -4.848248
v -3.097247 -0.531731 -4.848248
v 22.183466 -0.155821 -5.018545
v 22.238899 -0.170771 -5.000785
v 22.288229 -0.184156 -4.969173
v 22.328287 -0.195126 -4.925738
v 22.356514 -0.202972 -4.873263
v 22.371092 -0.207193 -4.815114
v 22.372938 -0.207851 -4.785068
v 22.326494 -0.314863 -4.815695
v 22.328148 -0.315983 -4.785651
v 22.255547 -0.407322 -4.816194
v 22.256899 -0.408836 -4.786152
v 22.163088 -0.478268 -4.816576
v 22.164043 -0.480083 -4.786536
v 22.055416 -0.522865 -4.816817
v 22.055910 -0.524874 -4.786778
v 22.051510 -0.507973 -4.874909
v 22.155542 -0.464884 -4.874677
v 22.244875 -0.396336 -4.874307
v 22.313423 -0.307003 -4.873825
v 22.043947 -0.479464 -4.927272
v 22.140932 -0.439293 -4.927055
v 22.224211 -0.375387 -4.926711
v 22.288116 -0.292109 -4.926261
v 22.033211 -0.439169 -4.970550
v 22.120193 -0.403139 -4.970355
v 22.194887 -0.345829 -4.970046
v 22.252199 -0.271137 -4.969643
v 22.019995 -0.389671 -5.001966
v 22.094660 -0.358746 -5.001799
v 22.158775 -0.309547 -5.001534
v 22.207973 -0.245434 -5.001187
v 22.005142 -0.334141 -5.019507
v 22.065966 -0.308949 -5.019372
v 22.118195 -0.268871 -5.019156
v 22.158272 -0.216642 -5.018874
v -8.816564 -0.118277 0.120904
v -8.801286 -0.220444 -2.451072
v -8.756496 -0.328575 -2.451656
v -8.685246 -0.421429 -2.452157
v -8.592391 -0.492676 -2.452541
v -8.484259 -0.537466 -2.452783
v -8.368218 -0.566616 0.118485
v -8.484259 -0.551338 0.118568
v -8.592391 -0.506548 0.118809
v -8.685246 -0.435301 0.119194
v -8.756496 -0.342447 0.119695
v -8.801286 -0.234316 0.120278
v 19.640940 -0.563871 -0.390384
v -6.069288 -0.563871 -0.390384
v -6.069288 -0.542896 -4.277990
v 19.640940 -0.542896 -4.277990
v 21.939871 -0.566616 0.118485
v 22.055910 -0.537466 -2.452783
v 22.164043 -0.492676 -2.452541
v 22.256899 -0.421429 -2.452157
v 22.328148 -0.328575 -2.451656
v 22.372938 -0.220444 -2.451072
v 22.388216 -0.118277 0.120904
v 22.372938 -0.234316 0.120278
v 22.328148 -0.342447 0.119695
v 22.256899 -0.435301 0.119194
v 22.164043 -0.506548 0.118809
v 22.055910 -0.551338 0.118568
v 22.388216 -0.026108 0.121401
v 22.318695 -0.027014 0.289237
v 22.356415 -0.026749 0.240079
v 22.380127 -0.026440 0.182834
v 22.212288 -0.027346 0.350669
v 22.269537 -0.027218 0.326957
v 22.150858 -0.027390 0.358757
v 18.146561 -0.027390 0.358757
v -8.683067 -0.158379 0.332932
v -7.501420 -0.145895 0.326317
v -8.724393 -0.119291 0.308676
v -7.501420 -0.096535 0.288862
v -8.763102 -0.080379 0.271181
v -7.501420 -0.058550 0.239908
v -8.792278 -0.050957 0.225857
v -8.802798 -0.040304 0.200980
v -7.501420 -0.034529 0.182790
v -6.186275 -0.034529 0.182790
v -4.871132 -0.034529 0.182790
v -4.574959 -0.052185 0.228289
v -4.871132 -0.058550 0.239908
v -4.574959 -0.080976 0.271899
v -6.186275 -0.058550 0.239908
v -4.871132 -0.096535 0.288862
v -6.186275 -0.096535 0.288862
v -4.574959 -0.118608 0.308153
v -4.871132 -0.145895 0.326317
v -4.574959 -0.163267 0.335293
v -4.871132 -0.203268 0.349720
v -4.574959 -0.212778 0.352004
v -4.574959 -0.264746 0.357476
v -6.186275 -0.203268 0.349720
v -7.501420 -0.203268 0.349720
v -8.635169 -0.197565 0.348139
v -8.580949 -0.234106 0.355656
v -8.522269 -0.264330 0.357478
v -8.521304 -0.264746 0.357476
v -8.810412 -0.032551 0.175053
v -8.815021 -0.027798 0.148411
v -6.186275 -0.145895 0.326317
v -4.218762 -0.027390 0.358757
v -4.218762 4.148619 0.381288
v 6.607728 4.148619 0.381288
v 6.963924 4.148619 0.381288
v 6.963924 -0.027390 0.358757
v 6.607728 -0.027390 0.358757
v -8.368218 -0.330544 0.357121
v 21.939871 -0.330544 0.357121
v 17.790363 -0.027390 0.358757
v 17.790363 4.148619 0.381288
v -8.488894 -0.292624 0.357326
v -8.451531 -0.313395 0.357214
v -8.410748 -0.326212 0.357145
v 21.994478 -0.323353 0.357160
v 22.045364 -0.302277 0.357274
v 22.089060 -0.268745 0.357455
v 22.122591 -0.225050 0.357690
v 22.143667 -0.174166 0.357965
v 22.150858 -0.119558 0.358260
v -8.546542 -0.297861 0.353694
v -8.586620 -0.245632 0.353976
v -8.667247 -0.199566 0.336383
v -8.636320 -0.274229 0.335980
v -8.716576 -0.212612 0.304629
v -8.763102 -0.119087 0.270972
v -8.756637 -0.223112 0.261078
v -8.792278 -0.118841 0.225491
v -8.784862 -0.230391 0.208522
v -8.810412 -0.118567 0.174589
v -8.799441 -0.233982 0.150330
v -8.754843 -0.341652 0.149749
v -8.683896 -0.434111 0.149250
v -8.591436 -0.505056 0.148867
v -8.483765 -0.549654 0.148626
v -8.368218 -0.558859 0.179961
v -8.479857 -0.535391 0.206876
v -8.583889 -0.492302 0.207109
v -8.673223 -0.423754 0.207478
v -8.741771 -0.334421 0.207960
v -8.368218 -0.535456 0.237335
v -8.472295 -0.507450 0.259544
v -8.569279 -0.467279 0.259761
v -8.652560 -0.403374 0.260105
v -8.716464 -0.320095 0.260555
v -8.368218 -0.498001 0.286696
v -8.461560 -0.467625 0.303253
v -8.548542 -0.431595 0.303448
v -8.623234 -0.374285 0.303757
v -8.680547 -0.299593 0.304160
v -8.368218 -0.449049 0.324681
v -8.448343 -0.418467 0.335202
v -8.523007 -0.387541 0.335369
v -8.587123 -0.338343 0.335634
v -8.368218 -0.391928 0.348702
v -8.433490 -0.363131 0.353342
v -8.494313 -0.337938 0.353478
v 21.939871 -0.558859 0.179961
v 20.622128 -0.558859 0.179961
v 19.304384 -0.558859 0.179961
v 17.986641 -0.558859 0.179961
v 17.986641 -0.535456 0.237335
v 16.668900 -0.535456 0.237335
v 16.668900 -0.498001 0.286696
v 15.351155 -0.498001 0.286696
v 15.351155 -0.449049 0.324681
v 14.033413 -0.449049 0.324681
v 14.033413 -0.391928 0.348702
v 12.715670 -0.391928 0.348702
v 11.397926 -0.391928 0.348702
v 10.080184 -0.391928 0.348702
v 11.397926 -0.449049 0.324681
v 10.080184 -0.449049 0.324681
v 11.397926 -0.498001 0.286696
v 10.080184 -0.498001 0.286696
v 11.397926 -0.535456 0.237335
v 10.080184 -0.535456 0.237335
v 11.397926 -0.558859 0.179961
v 10.080184 -0.558859 0.179961
v 8.762441 -0.558859 0.179961
v 7.444697 -0.558859 0.179961
v 7.444697 -0.535456 0.237335
v 6.126955 -0.535456 0.237335
v 6.126955 -0.498001 0.286696
v 4.809212 -0.498001 0.286696
v 4.809212 -0.449049 0.324681
v 3.491469 -0.449049 0.324681
v 3.491469 -0.391928 0.348702
v 2.173726 -0.391928 0.348702
v 0.855983 -0.391928 0.348702
v -0.461760 -0.391928 0.348702
v 0.855983 -0.449049 0.324681
v -0.461760 -0.449049 0.324681
v 0.855983 -0.498001 0.286696
v -0.461760 -0.498001 0.286696
v 0.855983 -0.535456 0.237335
v -0.461760 -0.535456 0.237335
v 0.855983 -0.558859 0.179961
v -0.461760 -0.558859 0.179961
v -1.779503 -0.558859 0.179961
v -3.097247 -0.558859 0.179961
v -3.097247 -0.535456 0.237335
v -4.414989 -0.535456 0.237335
v -4.414989 -0.498001 0.286696
v -5.732732 -0.498001 0.286696
v -5.732732 -0.449049 0.324681
v -7.050476 -0.449049 0.324681
v -7.050476 -0.391928 0.348702
v -5.732732 -0.391928 0.348702
v -4.414989 -0.391928 0.348702
v -4.414989 -0.449049 0.324681
v -3.097247 -0.449049 0.324681
v -3.097247 -0.498001 0.286696
v -1.779503 -0.498001 0.286696
v -1.779503 -0.535456 0.237335
v 20.622128 -0.535456 0.237335
v 21.939871 -0.535456 0.237335
v 20.622128 -0.498001 0.286696
v 21.939871 -0.498001 0.286696
v 20.622128 -0.449049 0.324681
v 21.939871 -0.449049 0.324681
v 20.622128 -0.391928 0.348702
v 21.939871 -0.391928 0.348702
v 7.444697 -0.391928 0.348702
v 8.762441 -0.391928 0.348702
v -7.050476 -0.498001 0.286696
v -5.732732 -0.535456 0.237335
v -4.414989 -0.558859 0.179961
v -7.050476 -0.535456 0.237335
v -5.732732 -0.558859 0.179961
v -7.050476 -0.558859 0.179961
v 6.126955 -0.558859 0.179961
v 4.809212 -0.558859 0.179961
v 3.491469 -0.558859 0.179961
v 3.491469 -0.535456 0.237335
v 2.173726 -0.535456 0.237335
v 2.173726 -0.498001 0.286696
v 19.304384 -0.535456 0.237335
v 19.304384 -0.498001 0.286696
v 19.304384 -0.449049 0.324681
v 19.304384 -0.391928 0.348702
v 16.668900 -0.558859 0.179961
v 15.351155 -0.558859 0.179961
v 14.033413 -0.558859 0.179961
v 14.033413 -0.535456 0.237335
v 12.715670 -0.535456 0.237335
v 12.715670 -0.498001 0.286696
v 15.351155 -0.535456 0.237335
v 12.715670 -0.558859 0.179961
v 8.762441 -0.535456 0.237335
v 8.762441 -0.498001 0.286696
v 8.762441 -0.449049 0.324681
v 4.809212 -0.535456 0.237335
v 2.173726 -0.558859 0.179961
v 17.986641 -0.498001 0.286696
v 16.668900 -0.449049 0.324681
v 15.351155 -0.391928 0.348702
v 14.033413 -0.498001 0.286696
v 7.444697 -0.498001 0.286696
v 6.126955 -0.449049 0.324681
v 4.809212 -0.391928 0.348702
v 3.491469 -0.498001 0.286696
v 17.986641 -0.449049 0.324681
v 17.986641 -0.391928 0.348702
v 12.715670 -0.449049 0.324681
v 7.444697 -0.449049 0.324681
v 2.173726 -0.449049 0.324681
v -1.779503 -0.449049 0.324681
v -1.779503 -0.391928 0.348702
v 16.668900 -0.391928 0.348702
v 6.126955 -0.391928 0.348702
v -3.097247 -0.391928 0.348702
v 22.371092 -0.233982 0.150330
v 22.380127 -0.118608 0.182336
v 22.356514 -0.230391 0.208522
v 22.356415 -0.118917 0.239582
v 22.328287 -0.223112 0.261078
v 22.318695 -0.119183 0.288740
v 22.288229 -0.212612 0.304629
v 22.269537 -0.119387 0.326460
v 22.238899 -0.199566 0.336383
v 22.212288 -0.119514 0.350172
v 22.183466 -0.184811 0.354304
v 22.158272 -0.245632 0.353976
v 22.118195 -0.297861 0.353694
v 22.065966 -0.337938 0.353478
v 22.005142 -0.363131 0.353342
v 22.019995 -0.418467 0.335202
v 22.094660 -0.387541 0.335369
v 22.158775 -0.338343 0.335634
v 22.207973 -0.274229 0.335980
v 22.033211 -0.467625 0.303253
v 22.120193 -0.431595 0.303448
v 22.194887 -0.374285 0.303757
v 22.252199 -0.299593 0.304160
v 22.043947 -0.507450 0.259544
v 22.140932 -0.467279 0.259761
v 22.224211 -0.403374 0.260105
v 22.288116 -0.320095 0.260555
v 22.051510 -0.535391 0.206876
v 22.155542 -0.492302 0.207109
v 22.244875 -0.423754 0.207478
v 22.313423 -0.334421 0.207960
v 22.055416 -0.549654 0.148626
v 22.163088 -0.505056 0.148867
v 22.255547 -0.434111 0.149250
v 22.326494 -0.341652 0.149749
v 18.146561 2.519426 0.325025
v 6.963924 3.512234 0.330382
v 17.790363 3.512234 0.330382
v 6.963924 3.792706 0.331895
v 17.790363 3.792706 0.331895
v 6.963924 0.965673 0.316642
v 17.790363 0.965673 0.316642
v 6.963924 1.246145 0.318156
v 17.790363 1.246145 0.318156
v -4.218762 2.238955 0.323512
v 6.607728 2.238955 0.323512
v -4.218762 2.519426 0.325025
v 6.607728 2.519426 0.325025
v -4.218762 0.329035 0.313208
v 6.607728 0.329035 0.313208
v -4.218762 0.609505 0.314721
v 6.607728 0.609505 0.314721
v 6.607728 3.156065 0.328460
v -4.218762 3.156065 0.328460
v 6.607728 2.875593 0.326947
v -4.218762 2.875593 0.326947
v 17.790363 1.882784 0.321591
v 6.963924 1.882784 0.321591
v 17.790363 1.602314 0.320077
v 6.963924 1.602314 0.320077
v 18.146561 3.156065 0.328460
v 17.790363 3.156065 0.328460
v 6.963924 3.156065 0.328460
v 17.790363 2.875593 0.326947
v 6.963924 2.875593 0.326947
v 17.790363 0.609505 0.314721
v 6.963924 0.609505 0.314721
v 17.790363 0.329035 0.313208
v 6.963924 0.329035 0.313208
v 6.607728 1.882784 0.321591
v -4.218762 1.882784 0.321591
v 6.607728 1.602314 0.320077
v -4.218762 1.602314 0.320077
v -4.218762 0.965673 0.316642
v 6.607728 0.965673 0.316642
v -4.218762 1.246145 0.318156
v 6.607728 1.246145 0.318156
v -4.218762 3.512234 0.330382
v 6.607728 3.512234 0.330382
v -4.218762 3.792706 0.331895
v 6.607728 3.792706 0.331895
v 6.963924 2.238955 0.323512
v 17.790363 2.238955 0.323512
v 6.963924 2.519426 0.325025
v 17.790363 2.519426 0.325025
v 18.146561 1.246145 0.318156
v 18.146561 3.792706 0.331895
v 17.790363 3.512945 0.198571
v 6.963924 3.512945 0.198571
v 17.790363 0.966385 0.184831
v 6.963924 0.966385 0.184831
v 6.607728 2.239666 0.191701
v -4.218762 2.239666 0.191701
v 6.607728 0.329746 0.181396
v -4.218762 0.329746 0.181396
v -4.218762 3.156776 0.196649
v 6.607728 3.156776 0.196649
v 6.963924 1.883495 0.189779
v 17.790363 1.883495 0.189779
v 6.963924 3.156776 0.196649
v 17.790363 3.156776 0.196649
v 6.963924 0.610216 0.182909
v 17.790363 0.610216 0.182909
v -4.218762 1.883495 0.189779
v 6.607728 1.883495 0.189779
v 6.607728 0.966385 0.184831
v -4.218762 0.966385 0.184831
v 6.607728 3.512945 0.198571
v -4.218762 3.512945 0.198571
v 17.790363 2.239666 0.191701
v 6.963924 2.239666 0.191701
v -4.290921 2.606966 -1.503448
v 17.862574 2.606966 -1.503448
v -4.290921 -0.241301 -1.518816
v 17.862574 -0.241301 -1.518816
v 19.640940 2.600868 -0.373310
v -6.069288 2.600868 -0.373310
v -6.069288 2.621843 -4.260915
v 19.640940 2.621843 -4.260915
v -4.053562 2.614649 -2.927580
v -4.053562 2.614565 -2.911757
v -4.290921 2.614649 -2.927580
v -3.446979 2.614565 -2.911757
v -3.156873 2.614565 -2.911757
v -2.998634 2.614565 -2.911757
v -3.446979 2.614649 -2.927580
v -3.156873 2.614649 -2.927580
v -2.998634 2.614649 -2.927580
v -2.708529 2.614649 -2.927580
v -2.708529 2.614565 -2.911757
v -2.550289 2.614565 -2.911757
v -2.260184 2.614565 -2.911757
v -2.260184 2.614649 -2.927580
v -2.550289 2.614649 -2.927580
v -2.101945 2.614565 -2.911757
v -1.811839 2.614565 -2.911757
v -1.653600 2.614565 -2.911757
v -2.101945 2.614649 -2.927580
v -1.811839 2.614649 -2.927580
v -1.653600 2.614649 -2.927580
v -1.363495 2.614649 -2.927580
v -1.363495 2.614565 -2.911757
v -1.205256 2.614565 -2.911757
v -0.915150 2.614565 -2.911757
v -0.915150 2.614649 -2.927580
v -1.205256 2.614649 -2.927580
v -0.756911 2.614565 -2.911757
v -0.466806 2.614565 -2.911757
v -0.308567 2.614565 -2.911757
v -0.756911 2.614649 -2.927580
v -0.466806 2.614649 -2.927580
v -0.308567 2.614649 -2.927580
v -0.018461 2.614649 -2.927580
v -0.018461 2.614565 -2.911757
v 0.139778 2.614565 -2.911757
v 0.429883 2.614565 -2.911757
v 0.429883 2.614649 -2.927580
v 0.139778 2.614649 -2.927580
v 0.588122 2.614565 -2.911757
v 0.878228 2.614565 -2.911757
v 1.036467 2.614565 -2.911757
v 0.588122 2.614649 -2.927580
v 0.878228 2.614649 -2.927580
v 1.036467 2.614649 -2.927580
v 1.326572 2.614649 -2.927580
v 1.326572 2.614565 -2.911757
v 1.484811 2.614565 -2.911757
v 1.774917 2.614565 -2.911757
v 1.774917 2.614649 -2.927580
v 1.484811 2.614649 -2.927580
v 1.933156 2.614565 -2.911757
v 2.223261 2.614565 -2.911757
v 2.381500 2.614565 -2.911757
v 1.933156 2.614649 -2.927580
v 2.223261 2.614649 -2.927580
v 2.381500 2.614649 -2.927580
v 2.671606 2.614649 -2.927580
v 2.671606 2.614565 -2.911757
v 2.829845 2.614565 -2.911757
v 3.119950 2.614565 -2.911757
v 3.119950 2.614649 -2.927580
v 2.829845 2.614649 -2.927580
v 3.278189 2.614565 -2.911757
v 3.568295 2.614565 -2.911757
v 3.726534 2.614565 -2.911757
v 3.278189 2.614649 -2.927580
v 3.568295 2.614649 -2.927580
v 3.726534 2.614649 -2.927580
v 4.016640 2.614649 -2.927580
v 4.016640 2.614565 -2.911757
v 4.174879 2.614565 -2.911757
v 4.464984 2.614565 -2.911757
v 4.464984 2.614649 -2.927580
v 4.174879 2.614649 -2.927580
v 4.623223 2.614565 -2.911757
v 4.913329 2.614565 -2.911757
v 5.071568 2.614565 -2.911757
v 4.623223 2.614649 -2.927580
v 4.913329 2.614649 -2.927580
v 5.071568 2.614649 -2.927580
v 5.361673 2.614649 -2.927580
v 5.361673 2.614565 -2.911757
v 5.519912 2.614565 -2.911757
v 5.810018 2.614565 -2.911757
v 5.810018 2.614649 -2.927580
v 5.519912 2.614649 -2.927580
v 5.968257 2.614565 -2.911757
v 6.258362 2.614565 -2.911757
v 7.313291 2.614565 -2.911757
v 5.968257 2.614649 -2.927580
v 6.258362 2.614649 -2.927580
v 7.313291 2.614649 -2.927580
v 7.603395 2.614649 -2.927580
v 7.603395 2.614565 -2.911757
v 7.761635 2.614565 -2.911757
v 8.051740 2.614565 -2.911757
v 8.051740 2.614649 -2.927580
v 7.761635 2.614649 -2.927580
v 8.209979 2.614565 -2.911757
v 8.500085 2.614565 -2.911757
v 8.658324 2.614565 -2.911757
v 8.209979 2.614649 -2.927580
v 8.500085 2.614649 -2.927580
v 8.658324 2.614649 -2.927580
v 8.948429 2.614649 -2.927580
v 8.948429 2.614565 -2.911757
v 9.106668 2.614565 -2.911757
v 9.396773 2.614565 -2.911757
v 9.396773 2.614649 -2.927580
v 9.106668 2.614649 -2.927580
v 9.555013 2.614565 -2.911757
v 9.845119 2.614565 -2.911757
v 10.003358 2.614565 -2.911757
v 9.555013 2.614649 -2.927580
v 9.845119 2.614649 -2.927580
v 10.003358 2.614649 -2.927580
v 10.293462 2.614649 -2.927580
v 10.293462 2.614565 -2.911757
v 10.451701 2.614565 -2.911757
v 10.741807 2.614565 -2.911757
v 10.741807 2.614649 -2.927580
v 10.451701 2.614649 -2.927580
v 10.900046 2.614565 -2.911757
v 11.190152 2.614565 -2.911757
v 11.348392 2.614565 -2.911757
v 10.900046 2.614649 -2.927580
v 11.190152 2.614649 -2.927580
v 11.348392 2.614649 -2.927580
v 11.638495 2.614649 -2.927580
v 11.638495 2.614565 -2.911757
v 11.796735 2.614565 -2.911757
v 12.086841 2.614565 -2.911757
v 12.086841 2.614649 -2.927580
v 11.796735 2.614649 -2.927580
v 12.245080 2.614565 -2.911757
v 12.535186 2.614565 -2.911757
v 12.693425 2.614565 -2.911757
v 12.245080 2.614649 -2.927580
v 12.535186 2.614649 -2.927580
v 12.693425 2.614649 -2.927580
v 12.983529 2.614649 -2.927580
v 12.983529 2.614565 -2.911757
v 13.141768 2.614565 -2.911757
v 13.431874 2.614565 -2.911757
v 13.431874 2.614649 -2.927580
v 13.141768 2.614649 -2.927580
v 13.590114 2.614565 -2.911757
v 13.880219 2.614565 -2.911757
v 14.038459 2.614565 -2.911757
v 13.590114 2.614649 -2.927580
v 13.880219 2.614649 -2.927580
v 14.038459 2.614649 -2.927580
v 14.328563 2.614649 -2.927580
v 14.328563 2.614565 -2.911757
v 14.486802 2.614565 -2.911757
v 14.776908 2.614565 -2.911757
v 14.776908 2.614649 -2.927580
v 14.486802 2.614649 -2.927580
v 14.935147 2.614565 -2.911757
v 15.225253 2.614565 -2.911757
v 15.383492 2.614565 -2.911757
v 14.935147 2.614649 -2.927580
v 15.225253 2.614649 -2.927580
v 15.383492 2.614649 -2.927580
v 15.673596 2.614649 -2.927580
v 15.673596 2.614565 -2.911757
v 15.831836 2.614565 -2.911757
v 16.121941 2.614565 -2.911757
v 16.121941 2.614649 -2.927580
v 15.831836 2.614649 -2.927580
v 16.280180 2.614565 -2.911757
v 16.570286 2.614565 -2.911757
v 16.728525 2.614565 -2.911757
v 16.280180 2.614649 -2.927580
v 16.570286 2.614649 -2.927580
v 16.728525 2.614649 -2.927580
v 17.018631 2.614649 -2.927580
v 17.018631 2.614565 -2.911757
v 17.625214 2.614565 -2.911757
v 17.862574 2.614649 -2.927580
v 17.625214 2.614649 -2.927580
v 17.862574 2.616358 -3.244054
v -4.290921 2.616358 -3.244054
v -4.218762 3.793417 0.200084
v 6.607728 3.793417 0.200084
v 6.607728 4.149586 0.202006
v -4.218762 4.149586 0.202006
v 6.607728 1.603025 0.188266
v -4.218762 1.603025 0.188266
v -4.218762 1.246857 0.186344
v 6.607728 1.246857 0.186344
v 6.963924 3.793417 0.200084
v 17.790363 3.793417 0.200084
v 17.790363 1.246857 0.186344
v 17.790363 1.603025 0.188266
v 17.790363 4.149586 0.202006
v 17.790363 2.876305 0.195136
v 17.790363 2.520138 0.193214
v 17.790363 0.329746 0.181396
v 17.790363 -0.026423 0.179474
v 6.963924 4.149586 0.202006
v 6.963924 2.876305 0.195136
v 6.963924 2.520138 0.193214
v 6.963924 -0.026423 0.179474
v 6.963924 0.329746 0.181396
v 6.963924 1.246857 0.186344
v 6.963924 1.603025 0.188266
v -4.218762 0.610216 0.182909
v 6.607728 0.610216 0.182909
v -4.218762 2.876305 0.195136
v -4.218762 2.520138 0.193214
v -4.218762 -0.026423 0.179474
v 6.607728 -0.026423 0.179474
v 6.607728 2.876305 0.195136
v 6.607728 2.520138 0.193214
v -4.053562 0.117392 -2.941054
v -3.998178 0.117392 -2.941054
v -4.053562 0.117308 -2.925231
v -3.998178 0.117308 -2.925231
v -3.446979 0.117392 -2.941054
v -3.446979 0.117308 -2.925231
v -3.502362 0.117392 -2.941054
v -3.502362 0.117308 -2.925231
v -3.502362 -0.233618 -2.942948
v -3.502362 -0.233702 -2.927125
v -3.549834 0.117392 -2.941054
v -3.549834 -0.233618 -2.942948
v -3.549834 0.117308 -2.925231
v -3.549834 -0.233702 -2.927125
v -3.950706 0.117392 -2.941054
v -3.950706 0.117308 -2.925231
v -3.950706 -0.233618 -2.942948
v -3.950706 -0.233702 -2.927125
v -3.998178 -0.233618 -2.942948
v -3.998178 -0.233702 -2.927125
v -4.290921 -0.233618 -2.942948
v -1.653600 0.117392 -2.941054
v -1.653600 0.117308 -2.925231
v -1.708984 0.117392 -2.941054
v -1.708984 0.117308 -2.925231
v -1.708984 -0.233618 -2.942948
v -1.708984 -0.233702 -2.927125
v -1.756456 0.117392 -2.941054
v -1.756456 -0.233618 -2.942948
v -1.756456 0.117308 -2.925231
v -1.756456 -0.233702 -2.927125
v -1.811839 0.117392 -2.941054
v -1.811839 0.117308 -2.925231
v -2.101945 0.117392 -2.941054
v -2.157329 -0.233618 -2.942948
v -2.157329 0.117392 -2.941054
v 0.139778 0.117392 -2.941054
v 0.139778 0.117308 -2.925231
v 0.084394 0.117392 -2.941054
v 0.084394 0.117308 -2.925231
v 0.084394 -0.233618 -2.942948
v 0.084394 -0.233702 -2.927125
v 0.036922 0.117392 -2.941054
v 0.036922 -0.233618 -2.942948
v 0.036922 0.117308 -2.925231
v 0.036922 -0.233702 -2.927125
v -0.018461 0.117392 -2.941054
v -0.018461 0.117308 -2.925231
v -0.308567 0.117392 -2.941054
v -0.363950 -0.233618 -2.942948
v -0.363950 0.117392 -2.941054
v 1.933156 0.117392 -2.941054
v 1.933156 0.117308 -2.925231
v 1.877772 0.117392 -2.941054
v 1.877772 0.117308 -2.925231
v 1.877772 -0.233618 -2.942948
v 1.877772 -0.233702 -2.927125
v 1.830300 0.117392 -2.941054
v 1.830300 -0.233618 -2.942948
v 1.830300 0.117308 -2.925231
v 1.830300 -0.233702 -2.927125
v 1.774917 0.117392 -2.941054
v 1.774917 0.117308 -2.925231
v 1.484811 0.117392 -2.941054
v 1.429428 -0.233618 -2.942948
v 1.429428 0.117392 -2.941054
v 3.726534 0.117392 -2.941054
v 3.726534 0.117308 -2.925231
v 3.671150 0.117392 -2.941054
v 3.671150 0.117308 -2.925231
v 3.671150 -0.233618 -2.942948
v 3.671150 -0.233702 -2.927125
v 3.623679 0.117392 -2.941054
v 3.623679 -0.233618 -2.942948
v 3.623679 0.117308 -2.925231
v 3.623679 -0.233702 -2.927125
v 3.568295 0.117392 -2.941054
v 3.568295 0.117308 -2.925231
v 3.278189 0.117392 -2.941054
v 3.222806 -0.233618 -2.942948
v 3.222806 0.117392 -2.941054
v 5.519912 0.117392 -2.941054
v 5.519912 0.117308 -2.925231
v 5.464529 0.117392 -2.941054
v 5.464529 0.117308 -2.925231
v 5.464529 -0.233618 -2.942948
v 5.464529 -0.233702 -2.927125
v 5.417057 0.117392 -2.941054
v 5.417057 -0.233618 -2.942948
v 5.417057 0.117308 -2.925231
v 5.417057 -0.233702 -2.927125
v 5.361673 0.117392 -2.941054
v 5.361673 0.117308 -2.925231
v 5.071568 0.117392 -2.941054
v 5.016184 -0.233618 -2.942948
v 5.016184 0.117392 -2.941054
v 8.209979 0.117392 -2.941054
v 8.209979 0.117308 -2.925231
v 8.154595 0.117392 -2.941054
v 8.154595 0.117308 -2.925231
v 8.154595 -0.233618 -2.942948
v 8.154595 -0.233702 -2.927125
v 8.107124 0.117392 -2.941054
v 8.107124 -0.233618 -2.942948
v 8.107124 0.117308 -2.925231
v 8.107124 -0.233702 -2.927125
v 8.051740 0.117392 -2.941054
v 8.051740 0.117308 -2.925231
v 7.761635 0.117392 -2.941054
v 7.706251 -0.233618 -2.942948
v 7.706251 0.117392 -2.941054
v 10.003358 0.117392 -2.941054
v 10.003358 0.117308 -2.925231
v 9.947973 0.117392 -2.941054
v 9.947973 0.117308 -2.925231
v 9.947973 -0.233618 -2.942948
v 9.947973 -0.233702 -2.927125
v 9.900502 0.117392 -2.941054
v 9.900502 -0.233618 -2.942948
v 9.900502 0.117308 -2.925231
v 9.900502 -0.233702 -2.927125
v 9.845119 0.117392 -2.941054
v 9.845119 0.117308 -2.925231
v 9.555013 0.117392 -2.941054
v 9.499629 -0.233618 -2.942948
v 9.499629 0.117392 -2.941054
v 11.796735 0.117392 -2.941054
v 11.796735 0.117308 -2.925231
v 11.741351 0.117392 -2.941054
v 11.741351 0.117308 -2.925231
v 11.741351 -0.233618 -2.942948
v 11.741351 -0.233702 -2.927125
v 11.693880 0.117392 -2.941054
v 11.693880 -0.233618 -2.942948
v 11.693880 0.117308 -2.925231
v 11.693880 -0.233702 -2.927125
v 11.638495 0.117392 -2.941054
v 11.638495 0.117308 -2.925231
v 11.348392 0.117392 -2.941054
v 11.293008 -0.233618 -2.942948
v 11.293008 0.117392 -2.941054
v 13.590114 0.117392 -2.941054
v 13.590114 0.117308 -2.925231
v 13.534730 0.117392 -2.941054
v 13.534730 0.117308 -2.925231
v 13.534730 -0.233618 -2.942948
v 13.534730 -0.233702 -2.927125
v 13.487258 0.117392 -2.941054
v 13.487258 -0.233618 -2.942948
v 13.487258 0.117308 -2.925231
v 13.487258 -0.233702 -2.927125
v 13.431874 0.117392 -2.941054
v 13.431874 0.117308 -2.925231
v 13.141768 0.117392 -2.941054
v 13.086385 -0.233618 -2.942948
v 13.086385 0.117392 -2.941054
v 15.383492 0.117392 -2.941054
v 15.383492 0.117308 -2.925231
v 15.328109 0.117392 -2.941054
v 15.328109 0.117308 -2.925231
v 15.328109 -0.233618 -2.942948
v 15.328109 -0.233702 -2.927125
v 15.280636 0.117392 -2.941054
v 15.280636 -0.233618 -2.942948
v 15.280636 0.117308 -2.925231
v 15.280636 -0.233702 -2.927125
v 15.225253 0.117392 -2.941054
v 15.225253 0.117308 -2.925231
v 14.935147 0.117392 -2.941054
v 14.879764 -0.233618 -2.942948
v 14.879764 0.117392 -2.941054
v 17.625214 0.117392 -2.941054
v 17.625214 0.117308 -2.925231
v 17.569830 0.117392 -2.941054
v 17.569830 0.117308 -2.925231
v 17.569830 -0.233618 -2.942948
v 17.569830 -0.233702 -2.927125
v 17.522358 0.117392 -2.941054
v 17.522358 -0.233618 -2.942948
v 17.522358 0.117308 -2.925231
v 17.522358 -0.233702 -2.927125
v 17.121487 0.117392 -2.941054
v 17.121487 0.117308 -2.925231
v 17.121487 -0.233618 -2.942948
v 17.121487 -0.233702 -2.927125
v 17.074015 0.117392 -2.941054
v 17.074015 -0.233618 -2.942948
v 17.074015 0.117308 -2.925231
v 17.074015 -0.233702 -2.927125
v 17.018631 0.117392 -2.941054
v 17.018631 0.117308 -2.925231
v 16.728525 0.117392 -2.941054
v 16.673141 -0.233618 -2.942948
v 16.673141 0.117392 -2.941054
v 17.862574 -0.233618 -2.942948
v 15.831836 0.117392 -2.941054
v 15.831836 0.117308 -2.925231
v 15.776452 0.117392 -2.941054
v 15.776452 0.117308 -2.925231
v 15.776452 -0.233618 -2.942948
v 15.776452 -0.233702 -2.927125
v 15.728981 0.117392 -2.941054
v 15.728981 -0.233618 -2.942948
v 15.728981 0.117308 -2.925231
v 15.728981 -0.233702 -2.927125
v 15.673596 0.117392 -2.941054
v 15.673596 0.117308 -2.925231
v 14.038459 0.117392 -2.941054
v 14.038459 0.117308 -2.925231
v 13.983075 0.117392 -2.941054
v 13.983075 0.117308 -2.925231
v 13.983075 -0.233618 -2.942948
v 13.983075 -0.233702 -2.927125
v 13.935603 0.117392 -2.941054
v 13.935603 -0.233618 -2.942948
v 13.935603 0.117308 -2.925231
v 13.935603 -0.233702 -2.927125
v 13.880219 0.117392 -2.941054
v 13.880219 0.117308 -2.925231
v 12.245080 0.117392 -2.941054
v 12.245080 0.117308 -2.925231
v 12.189696 0.117392 -2.941054
v 12.189696 0.117308 -2.925231
v 12.189696 -0.233618 -2.942948
v 12.189696 -0.233702 -2.927125
v 12.142224 0.117392 -2.941054
v 12.142224 -0.233618 -2.942948
v 12.142224 0.117308 -2.925231
v 12.142224 -0.233702 -2.927125
v 12.086841 0.117392 -2.941054
v 12.086841 0.117308 -2.925231
v 10.451701 0.117392 -2.941054
v 10.451701 0.117308 -2.925231
v 10.396317 0.117392 -2.941054
v 10.396317 0.117308 -2.925231
v 10.396317 -0.233618 -2.942948
v 10.396317 -0.233702 -2.927125
v 10.348846 0.117392 -2.941054
v 10.348846 -0.233618 -2.942948
v 10.348846 0.117308 -2.925231
v 10.348846 -0.233702 -2.927125
v 10.293462 0.117392 -2.941054
v 10.293462 0.117308 -2.925231
v 8.658324 0.117392 -2.941054
v 8.658324 0.117308 -2.925231
v 8.602940 0.117392 -2.941054
v 8.602940 0.117308 -2.925231
v 8.602940 -0.233618 -2.942948
v 8.602940 -0.233702 -2.927125
v 8.555469 0.117392 -2.941054
v 8.555469 -0.233618 -2.942948
v 8.555469 0.117308 -2.925231
v 8.555469 -0.233702 -2.927125
v 8.500085 0.117392 -2.941054
v 8.500085 0.117308 -2.925231
v 5.968257 0.117392 -2.941054
v 5.968257 0.117308 -2.925231
v 5.912873 0.117392 -2.941054
v 5.912873 0.117308 -2.925231
v 5.912873 -0.233618 -2.942948
v 5.912873 -0.233702 -2.927125
v 5.865401 0.117392 -2.941054
v 5.865401 -0.233618 -2.942948
v 5.865401 0.117308 -2.925231
v 5.865401 -0.233702 -2.927125
v 5.810018 0.117392 -2.941054
v 5.810018 0.117308 -2.925231
v 4.174879 0.117392 -2.941054
v 4.174879 0.117308 -2.925231
v 4.119495 0.117392 -2.941054
v 4.119495 0.117308 -2.925231
v 4.119495 -0.233618 -2.942948
v 4.119495 -0.233702 -2.927125
v 4.072023 0.117392 -2.941054
v 4.072023 -0.233618 -2.942948
v 4.072023 0.117308 -2.925231
v 4.072023 -0.233702 -2.927125
v 4.016640 0.117392 -2.941054
v 4.016640 0.117308 -2.925231
v 2.381500 0.117392 -2.941054
v 2.381500 0.117308 -2.925231
v 2.326117 0.117392 -2.941054
v 2.326117 0.117308 -2.925231
v 2.326117 -0.233618 -2.942948
v 2.326117 -0.233702 -2.927125
v 2.278645 0.117392 -2.941054
v 2.278645 -0.233618 -2.942948
v 2.278645 0.117308 -2.925231
v 2.278645 -0.233702 -2.927125
v 2.223261 0.117392 -2.941054
v 2.223261 0.117308 -2.925231
v 0.588122 0.117392 -2.941054
v 0.588122 0.117308 -2.925231
v 0.532739 0.117392 -2.941054
v 0.532739 0.117308 -2.925231
v 0.532739 -0.233618 -2.942948
v 0.532739 -0.233702 -2.927125
v 0.485267 0.117392 -2.941054
v 0.485267 -0.233618 -2.942948
v 0.485267 0.117308 -2.925231
v 0.485267 -0.233702 -2.927125
v 0.429883 0.117392 -2.941054
v 0.429883 0.117308 -2.925231
v -1.205256 0.117392 -2.941054
v -1.205256 0.117308 -2.925231
v -1.260639 0.117392 -2.941054
v -1.260639 0.117308 -2.925231
v -1.260639 -0.233618 -2.942948
v -1.260639 -0.233702 -2.927125
v -1.308111 0.117392 -2.941054
v -1.308111 -0.233618 -2.942948
v -1.308111 0.117308 -2.925231
v -1.308111 -0.233702 -2.927125
v -1.363495 0.117392 -2.941054
v -1.363495 0.117308 -2.925231
v -2.998634 0.117392 -2.941054
v -2.998634 0.117308 -2.925231
v -3.054018 0.117392 -2.941054
v -3.054018 0.117308 -2.925231
v -3.054018 -0.233618 -2.942948
v -3.054018 -0.233702 -2.927125
v -3.101489 0.117392 -2.941054
v -3.101489 -0.233618 -2.942948
v -3.101489 0.117308 -2.925231
v -3.101489 -0.233702 -2.927125
v -3.156873 0.117392 -2.941054
v -3.156873 0.117308 -2.925231
v -2.101945 0.117308 -2.925231
v -2.157329 0.117308 -2.925231
v -2.157329 -0.233702 -2.927125
v -2.204800 0.117392 -2.941054
v -2.204800 -0.233618 -2.942948
v -2.204800 0.117308 -2.925231
v -2.204800 -0.233702 -2.927125
v -2.260184 0.117392 -2.941054
v -2.260184 0.117308 -2.925231
v -2.550289 0.117392 -2.941054
v -2.605673 -0.233618 -2.942948
v -2.605673 0.117392 -2.941054
v -0.308567 0.117308 -2.925231
v -0.363950 0.117308 -2.925231
v -0.363950 -0.233702 -2.927125
v -0.411422 0.117392 -2.941054
v -0.411422 -0.233618 -2.942948
v -0.411422 0.117308 -2.925231
v -0.411422 -0.233702 -2.927125
v -0.466806 0.117392 -2.941054
v -0.466806 0.117308 -2.925231
v -0.756911 0.117392 -2.941054
v -0.812295 -0.233618 -2.942948
v -0.812295 0.117392 -2.941054
v 1.484811 0.117308 -2.925231
v 1.429428 0.117308 -2.925231
v 1.429428 -0.233702 -2.927125
v 1.381956 0.117392 -2.941054
v 1.381956 -0.233618 -2.942948
v 1.381956 0.117308 -2.925231
v 1.381956 -0.233702 -2.927125
v 1.326572 0.117392 -2.941054
v 1.326572 0.117308 -2.925231
v 1.036467 0.117392 -2.941054
v 0.981083 -0.233618 -2.942948
v 0.981083 0.117392 -2.941054
v 3.278189 0.117308 -2.925231
v 3.222806 0.117308 -2.925231
v 3.222806 -0.233702 -2.927125
v 3.175334 0.117392 -2.941054
v 3.175334 -0.233618 -2.942948
v 3.175334 0.117308 -2.925231
v 3.175334 -0.233702 -2.927125
v 3.119950 0.117392 -2.941054
v 3.119950 0.117308 -2.925231
v 2.829845 0.117392 -2.941054
v 2.774461 -0.233618 -2.942948
v 2.774461 0.117392 -2.941054
v 5.071568 0.117308 -2.925231
v 5.016184 0.117308 -2.925231
v 5.016184 -0.233702 -2.927125
v 4.968712 0.117392 -2.941054
v 4.968712 -0.233618 -2.942948
v 4.968712 0.117308 -2.925231
v 4.968712 -0.233702 -2.927125
v 4.913329 0.117392 -2.941054
v 4.913329 0.117308 -2.925231
v 4.623223 0.117392 -2.941054
v 4.567839 -0.233618 -2.942948
v 4.567839 0.117392 -2.941054
v 7.761635 0.117308 -2.925231
v 7.706251 0.117308 -2.925231
v 7.706251 -0.233702 -2.927125
v 7.658779 0.117392 -2.941054
v 7.658779 -0.233618 -2.942948
v 7.658779 0.117308 -2.925231
v 7.658779 -0.233702 -2.927125
v 7.603395 0.117392 -2.941054
v 7.603395 0.117308 -2.925231
v 7.313291 0.117392 -2.941054
v 7.257906 -0.233618 -2.942948
v 7.257906 0.117392 -2.941054
v 9.555013 0.117308 -2.925231
v 9.499629 0.117308 -2.925231
v 9.499629 -0.233702 -2.927125
v 9.452158 0.117392 -2.941054
v 9.452158 -0.233618 -2.942948
v 9.452158 0.117308 -2.925231
v 9.452158 -0.233702 -2.927125
v 9.396773 0.117392 -2.941054
v 9.396773 0.117308 -2.925231
v 9.106668 0.117392 -2.941054
v 9.051285 -0.233618 -2.942948
v 9.051285 0.117392 -2.941054
v 11.348392 0.117308 -2.925231
v 11.293008 0.117308 -2.925231
v 11.293008 -0.233702 -2.927125
v 11.245536 0.117392 -2.941054
v 11.245536 -0.233618 -2.942948
v 11.245536 0.117308 -2.925231
v 11.245536 -0.233702 -2.927125
v 11.190152 0.117392 -2.941054
v 11.190152 0.117308 -2.925231
v 10.900046 0.117392 -2.941054
v 10.844663 -0.233618 -2.942948
v 10.844663 0.117392 -2.941054
v 13.141768 0.117308 -2.925231
v 13.086385 0.117308 -2.925231
v 13.086385 -0.233702 -2.927125
v 13.038914 0.117392 -2.941054
v 13.038914 -0.233618 -2.942948
v 13.038914 0.117308 -2.925231
v 13.038914 -0.233702 -2.927125
v 12.983529 0.117392 -2.941054
v 12.983529 0.117308 -2.925231
v 12.693425 0.117392 -2.941054
v 12.638041 -0.233618 -2.942948
v 12.638041 0.117392 -2.941054
v 14.935147 0.117308 -2.925231
v 14.879764 0.117308 -2.925231
v 14.879764 -0.233702 -2.927125
v 14.832292 0.117392 -2.941054
v 14.832292 -0.233618 -2.942948
v 14.832292 0.117308 -2.925231
v 14.832292 -0.233702 -2.927125
v 14.776908 0.117392 -2.941054
v 14.776908 0.117308 -2.925231
v 14.486802 0.117392 -2.941054
v 14.431418 -0.233618 -2.942948
v 14.431418 0.117392 -2.941054
v 16.728525 0.117308 -2.925231
v 16.673141 0.117308 -2.925231
v 16.673141 -0.233702 -2.927125
v 16.625669 0.117392 -2.941054
v 16.625669 -0.233618 -2.942948
v 16.625669 0.117308 -2.925231
v 16.625669 -0.233702 -2.927125
v 16.570286 0.117392 -2.941054
v 16.570286 0.117308 -2.925231
v 16.280180 0.117392 -2.941054
v 16.224796 -0.233618 -2.942948
v 16.224796 0.117392 -2.941054
v 16.280180 0.117308 -2.925231
v 16.224796 0.117308 -2.925231
v 16.224796 -0.233702 -2.927125
v 16.177324 0.117392 -2.941054
v 16.177324 -0.233618 -2.942948
v 16.177324 0.117308 -2.925231
v 16.177324 -0.233702 -2.927125
v 16.121941 0.117392 -2.941054
v 16.121941 0.117308 -2.925231
v 14.486802 0.117308 -2.925231
v 14.431418 0.117308 -2.925231
v 14.431418 -0.233702 -2.927125
v 14.383947 0.117392 -2.941054
v 14.383947 -0.233618 -2.942948
v 14.383947 0.117308 -2.925231
v 14.383947 -0.233702 -2.927125
v 14.328563 0.117392 -2.941054
v 14.328563 0.117308 -2.925231
v 12.693425 0.117308 -2.925231
v 12.638041 0.117308 -2.925231
v 12.638041 -0.233702 -2.927125
v 12.590569 0.117392 -2.941054
v 12.590569 -0.233618 -2.942948
v 12.590569 0.117308 -2.925231
v 12.590569 -0.233702 -2.927125
v 12.535186 0.117392 -2.941054
v 12.535186 0.117308 -2.925231
v 10.900046 0.117308 -2.925231
v 10.844663 0.117308 -2.925231
v 10.844663 -0.233702 -2.927125
v 10.797191 0.117392 -2.941054
v 10.797191 -0.233618 -2.942948
v 10.797191 0.117308 -2.925231
v 10.797191 -0.233702 -2.927125
v 10.741807 0.117392 -2.941054
v 10.741807 0.117308 -2.925231
v 9.106668 0.117308 -2.925231
v 9.051285 0.117308 -2.925231
v 9.051285 -0.233702 -2.927125
v 9.003813 0.117392 -2.941054
v 9.003813 -0.233618 -2.942948
v 9.003813 0.117308 -2.925231
v 9.003813 -0.233702 -2.927125
v 8.948429 0.117392 -2.941054
v 8.948429 0.117308 -2.925231
v 7.313291 0.117308 -2.925231
v 7.257906 0.117308 -2.925231
v 7.257906 -0.233702 -2.927125
v 7.210435 0.117392 -2.941054
v 7.210435 -0.233618 -2.942948
v 7.210435 0.117308 -2.925231
v 7.210435 -0.233702 -2.927125
v 6.809562 0.117392 -2.941054
v 6.809562 0.117308 -2.925231
v 6.809562 -0.233618 -2.942948
v 6.809562 -0.233702 -2.927125
v 6.762091 0.117392 -2.941054
v 6.762091 -0.233618 -2.942948
v 6.762091 0.117308 -2.925231
v 6.762091 -0.233702 -2.927125
v 6.361218 0.117392 -2.941054
v 6.361218 0.117308 -2.925231
v 6.361218 -0.233618 -2.942948
v 6.361218 -0.233702 -2.927125
v 6.313745 0.117392 -2.941054
v 6.313745 -0.233618 -2.942948
v 6.313745 0.117308 -2.925231
v 6.313745 -0.233702 -2.927125
v 6.258362 0.117392 -2.941054
v 6.258362 0.117308 -2.925231
v 4.623223 0.117308 -2.925231
v 4.567839 0.117308 -2.925231
v 4.567839 -0.233702 -2.927125
v 4.520368 0.117392 -2.941054
v 4.520368 -0.233618 -2.942948
v 4.520368 0.117308 -2.925231
v 4.520368 -0.233702 -2.927125
v 4.464984 0.117392 -2.941054
v 4.464984 0.117308 -2.925231
v 2.829845 0.117308 -2.925231
v 2.774461 0.117308 -2.925231
v 2.774461 -0.233702 -2.927125
v 2.726990 0.117392 -2.941054
v 2.726990 -0.233618 -2.942948
v 2.726990 0.117308 -2.925231
v 2.726990 -0.233702 -2.927125
v 2.671606 0.117392 -2.941054
v 2.671606 0.117308 -2.925231
v 1.036467 0.117308 -2.925231
v 0.981083 0.117308 -2.925231
v 0.981083 -0.233702 -2.927125
v 0.933611 0.117392 -2.941054
v 0.933611 -0.233618 -2.942948
v 0.933611 0.117308 -2.925231
v 0.933611 -0.233702 -2.927125
v 0.878228 0.117392 -2.941054
v 0.878228 0.117308 -2.925231
v -0.756911 0.117308 -2.925231
v -0.812295 0.117308 -2.925231
v -0.812295 -0.233702 -2.927125
v -0.859767 0.117392 -2.941054
v -0.859767 -0.233618 -2.942948
v -0.859767 0.117308 -2.925231
v -0.859767 -0.233702 -2.927125
v -0.915150 0.117392 -2.941054
v -0.915150 0.117308 -2.925231
v -2.550289 0.117308 -2.925231
v -2.605673 0.117308 -2.925231
v -2.605673 -0.233702 -2.927125
v -2.653145 0.117392 -2.941054
v -2.653145 -0.233618 -2.942948
v -2.653145 0.117308 -2.925231
v -2.653145 -0.233702 -2.927125
v -2.708529 0.117392 -2.941054
v -2.708529 0.117308 -2.925231
v -4.290921 -0.231909 -3.259422
v 17.862574 -0.231909 -3.259422
vn -0.0000 1.0000 0.0054
vn 0.1305 0.9914 0.0053
vn 0.3827 0.9239 0.0050
vn 0.6088 0.7933 0.0043
vn 0.7933 0.6088 0.0033
vn 0.9239 0.3827 0.0021
vn 0.9914 0.1305 0.0007
vn 0.9914 -0.1305 -0.0007
vn 0.9239 -0.3827 -0.0021
vn 0.9239 -0.3826 -0.0021
vn 0.7933 -0.6088 -0.0033
vn 0.6088 -0.7933 -0.0043
vn 0.3827 -0.9239 -0.0050
vn 0.1305 -0.9914 -0.0053
vn -0.0000 -1.0000 -0.0054
vn -0.1305 -0.9914 -0.0053
vn -0.3827 -0.9239 -0.0050
vn -0.6088 -0.7933 -0.0043
vn -0.7934 -0.6087 -0.0033
vn -0.9239 -0.3827 -0.0021
vn -0.9915 -0.1305 -0.0007
vn -0.9915 0.1305 0.0007
vn -0.9239 0.3827 0.0021
vn -0.7934 0.6087 0.0033
vn -0.6088 0.7933 0.0043
vn -0.6087 0.7934 0.0043
vn -0.3827 0.9239 0.0050
vn -0.1305 0.9914 0.0053
vn -0.0000 0.0054 -1.0000
vn -0.6088 -0.7934 -0.0043
vn -0.6088 0.7934 0.0043
vn -0.7933 -0.6088 -0.0033
vn -0.7934 -0.6088 -0.0033
vn -0.9914 -0.1305 -0.0007
vn -0.9914 0.1305 0.0007
vn -0.7934 0.6088 0.0033
vn -0.7933 0.6088 0.0033
vn 0.7934 0.6087 0.0033
vn 0.7934 -0.6087 -0.0033
vn -0.0000 0.0053 -1.0000
vn -0.6087 -0.7934 -0.0043
vn 0.9239 0.3826 0.0021
vn 0.6087 0.7934 0.0043
vn 0.6087 -0.7934 -0.0043
vn -0.0205 -0.0415 -0.9989
vn -0.0228 -0.0602 -0.9979
vn -0.0646 -0.1379 -0.9883
vn -0.0788 -0.2157 -0.9733
vn -0.0535 -0.2233 -0.9733
vn -0.0645 -0.2589 -0.9638
vn -0.0329 -0.2646 -0.9638
vn -0.0402 -0.3107 -0.9497
vn -0.0166 -0.3126 -0.9497
vn -0.0198 -0.3414 -0.9397
vn -0.0072 -0.3419 -0.9397
vn -0.0085 -0.3542 -0.9351
vn -0.0014 -0.3543 -0.9351
vn -0.0017 -0.3592 -0.9332
vn -0.0000 -0.3592 -0.9332
vn -0.0000 -0.3592 -0.9333
vn -0.0000 -0.3591 -0.9333
vn -0.0000 -0.4664 -0.8846
vn -0.0000 -0.5915 -0.8063
vn -0.0000 -0.5913 -0.8064
vn 0.0076 -0.5913 -0.8064
vn 0.0102 -0.5582 -0.8296
vn 0.0347 -0.5572 -0.8296
vn 0.0452 -0.4894 -0.8709
vn 0.0702 -0.4864 -0.8709
vn 0.0876 -0.4125 -0.9067
vn 0.1025 -0.4091 -0.9067
vn 0.1241 -0.3474 -0.9295
vn 0.1341 -0.3438 -0.9294
vn 0.1466 -0.2950 -0.9442
vn 0.1861 -0.4196 -0.8884
vn 0.1237 -0.3852 -0.9145
vn 0.1373 -0.4423 -0.8863
vn 0.0828 -0.5618 -0.8231
vn 0.0855 -0.5688 -0.8180
vn 0.0610 -0.5914 -0.8041
vn 0.0402 -0.6602 -0.7500
vn 0.0355 -0.6401 -0.7675
vn 0.0185 -0.6742 -0.7383
vn 0.0117 -0.7045 -0.7096
vn 0.0087 -0.7214 -0.6925
vn 0.0082 -0.7177 -0.6963
vn 0.0057 -0.7025 -0.7117
vn 0.0036 -0.6940 -0.7200
vn 0.0020 -0.6910 -0.7229
vn -0.0000 -0.6923 -0.7216
vn 0.0007 -0.7035 -0.7107
vn -0.0000 -0.6946 -0.7194
vn -0.0000 -0.6943 -0.7197
vn -0.0783 -0.1836 -0.9799
vn -0.1208 -0.2780 -0.9530
vn -0.0680 -0.2942 -0.9533
vn -0.0865 -0.3388 -0.9369
vn -0.0417 -0.3470 -0.9369
vn -0.0540 -0.4052 -0.9126
vn -0.0208 -0.4080 -0.9127
vn -0.0268 -0.4442 -0.8956
vn -0.0089 -0.4448 -0.8956
vn -0.0116 -0.4602 -0.8877
vn -0.0017 -0.4603 -0.8877
vn -0.0023 -0.4665 -0.8845
vn -0.0000 -0.4665 -0.8845
vn -0.0000 -0.6942 -0.7197
vn -0.1292 -0.3675 -0.9210
vn -0.1433 -0.2970 -0.9441
vn -0.1808 -0.4714 -0.8632
vn -0.1402 -0.4021 -0.9048
vn -0.1061 -0.5249 -0.8445
vn -0.1088 -0.4361 -0.8933
vn -0.0543 -0.4461 -0.8933
vn -0.0840 -0.5404 -0.8372
vn -0.0637 -0.6176 -0.7839
vn -0.0676 -0.5178 -0.8528
vn -0.0266 -0.5213 -0.8530
vn -0.0525 -0.6060 -0.7937
vn -0.0311 -0.6619 -0.7489
vn -0.0336 -0.5649 -0.8244
vn -0.0113 -0.5657 -0.8245
vn -0.0313 -0.6627 -0.7482
vn -0.0181 -0.6683 -0.7437
vn -0.0132 -0.6880 -0.7256
vn -0.0090 -0.6816 -0.7316
vn -0.0034 -0.6959 -0.7181
vn -0.0026 -0.7015 -0.7127
vn -0.0006 -0.6934 -0.7205
vn -0.0000 -0.6938 -0.7202
vn -0.0000 -0.6940 -0.7200
vn -0.0000 -0.5916 -0.8062
vn 0.1250 -0.2581 -0.9580
vn 0.0807 -0.1822 -0.9800
vn 0.0802 -0.2016 -0.9762
vn 0.0668 -0.1274 -0.9896
vn 0.0478 -0.1342 -0.9898
vn 0.0432 -0.1586 -0.9864
vn 0.0342 -0.1607 -0.9864
vn 0.0306 -0.1917 -0.9810
vn 0.0181 -0.1932 -0.9810
vn 0.0154 -0.2232 -0.9746
vn 0.0042 -0.2237 -0.9747
vn 0.0033 -0.2389 -0.9710
vn -0.0000 -0.2389 -0.9711
vn -0.0000 -0.2390 -0.9710
vn -0.0000 -0.2389 -0.9710
vn -0.0000 -0.0768 -0.9970
vn 0.0226 -0.0602 -0.9979
vn 0.0212 -0.0429 -0.9989
vn 0.0167 -0.0417 -0.9990
vn 0.0142 -0.0518 -0.9986
vn 0.0120 -0.0500 -0.9987
vn 0.0096 -0.0648 -0.9979
vn 0.0063 -0.0597 -0.9982
vn 0.0042 -0.0773 -0.9970
vn 0.0015 -0.0688 -0.9976
vn 0.0006 -0.0800 -0.9968
vn -0.0000 -0.0767 -0.9971
vn -0.0006 -0.0792 -0.9969
vn -0.0004 -0.0775 -0.9970
vn -0.0022 -0.0725 -0.9974
vn -0.0042 -0.0763 -0.9971
vn -0.0050 -0.0667 -0.9978
vn -0.0103 -0.0622 -0.9980
vn -0.0209 -0.1747 -0.9844
vn -0.0464 -0.1700 -0.9843
vn -0.0083 -0.0562 -0.9984
vn -0.0162 -0.0509 -0.9986
vn -0.0344 -0.1471 -0.9885
vn -0.0130 -0.0459 -0.9989
vn -0.0882 -0.3799 -0.9208
vn -0.0292 -0.2056 -0.9782
vn -0.0106 -0.2071 -0.9783
vn -0.0145 -0.2267 -0.9738
vn -0.0047 -0.2271 -0.9739
vn -0.0063 -0.2355 -0.9718
vn -0.0022 -0.5843 -0.8115
vn -0.0146 -0.5841 -0.8115
vn -0.0029 -0.5916 -0.8062
vn -0.0009 -0.2356 -0.9718
vn -0.0012 -0.2390 -0.9710
vn -0.0000 -0.4662 -0.8847
vn 0.0061 -0.4662 -0.8846
vn 0.0080 -0.4385 -0.8987
vn 0.0283 -0.4377 -0.8987
vn 0.0349 -0.3820 -0.9235
vn 0.0567 -0.3794 -0.9235
vn 0.0671 -0.3203 -0.9449
vn 0.0817 -0.3169 -0.9449
vn 0.0945 -0.2691 -0.9585
vn -0.0000 -0.3590 -0.9333
vn 0.0050 -0.3590 -0.9333
vn 0.0057 -0.3369 -0.9415
vn 0.0230 -0.3362 -0.9415
vn 0.0250 -0.2924 -0.9560
vn 0.0458 -0.2899 -0.9560
vn 0.0480 -0.2448 -0.9684
vn 0.0652 -0.2408 -0.9684
vn 0.0678 -0.2059 -0.9762
vn -0.1605 -0.2404 -0.9573
vn -0.1512 -0.2922 -0.9443
vn -0.1155 -0.1609 -0.9802
vn -0.0425 -0.0480 -0.9979
vn -0.0597 -0.0880 -0.9943
vn -0.0848 -0.1327 -0.9875
vn -0.0726 -0.1404 -0.9874
vn -0.0698 -0.1066 -0.9919
vn -0.0520 -0.3903 -0.9192
vn -0.0484 -0.4820 -0.8748
vn -0.0021 0.0021 -1.0000
vn -0.0095 -0.0091 -0.9999
vn -0.0316 -0.0401 -0.9987
vn -0.0235 -0.0157 -0.9996
vn -0.0515 -0.0933 -0.9943
vn -0.0338 -0.0260 -0.9991
vn -0.0037 -0.0024 -1.0000
vn -0.0048 -0.0065 -1.0000
vn -0.0066 -0.0007 -1.0000
vn -0.0204 -0.0347 -0.9992
vn -0.0095 -0.0036 -0.9999
vn -0.0143 -0.0216 -0.9997
vn 0.0408 -0.0491 -0.9980
vn 0.0216 -0.0259 -0.9994
vn 0.0085 -0.0079 -0.9999
vn 0.1356 -0.1484 -0.9796
vn 0.0889 -0.1318 -0.9873
vn 0.0593 -0.0968 -0.9935
vn 0.0737 -0.1412 -0.9872
vn 0.0505 -0.0340 -0.9981
vn 0.0962 -0.2149 -0.9719
vn 0.0987 -0.0361 -0.9945
vn 0.0989 -0.0389 -0.9943
vn 0.0624 -0.2491 -0.9665
vn 0.0507 -0.3978 -0.9161
vn 0.1091 -0.2070 -0.9722
vn 0.1947 -0.2655 -0.9442
vn 0.1560 -0.3289 -0.9314
vn 0.0191 -0.0424 -0.9989
vn 0.0147 -0.0260 -0.9996
vn 0.0290 -0.0481 -0.9984
vn 0.0433 -0.0265 -0.9987
vn 0.0386 -0.0754 -0.9964
vn 0.0239 -0.0199 -0.9995
vn -0.0000 0.0055 -1.0000
vn 0.0716 0.0822 -0.9940
vn 0.0735 0.0831 -0.9938
vn 0.0814 0.0745 -0.9939
vn 0.0887 0.0764 -0.9931
vn 0.0955 0.0670 -0.9932
vn 0.0371 0.0317 -0.9988
vn 0.0400 0.0268 -0.9988
vn 0.0441 0.0507 -0.9977
vn 0.0239 0.0386 -0.9990
vn 0.0300 0.0320 -0.9990
vn 0.0331 0.0324 -0.9989
vn 0.0357 0.0289 -0.9989
vn 0.0146 0.0206 -0.9997
vn 0.0416 0.0297 -0.9987
vn 0.0441 0.0246 -0.9987
vn 0.0463 0.0276 -0.9985
vn 0.0486 0.0216 -0.9986
vn 0.0541 0.0262 -0.9982
vn 0.0526 0.0222 -0.9984
vn 0.1452 0.0448 -0.9884
vn 0.1435 0.0423 -0.9887
vn 0.1550 0.0392 -0.9871
vn 0.1552 0.0381 -0.9871
vn 0.1574 0.0355 -0.9869
vn 0.1583 0.0309 -0.9869
vn 0.0592 0.0168 -0.9981
vn 0.0621 0.0158 -0.9979
vn 0.0567 0.0190 -0.9982
vn 0.0579 0.0203 -0.9981
vn 0.0582 0.0187 -0.9981
vn 0.0592 0.0171 -0.9981
vn 0.0625 0.0129 -0.9980
vn 0.0642 0.0142 -0.9978
vn 0.1709 0.0250 -0.9850
vn 0.1716 0.0183 -0.9850
vn 0.1661 0.0156 -0.9860
vn 0.1837 0.0089 -0.9829
vn 0.1106 0.0116 -0.9938
vn 0.0665 -0.0019 -0.9978
vn 0.0369 0.0068 -0.9993
vn 0.0646 0.0104 -0.9979
vn 0.0657 0.0112 -0.9978
vn 0.1556 0.0294 -0.9874
vn 0.1320 0.0518 -0.9899
vn 0.1289 0.0492 -0.9904
vn 0.1241 0.0616 -0.9904
vn 0.1178 0.0554 -0.9915
vn 0.1118 0.0676 -0.9914
vn 0.1068 0.0615 -0.9924
vn 0.0999 0.0732 -0.9923
vn -0.0622 0.0901 -0.9940
vn -0.0601 0.0820 -0.9948
vn -0.0493 0.0893 -0.9948
vn -0.0492 0.0880 -0.9949
vn -0.0395 0.0896 -0.9952
vn -0.0392 0.0920 -0.9950
vn -0.0276 0.0894 -0.9956
vn -0.0102 0.0375 -0.9992
vn -0.0084 0.0400 -0.9992
vn -0.0364 0.0571 -0.9977
vn -0.0444 0.0802 -0.9958
vn -0.0127 0.0222 -0.9997
vn -0.0090 0.0202 -0.9998
vn -0.0056 0.0170 -0.9998
vn -0.0123 0.0382 -0.9992
vn -0.0135 0.0368 -0.9992
vn -0.0258 0.0413 -0.9988
vn -0.0040 0.0392 -0.9992
vn -0.0042 0.0385 -0.9993
vn -0.0076 0.0390 -0.9992
vn -0.0208 0.0957 -0.9952
vn -0.0263 0.0878 -0.9958
vn -0.0014 0.0392 -0.9992
vn -0.0008 0.0411 -0.9992
vn -0.0000 0.0389 -0.9992
vn -0.0000 0.0391 -0.9992
vn -0.0000 0.0394 -0.9992
vn -0.0000 0.0959 -0.9954
vn -0.0000 0.0395 -0.9992
vn 0.0002 0.0393 -0.9992
vn 0.0009 0.0411 -0.9992
vn 0.0015 0.0391 -0.9992
vn 0.0039 0.0393 -0.9992
vn 0.0107 0.0984 -0.9951
vn 0.0146 0.0898 -0.9958
vn 0.0201 0.0979 -0.9950
vn 0.0261 0.0874 -0.9958
vn 0.0326 0.0953 -0.9949
vn 0.0387 0.0881 -0.9954
vn 0.0496 0.0935 -0.9944
vn 0.0494 0.0892 -0.9948
vn 0.0602 0.0819 -0.9948
vn 0.0623 0.0900 -0.9940
vn 0.0040 0.0395 -0.9992
vn 0.0070 0.0382 -0.9992
vn 0.0083 0.0399 -0.9992
vn 0.0109 0.0368 -0.9993
vn 0.0120 0.0376 -0.9992
vn 0.0218 0.0363 -0.9991
vn 0.0484 0.0914 -0.9946
vn 0.0365 0.0570 -0.9977
vn 0.0056 0.0169 -0.9998
vn 0.0090 0.0202 -0.9998
vn 0.0127 0.0222 -0.9997
vn 0.0066 0.0922 -0.9957
vn 0.0041 0.0985 -0.9951
vn 0.0005 0.0914 -0.9958
vn 0.0004 0.0908 -0.9959
vn -0.0000 0.0955 -0.9954
vn -0.0001 0.0968 -0.9953
vn -0.0004 0.0911 -0.9958
vn -0.0038 0.0988 -0.9951
vn -0.0066 0.0921 -0.9957
vn -0.0121 0.1007 -0.9948
vn -0.0146 0.0899 -0.9958
vn -0.1836 0.0164 -0.9829
vn -0.1545 0.0100 -0.9879
vn -0.1715 0.0182 -0.9850
vn -0.0657 0.0112 -0.9978
vn -0.0646 0.0104 -0.9979
vn -0.1106 0.0116 -0.9938
vn -0.0665 -0.0019 -0.9978
vn -0.0369 0.0068 -0.9993
vn -0.0642 0.0142 -0.9978
vn -0.0625 0.0129 -0.9980
vn -0.0619 0.0172 -0.9979
vn -0.0595 0.0153 -0.9981
vn -0.0592 0.0172 -0.9981
vn -0.0573 0.0192 -0.9982
vn -0.0579 0.0201 -0.9981
vn -0.0582 0.0187 -0.9981
vn -0.1574 0.0355 -0.9869
vn -0.1583 0.0309 -0.9869
vn -0.1556 0.0294 -0.9874
vn -0.1709 0.0250 -0.9850
vn -0.0526 0.0218 -0.9984
vn -0.0530 0.0230 -0.9983
vn -0.0477 0.0241 -0.9986
vn -0.0467 0.0266 -0.9986
vn -0.1265 0.0556 -0.9904
vn -0.1182 0.0594 -0.9912
vn -0.1169 0.0574 -0.9915
vn -0.1120 0.0676 -0.9914
vn -0.1069 0.0615 -0.9924
vn -0.1000 0.0732 -0.9923
vn -0.0955 0.0670 -0.9932
vn -0.0871 0.0786 -0.9931
vn -0.0834 0.0724 -0.9939
vn -0.0731 0.0836 -0.9938
vn -0.0722 0.0817 -0.9940
vn -0.0441 0.0506 -0.9977
vn -0.0239 0.0386 -0.9990
vn -0.0146 0.0206 -0.9997
vn -0.0465 0.0256 -0.9986
vn -0.0429 0.0271 -0.9987
vn -0.0416 0.0298 -0.9987
vn -0.0400 0.0269 -0.9988
vn -0.0371 0.0317 -0.9988
vn -0.0357 0.0289 -0.9989
vn -0.0322 0.0336 -0.9989
vn -0.0311 0.0308 -0.9990
vn -0.1292 0.0488 -0.9904
vn -0.1333 0.0521 -0.9897
vn -0.1457 0.0438 -0.9884
vn -0.1445 0.0426 -0.9886
vn -0.1551 0.0386 -0.9871
vn -0.1552 0.0381 -0.9871
vn 0.0369 0.0061 -0.9993
vn 0.0484 0.4913 -0.8697
vn 0.1096 -0.3416 -0.9334
vn 0.1102 0.7497 -0.6526
vn -0.1102 0.7496 -0.6526
vn -0.1096 -0.3416 -0.9334
vn -0.0484 0.4911 -0.8698
vn -0.0369 0.0061 -0.9993
vn -0.0603 0.0878 -0.9943
vn -0.0591 0.1043 -0.9928
vn -0.0488 0.1076 -0.9930
vn -0.0596 0.1856 -0.9808
vn -0.0358 0.1088 -0.9934
vn -0.0394 0.1016 -0.9940
vn -0.0192 0.0947 -0.9953
vn -0.0199 0.1200 -0.9926
vn -0.0088 0.1123 -0.9936
vn -0.0084 0.1160 -0.9932
vn -0.0021 0.1161 -0.9932
vn -0.0006 0.1263 -0.9920
vn -0.0000 0.1162 -0.9932
vn -0.0000 0.1161 -0.9932
vn -0.0000 0.1079 -0.9942
vn 0.0008 0.1035 -0.9946
vn 0.0020 0.1064 -0.9943
vn 0.0086 0.1095 -0.9939
vn 0.0088 0.1123 -0.9936
vn 0.0200 0.1200 -0.9926
vn 0.0006 0.1263 -0.9920
vn 0.0021 0.1161 -0.9932
vn 0.0084 0.1160 -0.9932
vn 0.0192 0.0948 -0.9953
vn 0.0588 0.1839 -0.9812
vn 0.0357 0.1088 -0.9934
vn 0.0424 0.0955 -0.9945
vn 0.0411 0.1097 -0.9931
vn 0.0590 0.1038 -0.9928
vn 0.0602 0.0875 -0.9943
vn 0.0223 0.1067 -0.9940
vn 0.0209 0.1099 -0.9937
vn 0.0103 0.1066 -0.9943
vn -0.0008 0.1035 -0.9946
vn -0.0020 0.1064 -0.9943
vn -0.0086 0.1095 -0.9939
vn -0.0103 0.1066 -0.9943
vn -0.0209 0.1099 -0.9937
vn -0.0223 0.1067 -0.9940
vn -0.2055 0.0140 -0.9785
vn -0.2292 0.0183 -0.9732
vn -0.1862 0.0251 -0.9822
vn -0.2478 0.0392 -0.9680
vn -0.1752 0.0366 -0.9839
vn -0.1715 0.0375 -0.9845
vn -0.1409 0.0366 -0.9894
vn -0.1442 0.0469 -0.9884
vn -0.1125 0.0461 -0.9926
vn -0.1154 0.0536 -0.9919
vn -0.0860 0.0532 -0.9949
vn -0.0891 0.0614 -0.9941
vn -0.0645 0.0612 -0.9960
vn -0.0675 0.0705 -0.9952
vn -0.0456 0.0705 -0.9965
vn -0.0482 0.0814 -0.9955
vn -0.0314 0.0814 -0.9962
vn -0.0335 0.0938 -0.9950
vn -0.0211 0.0954 -0.9952
vn -0.1745 0.0410 -0.9838
vn -0.1766 0.0478 -0.9831
vn -0.1439 0.0467 -0.9885
vn -0.1470 0.0543 -0.9876
vn -0.1152 0.0535 -0.9919
vn -0.1190 0.0619 -0.9910
vn -0.0894 0.0616 -0.9941
vn -0.0933 0.0709 -0.9931
vn -0.0679 0.0708 -0.9952
vn -0.0717 0.0815 -0.9941
vn -0.0484 0.0816 -0.9955
vn -0.0511 0.0919 -0.9945
vn -0.0386 0.0974 -0.9945
vn -0.1791 0.0489 -0.9826
vn -0.1653 0.0547 -0.9847
vn -0.1466 0.0541 -0.9877
vn -0.1498 0.0606 -0.9869
vn -0.1455 0.0624 -0.9874
vn -0.1505 0.0710 -0.9861
vn -0.1233 0.0705 -0.9899
vn -0.1228 0.0713 -0.9899
vn -0.0937 0.0711 -0.9931
vn -0.0984 0.0812 -0.9918
vn -0.0979 0.0817 -0.9918
vn -0.1006 0.0882 -0.9910
vn -0.0854 0.0950 -0.9918
vn -0.2015 0.0699 -0.9770
vn -0.1243 0.0732 -0.9895
vn -0.1171 0.0828 -0.9897
vn -0.0756 0.0913 -0.9929
vn -0.0639 0.0987 -0.9931
vn -0.0212 0.0956 -0.9952
vn -0.0096 0.0937 -0.9956
vn -0.0086 0.0923 -0.9957
vn -0.0008 0.0965 -0.9953
vn -0.0005 0.0949 -0.9955
vn -0.0000 0.0946 -0.9955
vn -0.0000 0.0814 -0.9967
vn -0.0000 0.0702 -0.9975
vn -0.0000 0.0605 -0.9982
vn -0.0000 0.0520 -0.9986
vn -0.0000 0.0519 -0.9986
vn -0.0000 0.0443 -0.9990
vn -0.0000 0.0341 -0.9994
vn -0.0000 0.0220 -0.9998
vn -0.0000 0.0120 -0.9999
vn 0.0001 0.0341 -0.9994
vn 0.0001 0.0443 -0.9990
vn 0.0025 0.0443 -0.9990
vn 0.0026 0.0520 -0.9986
vn 0.0097 0.0520 -0.9986
vn 0.0101 0.0605 -0.9981
vn 0.0234 0.0605 -0.9979
vn 0.0246 0.0703 -0.9972
vn 0.0402 0.0703 -0.9967
vn 0.0426 0.0815 -0.9958
vn 0.0573 0.0815 -0.9950
vn 0.0619 0.0965 -0.9934
vn 0.0636 0.0976 -0.9932
vn 0.0001 0.0947 -0.9955
vn 0.0008 0.0975 -0.9952
vn 0.0032 0.0941 -0.9956
vn 0.0097 0.0953 -0.9954
vn 0.0120 0.0926 -0.9956
vn 0.0212 0.0966 -0.9951
vn 0.0275 0.0909 -0.9955
vn 0.0386 0.0977 -0.9945
vn 0.0454 0.0936 -0.9946
vn 0.0822 0.0920 -0.9924
vn 0.0809 0.0982 -0.9919
vn 0.0743 0.0816 -0.9939
vn 0.0742 0.0817 -0.9939
vn 0.0701 0.0706 -0.9950
vn 0.0699 0.0708 -0.9950
vn 0.0666 0.0610 -0.9959
vn 0.0663 0.0612 -0.9959
vn 0.0638 0.0525 -0.9966
vn 0.0634 0.0528 -0.9966
vn 0.0614 0.0449 -0.9971
vn 0.0610 0.0451 -0.9971
vn 0.0587 0.0346 -0.9977
vn 0.0579 0.0348 -0.9977
vn 0.0560 0.0224 -0.9982
vn 0.0554 0.0225 -0.9982
vn 0.0546 0.0117 -0.9984
vn 0.0698 0.0126 -0.9975
vn 0.0759 0.0110 -0.9971
vn 0.0880 0.0132 -0.9960
vn 0.1043 0.0113 -0.9945
vn 0.1097 0.0129 -0.9939
vn 0.1371 0.0131 -0.9905
vn 0.1381 0.0241 -0.9901
vn 0.1731 0.0248 -0.9846
vn 0.1752 0.0366 -0.9839
vn 0.2479 0.0392 -0.9680
vn 0.0963 0.0890 -0.9914
vn 0.1117 0.0962 -0.9891
vn 0.1079 0.0776 -0.9911
vn 0.1327 0.0769 -0.9882
vn 0.1132 0.0827 -0.9901
vn 0.1133 0.0819 -0.9902
vn 0.0926 0.0819 -0.9923
vn 0.0928 0.0817 -0.9923
vn 0.1505 0.0710 -0.9861
vn 0.1286 0.0706 -0.9892
vn 0.1277 0.0714 -0.9892
vn 0.1069 0.0712 -0.9917
vn 0.1071 0.0711 -0.9917
vn 0.0875 0.0710 -0.9936
vn 0.0877 0.0708 -0.9936
vn 0.2008 0.0698 -0.9771
vn 0.1498 0.0606 -0.9869
vn 0.1455 0.0624 -0.9874
vn 0.1242 0.0619 -0.9903
vn 0.1240 0.0620 -0.9903
vn 0.1024 0.0617 -0.9928
vn 0.1025 0.0617 -0.9928
vn 0.0833 0.0615 -0.9946
vn 0.0836 0.0613 -0.9946
vn 0.1649 0.0547 -0.9848
vn 0.1788 0.0488 -0.9827
vn 0.1766 0.0478 -0.9831
vn 0.1745 0.0410 -0.9838
vn 0.1715 0.0375 -0.9845
vn 0.1863 0.0251 -0.9822
vn 0.2293 0.0183 -0.9732
vn 0.2055 0.0140 -0.9785
vn 0.1720 0.0137 -0.9850
vn 0.1535 0.0081 -0.9881
vn 0.0464 0.0087 -0.9989
vn 0.0419 0.0109 -0.9991
vn 0.0426 0.0223 -0.9988
vn 0.0430 0.0222 -0.9988
vn 0.0445 0.0345 -0.9984
vn 0.0450 0.0344 -0.9984
vn 0.0469 0.0448 -0.9979
vn 0.0472 0.0446 -0.9979
vn 0.0488 0.0525 -0.9974
vn 0.0490 0.0523 -0.9974
vn 0.0510 0.0609 -0.9968
vn 0.0513 0.0608 -0.9968
vn 0.0538 0.0705 -0.9961
vn 0.0540 0.0704 -0.9961
vn 0.0572 0.0816 -0.9950
vn 0.0316 0.0126 -0.9994
vn 0.0252 0.0116 -0.9996
vn 0.0196 0.0133 -0.9997
vn 0.0166 0.0122 -0.9998
vn 0.0119 0.0117 -0.9999
vn 0.0081 0.0123 -0.9999
vn 0.0085 0.0121 -0.9999
vn 0.0086 0.0220 -0.9997
vn 0.0087 0.0220 -0.9997
vn 0.0090 0.0341 -0.9994
vn 0.0094 0.0443 -0.9990
vn 0.0051 0.0114 -0.9999
vn 0.0028 0.0117 -0.9999
vn 0.0023 0.0120 -0.9999
vn 0.0010 0.0117 -0.9999
vn 0.0001 0.0120 -0.9999
vn -0.0003 0.0123 -0.9999
vn -0.0003 0.0220 -0.9998
vn -0.0003 0.0341 -0.9994
vn -0.0004 0.0443 -0.9990
vn -0.0004 0.0519 -0.9986
vn -0.0004 0.0520 -0.9986
vn -0.0004 0.0605 -0.9982
vn -0.0004 0.0702 -0.9975
vn -0.0004 0.0814 -0.9967
vn -0.0009 0.0119 -0.9999
vn -0.0048 0.0117 -0.9999
vn -0.0062 0.0126 -0.9999
vn -0.0124 0.0111 -0.9999
vn -0.0148 0.0121 -0.9998
vn -0.0234 0.0117 -0.9997
vn -0.0237 0.0220 -0.9995
vn -0.0239 0.0221 -0.9995
vn -0.0247 0.0342 -0.9991
vn -0.0249 0.0342 -0.9991
vn -0.0259 0.0444 -0.9987
vn -0.0260 0.0445 -0.9987
vn -0.0269 0.0520 -0.9983
vn -0.0270 0.0521 -0.9983
vn -0.0281 0.0606 -0.9978
vn -0.0282 0.0606 -0.9978
vn -0.0296 0.0702 -0.9971
vn -0.0297 0.0703 -0.9971
vn -0.0245 0.0112 -0.9996
vn -0.0357 0.0128 -0.9993
vn -0.0361 0.0221 -0.9991
vn -0.0365 0.0222 -0.9991
vn -0.0377 0.0343 -0.9987
vn -0.0381 0.0345 -0.9987
vn -0.0396 0.0445 -0.9982
vn -0.0399 0.0447 -0.9982
vn -0.0412 0.0522 -0.9978
vn -0.0415 0.0524 -0.9978
vn -0.0431 0.0607 -0.9972
vn -0.0433 0.0609 -0.9972
vn -0.0454 0.0703 -0.9965
vn -0.0419 0.0107 -0.9991
vn -0.0529 0.0134 -0.9985
vn -0.0536 0.0223 -0.9983
vn -0.0542 0.0225 -0.9983
vn -0.0559 0.0346 -0.9978
vn -0.0568 0.0348 -0.9978
vn -0.0589 0.0448 -0.9973
vn -0.0594 0.0451 -0.9972
vn -0.0612 0.0524 -0.9967
vn -0.0617 0.0528 -0.9967
vn -0.0641 0.0609 -0.9961
vn -0.0663 0.0105 -0.9977
vn -0.0754 0.0136 -0.9971
vn -0.0762 0.0227 -0.9968
vn -0.0770 0.0229 -0.9968
vn -0.0792 0.0351 -0.9962
vn -0.0801 0.0354 -0.9962
vn -0.0828 0.0453 -0.9955
vn -0.0833 0.0456 -0.9955
vn -0.0857 0.0530 -0.9949
vn -0.1002 0.0110 -0.9949
vn -0.1045 0.0129 -0.9944
vn -0.1055 0.0232 -0.9942
vn -0.1062 0.0235 -0.9941
vn -0.1086 0.0358 -0.9934
vn -0.1092 0.0360 -0.9934
vn -0.1124 0.0461 -0.9926
vn -0.1371 0.0131 -0.9905
vn -0.1535 0.0081 -0.9881
vn -0.1720 0.0137 -0.9850
vn -0.1187 0.0618 -0.9910
vn -0.1381 0.0240 -0.9901
vn -0.1731 0.0248 -0.9846
vn -0.1729 0.0248 -0.9846
vn -0.0062 0.0220 -0.9997
vn -0.0150 0.0220 -0.9996
vn -0.0151 0.0220 -0.9996
vn -0.0156 0.0341 -0.9993
vn -0.0157 0.0342 -0.9993
vn -0.0163 0.0443 -0.9989
vn -0.0164 0.0444 -0.9989
vn -0.0169 0.0520 -0.9985
vn -0.0170 0.0520 -0.9985
vn -0.0177 0.0605 -0.9980
vn -0.0177 0.0606 -0.9980
vn -0.0186 0.0702 -0.9974
vn -0.0197 0.0814 -0.9965
vn 0.0001 0.0220 -0.9998
vn 0.0023 0.0220 -0.9998
vn 0.0320 0.0222 -0.9992
vn 0.0198 0.0221 -0.9996
vn 0.0199 0.0220 -0.9996
vn 0.0206 0.0342 -0.9992
vn 0.0207 0.0341 -0.9992
vn 0.0216 0.0445 -0.9988
vn 0.0217 0.0444 -0.9988
vn 0.0224 0.0521 -0.9984
vn 0.0225 0.0520 -0.9984
vn 0.0234 0.0606 -0.9979
vn 0.0707 0.0228 -0.9972
vn 0.0714 0.0226 -0.9972
vn 0.0736 0.0352 -0.9967
vn 0.0744 0.0350 -0.9966
vn 0.0772 0.0455 -0.9960
vn 0.0776 0.0453 -0.9960
vn 0.0800 0.0531 -0.9954
vn 0.0803 0.0529 -0.9954
vn 0.0890 0.0231 -0.9958
vn 0.0897 0.0230 -0.9957
vn 0.0921 0.0356 -0.9951
vn 0.0928 0.0354 -0.9951
vn 0.0959 0.0458 -0.9943
vn 0.0961 0.0457 -0.9943
vn 0.0988 0.0534 -0.9937
vn 0.0990 0.0533 -0.9937
vn 0.1107 0.0235 -0.9936
vn 0.1114 0.0234 -0.9935
vn 0.1139 0.0361 -0.9928
vn 0.1144 0.0360 -0.9928
vn 0.1177 0.0462 -0.9920
vn 0.1206 0.0536 -0.9913
vn 0.1204 0.0537 -0.9913
vn 0.1729 0.0248 -0.9846
vn -0.1410 0.0367 -0.9893
vn -0.1385 0.0241 -0.9901
vn -0.0065 0.0341 -0.9994
vn -0.0063 0.0220 -0.9997
vn 0.0024 0.0341 -0.9994
vn 0.0333 0.0344 -0.9989
vn 0.0322 0.0221 -0.9992
vn 0.0337 0.0343 -0.9988
vn 0.1410 0.0366 -0.9893
vn 0.1385 0.0240 -0.9901
vn 0.1409 0.0367 -0.9893
vn -0.0068 0.0443 -0.9990
vn 0.0350 0.0446 -0.9984
vn 0.0352 0.0445 -0.9984
vn 0.1442 0.0468 -0.9884
vn 0.1440 0.0469 -0.9885
vn -0.0070 0.0520 -0.9986
vn 0.0001 0.0519 -0.9986
vn 0.0001 0.0520 -0.9986
vn 0.0001 0.0605 -0.9982
vn 0.0001 0.0702 -0.9975
vn 0.0001 0.0814 -0.9967
vn 0.0364 0.0522 -0.9980
vn 0.0366 0.0521 -0.9980
vn 0.1469 0.0541 -0.9877
vn 0.1467 0.0542 -0.9877
vn -0.0073 0.0605 -0.9981
vn 0.0026 0.0519 -0.9986
vn 0.0027 0.0605 -0.9982
vn 0.0106 0.0702 -0.9975
vn 0.0247 0.0702 -0.9972
vn 0.0261 0.0814 -0.9963
vn 0.0427 0.0814 -0.9958
vn 0.0381 0.0607 -0.9974
vn 0.0382 0.0606 -0.9974
vn 0.0401 0.0704 -0.9967
vn 0.0028 0.0702 -0.9975
vn 0.0030 0.0814 -0.9967
vn -0.0077 0.0702 -0.9975
vn -0.0081 0.0814 -0.9967
vn -0.0082 0.0814 -0.9966
vn -0.0720 0.0817 -0.9941
vn 0.0107 0.0702 -0.9975
vn 0.0113 0.0814 -0.9966
vn -0.0000 0.1359 -0.9907
vn -0.0000 0.3877 -0.9218
vn -0.0000 0.6130 -0.7900
vn -0.0000 0.6130 -0.7901
vn -0.0000 0.7966 -0.6045
vn -0.0000 0.9259 -0.3777
vn -0.0000 0.9921 -0.1252
vn -0.0000 0.9907 0.1359
vn -0.0000 0.9218 0.3877
vn -0.0000 0.7901 0.6130
vn -0.0000 0.6045 0.7966
vn -0.0000 0.3777 0.9259
vn -0.0000 0.1252 0.9921
vn -0.0000 -0.0054 1.0000
vn 1.0000 -0.0000 -0.0000
vn 0.1063 -0.0054 0.9943
vn 0.1304 0.0361 0.9908
vn 0.3141 -0.0371 0.9487
vn 0.3819 0.0589 0.9223
vn 0.5074 -0.0496 0.8603
vn 0.6074 0.0631 0.7919
vn 0.6780 -0.0430 0.7338
vn 0.7923 0.0487 0.6082
vn 0.8185 -0.0173 0.5743
vn 0.9237 0.0157 0.3827
vn 0.9290 -0.0107 0.3700
vn 0.9914 0.0084 0.1306
vn 0.9920 -0.0007 0.1260
vn 0.9920 0.0007 -0.1261
vn 0.9914 0.0095 -0.1305
vn 0.9289 -0.0065 -0.3702
vn 0.9237 0.0198 -0.3825
vn 0.8185 -0.0111 -0.5744
vn 0.7923 0.0553 -0.6077
vn 0.6780 -0.0351 -0.7342
vn 0.6074 0.0716 -0.7912
vn 0.5074 -0.0403 -0.8608
vn 0.3819 0.0688 -0.9216
vn 0.3141 -0.0269 -0.9490
vn 0.1304 0.0467 -0.9904
vn 0.1063 0.0054 -0.9943
vn 0.7934 0.6088 0.0033
vn -1.0000 -0.0000 -0.0000
vn -0.1063 0.0054 -0.9943
vn -0.1304 0.0467 -0.9904
vn -0.3141 -0.0269 -0.9490
vn -0.3819 0.0688 -0.9216
vn -0.5074 -0.0403 -0.8608
vn -0.6074 0.0716 -0.7912
vn -0.6780 -0.0351 -0.7342
vn -0.7923 0.0553 -0.6076
vn -0.8185 -0.0111 -0.5744
vn -0.9237 0.0198 -0.3825
vn -0.9290 -0.0067 -0.3701
vn -0.9914 0.0098 -0.1305
vn -0.9920 0.0006 -0.1260
vn -0.9920 -0.0006 0.1261
vn -0.9914 0.0081 0.1306
vn -0.9289 -0.0105 0.3701
vn -0.9237 0.0157 0.3827
vn -0.8185 -0.0173 0.5743
vn -0.7923 0.0487 0.6082
vn -0.6780 -0.0430 0.7338
vn -0.6074 0.0631 0.7919
vn -0.5074 -0.0496 0.8603
vn -0.3819 0.0589 0.9223
vn -0.3141 -0.0371 0.9487
vn -0.1304 0.0361 0.9908
vn -0.1063 -0.0054 0.9943
vn 0.9914 -0.0007 0.1305
vn 0.9239 -0.0021 0.3827
vn 0.7934 -0.0033 0.6088
vn 0.6088 -0.0043 0.7933
vn 0.3827 -0.0050 0.9239
vn 0.1305 -0.0053 0.9914
vn -0.1305 -0.0053 0.9914
vn -0.3827 -0.0050 0.9239
vn -0.6088 -0.0043 0.7933
vn -0.7934 -0.0033 0.6087
vn -0.7934 -0.0033 0.6088
vn -0.9239 -0.0021 0.3827
vn -0.9914 -0.0007 0.1305
vn 0.0007 0.1207 -0.9927
vn -0.0000 0.1358 -0.9907
vn -0.0002 0.1656 -0.9862
vn -0.0000 0.1207 -0.9927
vn -0.0004 0.3149 -0.9491
vn 0.0016 0.3877 -0.9218
vn -0.0005 0.4687 -0.8834
vn 0.0008 0.6094 -0.7929
vn 0.0010 0.6130 -0.7901
vn -0.0006 0.7330 -0.6802
vn 0.0016 0.7966 -0.6045
vn -0.0003 0.8361 -0.5486
vn 0.0004 0.9158 -0.4016
vn 0.0013 0.9259 -0.3777
vn -0.0006 0.9699 -0.2433
vn -0.0000 0.9782 -0.2077
vn -0.0000 0.9969 -0.0782
vn 0.0002 0.9871 -0.1599
vn -0.0023 0.9969 -0.0782
vn 0.0006 0.9699 -0.2433
vn -0.0013 0.9259 -0.3777
vn -0.0004 0.9158 -0.4016
vn 0.0003 0.8361 -0.5486
vn -0.0016 0.7966 -0.6045
vn 0.0006 0.7330 -0.6803
vn -0.0010 0.6130 -0.7901
vn -0.0008 0.6094 -0.7929
vn 0.0005 0.4687 -0.8834
vn -0.0016 0.3877 -0.9218
vn 0.0004 0.3149 -0.9491
vn -0.0000 0.2493 -0.9684
vn -0.0000 0.3876 -0.9218
vn 1.0000 -0.0000 -0.0017
vn 1.0000 -0.0000 -0.0004
vn 1.0000 -0.0000 -0.0007
vn 1.0000 -0.0000 -0.0001
vn 1.0000 -0.0000 0.0001
vn 1.0000 -0.0000 -0.0002
vn -1.0000 -0.0000 0.0001
vn -0.0001 -1.0000 -0.0054
vn 0.0001 1.0000 0.0054
vn -0.0001 1.0000 0.0054
vn 0.0001 -1.0000 -0.0054
vn -0.9914 0.0007 -0.1305
vn -0.9914 0.0007 -0.1306
vn -0.9239 0.0021 -0.3827
vn -0.7934 0.0033 -0.6087
vn -0.7933 0.0033 -0.6088
vn -0.6088 0.0043 -0.7933
vn -0.3827 0.0050 -0.9239
vn -0.1305 0.0053 -0.9914
vn 0.9914 0.0007 -0.1305
vn 0.9239 0.0021 -0.3827
vn 0.7933 0.0033 -0.6088
vn 0.7934 0.0033 -0.6087
vn 0.6088 0.0043 -0.7933
vn 0.6087 0.0043 -0.7934
vn 0.3827 0.0050 -0.9239
vn 0.1305 0.0053 -0.9914
vn -0.0000 0.0052 -1.0000
vn 0.0003 -1.0000 -0.0054
vn 0.0030 1.0000 0.0054
vn 0.9789 0.0011 -0.2045
vn 0.9792 -0.0011 -0.2031
vn 0.9368 0.0064 -0.3499
vn 0.9238 -0.0152 -0.3827
vn 0.8374 0.0167 -0.5463
vn 0.7931 -0.0207 -0.6087
vn 0.6976 0.0218 -0.7162
vn 0.6085 -0.0213 -0.7932
vn 0.5239 0.0217 -0.8515
vn 0.3826 -0.0171 -0.9238
vn 0.3249 0.0162 -0.9456
vn 0.1305 -0.0083 -0.9914
vn 0.1101 0.0054 -0.9939
vn 0.9912 -0.0198 -0.1306
vn 0.9922 -0.0168 -0.1232
vn 0.9991 0.0002 -0.0413
vn 0.7934 0.0033 -0.6088
vn 0.6088 0.0043 -0.7934
vn 0.9368 0.0006 -0.3499
vn 0.9789 0.0017 -0.2044
vn 0.9789 0.0011 -0.2043
vn 0.9239 0.0069 -0.3826
vn 0.8375 -0.0009 -0.5464
vn 0.7933 0.0100 -0.6087
vn 0.6977 -0.0012 -0.7164
vn 0.6087 0.0115 -0.7933
vn 0.5240 -0.0002 -0.8517
vn 0.3827 0.0112 -0.9238
vn 0.3249 0.0020 -0.9458
vn 0.1305 0.0092 -0.9914
vn 0.9914 0.0074 -0.1305
vn 0.9924 0.0064 -0.1231
vn 0.9991 0.0002 -0.0412
vn 0.9914 0.0007 -0.1306
vn 0.9915 0.0007 -0.1305
vn 0.9239 0.0021 -0.3826
vn 0.9915 0.0007 -0.1304
vn 0.9915 0.0007 -0.1303
vn 0.9238 0.0021 -0.3828
vn 0.9914 0.0007 -0.1307
vn 0.9914 0.0007 -0.1309
vn -0.9789 0.0011 -0.2044
vn -0.9792 -0.0011 -0.2031
vn -0.9912 -0.0198 -0.1306
vn -0.9368 0.0064 -0.3499
vn -0.9237 -0.0151 -0.3827
vn -0.8374 0.0167 -0.5463
vn -0.7931 -0.0207 -0.6087
vn -0.6975 0.0218 -0.7162
vn -0.6086 -0.0213 -0.7932
vn -0.5239 0.0217 -0.8515
vn -0.3826 -0.0171 -0.9238
vn -0.3249 0.0162 -0.9456
vn -0.1305 -0.0082 -0.9914
vn -0.1101 0.0054 -0.9939
vn -0.9992 0.0002 -0.0411
vn -0.9922 -0.0168 -0.1234
vn -0.7934 0.0033 -0.6088
vn -0.9915 0.0007 -0.1305
vn 0.0362 0.9945 0.0983
vn 0.0667 0.9976 0.0187
vn 0.0620 0.9563 0.2857
vn 0.0644 0.9589 0.2765
vn 0.0566 0.8866 0.4590
vn 0.0606 0.8927 0.4465
vn 0.0493 0.7877 0.6140
vn 0.0549 0.7974 0.6009
vn 0.0406 0.6650 0.7457
vn 0.0475 0.6769 0.7345
vn 0.0309 0.5239 0.8512
vn 0.0387 0.5358 0.8434
vn 0.0214 0.3769 0.9260
vn 0.0629 0.3772 0.9240
vn 0.0441 0.2064 0.9775
vn 0.1083 0.9877 0.1125
vn 0.1720 0.9822 0.0759
vn 0.1685 0.9474 0.2721
vn 0.1651 0.9451 0.2819
vn 0.1584 0.8838 0.4403
vn 0.1527 0.8777 0.4543
vn 0.1433 0.7914 0.5943
vn 0.1353 0.7810 0.6097
vn 0.1235 0.6737 0.7286
vn 0.1135 0.6599 0.7427
vn 0.0998 0.5347 0.8391
vn 0.0883 0.5195 0.8499
vn 0.0718 0.3688 0.9267
vn 0.1801 0.9787 0.0982
vn 0.0341 0.2102 0.9771
vn 0.0174 0.0601 0.9980
vn 0.0008 0.0597 0.9982
vn 0.0164 0.1999 0.9797
vn 0.0099 0.2098 0.9777
vn 0.0268 0.3636 0.9312
vn 0.0186 0.9998 0.0054
vn 0.0364 0.9993 0.0049
vn 0.0455 0.9990 0.0052
vn 0.0686 0.9976 0.0055
vn 0.0686 0.9976 0.0053
vn 0.1089 0.9940 0.0056
vn 0.0457 0.9989 0.0056
vn 0.0364 0.9993 0.0058
vn 0.1161 0.9932 0.0054
vn 0.1809 0.9835 0.0053
vn 0.1089 0.9940 0.0051
vn 0.0362 0.9955 -0.0875
vn 0.0711 0.9975 0.0036
vn 0.1084 0.9898 -0.0928
vn 0.1679 0.9843 -0.0540
vn 0.1801 0.9797 -0.0876
vn 0.0613 0.9705 -0.2330
vn 0.0671 0.9587 -0.2762
vn 0.0566 0.9211 -0.3853
vn 0.0634 0.8901 -0.4513
vn 0.0510 0.8485 -0.5268
vn 0.0570 0.7919 -0.6079
vn 0.0447 0.7550 -0.6542
vn 0.0485 0.6698 -0.7410
vn 0.0379 0.6431 -0.7649
vn 0.0380 0.5282 -0.8483
vn 0.0311 0.5149 -0.8567
vn 0.0254 0.3755 -0.9265
vn 0.0272 0.3778 -0.9255
vn 0.0101 0.2213 -0.9752
vn 0.0323 0.2217 -0.9746
vn 0.0157 0.0700 -0.9974
vn 0.0169 0.2109 -0.9774
vn 0.0013 0.0696 -0.9976
vn 0.0437 0.2174 -0.9751
vn 0.0614 0.3779 -0.9238
vn 0.0635 0.3757 -0.9246
vn 0.0931 0.5141 -0.8526
vn 0.0865 0.5275 -0.8451
vn 0.1180 0.6404 -0.7589
vn 0.1095 0.6675 -0.7366
vn 0.1383 0.7497 -0.6471
vn 0.1301 0.7873 -0.6027
vn 0.1543 0.8404 -0.5196
vn 0.1474 0.8827 -0.4463
vn 0.1656 0.9104 -0.3791
vn 0.1606 0.9487 -0.2725
vn 0.1721 0.9581 -0.2290
vn 0.0018 0.9954 0.0957
vn -0.0000 0.9745 0.2245
vn -0.0089 0.9626 0.2709
vn -0.0000 0.9502 0.3117
vn 0.0014 0.9218 0.3877
vn 0.0007 0.1543 0.9880
vn -0.0000 0.1891 0.9820
vn -0.0031 0.2155 0.9765
vn 0.0050 0.3794 0.9252
vn 0.0046 0.3777 0.9259
vn -0.0030 0.5444 0.8388
vn -0.0000 0.5573 0.8303
vn 0.0014 0.6045 0.7966
vn -0.0000 0.9014 0.4331
vn -0.0027 0.8979 0.4403
vn 0.0034 0.8025 0.5966
vn -0.0056 0.6863 0.7273
vn -0.0000 0.7259 0.6878
vn 0.0013 0.8065 0.5913
vn -0.0000 0.0604 0.9982
vn -0.0000 0.6601 0.7511
vn 0.0142 0.0584 0.9982
vn 0.0124 0.0588 0.9982
vn 0.0198 0.0859 0.9961
vn 0.0212 0.0950 0.9953
vn 0.0181 0.0903 0.9957
vn 0.0182 0.0928 0.9955
vn 0.0142 0.0943 0.9954
vn 0.0415 0.2856 0.9574
vn 0.0415 0.2857 0.9574
vn 0.0626 0.4347 0.8984
vn 0.0626 0.4348 0.8983
vn 0.0824 0.5742 0.8145
vn 0.0824 0.5743 0.8145
vn 0.1033 0.7213 0.6849
vn 0.1033 0.7215 0.6847
vn 0.1202 0.8411 0.5274
vn 0.1202 0.8412 0.5272
vn 0.1324 0.9281 0.3481
vn 0.1324 0.9281 0.3479
vn 0.1393 0.9776 0.1579
vn 0.1169 0.9914 0.0587
vn 0.0481 0.2083 0.9769
vn 0.0620 0.2819 0.9575
vn 0.0606 0.2821 0.9575
vn 0.0535 0.2836 0.9575
vn 0.0848 0.3744 0.9234
vn 0.0952 0.4287 0.8984
vn 0.0916 0.4295 0.8984
vn 0.0808 0.4316 0.8984
vn 0.1185 0.5296 0.8399
vn 0.1248 0.5664 0.8146
vn 0.1206 0.5674 0.8146
vn 0.1206 0.5673 0.8146
vn 0.1064 0.5702 0.8146
vn 0.1490 0.6675 0.7295
vn 0.1564 0.7117 0.6849
vn 0.1512 0.7128 0.6849
vn 0.1333 0.7163 0.6850
vn 0.1333 0.7163 0.6849
vn 0.1748 0.7844 0.5951
vn 0.1821 0.8298 0.5274
vn 0.1760 0.8312 0.5274
vn 0.1552 0.8353 0.5275
vn 0.1552 0.8353 0.5274
vn 0.1949 0.8761 0.4411
vn 0.2008 0.9157 0.3481
vn 0.1939 0.9172 0.3481
vn 0.1710 0.9217 0.3481
vn 0.2085 0.9392 0.2727
vn 0.2117 0.9726 0.0958
vn 0.2103 0.9750 0.0716
vn 0.1784 0.9779 0.1091
vn 0.1807 0.9756 0.1247
vn 0.2046 0.9692 0.1372
vn 0.0814 0.9827 0.1664
vn 0.0441 0.9955 0.0837
vn 0.0337 0.9903 0.1346
vn 0.0104 0.9915 0.1298
vn 0.0047 0.9554 0.2953
vn 0.0075 0.9946 0.1033
vn 0.0092 0.9374 0.3482
vn 0.0040 0.8795 0.4759
vn 0.0086 0.8495 0.5275
vn 0.0032 0.7698 0.6382
vn 0.0079 0.7285 0.6850
vn 0.0022 0.6306 0.7761
vn 0.0068 0.5799 0.8147
vn 0.0009 0.4672 0.8842
vn 0.0031 0.4390 0.8985
vn 0.0024 0.2885 0.9575
vn 0.0100 0.2883 0.9575
vn 0.0100 0.2884 0.9575
vn 0.0242 0.2876 0.9574
vn 0.0242 0.2877 0.9574
vn 0.0021 0.2856 0.9583
vn 0.0009 0.0928 0.9957
vn 0.0008 0.0940 0.9956
vn 0.0034 0.0958 0.9954
vn 0.0045 0.0877 0.9961
vn 0.0086 0.0992 0.9950
vn 0.0118 0.0863 0.9962
vn 0.0774 0.9343 0.3479
vn 0.0774 0.9343 0.3480
vn 0.0319 0.9369 0.3481
vn 0.0319 0.9369 0.3482
vn 0.0703 0.8468 0.5272
vn 0.0703 0.8468 0.5273
vn 0.0290 0.8491 0.5274
vn 0.0290 0.8491 0.5275
vn 0.0603 0.7263 0.6847
vn 0.0603 0.7262 0.6848
vn 0.0249 0.7282 0.6849
vn 0.0249 0.7281 0.6850
vn 0.0366 0.4378 0.8983
vn 0.0481 0.5782 0.8144
vn 0.0481 0.5782 0.8145
vn 0.0198 0.5797 0.8146
vn 0.0198 0.5796 0.8146
vn 0.0151 0.4389 0.8984
vn 0.0366 0.4377 0.8984
vn 0.0151 0.4388 0.8985
vn -0.0362 0.9955 -0.0875
vn -0.0667 0.9977 -0.0080
vn -0.0620 0.9593 -0.2753
vn -0.0644 0.9618 -0.2661
vn -0.0566 0.8915 -0.4494
vn -0.0606 0.8975 -0.4368
vn -0.0493 0.7943 -0.6055
vn -0.0549 0.8038 -0.5923
vn -0.0406 0.6730 -0.7385
vn -0.0475 0.6848 -0.7272
vn -0.0309 0.5331 -0.8455
vn -0.0387 0.5449 -0.8376
vn -0.0214 0.3869 -0.9219
vn -0.0629 0.3871 -0.9199
vn -0.0441 0.2169 -0.9752
vn -0.1083 0.9889 -0.1019
vn -0.1720 0.9829 -0.0653
vn -0.1685 0.9503 -0.2619
vn -0.1651 0.9481 -0.2717
vn -0.1584 0.8885 -0.4308
vn -0.1527 0.8825 -0.4448
vn -0.1433 0.7978 -0.5857
vn -0.1353 0.7875 -0.6012
vn -0.1235 0.6815 -0.7213
vn -0.1135 0.6679 -0.7356
vn -0.0998 0.5438 -0.8333
vn -0.0883 0.5286 -0.8443
vn -0.0718 0.3788 -0.9227
vn -0.1801 0.9797 -0.0876
vn -0.0341 0.2208 -0.9747
vn -0.0174 0.0708 -0.9973
vn -0.0008 0.0704 -0.9975
vn -0.0164 0.2105 -0.9775
vn -0.0099 0.2203 -0.9754
vn -0.0268 0.3736 -0.9272
vn -0.0186 0.9998 0.0054
vn -0.0364 0.9993 0.0058
vn -0.0455 0.9989 0.0056
vn -0.0900 0.9959 0.0050
vn -0.0908 0.9959 0.0058
vn -0.1089 0.9940 0.0051
vn -0.0457 0.9989 0.0052
vn -0.0364 0.9993 0.0049
vn -0.1809 0.9835 0.0057
vn -0.1690 0.9856 0.0050
vn -0.1089 0.9940 0.0056
vn -0.1809 0.9835 0.0053
vn -0.1801 0.9787 0.0982
vn -0.1509 0.9884 0.0187
vn -0.1469 0.9470 0.2856
vn -0.1451 0.9500 0.2765
vn -0.1373 0.8778 0.4589
vn -0.1347 0.8846 0.4465
vn -0.1232 0.7797 0.6139
vn -0.1198 0.7902 0.6010
vn -0.1053 0.6580 0.7457
vn -0.1011 0.6710 0.7345
vn -0.0844 0.5181 0.8511
vn -0.0793 0.5313 0.8435
vn -0.0610 0.3642 0.9293
vn -0.0556 0.3739 0.9258
vn -0.0368 0.2027 0.9785
vn -0.0304 0.2084 0.9776
vn -0.0137 0.0582 0.9982
vn -0.1083 0.9877 0.1125
vn -0.0448 0.9961 0.0760
vn -0.0410 0.9614 0.2721
vn -0.0439 0.9584 0.2820
vn -0.0373 0.8971 0.4403
vn -0.0416 0.8898 0.4544
vn -0.0323 0.8036 0.5943
vn -0.0379 0.7916 0.6098
vn -0.0262 0.6844 0.7286
vn -0.0330 0.6687 0.7428
vn -0.0195 0.5436 0.8391
vn -0.0274 0.5261 0.8500
vn -0.0119 0.3838 0.9233
vn -0.0204 0.3682 0.9295
vn -0.0036 0.2148 0.9766
vn -0.0135 0.2022 0.9792
vn 0.0020 0.0621 0.9981
vn -0.0362 0.9945 0.0983
vn -0.0016 0.9964 -0.0850
vn -0.0000 0.9768 -0.2140
vn 0.0032 0.9651 -0.2617
vn -0.0025 0.9434 -0.3317
vn -0.0000 0.9060 -0.4233
vn -0.0000 0.1997 -0.9799
vn 0.0017 0.2250 -0.9744
vn -0.0028 0.3909 -0.9204
vn -0.0024 0.3877 -0.9218
vn 0.0015 0.5525 -0.8335
vn -0.0054 0.6130 -0.7900
vn 0.0025 0.6928 -0.7211
vn -0.0043 0.7966 -0.6045
vn -0.0013 0.8095 -0.5871
vn 0.0011 0.9023 -0.4311
vn -0.0000 0.0712 -0.9975
vn -0.0007 0.1629 -0.9866
vn -0.0142 0.0692 -0.9975
vn -0.0028 0.0717 -0.9974
vn -0.0266 0.1270 -0.9915
vn -0.0734 0.3403 -0.9375
vn -0.0734 0.3402 -0.9375
vn -0.1119 0.5154 -0.8496
vn -0.1458 0.6692 -0.7286
vn -0.1737 0.7959 -0.5800
vn -0.1918 0.8777 -0.4391
vn -0.1918 0.8777 -0.4392
vn -0.2046 0.9353 -0.2886
vn -0.2131 0.9731 -0.0876
vn -0.2107 0.9775 -0.0092
vn -0.0504 0.2200 -0.9742
vn -0.0708 0.3408 -0.9375
vn -0.0869 0.3853 -0.9187
vn -0.1103 0.5158 -0.8496
vn -0.1202 0.5392 -0.8336
vn -0.1455 0.6693 -0.7286
vn -0.1487 0.6753 -0.7224
vn -0.1744 0.7907 -0.5868
vn -0.1734 0.7959 -0.5800
vn -0.1958 0.8768 -0.4392
vn -0.1986 0.8805 -0.4304
vn -0.2023 0.9358 -0.2886
vn -0.2107 0.9418 -0.2621
vn -0.2124 0.9735 -0.0852
vn -0.2019 0.9738 -0.1045
vn -0.1791 0.9805 -0.0811
vn -0.1793 0.9806 -0.0798
vn -0.1398 0.9842 -0.1086
vn -0.1345 0.9480 -0.2884
vn -0.0856 0.9537 -0.2883
vn -0.0803 0.8950 -0.4389
vn -0.0263 0.8982 -0.4387
vn -0.0238 0.8144 -0.5798
vn -0.0065 0.8146 -0.5799
vn 0.0013 0.7329 -0.6804
vn -0.1175 0.9931 0.0048
vn -0.0889 0.9890 -0.1179
vn -0.0280 0.9571 -0.2882
vn -0.0263 0.8981 -0.4390
vn -0.0031 0.8985 -0.4390
vn -0.0008 0.8335 -0.5526
vn -0.0434 0.9972 -0.0617
vn -0.0289 0.9848 -0.1711
vn -0.0280 0.9571 -0.2884
vn -0.0069 0.9575 -0.2885
vn 0.0010 0.9120 -0.4102
vn -0.0075 1.0000 -0.0051
vn -0.0083 0.9970 -0.0771
vn -0.0042 0.9953 -0.0969
vn -0.0013 0.9664 -0.2569
vn -0.0075 0.6849 -0.7286
vn 0.0022 0.6128 -0.7902
vn -0.0069 0.5275 -0.8495
vn 0.0017 0.4767 -0.8791
vn -0.0047 0.3482 -0.9374
vn -0.0006 0.3278 -0.9448
vn -0.0012 0.1285 -0.9917
vn -0.0010 0.1292 -0.9916
vn -0.0039 0.1400 -0.9901
vn -0.0100 0.3483 -0.9373
vn -0.0307 0.3470 -0.9374
vn -0.0469 0.5256 -0.8494
vn -0.0736 0.5225 -0.8495
vn -0.0959 0.6783 -0.7285
vn -0.1226 0.6739 -0.7286
vn -0.1460 0.8014 -0.5800
vn -0.1649 0.7978 -0.5800
vn -0.1820 0.8798 -0.4391
vn -0.0058 0.1262 -0.9920
vn -0.0116 0.1344 -0.9909
vn -0.0483 0.3449 -0.9374
vn -0.0736 0.5224 -0.8495
vn -0.0941 0.5190 -0.8496
vn -0.1384 0.6708 -0.7286
vn -0.1649 0.7977 -0.5800
vn -0.0150 0.1219 -0.9924
vn -0.0176 0.1288 -0.9915
vn -0.0483 0.3448 -0.9374
vn -0.0618 0.3426 -0.9374
vn -0.1062 0.5167 -0.8496
vn -0.0229 0.1306 -0.9912
vn -0.0230 0.1268 -0.9917
vn -0.0261 0.1312 -0.9910
vn -0.0253 0.1221 -0.9922
vn -0.1942 0.9376 -0.2886
vn -0.1720 0.9419 -0.2885
vn -0.1345 0.9480 -0.2885
vn -0.1612 0.8839 -0.4391
vn -0.1460 0.8015 -0.5799
vn -0.1142 0.8066 -0.5799
vn -0.0610 0.6824 -0.7284
vn -0.0153 0.5276 -0.8493
vn -0.0100 0.3481 -0.9374
vn -0.1612 0.8839 -0.4390
vn -0.1062 0.5166 -0.8496
vn -0.0697 0.3411 -0.9375
vn -0.1261 0.8896 -0.4390
vn -0.1142 0.8067 -0.5798
vn -0.0727 0.8115 -0.5798
vn -0.0199 0.6850 -0.7283
vn -0.0153 0.5274 -0.8495
vn -0.0199 0.6848 -0.7285
vn -0.0238 0.8145 -0.5796
vn -0.2107 0.9775 0.0053
vn -0.1798 0.9837 0.0053
vn -0.1795 0.9837 0.0053
vn -0.1169 0.9931 0.0054
vn -0.1175 0.9931 0.0054
vn -0.0442 0.9990 0.0055
vn -0.0435 0.9990 0.0054
vn -0.0075 1.0000 0.0054
vn 0.2108 0.9775 -0.0120
vn 0.2128 0.9734 -0.0852
vn 0.2107 0.9667 0.1451
vn 0.2086 0.9421 -0.2624
vn 0.2048 0.9353 -0.2886
vn 0.1954 0.8808 -0.4313
vn 0.1940 0.8772 -0.4392
vn 0.1744 0.7957 -0.5800
vn 0.1727 0.7961 -0.5800
vn 0.1567 0.7994 -0.5800
vn 0.1568 0.7995 -0.5798
vn 0.1084 0.8075 -0.5798
vn 0.1084 0.8076 -0.5797
vn 0.0526 0.8131 -0.5797
vn 0.0526 0.8131 -0.5798
vn 0.0141 0.8146 -0.5798
vn 0.0141 0.8146 -0.5799
vn 0.0080 0.8146 -0.5799
vn -0.0030 0.7325 -0.6808
vn 0.0096 0.6850 -0.7285
vn -0.0041 0.6125 -0.7905
vn 0.0090 0.5275 -0.8495
vn -0.0032 0.4764 -0.8792
vn 0.0061 0.3482 -0.9374
vn 0.0003 0.3276 -0.9448
vn 0.0015 0.1285 -0.9917
vn 0.0010 0.1297 -0.9916
vn 0.0023 0.1353 -0.9908
vn 0.0057 0.1253 -0.9921
vn 0.0084 0.1353 -0.9908
vn 0.0156 0.1254 -0.9920
vn 0.0167 0.1289 -0.9915
vn 0.0235 0.1305 -0.9912
vn 0.0263 0.1391 -0.9899
vn 0.0255 0.1222 -0.9922
vn 0.0730 0.3403 -0.9375
vn 0.1113 0.5155 -0.8496
vn 0.1113 0.5156 -0.8496
vn 0.1450 0.6694 -0.7287
vn 0.1450 0.6694 -0.7286
vn 0.1741 0.7909 -0.5866
vn 0.1485 0.6758 -0.7220
vn 0.1463 0.6691 -0.7286
vn 0.1186 0.5382 -0.8344
vn 0.1117 0.5155 -0.8496
vn 0.0852 0.3849 -0.9190
vn 0.0726 0.3404 -0.9375
vn 0.0488 0.2199 -0.9743
vn 0.0087 0.0704 -0.9975
vn 0.0142 0.0692 -0.9975
vn 0.0257 0.1236 -0.9920
vn -0.0001 0.8331 -0.5531
vn 0.0030 0.8985 -0.4390
vn 0.0156 0.8983 -0.4390
vn 0.0156 0.8984 -0.4390
vn 0.0581 0.8967 -0.4389
vn 0.0581 0.8967 -0.4388
vn 0.1197 0.8905 -0.4389
vn 0.1731 0.8817 -0.4389
vn 0.1731 0.8816 -0.4391
vn 0.1907 0.8779 -0.4392
vn -0.0028 0.9117 -0.4108
vn 0.0083 0.9575 -0.2885
vn 0.0166 0.9574 -0.2884
vn 0.0619 0.9555 -0.2884
vn 0.0619 0.9555 -0.2883
vn 0.1277 0.9490 -0.2884
vn 0.1846 0.9395 -0.2884
vn 0.1846 0.9395 -0.2885
vn 0.2035 0.9356 -0.2886
vn 0.0003 0.9663 -0.2574
vn 0.0044 0.9953 -0.0971
vn 0.0087 0.9966 -0.0824
vn 0.0078 1.0000 -0.0051
vn 0.0172 0.9910 -0.1325
vn 0.0425 0.9985 -0.0337
vn 0.0640 0.9870 -0.1473
vn 0.1183 0.9929 -0.0150
vn 0.1326 0.9841 -0.1183
vn 0.1784 0.9809 -0.0781
vn 0.1893 0.9629 -0.1921
vn 0.0663 0.3418 -0.9374
vn 0.0663 0.3419 -0.9374
vn 0.0459 0.3452 -0.9374
vn 0.0459 0.3453 -0.9374
vn 0.0222 0.3477 -0.9374
vn 0.0222 0.3476 -0.9374
vn 0.0060 0.3482 -0.9374
vn 0.1010 0.5177 -0.8496
vn 0.1011 0.5179 -0.8495
vn 0.0699 0.5230 -0.8494
vn 0.0699 0.5231 -0.8494
vn 0.0339 0.5266 -0.8494
vn 0.0091 0.5275 -0.8495
vn 0.1316 0.6722 -0.7286
vn 0.1316 0.6724 -0.7284
vn 0.0910 0.6790 -0.7284
vn 0.0910 0.6791 -0.7284
vn 0.0441 0.6838 -0.7283
vn 0.0441 0.6837 -0.7284
vn 0.0118 0.6850 -0.7285
vn 0.0118 0.6849 -0.7285
vn -0.1305 0.0225 -0.9912
vn -0.1216 0.0557 -0.9910
vn -0.1044 0.0855 -0.9909
vn -0.0801 0.1098 -0.9907
vn -0.0504 0.1270 -0.9906
vn -0.0172 0.1358 -0.9906
vn -0.0172 0.1359 -0.9906
vn -0.0503 0.3872 -0.9206
vn -0.0799 0.6111 -0.7875
vn -0.1039 0.7923 -0.6012
vn -0.1207 0.9192 -0.3749
vn -0.1294 0.9838 -0.1241
vn -0.3822 0.0553 -0.9224
vn -0.3562 0.1525 -0.9219
vn -0.3058 0.2396 -0.9214
vn -0.3058 0.2397 -0.9214
vn -0.2347 0.3108 -0.9210
vn -0.1475 0.3611 -0.9208
vn -0.6068 0.0842 -0.7904
vn -0.5655 0.2385 -0.7895
vn -0.4856 0.3769 -0.7888
vn -0.4856 0.3768 -0.7888
vn -0.3726 0.4898 -0.7882
vn -0.2342 0.5697 -0.7877
vn -0.2342 0.5697 -0.7878
vn -0.7891 0.1072 -0.6049
vn -0.7891 0.1071 -0.6049
vn -0.7353 0.3078 -0.6038
vn -0.6314 0.4878 -0.6028
vn -0.6314 0.4877 -0.6029
vn -0.4845 0.6347 -0.6020
vn -0.3046 0.7385 -0.6015
vn -0.9171 0.1228 -0.3792
vn -0.8546 0.3560 -0.3780
vn -0.7339 0.5652 -0.3768
vn -0.5631 0.7359 -0.3759
vn -0.3540 0.8567 -0.3753
vn -0.9831 0.1301 -0.1287
vn -0.9161 0.3802 -0.1273
vn -0.9161 0.3802 -0.1274
vn -0.7867 0.6043 -0.1262
vn -0.6036 0.7874 -0.1252
vn -0.3795 0.9168 -0.1245
vn -0.0023 0.0584 0.9983
vn 0.0014 0.2142 0.9768
vn -0.0024 0.3813 0.9245
vn -0.0019 0.3777 0.9259
vn 0.0013 0.5433 0.8395
vn -0.0044 0.6045 0.7966
vn 0.0020 0.6848 0.7288
vn -0.0034 0.7901 0.6130
vn -0.0010 0.8032 0.5957
vn 0.0008 0.8976 0.4409
vn -0.0049 0.9218 0.3877
vn 0.0025 0.9622 0.2723
vn -0.0007 0.9864 0.1644
vn -0.0000 0.9954 0.0956
vn -0.9831 0.1287 0.1301
vn -0.9161 0.3788 0.1315
vn -0.7867 0.6029 0.1327
vn -0.6036 0.7860 0.1337
vn -0.3795 0.9154 0.1344
vn -0.1294 0.9824 0.1347
vn -0.1207 0.9151 0.3848
vn -0.1039 0.7858 0.6097
vn -0.0799 0.6025 0.7941
vn -0.0503 0.3772 0.9248
vn -0.0172 0.1252 0.9920
vn -0.9171 0.1187 0.3805
vn -0.8546 0.3519 0.3818
vn -0.7339 0.5611 0.3829
vn -0.5631 0.7318 0.3838
vn -0.5631 0.7318 0.3839
vn -0.3540 0.8526 0.3845
vn -0.7891 0.1006 0.6060
vn -0.7353 0.3013 0.6071
vn -0.6314 0.4812 0.6081
vn -0.4845 0.6281 0.6089
vn -0.3046 0.7320 0.6094
vn -0.6068 0.0756 0.7912
vn -0.5655 0.2299 0.7921
vn -0.5655 0.2300 0.7921
vn -0.4856 0.3683 0.7928
vn -0.3726 0.4813 0.7934
vn -0.2342 0.5612 0.7939
vn -0.3822 0.0453 0.9230
vn -0.3562 0.1425 0.9235
vn -0.3058 0.2297 0.9240
vn -0.2347 0.3009 0.9243
vn -0.1475 0.3512 0.9246
vn -0.1305 0.0118 0.9914
vn -0.1216 0.0450 0.9916
vn -0.1044 0.0748 0.9917
vn -0.0801 0.0991 0.9918
vn -0.0504 0.1163 0.9919
vn -0.7933 -0.0033 0.6088
vn -0.9914 -0.0007 0.1306
vn -0.9915 -0.0007 0.1305
vn -0.2056 0.9739 0.0963
vn -0.2119 0.9698 0.1205
vn -0.2103 0.9752 0.0688
vn -0.2004 0.9695 0.1413
vn -0.1785 0.9773 0.1141
vn -0.1752 0.9757 0.1316
vn -0.1223 0.9838 0.1313
vn -0.1158 0.9304 0.3478
vn -0.1051 0.8433 0.5271
vn -0.0903 0.7233 0.6847
vn -0.0903 0.7233 0.6846
vn -0.0721 0.5758 0.8144
vn -0.0548 0.4359 0.8983
vn -0.0548 0.4360 0.8983
vn -0.0362 0.2864 0.9574
vn -0.0362 0.2865 0.9574
vn -0.0122 0.0924 0.9956
vn -0.0059 0.0961 0.9954
vn -0.0046 0.0897 0.9960
vn -0.0018 0.0970 0.9953
vn -0.0008 0.0924 0.9957
vn -0.0008 0.0926 0.9957
vn -0.2126 0.9386 0.2718
vn -0.1981 0.9163 0.3481
vn -0.2004 0.9158 0.3481
vn -0.1900 0.9180 0.3481
vn -0.1659 0.9227 0.3481
vn -0.1659 0.9226 0.3482
vn -0.1990 0.8758 0.4397
vn -0.1796 0.8304 0.5274
vn -0.1818 0.8299 0.5274
vn -0.1724 0.8319 0.5274
vn -0.1505 0.8362 0.5274
vn -0.1505 0.8361 0.5275
vn -0.1784 0.7846 0.5937
vn -0.1543 0.7121 0.6849
vn -0.1562 0.7117 0.6849
vn -0.1481 0.7134 0.6849
vn -0.1293 0.7171 0.6849
vn -0.1293 0.7170 0.6849
vn -0.1519 0.6681 0.7284
vn -0.1232 0.5668 0.8146
vn -0.1246 0.5665 0.8146
vn -0.1182 0.5679 0.8146
vn -0.1182 0.5678 0.8146
vn -0.1032 0.5708 0.8146
vn -0.1206 0.5303 0.8392
vn -0.0949 0.4288 0.8984
vn -0.0947 0.4288 0.8984
vn -0.0898 0.4299 0.8984
vn -0.0784 0.4321 0.8984
vn -0.0873 0.3755 0.9227
vn -0.0602 0.2822 0.9575
vn -0.0626 0.2817 0.9575
vn -0.0594 0.2824 0.9575
vn -0.0518 0.2839 0.9575
vn -0.0519 0.2839 0.9575
vn -0.0500 0.2093 0.9766
vn -0.0259 0.1191 0.9925
vn -0.0198 0.0854 0.9961
vn -0.0207 0.0949 0.9953
vn -0.0142 0.0584 0.9982
vn -0.0139 0.0585 0.9982
vn -0.0180 0.0898 0.9958
vn -0.0181 0.0955 0.9953
vn -0.0122 0.0894 0.9959
vn -0.0006 0.2850 0.9585
vn -0.0015 0.2885 0.9575
vn -0.0051 0.2884 0.9575
vn -0.0051 0.2885 0.9575
vn -0.0172 0.2881 0.9575
vn -0.0172 0.2882 0.9574
vn -0.0008 0.4390 0.8985
vn 0.0038 0.4664 0.8846
vn -0.0066 0.5799 0.8147
vn 0.0031 0.6299 0.7767
vn -0.0070 0.7285 0.6850
vn 0.0027 0.7692 0.6389
vn -0.0071 0.8495 0.5276
vn 0.0024 0.8791 0.4767
vn -0.0071 0.9374 0.3482
vn 0.0020 0.9552 0.2959
vn -0.0107 0.9946 0.1035
vn -0.0075 0.9934 0.1146
vn -0.0172 0.9886 0.1499
vn -0.0163 0.9373 0.3482
vn -0.0551 0.9358 0.3481
vn -0.0500 0.8483 0.5272
vn -0.0440 0.9950 0.0891
vn -0.0580 0.9855 0.1595
vn -0.0551 0.9359 0.3479
vn -0.1165 0.9889 0.0926
vn -0.0260 0.4386 0.8983
vn -0.0260 0.4384 0.8984
vn -0.0077 0.4390 0.8985
vn -0.0342 0.5793 0.8144
vn -0.0342 0.5791 0.8146
vn -0.0101 0.5799 0.8146
vn -0.0101 0.5798 0.8147
vn -0.0429 0.7276 0.6847
vn -0.0429 0.7274 0.6849
vn -0.0127 0.7285 0.6850
vn -0.0127 0.7284 0.6850
vn -0.0500 0.8481 0.5274
vn -0.0148 0.8494 0.5275
vn -0.5847 -0.0037 0.8113
vn -0.6088 0.0002 0.7934
vn -0.7323 -0.0070 0.6810
vn -0.7933 0.0024 0.6088
vn -0.8602 -0.0065 0.5099
vn -0.9239 0.0032 0.3827
vn -0.9489 -0.0043 0.3156
vn -0.9914 0.0027 0.1305
vn -0.9943 -0.0006 0.1068
vn -0.4306 -0.0056 0.9025
vn -0.3827 0.0001 0.9239
vn -0.2618 -0.0080 0.9651
vn -0.1305 -0.0006 0.9914
vn -0.0896 -0.0054 0.9960
vn 0.7934 -0.0033 0.6087
vn 0.9914 -0.0007 0.1309
vn 0.9914 -0.0007 0.1306
vn 0.9239 -0.0021 0.3826
vn 0.6087 -0.0043 0.7934
vn 0.9915 -0.0007 0.1305
vn 0.9914 -0.0007 0.1307
vn 0.9915 -0.0007 0.1303
vn 0.9238 -0.0021 0.3828
vn 0.9915 -0.0007 0.1304
vn 0.1294 0.9824 0.1347
vn 0.3795 0.9154 0.1344
vn 0.6036 0.7860 0.1337
vn 0.6036 0.7860 0.1336
vn 0.7867 0.6029 0.1327
vn 0.9161 0.3788 0.1315
vn 0.9831 0.1287 0.1301
vn 0.9171 0.1187 0.3805
vn 0.7890 0.1006 0.6061
vn 0.7891 0.1006 0.6060
vn 0.6068 0.0756 0.7912
vn 0.3822 0.0453 0.9230
vn 0.1305 0.0118 0.9914
vn 0.1207 0.9151 0.3848
vn 0.3540 0.8526 0.3845
vn 0.5631 0.7318 0.3839
vn 0.7339 0.5611 0.3829
vn 0.8546 0.3519 0.3818
vn 0.8546 0.3519 0.3817
vn 0.1039 0.7858 0.6097
vn 0.3046 0.7320 0.6094
vn 0.4845 0.6282 0.6088
vn 0.4845 0.6281 0.6089
vn 0.6314 0.4812 0.6081
vn 0.6314 0.4812 0.6080
vn 0.7353 0.3013 0.6071
vn 0.0799 0.6025 0.7941
vn 0.2342 0.5612 0.7938
vn 0.3726 0.4813 0.7934
vn 0.4856 0.3683 0.7928
vn 0.5655 0.2300 0.7921
vn 0.0503 0.3772 0.9248
vn 0.1475 0.3512 0.9246
vn 0.2347 0.3009 0.9243
vn 0.3058 0.2297 0.9240
vn 0.3561 0.1425 0.9235
vn 0.0172 0.1252 0.9920
vn 0.0504 0.1163 0.9919
vn 0.0801 0.0991 0.9918
vn 0.1044 0.0748 0.9917
vn 0.1216 0.0450 0.9916
vn 0.2108 0.9775 0.0053
vn 0.1794 0.9838 0.0053
vn 0.1790 0.9838 0.0053
vn 0.1171 0.9931 0.0053
vn 0.1184 0.9930 0.0055
vn 0.0425 0.9991 0.0055
vn 0.0078 1.0000 0.0054
vn 0.0075 1.0000 0.0054
vn 0.0442 0.9990 0.0054
vn 0.7933 -0.0033 0.6088
vn 0.3975 -0.0022 0.9176
vn 0.5634 -0.0070 0.8261
vn 0.6088 0.0018 0.7933
vn 0.7274 -0.0083 0.6862
vn 0.7934 0.0039 0.6087
vn 0.8576 -0.0076 0.5142
vn 0.9238 0.0045 0.3828
vn 0.9479 -0.0050 0.3184
vn 0.9914 0.0035 0.1306
vn 0.9942 -0.0006 0.1078
vn 0.3827 0.0004 0.9239
vn 0.2428 -0.0079 0.9700
vn 0.1305 0.0014 0.9914
vn 0.0817 -0.0054 0.9966
vn -0.0081 -1.0000 -0.0054
vn -0.0083 -1.0000 -0.0054
vn -0.0080 -1.0000 -0.0054
vn -0.0091 -0.9999 -0.0054
vn -0.0061 -1.0000 -0.0054
vn -0.0082 -1.0000 -0.0054
vn -0.0085 -0.9999 -0.0054
vn 0.6088 -0.0043 0.7934
vn 0.9831 0.1301 -0.1287
vn 0.9161 0.3802 -0.1274
vn 0.9161 0.3801 -0.1274
vn 0.7867 0.6043 -0.1262
vn 0.7867 0.6043 -0.1261
vn 0.6036 0.7874 -0.1252
vn 0.3795 0.9168 -0.1245
vn 0.1294 0.9838 -0.1241
vn 0.1207 0.9192 -0.3749
vn 0.1039 0.7923 -0.6012
vn 0.0799 0.6111 -0.7875
vn 0.0503 0.3872 -0.9206
vn 0.0172 0.1359 -0.9906
vn 0.0172 0.1358 -0.9906
vn 0.9171 0.1228 -0.3793
vn 0.9172 0.1228 -0.3791
vn 0.8546 0.3560 -0.3780
vn 0.8546 0.3560 -0.3779
vn 0.7339 0.5652 -0.3768
vn 0.5631 0.7359 -0.3759
vn 0.5631 0.7359 -0.3760
vn 0.3540 0.8567 -0.3752
vn 0.3540 0.8566 -0.3753
vn 0.7890 0.1071 -0.6050
vn 0.7891 0.1072 -0.6048
vn 0.7352 0.3078 -0.6039
vn 0.7353 0.3078 -0.6038
vn 0.6314 0.4877 -0.6029
vn 0.6314 0.4878 -0.6028
vn 0.4845 0.6347 -0.6020
vn 0.4845 0.6347 -0.6021
vn 0.3046 0.7385 -0.6015
vn 0.3046 0.7386 -0.6015
vn 0.6068 0.0842 -0.7904
vn 0.5655 0.2385 -0.7895
vn 0.4856 0.3768 -0.7888
vn 0.4856 0.3769 -0.7888
vn 0.3726 0.4898 -0.7882
vn 0.2342 0.5697 -0.7877
vn 0.2342 0.5697 -0.7878
vn 0.3822 0.0553 -0.9224
vn 0.3561 0.1525 -0.9219
vn 0.3562 0.1525 -0.9219
vn 0.3058 0.2396 -0.9214
vn 0.2347 0.3108 -0.9210
vn 0.2347 0.3108 -0.9211
vn 0.1475 0.3611 -0.9208
vn 0.1305 0.0225 -0.9912
vn 0.1216 0.0557 -0.9910
vn 0.1044 0.0855 -0.9908
vn 0.1044 0.0855 -0.9909
vn 0.0801 0.1098 -0.9907
vn 0.0504 0.1270 -0.9906
vn 0.0504 0.1269 -0.9906
vn 0.0026 0.0686 -0.9976
vn -0.0000 0.2003 -0.9797
vn -0.0031 0.2270 -0.9739
vn 0.0050 0.3876 -0.9218
vn 0.0042 0.3908 -0.9205
vn -0.0031 0.5529 -0.8332
vn -0.0056 0.6947 -0.7193
vn -0.0000 0.6688 -0.7435
vn 0.0014 0.6130 -0.7901
vn 0.0033 0.8092 -0.5875
vn -0.0000 0.8154 -0.5789
vn 0.0010 0.7966 -0.6045
vn -0.0027 0.9026 -0.4305
vn -0.0089 0.9655 -0.2604
vn -0.0000 0.9536 -0.3012
vn 0.0014 0.9259 -0.3777
vn -0.0000 0.9964 -0.0848
vn 0.0008 0.9875 -0.1578
vn -0.0000 0.9768 -0.2141
vn -0.0000 0.5660 -0.8244
vn -0.0000 0.7333 -0.6799
vn -0.0115 -0.0817 -0.9966
vn 0.0105 -0.1252 -0.9921
vn -0.0627 -0.2853 -0.9564
vn -0.0269 -0.3776 -0.9256
vn -0.0896 -0.5165 -0.8516
vn -0.0593 -0.6034 -0.7952
vn -0.1131 -0.7130 -0.6919
vn -0.0851 -0.7872 -0.6108
vn -0.1312 -0.8626 -0.4886
vn -0.1031 -0.9169 -0.3856
vn -0.1427 -0.9564 -0.2548
vn -0.1123 -0.9845 -0.1350
vn -0.1303 -0.9891 -0.0682
vn -0.3820 -0.9217 -0.0678
vn -0.3819 -0.9217 -0.0679
vn -0.6076 -0.7914 -0.0672
vn -0.6075 -0.7914 -0.0672
vn -0.7918 -0.6072 -0.0662
vn -0.9221 -0.3816 -0.0649
vn -0.9220 -0.3816 -0.0650
vn -0.9895 -0.1299 -0.0636
vn -0.9852 -0.1116 -0.1303
vn -0.9578 -0.1413 -0.2504
vn -0.8948 -0.3692 -0.2511
vn -0.8947 -0.3693 -0.2511
vn -0.7684 -0.5882 -0.2523
vn -0.7683 -0.5882 -0.2523
vn -0.5896 -0.7670 -0.2533
vn -0.5895 -0.7670 -0.2533
vn -0.3706 -0.8934 -0.2539
vn -0.3706 -0.8934 -0.2540
vn -0.9190 -0.1010 -0.3812
vn -0.8652 -0.1287 -0.4846
vn -0.8090 -0.3325 -0.4848
vn -0.8089 -0.3325 -0.4848
vn -0.6947 -0.5304 -0.4859
vn -0.6946 -0.5304 -0.4859
vn -0.5330 -0.6920 -0.4868
vn -0.3350 -0.8063 -0.4874
vn -0.3351 -0.8063 -0.4874
vn -0.7905 -0.0818 -0.6070
vn -0.7168 -0.1094 -0.6887
vn -0.6713 -0.2744 -0.6885
vn -0.5765 -0.4386 -0.6894
vn -0.5765 -0.4387 -0.6893
vn -0.4424 -0.5728 -0.6901
vn -0.2781 -0.6676 -0.6906
vn -0.2781 -0.6677 -0.6906
vn -0.6077 -0.0550 -0.7923
vn -0.5211 -0.0850 -0.8492
vn -0.4901 -0.1984 -0.8488
vn -0.4208 -0.3183 -0.8494
vn -0.3229 -0.4163 -0.8500
vn -0.2030 -0.4855 -0.8503
vn -0.3825 -0.0219 -0.9237
vn -0.2905 -0.0575 -0.9551
vn -0.2764 -0.1093 -0.9548
vn -0.2764 -0.1094 -0.9548
vn -0.2374 -0.1770 -0.9552
vn -0.1821 -0.2322 -0.9555
vn -0.1145 -0.2713 -0.9557
vn -0.1305 0.0158 -0.9913
vn -0.0871 -0.0061 -0.9962
vn -0.0812 -0.0282 -0.9963
vn -0.0812 -0.0283 -0.9963
vn -0.0697 -0.0481 -0.9964
vn -0.0535 -0.0643 -0.9965
vn -0.0336 -0.0758 -0.9966
vn -0.0000 -0.1252 -0.9921
vn -0.0000 -0.3777 -0.9259
vn -0.0000 -0.6045 -0.7966
vn -0.0000 -0.7901 -0.6130
vn -0.0000 -0.9218 -0.3877
vn -0.0000 -0.9907 -0.1359
vn -0.0000 -0.1253 -0.9921
vn -0.0000 -0.1249 -0.9922
vn -0.0000 -0.1251 -0.9921
vn -0.0000 -0.1250 -0.9922
vn -0.0000 -0.1254 -0.9921
vn 0.0871 -0.0061 -0.9962
vn 0.1305 0.0158 -0.9913
vn 0.2905 -0.0575 -0.9551
vn 0.3825 -0.0219 -0.9237
vn 0.5212 -0.0850 -0.8492
vn 0.6077 -0.0550 -0.7923
vn 0.7168 -0.1094 -0.6887
vn 0.7905 -0.0818 -0.6070
vn 0.8652 -0.1286 -0.4847
vn 0.9190 -0.1010 -0.3812
vn 0.9578 -0.1413 -0.2504
vn 0.9852 -0.1116 -0.1303
vn 0.9895 -0.1299 -0.0636
vn 0.9221 -0.3816 -0.0649
vn 0.9220 -0.3816 -0.0651
vn 0.7918 -0.6072 -0.0661
vn 0.7918 -0.6072 -0.0663
vn 0.6076 -0.7914 -0.0673
vn 0.6075 -0.7914 -0.0672
vn 0.3819 -0.9217 -0.0679
vn 0.1303 -0.9891 -0.0682
vn 0.1123 -0.9845 -0.1350
vn 0.1427 -0.9564 -0.2548
vn 0.3706 -0.8934 -0.2539
vn 0.3707 -0.8934 -0.2539
vn 0.5896 -0.7670 -0.2533
vn 0.7683 -0.5882 -0.2523
vn 0.8948 -0.3693 -0.2511
vn 0.8948 -0.3692 -0.2511
vn 0.1031 -0.9169 -0.3856
vn 0.1312 -0.8626 -0.4886
vn 0.3351 -0.8063 -0.4874
vn 0.3350 -0.8064 -0.4874
vn 0.5331 -0.6920 -0.4868
vn 0.5330 -0.6920 -0.4868
vn 0.6947 -0.5304 -0.4859
vn 0.8090 -0.3325 -0.4848
vn 0.0851 -0.7872 -0.6108
vn 0.1131 -0.7130 -0.6919
vn 0.2781 -0.6676 -0.6906
vn 0.4424 -0.5728 -0.6901
vn 0.5765 -0.4387 -0.6894
vn 0.5765 -0.4386 -0.6894
vn 0.6713 -0.2744 -0.6885
vn 0.0593 -0.6034 -0.7952
vn 0.0896 -0.5166 -0.8516
vn 0.2030 -0.4855 -0.8503
vn 0.3229 -0.4163 -0.8500
vn 0.4208 -0.3183 -0.8495
vn 0.4209 -0.3184 -0.8494
vn 0.4901 -0.1984 -0.8488
vn 0.0269 -0.3776 -0.9256
vn 0.0627 -0.2854 -0.9564
vn 0.1145 -0.2713 -0.9557
vn 0.1821 -0.2322 -0.9555
vn 0.2374 -0.1770 -0.9552
vn 0.2764 -0.1093 -0.9548
vn 0.2765 -0.1094 -0.9548
vn -0.0105 -0.1252 -0.9921
vn 0.0115 -0.0817 -0.9966
vn 0.0336 -0.0758 -0.9966
vn 0.0535 -0.0643 -0.9965
vn 0.0697 -0.0481 -0.9964
vn 0.0812 -0.0283 -0.9963
vn 0.0812 -0.0282 -0.9963
vn -0.1306 -0.9914 -0.0053
vn 0.7934 -0.6088 -0.0033
vn 0.1306 -0.9914 -0.0053
vn -0.0008 0.5267 0.8501
vn 0.0017 0.6045 0.7966
vn -0.0012 0.6933 0.7207
vn 0.0015 0.7901 0.6130
vn -0.0010 0.8385 0.5449
vn 0.0011 0.9194 0.3933
vn 0.0013 0.9218 0.3877
vn -0.0001 0.9561 0.2931
vn -0.0000 0.9664 0.2570
vn 0.0012 0.9349 0.3550
vn -0.0046 0.9218 0.3877
vn 0.0037 0.8345 0.5509
vn -0.0000 0.8189 0.5740
vn -0.0024 0.7576 0.6527
vn -0.0000 0.6580 0.7530
vn -0.0020 0.5694 0.8221
vn 0.0046 0.5194 0.8545
vn -0.0059 0.3777 0.9259
vn 0.0030 0.3198 0.9475
vn -0.0043 0.1047 0.9945
vn 0.0012 0.3777 0.9259
vn 0.0005 0.3623 0.9321
vn -0.0004 0.2010 0.9796
vn 0.0008 0.1622 0.9868
vn -0.0000 0.0602 0.9982
vn -0.0000 -0.0045 1.0000
vn 0.0048 0.6938 0.7202
vn -0.0005 0.9580 0.2866
vn -0.0002 0.9653 0.2610
vn -0.0001 0.9780 0.2085
vn -0.0012 0.9844 0.1758
vn 0.0003 0.9893 0.1460
vn -0.0004 0.9980 0.0624
vn -0.0000 0.9983 0.0581
vn -0.0563 -0.0708 0.9959
vn -0.0352 -0.0868 0.9956
vn -0.0717 -0.0604 0.9956
vn -0.0839 -0.1032 0.9911
vn -0.1748 -0.0573 0.9829
vn -0.3408 -0.0522 0.9387
vn -0.3327 -0.1428 0.9321
vn -0.2607 -0.1474 0.9541
vn -0.2374 -0.1873 0.9532
vn -0.5132 -0.1260 0.8490
vn -0.5615 -0.0827 0.8233
vn -0.6952 -0.0892 0.7132
vn -0.7182 -0.1100 0.6871
vn -0.8375 -0.1031 0.5367
vn -0.8657 -0.1310 0.4831
vn -0.9362 -0.1129 0.3329
vn -0.9579 -0.1434 0.2488
vn -0.9867 -0.1174 0.1124
vn -0.9895 -0.1306 0.0622
vn -0.9221 -0.3823 0.0609
vn -0.9221 -0.3823 0.0608
vn -0.7918 -0.6079 0.0596
vn -0.7918 -0.6079 0.0597
vn -0.6076 -0.7921 0.0587
vn -0.6075 -0.7921 0.0586
vn -0.3819 -0.9224 0.0579
vn -0.1303 -0.9898 0.0576
vn -0.1123 -0.9859 0.1244
vn -0.1427 -0.9591 0.2445
vn -0.3706 -0.8961 0.2443
vn -0.5896 -0.7697 0.2450
vn -0.7683 -0.5909 0.2460
vn -0.7684 -0.5909 0.2459
vn -0.8947 -0.3720 0.2471
vn -0.1030 -0.9210 0.3757
vn -0.1313 -0.8678 0.4792
vn -0.3351 -0.8115 0.4787
vn -0.3350 -0.8116 0.4787
vn -0.5331 -0.6972 0.4793
vn -0.5330 -0.6973 0.4793
vn -0.6947 -0.5356 0.4802
vn -0.6947 -0.5356 0.4801
vn -0.8089 -0.3377 0.4812
vn -0.0851 -0.7937 0.6023
vn -0.1131 -0.7205 0.6842
vn -0.2781 -0.6751 0.6834
vn -0.2781 -0.6750 0.6834
vn -0.4424 -0.5802 0.6839
vn -0.5765 -0.4461 0.6846
vn -0.6713 -0.2818 0.6855
vn -0.0593 -0.6120 0.7887
vn -0.0896 -0.5257 0.8459
vn -0.2030 -0.4946 0.8451
vn -0.2030 -0.4947 0.8450
vn -0.3229 -0.4254 0.8454
vn -0.4208 -0.3275 0.8460
vn -0.4209 -0.3275 0.8459
vn -0.4901 -0.2076 0.8466
vn -0.0269 -0.3875 0.9215
vn -0.0627 -0.2957 0.9532
vn -0.1145 -0.2816 0.9527
vn -0.1821 -0.2425 0.9529
vn 0.0105 -0.1359 0.9907
vn -0.0093 -0.0968 0.9953
vn -0.0256 -0.0868 0.9959
vn -0.0352 -0.0902 0.9953
vn -0.0413 -0.0796 0.9960
vn -0.0556 -0.0779 0.9954
vn -0.6978 -0.0039 0.7163
vn -0.8417 -0.0029 0.5399
vn -0.8417 -0.0029 0.5400
vn -0.9214 -0.0021 0.3887
vn -0.9418 -0.0215 0.3354
vn -0.9596 -0.0015 0.2813
vn -0.9854 -0.0009 0.1703
vn -0.9984 -0.0003 0.0570
vn -0.9934 -0.0176 0.1137
vn -0.0000 -0.9921 0.1252
vn -0.0000 -0.9259 0.3777
vn -0.0000 -0.7966 0.6045
vn -0.0000 -0.6130 0.7901
vn -0.0000 -0.3876 0.9218
vn -0.0000 -0.1359 0.9907
vn -0.0000 -0.3877 0.9218
vn 0.9895 -0.1306 0.0622
vn 0.9852 -0.1130 0.1291
vn 0.9578 -0.1440 0.2489
vn 0.9190 -0.1051 0.3801
vn 0.8652 -0.1339 0.4832
vn 0.7905 -0.0884 0.6060
vn 0.7168 -0.1168 0.6875
vn 0.6077 -0.0635 0.7916
vn 0.5212 -0.0942 0.8482
vn 0.3825 -0.0319 0.9234
vn 0.2905 -0.0678 0.9545
vn 0.1305 0.0051 0.9914
vn 0.0871 -0.0168 0.9961
vn 0.0812 -0.0390 0.9959
vn 0.0697 -0.0589 0.9958
vn 0.0535 -0.0751 0.9957
vn 0.0336 -0.0866 0.9957
vn 0.0115 -0.0925 0.9956
vn -0.0105 -0.1359 0.9907
vn 0.0627 -0.2957 0.9532
vn 0.1145 -0.2816 0.9527
vn 0.1822 -0.2425 0.9529
vn 0.1821 -0.2425 0.9529
vn 0.2374 -0.1873 0.9532
vn 0.2764 -0.1196 0.9536
vn 0.0269 -0.3875 0.9215
vn 0.0895 -0.5257 0.8459
vn 0.2030 -0.4947 0.8450
vn 0.3229 -0.4254 0.8454
vn 0.4209 -0.3275 0.8459
vn 0.4901 -0.2076 0.8466
vn 0.0593 -0.6120 0.7887
vn 0.1131 -0.7205 0.6842
vn 0.2781 -0.6751 0.6834
vn 0.2781 -0.6750 0.6834
vn 0.4423 -0.5802 0.6839
vn 0.4424 -0.5802 0.6838
vn 0.5765 -0.4461 0.6846
vn 0.6713 -0.2818 0.6855
vn 0.0851 -0.7937 0.6023
vn 0.1313 -0.8678 0.4793
vn 0.3351 -0.8115 0.4786
vn 0.3350 -0.8116 0.4787
vn 0.5330 -0.6972 0.4793
vn 0.6947 -0.5357 0.4801
vn 0.6947 -0.5356 0.4802
vn 0.8090 -0.3377 0.4812
vn 0.1030 -0.9210 0.3757
vn 0.1427 -0.9591 0.2444
vn 0.3706 -0.8961 0.2443
vn 0.3706 -0.8961 0.2442
vn 0.5895 -0.7697 0.2450
vn 0.5896 -0.7697 0.2450
vn 0.7683 -0.5909 0.2459
vn 0.7683 -0.5909 0.2460
vn 0.8947 -0.3720 0.2471
vn 0.8948 -0.3720 0.2471
vn 0.1123 -0.9859 0.1244
vn 0.1303 -0.9898 0.0576
vn 0.3819 -0.9224 0.0579
vn 0.6076 -0.7921 0.0587
vn 0.6075 -0.7921 0.0587
vn 0.7918 -0.6079 0.0597
vn 0.7918 -0.6079 0.0596
vn 0.9221 -0.3823 0.0609
vn 0.9221 -0.3823 0.0608
vn 1.0000 -0.0000 0.0002
vn -1.0000 -0.0000 -0.0001
vn -1.0000 -0.0000 0.0002
vn -1.0000 -0.0000 -0.0002
s 0
f 1//1 2//1 3//1
f 3//1 2//1 4//1
f 4//2 2//2 5//2
f 5//2 2//2 6//2
f 5//3 6//3 7//3
f 7//3 6//3 8//3
f 7//4 8//4 9//4
f 9//4 8//4 10//4
f 9//5 10//5 11//5
f 11//5 10//5 12//5
f 11//6 12//6 13//6
f 13//6 12//6 14//6
f 13//7 14//7 15//7
f 15//7 14//7 16//7
f 15//8 16//8 17//8
f 17//8 16//8 18//8
f 17//9 18//9 19//9
f 19//10 18//10 20//10
f 19//11 20//11 21//11
f 21//11 20//11 22//11
f 21//12 22//12 23//12
f 23//12 22//12 24//12
f 23//13 24//13 25//13
f 25//13 24//13 26//13
f 25//14 26//14 27//14
f 27//14 28//14 25//14
f 25//14 28//14 29//14
f 25//13 29//13 23//13
f 23//13 29//13 30//13
f 23//12 30//12 21//12
f 21//12 30//12 31//12
f 21//11 31//11 19//11
f 19//11 31//11 32//11
f 19//10 32//10 17//10
f 17//9 32//9 33//9
f 17//8 33//8 15//8
f 15//8 33//8 34//8
f 15//7 34//7 13//7
f 13//7 34//7 35//7
f 13//6 35//6 11//6
f 11//6 35//6 36//6
f 11//5 36//5 9//5
f 9//5 36//5 37//5
f 9//4 37//4 7//4
f 7//4 37//4 38//4
f 7//3 38//3 5//3
f 5//3 38//3 39//3
f 5//2 39//2 4//2
f 27//15 40//15 28//15
f 28//15 40//15 41//15
f 41//16 40//16 42//16
f 42//16 40//16 43//16
f 42//17 43//17 44//17
f 44//17 43//17 45//17
f 44//18 45//18 46//18
f 46//18 45//18 47//18
f 46//19 47//19 48//19
f 48//19 47//19 49//19
f 48//20 49//20 50//20
f 50//20 49//20 51//20
f 50//21 51//21 52//21
f 52//21 51//21 53//21
f 52//22 53//22 54//22
f 54//22 53//22 55//22
f 54//23 55//23 56//23
f 56//23 55//23 57//23
f 56//24 57//24 58//24
f 58//24 57//24 59//24
f 58//25 59//25 60//25
f 60//26 59//26 61//26
f 60//27 61//27 62//27
f 62//27 61//27 63//27
f 62//28 63//28 1//28
f 1//28 3//28 62//28
f 62//28 3//28 64//28
f 62//27 64//27 60//27
f 60//27 64//27 65//27
f 60//26 65//26 58//26
f 58//25 65//25 66//25
f 58//24 66//24 56//24
f 56//24 66//24 67//24
f 56//23 67//23 54//23
f 54//23 67//23 68//23
f 54//22 68//22 52//22
f 52//22 68//22 69//22
f 52//21 69//21 50//21
f 50//21 69//21 70//21
f 50//20 70//20 48//20
f 48//20 70//20 71//20
f 48//19 71//19 46//19
f 46//19 71//19 72//19
f 46//18 72//18 44//18
f 44//18 72//18 73//18
f 44//17 73//17 42//17
f 42//17 73//17 74//17
f 42//16 74//16 41//16
f 74//29 73//29 41//29
f 41//29 73//29 30//29
f 41//29 30//29 28//29
f 28//29 30//29 29//29
f 30//29 73//29 31//29
f 31//29 73//29 72//29
f 31//29 72//29 32//29
f 32//29 72//29 71//29
f 32//29 71//29 33//29
f 33//29 71//29 70//29
f 33//29 70//29 34//29
f 34//29 70//29 69//29
f 34//29 69//29 35//29
f 35//29 69//29 68//29
f 35//29 68//29 36//29
f 36//29 68//29 67//29
f 36//29 67//29 37//29
f 37//29 67//29 66//29
f 37//29 66//29 38//29
f 38//29 66//29 65//29
f 38//29 65//29 4//29
f 4//29 65//29 3//29
f 3//29 65//29 64//29
f 4//29 39//29 38//29
f 75//1 76//1 77//1
f 77//1 76//1 78//1
f 78//2 76//2 79//2
f 79//2 76//2 80//2
f 79//3 80//3 81//3
f 81//3 80//3 82//3
f 81//4 82//4 83//4
f 83//4 82//4 84//4
f 83//5 84//5 85//5
f 85//5 84//5 86//5
f 85//6 86//6 87//6
f 87//6 86//6 88//6
f 87//7 88//7 89//7
f 89//7 88//7 90//7
f 89//8 90//8 91//8
f 91//8 90//8 92//8
f 91//9 92//9 93//9
f 93//9 92//9 94//9
f 93//11 94//11 95//11
f 95//11 94//11 96//11
f 95//12 96//12 97//12
f 97//12 96//12 98//12
f 97//13 98//13 99//13
f 99//13 98//13 100//13
f 99//14 100//14 101//14
f 101//14 102//14 99//14
f 99//14 102//14 103//14
f 99//13 103//13 97//13
f 97//13 103//13 104//13
f 97//12 104//12 95//12
f 95//12 104//12 105//12
f 95//11 105//11 93//11
f 93//11 105//11 106//11
f 93//9 106//9 91//9
f 91//9 106//9 107//9
f 91//8 107//8 89//8
f 89//8 107//8 108//8
f 89//7 108//7 87//7
f 87//7 108//7 109//7
f 87//6 109//6 85//6
f 85//6 109//6 110//6
f 85//5 110//5 83//5
f 83//5 110//5 111//5
f 83//4 111//4 81//4
f 81//4 111//4 112//4
f 81//3 112//3 79//3
f 79//3 112//3 113//3
f 79//2 113//2 78//2
f 101//15 114//15 102//15
f 102//15 114//15 115//15
f 115//16 114//16 116//16
f 116//16 114//16 117//16
f 116//17 117//17 118//17
f 118//17 117//17 119//17
f 118//30 119//30 120//30
f 120//30 119//30 121//30
f 120//19 121//19 122//19
f 122//19 121//19 123//19
f 122//20 123//20 124//20
f 124//20 123//20 125//20
f 124//21 125//21 126//21
f 126//21 125//21 127//21
f 126//22 127//22 128//22
f 128//22 127//22 129//22
f 128//23 129//23 130//23
f 130//23 129//23 131//23
f 130//24 131//24 132//24
f 132//24 131//24 133//24
f 132//25 133//25 134//25
f 134//31 133//31 135//31
f 134//27 135//27 136//27
f 136//27 135//27 137//27
f 136//28 137//28 75//28
f 75//28 77//28 136//28
f 136//28 77//28 138//28
f 136//27 138//27 134//27
f 134//27 138//27 139//27
f 134//31 139//31 132//31
f 132//25 139//25 140//25
f 132//24 140//24 130//24
f 130//24 140//24 141//24
f 130//23 141//23 128//23
f 128//23 141//23 142//23
f 128//22 142//22 126//22
f 126//22 142//22 143//22
f 126//21 143//21 124//21
f 124//21 143//21 144//21
f 124//20 144//20 122//20
f 122//20 144//20 145//20
f 122//19 145//19 120//19
f 120//19 145//19 146//19
f 120//30 146//30 118//30
f 118//30 146//30 147//30
f 118//17 147//17 116//17
f 116//17 147//17 148//17
f 116//16 148//16 115//16
f 148//29 147//29 115//29
f 115//29 147//29 105//29
f 115//29 105//29 104//29
f 147//29 146//29 105//29
f 105//29 146//29 106//29
f 106//29 146//29 145//29
f 106//29 145//29 107//29
f 107//29 145//29 144//29
f 107//29 144//29 108//29
f 108//29 144//29 143//29
f 108//29 143//29 109//29
f 109//29 143//29 142//29
f 109//29 142//29 110//29
f 110//29 142//29 141//29
f 110//29 141//29 111//29
f 111//29 141//29 140//29
f 111//29 140//29 112//29
f 112//29 140//29 78//29
f 112//29 78//29 113//29
f 140//29 139//29 78//29
f 78//29 139//29 77//29
f 77//29 139//29 138//29
f 103//29 102//29 104//29
f 104//29 102//29 115//29
f 149//15 150//15 151//15
f 151//15 150//15 152//15
f 152//16 150//16 153//16
f 153//16 150//16 154//16
f 153//17 154//17 155//17
f 155//17 154//17 156//17
f 155//18 156//18 157//18
f 157//18 156//18 158//18
f 157//32 158//32 159//32
f 159//33 158//33 160//33
f 159//20 160//20 161//20
f 161//20 160//20 162//20
f 161//34 162//34 163//34
f 163//34 162//34 164//34
f 163//35 164//35 165//35
f 165//35 164//35 166//35
f 165//23 166//23 167//23
f 167//23 166//23 168//23
f 167//36 168//36 169//36
f 169//37 168//37 170//37
f 169//25 170//25 171//25
f 171//25 170//25 172//25
f 171//27 172//27 173//27
f 173//27 172//27 174//27
f 173//28 174//28 175//28
f 175//28 176//28 173//28
f 173//28 176//28 177//28
f 173//27 177//27 171//27
f 171//27 177//27 178//27
f 171//25 178//25 169//25
f 169//25 178//25 179//25
f 169//37 179//37 167//37
f 167//36 179//36 180//36
f 167//23 180//23 165//23
f 165//23 180//23 181//23
f 165//35 181//35 163//35
f 163//35 181//35 182//35
f 163//34 182//34 161//34
f 161//34 182//34 183//34
f 161//20 183//20 159//20
f 159//20 183//20 184//20
f 159//33 184//33 157//33
f 157//32 184//32 185//32
f 157//18 185//18 155//18
f 155//18 185//18 186//18
f 155//17 186//17 153//17
f 153//17 186//17 187//17
f 153//16 187//16 152//16
f 175//1 188//1 176//1
f 176//1 188//1 189//1
f 189//2 188//2 190//2
f 190//2 188//2 191//2
f 190//3 191//3 192//3
f 192//3 191//3 193//3
f 192//4 193//4 194//4
f 194//4 193//4 195//4
f 194//38 195//38 196//38
f 196//38 195//38 197//38
f 196//6 197//6 198//6
f 198//6 197//6 199//6
f 198//7 199//7 200//7
f 200//7 199//7 201//7
f 200//8 201//8 202//8
f 202//8 201//8 203//8
f 202//9 203//9 204//9
f 204//9 203//9 205//9
f 204//39 205//39 206//39
f 206//39 205//39 207//39
f 206//12 207//12 208//12
f 208//12 207//12 209//12
f 208//13 209//13 210//13
f 210//13 209//13 211//13
f 210//14 211//14 149//14
f 149//14 151//14 210//14
f 210//14 151//14 212//14
f 210//13 212//13 208//13
f 208//13 212//13 213//13
f 208//12 213//12 206//12
f 206//12 213//12 214//12
f 206//39 214//39 204//39
f 204//39 214//39 215//39
f 204//9 215//9 202//9
f 202//9 215//9 216//9
f 202//8 216//8 200//8
f 200//8 216//8 217//8
f 200//7 217//7 198//7
f 198//7 217//7 218//7
f 198//6 218//6 196//6
f 196//6 218//6 219//6
f 196//38 219//38 194//38
f 194//38 219//38 220//38
f 194//4 220//4 192//4
f 192//4 220//4 221//4
f 192//3 221//3 190//3
f 190//3 221//3 222//3
f 190//2 222//2 189//2
f 222//29 221//29 189//29
f 189//29 221//29 178//29
f 189//29 178//29 176//29
f 176//29 178//29 177//29
f 178//29 221//29 179//29
f 179//29 221//29 220//29
f 179//29 220//29 180//29
f 180//29 220//29 219//29
f 180//29 219//29 181//29
f 181//29 219//29 218//29
f 181//29 218//29 182//29
f 182//29 218//29 217//29
f 182//29 217//29 183//29
f 183//29 217//29 216//29
f 183//29 216//29 184//29
f 184//29 216//29 215//29
f 184//29 215//29 185//29
f 185//29 215//29 214//29
f 185//29 214//29 186//29
f 186//29 214//29 213//29
f 186//29 213//29 152//29
f 152//29 213//29 151//29
f 151//29 213//29 212//29
f 152//29 187//29 186//29
f 223//15 224//15 225//15
f 225//15 224//15 226//15
f 226//16 224//16 227//16
f 227//16 224//16 228//16
f 227//17 228//17 229//17
f 229//17 228//17 230//17
f 229//18 230//18 231//18
f 231//18 230//18 232//18
f 231//33 232//33 233//33
f 233//33 232//33 234//33
f 233//20 234//20 235//20
f 235//20 234//20 236//20
f 235//34 236//34 237//34
f 237//34 236//34 238//34
f 237//35 238//35 239//35
f 239//35 238//35 240//35
f 239//23 240//23 241//23
f 241//23 240//23 242//23
f 241//36 242//36 243//36
f 243//36 242//36 244//36
f 243//25 244//25 245//25
f 245//25 244//25 246//25
f 245//27 246//27 247//27
f 247//27 246//27 248//27
f 247//28 248//28 249//28
f 249//28 250//28 247//28
f 247//28 250//28 251//28
f 247//27 251//27 245//27
f 245//27 251//27 252//27
f 245//25 252//25 243//25
f 243//25 252//25 253//25
f 243//36 253//36 241//36
f 241//36 253//36 254//36
f 241//23 254//23 239//23
f 239//23 254//23 255//23
f 239//35 255//35 237//35
f 237//35 255//35 256//35
f 237//34 256//34 235//34
f 235//34 256//34 257//34
f 235//20 257//20 233//20
f 233//20 257//20 258//20
f 233//33 258//33 231//33
f 231//33 258//33 259//33
f 231//18 259//18 229//18
f 229//18 259//18 260//18
f 229//17 260//17 227//17
f 227//17 260//17 261//17
f 227//16 261//16 226//16
f 249//1 262//1 250//1
f 250//1 262//1 263//1
f 263//2 262//2 264//2
f 264//2 262//2 265//2
f 264//3 265//3 266//3
f 266//3 265//3 267//3
f 266//4 267//4 268//4
f 268//4 267//4 269//4
f 268//38 269//38 270//38
f 270//38 269//38 271//38
f 270//6 271//6 272//6
f 272//6 271//6 273//6
f 272//7 273//7 274//7
f 274//7 273//7 275//7
f 274//8 275//8 276//8
f 276//8 275//8 277//8
f 276//9 277//9 278//9
f 278//9 277//9 279//9
f 278//39 279//39 280//39
f 280//39 279//39 281//39
f 280//12 281//12 282//12
f 282//12 281//12 283//12
f 282//13 283//13 284//13
f 284//13 283//13 285//13
f 284//14 285//14 223//14
f 223//14 225//14 284//14
f 284//14 225//14 286//14
f 284//13 286//13 282//13
f 282//13 286//13 287//13
f 282//12 287//12 280//12
f 280//12 287//12 288//12
f 280//39 288//39 278//39
f 278//39 288//39 289//39
f 278//9 289//9 276//9
f 276//9 289//9 290//9
f 276//8 290//8 274//8
f 274//8 290//8 291//8
f 274//7 291//7 272//7
f 272//7 291//7 292//7
f 272//6 292//6 270//6
f 270//6 292//6 293//6
f 270//38 293//38 268//38
f 268//38 293//38 294//38
f 268//4 294//4 266//4
f 266//4 294//4 295//4
f 266//3 295//3 264//3
f 264//3 295//3 296//3
f 264//2 296//2 263//2
f 296//29 295//29 263//29
f 263//29 295//29 253//29
f 263//29 253//29 252//29
f 295//40 294//40 253//40
f 253//29 294//29 254//29
f 254//29 294//29 293//29
f 254//29 293//29 255//29
f 255//29 293//29 292//29
f 255//29 292//29 256//29
f 256//29 292//29 291//29
f 256//29 291//29 257//29
f 257//29 291//29 290//29
f 257//29 290//29 258//29
f 258//29 290//29 289//29
f 258//29 289//29 259//29
f 259//29 289//29 288//29
f 259//29 288//29 260//29
f 260//29 288//29 226//29
f 260//29 226//29 261//29
f 288//29 287//29 226//29
f 226//29 287//29 225//29
f 225//29 287//29 286//29
f 251//29 250//29 252//29
f 252//29 250//29 263//29
f 297//15 298//15 299//15
f 299//15 298//15 300//15
f 300//16 298//16 301//16
f 301//16 298//16 302//16
f 301//17 302//17 303//17
f 303//17 302//17 304//17
f 303//18 304//18 305//18
f 305//18 304//18 306//18
f 305//33 306//33 307//33
f 307//33 306//33 308//33
f 307//20 308//20 309//20
f 309//20 308//20 310//20
f 309//34 310//34 311//34
f 311//34 310//34 312//34
f 311//35 312//35 313//35
f 313//35 312//35 314//35
f 313//23 314//23 315//23
f 315//23 314//23 316//23
f 315//24 316//24 317//24
f 317//24 316//24 318//24
f 317//25 318//25 319//25
f 319//25 318//25 320//25
f 319//27 320//27 321//27
f 321//27 320//27 322//27
f 321//28 322//28 323//28
f 323//28 324//28 321//28
f 321//28 324//28 325//28
f 321//27 325//27 319//27
f 319//27 325//27 326//27
f 319//25 326//25 317//25
f 317//25 326//25 327//25
f 317//24 327//24 315//24
f 315//24 327//24 328//24
f 315//23 328//23 313//23
f 313//23 328//23 329//23
f 313//35 329//35 311//35
f 311//35 329//35 330//35
f 311//34 330//34 309//34
f 309//34 330//34 331//34
f 309//20 331//20 307//20
f 307//20 331//20 332//20
f 307//33 332//33 305//33
f 305//33 332//33 333//33
f 305//18 333//18 303//18
f 303//18 333//18 334//18
f 303//17 334//17 301//17
f 301//17 334//17 335//17
f 301//16 335//16 300//16
f 323//1 336//1 324//1
f 324//1 336//1 337//1
f 337//2 336//2 338//2
f 338//2 336//2 339//2
f 338//3 339//3 340//3
f 340//3 339//3 341//3
f 340//4 341//4 342//4
f 342//4 341//4 343//4
f 342//38 343//38 344//38
f 344//38 343//38 345//38
f 344//6 345//6 346//6
f 346//6 345//6 347//6
f 346//7 347//7 348//7
f 348//7 347//7 349//7
f 348//8 349//8 350//8
f 350//8 349//8 351//8
f 350//9 351//9 352//9
f 352//9 351//9 353//9
f 352//39 353//39 354//39
f 354//39 353//39 355//39
f 354//12 355//12 356//12
f 356//12 355//12 357//12
f 356//13 357//13 358//13
f 358//13 357//13 359//13
f 358//14 359//14 297//14
f 297//14 299//14 358//14
f 358//14 299//14 360//14
f 358//13 360//13 356//13
f 356//13 360//13 361//13
f 356//12 361//12 354//12
f 354//12 361//12 362//12
f 354//39 362//39 352//39
f 352//39 362//39 363//39
f 352//9 363//9 350//9
f 350//9 363//9 364//9
f 350//8 364//8 348//8
f 348//8 364//8 365//8
f 348//7 365//7 346//7
f 346//7 365//7 366//7
f 346//6 366//6 344//6
f 344//6 366//6 367//6
f 344//38 367//38 342//38
f 342//38 367//38 368//38
f 342//4 368//4 340//4
f 340//4 368//4 369//4
f 340//3 369//3 338//3
f 338//3 369//3 370//3
f 338//2 370//2 337//2
f 370//29 369//29 337//29
f 337//29 369//29 326//29
f 337//29 326//29 324//29
f 324//29 326//29 325//29
f 326//29 369//29 327//29
f 327//29 369//29 368//29
f 327//29 368//29 328//29
f 328//29 368//29 367//29
f 328//29 367//29 329//29
f 329//29 367//29 366//29
f 329//29 366//29 330//29
f 330//29 366//29 365//29
f 330//29 365//29 331//29
f 331//29 365//29 364//29
f 331//29 364//29 332//29
f 332//29 364//29 363//29
f 332//29 363//29 333//29
f 333//29 363//29 362//29
f 333//29 362//29 334//29
f 334//29 362//29 361//29
f 334//29 361//29 300//29
f 300//29 361//29 299//29
f 299//29 361//29 360//29
f 300//29 335//29 334//29
f 371//1 372//1 373//1
f 373//1 372//1 374//1
f 374//2 372//2 375//2
f 375//2 372//2 376//2
f 375//3 376//3 377//3
f 377//3 376//3 378//3
f 377//4 378//4 379//4
f 379//4 378//4 380//4
f 379//5 380//5 381//5
f 381//5 380//5 382//5
f 381//6 382//6 383//6
f 383//6 382//6 384//6
f 383//7 384//7 385//7
f 385//7 384//7 386//7
f 385//8 386//8 387//8
f 387//8 386//8 388//8
f 387//9 388//9 389//9
f 389//9 388//9 390//9
f 389//11 390//11 391//11
f 391//11 390//11 392//11
f 391//12 392//12 393//12
f 393//12 392//12 394//12
f 393//13 394//13 395//13
f 395//13 394//13 396//13
f 395//14 396//14 397//14
f 397//14 398//14 395//14
f 395//14 398//14 399//14
f 395//13 399//13 393//13
f 393//13 399//13 400//13
f 393//12 400//12 391//12
f 391//12 400//12 401//12
f 391//11 401//11 389//11
f 389//11 401//11 402//11
f 389//9 402//9 387//9
f 387//9 402//9 403//9
f 387//8 403//8 385//8
f 385//8 403//8 404//8
f 385//7 404//7 383//7
f 383//7 404//7 405//7
f 383//6 405//6 381//6
f 381//6 405//6 406//6
f 381//5 406//5 379//5
f 379//5 406//5 407//5
f 379//4 407//4 377//4
f 377//4 407//4 408//4
f 377//3 408//3 375//3
f 375//3 408//3 409//3
f 375//2 409//2 374//2
f 397//15 410//15 398//15
f 398//15 410//15 411//15
f 411//16 410//16 412//16
f 412//16 410//16 413//16
f 412//17 413//17 414//17
f 414//17 413//17 415//17
f 414//18 415//18 416//18
f 416//41 415//41 417//41
f 416//19 417//19 418//19
f 418//19 417//19 419//19
f 418//20 419//20 420//20
f 420//20 419//20 421//20
f 420//21 421//21 422//21
f 422//21 421//21 423//21
f 422//22 423//22 424//22
f 424//22 423//22 425//22
f 424//23 425//23 426//23
f 426//23 425//23 427//23
f 426//24 427//24 428//24
f 428//24 427//24 429//24
f 428//25 429//25 430//25
f 430//26 429//26 431//26
f 430//27 431//27 432//27
f 432//27 431//27 433//27
f 432//28 433//28 371//28
f 371//28 373//28 432//28
f 432//28 373//28 434//28
f 432//27 434//27 430//27
f 430//27 434//27 435//27
f 430//26 435//26 428//26
f 428//25 435//25 436//25
f 428//24 436//24 426//24
f 426//24 436//24 437//24
f 426//23 437//23 424//23
f 424//23 437//23 438//23
f 424//22 438//22 422//22
f 422//22 438//22 439//22
f 422//21 439//21 420//21
f 420//21 439//21 440//21
f 420//20 440//20 418//20
f 418//20 440//20 441//20
f 418//19 441//19 416//19
f 416//19 441//19 442//19
f 416//41 442//41 414//41
f 414//18 442//18 443//18
f 414//17 443//17 412//17
f 412//17 443//17 444//17
f 412//16 444//16 411//16
f 444//29 443//29 411//29
f 411//29 443//29 401//29
f 411//29 401//29 400//29
f 443//29 442//29 401//29
f 401//29 442//29 402//29
f 402//29 442//29 441//29
f 402//29 441//29 403//29
f 403//29 441//29 440//29
f 403//29 440//29 404//29
f 404//29 440//29 439//29
f 404//29 439//29 405//29
f 405//29 439//29 438//29
f 405//29 438//29 406//29
f 406//29 438//29 437//29
f 406//29 437//29 407//29
f 407//29 437//29 436//29
f 407//29 436//29 408//29
f 408//29 436//29 374//29
f 408//29 374//29 409//29
f 436//29 435//29 374//29
f 374//29 435//29 373//29
f 373//29 435//29 434//29
f 399//29 398//29 400//29
f 400//29 398//29 411//29
f 445//2 446//2 447//2
f 447//2 446//2 448//2
f 447//3 448//3 449//3
f 449//3 448//3 450//3
f 449//4 450//4 451//4
f 451//4 450//4 452//4
f 451//5 452//5 453//5
f 453//5 452//5 454//5
f 453//42 454//42 455//42
f 455//6 454//6 456//6
f 455//7 456//7 457//7
f 457//7 456//7 458//7
f 457//8 458//8 459//8
f 459//8 458//8 460//8
f 459//9 460//9 461//9
f 461//9 460//9 462//9
f 461//11 462//11 463//11
f 463//11 462//11 464//11
f 463//12 464//12 465//12
f 465//12 464//12 466//12
f 465//13 466//13 467//13
f 467//13 466//13 468//13
f 467//14 468//14 469//14
f 469//14 470//14 467//14
f 467//14 470//14 471//14
f 467//13 471//13 465//13
f 465//13 471//13 472//13
f 465//12 472//12 463//12
f 463//12 472//12 473//12
f 463//11 473//11 461//11
f 461//11 473//11 474//11
f 461//9 474//9 459//9
f 459//9 474//9 475//9
f 459//8 475//8 457//8
f 457//8 475//8 476//8
f 457//7 476//7 455//7
f 455//7 476//7 477//7
f 455//6 477//6 453//6
f 453//42 477//42 478//42
f 453//5 478//5 451//5
f 451//5 478//5 479//5
f 451//4 479//4 449//4
f 449//4 479//4 480//4
f 449//3 480//3 447//3
f 447//3 480//3 481//3
f 447//2 481//2 445//2
f 469//15 482//15 470//15
f 470//15 482//15 483//15
f 483//16 482//16 484//16
f 484//16 482//16 485//16
f 484//17 485//17 486//17
f 486//17 485//17 487//17
f 486//41 487//41 488//41
f 488//18 487//18 489//18
f 488//19 489//19 490//19
f 490//19 489//19 491//19
f 490//20 491//20 492//20
f 492//20 491//20 493//20
f 492//21 493//21 494//21
f 494//21 493//21 495//21
f 494//22 495//22 496//22
f 496//22 495//22 497//22
f 496//23 497//23 498//23
f 498//23 497//23 499//23
f 498//24 499//24 500//24
f 500//24 499//24 501//24
f 500//25 501//25 502//25
f 502//25 501//25 503//25
f 502//27 503//27 504//27
f 504//27 503//27 505//27
f 504//28 505//28 506//28
f 506//28 507//28 504//28
f 504//28 507//28 508//28
f 504//27 508//27 502//27
f 502//27 508//27 509//27
f 502//25 509//25 500//25
f 500//25 509//25 510//25
f 500//24 510//24 498//24
f 498//24 510//24 511//24
f 498//23 511//23 496//23
f 496//23 511//23 512//23
f 496//22 512//22 494//22
f 494//22 512//22 513//22
f 494//21 513//21 492//21
f 492//21 513//21 514//21
f 492//20 514//20 490//20
f 490//20 514//20 515//20
f 490//19 515//19 488//19
f 488//19 515//19 516//19
f 488//18 516//18 486//18
f 486//41 516//41 517//41
f 486//17 517//17 484//17
f 484//17 517//17 518//17
f 484//16 518//16 483//16
f 506//1 446//1 507//1
f 507//1 446//1 445//1
f 508//29 507//29 509//29
f 509//29 507//29 445//29
f 509//29 445//29 480//29
f 480//29 445//29 481//29
f 509//29 480//29 510//29
f 510//29 480//29 479//29
f 510//29 479//29 511//29
f 511//29 479//29 478//29
f 511//29 478//29 512//29
f 512//29 478//29 477//29
f 512//29 477//29 513//29
f 513//29 477//29 476//29
f 513//29 476//29 514//29
f 514//29 476//29 475//29
f 514//29 475//29 515//29
f 515//29 475//29 474//29
f 515//29 474//29 516//29
f 516//29 474//29 473//29
f 516//29 473//29 517//29
f 517//29 473//29 472//29
f 517//29 472//29 483//29
f 483//29 472//29 470//29
f 470//29 472//29 471//29
f 483//29 518//29 517//29
f 519//1 520//1 521//1
f 521//1 520//1 522//1
f 522//2 520//2 523//2
f 523//2 520//2 524//2
f 523//3 524//3 525//3
f 525//3 524//3 526//3
f 525//4 526//4 527//4
f 527//43 526//43 528//43
f 527//38 528//38 529//38
f 529//38 528//38 530//38
f 529//6 530//6 531//6
f 531//6 530//6 532//6
f 531//7 532//7 533//7
f 533//7 532//7 534//7
f 533//8 534//8 535//8
f 535//8 534//8 536//8
f 535//9 536//9 537//9
f 537//9 536//9 538//9
f 537//39 538//39 539//39
f 539//39 538//39 540//39
f 539//44 540//44 541//44
f 541//12 540//12 542//12
f 541//13 542//13 543//13
f 543//13 542//13 544//13
f 543//14 544//14 545//14
f 545//14 546//14 543//14
f 543//14 546//14 547//14
f 543//13 547//13 541//13
f 541//13 547//13 548//13
f 541//12 548//12 539//12
f 539//44 548//44 549//44
f 539//39 549//39 537//39
f 537//39 549//39 550//39
f 537//9 550//9 535//9
f 535//9 550//9 551//9
f 535//8 551//8 533//8
f 533//8 551//8 552//8
f 533//7 552//7 531//7
f 531//7 552//7 553//7
f 531//6 553//6 529//6
f 529//6 553//6 554//6
f 529//38 554//38 527//38
f 527//38 554//38 555//38
f 527//43 555//43 525//43
f 525//4 555//4 556//4
f 525//3 556//3 523//3
f 523//3 556//3 557//3
f 523//2 557//2 522//2
f 545//15 558//15 546//15
f 546//15 558//15 559//15
f 559//16 558//16 560//16
f 560//16 558//16 561//16
f 560//17 561//17 562//17
f 562//17 561//17 563//17
f 562//18 563//18 564//18
f 564//41 563//41 565//41
f 564//19 565//19 566//19
f 566//19 565//19 567//19
f 566//20 567//20 568//20
f 568//20 567//20 569//20
f 568//21 569//21 570//21
f 570//21 569//21 571//21
f 570//22 571//22 572//22
f 572//22 571//22 573//22
f 572//23 573//23 574//23
f 574//23 573//23 575//23
f 574//24 575//24 576//24
f 576//24 575//24 577//24
f 576//26 577//26 578//26
f 578//25 577//25 579//25
f 578//27 579//27 580//27
f 580//27 579//27 581//27
f 580//28 581//28 519//28
f 519//28 521//28 580//28
f 580//28 521//28 582//28
f 580//27 582//27 578//27
f 578//27 582//27 583//27
f 578//25 583//25 576//25
f 576//26 583//26 584//26
f 576//24 584//24 574//24
f 574//24 584//24 585//24
f 574//23 585//23 572//23
f 572//23 585//23 586//23
f 572//22 586//22 570//22
f 570//22 586//22 587//22
f 570//21 587//21 568//21
f 568//21 587//21 588//21
f 568//20 588//20 566//20
f 566//20 588//20 589//20
f 566//19 589//19 564//19
f 564//19 589//19 590//19
f 564//41 590//41 562//41
f 562//18 590//18 591//18
f 562//17 591//17 560//17
f 560//17 591//17 592//17
f 560//16 592//16 559//16
f 592//29 591//29 559//29
f 559//29 591//29 548//29
f 559//29 548//29 546//29
f 546//29 548//29 547//29
f 548//29 591//29 549//29
f 549//29 591//29 590//29
f 549//29 590//29 550//29
f 550//29 590//29 589//29
f 550//29 589//29 551//29
f 551//29 589//29 588//29
f 551//29 588//29 552//29
f 552//29 588//29 587//29
f 552//29 587//29 553//29
f 553//29 587//29 586//29
f 553//29 586//29 554//29
f 554//29 586//29 585//29
f 554//29 585//29 555//29
f 555//29 585//29 584//29
f 555//29 584//29 556//29
f 556//29 584//29 583//29
f 556//29 583//29 522//29
f 522//29 583//29 521//29
f 521//29 583//29 582//29
f 522//29 557//29 556//29
f 593//15 594//15 595//15
f 595//15 594//15 596//15
f 596//16 594//16 597//16
f 597//16 594//16 598//16
f 597//17 598//17 599//17
f 599//17 598//17 600//17
f 599//18 600//18 601//18
f 601//41 600//41 602//41
f 601//33 602//33 603//33
f 603//33 602//33 604//33
f 603//20 604//20 605//20
f 605//20 604//20 606//20
f 605//34 606//34 607//34
f 607//34 606//34 608//34
f 607//35 608//35 609//35
f 609//35 608//35 610//35
f 609//23 610//23 611//23
f 611//23 610//23 612//23
f 611//36 612//36 613//36
f 613//36 612//36 614//36
f 613//26 614//26 615//26
f 615//25 614//25 616//25
f 615//27 616//27 617//27
f 617//27 616//27 618//27
f 617//28 618//28 619//28
f 619//28 620//28 617//28
f 617//28 620//28 621//28
f 617//27 621//27 615//27
f 615//27 621//27 622//27
f 615//25 622//25 613//25
f 613//26 622//26 623//26
f 613//36 623//36 611//36
f 611//36 623//36 624//36
f 611//23 624//23 609//23
f 609//23 624//23 625//23
f 609//35 625//35 607//35
f 607//35 625//35 626//35
f 607//34 626//34 605//34
f 605//34 626//34 627//34
f 605//20 627//20 603//20
f 603//20 627//20 628//20
f 603//33 628//33 601//33
f 601//33 628//33 629//33
f 601//41 629//41 599//41
f 599//18 629//18 630//18
f 599//17 630//17 597//17
f 597//17 630//17 631//17
f 597//16 631//16 596//16
f 619//1 632//1 620//1
f 620//1 632//1 633//1
f 633//2 632//2 634//2
f 634//2 632//2 635//2
f 634//3 635//3 636//3
f 636//3 635//3 637//3
f 636//4 637//4 638//4
f 638//43 637//43 639//43
f 638//38 639//38 640//38
f 640//38 639//38 641//38
f 640//6 641//6 642//6
f 642//6 641//6 643//6
f 642//7 643//7 644//7
f 644//7 643//7 645//7
f 644//8 645//8 646//8
f 646//8 645//8 647//8
f 646//9 647//9 648//9
f 648//9 647//9 649//9
f 648//39 649//39 650//39
f 650//39 649//39 651//39
f 650//44 651//44 652//44
f 652//12 651//12 653//12
f 652//13 653//13 654//13
f 654//13 653//13 655//13
f 654//14 655//14 593//14
f 593//14 595//14 654//14
f 654//14 595//14 656//14
f 654//13 656//13 652//13
f 652//13 656//13 657//13
f 652//12 657//12 650//12
f 650//44 657//44 658//44
f 650//39 658//39 648//39
f 648//39 658//39 659//39
f 648//9 659//9 646//9
f 646//9 659//9 660//9
f 646//8 660//8 644//8
f 644//8 660//8 661//8
f 644//7 661//7 642//7
f 642//7 661//7 662//7
f 642//6 662//6 640//6
f 640//6 662//6 663//6
f 640//38 663//38 638//38
f 638//38 663//38 664//38
f 638//43 664//43 636//43
f 636//4 664//4 665//4
f 636//3 665//3 634//3
f 634//3 665//3 666//3
f 634//2 666//2 633//2
f 666//29 665//29 633//29
f 633//29 665//29 664//29
f 633//29 664//29 623//29
f 623//29 664//29 624//29
f 624//29 664//29 663//29
f 624//29 663//29 625//29
f 625//29 663//29 662//29
f 625//29 662//29 626//29
f 626//29 662//29 661//29
f 626//29 661//29 627//29
f 627//29 661//29 660//29
f 627//29 660//29 628//29
f 628//29 660//29 659//29
f 628//29 659//29 629//29
f 629//29 659//29 658//29
f 629//29 658//29 596//29
f 596//29 658//29 595//29
f 595//29 658//29 657//29
f 595//29 657//29 656//29
f 631//29 630//29 596//29
f 596//29 630//29 629//29
f 633//29 623//29 620//29
f 620//29 623//29 622//29
f 620//29 622//29 621//29
f 667//15 668//15 669//15
f 669//15 668//15 670//15
f 670//28 668//28 671//28
f 671//28 668//28 672//28
f 671//27 672//27 673//27
f 673//27 672//27 674//27
f 673//25 674//25 675//25
f 675//25 674//25 676//25
f 675//36 676//36 677//36
f 677//37 676//37 678//37
f 677//23 678//23 679//23
f 679//23 678//23 680//23
f 679//35 680//35 681//35
f 681//35 680//35 682//35
f 681//34 682//34 683//34
f 683//34 682//34 684//34
f 683//20 684//20 685//20
f 685//20 684//20 686//20
f 685//33 686//33 687//33
f 687//32 686//32 688//32
f 687//18 688//18 689//18
f 689//18 688//18 690//18
f 689//17 690//17 691//17
f 691//17 690//17 692//17
f 691//16 692//16 693//16
f 693//16 694//16 691//16
f 691//16 694//16 695//16
f 691//17 695//17 689//17
f 689//17 695//17 696//17
f 689//18 696//18 687//18
f 687//18 696//18 697//18
f 687//32 697//32 685//32
f 685//33 697//33 698//33
f 685//20 698//20 683//20
f 683//20 698//20 699//20
f 683//34 699//34 681//34
f 681//34 699//34 700//34
f 681//35 700//35 679//35
f 679//35 700//35 701//35
f 679//23 701//23 677//23
f 677//23 701//23 702//23
f 677//37 702//37 675//37
f 675//36 702//36 703//36
f 675//25 703//25 673//25
f 673//25 703//25 704//25
f 673//27 704//27 671//27
f 671//27 704//27 705//27
f 671//28 705//28 670//28
f 693//1 706//1 694//1
f 694//1 706//1 707//1
f 707//2 706//2 708//2
f 708//2 706//2 709//2
f 708//3 709//3 710//3
f 710//3 709//3 711//3
f 710//4 711//4 712//4
f 712//4 711//4 713//4
f 712//38 713//38 714//38
f 714//38 713//38 715//38
f 714//6 715//6 716//6
f 716//6 715//6 717//6
f 716//7 717//7 718//7
f 718//7 717//7 719//7
f 718//8 719//8 720//8
f 720//8 719//8 721//8
f 720//9 721//9 722//9
f 722//9 721//9 723//9
f 722//39 723//39 724//39
f 724//39 723//39 725//39
f 724//12 725//12 726//12
f 726//12 725//12 727//12
f 726//13 727//13 728//13
f 728//13 727//13 729//13
f 728//14 729//14 667//14
f 667//14 669//14 728//14
f 728//14 669//14 730//14
f 728//13 730//13 726//13
f 726//13 730//13 731//13
f 726//12 731//12 724//12
f 724//12 731//12 732//12
f 724//39 732//39 722//39
f 722//39 732//39 733//39
f 722//9 733//9 720//9
f 720//9 733//9 734//9
f 720//8 734//8 718//8
f 718//8 734//8 735//8
f 718//7 735//7 716//7
f 716//7 735//7 736//7
f 716//6 736//6 714//6
f 714//6 736//6 737//6
f 714//38 737//38 712//38
f 712//38 737//38 738//38
f 712//4 738//4 710//4
f 710//4 738//4 739//4
f 710//3 739//3 708//3
f 708//3 739//3 740//3
f 708//2 740//2 707//2
f 740//29 739//29 707//29
f 707//29 739//29 697//29
f 707//29 697//29 696//29
f 739//29 738//29 697//29
f 697//29 738//29 698//29
f 698//29 738//29 737//29
f 698//29 737//29 699//29
f 699//29 737//29 736//29
f 699//29 736//29 700//29
f 700//29 736//29 735//29
f 700//29 735//29 734//29
f 700//29 734//29 701//29
f 701//29 734//29 733//29
f 701//29 733//29 702//29
f 702//29 733//29 732//29
f 702//29 732//29 703//29
f 703//29 732//29 731//29
f 703//29 731//29 669//29
f 669//29 731//29 730//29
f 670//29 705//29 669//29
f 669//29 705//29 704//29
f 669//29 704//29 703//29
f 696//29 695//29 707//29
f 707//29 695//29 694//29
f 741//15 742//15 743//15
f 743//15 742//15 744//15
f 744//16 742//16 745//16
f 745//16 742//16 746//16
f 745//17 746//17 747//17
f 747//17 746//17 748//17
f 747//18 748//18 749//18
f 749//18 748//18 750//18
f 749//33 750//33 751//33
f 751//19 750//19 752//19
f 751//20 752//20 753//20
f 753//20 752//20 754//20
f 753//34 754//34 755//34
f 755//34 754//34 756//34
f 755//35 756//35 757//35
f 757//35 756//35 758//35
f 757//23 758//23 759//23
f 759//23 758//23 760//23
f 759//36 760//36 761//36
f 761//24 760//24 762//24
f 761//25 762//25 763//25
f 763//25 762//25 764//25
f 763//27 764//27 765//27
f 765//27 764//27 766//27
f 765//28 766//28 767//28
f 767//28 768//28 765//28
f 765//28 768//28 769//28
f 765//27 769//27 763//27
f 763//27 769//27 770//27
f 763//25 770//25 761//25
f 761//25 770//25 771//25
f 761//24 771//24 759//24
f 759//36 771//36 772//36
f 759//23 772//23 757//23
f 757//23 772//23 773//23
f 757//35 773//35 755//35
f 755//35 773//35 774//35
f 755//34 774//34 753//34
f 753//34 774//34 775//34
f 753//20 775//20 751//20
f 751//20 775//20 776//20
f 751//19 776//19 749//19
f 749//33 776//33 777//33
f 749//18 777//18 747//18
f 747//18 777//18 778//18
f 747//17 778//17 745//17
f 745//17 778//17 779//17
f 745//16 779//16 744//16
f 767//1 780//1 768//1
f 768//1 780//1 781//1
f 781//2 780//2 782//2
f 782//2 780//2 783//2
f 782//3 783//3 784//3
f 784//3 783//3 785//3
f 784//4 785//4 786//4
f 786//4 785//4 787//4
f 786//38 787//38 788//38
f 788//38 787//38 789//38
f 788//6 789//6 790//6
f 790//6 789//6 791//6
f 790//7 791//7 792//7
f 792//7 791//7 793//7
f 792//8 793//8 794//8
f 794//8 793//8 795//8
f 794//9 795//9 796//9
f 796//9 795//9 797//9
f 796//39 797//39 798//39
f 798//39 797//39 799//39
f 798//12 799//12 800//12
f 800//12 799//12 801//12
f 800//13 801//13 802//13
f 802//13 801//13 803//13
f 802//14 803//14 741//14
f 741//14 743//14 802//14
f 802//14 743//14 804//14
f 802//13 804//13 800//13
f 800//13 804//13 805//13
f 800//12 805//12 798//12
f 798//12 805//12 806//12
f 798//39 806//39 796//39
f 796//39 806//39 807//39
f 796//9 807//9 794//9
f 794//9 807//9 808//9
f 794//8 808//8 792//8
f 792//8 808//8 809//8
f 792//7 809//7 790//7
f 790//7 809//7 810//7
f 790//6 810//6 788//6
f 788//6 810//6 811//6
f 788//38 811//38 786//38
f 786//38 811//38 812//38
f 786//4 812//4 784//4
f 784//4 812//4 813//4
f 784//3 813//3 782//3
f 782//3 813//3 814//3
f 782//2 814//2 781//2
f 814//29 813//29 781//29
f 781//29 813//29 771//29
f 781//29 771//29 770//29
f 813//40 812//40 771//40
f 771//29 812//29 772//29
f 772//29 812//29 811//29
f 772//29 811//29 773//29
f 773//29 811//29 810//29
f 773//29 810//29 774//29
f 774//29 810//29 809//29
f 774//29 809//29 775//29
f 775//29 809//29 808//29
f 775//29 808//29 776//29
f 776//29 808//29 807//29
f 776//29 807//29 777//29
f 777//29 807//29 806//29
f 777//29 806//29 778//29
f 778//29 806//29 744//29
f 778//29 744//29 779//29
f 806//29 805//29 744//29
f 744//29 805//29 743//29
f 743//29 805//29 804//29
f 769//29 768//29 770//29
f 770//29 768//29 781//29
f 815//15 816//15 817//15
f 817//15 816//15 818//15
f 818//16 816//16 819//16
f 819//16 816//16 820//16
f 819//17 820//17 821//17
f 821//17 820//17 822//17
f 821//18 822//18 823//18
f 823//18 822//18 824//18
f 823//19 824//19 825//19
f 825//19 824//19 826//19
f 825//20 826//20 827//20
f 827//20 826//20 828//20
f 827//34 828//34 829//34
f 829//34 828//34 830//34
f 829//35 830//35 831//35
f 831//35 830//35 832//35
f 831//23 832//23 833//23
f 833//23 832//23 834//23
f 833//36 834//36 835//36
f 835//36 834//36 836//36
f 835//25 836//25 837//25
f 837//25 836//25 838//25
f 837//27 838//27 839//27
f 839//27 838//27 840//27
f 839//28 840//28 841//28
f 841//28 842//28 839//28
f 839//28 842//28 843//28
f 839//27 843//27 837//27
f 837//27 843//27 844//27
f 837//25 844//25 835//25
f 835//25 844//25 845//25
f 835//36 845//36 833//36
f 833//36 845//36 846//36
f 833//23 846//23 831//23
f 831//23 846//23 847//23
f 831//35 847//35 829//35
f 829//35 847//35 848//35
f 829//34 848//34 827//34
f 827//34 848//34 849//34
f 827//20 849//20 825//20
f 825//20 849//20 850//20
f 825//19 850//19 823//19
f 823//19 850//19 851//19
f 823//18 851//18 821//18
f 821//18 851//18 852//18
f 821//17 852//17 819//17
f 819//17 852//17 853//17
f 819//16 853//16 818//16
f 841//1 854//1 842//1
f 842//1 854//1 855//1
f 855//2 854//2 856//2
f 856//2 854//2 857//2
f 856//3 857//3 858//3
f 858//3 857//3 859//3
f 858//4 859//4 860//4
f 860//4 859//4 861//4
f 860//38 861//38 862//38
f 862//38 861//38 863//38
f 862//6 863//6 864//6
f 864//6 863//6 865//6
f 864//7 865//7 866//7
f 866//7 865//7 867//7
f 866//8 867//8 868//8
f 868//8 867//8 869//8
f 868//9 869//9 870//9
f 870//9 869//9 871//9
f 870//39 871//39 872//39
f 872//39 871//39 873//39
f 872//12 873//12 874//12
f 874//12 873//12 875//12
f 874//13 875//13 876//13
f 876//13 875//13 877//13
f 876//14 877//14 815//14
f 815//14 817//14 876//14
f 876//14 817//14 878//14
f 876//13 878//13 874//13
f 874//13 878//13 879//13
f 874//12 879//12 872//12
f 872//12 879//12 880//12
f 872//39 880//39 870//39
f 870//39 880//39 881//39
f 870//9 881//9 868//9
f 868//9 881//9 882//9
f 868//8 882//8 866//8
f 866//8 882//8 883//8
f 866//7 883//7 864//7
f 864//7 883//7 884//7
f 864//6 884//6 862//6
f 862//6 884//6 885//6
f 862//38 885//38 860//38
f 860//38 885//38 886//38
f 860//4 886//4 858//4
f 858//4 886//4 887//4
f 858//3 887//3 856//3
f 856//3 887//3 888//3
f 856//2 888//2 855//2
f 888//29 887//29 855//29
f 855//29 887//29 844//29
f 855//29 844//29 842//29
f 842//29 844//29 843//29
f 844//29 887//29 845//29
f 845//29 887//29 886//29
f 845//29 886//29 846//29
f 846//29 886//29 885//29
f 846//29 885//29 847//29
f 847//29 885//29 884//29
f 847//29 884//29 848//29
f 848//29 884//29 883//29
f 848//29 883//29 849//29
f 849//29 883//29 882//29
f 849//29 882//29 850//29
f 850//29 882//29 881//29
f 850//29 881//29 851//29
f 851//29 881//29 880//29
f 851//29 880//29 852//29
f 852//29 880//29 879//29
f 852//29 879//29 818//29
f 818//29 879//29 817//29
f 817//29 879//29 878//29
f 818//29 853//29 852//29
f 889//1 890//1 891//1
f 891//1 890//1 892//1
f 892//2 890//2 893//2
f 893//2 890//2 894//2
f 893//3 894//3 895//3
f 895//3 894//3 896//3
f 895//4 896//4 897//4
f 897//4 896//4 898//4
f 897//5 898//5 899//5
f 899//5 898//5 900//5
f 899//6 900//6 901//6
f 901//6 900//6 902//6
f 901//7 902//7 903//7
f 903//7 902//7 904//7
f 903//8 904//8 905//8
f 905//8 904//8 906//8
f 905//9 906//9 907//9
f 907//9 906//9 908//9
f 907//11 908//11 909//11
f 909//11 908//11 910//11
f 909//12 910//12 911//12
f 911//12 910//12 912//12
f 911//13 912//13 913//13
f 913//13 912//13 914//13
f 913//14 914//14 915//14
f 915//14 916//14 913//14
f 913//14 916//14 917//14
f 913//13 917//13 911//13
f 911//13 917//13 918//13
f 911//12 918//12 909//12
f 909//12 918//12 919//12
f 909//11 919//11 907//11
f 907//11 919//11 920//11
f 907//9 920//9 905//9
f 905//9 920//9 921//9
f 905//8 921//8 903//8
f 903//8 921//8 922//8
f 903//7 922//7 901//7
f 901//7 922//7 923//7
f 901//6 923//6 899//6
f 899//6 923//6 924//6
f 899//5 924//5 897//5
f 897//5 924//5 925//5
f 897//4 925//4 895//4
f 895//4 925//4 926//4
f 895//3 926//3 893//3
f 893//3 926//3 927//3
f 893//2 927//2 892//2
f 915//15 928//15 916//15
f 916//15 928//15 929//15
f 929//16 928//16 930//16
f 930//16 928//16 931//16
f 930//17 931//17 932//17
f 932//17 931//17 933//17
f 932//18 933//18 934//18
f 934//41 933//41 935//41
f 934//19 935//19 936//19
f 936//19 935//19 937//19
f 936//20 937//20 938//20
f 938//20 937//20 939//20
f 938//21 939//21 940//21
f 940//21 939//21 941//21
f 940//22 941//22 942//22
f 942//22 941//22 943//22
f 942//23 943//23 944//23
f 944//23 943//23 945//23
f 944//24 945//24 946//24
f 946//24 945//24 947//24
f 946//26 947//26 948//26
f 948//25 947//25 949//25
f 948//27 949//27 950//27
f 950//27 949//27 951//27
f 950//28 951//28 889//28
f 889//28 891//28 950//28
f 950//28 891//28 952//28
f 950//27 952//27 948//27
f 948//27 952//27 953//27
f 948//25 953//25 946//25
f 946//26 953//26 954//26
f 946//24 954//24 944//24
f 944//24 954//24 955//24
f 944//23 955//23 942//23
f 942//23 955//23 956//23
f 942//22 956//22 940//22
f 940//22 956//22 957//22
f 940//21 957//21 938//21
f 938//21 957//21 958//21
f 938//20 958//20 936//20
f 936//20 958//20 959//20
f 936//19 959//19 934//19
f 934//19 959//19 960//19
f 934//41 960//41 932//41
f 932//18 960//18 961//18
f 932//17 961//17 930//17
f 930//17 961//17 962//17
f 930//16 962//16 929//16
f 962//29 961//29 929//29
f 929//29 961//29 918//29
f 929//29 918//29 916//29
f 916//29 918//29 917//29
f 918//29 961//29 919//29
f 919//29 961//29 960//29
f 919//29 960//29 920//29
f 920//29 960//29 959//29
f 920//29 959//29 921//29
f 921//29 959//29 958//29
f 921//29 958//29 922//29
f 922//29 958//29 957//29
f 922//29 957//29 923//29
f 923//29 957//29 956//29
f 923//29 956//29 924//29
f 924//29 956//29 955//29
f 924//29 955//29 925//29
f 925//29 955//29 954//29
f 925//29 954//29 926//29
f 926//29 954//29 953//29
f 926//29 953//29 892//29
f 892//29 953//29 891//29
f 891//29 953//29 952//29
f 892//29 927//29 926//29
f 963//1 964//1 965//1
f 965//1 964//1 966//1
f 966//2 964//2 967//2
f 967//2 964//2 968//2
f 967//3 968//3 969//3
f 969//3 968//3 970//3
f 969//4 970//4 971//4
f 971//4 970//4 972//4
f 971//5 972//5 973//5
f 973//5 972//5 974//5
f 973//6 974//6 975//6
f 975//6 974//6 976//6
f 975//7 976//7 977//7
f 977//7 976//7 978//7
f 977//8 978//8 979//8
f 979//8 978//8 980//8
f 979//9 980//9 981//9
f 981//9 980//9 982//9
f 981//11 982//11 983//11
f 983//11 982//11 984//11
f 983//12 984//12 985//12
f 985//12 984//12 986//12
f 985//13 986//13 987//13
f 987//13 986//13 988//13
f 987//14 988//14 989//14
f 989//14 990//14 987//14
f 987//14 990//14 991//14
f 987//13 991//13 985//13
f 985//13 991//13 992//13
f 985//12 992//12 983//12
f 983//12 992//12 993//12
f 983//11 993//11 981//11
f 981//11 993//11 994//11
f 981//9 994//9 979//9
f 979//9 994//9 995//9
f 979//8 995//8 977//8
f 977//8 995//8 996//8
f 977//7 996//7 975//7
f 975//7 996//7 997//7
f 975//6 997//6 973//6
f 973//6 997//6 998//6
f 973//5 998//5 971//5
f 971//5 998//5 999//5
f 971//4 999//4 969//4
f 969//4 999//4 1000//4
f 969//3 1000//3 967//3
f 967//3 1000//3 1001//3
f 967//2 1001//2 966//2
f 989//15 1002//15 990//15
f 990//15 1002//15 1003//15
f 1003//16 1002//16 1004//16
f 1004//16 1002//16 1005//16
f 1004//17 1005//17 1006//17
f 1006//17 1005//17 1007//17
f 1006//18 1007//18 1008//18
f 1008//41 1007//41 1009//41
f 1008//19 1009//19 1010//19
f 1010//19 1009//19 1011//19
f 1010//20 1011//20 1012//20
f 1012//20 1011//20 1013//20
f 1012//21 1013//21 1014//21
f 1014//21 1013//21 1015//21
f 1014//22 1015//22 1016//22
f 1016//22 1015//22 1017//22
f 1016//23 1017//23 1018//23
f 1018//23 1017//23 1019//23
f 1018//24 1019//24 1020//24
f 1020//24 1019//24 1021//24
f 1020//26 1021//26 1022//26
f 1022//25 1021//25 1023//25
f 1022//27 1023//27 1024//27
f 1024//27 1023//27 1025//27
f 1024//28 1025//28 963//28
f 963//28 965//28 1024//28
f 1024//28 965//28 1026//28
f 1024//27 1026//27 1022//27
f 1022//27 1026//27 1027//27
f 1022//25 1027//25 1020//25
f 1020//26 1027//26 1028//26
f 1020//24 1028//24 1018//24
f 1018//24 1028//24 1029//24
f 1018//23 1029//23 1016//23
f 1016//23 1029//23 1030//23
f 1016//22 1030//22 1014//22
f 1014//22 1030//22 1031//22
f 1014//21 1031//21 1012//21
f 1012//21 1031//21 1032//21
f 1012//20 1032//20 1010//20
f 1010//20 1032//20 1033//20
f 1010//19 1033//19 1008//19
f 1008//19 1033//19 1034//19
f 1008//41 1034//41 1006//41
f 1006//18 1034//18 1035//18
f 1006//17 1035//17 1004//17
f 1004//17 1035//17 1036//17
f 1004//16 1036//16 1003//16
f 1036//29 1035//29 1003//29
f 1003//29 1035//29 1034//29
f 1003//29 1034//29 993//29
f 993//29 1034//29 1033//29
f 993//29 1033//29 994//29
f 994//29 1033//29 1032//29
f 994//29 1032//29 995//29
f 995//29 1032//29 1031//29
f 995//29 1031//29 996//29
f 996//29 1031//29 1030//29
f 996//29 1030//29 997//29
f 997//29 1030//29 1029//29
f 997//29 1029//29 998//29
f 998//29 1029//29 1028//29
f 998//29 1028//29 999//29
f 999//29 1028//29 966//29
f 999//29 966//29 1000//29
f 1000//29 966//29 1001//29
f 966//29 1028//29 965//29
f 965//29 1028//29 1027//29
f 965//29 1027//29 1026//29
f 1003//29 993//29 990//29
f 990//29 993//29 992//29
f 990//29 992//29 991//29
f 1037//45 1038//45 1039//45
f 1039//46 1038//46 1040//46
f 1039//47 1040//47 1041//47
f 1041//48 1040//48 1042//48
f 1041//49 1042//49 1043//49
f 1043//50 1042//50 1044//50
f 1043//51 1044//51 1045//51
f 1045//52 1044//52 1046//52
f 1045//53 1046//53 1047//53
f 1047//54 1046//54 1048//54
f 1047//55 1048//55 1049//55
f 1049//56 1048//56 1050//56
f 1049//57 1050//57 1051//57
f 1051//58 1050//58 1052//58
f 1051//59 1052//59 1053//59
f 1053//60 1052//60 1054//60
f 1053//60 1054//60 1055//60
f 1055//60 1054//60 1056//60
f 1055//60 1056//60 1057//60
f 1057//61 1056//61 1058//61
f 1057//60 1058//60 1059//60
f 1059//60 1058//60 1060//60
f 1059//60 1060//60 1061//60
f 1061//60 1060//60 1062//60
f 1061//60 1062//60 1063//60
f 1063//62 1062//62 1064//62
f 1063//62 1064//62 1065//62
f 1065//63 1064//63 1066//63
f 1065//63 1066//63 1067//63
f 1067//63 1066//63 1068//63
f 1067//63 1068//63 1069//63
f 1069//63 1068//63 1070//63
f 1069//63 1070//63 1071//63
f 1071//63 1070//63 1072//63
f 1071//63 1072//63 1073//63
f 1073//63 1072//63 1074//63
f 1073//63 1074//63 1075//63
f 1075//63 1074//63 1076//63
f 1075//63 1076//63 1077//63
f 1077//63 1076//63 1078//63
f 1077//63 1078//63 1079//63
f 1079//64 1078//64 1080//64
f 1079//65 1080//65 1081//65
f 1081//66 1080//66 1082//66
f 1081//67 1082//67 1083//67
f 1083//68 1082//68 1084//68
f 1083//69 1084//69 1085//69
f 1085//70 1084//70 1086//70
f 1085//71 1086//71 1087//71
f 1087//72 1086//72 1088//72
f 1087//73 1088//73 1089//73
f 1089//74 1088//74 1090//74
f 1090//75 1088//75 1091//75
f 1091//76 1088//76 1086//76
f 1091//77 1086//77 1092//77
f 1092//78 1086//78 1084//78
f 1092//79 1084//79 1093//79
f 1093//80 1084//80 1094//80
f 1094//81 1084//81 1082//81
f 1094//82 1082//82 1095//82
f 1095//83 1082//83 1096//83
f 1096//84 1082//84 1097//84
f 1097//85 1082//85 1080//85
f 1097//86 1080//86 1098//86
f 1098//87 1080//87 1099//87
f 1099//88 1080//88 1100//88
f 1100//89 1080//89 1101//89
f 1101//90 1080//90 1078//90
f 1101//91 1078//91 1102//91
f 1102//92 1078//92 1103//92
f 1103//93 1078//93 1104//93
f 1104//93 1078//93 1105//93
f 1105//93 1078//93 1106//93
f 1106//93 1078//93 1107//93
f 1107//93 1078//93 1076//93
f 1107//93 1076//93 1108//93
f 1108//93 1076//93 1109//93
f 1109//93 1076//93 1074//93
f 1109//93 1074//93 1072//93
f 1040//94 1110//94 1042//94
f 1042//95 1110//95 1111//95
f 1042//96 1111//96 1044//96
f 1044//97 1111//97 1112//97
f 1044//98 1112//98 1046//98
f 1046//99 1112//99 1113//99
f 1046//100 1113//100 1048//100
f 1048//101 1113//101 1114//101
f 1048//102 1114//102 1050//102
f 1050//103 1114//103 1115//103
f 1050//104 1115//104 1052//104
f 1052//105 1115//105 1116//105
f 1052//106 1116//106 1054//106
f 1054//62 1116//62 1117//62
f 1054//62 1117//62 1056//62
f 1056//62 1117//62 1118//62
f 1056//62 1118//62 1058//62
f 1058//62 1118//62 1119//62
f 1058//62 1119//62 1060//62
f 1060//62 1119//62 1120//62
f 1060//62 1120//62 1062//62
f 1062//62 1120//62 1121//62
f 1062//62 1121//62 1064//62
f 1064//63 1121//63 1122//63
f 1064//63 1122//63 1066//63
f 1066//107 1122//107 1123//107
f 1066//93 1123//93 1068//93
f 1068//93 1123//93 1070//93
f 1111//108 1110//108 1124//108
f 1124//109 1110//109 1125//109
f 1124//110 1125//110 1126//110
f 1126//111 1127//111 1124//111
f 1124//112 1127//112 1128//112
f 1124//113 1128//113 1112//113
f 1112//114 1128//114 1113//114
f 1127//115 1129//115 1128//115
f 1128//116 1129//116 1130//116
f 1128//117 1130//117 1113//117
f 1113//118 1130//118 1114//118
f 1129//119 1131//119 1130//119
f 1130//120 1131//120 1132//120
f 1130//121 1132//121 1114//121
f 1114//122 1132//122 1115//122
f 1131//123 1133//123 1132//123
f 1132//124 1133//124 1134//124
f 1132//125 1134//125 1135//125
f 1135//126 1134//126 1136//126
f 1135//127 1136//127 1137//127
f 1135//128 1137//128 1138//128
f 1138//129 1137//129 1139//129
f 1138//130 1139//130 1140//130
f 1141//93 1142//93 1140//93
f 1140//93 1142//93 1143//93
f 1140//131 1143//131 1138//131
f 1138//63 1143//63 1117//63
f 1138//132 1117//132 1116//132
f 1123//93 1144//93 1141//93
f 1141//93 1144//93 1145//93
f 1141//93 1145//93 1146//93
f 1146//63 1145//63 1120//63
f 1146//63 1120//63 1119//63
f 1070//93 1123//93 1072//93
f 1072//93 1123//93 1109//93
f 1087//133 1089//133 1147//133
f 1147//134 1089//134 1148//134
f 1147//135 1148//135 1149//135
f 1149//136 1148//136 1150//136
f 1149//137 1150//137 1151//137
f 1151//138 1150//138 1152//138
f 1151//139 1152//139 1153//139
f 1153//140 1152//140 1154//140
f 1153//141 1154//141 1155//141
f 1155//142 1154//142 1156//142
f 1155//143 1156//143 1157//143
f 1157//144 1156//144 1158//144
f 1157//145 1158//145 1159//145
f 1159//146 1158//146 1160//146
f 1159//147 1160//147 1161//147
f 1161//146 1160//146 1162//146
f 1161//146 1162//146 1163//146
f 1163//146 1162//146 1164//146
f 1163//146 1164//146 1165//146
f 1165//146 1164//146 1166//146
f 1165//146 1166//146 1167//146
f 1167//146 1166//146 1168//146
f 1167//146 1168//146 1169//146
f 1169//146 1168//146 1170//146
f 1169//146 1170//146 1171//146
f 1171//146 1170//146 1172//146
f 1171//146 1172//146 1173//146
f 1173//148 1172//148 1174//148
f 1173//148 1174//148 1175//148
f 1175//148 1174//148 1176//148
f 1175//146 1176//146 1059//146
f 1059//146 1176//146 1057//146
f 1148//149 1177//149 1150//149
f 1150//150 1177//150 1178//150
f 1150//151 1178//151 1152//151
f 1152//152 1178//152 1179//152
f 1152//153 1179//153 1154//153
f 1154//154 1179//154 1180//154
f 1154//155 1180//155 1156//155
f 1156//156 1180//156 1181//156
f 1156//157 1181//157 1158//157
f 1158//158 1181//158 1182//158
f 1158//148 1182//148 1160//148
f 1160//148 1182//148 1183//148
f 1160//148 1183//148 1162//148
f 1162//148 1183//148 1164//148
f 1174//148 1168//148 1183//148
f 1183//148 1168//148 1166//148
f 1183//148 1166//148 1164//148
f 1174//148 1184//148 1176//148
f 1176//148 1184//148 1185//148
f 1176//146 1185//146 1057//146
f 1057//146 1185//146 1055//146
f 1186//159 1187//159 1184//159
f 1184//148 1187//148 1188//148
f 1184//148 1188//148 1185//148
f 1185//146 1188//146 1055//146
f 1189//160 1190//160 1186//160
f 1186//161 1190//161 1191//161
f 1186//148 1191//148 1187//148
f 1187//146 1191//146 1051//146
f 1187//146 1051//146 1053//146
f 1190//162 1189//162 1192//162
f 1192//163 1189//163 1193//163
f 1192//164 1193//164 1194//164
f 1194//165 1193//165 1195//165
f 1194//166 1195//166 1043//166
f 1043//167 1195//167 1041//167
f 1193//168 1196//168 1195//168
f 1195//169 1196//169 1039//169
f 1195//170 1039//170 1041//170
f 1196//171 1037//171 1039//171
f 1141//93 1146//93 1142//93
f 1142//63 1146//63 1119//63
f 1142//63 1119//63 1118//63
f 1168//148 1174//148 1170//148
f 1170//148 1174//148 1172//148
f 1112//172 1111//172 1124//172
f 1194//173 1043//173 1045//173
f 1192//174 1194//174 1045//174
f 1192//175 1045//175 1047//175
f 1190//176 1192//176 1047//176
f 1190//177 1047//177 1049//177
f 1116//178 1115//178 1135//178
f 1135//179 1115//179 1132//179
f 1138//180 1116//180 1135//180
f 1191//181 1190//181 1049//181
f 1191//182 1049//182 1051//182
f 1118//63 1117//63 1143//63
f 1142//63 1118//63 1143//63
f 1188//146 1187//146 1053//146
f 1188//146 1053//146 1055//146
f 1121//63 1120//63 1145//63
f 1175//147 1059//147 1061//147
f 1069//62 1197//62 1067//62
f 1067//62 1197//62 1198//62
f 1067//62 1198//62 1065//62
f 1065//62 1198//62 1199//62
f 1065//62 1199//62 1063//62
f 1063//60 1199//60 1200//60
f 1063//61 1200//61 1061//61
f 1061//146 1200//146 1175//146
f 1197//60 1167//60 1198//60
f 1198//61 1167//61 1169//61
f 1198//61 1169//61 1199//61
f 1199//60 1169//60 1171//60
f 1199//60 1171//60 1200//60
f 1200//146 1171//146 1173//146
f 1200//146 1173//146 1175//146
f 1197//62 1069//62 1201//62
f 1201//62 1069//62 1071//62
f 1201//62 1071//62 1202//62
f 1202//62 1071//62 1073//62
f 1202//62 1073//62 1203//62
f 1203//62 1073//62 1075//62
f 1203//62 1075//62 1204//62
f 1204//62 1075//62 1077//62
f 1204//62 1077//62 1205//62
f 1205//183 1077//183 1079//183
f 1205//184 1079//184 1206//184
f 1206//185 1079//185 1081//185
f 1206//186 1081//186 1207//186
f 1207//187 1081//187 1083//187
f 1207//188 1083//188 1208//188
f 1208//189 1083//189 1085//189
f 1208//190 1085//190 1147//190
f 1147//191 1085//191 1087//191
f 1167//60 1197//60 1165//60
f 1165//61 1197//61 1201//61
f 1165//60 1201//60 1163//60
f 1163//60 1201//60 1202//60
f 1163//60 1202//60 1161//60
f 1161//60 1202//60 1203//60
f 1161//60 1203//60 1159//60
f 1159//60 1203//60 1204//60
f 1159//61 1204//61 1157//61
f 1157//192 1204//192 1205//192
f 1157//193 1205//193 1155//193
f 1155//194 1205//194 1206//194
f 1155//195 1206//195 1153//195
f 1153//196 1206//196 1207//196
f 1153//197 1207//197 1151//197
f 1151//198 1207//198 1208//198
f 1151//199 1208//199 1149//199
f 1149//200 1208//200 1147//200
f 1144//93 1123//93 1122//93
f 1145//63 1144//63 1121//63
f 1121//63 1144//63 1122//63
f 1209//201 1125//201 1210//201
f 1210//202 1125//202 1110//202
f 1210//203 1110//203 1040//203
f 1038//204 1211//204 1040//204
f 1040//205 1211//205 1212//205
f 1040//206 1212//206 1210//206
f 1210//207 1212//207 1213//207
f 1210//208 1213//208 1209//208
f 1209//209 1213//209 1214//209
f 1209//210 1214//210 1215//210
f 1215//211 1216//211 1038//211
f 1038//212 1216//212 1217//212
f 1038//213 1217//213 1211//213
f 1211//214 1217//214 1218//214
f 1211//215 1218//215 1212//215
f 1212//216 1218//216 1213//216
f 1216//217 1215//217 1219//217
f 1219//218 1215//218 1214//218
f 1217//219 1216//219 1219//219
f 1213//220 1218//220 1214//220
f 1214//221 1218//221 1219//221
f 1218//222 1217//222 1219//222
f 1148//223 1220//223 1177//223
f 1177//224 1220//224 1221//224
f 1177//225 1221//225 1222//225
f 1089//226 1223//226 1148//226
f 1148//227 1223//227 1224//227
f 1148//228 1224//228 1220//228
f 1220//229 1224//229 1223//229
f 1220//230 1223//230 1225//230
f 1225//231 1223//231 1226//231
f 1225//232 1226//232 1227//232
f 1227//233 1226//233 1228//233
f 1227//234 1228//234 1229//234
f 1229//235 1228//235 1222//235
f 1223//236 1089//236 1226//236
f 1226//237 1089//237 1090//237
f 1226//238 1090//238 1228//238
f 1229//239 1222//239 1230//239
f 1230//240 1222//240 1221//240
f 1221//241 1220//241 1225//241
f 1229//242 1230//242 1227//242
f 1227//243 1230//243 1225//243
f 1230//244 1221//244 1225//244
f 1//29 482//29 2//29
f 2//29 482//29 469//29
f 2//29 469//29 6//29
f 6//29 469//29 8//29
f 8//29 469//29 10//29
f 10//29 469//29 1231//29
f 10//29 1231//29 12//29
f 12//29 1231//29 14//29
f 14//29 1231//29 1232//29
f 14//29 1232//29 16//29
f 16//29 1232//29 18//29
f 18//29 1232//29 20//29
f 20//29 1232//29 1233//29
f 20//29 1233//29 22//29
f 22//29 1233//29 24//29
f 24//29 1233//29 26//29
f 26//29 1233//29 1234//29
f 26//29 1234//29 27//29
f 27//29 1234//29 528//29
f 27//29 528//29 526//29
f 482//29 1//29 485//29
f 485//29 1//29 63//29
f 485//29 63//29 487//29
f 487//29 63//29 61//29
f 487//29 61//29 489//29
f 489//29 61//29 59//29
f 489//29 59//29 491//29
f 491//29 59//29 57//29
f 491//29 57//29 493//29
f 493//29 57//29 55//29
f 493//29 55//29 495//29
f 495//29 55//29 53//29
f 495//29 53//29 1235//29
f 1235//29 53//29 571//29
f 1235//29 571//29 941//29
f 941//29 571//29 943//29
f 943//29 571//29 569//29
f 943//29 569//29 945//29
f 945//29 569//29 567//29
f 945//29 567//29 947//29
f 947//29 567//29 565//29
f 947//29 565//29 949//29
f 949//29 565//29 563//29
f 949//29 563//29 951//29
f 951//29 563//29 561//29
f 951//29 561//29 889//29
f 889//29 561//29 558//29
f 889//29 558//29 890//29
f 890//29 558//29 545//29
f 890//29 545//29 894//29
f 894//29 545//29 896//29
f 896//29 545//29 544//29
f 896//29 544//29 898//29
f 898//29 544//29 1236//29
f 898//29 1236//29 1237//29
f 571//29 53//29 573//29
f 573//29 53//29 51//29
f 573//29 51//29 575//29
f 575//29 51//29 49//29
f 575//29 49//29 577//29
f 577//29 49//29 47//29
f 577//29 47//29 579//29
f 579//29 47//29 45//29
f 579//29 45//29 581//29
f 581//29 45//29 43//29
f 581//29 43//29 519//29
f 519//29 43//29 40//29
f 519//29 40//29 520//29
f 520//29 40//29 27//29
f 520//29 27//29 524//29
f 524//29 27//29 526//29
f 75//29 397//29 76//29
f 76//29 397//29 396//29
f 76//29 396//29 80//29
f 80//29 396//29 394//29
f 80//29 394//29 82//29
f 82//29 394//29 1238//29
f 82//29 1238//29 84//29
f 84//29 1238//29 86//29
f 86//29 1238//29 88//29
f 88//29 1238//29 90//29
f 90//29 1238//29 1239//29
f 90//29 1239//29 92//29
f 92//29 1239//29 94//29
f 94//29 1239//29 1215//29
f 94//29 1215//29 1240//29
f 1240//29 1215//29 1241//29
f 1241//29 1215//29 1038//29
f 1241//29 1038//29 1037//29
f 137//29 413//29 75//29
f 75//29 413//29 410//29
f 75//29 410//29 397//29
f 413//29 137//29 415//29
f 415//29 137//29 135//29
f 415//29 135//29 417//29
f 417//29 135//29 133//29
f 417//29 133//29 1235//29
f 1235//29 133//29 131//29
f 1235//29 131//29 129//29
f 129//29 127//29 1235//29
f 1235//29 127//29 125//29
f 1235//29 125//29 123//29
f 123//29 121//29 1235//29
f 1235//29 121//29 1242//29
f 1242//29 121//29 1243//29
f 1243//29 121//29 1244//29
f 1244//29 121//29 1245//29
f 1245//29 121//29 1246//29
f 1246//29 121//29 1247//29
f 1247//29 121//29 119//29
f 1247//29 119//29 117//29
f 117//29 114//29 1247//29
f 1247//29 114//29 101//29
f 1247//29 101//29 1240//29
f 1240//29 101//29 100//29
f 1240//29 100//29 98//29
f 98//29 96//29 1240//29
f 1240//29 96//29 94//29
f 154//29 150//29 693//29
f 693//29 150//29 149//29
f 693//29 149//29 706//29
f 706//29 149//29 211//29
f 706//29 211//29 709//29
f 709//29 211//29 209//29
f 709//29 209//29 711//29
f 711//29 209//29 207//29
f 711//29 207//29 713//29
f 713//29 207//29 205//29
f 713//29 205//29 715//29
f 715//29 205//29 203//29
f 715//29 203//29 717//29
f 717//29 203//29 201//29
f 717//29 201//29 719//29
f 719//29 201//29 1248//29
f 719//29 1248//29 721//29
f 721//29 1248//29 791//29
f 721//29 791//29 789//29
f 1248//29 201//29 349//29
f 349//29 201//29 199//29
f 349//29 199//29 351//29
f 351//29 199//29 197//29
f 351//29 197//29 353//29
f 353//29 197//29 195//29
f 353//29 195//29 355//29
f 355//29 195//29 193//29
f 355//29 193//29 357//29
f 357//29 193//29 191//29
f 357//29 191//29 359//29
f 359//29 191//29 188//29
f 359//29 188//29 297//29
f 297//29 188//29 175//29
f 297//29 175//29 298//29
f 298//29 175//29 174//29
f 298//29 174//29 172//29
f 172//29 170//29 298//29
f 298//29 170//29 1249//29
f 298//29 1249//29 302//29
f 302//29 1249//29 1250//29
f 302//29 1250//29 304//29
f 304//29 1250//29 306//29
f 306//29 1250//29 308//29
f 308//29 1250//29 1251//29
f 308//29 1251//29 310//29
f 310//29 1251//29 312//29
f 312//29 1251//29 314//29
f 314//29 1251//29 1252//29
f 314//29 1252//29 316//29
f 316//29 1252//29 318//29
f 318//29 1252//29 816//29
f 318//29 816//29 320//29
f 320//29 816//29 322//29
f 322//29 816//29 323//29
f 323//29 816//29 815//29
f 323//29 815//29 336//29
f 336//29 815//29 877//29
f 336//29 877//29 339//29
f 339//29 877//29 875//29
f 339//29 875//29 341//29
f 341//29 875//29 873//29
f 341//29 873//29 343//29
f 343//29 873//29 871//29
f 343//29 871//29 345//29
f 345//29 871//29 869//29
f 345//29 869//29 347//29
f 347//29 869//29 867//29
f 347//29 867//29 349//29
f 349//29 867//29 1248//29
f 170//29 168//29 1249//29
f 1249//29 168//29 166//29
f 1249//29 166//29 164//29
f 164//29 162//29 1249//29
f 1249//29 162//29 1253//29
f 1253//29 162//29 160//29
f 1253//29 160//29 158//29
f 158//29 156//29 1253//29
f 1253//29 156//29 154//29
f 1253//29 154//29 693//29
f 223//29 1254//29 224//29
f 224//29 1254//29 1255//29
f 224//29 1255//29 228//29
f 228//29 1255//29 230//29
f 230//29 1255//29 232//29
f 232//29 1255//29 234//29
f 234//29 1255//29 1222//29
f 234//29 1222//29 1256//29
f 223//29 285//29 1254//29
f 1254//29 285//29 283//29
f 1254//29 283//29 281//29
f 279//29 1248//29 281//29
f 281//29 1248//29 1257//29
f 281//29 1257//29 1258//29
f 279//29 277//29 1248//29
f 1248//29 277//29 275//29
f 1248//29 275//29 273//29
f 273//29 271//29 1248//29
f 1248//29 271//29 269//29
f 1248//29 269//29 799//29
f 799//29 269//29 267//29
f 799//29 267//29 801//29
f 801//29 267//29 265//29
f 801//29 265//29 803//29
f 803//29 265//29 262//29
f 803//29 262//29 741//29
f 741//29 262//29 249//29
f 741//29 249//29 742//29
f 742//29 249//29 746//29
f 746//29 249//29 248//29
f 746//29 248//29 748//29
f 748//29 248//29 246//29
f 748//29 246//29 1259//29
f 1259//29 246//29 244//29
f 1259//29 244//29 242//29
f 242//29 240//29 1259//29
f 1259//29 240//29 238//29
f 1259//29 238//29 1256//29
f 1256//29 238//29 236//29
f 1256//29 236//29 234//29
f 371//29 928//29 372//29
f 372//29 928//29 915//29
f 372//29 915//29 376//29
f 376//29 915//29 378//29
f 378//29 915//29 914//29
f 378//29 914//29 380//29
f 380//29 914//29 1260//29
f 380//29 1260//29 382//29
f 382//29 1260//29 384//29
f 384//29 1260//29 1261//29
f 384//29 1261//29 386//29
f 386//29 1261//29 388//29
f 388//29 1261//29 390//29
f 390//29 1261//29 392//29
f 392//29 1261//29 1238//29
f 392//29 1238//29 394//29
f 928//29 371//29 931//29
f 931//29 371//29 433//29
f 931//29 433//29 933//29
f 933//29 433//29 431//29
f 933//29 431//29 935//29
f 935//29 431//29 429//29
f 935//29 429//29 937//29
f 937//29 429//29 427//29
f 937//29 427//29 939//29
f 939//29 427//29 425//29
f 939//29 425//29 1235//29
f 1235//29 425//29 423//29
f 1235//29 423//29 421//29
f 421//29 419//29 1235//29
f 1235//29 419//29 417//29
f 1231//29 469//29 1262//29
f 1262//29 469//29 468//29
f 1262//29 468//29 466//29
f 1262//29 466//29 1263//29
f 1263//29 466//29 464//29
f 1263//29 464//29 462//29
f 1263//29 462//29 1264//29
f 1264//29 462//29 460//29
f 1264//29 460//29 458//29
f 458//29 456//29 1264//29
f 1264//29 456//29 1265//29
f 1265//29 456//29 454//29
f 1265//29 454//29 452//29
f 1265//29 452//29 1266//29
f 1266//29 452//29 450//29
f 1266//29 450//29 1267//29
f 1267//29 450//29 989//29
f 1267//29 989//29 1268//29
f 1268//29 989//29 1269//29
f 1269//29 989//29 988//29
f 1269//29 988//29 986//29
f 450//29 448//29 989//29
f 989//29 448//29 446//29
f 989//29 446//29 1002//29
f 1002//29 446//29 506//29
f 1002//29 506//29 1005//29
f 1005//29 506//29 505//29
f 1005//29 505//29 1007//29
f 1007//29 505//29 503//29
f 1007//29 503//29 1009//29
f 1009//29 503//29 501//29
f 1009//29 501//29 1011//29
f 1011//29 501//29 499//29
f 1011//29 499//29 1013//29
f 1013//29 499//29 497//29
f 1013//29 497//29 1015//29
f 1015//29 497//29 495//29
f 1015//29 495//29 1235//29
f 544//29 542//29 1236//29
f 1236//29 542//29 540//29
f 1236//29 540//29 538//29
f 538//29 536//29 1236//29
f 1236//29 536//29 1234//29
f 1234//29 536//29 534//29
f 1234//29 534//29 532//29
f 532//29 530//29 1234//29
f 1234//29 530//29 528//29
f 593//29 841//29 594//29
f 594//29 841//29 840//29
f 594//29 840//29 838//29
f 841//29 593//29 854//29
f 854//29 593//29 655//29
f 854//29 655//29 857//29
f 857//29 655//29 653//29
f 857//29 653//29 859//29
f 859//29 653//29 651//29
f 859//29 651//29 861//29
f 861//29 651//29 649//29
f 861//29 649//29 863//29
f 863//29 649//29 647//29
f 863//29 647//29 865//29
f 865//29 647//29 645//29
f 865//29 645//29 867//29
f 867//29 645//29 1248//29
f 1248//29 645//29 1270//29
f 1270//29 645//29 643//29
f 1270//29 643//29 641//29
f 641//29 639//29 1270//29
f 1270//29 639//29 637//29
f 1270//29 637//29 635//29
f 635//29 632//29 1270//29
f 1270//29 632//29 1271//29
f 1271//29 632//29 619//29
f 1271//29 619//29 1272//29
f 1272//29 619//29 618//29
f 1272//29 618//29 1273//29
f 1273//29 618//29 1274//29
f 1273//29 1274//29 1275//29
f 618//40 616//40 1274//40
f 1274//29 616//29 1276//29
f 1276//245 616//245 614//245
f 1276//29 614//29 612//29
f 612//29 610//29 1276//29
f 1276//29 610//29 1277//29
f 1277//29 610//29 608//29
f 1277//29 608//29 606//29
f 606//29 604//29 1277//29
f 1277//29 604//29 1278//29
f 1278//29 604//29 602//29
f 1278//29 602//29 600//29
f 600//29 598//29 1278//29
f 1278//29 598//29 594//29
f 1278//29 594//29 1279//29
f 1279//29 594//29 1280//29
f 1280//29 594//29 838//29
f 1280//29 838//29 1281//29
f 1281//29 838//29 836//29
f 1281//29 836//29 1282//29
f 1282//29 836//29 834//29
f 1282//29 834//29 832//29
f 667//29 767//29 668//29
f 668//29 767//29 766//29
f 668//29 766//29 764//29
f 767//29 667//29 780//29
f 780//29 667//29 729//29
f 780//29 729//29 783//29
f 783//29 729//29 727//29
f 783//29 727//29 785//29
f 785//29 727//29 725//29
f 785//29 725//29 787//29
f 787//29 725//29 723//29
f 787//29 723//29 789//29
f 789//29 723//29 721//29
f 692//29 690//29 693//29
f 693//29 690//29 688//29
f 693//29 688//29 686//29
f 686//29 684//29 693//29
f 693//29 684//29 682//29
f 693//29 682//29 668//29
f 668//29 682//29 680//29
f 668//29 680//29 678//29
f 678//29 676//29 668//29
f 668//29 676//29 674//29
f 668//29 674//29 672//29
f 799//29 797//29 1248//29
f 1248//29 797//29 795//29
f 1248//29 795//29 793//29
f 793//29 791//29 1248//29
f 764//29 762//29 668//29
f 668//29 762//29 1283//29
f 668//29 1283//29 1284//29
f 762//29 760//29 1283//29
f 1283//29 760//29 758//29
f 1283//29 758//29 1285//29
f 1285//29 758//29 756//29
f 1285//29 756//29 754//29
f 754//29 752//29 1285//29
f 1285//29 752//29 750//29
f 1285//29 750//29 1259//29
f 1259//29 750//29 748//29
f 1282//29 832//29 1286//29
f 1286//29 832//29 830//29
f 1286//29 830//29 828//29
f 828//29 826//29 1286//29
f 1286//29 826//29 1287//29
f 1287//29 826//29 824//29
f 1287//29 824//29 822//29
f 822//29 820//29 1287//29
f 1287//29 820//29 1288//29
f 1288//29 820//29 816//29
f 1288//29 816//29 1252//29
f 941//29 939//29 1235//29
f 914//29 912//29 1260//29
f 1260//29 912//29 910//29
f 1260//29 910//29 1289//29
f 1289//29 910//29 908//29
f 1289//29 908//29 906//29
f 906//29 904//29 1289//29
f 1289//29 904//29 1237//29
f 1237//29 904//29 902//29
f 1237//29 902//29 900//29
f 900//29 898//29 1237//29
f 963//29 1290//29 964//29
f 964//29 1290//29 1291//29
f 964//29 1291//29 968//29
f 968//29 1291//29 1292//29
f 968//29 1292//29 1293//29
f 1293//29 1292//29 1275//29
f 1275//29 1292//29 1273//29
f 1290//29 963//29 1294//29
f 1294//29 963//29 1025//29
f 1294//29 1025//29 1023//29
f 1023//29 1021//29 1294//29
f 1294//29 1021//29 1019//29
f 1294//29 1019//29 1017//29
f 1017//29 1015//29 1294//29
f 1294//29 1015//29 1235//29
f 986//29 984//29 1269//29
f 1269//29 984//29 982//29
f 1269//29 982//29 1295//29
f 1295//29 982//29 980//29
f 1295//29 980//29 978//29
f 978//29 976//29 1295//29
f 1295//29 976//29 974//29
f 1295//29 974//29 1296//29
f 1296//29 974//29 972//29
f 1296//29 972//29 970//29
f 1296//29 970//29 1293//29
f 1293//245 970//245 968//245
f 1297//29 1298//29 1299//29
f 1299//29 1298//29 1300//29
f 1299//29 1300//29 1301//29
f 1301//29 1300//29 1302//29
f 1301//29 1302//29 1303//29
f 1303//29 1302//29 1304//29
f 1303//29 1304//29 1305//29
f 1305//29 1304//29 1306//29
f 1305//29 1306//29 1307//29
f 1307//29 1306//29 1308//29
f 1307//29 1308//29 1309//29
f 1309//29 1308//29 1310//29
f 1309//29 1310//29 1311//29
f 1311//29 1310//29 1312//29
f 1311//29 1312//29 1313//29
f 1313//29 1312//29 1314//29
f 1313//29 1314//29 1315//29
f 1315//29 1314//29 1316//29
f 1315//29 1316//29 1317//29
f 1317//29 1316//29 1318//29
f 1317//29 1318//29 1292//29
f 1292//29 1318//29 1273//29
f 1319//29 1320//29 1297//29
f 1297//29 1320//29 1321//29
f 1297//29 1321//29 1298//29
f 1298//29 1321//29 1322//29
f 1298//29 1322//29 1323//29
f 1323//29 1322//29 1324//29
f 1323//29 1324//29 1325//29
f 1325//29 1324//29 1326//29
f 1325//29 1326//29 1327//29
f 1328//29 1329//29 1319//29
f 1319//29 1329//29 1330//29
f 1319//29 1330//29 1331//29
f 1331//29 1330//29 1332//29
f 1331//29 1332//29 1333//29
f 1333//29 1332//29 1334//29
f 1299//29 1335//29 1328//29
f 1328//29 1335//29 1336//29
f 1328//29 1336//29 1329//29
f 1329//29 1336//29 1337//29
f 1329//29 1337//29 1338//29
f 1301//29 1335//29 1299//29
f 1336//29 1335//29 1339//29
f 1339//29 1335//29 1340//29
f 1339//29 1340//29 1341//29
f 1341//29 1340//29 1342//29
f 1341//29 1342//29 1343//29
f 1343//29 1342//29 1344//29
f 1343//29 1344//29 1345//29
f 1345//29 1344//29 1346//29
f 1345//29 1346//29 1347//29
f 1347//29 1346//29 1348//29
f 1347//29 1348//29 1349//29
f 1349//29 1348//29 1350//29
f 1349//29 1350//29 1351//29
f 1351//29 1350//29 1352//29
f 1351//29 1352//29 1353//29
f 1353//29 1352//29 1354//29
f 1353//29 1354//29 1290//29
f 1290//29 1354//29 1291//29
f 1340//29 1303//29 1342//29
f 1342//29 1303//29 1305//29
f 1344//29 1307//29 1346//29
f 1346//29 1307//29 1309//29
f 1348//29 1311//29 1350//29
f 1350//29 1311//29 1313//29
f 1352//29 1315//29 1354//29
f 1354//29 1315//29 1317//29
f 1323//29 1325//29 1355//29
f 1355//29 1325//29 1356//29
f 1355//29 1356//29 1357//29
f 1357//29 1356//29 1358//29
f 1357//29 1358//29 1359//29
f 1359//29 1358//29 1360//29
f 1359//29 1360//29 1361//29
f 1361//29 1360//29 1362//29
f 1361//29 1362//29 1363//29
f 1363//29 1362//29 1364//29
f 1363//29 1364//29 1365//29
f 1365//29 1364//29 1366//29
f 1365//29 1366//29 1367//29
f 1367//29 1366//29 1368//29
f 1367//29 1368//29 1369//29
f 1369//29 1368//29 1370//29
f 1369//29 1370//29 1371//29
f 1371//29 1370//29 1372//29
f 1371//29 1372//29 1373//29
f 1373//29 1372//29 1374//29
f 1373//29 1374//29 1272//29
f 1272//29 1374//29 1271//29
f 1300//29 1355//29 1302//29
f 1302//29 1355//29 1357//29
f 1304//29 1359//29 1306//29
f 1306//29 1359//29 1361//29
f 1308//29 1363//29 1310//29
f 1310//29 1363//29 1365//29
f 1312//29 1367//29 1314//29
f 1314//29 1367//29 1369//29
f 1316//29 1371//29 1318//29
f 1318//29 1371//29 1373//29
f 1375//29 1174//29 1376//29
f 1376//29 1174//29 1183//29
f 1376//29 1183//29 1377//29
f 1377//29 1183//29 1182//29
f 1377//29 1182//29 1378//29
f 1378//29 1182//29 1379//29
f 1379//29 1182//29 1380//29
f 1380//29 1182//29 1181//29
f 1380//29 1181//29 1381//29
f 1381//29 1181//29 1180//29
f 1381//29 1180//29 1179//29
f 1174//29 1375//29 1184//29
f 1184//29 1375//29 1382//29
f 1184//29 1382//29 1186//29
f 1186//29 1382//29 1383//29
f 1186//29 1383//29 1384//29
f 1384//29 1385//29 1186//29
f 1186//29 1385//29 1189//29
f 1189//29 1385//29 1386//29
f 1189//29 1386//29 1193//29
f 1193//29 1386//29 1196//29
f 1196//29 1386//29 1241//29
f 1196//29 1241//29 1037//29
f 1353//29 1387//29 1351//29
f 1351//29 1387//29 1388//29
f 1349//29 1389//29 1347//29
f 1347//29 1389//29 1390//29
f 1345//29 1391//29 1343//29
f 1343//29 1391//29 1392//29
f 1341//29 1393//29 1339//29
f 1339//29 1393//29 1394//29
f 1330//29 1395//29 1332//29
f 1332//29 1395//29 1396//29
f 1331//29 1320//29 1319//29
f 1397//29 1398//29 1320//29
f 1320//29 1398//29 1321//29
f 1399//29 1400//29 1322//29
f 1322//29 1400//29 1324//29
f 1356//29 1401//29 1358//29
f 1358//29 1401//29 1402//29
f 1360//29 1403//29 1362//29
f 1362//29 1403//29 1404//29
f 1364//29 1405//29 1366//29
f 1366//29 1405//29 1406//29
f 1368//29 1407//29 1370//29
f 1370//29 1407//29 1408//29
f 1372//29 1409//29 1374//29
f 1374//29 1409//29 1410//29
f 1258//29 1411//29 281//29
f 281//29 1411//29 1412//29
f 281//29 1412//29 1413//29
f 1413//29 1254//29 281//29
f 1255//29 1414//29 1222//29
f 1222//29 1414//29 1177//29
f 1177//29 1414//29 1178//29
f 1178//29 1414//29 1179//29
f 1179//29 1414//29 1381//29
f 1284//29 1415//29 668//29
f 668//29 1415//29 693//29
f 1415//29 1253//29 693//29
f 1416//246 1417//246 1418//246
f 1418//247 1417//247 1419//247
f 1418//248 1419//248 1420//248
f 1420//249 1419//249 1421//249
f 1420//250 1421//250 1422//250
f 1422//251 1421//251 1251//251
f 1422//252 1251//252 1250//252
f 1417//253 1423//253 1419//253
f 1419//254 1423//254 1288//254
f 1419//255 1288//255 1421//255
f 1421//256 1288//256 1252//256
f 1421//257 1252//257 1251//257
f 1423//258 1287//258 1288//258
f 1422//259 1250//259 1424//259
f 1424//260 1250//260 1249//260
f 1424//261 1249//261 1425//261
f 1425//262 1249//262 1253//262
f 1425//263 1253//263 1426//263
f 1426//264 1253//264 1427//264
f 1426//265 1427//265 1428//265
f 1428//266 1427//266 1429//266
f 1429//267 1427//267 1430//267
f 1429//268 1430//268 1431//268
f 1431//269 1430//269 1432//269
f 1431//270 1432//270 1433//270
f 1433//271 1432//271 1284//271
f 1433//272 1284//272 1283//272
f 1253//273 1415//273 1427//273
f 1427//274 1415//274 1430//274
f 1430//275 1415//275 1432//275
f 1432//276 1415//276 1284//276
f 1283//277 1285//277 1433//277
f 1433//278 1285//278 1434//278
f 1433//279 1434//279 1435//279
f 1435//280 1434//280 1436//280
f 1435//281 1436//281 1090//281
f 1090//282 1436//282 1437//282
f 1437//283 1436//283 1438//283
f 1438//284 1436//284 1259//284
f 1438//285 1259//285 1256//285
f 1285//286 1259//286 1434//286
f 1434//287 1259//287 1436//287
f 1435//288 1431//288 1433//288
f 1428//289 1439//289 1426//289
f 1426//290 1439//290 1425//290
f 1439//291 1440//291 1425//291
f 1425//292 1440//292 1424//292
f 1440//293 1441//293 1424//293
f 1424//294 1441//294 1422//294
f 1441//295 1420//295 1422//295
f 1442//296 1443//296 1444//296
f 1444//297 1443//297 1445//297
f 1444//298 1445//298 1446//298
f 1446//299 1445//299 1447//299
f 1446//300 1447//300 1448//300
f 1448//301 1447//301 1449//301
f 1448//302 1449//302 1450//302
f 1450//303 1449//303 1267//303
f 1450//304 1267//304 1268//304
f 1443//305 1451//305 1445//305
f 1445//306 1451//306 1447//306
f 1263//307 1264//307 1451//307
f 1451//308 1264//308 1265//308
f 1451//309 1265//309 1266//309
f 1267//310 1449//310 1266//310
f 1266//311 1449//311 1447//311
f 1266//312 1447//312 1451//312
f 1269//313 1452//313 1268//313
f 1268//314 1452//314 1453//314
f 1268//315 1453//315 1450//315
f 1450//316 1453//316 1454//316
f 1450//317 1454//317 1448//317
f 1452//318 1269//318 1455//318
f 1455//319 1269//319 1295//319
f 1455//320 1295//320 1296//320
f 1455//321 1296//321 1456//321
f 1456//322 1296//322 1293//322
f 1456//322 1293//322 1457//322
f 1457//322 1293//322 1458//322
f 1457//323 1458//323 1459//323
f 1459//323 1458//323 1460//323
f 1460//323 1458//323 1461//323
f 1460//323 1461//323 1462//323
f 1462//322 1461//322 1275//322
f 1462//322 1275//322 1274//322
f 1293//322 1275//322 1458//322
f 1458//322 1275//322 1461//322
f 1276//322 1463//322 1274//322
f 1274//322 1463//322 1464//322
f 1274//322 1464//322 1465//322
f 1465//323 1464//323 1466//323
f 1465//323 1466//323 1462//323
f 1462//323 1466//323 1460//323
f 1463//324 1276//324 1467//324
f 1467//322 1276//322 1277//322
f 1467//325 1277//325 1468//325
f 1468//326 1277//326 1278//326
f 1468//327 1278//327 1469//327
f 1469//328 1278//328 1470//328
f 1469//329 1470//329 1471//329
f 1471//330 1470//330 1472//330
f 1472//331 1470//331 1473//331
f 1472//332 1473//332 1474//332
f 1474//333 1473//333 1475//333
f 1474//334 1475//334 1476//334
f 1476//335 1475//335 1477//335
f 1476//336 1477//336 1478//336
f 1478//337 1477//337 1417//337
f 1478//338 1417//338 1416//338
f 1278//339 1279//339 1470//339
f 1470//340 1279//340 1473//340
f 1279//341 1280//341 1473//341
f 1473//342 1280//342 1475//342
f 1280//343 1281//343 1475//343
f 1475//344 1281//344 1423//344
f 1475//345 1423//345 1477//345
f 1477//346 1423//346 1417//346
f 1281//347 1282//347 1423//347
f 1423//348 1282//348 1286//348
f 1423//349 1286//349 1287//349
f 1471//350 1479//350 1469//350
f 1469//351 1479//351 1468//351
f 1468//352 1479//352 1467//352
f 1467//353 1479//353 1480//353
f 1467//354 1480//354 1463//354
f 1463//323 1480//323 1466//323
f 1463//323 1466//323 1464//323
f 1457//323 1459//323 1456//323
f 1456//323 1459//323 1481//323
f 1456//355 1481//355 1455//355
f 1455//356 1481//356 1482//356
f 1455//357 1482//357 1452//357
f 1452//358 1482//358 1483//358
f 1452//359 1483//359 1453//359
f 1453//360 1483//360 1454//360
f 1462//322 1274//322 1465//322
f 1125//361 1484//361 1485//361
f 1485//362 1484//362 1486//362
f 1485//363 1486//363 1487//363
f 1487//364 1486//364 1238//364
f 1487//365 1238//365 1261//365
f 1484//366 1488//366 1486//366
f 1486//367 1488//367 1238//367
f 1488//368 1239//368 1238//368
f 1487//369 1261//369 1489//369
f 1489//370 1261//370 1260//370
f 1489//371 1260//371 1490//371
f 1490//372 1260//372 1289//372
f 1490//373 1289//373 1237//373
f 1236//374 1491//374 1237//374
f 1237//375 1491//375 1492//375
f 1237//376 1492//376 1490//376
f 1490//377 1492//377 1493//377
f 1490//378 1493//378 1489//378
f 1489//379 1493//379 1485//379
f 1489//380 1485//380 1487//380
f 1491//381 1236//381 1494//381
f 1494//382 1236//382 1234//382
f 1494//383 1234//383 1495//383
f 1495//384 1234//384 1496//384
f 1495//385 1496//385 1497//385
f 1497//386 1496//386 1498//386
f 1498//387 1496//387 1499//387
f 1498//388 1499//388 1500//388
f 1500//389 1499//389 1501//389
f 1500//390 1501//390 1502//390
f 1502//391 1501//391 1503//391
f 1502//392 1503//392 1504//392
f 1504//393 1503//393 1505//393
f 1504//394 1505//394 1442//394
f 1442//395 1505//395 1443//395
f 1443//396 1505//396 1451//396
f 1451//397 1505//397 1262//397
f 1451//398 1262//398 1263//398
f 1234//399 1233//399 1496//399
f 1496//400 1233//400 1499//400
f 1499//401 1233//401 1501//401
f 1501//402 1233//402 1232//402
f 1501//403 1232//403 1503//403
f 1503//404 1232//404 1231//404
f 1503//405 1231//405 1505//405
f 1505//406 1231//406 1262//406
f 1495//407 1497//407 1494//407
f 1494//408 1497//408 1506//408
f 1494//409 1506//409 1491//409
f 1491//410 1506//410 1507//410
f 1491//411 1507//411 1492//411
f 1492//412 1507//412 1493//412
f 1256//413 1222//413 1438//413
f 1438//414 1222//414 1228//414
f 1438//415 1228//415 1437//415
f 1437//416 1228//416 1090//416
f 1125//417 1209//417 1484//417
f 1484//418 1209//418 1488//418
f 1488//419 1209//419 1215//419
f 1488//420 1215//420 1239//420
f 1442//421 1444//421 1508//421
f 1508//422 1444//422 1446//422
f 1508//423 1446//423 1448//423
f 1454//424 1509//424 1448//424
f 1448//425 1509//425 1510//425
f 1448//426 1510//426 1508//426
f 1509//427 1454//427 1511//427
f 1511//428 1454//428 1483//428
f 1511//429 1483//429 1512//429
f 1512//430 1483//430 1482//430
f 1512//431 1482//431 1513//431
f 1513//432 1482//432 1481//432
f 1513//433 1481//433 1514//433
f 1514//433 1481//433 1459//433
f 1514//433 1459//433 1515//433
f 1515//433 1459//433 1460//433
f 1515//434 1460//434 1516//434
f 1516//433 1460//433 1466//433
f 1516//434 1466//434 1517//434
f 1517//433 1466//433 1480//433
f 1517//434 1480//434 1518//434
f 1518//433 1480//433 1519//433
f 1518//435 1519//435 1520//435
f 1520//436 1519//436 1521//436
f 1521//437 1519//437 1522//437
f 1521//438 1522//438 1523//438
f 1523//439 1522//439 1471//439
f 1523//440 1471//440 1472//440
f 1480//441 1479//441 1519//441
f 1519//442 1479//442 1522//442
f 1479//443 1471//443 1522//443
f 1523//444 1472//444 1524//444
f 1524//445 1472//445 1474//445
f 1524//446 1474//446 1525//446
f 1525//447 1474//447 1476//447
f 1525//448 1476//448 1526//448
f 1526//449 1476//449 1478//449
f 1526//450 1478//450 1416//450
f 1525//451 1527//451 1524//451
f 1524//452 1527//452 1523//452
f 1527//453 1521//453 1523//453
f 1518//435 1520//435 1517//435
f 1517//435 1520//435 1528//435
f 1517//435 1528//435 1516//435
f 1516//435 1528//435 1529//435
f 1516//435 1529//435 1515//435
f 1515//435 1529//435 1530//435
f 1515//435 1530//435 1514//435
f 1514//435 1530//435 1531//435
f 1514//435 1531//435 1513//435
f 1513//454 1531//454 1532//454
f 1513//455 1532//455 1512//455
f 1512//456 1532//456 1511//456
f 1532//457 1533//457 1511//457
f 1511//458 1533//458 1509//458
f 1533//459 1510//459 1509//459
f 1126//460 1125//460 1534//460
f 1534//461 1125//461 1485//461
f 1534//462 1485//462 1535//462
f 1535//463 1485//463 1493//463
f 1535//464 1493//464 1536//464
f 1536//465 1493//465 1537//465
f 1536//466 1537//466 1538//466
f 1538//467 1537//467 1539//467
f 1538//468 1539//468 1540//468
f 1540//469 1539//469 1541//469
f 1540//470 1541//470 1542//470
f 1542//471 1541//471 1543//471
f 1542//472 1543//472 1544//472
f 1544//473 1543//473 1545//473
f 1544//474 1545//474 1546//474
f 1546//475 1545//475 1547//475
f 1546//476 1547//476 1548//476
f 1548//477 1547//477 1510//477
f 1548//478 1510//478 1533//478
f 1493//479 1507//479 1537//479
f 1537//480 1507//480 1549//480
f 1537//481 1549//481 1539//481
f 1539//482 1549//482 1550//482
f 1539//483 1550//483 1541//483
f 1541//484 1550//484 1551//484
f 1541//485 1551//485 1543//485
f 1543//486 1551//486 1552//486
f 1543//487 1552//487 1545//487
f 1545//488 1552//488 1553//488
f 1545//489 1553//489 1547//489
f 1547//490 1553//490 1508//490
f 1547//491 1508//491 1510//491
f 1507//492 1506//492 1549//492
f 1549//493 1506//493 1554//493
f 1549//494 1554//494 1550//494
f 1550//495 1554//495 1497//495
f 1550//496 1497//496 1555//496
f 1555//497 1497//497 1498//497
f 1555//498 1498//498 1551//498
f 1551//499 1498//499 1556//499
f 1551//500 1556//500 1552//500
f 1552//501 1556//501 1502//501
f 1552//502 1502//502 1557//502
f 1557//503 1502//503 1504//503
f 1557//504 1504//504 1442//504
f 1506//505 1497//505 1554//505
f 1498//506 1500//506 1556//506
f 1556//507 1500//507 1502//507
f 1557//508 1442//508 1553//508
f 1553//509 1442//509 1508//509
f 1548//510 1533//510 1558//510
f 1558//511 1533//511 1532//511
f 1558//512 1532//512 1559//512
f 1559//513 1532//513 1531//513
f 1559//514 1531//514 1560//514
f 1560//515 1531//515 1561//515
f 1560//516 1561//516 1562//516
f 1562//516 1561//516 1563//516
f 1562//517 1563//517 1564//517
f 1564//517 1563//517 1565//517
f 1564//518 1565//518 1566//518
f 1566//518 1565//518 1567//518
f 1566//519 1567//519 1568//519
f 1568//520 1567//520 1569//520
f 1568//521 1569//521 1570//521
f 1570//521 1569//521 1571//521
f 1570//522 1571//522 1572//522
f 1572//522 1571//522 1573//522
f 1572//523 1573//523 1574//523
f 1574//523 1573//523 1575//523
f 1574//524 1575//524 1140//524
f 1140//524 1575//524 1141//524
f 1141//524 1575//524 1576//524
f 1141//524 1576//524 1123//524
f 1123//524 1576//524 1577//524
f 1123//524 1577//524 1578//524
f 1578//523 1577//523 1579//523
f 1578//523 1579//523 1580//523
f 1580//522 1579//522 1581//522
f 1580//525 1581//525 1582//525
f 1582//526 1581//526 1583//526
f 1582//527 1583//527 1584//527
f 1584//528 1583//528 1585//528
f 1584//529 1585//529 1586//529
f 1586//530 1585//530 1587//530
f 1586//531 1587//531 1588//531
f 1588//532 1587//532 1589//532
f 1588//533 1589//533 1590//533
f 1590//534 1589//534 1591//534
f 1590//535 1591//535 1592//535
f 1592//536 1591//536 1526//536
f 1592//537 1526//537 1416//537
f 1531//515 1530//515 1561//515
f 1561//515 1530//515 1593//515
f 1561//516 1593//516 1563//516
f 1563//516 1593//516 1594//516
f 1563//517 1594//517 1565//517
f 1565//517 1594//517 1595//517
f 1565//518 1595//518 1567//518
f 1567//518 1595//518 1596//518
f 1567//520 1596//520 1569//520
f 1569//519 1596//519 1597//519
f 1569//521 1597//521 1571//521
f 1571//521 1597//521 1598//521
f 1571//522 1598//522 1573//522
f 1573//522 1598//522 1599//522
f 1573//523 1599//523 1575//523
f 1575//523 1599//523 1576//523
f 1530//515 1529//515 1593//515
f 1593//515 1529//515 1600//515
f 1593//516 1600//516 1594//516
f 1594//516 1600//516 1601//516
f 1594//517 1601//517 1595//517
f 1595//517 1601//517 1602//517
f 1595//518 1602//518 1596//518
f 1596//518 1602//518 1603//518
f 1596//520 1603//520 1597//520
f 1597//519 1603//519 1604//519
f 1597//521 1604//521 1598//521
f 1598//521 1604//521 1605//521
f 1598//522 1605//522 1599//522
f 1599//522 1605//522 1606//522
f 1599//523 1606//523 1576//523
f 1576//523 1606//523 1577//523
f 1529//515 1528//515 1600//515
f 1600//515 1528//515 1607//515
f 1600//516 1607//516 1601//516
f 1601//516 1607//516 1608//516
f 1601//517 1608//517 1602//517
f 1602//517 1608//517 1609//517
f 1602//518 1609//518 1603//518
f 1603//518 1609//518 1610//518
f 1603//520 1610//520 1604//520
f 1604//519 1610//519 1611//519
f 1604//521 1611//521 1605//521
f 1605//521 1611//521 1612//521
f 1605//522 1612//522 1606//522
f 1606//522 1612//522 1579//522
f 1606//523 1579//523 1577//523
f 1528//515 1520//515 1607//515
f 1607//515 1520//515 1613//515
f 1607//516 1613//516 1608//516
f 1608//516 1613//516 1614//516
f 1608//517 1614//517 1609//517
f 1609//517 1614//517 1615//517
f 1609//518 1615//518 1610//518
f 1610//518 1615//518 1616//518
f 1610//519 1616//519 1611//519
f 1611//520 1616//520 1617//520
f 1611//521 1617//521 1612//521
f 1612//521 1617//521 1581//521
f 1612//522 1581//522 1579//522
f 1613//538 1520//538 1618//538
f 1618//539 1520//539 1521//539
f 1618//540 1521//540 1619//540
f 1619//541 1521//541 1527//541
f 1619//542 1527//542 1620//542
f 1620//543 1527//543 1525//543
f 1620//544 1525//544 1621//544
f 1621//545 1525//545 1526//545
f 1621//546 1526//546 1591//546
f 1416//547 1418//547 1592//547
f 1592//548 1418//548 1622//548
f 1592//549 1622//549 1623//549
f 1623//550 1622//550 1624//550
f 1623//551 1624//551 1625//551
f 1625//552 1624//552 1626//552
f 1625//553 1626//553 1627//553
f 1627//554 1626//554 1628//554
f 1627//555 1628//555 1629//555
f 1629//556 1628//556 1630//556
f 1629//557 1630//557 1631//557
f 1631//558 1630//558 1632//558
f 1631//559 1632//559 1633//559
f 1633//560 1632//560 1634//560
f 1633//561 1634//561 1635//561
f 1635//562 1634//562 1636//562
f 1635//563 1636//563 1094//563
f 1094//564 1636//564 1637//564
f 1094//565 1637//565 1093//565
f 1093//566 1637//566 1638//566
f 1093//567 1638//567 1092//567
f 1092//568 1638//568 1639//568
f 1092//569 1639//569 1640//569
f 1640//570 1639//570 1641//570
f 1640//571 1641//571 1642//571
f 1642//572 1641//572 1431//572
f 1642//573 1431//573 1435//573
f 1622//574 1418//574 1643//574
f 1643//575 1418//575 1420//575
f 1643//576 1420//576 1441//576
f 1440//577 1644//577 1441//577
f 1441//578 1644//578 1645//578
f 1441//579 1645//579 1643//579
f 1643//580 1645//580 1624//580
f 1643//581 1624//581 1622//581
f 1439//582 1646//582 1440//582
f 1440//583 1646//583 1647//583
f 1440//584 1647//584 1644//584
f 1644//585 1647//585 1648//585
f 1644//586 1648//586 1645//586
f 1645//587 1648//587 1626//587
f 1645//588 1626//588 1624//588
f 1428//589 1649//589 1439//589
f 1439//590 1649//590 1650//590
f 1439//591 1650//591 1646//591
f 1646//592 1650//592 1651//592
f 1646//593 1651//593 1647//593
f 1647//594 1651//594 1652//594
f 1647//595 1652//595 1648//595
f 1648//596 1652//596 1628//596
f 1648//597 1628//597 1626//597
f 1649//598 1428//598 1653//598
f 1653//599 1428//599 1429//599
f 1653//600 1429//600 1654//600
f 1654//601 1429//601 1431//601
f 1654//602 1431//602 1641//602
f 1642//603 1435//603 1655//603
f 1655//604 1435//604 1090//604
f 1655//605 1090//605 1091//605
f 1655//606 1091//606 1640//606
f 1640//607 1091//607 1092//607
f 1094//608 1095//608 1635//608
f 1635//609 1095//609 1656//609
f 1635//610 1656//610 1633//610
f 1633//611 1656//611 1657//611
f 1633//612 1657//612 1631//612
f 1631//613 1657//613 1658//613
f 1631//614 1658//614 1629//614
f 1629//615 1658//615 1659//615
f 1629//616 1659//616 1627//616
f 1627//617 1659//617 1660//617
f 1627//618 1660//618 1625//618
f 1625//619 1660//619 1661//619
f 1625//620 1661//620 1623//620
f 1623//621 1661//621 1590//621
f 1623//622 1590//622 1592//622
f 1656//623 1095//623 1662//623
f 1662//624 1095//624 1096//624
f 1662//625 1096//625 1663//625
f 1663//626 1096//626 1097//626
f 1663//627 1097//627 1098//627
f 1098//628 1099//628 1663//628
f 1663//629 1099//629 1664//629
f 1663//630 1664//630 1665//630
f 1665//631 1664//631 1666//631
f 1665//632 1666//632 1667//632
f 1667//632 1666//632 1668//632
f 1667//633 1668//633 1669//633
f 1669//633 1668//633 1584//633
f 1669//529 1584//529 1586//529
f 1099//634 1100//634 1664//634
f 1664//635 1100//635 1101//635
f 1664//636 1101//636 1670//636
f 1670//637 1101//637 1102//637
f 1670//524 1102//524 1103//524
f 1670//638 1103//638 1671//638
f 1671//524 1103//524 1104//524
f 1671//524 1104//524 1105//524
f 1105//524 1106//524 1671//524
f 1671//524 1106//524 1107//524
f 1671//524 1107//524 1108//524
f 1671//524 1108//524 1578//524
f 1578//524 1108//524 1109//524
f 1578//524 1109//524 1123//524
f 1140//524 1139//524 1574//524
f 1574//639 1139//639 1672//639
f 1574//640 1672//640 1572//640
f 1572//640 1672//640 1673//640
f 1572//641 1673//641 1570//641
f 1570//641 1673//641 1674//641
f 1570//642 1674//642 1568//642
f 1568//642 1674//642 1675//642
f 1568//643 1675//643 1566//643
f 1566//644 1675//644 1676//644
f 1566//645 1676//645 1564//645
f 1564//645 1676//645 1677//645
f 1564//646 1677//646 1562//646
f 1562//646 1677//646 1678//646
f 1562//647 1678//647 1560//647
f 1560//647 1678//647 1559//647
f 1139//648 1137//648 1672//648
f 1672//649 1137//649 1136//649
f 1672//650 1136//650 1679//650
f 1679//651 1136//651 1134//651
f 1679//652 1134//652 1680//652
f 1680//653 1134//653 1681//653
f 1680//654 1681//654 1682//654
f 1682//655 1681//655 1683//655
f 1682//656 1683//656 1684//656
f 1684//657 1683//657 1685//657
f 1684//658 1685//658 1686//658
f 1686//659 1685//659 1687//659
f 1686//660 1687//660 1688//660
f 1688//661 1687//661 1689//661
f 1688//662 1689//662 1690//662
f 1690//663 1689//663 1691//663
f 1690//664 1691//664 1692//664
f 1692//665 1691//665 1546//665
f 1692//476 1546//476 1548//476
f 1134//666 1133//666 1681//666
f 1681//667 1133//667 1693//667
f 1681//668 1693//668 1683//668
f 1683//669 1693//669 1694//669
f 1683//670 1694//670 1685//670
f 1685//671 1694//671 1695//671
f 1685//672 1695//672 1687//672
f 1687//673 1695//673 1696//673
f 1687//674 1696//674 1689//674
f 1689//675 1696//675 1697//675
f 1689//676 1697//676 1691//676
f 1691//677 1697//677 1544//677
f 1691//678 1544//678 1546//678
f 1133//679 1131//679 1693//679
f 1693//680 1131//680 1698//680
f 1693//681 1698//681 1694//681
f 1694//682 1698//682 1699//682
f 1694//683 1699//683 1695//683
f 1695//684 1699//684 1700//684
f 1695//685 1700//685 1696//685
f 1696//686 1700//686 1701//686
f 1696//687 1701//687 1697//687
f 1697//688 1701//688 1542//688
f 1697//689 1542//689 1544//689
f 1131//690 1129//690 1698//690
f 1698//691 1129//691 1702//691
f 1698//692 1702//692 1699//692
f 1699//693 1702//693 1703//693
f 1699//694 1703//694 1700//694
f 1700//695 1703//695 1704//695
f 1700//696 1704//696 1701//696
f 1701//697 1704//697 1540//697
f 1701//698 1540//698 1542//698
f 1129//699 1127//699 1702//699
f 1702//700 1127//700 1705//700
f 1702//701 1705//701 1703//701
f 1703//702 1705//702 1706//702
f 1703//703 1706//703 1704//703
f 1704//704 1706//704 1538//704
f 1704//705 1538//705 1540//705
f 1705//706 1127//706 1707//706
f 1707//707 1127//707 1126//707
f 1707//708 1126//708 1534//708
f 1551//709 1550//709 1555//709
f 1706//710 1705//710 1707//710
f 1535//711 1536//711 1534//711
f 1534//712 1536//712 1707//712
f 1673//713 1672//713 1679//713
f 1679//714 1680//714 1708//714
f 1708//715 1680//715 1682//715
f 1708//716 1682//716 1709//716
f 1709//717 1682//717 1684//717
f 1709//718 1684//718 1710//718
f 1710//719 1684//719 1686//719
f 1710//720 1686//720 1711//720
f 1711//721 1686//721 1688//721
f 1711//722 1688//722 1712//722
f 1712//723 1688//723 1690//723
f 1712//724 1690//724 1713//724
f 1713//724 1690//724 1692//724
f 1713//725 1692//725 1558//725
f 1558//725 1692//725 1548//725
f 1578//523 1580//523 1671//523
f 1671//726 1580//726 1714//726
f 1671//726 1714//726 1670//726
f 1670//727 1714//727 1666//727
f 1670//727 1666//727 1664//727
f 1657//728 1656//728 1662//728
f 1662//729 1663//729 1715//729
f 1715//730 1663//730 1665//730
f 1715//731 1665//731 1716//731
f 1716//732 1665//732 1667//732
f 1716//733 1667//733 1717//733
f 1717//734 1667//734 1669//734
f 1717//735 1669//735 1718//735
f 1718//736 1669//736 1586//736
f 1718//737 1586//737 1588//737
f 1637//738 1636//738 1719//738
f 1719//739 1636//739 1634//739
f 1719//740 1634//740 1720//740
f 1720//741 1634//741 1632//741
f 1720//742 1632//742 1721//742
f 1721//743 1632//743 1630//743
f 1721//744 1630//744 1652//744
f 1652//745 1630//745 1628//745
f 1638//746 1637//746 1722//746
f 1722//747 1637//747 1719//747
f 1722//748 1719//748 1723//748
f 1723//749 1719//749 1720//749
f 1723//750 1720//750 1724//750
f 1724//751 1720//751 1721//751
f 1724//752 1721//752 1651//752
f 1651//753 1721//753 1652//753
f 1639//754 1638//754 1725//754
f 1725//755 1638//755 1722//755
f 1725//756 1722//756 1726//756
f 1726//757 1722//757 1723//757
f 1726//758 1723//758 1727//758
f 1727//758 1723//758 1724//758
f 1727//759 1724//759 1650//759
f 1650//760 1724//760 1651//760
f 1642//761 1655//761 1640//761
f 1538//762 1706//762 1536//762
f 1536//763 1706//763 1707//763
f 1674//764 1673//764 1708//764
f 1708//765 1673//765 1679//765
f 1674//764 1708//764 1709//764
f 1668//766 1666//766 1714//766
f 1668//766 1714//766 1582//766
f 1582//525 1714//525 1580//525
f 1658//767 1657//767 1715//767
f 1715//768 1657//768 1662//768
f 1658//769 1715//769 1716//769
f 1654//770 1641//770 1725//770
f 1725//771 1641//771 1639//771
f 1654//772 1725//772 1726//772
f 1675//773 1674//773 1709//773
f 1675//773 1709//773 1710//773
f 1583//526 1581//526 1617//526
f 1584//527 1668//527 1582//527
f 1659//774 1658//774 1716//774
f 1659//775 1716//775 1717//775
f 1653//776 1654//776 1726//776
f 1653//777 1726//777 1727//777
f 1676//778 1675//778 1710//778
f 1676//778 1710//778 1711//778
f 1583//779 1617//779 1728//779
f 1728//780 1617//780 1616//780
f 1728//781 1616//781 1729//781
f 1729//781 1616//781 1615//781
f 1729//782 1615//782 1730//782
f 1730//782 1615//782 1614//782
f 1730//783 1614//783 1618//783
f 1618//783 1614//783 1613//783
f 1660//784 1659//784 1717//784
f 1660//785 1717//785 1718//785
f 1649//786 1653//786 1727//786
f 1649//787 1727//787 1650//787
f 1677//788 1676//788 1711//788
f 1677//788 1711//788 1712//788
f 1583//789 1728//789 1585//789
f 1585//790 1728//790 1731//790
f 1585//530 1731//530 1587//530
f 1587//791 1731//791 1732//791
f 1587//792 1732//792 1589//792
f 1589//793 1732//793 1621//793
f 1589//794 1621//794 1591//794
f 1731//790 1728//790 1729//790
f 1661//795 1660//795 1718//795
f 1661//796 1718//796 1588//796
f 1661//797 1588//797 1590//797
f 1731//798 1729//798 1733//798
f 1733//798 1729//798 1730//798
f 1733//799 1730//799 1619//799
f 1619//799 1730//799 1618//799
f 1677//800 1712//800 1678//800
f 1678//800 1712//800 1713//800
f 1678//801 1713//801 1559//801
f 1559//802 1713//802 1558//802
f 1557//803 1553//803 1552//803
f 1731//804 1733//804 1732//804
f 1732//805 1733//805 1620//805
f 1732//793 1620//793 1621//793
f 1620//805 1733//805 1619//805
f 1734//806 1735//806 1736//806
f 1736//806 1735//806 1737//806
f 1736//807 1737//807 1738//807
f 1738//807 1737//807 1739//807
f 1738//808 1739//808 1740//808
f 1740//809 1739//809 1741//809
f 1740//810 1741//810 1742//810
f 1742//810 1741//810 1743//810
f 1742//811 1743//811 1744//811
f 1744//811 1743//811 1745//811
f 1744//812 1745//812 1746//812
f 1746//812 1745//812 1747//812
f 1746//813 1747//813 1748//813
f 1748//813 1747//813 1749//813
f 1748//814 1749//814 1750//814
f 1750//814 1749//814 1751//814
f 1750//815 1751//815 1752//815
f 1752//815 1751//815 1753//815
f 1752//816 1753//816 1754//816
f 1754//816 1753//816 1755//816
f 1754//817 1755//817 1756//817
f 1756//817 1755//817 1757//817
f 1756//818 1757//818 1758//818
f 1758//818 1757//818 1759//818
f 1760//29 1761//29 1762//29
f 1762//29 1761//29 1735//29
f 1762//29 1735//29 1734//29
f 1762//29 1763//29 1760//29
f 1760//29 1763//29 1764//29
f 1764//29 1763//29 1765//29
f 1764//29 1765//29 1766//29
f 1766//29 1765//29 1767//29
f 1766//29 1767//29 1768//29
f 1768//29 1767//29 1769//29
f 1768//29 1769//29 1770//29
f 1770//29 1769//29 1771//29
f 1770//29 1771//29 1772//29
f 1772//29 1771//29 1773//29
f 1772//29 1773//29 1774//29
f 1774//29 1773//29 1775//29
f 1758//819 1759//819 1776//819
f 1776//819 1759//819 1777//819
f 1776//819 1777//819 1778//819
f 1776//819 1778//819 1779//819
f 1779//819 1778//819 1780//819
f 1779//819 1780//819 1781//819
f 1781//819 1780//819 1782//819
f 1781//819 1782//819 1783//819
f 1783//819 1782//819 1784//819
f 1783//819 1784//819 1785//819
f 1785//819 1784//819 1786//819
f 1785//819 1786//819 1787//819
f 1787//819 1786//819 1788//819
f 1787//819 1788//819 1789//819
f 1789//819 1788//819 1790//819
f 1789//819 1790//819 1791//819
f 1736//820 1738//820 1734//820
f 1734//820 1738//820 1762//820
f 1762//820 1738//820 1740//820
f 1762//820 1740//820 1742//820
f 1742//820 1744//820 1762//820
f 1762//820 1744//820 1746//820
f 1762//820 1746//820 1776//820
f 1776//820 1746//820 1748//820
f 1776//820 1748//820 1750//820
f 1750//820 1752//820 1776//820
f 1776//820 1752//820 1754//820
f 1776//820 1754//820 1758//820
f 1758//820 1754//820 1756//820
f 1792//1 1793//1 1791//1
f 1791//1 1793//1 1794//1
f 1791//1 1794//1 1795//1
f 1791//1 1795//1 1789//1
f 1789//1 1795//1 1796//1
f 1789//1 1796//1 1797//1
f 1789//1 1797//1 1773//1
f 1773//1 1797//1 1798//1
f 1773//1 1798//1 1799//1
f 1773//1 1799//1 1775//1
f 1775//1 1799//1 1800//1
f 1775//1 1800//1 1801//1
f 1801//1 1802//1 1775//1
f 1790//821 1803//821 1791//821
f 1791//822 1803//822 1792//822
f 1792//823 1803//823 1804//823
f 1792//824 1804//824 1793//824
f 1793//825 1804//825 1805//825
f 1793//826 1805//826 1794//826
f 1794//827 1805//827 1806//827
f 1794//828 1806//828 1795//828
f 1795//829 1806//829 1807//829
f 1795//830 1807//830 1796//830
f 1796//831 1807//831 1808//831
f 1796//832 1808//832 1797//832
f 1797//833 1808//833 1809//833
f 1797//834 1809//834 1810//834
f 1797//835 1810//835 1798//835
f 1798//836 1810//836 1811//836
f 1798//837 1811//837 1799//837
f 1799//838 1811//838 1812//838
f 1799//839 1812//839 1800//839
f 1800//840 1812//840 1813//840
f 1800//841 1813//841 1801//841
f 1801//842 1813//842 1814//842
f 1801//843 1814//843 1802//843
f 1802//844 1814//844 1815//844
f 1802//845 1815//845 1775//845
f 1775//846 1815//846 1774//846
f 1789//2 1773//2 1787//2
f 1787//2 1773//2 1771//2
f 1787//3 1771//3 1785//3
f 1785//3 1771//3 1769//3
f 1785//4 1769//4 1783//4
f 1783//4 1769//4 1767//4
f 1783//847 1767//847 1781//847
f 1781//847 1767//847 1765//847
f 1781//6 1765//6 1779//6
f 1779//6 1765//6 1763//6
f 1779//7 1763//7 1776//7
f 1776//7 1763//7 1762//7
f 1777//820 1759//820 1816//820
f 1816//820 1759//820 1817//820
f 1817//820 1759//820 1757//820
f 1817//820 1757//820 1755//820
f 1755//820 1753//820 1817//820
f 1817//820 1753//820 1751//820
f 1817//820 1751//820 1749//820
f 1749//820 1747//820 1817//820
f 1817//820 1747//820 1818//820
f 1818//820 1747//820 1745//820
f 1818//820 1745//820 1743//820
f 1743//820 1741//820 1818//820
f 1818//820 1741//820 1739//820
f 1818//820 1739//820 1737//820
f 1737//820 1735//820 1818//820
f 1818//820 1735//820 1819//820
f 1819//820 1735//820 1761//820
f 1819//7 1761//7 1820//7
f 1820//7 1761//7 1760//7
f 1820//6 1760//6 1821//6
f 1821//6 1760//6 1764//6
f 1821//847 1764//847 1822//847
f 1822//847 1764//847 1766//847
f 1822//4 1766//4 1823//4
f 1823//4 1766//4 1768//4
f 1823//3 1768//3 1824//3
f 1824//3 1768//3 1770//3
f 1824//2 1770//2 1825//2
f 1825//2 1770//2 1772//2
f 1772//1 1774//1 1825//1
f 1825//1 1774//1 1826//1
f 1826//1 1774//1 1815//1
f 1826//1 1815//1 1814//1
f 1814//1 1813//1 1826//1
f 1826//1 1813//1 1812//1
f 1826//1 1812//1 1811//1
f 1827//818 1828//818 1829//818
f 1829//818 1828//818 1830//818
f 1829//817 1830//817 1831//817
f 1831//817 1830//817 1832//817
f 1831//816 1832//816 1833//816
f 1833//816 1832//816 1834//816
f 1833//815 1834//815 1835//815
f 1835//815 1834//815 1836//815
f 1835//814 1836//814 1837//814
f 1837//814 1836//814 1838//814
f 1837//813 1838//813 1839//813
f 1839//813 1838//813 1840//813
f 1839//812 1840//812 1841//812
f 1841//812 1840//812 1842//812
f 1841//811 1842//811 1843//811
f 1843//811 1842//811 1844//811
f 1843//810 1844//810 1845//810
f 1845//810 1844//810 1846//810
f 1845//809 1846//809 1847//809
f 1847//809 1846//809 1848//809
f 1847//807 1848//807 1849//807
f 1849//807 1848//807 1850//807
f 1849//806 1850//806 1851//806
f 1851//806 1850//806 1852//806
f 1853//819 1854//819 1855//819
f 1855//819 1854//819 1828//819
f 1855//819 1828//819 1827//819
f 1855//819 1856//819 1853//819
f 1853//819 1856//819 1857//819
f 1857//819 1856//819 1858//819
f 1857//819 1858//819 1859//819
f 1859//819 1858//819 1860//819
f 1859//819 1860//819 1861//819
f 1861//819 1860//819 1862//819
f 1861//819 1862//819 1863//819
f 1863//819 1862//819 1864//819
f 1863//819 1864//819 1865//819
f 1865//819 1864//819 1866//819
f 1865//819 1866//819 1867//819
f 1867//819 1866//819 1868//819
f 1829//848 1831//848 1827//848
f 1827//848 1831//848 1855//848
f 1855//848 1831//848 1833//848
f 1855//848 1833//848 1835//848
f 1835//848 1837//848 1855//848
f 1855//848 1837//848 1839//848
f 1855//848 1839//848 1869//848
f 1869//848 1839//848 1841//848
f 1869//848 1841//848 1843//848
f 1843//848 1845//848 1869//848
f 1869//848 1845//848 1847//848
f 1869//848 1847//848 1851//848
f 1851//848 1847//848 1849//848
f 1870//1 1871//1 1872//1
f 1872//1 1871//1 1873//1
f 1872//1 1873//1 1874//1
f 1872//1 1874//1 1875//1
f 1875//1 1874//1 1876//1
f 1875//1 1876//1 1877//1
f 1875//1 1877//1 1866//1
f 1866//1 1877//1 1878//1
f 1866//1 1878//1 1879//1
f 1866//1 1879//1 1868//1
f 1868//1 1879//1 1880//1
f 1868//1 1880//1 1881//1
f 1881//1 1882//1 1868//1
f 1883//849 1884//849 1872//849
f 1872//850 1884//850 1870//850
f 1870//851 1884//851 1885//851
f 1870//852 1885//852 1871//852
f 1871//853 1885//853 1886//853
f 1871//854 1886//854 1873//854
f 1873//855 1886//855 1887//855
f 1873//856 1887//856 1874//856
f 1874//857 1887//857 1888//857
f 1874//858 1888//858 1876//858
f 1876//859 1888//859 1889//859
f 1876//860 1889//860 1877//860
f 1877//861 1889//861 1890//861
f 1877//862 1890//862 1891//862
f 1877//863 1891//863 1878//863
f 1878//864 1891//864 1892//864
f 1878//865 1892//865 1879//865
f 1879//866 1892//866 1893//866
f 1879//867 1893//867 1880//867
f 1880//868 1893//868 1894//868
f 1880//869 1894//869 1881//869
f 1881//870 1894//870 1895//870
f 1881//871 1895//871 1882//871
f 1882//872 1895//872 1896//872
f 1882//873 1896//873 1868//873
f 1868//874 1896//874 1867//874
f 1851//29 1852//29 1869//29
f 1869//29 1852//29 1897//29
f 1869//29 1897//29 1898//29
f 1869//29 1898//29 1899//29
f 1899//29 1898//29 1900//29
f 1899//29 1900//29 1901//29
f 1901//29 1900//29 1902//29
f 1901//29 1902//29 1903//29
f 1903//29 1902//29 1904//29
f 1903//29 1904//29 1905//29
f 1905//29 1904//29 1906//29
f 1905//29 1906//29 1907//29
f 1907//29 1906//29 1908//29
f 1907//29 1908//29 1875//29
f 1875//29 1908//29 1883//29
f 1875//29 1883//29 1872//29
f 1875//28 1866//28 1907//28
f 1907//28 1866//28 1864//28
f 1907//27 1864//27 1905//27
f 1905//27 1864//27 1862//27
f 1905//25 1862//25 1903//25
f 1903//25 1862//25 1860//25
f 1903//36 1860//36 1901//36
f 1901//36 1860//36 1858//36
f 1901//23 1858//23 1899//23
f 1899//23 1858//23 1856//23
f 1899//35 1856//35 1869//35
f 1869//35 1856//35 1855//35
f 1897//848 1852//848 1909//848
f 1909//848 1852//848 1910//848
f 1910//848 1852//848 1850//848
f 1910//848 1850//848 1848//848
f 1848//848 1846//848 1910//848
f 1910//848 1846//848 1844//848
f 1910//848 1844//848 1842//848
f 1842//848 1840//848 1910//848
f 1910//848 1840//848 1911//848
f 1911//848 1840//848 1838//848
f 1911//848 1838//848 1836//848
f 1836//848 1834//848 1911//848
f 1911//848 1834//848 1832//848
f 1911//848 1832//848 1830//848
f 1830//848 1828//848 1911//848
f 1911//848 1828//848 1912//848
f 1912//848 1828//848 1854//848
f 1912//35 1854//35 1913//35
f 1913//35 1854//35 1853//35
f 1913//23 1853//23 1914//23
f 1914//23 1853//23 1857//23
f 1914//36 1857//36 1915//36
f 1915//36 1857//36 1859//36
f 1915//25 1859//25 1916//25
f 1916//25 1859//25 1861//25
f 1916//27 1861//27 1917//27
f 1917//27 1861//27 1863//27
f 1917//28 1863//28 1918//28
f 1918//28 1863//28 1865//28
f 1865//1 1867//1 1918//1
f 1918//1 1867//1 1919//1
f 1919//1 1867//1 1896//1
f 1919//1 1896//1 1895//1
f 1895//1 1894//1 1919//1
f 1919//1 1894//1 1893//1
f 1919//1 1893//1 1892//1
f 1920//875 1921//875 1922//875
f 1922//875 1921//875 1923//875
f 1922//876 1923//876 1924//876
f 1924//876 1923//876 1925//876
f 1924//877 1925//877 1926//877
f 1926//877 1925//877 1927//877
f 1926//878 1927//878 1928//878
f 1928//878 1927//878 1929//878
f 1928//879 1929//879 1930//879
f 1930//879 1929//879 1931//879
f 1930//880 1931//880 1932//880
f 1932//880 1931//880 1933//880
f 1933//819 1934//819 1932//819
f 1932//819 1934//819 1935//819
f 1935//881 1934//881 1936//881
f 1936//881 1934//881 1937//881
f 1936//882 1937//882 1938//882
f 1938//882 1937//882 1939//882
f 1938//883 1939//883 1940//883
f 1940//883 1939//883 1941//883
f 1940//884 1941//884 1942//884
f 1942//885 1941//885 1943//885
f 1942//886 1943//886 1944//886
f 1944//886 1943//886 1945//886
f 1944//887 1945//887 1946//887
f 1946//887 1945//887 1947//887
f 1931//1 1929//1 1933//1
f 1933//1 1929//1 1927//1
f 1933//1 1927//1 1925//1
f 1925//1 1923//1 1933//1
f 1933//1 1923//1 1921//1
f 1933//1 1921//1 1947//1
f 1947//1 1921//1 1948//1
f 1948//1 1921//1 1949//1
f 1933//1 1947//1 1934//1
f 1934//1 1947//1 1945//1
f 1934//1 1945//1 1943//1
f 1943//1 1941//1 1934//1
f 1934//1 1941//1 1939//1
f 1934//1 1939//1 1937//1
f 1950//888 1951//888 1376//888
f 1376//806 1951//806 1952//806
f 1376//889 1952//889 1953//889
f 1953//807 1952//807 1954//807
f 1953//807 1954//807 1955//807
f 1955//809 1954//809 1956//809
f 1955//809 1956//809 1957//809
f 1957//810 1956//810 1958//810
f 1957//810 1958//810 1959//810
f 1959//811 1958//811 1960//811
f 1959//811 1960//811 1961//811
f 1961//812 1960//812 1962//812
f 1961//812 1962//812 1963//812
f 1963//812 1962//812 1964//812
f 1963//811 1964//811 1965//811
f 1965//811 1964//811 1966//811
f 1965//810 1966//810 1967//810
f 1967//810 1966//810 1968//810
f 1967//809 1968//809 1969//809
f 1969//809 1968//809 1970//809
f 1969//807 1970//807 1971//807
f 1971//807 1970//807 1972//807
f 1971//806 1972//806 1376//806
f 1376//890 1972//890 1973//890
f 1376//891 1973//891 1375//891
f 1950//892 1974//892 1951//892
f 1951//893 1974//893 1975//893
f 1951//807 1975//807 1976//807
f 1976//809 1975//809 1977//809
f 1976//809 1977//809 1978//809
f 1978//810 1977//810 1979//810
f 1978//810 1979//810 1980//810
f 1980//811 1979//811 1981//811
f 1980//811 1981//811 1982//811
f 1982//812 1981//812 1962//812
f 1982//812 1962//812 1960//812
f 1974//894 1983//894 1975//894
f 1975//895 1983//895 1984//895
f 1975//896 1984//896 1985//896
f 1985//897 1984//897 1986//897
f 1985//898 1986//898 1987//898
f 1987//899 1986//899 1988//899
f 1987//900 1988//900 1989//900
f 1987//901 1989//901 1990//901
f 1990//902 1989//902 1991//902
f 1990//903 1991//903 1992//903
f 1992//903 1991//903 1993//903
f 1992//811 1993//811 1994//811
f 1994//811 1993//811 1979//811
f 1994//810 1979//810 1977//810
f 1995//904 1962//904 1991//904
f 1991//905 1962//905 1981//905
f 1991//903 1981//903 1993//903
f 1993//811 1981//811 1979//811
f 1996//906 1997//906 1962//906
f 1962//812 1997//812 1998//812
f 1962//812 1998//812 1964//812
f 1964//811 1998//811 1966//811
f 1996//907 1999//907 1997//907
f 1997//908 1999//908 2000//908
f 1997//811 2000//811 2001//811
f 2001//810 2000//810 2002//810
f 2001//810 2002//810 1968//810
f 1968//809 2002//809 1970//809
f 1999//909 2003//909 2000//909
f 2000//910 2003//910 2004//910
f 2000//911 2004//911 2005//911
f 2005//912 2004//912 2006//912
f 2005//913 2006//913 2007//913
f 2007//914 2006//914 2008//914
f 2007//915 2008//915 2009//915
f 2007//916 2009//916 2010//916
f 2010//917 2009//917 1973//917
f 2010//918 1973//918 2011//918
f 2011//918 1973//918 1972//918
f 2011//807 1972//807 2012//807
f 2012//919 1972//919 1970//919
f 2012//809 1970//809 2002//809
f 1954//807 1952//807 1976//807
f 1976//807 1952//807 1951//807
f 1953//806 2013//806 1376//806
f 1376//806 2013//806 2014//806
f 1376//806 2014//806 2015//806
f 2015//807 2014//807 2016//807
f 2015//807 2016//807 2017//807
f 2017//809 2016//809 2018//809
f 2017//809 2018//809 1967//809
f 1967//810 2018//810 1965//810
f 1953//807 1955//807 2013//807
f 2013//807 1955//807 2019//807
f 2013//807 2019//807 2014//807
f 2014//807 2019//807 2016//807
f 1971//806 1376//806 2020//806
f 2020//806 1376//806 2015//806
f 2020//807 2015//807 2017//807
f 1969//807 1971//807 2020//807
f 1969//807 2020//807 2017//807
f 2007//807 2010//807 2011//807
f 2007//807 2011//807 2012//807
f 1956//809 1954//809 1978//809
f 1978//809 1954//809 1976//809
f 1955//809 1957//809 2019//809
f 2019//809 1957//809 2021//809
f 2019//809 2021//809 2016//809
f 2016//809 2021//809 2018//809
f 1967//809 1969//809 2017//809
f 2005//809 2007//809 2012//809
f 2005//809 2012//809 2002//809
f 1994//810 1977//810 1985//810
f 1985//809 1977//809 1975//809
f 1958//810 1956//810 1980//810
f 1980//810 1956//810 1978//810
f 1957//810 1959//810 2021//810
f 2021//810 1959//810 2022//810
f 2021//810 2022//810 2018//810
f 2018//810 2022//810 1965//810
f 2001//810 1968//810 1966//810
f 2000//810 2005//810 2002//810
f 1992//811 1994//811 1987//811
f 1987//810 1994//810 1985//810
f 1990//811 1992//811 1987//811
f 1960//811 1958//811 1982//811
f 1982//811 1958//811 1980//811
f 1963//811 1965//811 2022//811
f 1963//811 2022//811 1961//811
f 1961//811 2022//811 1959//811
f 1997//811 2001//811 1998//811
f 1998//811 2001//811 1966//811
f 1382//820 1375//820 2023//820
f 2023//920 1375//920 1973//920
f 2023//820 1973//820 2009//820
f 2023//921 2009//921 2024//921
f 2024//820 2009//820 2008//820
f 2024//820 2008//820 2025//820
f 2025//820 2008//820 2006//820
f 2025//922 2006//922 2026//922
f 2026//820 2006//820 2004//820
f 2026//923 2004//923 2027//923
f 2027//820 2004//820 2003//820
f 2027//923 2003//923 2028//923
f 2028//922 2003//922 1999//922
f 2028//924 1999//924 2029//924
f 2029//820 1999//820 1996//820
f 2029//925 1996//925 2030//925
f 2030//925 1996//925 1962//925
f 2030//820 1962//820 2031//820
f 1962//1 1995//1 2031//1
f 2031//1 1995//1 2032//1
f 2031//1 2032//1 1935//1
f 1935//1 2032//1 1932//1
f 1932//1 2032//1 1930//1
f 1930//1 2032//1 1928//1
f 1928//1 2032//1 1926//1
f 1926//1 2032//1 1924//1
f 1924//1 2032//1 1922//1
f 1922//1 2032//1 1920//1
f 1935//1 1936//1 2031//1
f 2031//1 1936//1 1938//1
f 2031//1 1938//1 1940//1
f 1940//1 1942//1 2031//1
f 2031//1 1942//1 1944//1
f 2031//1 1944//1 1946//1
f 2032//848 1995//848 2033//848
f 2033//848 1995//848 1991//848
f 2033//848 1991//848 2034//848
f 2034//848 1991//848 1989//848
f 2034//848 1989//848 2035//848
f 2035//848 1989//848 1988//848
f 2035//848 1988//848 2036//848
f 2036//848 1988//848 1986//848
f 2036//848 1986//848 2037//848
f 2037//848 1986//848 1984//848
f 2037//848 1984//848 2038//848
f 2038//848 1984//848 1983//848
f 2038//848 1983//848 2039//848
f 2039//848 1983//848 1974//848
f 2039//848 1974//848 2040//848
f 2040//926 1974//926 1950//926
f 2040//848 1950//848 1376//848
f 1376//848 1377//848 2040//848
f 1947//848 1948//848 1946//848
f 1946//848 1948//848 2041//848
f 1946//848 2041//848 2042//848
f 1948//848 2043//848 2041//848
f 2041//848 2043//848 2044//848
f 2041//848 2044//848 2045//848
f 2041//848 2045//848 2046//848
f 2046//848 2045//848 2047//848
f 2046//926 2047//926 2048//926
f 2048//848 2047//848 2049//848
f 2049//848 2047//848 2050//848
f 2050//848 2047//848 2051//848
f 2050//848 2051//848 2052//848
f 2052//848 2051//848 2053//848
f 2053//848 2051//848 2054//848
f 2054//848 2051//848 2055//848
f 2055//848 2051//848 2056//848
f 2055//848 2056//848 2057//848
f 2057//848 2056//848 2058//848
f 2042//848 2031//848 1946//848
f 2032//820 2059//820 1920//820
f 1920//820 2059//820 2060//820
f 1920//820 2060//820 1949//820
f 1949//820 2060//820 2061//820
f 2061//820 2060//820 2062//820
f 2062//820 2060//820 2063//820
f 2063//820 2060//820 2064//820
f 2063//820 2064//820 2065//820
f 2065//820 2064//820 2066//820
f 2065//820 2066//820 2067//820
f 2067//820 2068//820 2065//820
f 2065//820 2068//820 2069//820
f 2069//820 2068//820 2070//820
f 2069//820 2070//820 2071//820
f 2071//820 2072//820 2069//820
f 2069//820 2072//820 2073//820
f 2069//820 2073//820 2074//820
f 2074//820 2073//820 2075//820
f 2074//820 2075//820 2076//820
f 1949//820 1921//820 1920//820
f 2077//820 2078//820 1322//820
f 1322//820 2078//820 1399//820
f 2079//820 2080//820 1355//820
f 1355//820 2080//820 1323//820
f 2081//820 2082//820 1359//820
f 1359//820 2082//820 1357//820
f 2083//820 2084//820 1363//820
f 1363//820 2084//820 1361//820
f 2085//820 2086//820 1367//820
f 1367//820 2086//820 1365//820
f 2087//820 2088//820 1371//820
f 1371//820 2088//820 1369//820
f 1373//820 1272//820 2089//820
f 2089//820 1272//820 2090//820
f 1324//848 1400//848 2091//848
f 2091//848 1400//848 2092//848
f 1356//848 1325//848 2093//848
f 2093//848 1325//848 2094//848
f 1360//848 1358//848 2095//848
f 2095//848 1358//848 2096//848
f 1364//848 1362//848 2097//848
f 2097//848 1362//848 2098//848
f 1368//848 1366//848 2099//848
f 2099//848 1366//848 2100//848
f 1372//848 1370//848 2101//848
f 2101//848 1370//848 2102//848
f 2103//848 2104//848 1374//848
f 1374//848 2104//848 1271//848
f 2078//15 2092//15 1399//15
f 1399//15 2092//15 1400//15
f 2104//15 2105//15 1271//15
f 1271//15 2105//15 1270//15
f 1270//15 2105//15 2106//15
f 1270//15 2106//15 2107//15
f 2107//15 2108//15 1270//15
f 1270//15 2108//15 2109//15
f 2109//15 2108//15 2110//15
f 2110//15 2108//15 2111//15
f 2111//15 2108//15 2112//15
f 2111//15 2112//15 2113//15
f 2113//15 2112//15 2114//15
f 2114//15 2112//15 1911//15
f 1911//15 2112//15 2115//15
f 1911//15 2115//15 2116//15
f 2116//15 2117//15 1911//15
f 1911//15 2117//15 1910//15
f 1910//15 2117//15 2118//15
f 1910//15 2118//15 2119//15
f 2120//15 2121//15 2119//15
f 2119//15 2121//15 2122//15
f 2119//15 2122//15 2123//15
f 2124//15 2125//15 2120//15
f 2120//15 2125//15 2126//15
f 2120//15 2126//15 2127//15
f 2124//927 2128//927 2125//927
f 2125//15 2128//15 2129//15
f 2125//15 2129//15 2130//15
f 2130//15 2129//15 2131//15
f 2127//15 2121//15 2120//15
f 2123//15 1910//15 2119//15
f 2104//29 2103//29 2105//29
f 2105//29 2103//29 2132//29
f 2103//1 1374//1 2132//1
f 2132//1 1374//1 1410//1
f 2132//1 1410//1 2133//1
f 2133//1 1410//1 2134//1
f 2134//1 1410//1 2135//1
f 2135//1 1410//1 2136//1
f 2135//1 2136//1 2137//1
f 2137//1 2138//1 2135//1
f 2135//1 2138//1 2139//1
f 2139//1 2138//1 2140//1
f 2139//1 2140//1 2141//1
f 2141//1 2142//1 2139//1
f 2139//1 2142//1 2143//1
f 2143//1 2142//1 2144//1
f 2144//1 2142//1 2145//1
f 2144//1 2145//1 2146//1
f 2146//1 2145//1 2147//1
f 2147//1 2145//1 2148//1
f 2147//1 2148//1 2149//1
f 2149//1 2148//1 2150//1
f 2149//1 2150//1 2151//1
f 2151//1 2152//1 2149//1
f 2149//1 2152//1 2153//1
f 2153//1 2152//1 2154//1
f 2153//1 2154//1 2155//1
f 2156//1 2157//1 2155//1
f 2155//1 2157//1 2158//1
f 2155//1 2158//1 2159//1
f 2156//1 2160//1 2157//1
f 2159//1 2153//1 2155//1
f 2101//15 2161//15 1372//15
f 1372//15 2161//15 1409//15
f 1409//15 2161//15 2162//15
f 1409//15 2162//15 2163//15
f 2163//15 2164//15 1409//15
f 1409//15 2164//15 2165//15
f 2165//15 2164//15 2166//15
f 2166//15 2164//15 2167//15
f 2167//15 2164//15 2168//15
f 2167//15 2168//15 2169//15
f 2169//15 2168//15 2170//15
f 2170//15 2168//15 2171//15
f 2171//15 2168//15 2172//15
f 2171//15 2172//15 2173//15
f 2171//15 2173//15 2174//15
f 2174//15 2173//15 2175//15
f 2174//15 2175//15 2176//15
f 2174//15 2176//15 2177//15
f 2177//15 2176//15 2178//15
f 2177//15 2178//15 2179//15
f 2179//15 2178//15 2180//15
f 2180//15 2178//15 2181//15
f 2181//15 2178//15 2182//15
f 2181//15 2182//15 2183//15
f 2183//15 2182//15 2184//15
f 2184//15 2182//15 2185//15
f 2184//15 2185//15 2186//15
f 2186//15 2187//15 2184//15
f 2184//15 2187//15 2188//15
f 2188//15 2187//15 2189//15
f 2101//29 2102//29 2161//29
f 2161//29 2102//29 2190//29
f 2102//1 1370//1 2190//1
f 2190//1 1370//1 1408//1
f 2190//1 1408//1 2191//1
f 2191//928 1408//928 2192//928
f 2192//929 1408//929 2193//929
f 2193//1 1408//1 2194//1
f 2193//1 2194//1 2195//1
f 2195//1 2196//1 2193//1
f 2193//1 2196//1 2197//1
f 2197//1 2196//1 2198//1
f 2197//1 2198//1 2199//1
f 2199//1 2200//1 2197//1
f 2197//1 2200//1 2201//1
f 2201//1 2200//1 2202//1
f 2202//1 2200//1 2203//1
f 2202//1 2203//1 2204//1
f 2204//1 2203//1 2205//1
f 2205//1 2203//1 2206//1
f 2205//1 2206//1 2207//1
f 2207//1 2206//1 2208//1
f 2207//1 2208//1 2209//1
f 2209//1 2210//1 2207//1
f 2207//1 2210//1 2211//1
f 2211//1 2210//1 2212//1
f 2211//1 2212//1 2213//1
f 2214//1 2215//1 2213//1
f 2213//1 2215//1 2216//1
f 2213//1 2216//1 2217//1
f 2214//1 2218//1 2215//1
f 2217//1 2211//1 2213//1
f 2099//15 2219//15 1368//15
f 1368//15 2219//15 1407//15
f 1407//15 2219//15 2220//15
f 1407//15 2220//15 2221//15
f 2221//927 2222//927 1407//927
f 1407//15 2222//15 2223//15
f 2223//15 2222//15 2224//15
f 2224//15 2222//15 2225//15
f 2225//15 2222//15 2226//15
f 2225//15 2226//15 2227//15
f 2227//15 2226//15 2228//15
f 2228//15 2226//15 2229//15
f 2229//15 2226//15 2230//15
f 2229//15 2230//15 2231//15
f 2229//15 2231//15 2232//15
f 2232//15 2231//15 2233//15
f 2232//15 2233//15 2234//15
f 2232//15 2234//15 2235//15
f 2235//15 2234//15 2236//15
f 2235//15 2236//15 2237//15
f 2237//15 2236//15 2238//15
f 2238//15 2236//15 2239//15
f 2239//15 2236//15 2240//15
f 2239//15 2240//15 2241//15
f 2241//15 2240//15 2242//15
f 2242//15 2240//15 2243//15
f 2242//15 2243//15 2244//15
f 2244//15 2245//15 2242//15
f 2242//15 2245//15 2246//15
f 2246//15 2245//15 2247//15
f 2099//29 2100//29 2219//29
f 2219//29 2100//29 2248//29
f 2100//1 1366//1 2248//1
f 2248//1 1366//1 1406//1
f 2248//929 1406//929 2249//929
f 2249//1 1406//1 2250//1
f 2250//1 1406//1 2251//1
f 2251//1 1406//1 2252//1
f 2251//1 2252//1 2253//1
f 2253//1 2254//1 2251//1
f 2251//1 2254//1 2255//1
f 2255//1 2254//1 2256//1
f 2255//1 2256//1 2257//1
f 2257//1 2258//1 2255//1
f 2255//1 2258//1 2259//1
f 2259//1 2258//1 2260//1
f 2260//1 2258//1 2261//1
f 2260//1 2261//1 2262//1
f 2262//1 2261//1 2263//1
f 2263//1 2261//1 2264//1
f 2263//1 2264//1 2265//1
f 2265//1 2264//1 2266//1
f 2265//1 2266//1 2267//1
f 2267//1 2268//1 2265//1
f 2265//1 2268//1 2269//1
f 2269//1 2268//1 2270//1
f 2269//1 2270//1 2271//1
f 2272//1 2273//1 2271//1
f 2271//1 2273//1 2274//1
f 2271//1 2274//1 2275//1
f 2272//1 2276//1 2273//1
f 2275//928 2269//928 2271//928
f 2097//15 2277//15 1364//15
f 1364//15 2277//15 1405//15
f 1405//15 2277//15 2278//15
f 1405//15 2278//15 2279//15
f 2279//930 2280//930 1405//930
f 1405//15 2280//15 2281//15
f 2281//15 2280//15 2282//15
f 2282//15 2280//15 2283//15
f 2283//15 2280//15 2284//15
f 2283//15 2284//15 2285//15
f 2285//15 2284//15 2286//15
f 2286//15 2284//15 2287//15
f 2287//15 2284//15 2288//15
f 2287//15 2288//15 2289//15
f 2287//15 2289//15 2290//15
f 2290//15 2289//15 2291//15
f 2290//15 2291//15 2292//15
f 2290//15 2292//15 2293//15
f 2293//15 2292//15 2294//15
f 2293//15 2294//15 2295//15
f 2295//15 2294//15 2296//15
f 2296//15 2294//15 2297//15
f 2297//15 2294//15 2298//15
f 2297//15 2298//15 2299//15
f 2299//927 2298//927 2300//927
f 2300//15 2298//15 2301//15
f 2300//15 2301//15 2302//15
f 2302//15 2303//15 2300//15
f 2300//15 2303//15 2304//15
f 2304//15 2303//15 2305//15
f 2097//29 2098//29 2277//29
f 2277//29 2098//29 2306//29
f 2098//1 1362//1 2306//1
f 2306//1 1362//1 1404//1
f 2306//1 1404//1 2307//1
f 2307//1 1404//1 2308//1
f 2308//929 1404//929 2309//929
f 2309//1 1404//1 2310//1
f 2309//1 2310//1 2311//1
f 2311//1 2312//1 2309//1
f 2309//1 2312//1 2313//1
f 2313//1 2312//1 2314//1
f 2313//1 2314//1 2315//1
f 2315//1 2316//1 2313//1
f 2313//1 2316//1 2317//1
f 2317//1 2316//1 2318//1
f 2318//1 2316//1 2319//1
f 2318//1 2319//1 2320//1
f 2320//1 2319//1 2321//1
f 2321//1 2319//1 2322//1
f 2321//1 2322//1 2323//1
f 2323//1 2322//1 2324//1
f 2323//1 2324//1 2325//1
f 2325//928 2326//928 2323//928
f 2323//1 2326//1 2327//1
f 2327//1 2326//1 2328//1
f 2327//1 2328//1 2329//1
f 2330//1 2331//1 2329//1
f 2329//1 2331//1 2332//1
f 2329//1 2332//1 2333//1
f 2330//1 2334//1 2331//1
f 2333//1 2327//1 2329//1
f 2095//15 2335//15 1360//15
f 1360//15 2335//15 1403//15
f 1403//15 2335//15 2336//15
f 1403//15 2336//15 2337//15
f 2337//927 2338//927 1403//927
f 1403//15 2338//15 2339//15
f 2339//15 2338//15 2340//15
f 2340//15 2338//15 2341//15
f 2341//15 2338//15 2342//15
f 2341//15 2342//15 2343//15
f 2343//15 2342//15 2344//15
f 2344//15 2342//15 2345//15
f 2345//15 2342//15 2346//15
f 2345//15 2346//15 2347//15
f 2345//15 2347//15 2348//15
f 2348//15 2347//15 2349//15
f 2348//15 2349//15 2350//15
f 2348//15 2350//15 2351//15
f 2351//15 2350//15 2352//15
f 2351//15 2352//15 2353//15
f 2353//15 2352//15 2354//15
f 2354//15 2352//15 2355//15
f 2355//15 2352//15 2356//15
f 2355//15 2356//15 2357//15
f 2357//15 2356//15 2358//15
f 2358//15 2356//15 2359//15
f 2358//15 2359//15 2360//15
f 2360//15 2361//15 2358//15
f 2358//15 2361//15 2362//15
f 2362//15 2361//15 2363//15
f 2095//29 2096//29 2335//29
f 2335//29 2096//29 2364//29
f 2096//1 1358//1 2364//1
f 2364//1 1358//1 1402//1
f 2364//1 1402//1 2365//1
f 2365//1 1402//1 2366//1
f 2366//1 1402//1 2367//1
f 2367//1 1402//1 2368//1
f 2367//1 2368//1 2369//1
f 2369//1 2370//1 2367//1
f 2367//1 2370//1 2371//1
f 2371//1 2370//1 2372//1
f 2371//1 2372//1 2373//1
f 2373//1 2374//1 2371//1
f 2371//1 2374//1 2375//1
f 2375//1 2374//1 2376//1
f 2376//1 2374//1 2377//1
f 2376//1 2377//1 2378//1
f 2378//1 2377//1 2379//1
f 2379//1 2377//1 2380//1
f 2379//1 2380//1 2381//1
f 2381//1 2380//1 2382//1
f 2381//1 2382//1 2383//1
f 2383//1 2384//1 2381//1
f 2381//1 2384//1 2385//1
f 2385//1 2384//1 2386//1
f 2385//1 2386//1 2387//1
f 2388//1 2389//1 2387//1
f 2387//1 2389//1 2390//1
f 2387//1 2390//1 2391//1
f 2388//1 2392//1 2389//1
f 2391//1 2385//1 2387//1
f 2093//15 2393//15 1356//15
f 1356//15 2393//15 1401//15
f 1401//15 2393//15 2394//15
f 1401//15 2394//15 2395//15
f 2395//930 2396//930 1401//930
f 1401//15 2396//15 2397//15
f 2397//15 2396//15 2398//15
f 2398//15 2396//15 2399//15
f 2399//15 2396//15 2400//15
f 2399//15 2400//15 2401//15
f 2401//15 2400//15 2402//15
f 2402//15 2400//15 2403//15
f 2403//15 2400//15 2404//15
f 2403//15 2404//15 2405//15
f 2403//15 2405//15 2406//15
f 2406//15 2405//15 2407//15
f 2406//15 2407//15 2408//15
f 2406//15 2408//15 2409//15
f 2409//15 2408//15 2410//15
f 2409//15 2410//15 2411//15
f 2411//930 2410//930 2412//930
f 2412//15 2410//15 2413//15
f 2413//15 2410//15 2414//15
f 2413//15 2414//15 2415//15
f 2415//15 2414//15 2416//15
f 2416//15 2414//15 2417//15
f 2416//15 2417//15 2418//15
f 2418//15 2419//15 2416//15
f 2416//15 2419//15 2420//15
f 2420//15 2419//15 2421//15
f 2093//29 2094//29 2393//29
f 2393//29 2094//29 2422//29
f 2094//1 1325//1 2422//1
f 2422//1 1325//1 1327//1
f 2422//1 1327//1 2423//1
f 2423//929 1327//929 2424//929
f 2424//1 1327//1 2425//1
f 2425//1 1327//1 2426//1
f 2425//1 2426//1 2427//1
f 2427//1 2428//1 2425//1
f 2425//1 2428//1 2429//1
f 2429//1 2428//1 2430//1
f 2429//1 2430//1 2431//1
f 2431//1 2432//1 2429//1
f 2429//1 2432//1 2433//1
f 2433//1 2432//1 2434//1
f 2434//1 2432//1 2435//1
f 2434//1 2435//1 2436//1
f 2436//1 2435//1 2437//1
f 2437//1 2435//1 2438//1
f 2437//1 2438//1 2439//1
f 2439//1 2438//1 2440//1
f 2439//1 2440//1 2441//1
f 2441//1 2442//1 2439//1
f 2439//928 2442//928 2443//928
f 2443//1 2442//1 2444//1
f 2443//1 2444//1 2445//1
f 2446//1 2447//1 2445//1
f 2445//1 2447//1 2448//1
f 2445//1 2448//1 2449//1
f 2446//1 2450//1 2447//1
f 2449//1 2443//1 2445//1
f 2091//15 2451//15 1324//15
f 1324//15 2451//15 1326//15
f 1326//15 2451//15 2452//15
f 1326//15 2452//15 2453//15
f 2453//15 2454//15 1326//15
f 1326//15 2454//15 2455//15
f 2455//15 2454//15 2456//15
f 2456//15 2454//15 2457//15
f 2457//15 2454//15 2458//15
f 2457//15 2458//15 2459//15
f 2459//15 2458//15 2460//15
f 2460//15 2458//15 2461//15
f 2461//15 2458//15 2462//15
f 2461//15 2462//15 2463//15
f 2461//15 2463//15 2464//15
f 2464//15 2463//15 2465//15
f 2464//15 2465//15 2466//15
f 2464//15 2466//15 2467//15
f 2467//15 2466//15 2468//15
f 2467//15 2468//15 2469//15
f 2469//15 2468//15 2470//15
f 2470//15 2468//15 2471//15
f 2471//15 2468//15 2472//15
f 2471//15 2472//15 2473//15
f 2473//15 2472//15 2474//15
f 2474//15 2472//15 2475//15
f 2474//15 2475//15 2476//15
f 2476//15 2477//15 2474//15
f 2474//15 2477//15 2478//15
f 2478//15 2477//15 2479//15
f 2480//820 2481//820 1320//820
f 1320//820 2481//820 1397//820
f 2482//820 2483//820 1299//820
f 1299//820 2483//820 1297//820
f 2484//820 2485//820 1303//820
f 1303//820 2485//820 1301//820
f 2486//820 2487//820 1307//820
f 1307//820 2487//820 1305//820
f 2488//820 2489//820 1311//820
f 1311//820 2489//820 1309//820
f 2490//820 2491//820 1315//820
f 1315//820 2491//820 1313//820
f 1317//820 1292//820 2492//820
f 2492//820 1292//820 2493//820
f 1321//848 1398//848 2494//848
f 2494//848 1398//848 2495//848
f 1300//848 1298//848 2496//848
f 2496//848 1298//848 2497//848
f 1304//848 1302//848 2498//848
f 2498//848 1302//848 2499//848
f 1308//848 1306//848 2500//848
f 2500//848 1306//848 2501//848
f 1312//848 1310//848 2502//848
f 2502//848 1310//848 2503//848
f 1316//848 1314//848 2504//848
f 2504//848 1314//848 2505//848
f 2506//848 2507//848 1318//848
f 1318//848 2507//848 1273//848
f 2481//15 2495//15 1397//15
f 1397//15 2495//15 1398//15
f 1272//15 1273//15 2090//15
f 2090//15 1273//15 2507//15
f 2090//29 2507//29 2089//29
f 2089//29 2507//29 2506//29
f 2089//1 2506//1 1373//1
f 1373//1 2506//1 1318//1
f 1371//15 1316//15 2087//15
f 2087//15 1316//15 2504//15
f 2087//29 2504//29 2088//29
f 2088//29 2504//29 2505//29
f 2088//1 2505//1 1369//1
f 1369//1 2505//1 1314//1
f 1367//15 1312//15 2085//15
f 2085//15 1312//15 2502//15
f 2085//29 2502//29 2086//29
f 2086//29 2502//29 2503//29
f 2086//1 2503//1 1365//1
f 1365//1 2503//1 1310//1
f 1363//15 1308//15 2083//15
f 2083//15 1308//15 2500//15
f 2083//29 2500//29 2084//29
f 2084//29 2500//29 2501//29
f 2084//1 2501//1 1361//1
f 1361//1 2501//1 1306//1
f 1359//15 1304//15 2081//15
f 2081//15 1304//15 2498//15
f 2081//29 2498//29 2082//29
f 2082//29 2498//29 2499//29
f 2082//1 2499//1 1357//1
f 1357//1 2499//1 1302//1
f 1355//15 1300//15 2079//15
f 2079//15 1300//15 2496//15
f 2079//29 2496//29 2080//29
f 2080//29 2496//29 2497//29
f 2080//1 2497//1 1323//1
f 1323//1 2497//1 1298//1
f 1322//15 1321//15 2077//15
f 2077//15 1321//15 2494//15
f 2508//820 2509//820 1332//820
f 1332//820 2509//820 1334//820
f 2510//820 2511//820 1329//820
f 1329//820 2511//820 1330//820
f 2512//820 2513//820 1339//820
f 1339//820 2513//820 1336//820
f 2514//820 2515//820 1343//820
f 1343//820 2515//820 1341//820
f 2516//820 2517//820 1347//820
f 1347//820 2517//820 1345//820
f 2518//820 2519//820 1351//820
f 1351//820 2519//820 1349//820
f 1353//820 1290//820 2520//820
f 2520//820 1290//820 2521//820
f 1331//848 1333//848 2522//848
f 2522//848 1333//848 2523//848
f 1328//848 1319//848 2524//848
f 2524//848 1319//848 2525//848
f 1340//848 1335//848 2526//848
f 2526//848 1335//848 2527//848
f 1344//848 1342//848 2528//848
f 2528//848 1342//848 2529//848
f 1348//848 1346//848 2530//848
f 2530//848 1346//848 2531//848
f 1352//848 1350//848 2532//848
f 2532//848 1350//848 2533//848
f 2534//848 2535//848 1354//848
f 1354//848 2535//848 1291//848
f 2509//15 2523//15 1334//15
f 1334//15 2523//15 1333//15
f 1292//15 1291//15 2493//15
f 2493//15 1291//15 2535//15
f 2493//29 2535//29 2492//29
f 2492//29 2535//29 2534//29
f 2492//1 2534//1 1317//1
f 1317//1 2534//1 1354//1
f 1315//15 1352//15 2490//15
f 2490//15 1352//15 2532//15
f 2490//29 2532//29 2491//29
f 2491//29 2532//29 2533//29
f 2491//1 2533//1 1313//1
f 1313//1 2533//1 1350//1
f 1311//15 1348//15 2488//15
f 2488//15 1348//15 2530//15
f 2488//29 2530//29 2489//29
f 2489//29 2530//29 2531//29
f 2489//1 2531//1 1309//1
f 1309//1 2531//1 1346//1
f 1307//15 1344//15 2486//15
f 2486//15 1344//15 2528//15
f 2486//29 2528//29 2487//29
f 2487//29 2528//29 2529//29
f 2487//1 2529//1 1305//1
f 1305//1 2529//1 1342//1
f 1303//15 1340//15 2484//15
f 2484//15 1340//15 2526//15
f 2484//29 2526//29 2485//29
f 2485//29 2526//29 2527//29
f 2485//1 2527//1 1301//1
f 1301//1 2527//1 1335//1
f 1299//15 1328//15 2482//15
f 2482//15 1328//15 2524//15
f 2482//29 2524//29 2483//29
f 2483//29 2524//29 2525//29
f 2483//1 2525//1 1297//1
f 1297//1 2525//1 1319//1
f 1320//15 1331//15 2480//15
f 2480//15 1331//15 2522//15
f 2144//931 2116//931 2143//931
f 2143//932 2116//932 2115//932
f 2143//933 2115//933 2139//933
f 2139//933 2115//933 2112//933
f 2139//934 2112//934 2135//934
f 2135//935 2112//935 2108//935
f 2135//936 2108//936 2134//936
f 2134//936 2108//936 2107//936
f 2134//937 2107//937 2133//937
f 2133//937 2107//937 2106//937
f 2133//938 2106//938 2132//938
f 2132//938 2106//938 2105//938
f 2520//29 2521//29 2536//29
f 2536//29 2521//29 2537//29
f 2202//931 2173//931 2201//931
f 2201//931 2173//931 2172//931
f 2201//933 2172//933 2197//933
f 2197//933 2172//933 2168//933
f 2197//934 2168//934 2193//934
f 2193//935 2168//935 2164//935
f 2193//936 2164//936 2192//936
f 2192//936 2164//936 2163//936
f 2192//937 2163//937 2191//937
f 2191//937 2163//937 2162//937
f 2191//938 2162//938 2190//938
f 2190//938 2162//938 2161//938
f 2519//29 2518//29 2538//29
f 2538//29 2518//29 2539//29
f 2260//931 2231//931 2259//931
f 2259//931 2231//931 2230//931
f 2259//933 2230//933 2255//933
f 2255//933 2230//933 2226//933
f 2255//934 2226//934 2251//934
f 2251//935 2226//935 2222//935
f 2251//936 2222//936 2250//936
f 2250//936 2222//936 2221//936
f 2250//937 2221//937 2249//937
f 2249//937 2221//937 2220//937
f 2249//938 2220//938 2248//938
f 2248//938 2220//938 2219//938
f 2517//29 2516//29 2540//29
f 2540//29 2516//29 2541//29
f 2318//931 2289//931 2317//931
f 2317//931 2289//931 2288//931
f 2317//933 2288//933 2313//933
f 2313//933 2288//933 2284//933
f 2313//934 2284//934 2309//934
f 2309//935 2284//935 2280//935
f 2309//936 2280//936 2308//936
f 2308//936 2280//936 2279//936
f 2308//937 2279//937 2307//937
f 2307//937 2279//937 2278//937
f 2307//938 2278//938 2306//938
f 2306//938 2278//938 2277//938
f 2515//29 2514//29 2542//29
f 2542//29 2514//29 2543//29
f 2376//931 2347//931 2375//931
f 2375//931 2347//931 2346//931
f 2375//933 2346//933 2371//933
f 2371//933 2346//933 2342//933
f 2371//934 2342//934 2367//934
f 2367//935 2342//935 2338//935
f 2367//936 2338//936 2366//936
f 2366//936 2338//936 2337//936
f 2366//937 2337//937 2365//937
f 2365//937 2337//937 2336//937
f 2365//938 2336//938 2364//938
f 2364//938 2336//938 2335//938
f 2513//29 2512//29 2544//29
f 2544//29 2512//29 2545//29
f 2434//931 2405//931 2433//931
f 2433//931 2405//931 2404//931
f 2433//933 2404//933 2429//933
f 2429//933 2404//933 2400//933
f 2429//934 2400//934 2425//934
f 2425//935 2400//935 2396//935
f 2425//936 2396//936 2424//936
f 2424//936 2396//936 2395//936
f 2424//937 2395//937 2423//937
f 2423//937 2395//937 2394//937
f 2423//938 2394//938 2422//938
f 2422//938 2394//938 2393//938
f 2511//29 2510//29 2546//29
f 2546//29 2510//29 2547//29
f 2451//938 2548//938 2452//938
f 2452//938 2548//938 2549//938
f 2452//937 2549//937 2453//937
f 2453//937 2549//937 2550//937
f 2453//936 2550//936 2454//936
f 2454//936 2550//936 2551//936
f 2454//935 2551//935 2458//935
f 2458//934 2551//934 2552//934
f 2458//933 2552//933 2462//933
f 2462//933 2552//933 2553//933
f 2462//931 2553//931 2463//931
f 2463//931 2553//931 2554//931
f 2463//848 2554//848 2465//848
f 2465//848 2554//848 2555//848
f 2556//939 2557//939 2558//939
f 2558//939 2557//939 2559//939
f 2558//940 2559//940 2560//940
f 2560//940 2559//940 2561//940
f 2560//941 2561//941 2562//941
f 2562//942 2561//942 2563//942
f 2562//943 2563//943 2564//943
f 2564//944 2563//944 2565//944
f 2564//945 2565//945 2566//945
f 2566//945 2565//945 2567//945
f 2566//946 2567//946 2537//946
f 2537//946 2567//946 2536//946
f 2568//939 2569//939 2570//939
f 2570//939 2569//939 2571//939
f 2570//940 2571//940 2572//940
f 2572//940 2571//940 2573//940
f 2572//941 2573//941 2574//941
f 2574//942 2573//942 2575//942
f 2574//943 2575//943 2576//943
f 2576//944 2575//944 2577//944
f 2576//945 2577//945 2578//945
f 2578//945 2577//945 2579//945
f 2578//946 2579//946 2539//946
f 2539//946 2579//946 2538//946
f 2580//939 2581//939 2582//939
f 2582//939 2581//939 2583//939
f 2582//940 2583//940 2584//940
f 2584//940 2583//940 2585//940
f 2584//941 2585//941 2586//941
f 2586//942 2585//942 2587//942
f 2586//943 2587//943 2588//943
f 2588//944 2587//944 2589//944
f 2588//945 2589//945 2590//945
f 2590//945 2589//945 2591//945
f 2590//946 2591//946 2541//946
f 2541//946 2591//946 2540//946
f 2592//939 2593//939 2594//939
f 2594//939 2593//939 2595//939
f 2594//940 2595//940 2596//940
f 2596//940 2595//940 2597//940
f 2596//941 2597//941 2598//941
f 2598//942 2597//942 2599//942
f 2598//943 2599//943 2600//943
f 2600//944 2599//944 2601//944
f 2600//945 2601//945 2602//945
f 2602//945 2601//945 2603//945
f 2602//946 2603//946 2543//946
f 2543//946 2603//946 2542//946
f 2604//939 2605//939 2606//939
f 2606//939 2605//939 2607//939
f 2606//940 2607//940 2608//940
f 2608//940 2607//940 2609//940
f 2608//941 2609//941 2610//941
f 2610//942 2609//942 2611//942
f 2610//943 2611//943 2612//943
f 2612//944 2611//944 2613//944
f 2612//945 2613//945 2614//945
f 2614//945 2613//945 2615//945
f 2614//946 2615//946 2545//946
f 2545//946 2615//946 2544//946
f 2616//939 2617//939 2618//939
f 2618//939 2617//939 2619//939
f 2618//940 2619//940 2620//940
f 2620//940 2619//940 2621//940
f 2620//941 2621//941 2622//941
f 2622//942 2621//942 2623//942
f 2622//943 2623//943 2624//943
f 2624//944 2623//944 2625//944
f 2624//945 2625//945 2626//945
f 2626//945 2625//945 2627//945
f 2626//946 2627//946 2547//946
f 2547//946 2627//946 2546//946
f 2628//939 2629//939 2630//939
f 2630//939 2629//939 2631//939
f 2630//940 2631//940 2632//940
f 2632//940 2631//940 2633//940
f 2632//941 2633//941 2634//941
f 2634//942 2633//942 2635//942
f 2634//943 2635//943 2636//943
f 2636//944 2635//944 2637//944
f 2636//945 2637//945 2638//945
f 2638//945 2637//945 2639//945
f 2638//946 2639//946 2640//946
f 2640//946 2639//946 2641//946
f 2077//29 2495//29 2078//29
f 2078//947 2495//947 2481//947
f 2078//245 2481//245 2642//245
f 2642//29 2481//29 2523//29
f 2642//40 2523//40 2509//40
f 2077//29 2494//29 2495//29
f 2480//29 2522//29 2481//29
f 2481//29 2522//29 2523//29
f 2642//245 2509//245 2641//245
f 2641//29 2509//29 2508//29
f 2641//29 2508//29 2640//29
f 2641//29 2643//29 2642//29
f 2642//29 2644//29 2078//29
f 2078//29 2644//29 2092//29
f 2092//29 2644//29 2548//29
f 2092//29 2548//29 2091//29
f 2091//29 2548//29 2451//29
f 2644//29 2645//29 2548//29
f 2646//29 2647//29 2648//29
f 2644//1 2642//1 2649//1
f 2649//1 2642//1 2650//1
f 2649//1 2650//1 2651//1
f 2652//1 2653//1 2651//1
f 2651//1 2653//1 2654//1
f 2651//1 2654//1 2655//1
f 2655//1 2654//1 2656//1
f 2656//928 2654//928 2657//928
f 2657//929 2654//929 2658//929
f 2652//929 2659//929 2653//929
f 2653//928 2659//928 2660//928
f 2655//1 2649//1 2651//1
f 2512//15 1339//15 2545//15
f 2545//15 1339//15 1394//15
f 2545//15 1394//15 2614//15
f 2614//15 1394//15 2612//15
f 2612//930 1394//930 2610//930
f 2610//15 1394//15 2661//15
f 2610//15 2661//15 2662//15
f 2662//15 2663//15 2610//15
f 2610//15 2663//15 2608//15
f 2608//15 2663//15 2664//15
f 2608//15 2664//15 2665//15
f 2665//15 2666//15 2608//15
f 2608//15 2666//15 2606//15
f 2606//15 2666//15 2604//15
f 2604//15 2666//15 2667//15
f 2604//15 2667//15 2668//15
f 2668//15 2667//15 2669//15
f 2669//15 2667//15 2670//15
f 2669//15 2670//15 2671//15
f 2671//15 2670//15 2672//15
f 2671//15 2672//15 2673//15
f 2673//15 2674//15 2671//15
f 2671//15 2674//15 2675//15
f 2675//15 2674//15 2676//15
f 2675//15 2676//15 2677//15
f 2678//15 2679//15 2677//15
f 2677//15 2679//15 2680//15
f 2677//15 2680//15 2681//15
f 2678//15 2682//15 2679//15
f 2681//15 2675//15 2677//15
f 2605//820 2604//820 2683//820
f 2683//820 2604//820 2668//820
f 2521//15 1290//15 2537//15
f 2537//15 1290//15 1294//15
f 2537//15 1294//15 2566//15
f 2566//927 1294//927 2564//927
f 2564//15 1294//15 2562//15
f 2562//15 1294//15 2684//15
f 2562//15 2684//15 2685//15
f 2685//15 2686//15 2562//15
f 2562//15 2686//15 2560//15
f 2560//15 2686//15 2687//15
f 2560//15 2687//15 2688//15
f 2688//15 1817//15 2560//15
f 2560//15 1817//15 2558//15
f 2558//15 1817//15 2556//15
f 2556//15 1817//15 2689//15
f 2689//15 1817//15 1818//15
f 2689//15 1818//15 2690//15
f 2690//15 1818//15 2691//15
f 2691//15 1818//15 2692//15
f 2691//15 2692//15 2693//15
f 2693//15 2694//15 2691//15
f 2691//15 2694//15 2695//15
f 2695//15 2694//15 2696//15
f 2695//15 2696//15 2697//15
f 2697//15 2698//15 2695//15
f 2695//15 2698//15 2699//15
f 2699//930 2698//930 2700//930
f 2700//15 2698//15 2701//15
f 2701//15 2698//15 2702//15
f 2701//15 2702//15 2703//15
f 2557//820 2556//820 2704//820
f 2704//820 2556//820 2689//820
f 2514//15 1343//15 2543//15
f 2543//15 1343//15 1392//15
f 2543//15 1392//15 2602//15
f 2602//15 1392//15 2600//15
f 2600//927 1392//927 2598//927
f 2598//15 1392//15 2705//15
f 2598//15 2705//15 2648//15
f 2648//15 2705//15 2706//15
f 2648//15 2706//15 2707//15
f 2707//15 2708//15 2648//15
f 2648//15 2708//15 2709//15
f 2648//15 2709//15 2646//15
f 2710//15 2711//15 2648//15
f 2648//15 2711//15 2592//15
f 2648//930 2592//930 2594//930
f 2712//15 2713//15 2710//15
f 2710//15 2713//15 2714//15
f 2710//15 2714//15 2715//15
f 2712//15 2716//15 2713//15
f 2713//930 2716//930 2717//930
f 2713//15 2717//15 2718//15
f 2718//15 2717//15 2719//15
f 2719//15 2717//15 2720//15
f 2720//15 2717//15 2721//15
f 2720//15 2721//15 2722//15
f 2715//948 2711//948 2710//948
f 2594//15 2596//15 2648//15
f 2648//15 2596//15 2598//15
f 2593//820 2592//820 2723//820
f 2723//820 2592//820 2711//820
f 2510//15 1329//15 2547//15
f 2547//15 1329//15 1338//15
f 2547//15 1338//15 2626//15
f 2626//15 1338//15 2624//15
f 2624//927 1338//927 2622//927
f 2622//15 1338//15 2724//15
f 2622//15 2724//15 2725//15
f 2725//15 2726//15 2622//15
f 2622//15 2726//15 2620//15
f 2620//15 2726//15 2727//15
f 2620//15 2727//15 2728//15
f 2728//15 2729//15 2620//15
f 2620//15 2729//15 2618//15
f 2618//15 2729//15 2616//15
f 2616//15 2729//15 2730//15
f 2616//15 2730//15 2731//15
f 2731//15 2730//15 2732//15
f 2732//15 2730//15 2733//15
f 2732//15 2733//15 2734//15
f 2734//15 2733//15 2735//15
f 2734//15 2735//15 2736//15
f 2736//15 2737//15 2734//15
f 2734//927 2737//927 2738//927
f 2738//15 2737//15 2739//15
f 2738//15 2739//15 2740//15
f 2741//15 2742//15 2740//15
f 2740//15 2742//15 2743//15
f 2740//15 2743//15 2744//15
f 2741//15 2745//15 2742//15
f 2744//15 2738//15 2740//15
f 2617//820 2616//820 2746//820
f 2746//820 2616//820 2731//820
f 2518//15 1351//15 2539//15
f 2539//15 1351//15 1388//15
f 2539//15 1388//15 2578//15
f 2578//15 1388//15 2576//15
f 2576//15 1388//15 2574//15
f 2574//15 1388//15 2747//15
f 2574//15 2747//15 2748//15
f 2748//15 2749//15 2574//15
f 2574//15 2749//15 2572//15
f 2572//15 2749//15 2750//15
f 2572//15 2750//15 2751//15
f 2751//15 2752//15 2572//15
f 2572//15 2752//15 2570//15
f 2570//15 2752//15 2568//15
f 2568//15 2752//15 2753//15
f 2568//15 2753//15 2754//15
f 2754//15 2753//15 2755//15
f 2755//15 2753//15 2756//15
f 2755//15 2756//15 2757//15
f 2757//15 2756//15 2758//15
f 2757//15 2758//15 2759//15
f 2759//15 2760//15 2757//15
f 2757//15 2760//15 2761//15
f 2761//15 2760//15 2762//15
f 2761//15 2762//15 2763//15
f 2764//15 2765//15 2763//15
f 2763//15 2765//15 2766//15
f 2763//15 2766//15 2767//15
f 2764//15 2768//15 2765//15
f 2767//15 2761//15 2763//15
f 2569//820 2568//820 2769//820
f 2769//820 2568//820 2754//820
f 2516//15 1347//15 2541//15
f 2541//15 1347//15 1390//15
f 2541//15 1390//15 2590//15
f 2590//15 1390//15 2588//15
f 2588//930 1390//930 2586//930
f 2586//15 1390//15 2770//15
f 2586//15 2770//15 2771//15
f 2771//15 2772//15 2586//15
f 2586//15 2772//15 2584//15
f 2584//15 2772//15 2773//15
f 2584//15 2773//15 2774//15
f 2774//15 2775//15 2584//15
f 2584//15 2775//15 2582//15
f 2582//930 2775//930 2580//930
f 2580//15 2775//15 2776//15
f 2580//15 2776//15 2777//15
f 2777//15 2776//15 2778//15
f 2778//15 2776//15 2779//15
f 2778//15 2779//15 2780//15
f 2780//15 2779//15 2781//15
f 2780//15 2781//15 2782//15
f 2782//15 2783//15 2780//15
f 2780//15 2783//15 2784//15
f 2784//15 2783//15 2785//15
f 2784//15 2785//15 2786//15
f 2787//15 2788//15 2786//15
f 2786//15 2788//15 2789//15
f 2786//15 2789//15 2790//15
f 2787//15 2791//15 2788//15
f 2790//15 2784//15 2786//15
f 2581//820 2580//820 2792//820
f 2792//820 2580//820 2777//820
f 2508//15 1332//15 2640//15
f 2640//15 1332//15 1396//15
f 2640//927 1396//927 2638//927
f 2638//15 1396//15 2636//15
f 2636//15 1396//15 2634//15
f 2634//15 1396//15 2793//15
f 2634//15 2793//15 2794//15
f 2794//15 2795//15 2634//15
f 2634//15 2795//15 2632//15
f 2632//15 2795//15 2796//15
f 2632//15 2796//15 2797//15
f 2797//15 2798//15 2632//15
f 2632//15 2798//15 2630//15
f 2630//930 2798//930 2628//930
f 2628//15 2798//15 2799//15
f 2628//15 2799//15 2800//15
f 2800//15 2799//15 2801//15
f 2801//15 2799//15 2802//15
f 2801//15 2802//15 2803//15
f 2803//15 2802//15 2804//15
f 2803//15 2804//15 2805//15
f 2805//15 2806//15 2803//15
f 2803//15 2806//15 2807//15
f 2807//15 2806//15 2808//15
f 2807//15 2808//15 2809//15
f 2810//15 2811//15 2809//15
f 2809//15 2811//15 2812//15
f 2809//15 2812//15 2813//15
f 2810//15 2814//15 2811//15
f 2813//15 2807//15 2809//15
f 2629//820 2628//820 2815//820
f 2815//820 2628//820 2800//820
f 2548//1 2645//1 2549//1
f 2549//1 2645//1 2550//1
f 2550//1 2645//1 2551//1
f 2551//1 2645//1 2552//1
f 2552//928 2645//928 2553//928
f 2553//929 2645//929 2554//929
f 2554//928 2645//928 2816//928
f 2554//1 2816//1 2555//1
f 2555//1 2816//1 2817//1
f 2555//1 2817//1 2818//1
f 2818//1 2817//1 2819//1
f 2819//1 2817//1 2820//1
f 2820//1 2817//1 2821//1
f 2645//1 2822//1 2816//1
f 2816//949 2822//949 2823//949
f 2643//950 2824//950 2642//950
f 2642//951 2824//951 2825//951
f 2642//952 2825//952 2650//952
f 2650//953 2825//953 2826//953
f 2650//954 2826//954 2651//954
f 2651//955 2826//955 2827//955
f 2651//956 2827//956 2652//956
f 2652//957 2827//957 2828//957
f 2652//958 2828//958 2659//958
f 2659//959 2828//959 2829//959
f 2659//960 2829//960 2660//960
f 2660//961 2829//961 2830//961
f 2660//962 2830//962 2653//962
f 2825//963 2824//963 2831//963
f 2831//964 2824//964 2832//964
f 2831//965 2832//965 2833//965
f 1390//946 1389//946 2770//946
f 2770//946 1389//946 2834//946
f 2770//945 2834//945 2771//945
f 2771//945 2834//945 2835//945
f 2771//944 2835//944 2772//944
f 2772//943 2835//943 2836//943
f 2772//966 2836//966 2773//966
f 2773//966 2836//966 2837//966
f 2773//940 2837//940 2774//940
f 2774//940 2837//940 2838//940
f 2774//939 2838//939 2775//939
f 2775//939 2838//939 2839//939
f 1396//946 1395//946 2793//946
f 2793//946 1395//946 2840//946
f 2793//945 2840//945 2794//945
f 2794//945 2840//945 2841//945
f 2794//967 2841//967 2795//967
f 2795//943 2841//943 2842//943
f 2795//966 2842//966 2796//966
f 2796//966 2842//966 2843//966
f 2796//940 2843//940 2797//940
f 2797//940 2843//940 2844//940
f 2797//939 2844//939 2798//939
f 2798//939 2844//939 2845//939
f 2709//968 2846//968 2646//968
f 2646//969 2846//969 2847//969
f 2646//970 2847//970 2647//970
f 2846//971 2709//971 2848//971
f 2848//972 2709//972 2708//972
f 2848//973 2708//973 2849//973
f 2849//974 2708//974 2707//974
f 2849//975 2707//975 2850//975
f 2850//976 2707//976 2706//976
f 2850//977 2706//977 2851//977
f 2851//978 2706//978 2705//978
f 2851//979 2705//979 1391//979
f 1391//962 2705//962 1392//962
f 2846//980 2852//980 2847//980
f 2847//981 2852//981 2853//981
f 2853//982 2852//982 2854//982
f 2688//983 2855//983 1817//983
f 1817//984 2855//984 2856//984
f 1817//983 2856//983 2857//983
f 2857//985 2856//985 2858//985
f 2857//940 2858//940 2859//940
f 2859//942 2858//942 2860//942
f 2859//942 2860//942 2861//942
f 2861//943 2860//943 2862//943
f 2861//944 2862//944 2863//944
f 2863//945 2862//945 2864//945
f 2863//945 2864//945 2865//945
f 2865//946 2864//946 1235//946
f 2865//946 1235//946 2866//946
f 2866//946 1235//946 2867//946
f 2866//945 2867//945 2868//945
f 2868//945 2867//945 2869//945
f 2868//944 2869//944 2870//944
f 2870//943 2869//943 2871//943
f 2870//942 2871//942 2872//942
f 2872//942 2871//942 2873//942
f 2872//940 2873//940 2874//940
f 2874//985 2873//985 2875//985
f 2874//983 2875//983 1816//983
f 1816//986 2875//986 2876//986
f 1816//987 2876//987 2877//987
f 2877//940 2876//940 2878//940
f 2877//988 2878//988 2879//988
f 2879//942 2878//942 2880//942
f 2879//942 2880//942 2881//942
f 2881//943 2880//943 2882//943
f 2882//944 2880//944 2883//944
f 2882//945 2883//945 2884//945
f 2884//945 2883//945 2885//945
f 2884//946 2885//946 1235//946
f 1235//946 2885//946 2886//946
f 1235//946 2886//946 2887//946
f 2887//945 2886//945 2888//945
f 2887//945 2888//945 2869//945
f 2869//944 2888//944 2871//944
f 2855//985 2688//985 2889//985
f 2889//940 2688//940 2687//940
f 2889//942 2687//942 2890//942
f 2890//942 2687//942 2686//942
f 2890//943 2686//943 2891//943
f 2891//943 2686//943 2685//943
f 2891//945 2685//945 2892//945
f 2892//945 2685//945 2684//945
f 2892//946 2684//946 1294//946
f 1235//946 2864//946 1294//946
f 1294//946 2864//946 2893//946
f 1294//946 2893//946 2894//946
f 2894//945 2893//945 2895//945
f 2894//945 2895//945 2896//945
f 2896//943 2895//943 2897//943
f 2896//943 2897//943 2898//943
f 2898//942 2897//942 2899//942
f 2898//942 2899//942 2889//942
f 2889//940 2899//940 2855//940
f 2881//942 2900//942 2879//942
f 2879//940 2900//940 2901//940
f 2879//985 2901//985 2877//985
f 2877//989 2901//989 1816//989
f 2900//940 2902//940 2901//940
f 2901//984 2902//984 1816//984
f 2874//983 1816//983 2903//983
f 2903//983 1816//983 1817//983
f 2903//990 1817//990 2904//990
f 2904//983 1817//983 2905//983
f 2904//985 2905//985 2906//985
f 2906//940 2905//940 2907//940
f 2906//942 2907//942 2908//942
f 2908//942 2907//942 2861//942
f 2908//943 2861//943 2863//943
f 2858//940 2856//940 2899//940
f 2899//985 2856//985 2855//985
f 2905//983 1817//983 2909//983
f 2909//984 1817//984 2857//984
f 2909//985 2857//985 2859//985
f 2907//985 2905//985 2909//985
f 2907//940 2909//940 2859//940
f 2872//940 2874//940 2903//940
f 2903//940 2904//940 2910//940
f 2910//940 2904//940 2906//940
f 2910//942 2906//942 2911//942
f 2911//942 2906//942 2908//942
f 2911//943 2908//943 2912//943
f 2912//944 2908//944 2863//944
f 2912//945 2863//945 2865//945
f 2876//940 2875//940 2913//940
f 2913//940 2875//940 2873//940
f 2913//942 2873//942 2914//942
f 2914//942 2873//942 2871//942
f 2914//943 2871//943 2888//943
f 2898//942 2889//942 2890//942
f 2860//942 2858//942 2897//942
f 2897//942 2858//942 2899//942
f 2861//942 2907//942 2859//942
f 2870//942 2872//942 2910//942
f 2910//940 2872//940 2903//940
f 2870//942 2910//942 2911//942
f 2876//940 2913//940 2878//940
f 2878//942 2913//942 2915//942
f 2878//942 2915//942 2880//942
f 2880//943 2915//943 2883//943
f 2915//942 2913//942 2914//942
f 2898//943 2890//943 2916//943
f 2916//944 2890//944 2891//944
f 2916//945 2891//945 2917//945
f 2917//945 2891//945 2892//945
f 2917//946 2892//946 1294//946
f 2862//944 2860//944 2895//944
f 2895//943 2860//943 2897//943
f 2868//943 2870//943 2911//943
f 2868//944 2911//944 2912//944
f 2915//943 2914//943 2918//943
f 2918//944 2914//944 2888//944
f 2918//945 2888//945 2886//945
f 2898//944 2916//944 2896//944
f 2896//945 2916//945 2919//945
f 2896//945 2919//945 2894//945
f 2894//946 2919//946 1294//946
f 2919//945 2916//945 2917//945
f 2864//945 2862//945 2893//945
f 2893//945 2862//945 2895//945
f 2866//945 2868//945 2912//945
f 2866//945 2912//945 2865//945
f 2887//945 2869//945 2867//945
f 2885//945 2883//945 2918//945
f 2918//944 2883//944 2915//944
f 2885//945 2918//945 2886//945
f 1294//946 2919//946 2917//946
f 1235//946 2887//946 2867//946
f 1388//946 1387//946 2747//946
f 2747//946 1387//946 2920//946
f 2747//945 2920//945 2748//945
f 2748//945 2920//945 2921//945
f 2748//944 2921//944 2749//944
f 2749//943 2921//943 2922//943
f 2749//966 2922//966 2750//966
f 2750//966 2922//966 2923//966
f 2750//940 2923//940 2751//940
f 2751//940 2923//940 2924//940
f 2751//939 2924//939 2752//939
f 2752//939 2924//939 2925//939
f 2926//939 2666//939 2927//939
f 2927//939 2666//939 2665//939
f 2927//940 2665//940 2928//940
f 2928//940 2665//940 2664//940
f 2928//966 2664//966 2929//966
f 2929//966 2664//966 2663//966
f 2929//943 2663//943 2930//943
f 2930//967 2663//967 2662//967
f 2930//945 2662//945 2931//945
f 2931//945 2662//945 2661//945
f 2931//946 2661//946 1393//946
f 1393//946 2661//946 1394//946
f 2645//991 2644//991 2822//991
f 2822//992 2644//992 2932//992
f 2822//993 2932//993 2933//993
f 2644//994 2649//994 2932//994
f 2932//995 2649//995 2934//995
f 2934//996 2649//996 2655//996
f 2934//997 2655//997 2935//997
f 2935//998 2655//998 2656//998
f 2935//999 2656//999 2936//999
f 2936//1000 2656//1000 2657//1000
f 2936//1001 2657//1001 2937//1001
f 2937//1002 2657//1002 2658//1002
f 2937//1003 2658//1003 2938//1003
f 2938//1004 2658//1004 2654//1004
f 2816//1005 2823//1005 2933//1005
f 2933//1006 2823//1006 2822//1006
f 2229//931 2200//931 2228//931
f 2228//931 2200//931 2199//931
f 2228//933 2199//933 2227//933
f 2227//933 2199//933 2198//933
f 2227//935 2198//935 2225//935
f 2225//1007 2198//1007 2196//1007
f 2225//936 2196//936 2224//936
f 2224//936 2196//936 2195//936
f 2224//937 2195//937 2223//937
f 2223//937 2195//937 2194//937
f 2223//938 2194//938 1407//938
f 1407//938 2194//938 1408//938
f 2461//931 2432//931 2460//931
f 2460//931 2432//931 2431//931
f 2460//933 2431//933 2459//933
f 2459//933 2431//933 2430//933
f 2459//935 2430//935 2457//935
f 2457//1007 2430//1007 2428//1007
f 2457//936 2428//936 2456//936
f 2456//936 2428//936 2427//936
f 2456//937 2427//937 2455//937
f 2455//937 2427//937 2426//937
f 2455//938 2426//938 1326//938
f 1326//938 2426//938 1327//938
f 1406//938 1405//938 2252//938
f 2252//938 1405//938 2281//938
f 2252//937 2281//937 2253//937
f 2253//937 2281//937 2282//937
f 2253//936 2282//936 2254//936
f 2254//936 2282//936 2283//936
f 2254//1007 2283//1007 2256//1007
f 2256//935 2283//935 2285//935
f 2256//933 2285//933 2257//933
f 2257//933 2285//933 2286//933
f 2257//931 2286//931 2258//931
f 2258//931 2286//931 2287//931
f 2109//938 2939//938 1270//938
f 1270//938 2939//938 2940//938
f 1270//938 2940//938 2941//938
f 2941//937 2940//937 2942//937
f 2941//937 2942//937 2943//937
f 2943//936 2942//936 2944//936
f 2943//936 2944//936 2945//936
f 2945//935 2944//935 2946//935
f 2945//934 2946//934 2947//934
f 2947//933 2946//933 2948//933
f 2947//933 2948//933 2949//933
f 2949//1008 2948//1008 1912//1008
f 2949//1008 1912//1008 2950//1008
f 2950//932 1912//932 2951//932
f 2950//933 2951//933 2952//933
f 2952//933 2951//933 2953//933
f 2952//934 2953//934 2954//934
f 2954//935 2953//935 2955//935
f 2954//936 2955//936 2956//936
f 2956//936 2955//936 2957//936
f 2956//937 2957//937 2958//937
f 2958//937 2957//937 2959//937
f 2958//938 2959//938 1248//938
f 1248//938 2959//938 2960//938
f 1248//938 2960//938 2961//938
f 2961//937 2960//937 2962//937
f 2961//937 2962//937 2963//937
f 2963//936 2962//936 2964//936
f 2963//936 2964//936 2965//936
f 2965//934 2964//934 2966//934
f 2966//935 2964//935 2967//935
f 2966//933 2967//933 2968//933
f 2968//933 2967//933 2969//933
f 2968//931 2969//931 1912//931
f 1912//932 2969//932 2970//932
f 1912//1008 2970//1008 2971//1008
f 2971//933 2970//933 2972//933
f 2971//933 2972//933 2953//933
f 2953//935 2972//935 2955//935
f 2939//937 2109//937 2973//937
f 2973//937 2109//937 2110//937
f 2973//936 2110//936 2974//936
f 2974//936 2110//936 2111//936
f 2974//935 2111//935 2975//935
f 2975//935 2111//935 2113//935
f 2975//933 2113//933 2976//933
f 2976//933 2113//933 2114//933
f 2976//931 2114//931 1911//931
f 1912//931 2948//931 1911//931
f 1911//931 2948//931 2977//931
f 1911//931 2977//931 2978//931
f 2978//933 2977//933 2979//933
f 2978//933 2979//933 2980//933
f 2980//935 2979//935 2981//935
f 2980//935 2981//935 2982//935
f 2982//936 2981//936 2983//936
f 2982//936 2983//936 2973//936
f 2973//937 2983//937 2939//937
f 2965//936 2984//936 2963//936
f 2963//937 2984//937 2985//937
f 2963//937 2985//937 2961//937
f 2961//938 2985//938 1248//938
f 2984//937 2986//937 2985//937
f 2985//938 2986//938 1248//938
f 2958//938 1248//938 2987//938
f 2987//938 1248//938 1270//938
f 2987//938 1270//938 2988//938
f 2988//938 1270//938 2989//938
f 2988//937 2989//937 2990//937
f 2990//937 2989//937 2991//937
f 2990//936 2991//936 2992//936
f 2992//936 2991//936 2945//936
f 2992//935 2945//935 2947//935
f 2942//937 2940//937 2983//937
f 2983//937 2940//937 2939//937
f 2989//938 1270//938 2993//938
f 2993//938 1270//938 2941//938
f 2993//937 2941//937 2943//937
f 2991//937 2989//937 2993//937
f 2991//937 2993//937 2943//937
f 2956//937 2958//937 2987//937
f 2987//937 2988//937 2994//937
f 2994//937 2988//937 2990//937
f 2994//936 2990//936 2995//936
f 2995//936 2990//936 2992//936
f 2995//935 2992//935 2996//935
f 2996//935 2992//935 2947//935
f 2996//933 2947//933 2949//933
f 2960//937 2959//937 2997//937
f 2997//937 2959//937 2957//937
f 2997//936 2957//936 2998//936
f 2998//936 2957//936 2955//936
f 2998//935 2955//935 2972//935
f 2982//936 2973//936 2974//936
f 2944//936 2942//936 2981//936
f 2981//936 2942//936 2983//936
f 2945//936 2991//936 2943//936
f 2954//936 2956//936 2994//936
f 2994//937 2956//937 2987//937
f 2954//936 2994//936 2995//936
f 2960//937 2997//937 2962//937
f 2962//936 2997//936 2999//936
f 2962//936 2999//936 2964//936
f 2964//935 2999//935 2967//935
f 2999//936 2997//936 2998//936
f 2982//935 2974//935 3000//935
f 3000//934 2974//934 2975//934
f 3000//933 2975//933 3001//933
f 3001//933 2975//933 2976//933
f 3001//931 2976//931 1911//931
f 2946//934 2944//934 2979//934
f 2979//935 2944//935 2981//935
f 2952//935 2954//935 2995//935
f 2952//935 2995//935 2996//935
f 2999//934 2998//934 3002//934
f 3002//935 2998//935 2972//935
f 3002//933 2972//933 2970//933
f 2982//934 3000//934 2980//934
f 2980//933 3000//933 3003//933
f 2980//933 3003//933 2978//933
f 2978//1008 3003//1008 1911//1008
f 3003//933 3000//933 3001//933
f 2948//933 2946//933 2977//933
f 2977//933 2946//933 2979//933
f 2950//933 2952//933 2996//933
f 2950//933 2996//933 2949//933
f 2971//933 2953//933 2951//933
f 2969//933 2967//933 3002//933
f 3002//935 2967//935 2999//935
f 2969//933 3002//933 2970//933
f 1911//931 3003//931 3001//931
f 1912//931 2971//931 2951//931
f 2171//931 2142//931 2170//931
f 2170//931 2142//931 2141//931
f 2170//933 2141//933 2169//933
f 2169//933 2141//933 2140//933
f 2169//935 2140//935 2167//935
f 2167//1007 2140//1007 2138//1007
f 2167//936 2138//936 2166//936
f 2166//936 2138//936 2137//936
f 2166//937 2137//937 2165//937
f 2165//937 2137//937 2136//937
f 2165//938 2136//938 1409//938
f 1409//938 2136//938 1410//938
f 1404//938 1403//938 2310//938
f 2310//938 1403//938 2339//938
f 2310//937 2339//937 2311//937
f 2311//937 2339//937 2340//937
f 2311//936 2340//936 2312//936
f 2312//936 2340//936 2341//936
f 2312//1007 2341//1007 2314//1007
f 2314//935 2341//935 2343//935
f 2314//933 2343//933 2315//933
f 2315//933 2343//933 2344//933
f 2315//931 2344//931 2316//931
f 2316//931 2344//931 2345//931
f 2403//931 2374//931 2402//931
f 2402//931 2374//931 2373//931
f 2402//933 2373//933 2401//933
f 2401//933 2373//933 2372//933
f 2401//935 2372//935 2399//935
f 2399//934 2372//934 2370//934
f 2399//936 2370//936 2398//936
f 2398//936 2370//936 2369//936
f 2398//937 2369//937 2397//937
f 2397//937 2369//937 2368//937
f 2397//938 2368//938 1401//938
f 1401//938 2368//938 1402//938
f 2654//29 2653//29 2938//29
f 2938//29 2653//29 2830//29
f 2938//29 2830//29 3004//29
f 3004//29 2830//29 3005//29
f 3004//29 3005//29 3006//29
f 3006//29 3005//29 3007//29
f 3006//29 3007//29 3008//29
f 3008//29 3007//29 3009//29
f 3008//29 3009//29 3010//29
f 3010//29 3009//29 3011//29
f 3007//29 3012//29 3009//29
f 3009//29 3012//29 3013//29
f 3013//29 3012//29 3014//29
f 3013//29 3014//29 3015//29
f 2057//35 2058//35 3016//35
f 3016//35 2058//35 3017//35
f 3016//23 3017//23 3018//23
f 3018//23 3017//23 3019//23
f 3018//24 3019//24 3020//24
f 3020//24 3019//24 3021//24
f 3020//25 3021//25 3022//25
f 3022//26 3021//26 3023//26
f 3022//27 3023//27 3024//27
f 3024//27 3023//27 3025//27
f 3024//28 3025//28 3026//28
f 3026//28 3025//28 3027//28
f 3025//819 3023//819 3027//819
f 3027//819 3023//819 3021//819
f 3027//819 3021//819 3019//819
f 3019//819 3017//819 3027//819
f 3027//819 3017//819 2058//819
f 3027//819 2058//819 3028//819
f 3028//819 2058//819 2076//819
f 3028//819 2076//819 3029//819
f 2056//819 2074//819 2058//819
f 2058//819 2074//819 2076//819
f 3029//819 3030//819 3028//819
f 3028//819 3030//819 3031//819
f 3028//819 3031//819 3032//819
f 3032//819 3033//819 3028//819
f 3034//2 3028//2 3035//2
f 3035//2 3028//2 3033//2
f 3035//3 3033//3 3036//3
f 3036//3 3033//3 3032//3
f 3036//4 3032//4 3037//4
f 3037//4 3032//4 3031//4
f 3037//38 3031//38 3038//38
f 3038//38 3031//38 3030//38
f 3038//6 3030//6 3039//6
f 3039//6 3030//6 3029//6
f 3039//7 3029//7 2075//7
f 2075//7 3029//7 2076//7
f 3040//15 3041//15 3042//15
f 3042//15 3041//15 3043//15
f 3044//848 3040//848 3045//848
f 3045//848 3040//848 3042//848
f 3046//820 3047//820 3048//820
f 3048//820 3047//820 3049//820
f 3050//15 3046//15 3051//15
f 3051//15 3046//15 3048//15
f 3052//820 3050//820 3053//820
f 3053//820 3050//820 3051//820
f 3054//848 3055//848 3056//848
f 3056//848 3055//848 3057//848
f 3058//15 3054//15 3059//15
f 3059//15 3054//15 3056//15
f 3060//820 3058//820 3061//820
f 3061//820 3058//820 3059//820
f 3041//848 3062//848 3043//848
f 3043//848 3062//848 3063//848
f 3063//819 3059//819 3043//819
f 3043//819 3059//819 3045//819
f 3043//819 3045//819 3042//819
f 3063//819 3061//819 3059//819
f 3059//819 3056//819 3045//819
f 3045//819 3056//819 3049//819
f 3049//819 3056//819 3051//819
f 3049//819 3051//819 3048//819
f 3056//819 3057//819 3051//819
f 3051//819 3057//819 3053//819
f 3054//819 3058//819 3055//819
f 3055//819 3058//819 3060//819
f 3044//819 3064//819 3040//819
f 3040//819 3064//819 3065//819
f 3040//819 3065//819 3062//819
f 3062//819 3041//819 3040//819
f 3066//820 3067//820 3068//820
f 3068//820 3067//820 3069//820
f 3070//15 3066//15 3071//15
f 3071//15 3066//15 3068//15
f 3072//820 3070//820 3073//820
f 3073//820 3070//820 3071//820
f 3074//848 3075//848 3076//848
f 3076//848 3075//848 3077//848
f 3078//15 3074//15 3079//15
f 3079//15 3074//15 3076//15
f 3080//848 3078//848 3081//848
f 3081//848 3078//848 3079//848
f 3079//819 3076//819 3081//819
f 3081//819 3076//819 3071//819
f 3081//819 3071//819 3069//819
f 3069//819 3071//819 3068//819
f 3076//819 3077//819 3071//819
f 3071//819 3077//819 3073//819
f 3074//819 3078//819 3075//819
f 3075//819 3078//819 3082//819
f 3075//819 3082//819 3083//819
f 3083//819 3082//819 3084//819
f 3080//819 3085//819 3078//819
f 3078//819 3085//819 3082//819
f 3086//820 3087//820 3088//820
f 3088//820 3087//820 3089//820
f 3090//15 3086//15 3091//15
f 3091//15 3086//15 3088//15
f 3092//820 3090//820 3093//820
f 3093//820 3090//820 3091//820
f 3094//848 3095//848 3096//848
f 3096//848 3095//848 3097//848
f 3098//15 3094//15 3099//15
f 3099//15 3094//15 3096//15
f 3100//848 3098//848 3101//848
f 3101//848 3098//848 3099//848
f 3099//819 3096//819 3101//819
f 3101//819 3096//819 3091//819
f 3101//819 3091//819 3089//819
f 3089//819 3091//819 3088//819
f 3096//819 3097//819 3091//819
f 3091//819 3097//819 3093//819
f 3094//819 3098//819 3095//819
f 3095//819 3098//819 3102//819
f 3095//819 3102//819 3103//819
f 3103//819 3102//819 3104//819
f 3100//819 3105//819 3098//819
f 3098//819 3105//819 3102//819
f 3106//820 3107//820 3108//820
f 3108//820 3107//820 3109//820
f 3110//15 3106//15 3111//15
f 3111//15 3106//15 3108//15
f 3112//820 3110//820 3113//820
f 3113//820 3110//820 3111//820
f 3114//848 3115//848 3116//848
f 3116//848 3115//848 3117//848
f 3118//15 3114//15 3119//15
f 3119//15 3114//15 3116//15
f 3120//848 3118//848 3121//848
f 3121//848 3118//848 3119//848
f 3119//819 3116//819 3121//819
f 3121//819 3116//819 3111//819
f 3121//819 3111//819 3109//819
f 3109//819 3111//819 3108//819
f 3116//819 3117//819 3111//819
f 3111//819 3117//819 3113//819
f 3114//819 3118//819 3115//819
f 3115//819 3118//819 3122//819
f 3115//819 3122//819 3123//819
f 3123//819 3122//819 3124//819
f 3120//819 3125//819 3118//819
f 3118//819 3125//819 3122//819
f 3126//820 3127//820 3128//820
f 3128//820 3127//820 3129//820
f 3130//15 3126//15 3131//15
f 3131//15 3126//15 3128//15
f 3132//820 3130//820 3133//820
f 3133//820 3130//820 3131//820
f 3134//848 3135//848 3136//848
f 3136//848 3135//848 3137//848
f 3138//15 3134//15 3139//15
f 3139//15 3134//15 3136//15
f 3140//848 3138//848 3141//848
f 3141//848 3138//848 3139//848
f 3139//819 3136//819 3141//819
f 3141//819 3136//819 3131//819
f 3141//819 3131//819 3129//819
f 3129//819 3131//819 3128//819
f 3136//819 3137//819 3131//819
f 3131//819 3137//819 3133//819
f 3134//819 3138//819 3135//819
f 3135//819 3138//819 3142//819
f 3135//819 3142//819 3143//819
f 3143//819 3142//819 3144//819
f 3140//819 3145//819 3138//819
f 3138//819 3145//819 3142//819
f 3146//820 3147//820 3148//820
f 3148//820 3147//820 3149//820
f 3150//15 3146//15 3151//15
f 3151//15 3146//15 3148//15
f 3152//820 3150//820 3153//820
f 3153//820 3150//820 3151//820
f 3154//848 3155//848 3156//848
f 3156//848 3155//848 3157//848
f 3158//15 3154//15 3159//15
f 3159//15 3154//15 3156//15
f 3160//848 3158//848 3161//848
f 3161//848 3158//848 3159//848
f 3159//819 3156//819 3161//819
f 3161//819 3156//819 3151//819
f 3161//819 3151//819 3149//819
f 3149//819 3151//819 3148//819
f 3156//819 3157//819 3151//819
f 3151//819 3157//819 3153//819
f 3154//819 3158//819 3155//819
f 3155//819 3158//819 3162//819
f 3155//819 3162//819 3163//819
f 3163//819 3162//819 3164//819
f 3160//819 3165//819 3158//819
f 3158//819 3165//819 3162//819
f 3166//820 3167//820 3168//820
f 3168//820 3167//820 3169//820
f 3170//15 3166//15 3171//15
f 3171//15 3166//15 3168//15
f 3172//820 3170//820 3173//820
f 3173//820 3170//820 3171//820
f 3174//848 3175//848 3176//848
f 3176//848 3175//848 3177//848
f 3178//15 3174//15 3179//15
f 3179//15 3174//15 3176//15
f 3180//848 3178//848 3181//848
f 3181//848 3178//848 3179//848
f 3179//819 3176//819 3181//819
f 3181//819 3176//819 3171//819
f 3181//819 3171//819 3169//819
f 3169//819 3171//819 3168//819
f 3176//819 3177//819 3171//819
f 3171//819 3177//819 3173//819
f 3174//819 3178//819 3175//819
f 3175//819 3178//819 3182//819
f 3175//819 3182//819 3183//819
f 3183//819 3182//819 3184//819
f 3180//819 3185//819 3178//819
f 3178//819 3185//819 3182//819
f 3186//820 3187//820 3188//820
f 3188//820 3187//820 3189//820
f 3190//15 3186//15 3191//15
f 3191//15 3186//15 3188//15
f 3192//820 3190//820 3193//820
f 3193//820 3190//820 3191//820
f 3194//848 3195//848 3196//848
f 3196//848 3195//848 3197//848
f 3198//15 3194//15 3199//15
f 3199//15 3194//15 3196//15
f 3200//848 3198//848 3201//848
f 3201//848 3198//848 3199//848
f 3199//819 3196//819 3201//819
f 3201//819 3196//819 3191//819
f 3201//819 3191//819 3189//819
f 3189//819 3191//819 3188//819
f 3196//819 3197//819 3191//819
f 3191//819 3197//819 3193//819
f 3194//819 3198//819 3195//819
f 3195//819 3198//819 3202//819
f 3195//819 3202//819 3203//819
f 3203//819 3202//819 3204//819
f 3200//819 3205//819 3198//819
f 3198//819 3205//819 3202//819
f 3206//820 3207//820 3208//820
f 3208//820 3207//820 3209//820
f 3210//15 3206//15 3211//15
f 3211//15 3206//15 3208//15
f 3212//820 3210//820 3213//820
f 3213//820 3210//820 3211//820
f 3214//848 3215//848 3216//848
f 3216//848 3215//848 3217//848
f 3218//15 3214//15 3219//15
f 3219//15 3214//15 3216//15
f 3220//848 3218//848 3221//848
f 3221//848 3218//848 3219//848
f 3219//819 3216//819 3221//819
f 3221//819 3216//819 3211//819
f 3221//819 3211//819 3209//819
f 3209//819 3211//819 3208//819
f 3216//819 3217//819 3211//819
f 3211//819 3217//819 3213//819
f 3214//819 3218//819 3215//819
f 3215//819 3218//819 3222//819
f 3215//819 3222//819 3223//819
f 3223//819 3222//819 3224//819
f 3220//819 3225//819 3218//819
f 3218//819 3225//819 3222//819
f 3226//820 3227//820 3228//820
f 3228//820 3227//820 3229//820
f 3230//15 3226//15 3231//15
f 3231//15 3226//15 3228//15
f 3232//820 3230//820 3233//820
f 3233//820 3230//820 3231//820
f 3234//848 3235//848 3236//848
f 3236//848 3235//848 3237//848
f 3238//15 3234//15 3239//15
f 3239//15 3234//15 3236//15
f 3240//848 3238//848 3241//848
f 3241//848 3238//848 3239//848
f 3239//819 3236//819 3241//819
f 3241//819 3236//819 3231//819
f 3241//819 3231//819 3229//819
f 3229//819 3231//819 3228//819
f 3236//819 3237//819 3231//819
f 3231//819 3237//819 3233//819
f 3234//819 3238//819 3235//819
f 3235//819 3238//819 3242//819
f 3235//819 3242//819 3243//819
f 3243//819 3242//819 3244//819
f 3240//819 3245//819 3238//819
f 3238//819 3245//819 3242//819
f 3246//820 3247//820 3248//820
f 3248//820 3247//820 3249//820
f 3250//15 3246//15 3251//15
f 3251//15 3246//15 3248//15
f 3252//820 3250//820 3253//820
f 3253//820 3250//820 3251//820
f 3254//848 3255//848 3256//848
f 3256//848 3255//848 3257//848
f 3258//15 3254//15 3259//15
f 3259//15 3254//15 3256//15
f 3260//848 3258//848 3261//848
f 3261//848 3258//848 3259//848
f 3259//819 3256//819 3261//819
f 3261//819 3256//819 3251//819
f 3261//819 3251//819 3249//819
f 3249//819 3251//819 3248//819
f 3256//819 3257//819 3251//819
f 3251//819 3257//819 3253//819
f 3254//819 3258//819 3255//819
f 3255//819 3258//819 3262//819
f 3255//819 3262//819 3263//819
f 3263//819 3262//819 3264//819
f 3260//819 3265//819 3258//819
f 3258//819 3265//819 3262//819
f 3266//820 3267//820 3268//820
f 3268//820 3267//820 3269//820
f 3270//15 3266//15 3271//15
f 3271//15 3266//15 3268//15
f 3272//820 3270//820 3273//820
f 3273//820 3270//820 3271//820
f 3274//848 3275//848 3276//848
f 3276//848 3275//848 3277//848
f 3278//15 3274//15 3279//15
f 3279//15 3274//15 3276//15
f 3280//820 3278//820 3281//820
f 3281//820 3278//820 3279//820
f 3282//848 3283//848 3284//848
f 3284//848 3283//848 3285//848
f 3286//15 3282//15 3287//15
f 3287//15 3282//15 3284//15
f 3288//848 3286//848 3289//848
f 3289//848 3286//848 3287//848
f 3287//819 3284//819 3289//819
f 3289//819 3284//819 3279//819
f 3289//819 3279//819 3276//819
f 3284//819 3285//819 3279//819
f 3279//819 3285//819 3281//819
f 3277//819 3271//819 3276//819
f 3276//819 3271//819 3269//819
f 3276//819 3269//819 3289//819
f 3277//819 3273//819 3271//819
f 3271//819 3268//819 3269//819
f 3282//819 3286//819 3283//819
f 3283//819 3286//819 3290//819
f 3283//819 3290//819 3291//819
f 3291//819 3290//819 3292//819
f 3288//819 3293//819 3286//819
f 3286//819 3293//819 3290//819
f 3270//819 3272//819 3266//819
f 3266//819 3272//819 3294//819
f 3266//819 3294//819 3295//819
f 3295//819 3267//819 3266//819
f 3274//819 3278//819 3275//819
f 3275//819 3278//819 3280//819
f 3296//820 3297//820 3298//820
f 3298//820 3297//820 3299//820
f 3300//15 3296//15 3301//15
f 3301//15 3296//15 3298//15
f 3302//820 3300//820 3303//820
f 3303//820 3300//820 3301//820
f 3304//848 3305//848 3306//848
f 3306//848 3305//848 3307//848
f 3308//15 3304//15 3309//15
f 3309//15 3304//15 3306//15
f 3310//848 3308//848 3311//848
f 3311//848 3308//848 3309//848
f 3309//819 3306//819 3311//819
f 3311//819 3306//819 3301//819
f 3311//819 3301//819 3299//819
f 3299//819 3301//819 3298//819
f 3306//819 3307//819 3301//819
f 3301//819 3307//819 3303//819
f 3250//819 3252//819 3246//819
f 3246//819 3252//819 3305//819
f 3246//819 3305//819 3308//819
f 3308//819 3305//819 3304//819
f 3310//819 3247//819 3308//819
f 3308//819 3247//819 3246//819
f 3312//820 3313//820 3314//820
f 3314//820 3313//820 3315//820
f 3316//15 3312//15 3317//15
f 3317//15 3312//15 3314//15
f 3318//820 3316//820 3319//820
f 3319//820 3316//820 3317//820
f 3320//848 3321//848 3322//848
f 3322//848 3321//848 3323//848
f 3324//15 3320//15 3325//15
f 3325//15 3320//15 3322//15
f 3326//848 3324//848 3327//848
f 3327//848 3324//848 3325//848
f 3325//819 3322//819 3327//819
f 3327//819 3322//819 3317//819
f 3327//819 3317//819 3315//819
f 3315//819 3317//819 3314//819
f 3322//819 3323//819 3317//819
f 3317//819 3323//819 3319//819
f 3230//819 3232//819 3226//819
f 3226//819 3232//819 3321//819
f 3226//819 3321//819 3324//819
f 3324//819 3321//819 3320//819
f 3326//819 3227//819 3324//819
f 3324//819 3227//819 3226//819
f 3328//820 3329//820 3330//820
f 3330//820 3329//820 3331//820
f 3332//15 3328//15 3333//15
f 3333//15 3328//15 3330//15
f 3334//820 3332//820 3335//820
f 3335//820 3332//820 3333//820
f 3336//848 3337//848 3338//848
f 3338//848 3337//848 3339//848
f 3340//15 3336//15 3341//15
f 3341//15 3336//15 3338//15
f 3342//848 3340//848 3343//848
f 3343//848 3340//848 3341//848
f 3341//819 3338//819 3343//819
f 3343//819 3338//819 3333//819
f 3343//819 3333//819 3331//819
f 3331//819 3333//819 3330//819
f 3338//819 3339//819 3333//819
f 3333//819 3339//819 3335//819
f 3210//819 3212//819 3206//819
f 3206//819 3212//819 3337//819
f 3206//819 3337//819 3340//819
f 3340//819 3337//819 3336//819
f 3342//819 3207//819 3340//819
f 3340//819 3207//819 3206//819
f 3344//820 3345//820 3346//820
f 3346//820 3345//820 3347//820
f 3348//15 3344//15 3349//15
f 3349//15 3344//15 3346//15
f 3350//820 3348//820 3351//820
f 3351//820 3348//820 3349//820
f 3352//848 3353//848 3354//848
f 3354//848 3353//848 3355//848
f 3356//15 3352//15 3357//15
f 3357//15 3352//15 3354//15
f 3358//848 3356//848 3359//848
f 3359//848 3356//848 3357//848
f 3357//819 3354//819 3359//819
f 3359//819 3354//819 3349//819
f 3359//819 3349//819 3347//819
f 3347//819 3349//819 3346//819
f 3354//819 3355//819 3349//819
f 3349//819 3355//819 3351//819
f 3190//819 3192//819 3186//819
f 3186//819 3192//819 3353//819
f 3186//819 3353//819 3356//819
f 3356//819 3353//819 3352//819
f 3358//819 3187//819 3356//819
f 3356//819 3187//819 3186//819
f 3360//820 3361//820 3362//820
f 3362//820 3361//820 3363//820
f 3364//15 3360//15 3365//15
f 3365//15 3360//15 3362//15
f 3366//820 3364//820 3367//820
f 3367//820 3364//820 3365//820
f 3368//848 3369//848 3370//848
f 3370//848 3369//848 3371//848
f 3372//15 3368//15 3373//15
f 3373//15 3368//15 3370//15
f 3374//848 3372//848 3375//848
f 3375//848 3372//848 3373//848
f 3373//819 3370//819 3375//819
f 3375//819 3370//819 3365//819
f 3375//819 3365//819 3363//819
f 3363//819 3365//819 3362//819
f 3370//819 3371//819 3365//819
f 3365//819 3371//819 3367//819
f 3170//819 3172//819 3166//819
f 3166//819 3172//819 3369//819
f 3166//819 3369//819 3372//819
f 3372//819 3369//819 3368//819
f 3374//819 3167//819 3372//819
f 3372//819 3167//819 3166//819
f 3376//820 3377//820 3378//820
f 3378//820 3377//820 3379//820
f 3380//15 3376//15 3381//15
f 3381//15 3376//15 3378//15
f 3382//820 3380//820 3383//820
f 3383//820 3380//820 3381//820
f 3384//848 3385//848 3386//848
f 3386//848 3385//848 3387//848
f 3388//15 3384//15 3389//15
f 3389//15 3384//15 3386//15
f 3390//848 3388//848 3391//848
f 3391//848 3388//848 3389//848
f 3389//819 3386//819 3391//819
f 3391//819 3386//819 3381//819
f 3391//819 3381//819 3379//819
f 3379//819 3381//819 3378//819
f 3386//819 3387//819 3381//819
f 3381//819 3387//819 3383//819
f 3150//819 3152//819 3146//819
f 3146//819 3152//819 3385//819
f 3146//819 3385//819 3388//819
f 3388//819 3385//819 3384//819
f 3390//819 3147//819 3388//819
f 3388//819 3147//819 3146//819
f 3392//820 3393//820 3394//820
f 3394//820 3393//820 3395//820
f 3396//15 3392//15 3397//15
f 3397//15 3392//15 3394//15
f 3398//820 3396//820 3399//820
f 3399//820 3396//820 3397//820
f 3400//848 3401//848 3402//848
f 3402//848 3401//848 3403//848
f 3404//15 3400//15 3405//15
f 3405//15 3400//15 3402//15
f 3406//848 3404//848 3407//848
f 3407//848 3404//848 3405//848
f 3405//819 3402//819 3407//819
f 3407//819 3402//819 3397//819
f 3407//819 3397//819 3395//819
f 3395//819 3397//819 3394//819
f 3402//819 3403//819 3397//819
f 3397//819 3403//819 3399//819
f 3130//819 3132//819 3126//819
f 3126//819 3132//819 3401//819
f 3126//819 3401//819 3404//819
f 3404//819 3401//819 3400//819
f 3406//819 3127//819 3404//819
f 3404//819 3127//819 3126//819
f 3408//820 3409//820 3410//820
f 3410//820 3409//820 3411//820
f 3412//15 3408//15 3413//15
f 3413//15 3408//15 3410//15
f 3414//820 3412//820 3415//820
f 3415//820 3412//820 3413//820
f 3416//848 3417//848 3418//848
f 3418//848 3417//848 3419//848
f 3420//15 3416//15 3421//15
f 3421//15 3416//15 3418//15
f 3422//848 3420//848 3423//848
f 3423//848 3420//848 3421//848
f 3421//819 3418//819 3423//819
f 3423//819 3418//819 3413//819
f 3423//819 3413//819 3411//819
f 3411//819 3413//819 3410//819
f 3418//819 3419//819 3413//819
f 3413//819 3419//819 3415//819
f 3110//819 3112//819 3106//819
f 3106//819 3112//819 3417//819
f 3106//819 3417//819 3420//819
f 3420//819 3417//819 3416//819
f 3422//819 3107//819 3420//819
f 3420//819 3107//819 3106//819
f 3424//820 3425//820 3426//820
f 3426//820 3425//820 3427//820
f 3428//15 3424//15 3429//15
f 3429//15 3424//15 3426//15
f 3430//820 3428//820 3431//820
f 3431//820 3428//820 3429//820
f 3432//848 3433//848 3434//848
f 3434//848 3433//848 3435//848
f 3436//15 3432//15 3437//15
f 3437//15 3432//15 3434//15
f 3438//848 3436//848 3439//848
f 3439//848 3436//848 3437//848
f 3437//819 3434//819 3439//819
f 3439//819 3434//819 3429//819
f 3439//819 3429//819 3427//819
f 3427//819 3429//819 3426//819
f 3434//819 3435//819 3429//819
f 3429//819 3435//819 3431//819
f 3090//819 3092//819 3086//819
f 3086//819 3092//819 3433//819
f 3086//819 3433//819 3436//819
f 3436//819 3433//819 3432//819
f 3438//819 3087//819 3436//819
f 3436//819 3087//819 3086//819
f 3440//820 3441//820 3442//820
f 3442//820 3441//820 3443//820
f 3444//15 3440//15 3445//15
f 3445//15 3440//15 3442//15
f 3446//820 3444//820 3447//820
f 3447//820 3444//820 3445//820
f 3448//848 3449//848 3450//848
f 3450//848 3449//848 3451//848
f 3452//15 3448//15 3453//15
f 3453//15 3448//15 3450//15
f 3454//848 3452//848 3455//848
f 3455//848 3452//848 3453//848
f 3453//819 3450//819 3455//819
f 3455//819 3450//819 3445//819
f 3455//819 3445//819 3443//819
f 3443//819 3445//819 3442//819
f 3450//819 3451//819 3445//819
f 3445//819 3451//819 3447//819
f 3070//819 3072//819 3066//819
f 3066//819 3072//819 3449//819
f 3066//819 3449//819 3452//819
f 3452//819 3449//819 3448//819
f 3454//819 3067//819 3452//819
f 3452//819 3067//819 3066//819
f 3456//820 3457//820 3458//820
f 3458//820 3457//820 3459//820
f 3460//15 3456//15 3461//15
f 3461//15 3456//15 3458//15
f 3462//820 3460//820 3463//820
f 3463//820 3460//820 3461//820
f 3464//848 3465//848 3466//848
f 3466//848 3465//848 3467//848
f 3468//15 3464//15 3469//15
f 3469//15 3464//15 3466//15
f 3470//848 3468//848 3471//848
f 3471//848 3468//848 3469//848
f 3469//819 3466//819 3471//819
f 3471//819 3466//819 3461//819
f 3471//819 3461//819 3459//819
f 3459//819 3461//819 3458//819
f 3466//819 3467//819 3461//819
f 3461//819 3467//819 3463//819
f 3050//819 3052//819 3046//819
f 3046//819 3052//819 3465//819
f 3046//819 3465//819 3468//819
f 3468//819 3465//819 3464//819
f 3470//819 3047//819 3468//819
f 3468//819 3047//819 3046//819
f 3082//820 3085//820 3472//820
f 3472//820 3085//820 3473//820
f 3084//15 3082//15 3474//15
f 3474//15 3082//15 3472//15
f 3083//820 3084//820 3475//820
f 3475//820 3084//820 3474//820
f 3476//848 3477//848 3478//848
f 3478//848 3477//848 3479//848
f 3480//15 3476//15 3481//15
f 3481//15 3476//15 3478//15
f 3482//848 3480//848 3483//848
f 3483//848 3480//848 3481//848
f 3481//819 3478//819 3483//819
f 3483//819 3478//819 3474//819
f 3483//819 3474//819 3473//819
f 3473//819 3474//819 3472//819
f 3478//819 3479//819 3474//819
f 3474//819 3479//819 3475//819
f 3476//819 3480//819 3477//819
f 3477//819 3480//819 3484//819
f 3477//819 3484//819 3485//819
f 3485//819 3484//819 3486//819
f 3482//819 3487//819 3480//819
f 3480//819 3487//819 3484//819
f 3102//820 3105//820 3488//820
f 3488//820 3105//820 3489//820
f 3104//15 3102//15 3490//15
f 3490//15 3102//15 3488//15
f 3103//820 3104//820 3491//820
f 3491//820 3104//820 3490//820
f 3492//848 3493//848 3494//848
f 3494//848 3493//848 3495//848
f 3496//15 3492//15 3497//15
f 3497//15 3492//15 3494//15
f 3498//848 3496//848 3499//848
f 3499//848 3496//848 3497//848
f 3497//819 3494//819 3499//819
f 3499//819 3494//819 3490//819
f 3499//819 3490//819 3489//819
f 3489//819 3490//819 3488//819
f 3494//819 3495//819 3490//819
f 3490//819 3495//819 3491//819
f 3492//819 3496//819 3493//819
f 3493//819 3496//819 3500//819
f 3493//819 3500//819 3501//819
f 3501//819 3500//819 3502//819
f 3498//819 3503//819 3496//819
f 3496//819 3503//819 3500//819
f 3122//820 3125//820 3504//820
f 3504//820 3125//820 3505//820
f 3124//15 3122//15 3506//15
f 3506//15 3122//15 3504//15
f 3123//820 3124//820 3507//820
f 3507//820 3124//820 3506//820
f 3508//848 3509//848 3510//848
f 3510//848 3509//848 3511//848
f 3512//15 3508//15 3513//15
f 3513//15 3508//15 3510//15
f 3514//848 3512//848 3515//848
f 3515//848 3512//848 3513//848
f 3513//819 3510//819 3515//819
f 3515//819 3510//819 3506//819
f 3515//819 3506//819 3505//819
f 3505//819 3506//819 3504//819
f 3510//819 3511//819 3506//819
f 3506//819 3511//819 3507//819
f 3508//819 3512//819 3509//819
f 3509//819 3512//819 3516//819
f 3509//819 3516//819 3517//819
f 3517//819 3516//819 3518//819
f 3514//819 3519//819 3512//819
f 3512//819 3519//819 3516//819
f 3142//820 3145//820 3520//820
f 3520//820 3145//820 3521//820
f 3144//15 3142//15 3522//15
f 3522//15 3142//15 3520//15
f 3143//820 3144//820 3523//820
f 3523//820 3144//820 3522//820
f 3524//848 3525//848 3526//848
f 3526//848 3525//848 3527//848
f 3528//15 3524//15 3529//15
f 3529//15 3524//15 3526//15
f 3530//848 3528//848 3531//848
f 3531//848 3528//848 3529//848
f 3529//819 3526//819 3531//819
f 3531//819 3526//819 3522//819
f 3531//819 3522//819 3521//819
f 3521//819 3522//819 3520//819
f 3526//819 3527//819 3522//819
f 3522//819 3527//819 3523//819
f 3524//819 3528//819 3525//819
f 3525//819 3528//819 3532//819
f 3525//819 3532//819 3533//819
f 3533//819 3532//819 3534//819
f 3530//819 3535//819 3528//819
f 3528//819 3535//819 3532//819
f 3162//820 3165//820 3536//820
f 3536//820 3165//820 3537//820
f 3164//15 3162//15 3538//15
f 3538//15 3162//15 3536//15
f 3163//820 3164//820 3539//820
f 3539//820 3164//820 3538//820
f 3540//848 3541//848 3542//848
f 3542//848 3541//848 3543//848
f 3544//15 3540//15 3545//15
f 3545//15 3540//15 3542//15
f 3546//848 3544//848 3547//848
f 3547//848 3544//848 3545//848
f 3545//819 3542//819 3547//819
f 3547//819 3542//819 3538//819
f 3547//819 3538//819 3537//819
f 3537//819 3538//819 3536//819
f 3542//819 3543//819 3538//819
f 3538//819 3543//819 3539//819
f 3540//819 3544//819 3541//819
f 3541//819 3544//819 3548//819
f 3541//819 3548//819 3549//819
f 3549//819 3548//819 3550//819
f 3546//819 3551//819 3544//819
f 3544//819 3551//819 3548//819
f 3182//820 3185//820 3552//820
f 3552//820 3185//820 3553//820
f 3184//15 3182//15 3554//15
f 3554//15 3182//15 3552//15
f 3183//820 3184//820 3555//820
f 3555//820 3184//820 3554//820
f 3556//848 3557//848 3558//848
f 3558//848 3557//848 3559//848
f 3560//15 3556//15 3561//15
f 3561//15 3556//15 3558//15
f 3562//848 3560//848 3563//848
f 3563//848 3560//848 3561//848
f 3561//819 3558//819 3563//819
f 3563//819 3558//819 3554//819
f 3563//819 3554//819 3553//819
f 3553//819 3554//819 3552//819
f 3558//819 3559//819 3554//819
f 3554//819 3559//819 3555//819
f 3556//819 3560//819 3557//819
f 3557//819 3560//819 3564//819
f 3557//819 3564//819 3565//819
f 3565//819 3564//819 3566//819
f 3562//819 3567//819 3560//819
f 3560//819 3567//819 3564//819
f 3202//820 3205//820 3568//820
f 3568//820 3205//820 3569//820
f 3204//15 3202//15 3570//15
f 3570//15 3202//15 3568//15
f 3203//820 3204//820 3571//820
f 3571//820 3204//820 3570//820
f 3572//848 3573//848 3574//848
f 3574//848 3573//848 3575//848
f 3576//15 3572//15 3577//15
f 3577//15 3572//15 3574//15
f 3578//848 3576//848 3579//848
f 3579//848 3576//848 3577//848
f 3577//819 3574//819 3579//819
f 3579//819 3574//819 3570//819
f 3579//819 3570//819 3569//819
f 3569//819 3570//819 3568//819
f 3574//819 3575//819 3570//819
f 3570//819 3575//819 3571//819
f 3572//819 3576//819 3573//819
f 3573//819 3576//819 3580//819
f 3573//819 3580//819 3581//819
f 3581//819 3580//819 3582//819
f 3578//819 3583//819 3576//819
f 3576//819 3583//819 3580//819
f 3222//820 3225//820 3584//820
f 3584//820 3225//820 3585//820
f 3224//15 3222//15 3586//15
f 3586//15 3222//15 3584//15
f 3223//820 3224//820 3587//820
f 3587//820 3224//820 3586//820
f 3588//848 3589//848 3590//848
f 3590//848 3589//848 3591//848
f 3592//15 3588//15 3593//15
f 3593//15 3588//15 3590//15
f 3594//848 3592//848 3595//848
f 3595//848 3592//848 3593//848
f 3593//819 3590//819 3595//819
f 3595//819 3590//819 3586//819
f 3595//819 3586//819 3585//819
f 3585//819 3586//819 3584//819
f 3590//819 3591//819 3586//819
f 3586//819 3591//819 3587//819
f 3588//819 3592//819 3589//819
f 3589//819 3592//819 3596//819
f 3589//819 3596//819 3597//819
f 3597//819 3596//819 3598//819
f 3594//819 3599//819 3592//819
f 3592//819 3599//819 3596//819
f 3242//820 3245//820 3600//820
f 3600//820 3245//820 3601//820
f 3244//15 3242//15 3602//15
f 3602//15 3242//15 3600//15
f 3243//820 3244//820 3603//820
f 3603//820 3244//820 3602//820
f 3604//848 3605//848 3606//848
f 3606//848 3605//848 3607//848
f 3608//15 3604//15 3609//15
f 3609//15 3604//15 3606//15
f 3610//848 3608//848 3611//848
f 3611//848 3608//848 3609//848
f 3609//819 3606//819 3611//819
f 3611//819 3606//819 3602//819
f 3611//819 3602//819 3601//819
f 3601//819 3602//819 3600//819
f 3606//819 3607//819 3602//819
f 3602//819 3607//819 3603//819
f 3604//819 3608//819 3605//819
f 3605//819 3608//819 3612//819
f 3605//819 3612//819 3613//819
f 3613//819 3612//819 3614//819
f 3610//819 3615//819 3608//819
f 3608//819 3615//819 3612//819
f 3262//820 3265//820 3616//820
f 3616//820 3265//820 3617//820
f 3264//15 3262//15 3618//15
f 3618//15 3262//15 3616//15
f 3263//820 3264//820 3619//820
f 3619//820 3264//820 3618//820
f 3620//848 3621//848 3622//848
f 3622//848 3621//848 3623//848
f 3624//15 3620//15 3625//15
f 3625//15 3620//15 3622//15
f 3626//848 3624//848 3627//848
f 3627//848 3624//848 3625//848
f 3625//819 3622//819 3627//819
f 3627//819 3622//819 3618//819
f 3627//819 3618//819 3617//819
f 3617//819 3618//819 3616//819
f 3622//819 3623//819 3618//819
f 3618//819 3623//819 3619//819
f 3620//819 3624//819 3621//819
f 3621//819 3624//819 3628//819
f 3621//819 3628//819 3629//819
f 3629//819 3628//819 3630//819
f 3626//819 3631//819 3624//819
f 3624//819 3631//819 3628//819
f 3290//820 3293//820 3632//820
f 3632//820 3293//820 3633//820
f 3292//15 3290//15 3634//15
f 3634//15 3290//15 3632//15
f 3291//820 3292//820 3635//820
f 3635//820 3292//820 3634//820
f 3636//848 3637//848 3638//848
f 3638//848 3637//848 3639//848
f 3640//15 3636//15 3641//15
f 3641//15 3636//15 3638//15
f 3642//848 3640//848 3643//848
f 3643//848 3640//848 3641//848
f 3641//819 3638//819 3643//819
f 3643//819 3638//819 3634//819
f 3643//819 3634//819 3633//819
f 3633//819 3634//819 3632//819
f 3638//819 3639//819 3634//819
f 3634//819 3639//819 3635//819
f 3636//819 3640//819 3637//819
f 3637//819 3640//819 3644//819
f 3637//819 3644//819 3645//819
f 3645//819 3644//819 3646//819
f 3642//819 3647//819 3640//819
f 3640//819 3647//819 3644//819
f 3644//820 3647//820 3648//820
f 3648//820 3647//820 3649//820
f 3646//15 3644//15 3650//15
f 3650//15 3644//15 3648//15
f 3645//820 3646//820 3651//820
f 3651//820 3646//820 3650//820
f 3652//848 3653//848 3654//848
f 3654//848 3653//848 3655//848
f 3656//15 3652//15 3657//15
f 3657//15 3652//15 3654//15
f 3658//848 3656//848 3659//848
f 3659//848 3656//848 3657//848
f 3657//819 3654//819 3659//819
f 3659//819 3654//819 3650//819
f 3659//819 3650//819 3649//819
f 3649//819 3650//819 3648//819
f 3654//819 3655//819 3650//819
f 3650//819 3655//819 3651//819
f 3300//819 3302//819 3296//819
f 3296//819 3302//819 3653//819
f 3296//819 3653//819 3656//819
f 3656//819 3653//819 3652//819
f 3658//819 3297//819 3656//819
f 3656//819 3297//819 3296//819
f 3628//820 3631//820 3660//820
f 3660//820 3631//820 3661//820
f 3630//15 3628//15 3662//15
f 3662//15 3628//15 3660//15
f 3629//820 3630//820 3663//820
f 3663//820 3630//820 3662//820
f 3664//848 3665//848 3666//848
f 3666//848 3665//848 3667//848
f 3668//15 3664//15 3669//15
f 3669//15 3664//15 3666//15
f 3670//848 3668//848 3671//848
f 3671//848 3668//848 3669//848
f 3669//819 3666//819 3671//819
f 3671//819 3666//819 3662//819
f 3671//819 3662//819 3661//819
f 3661//819 3662//819 3660//819
f 3666//819 3667//819 3662//819
f 3662//819 3667//819 3663//819
f 3316//819 3318//819 3312//819
f 3312//819 3318//819 3665//819
f 3312//819 3665//819 3668//819
f 3668//819 3665//819 3664//819
f 3670//819 3313//819 3668//819
f 3668//819 3313//819 3312//819
f 3612//820 3615//820 3672//820
f 3672//820 3615//820 3673//820
f 3614//15 3612//15 3674//15
f 3674//15 3612//15 3672//15
f 3613//820 3614//820 3675//820
f 3675//820 3614//820 3674//820
f 3676//848 3677//848 3678//848
f 3678//848 3677//848 3679//848
f 3680//15 3676//15 3681//15
f 3681//15 3676//15 3678//15
f 3682//848 3680//848 3683//848
f 3683//848 3680//848 3681//848
f 3681//819 3678//819 3683//819
f 3683//819 3678//819 3674//819
f 3683//819 3674//819 3673//819
f 3673//819 3674//819 3672//819
f 3678//819 3679//819 3674//819
f 3674//819 3679//819 3675//819
f 3332//819 3334//819 3328//819
f 3328//819 3334//819 3677//819
f 3328//819 3677//819 3680//819
f 3680//819 3677//819 3676//819
f 3682//819 3329//819 3680//819
f 3680//819 3329//819 3328//819
f 3596//820 3599//820 3684//820
f 3684//820 3599//820 3685//820
f 3598//15 3596//15 3686//15
f 3686//15 3596//15 3684//15
f 3597//820 3598//820 3687//820
f 3687//820 3598//820 3686//820
f 3688//848 3689//848 3690//848
f 3690//848 3689//848 3691//848
f 3692//15 3688//15 3693//15
f 3693//15 3688//15 3690//15
f 3694//848 3692//848 3695//848
f 3695//848 3692//848 3693//848
f 3693//819 3690//819 3695//819
f 3695//819 3690//819 3686//819
f 3695//819 3686//819 3685//819
f 3685//819 3686//819 3684//819
f 3690//819 3691//819 3686//819
f 3686//819 3691//819 3687//819
f 3348//819 3350//819 3344//819
f 3344//819 3350//819 3689//819
f 3344//819 3689//819 3692//819
f 3692//819 3689//819 3688//819
f 3694//819 3345//819 3692//819
f 3692//819 3345//819 3344//819
f 3580//820 3583//820 3696//820
f 3696//820 3583//820 3697//820
f 3582//15 3580//15 3698//15
f 3698//15 3580//15 3696//15
f 3581//820 3582//820 3699//820
f 3699//820 3582//820 3698//820
f 3700//848 3701//848 3702//848
f 3702//848 3701//848 3703//848
f 3704//15 3700//15 3705//15
f 3705//15 3700//15 3702//15
f 3706//848 3704//848 3707//848
f 3707//848 3704//848 3705//848
f 3705//819 3702//819 3707//819
f 3707//819 3702//819 3698//819
f 3707//819 3698//819 3697//819
f 3697//819 3698//819 3696//819
f 3702//819 3703//819 3698//819
f 3698//819 3703//819 3699//819
f 3364//819 3366//819 3360//819
f 3360//819 3366//819 3701//819
f 3360//819 3701//819 3704//819
f 3704//819 3701//819 3700//819
f 3706//819 3361//819 3704//819
f 3704//819 3361//819 3360//819
f 3564//820 3567//820 3708//820
f 3708//820 3567//820 3709//820
f 3566//15 3564//15 3710//15
f 3710//15 3564//15 3708//15
f 3565//820 3566//820 3711//820
f 3711//820 3566//820 3710//820
f 3712//848 3713//848 3714//848
f 3714//848 3713//848 3715//848
f 3716//15 3712//15 3717//15
f 3717//15 3712//15 3714//15
f 3718//820 3716//820 3719//820
f 3719//820 3716//820 3717//820
f 3720//848 3721//848 3722//848
f 3722//848 3721//848 3723//848
f 3724//15 3720//15 3725//15
f 3725//15 3720//15 3722//15
f 3726//820 3724//820 3727//820
f 3727//820 3724//820 3725//820
f 3728//848 3729//848 3730//848
f 3730//848 3729//848 3731//848
f 3732//15 3728//15 3733//15
f 3733//15 3728//15 3730//15
f 3734//848 3732//848 3735//848
f 3735//848 3732//848 3733//848
f 3733//819 3730//819 3735//819
f 3735//819 3730//819 3725//819
f 3735//819 3725//819 3722//819
f 3730//819 3731//819 3725//819
f 3725//819 3731//819 3727//819
f 3735//819 3722//819 3717//819
f 3717//819 3722//819 3723//819
f 3717//819 3723//819 3719//819
f 3735//819 3717//819 3709//819
f 3709//819 3717//819 3714//819
f 3709//819 3714//819 3710//819
f 3710//819 3714//819 3715//819
f 3710//819 3715//819 3711//819
f 3710//819 3708//819 3709//819
f 3380//819 3382//819 3376//819
f 3376//819 3382//819 3729//819
f 3376//819 3729//819 3732//819
f 3732//819 3729//819 3728//819
f 3734//819 3377//819 3732//819
f 3732//819 3377//819 3376//819
f 3720//819 3724//819 3721//819
f 3721//819 3724//819 3726//819
f 3548//820 3551//820 3736//820
f 3736//820 3551//820 3737//820
f 3550//15 3548//15 3738//15
f 3738//15 3548//15 3736//15
f 3549//820 3550//820 3739//820
f 3739//820 3550//820 3738//820
f 3740//848 3741//848 3742//848
f 3742//848 3741//848 3743//848
f 3744//15 3740//15 3745//15
f 3745//15 3740//15 3742//15
f 3746//848 3744//848 3747//848
f 3747//848 3744//848 3745//848
f 3745//819 3742//819 3747//819
f 3747//819 3742//819 3738//819
f 3747//819 3738//819 3737//819
f 3737//819 3738//819 3736//819
f 3742//819 3743//819 3738//819
f 3738//819 3743//819 3739//819
f 3396//819 3398//819 3392//819
f 3392//819 3398//819 3741//819
f 3392//819 3741//819 3744//819
f 3744//819 3741//819 3740//819
f 3746//819 3393//819 3744//819
f 3744//819 3393//819 3392//819
f 3532//820 3535//820 3748//820
f 3748//820 3535//820 3749//820
f 3534//15 3532//15 3750//15
f 3750//15 3532//15 3748//15
f 3533//820 3534//820 3751//820
f 3751//820 3534//820 3750//820
f 3752//848 3753//848 3754//848
f 3754//848 3753//848 3755//848
f 3756//15 3752//15 3757//15
f 3757//15 3752//15 3754//15
f 3758//848 3756//848 3759//848
f 3759//848 3756//848 3757//848
f 3757//819 3754//819 3759//819
f 3759//819 3754//819 3750//819
f 3759//819 3750//819 3749//819
f 3749//819 3750//819 3748//819
f 3754//819 3755//819 3750//819
f 3750//819 3755//819 3751//819
f 3412//819 3414//819 3408//819
f 3408//819 3414//819 3753//819
f 3408//819 3753//819 3756//819
f 3756//819 3753//819 3752//819
f 3758//819 3409//819 3756//819
f 3756//819 3409//819 3408//819
f 3516//820 3519//820 3760//820
f 3760//820 3519//820 3761//820
f 3518//15 3516//15 3762//15
f 3762//15 3516//15 3760//15
f 3517//820 3518//820 3763//820
f 3763//820 3518//820 3762//820
f 3764//848 3765//848 3766//848
f 3766//848 3765//848 3767//848
f 3768//15 3764//15 3769//15
f 3769//15 3764//15 3766//15
f 3770//848 3768//848 3771//848
f 3771//848 3768//848 3769//848
f 3769//819 3766//819 3771//819
f 3771//819 3766//819 3762//819
f 3771//819 3762//819 3761//819
f 3761//819 3762//819 3760//819
f 3766//819 3767//819 3762//819
f 3762//819 3767//819 3763//819
f 3428//819 3430//819 3424//819
f 3424//819 3430//819 3765//819
f 3424//819 3765//819 3768//819
f 3768//819 3765//819 3764//819
f 3770//819 3425//819 3768//819
f 3768//819 3425//819 3424//819
f 3500//820 3503//820 3772//820
f 3772//820 3503//820 3773//820
f 3502//15 3500//15 3774//15
f 3774//15 3500//15 3772//15
f 3501//820 3502//820 3775//820
f 3775//820 3502//820 3774//820
f 3776//848 3777//848 3778//848
f 3778//848 3777//848 3779//848
f 3780//15 3776//15 3781//15
f 3781//15 3776//15 3778//15
f 3782//848 3780//848 3783//848
f 3783//848 3780//848 3781//848
f 3781//819 3778//819 3783//819
f 3783//819 3778//819 3774//819
f 3783//819 3774//819 3773//819
f 3773//819 3774//819 3772//819
f 3778//819 3779//819 3774//819
f 3774//819 3779//819 3775//819
f 3444//819 3446//819 3440//819
f 3440//819 3446//819 3777//819
f 3440//819 3777//819 3780//819
f 3780//819 3777//819 3776//819
f 3782//819 3441//819 3780//819
f 3780//819 3441//819 3440//819
f 3484//820 3487//820 3784//820
f 3784//820 3487//820 3785//820
f 3486//15 3484//15 3786//15
f 3786//15 3484//15 3784//15
f 3485//820 3486//820 3787//820
f 3787//820 3486//820 3786//820
f 3788//848 3789//848 3790//848
f 3790//848 3789//848 3791//848
f 3792//15 3788//15 3793//15
f 3793//15 3788//15 3790//15
f 3794//848 3792//848 3795//848
f 3795//848 3792//848 3793//848
f 3793//819 3790//819 3795//819
f 3795//819 3790//819 3786//819
f 3795//819 3786//819 3785//819
f 3785//819 3786//819 3784//819
f 3790//819 3791//819 3786//819
f 3786//819 3791//819 3787//819
f 3460//819 3462//819 3456//819
f 3456//819 3462//819 3789//819
f 3456//819 3789//819 3792//819
f 3792//819 3789//819 3788//819
f 3794//819 3457//819 3792//819
f 3792//819 3457//819 3456//819
f 1826//1009 3796//1009 3797//1009
f 3797//1010 3796//1010 3798//1010
f 3797//1011 3798//1011 3799//1011
f 3799//1012 3798//1012 3800//1012
f 3799//1013 3800//1013 3801//1013
f 3801//1014 3800//1014 3802//1014
f 3801//1015 3802//1015 3803//1015
f 3803//1016 3802//1016 3804//1016
f 3803//1017 3804//1017 3805//1017
f 3805//1018 3804//1018 3806//1018
f 3805//1019 3806//1019 3807//1019
f 3807//1020 3806//1020 3808//1020
f 3807//1021 3808//1021 3809//1021
f 3809//1022 3808//1022 3810//1022
f 3809//1023 3810//1023 3811//1023
f 3796//1024 3812//1024 3798//1024
f 3798//1025 3812//1025 3813//1025
f 3798//1026 3813//1026 3800//1026
f 3800//1027 3813//1027 3814//1027
f 3800//1028 3814//1028 3802//1028
f 3802//1029 3814//1029 3815//1029
f 3802//1030 3815//1030 3804//1030
f 3804//1031 3815//1031 3816//1031
f 3804//1032 3816//1032 3806//1032
f 3806//1033 3816//1033 3817//1033
f 3806//1034 3817//1034 3808//1034
f 3808//1035 3817//1035 3818//1035
f 3808//1036 3818//1036 3810//1036
f 3812//1037 3819//1037 3813//1037
f 3809//1038 3811//1038 3820//1038
f 3820//1039 3811//1039 3821//1039
f 3821//1040 3822//1040 3820//1040
f 3820//1041 3822//1041 3823//1041
f 3820//1042 3823//1042 3809//1042
f 3809//1043 3823//1043 3807//1043
f 1811//1044 1810//1044 1826//1044
f 1826//1045 1810//1045 3796//1045
f 3796//1046 1810//1046 1809//1046
f 3796//1047 1809//1047 3824//1047
f 3824//1048 1809//1048 3825//1048
f 3824//1049 3825//1049 3826//1049
f 1809//1050 1808//1050 3825//1050
f 3825//1051 1808//1051 3827//1051
f 3827//1044 1808//1044 1807//1044
f 3824//1052 3826//1052 3812//1052
f 3812//1053 3826//1053 3828//1053
f 3812//1053 3828//1053 3819//1053
f 3812//1054 3796//1054 3824//1054
f 3827//1055 3829//1055 3825//1055
f 3825//1056 3829//1056 3830//1056
f 3825//1057 3830//1057 3826//1057
f 3826//1058 3830//1058 3831//1058
f 3826//1059 3831//1059 3828//1059
f 3830//1060 3829//1060 3832//1060
f 3832//1061 3829//1061 3833//1061
f 3832//1062 3833//1062 3834//1062
f 3834//1063 3833//1063 3835//1063
f 3834//1064 3835//1064 3836//1064
f 3836//1065 3835//1065 3837//1065
f 3836//1066 3837//1066 3838//1066
f 3838//1067 3837//1067 3839//1067
f 3838//1068 3839//1068 3840//1068
f 3840//1069 3839//1069 3841//1069
f 3840//1070 3841//1070 3842//1070
f 3842//1071 3841//1071 3843//1071
f 3842//1072 3843//1072 3844//1072
f 3844//1073 3843//1073 3845//1073
f 3844//1074 3845//1074 3846//1074
f 3846//1075 3845//1075 1240//1075
f 3843//1076 3847//1076 3845//1076
f 3845//1077 3847//1077 1240//1077
f 3846//1078 3848//1078 3844//1078
f 3844//1079 3848//1079 3842//1079
f 3848//1080 3849//1080 3842//1080
f 3842//1081 3849//1081 3840//1081
f 3849//1082 3850//1082 3840//1082
f 3840//1083 3850//1083 3838//1083
f 3850//1084 3851//1084 3838//1084
f 3838//1085 3851//1085 3836//1085
f 3851//1086 3852//1086 3836//1086
f 3836//1087 3852//1087 3834//1087
f 3852//1088 3853//1088 3834//1088
f 3834//1089 3853//1089 3832//1089
f 3853//1090 3831//1090 3832//1090
f 3832//1091 3831//1091 3830//1091
f 1788//1 3854//1 1790//1
f 1790//1 3854//1 3827//1
f 1790//1 3827//1 1803//1
f 1803//1 3827//1 1804//1
f 1804//1 3827//1 1805//1
f 1805//1 3827//1 1806//1
f 1806//1 3827//1 1807//1
f 1825//813 1826//813 3855//813
f 3855//1092 1826//1092 3797//1092
f 3855//1093 3797//1093 3856//1093
f 3856//1094 3797//1094 3799//1094
f 3856//1095 3799//1095 3855//1095
f 3855//1096 3799//1096 3857//1096
f 3855//814 3857//814 3858//814
f 3858//815 3857//815 3859//815
f 3858//815 3859//815 3860//815
f 3860//816 3859//816 3861//816
f 3861//816 3859//816 3862//816
f 3861//817 3862//817 3863//817
f 3863//817 3862//817 3864//817
f 3863//818 3864//818 3865//818
f 3865//818 3864//818 3866//818
f 3865//1097 3866//1097 3822//1097
f 3822//1098 3866//1098 3867//1098
f 3822//1099 3867//1099 3823//1099
f 3823//1100 3867//1100 3807//1100
f 3807//1101 3867//1101 3868//1101
f 3807//1102 3868//1102 3805//1102
f 3805//1103 3868//1103 3869//1103
f 3805//1104 3869//1104 3870//1104
f 3870//816 3869//816 3862//816
f 3870//816 3862//816 3859//816
f 3857//1105 3799//1105 3871//1105
f 3871//1106 3799//1106 3801//1106
f 3871//1107 3801//1107 3803//1107
f 3805//1108 3872//1108 3803//1108
f 3803//1109 3872//1109 3870//1109
f 3803//1110 3870//1110 3871//1110
f 3871//815 3870//815 3857//815
f 3822//1111 3821//1111 3865//1111
f 3860//815 3873//815 3858//815
f 3858//814 3873//814 3874//814
f 3858//814 3874//814 3855//814
f 3855//813 3874//813 1825//813
f 3873//814 3875//814 3874//814
f 3874//813 3875//813 1825//813
f 3859//815 3857//815 3870//815
f 3805//1112 3870//1112 3872//1112
f 3864//817 3862//817 3869//817
f 3867//817 3866//817 3868//817
f 3868//817 3866//817 3869//817
f 3866//817 3864//817 3869//817
f 3821//1113 3811//1113 3876//1113
f 3876//1114 3811//1114 3877//1114
f 3876//1115 3877//1115 3878//1115
f 3878//1116 3877//1116 3879//1116
f 3878//1117 3879//1117 3880//1117
f 3880//1118 3879//1118 3881//1118
f 3880//1119 3881//1119 3882//1119
f 3882//1120 3881//1120 3883//1120
f 3882//1121 3883//1121 3884//1121
f 3884//1122 3883//1122 3885//1122
f 3884//1123 3885//1123 3886//1123
f 3886//1124 3885//1124 3887//1124
f 3886//1125 3887//1125 3888//1125
f 3888//1126 3887//1126 3889//1126
f 3888//1127 3889//1127 3890//1127
f 3890//1128 3889//1128 3891//1128
f 3890//1129 3891//1129 3892//1129
f 3892//1130 3891//1130 3893//1130
f 3892//1131 3893//1131 3894//1131
f 3894//1132 3893//1132 3895//1132
f 3894//1133 3895//1133 3896//1133
f 3811//1134 3810//1134 3877//1134
f 3877//1135 3810//1135 3897//1135
f 3877//1136 3897//1136 3879//1136
f 3879//1136 3897//1136 3898//1136
f 3879//1137 3898//1137 3881//1137
f 3881//1137 3898//1137 3883//1137
f 3810//1138 3818//1138 3897//1138
f 3897//1139 3818//1139 3899//1139
f 3897//1140 3899//1140 3898//1140
f 3898//1140 3899//1140 3900//1140
f 3898//1141 3900//1141 3883//1141
f 3883//1141 3900//1141 3885//1141
f 3818//1142 3817//1142 3899//1142
f 3899//1143 3817//1143 3901//1143
f 3899//1144 3901//1144 3900//1144
f 3900//1145 3901//1145 3902//1145
f 3900//1146 3902//1146 3885//1146
f 3885//1146 3902//1146 3887//1146
f 3817//1147 3816//1147 3901//1147
f 3901//1148 3816//1148 3903//1148
f 3901//1149 3903//1149 3902//1149
f 3902//1149 3903//1149 3904//1149
f 3902//1150 3904//1150 3887//1150
f 3887//1151 3904//1151 3889//1151
f 3816//1152 3815//1152 3903//1152
f 3903//1153 3815//1153 3905//1153
f 3903//1154 3905//1154 3904//1154
f 3904//1154 3905//1154 3906//1154
f 3904//1155 3906//1155 3889//1155
f 3889//1156 3906//1156 3891//1156
f 3815//1157 3814//1157 3905//1157
f 3905//1158 3814//1158 3907//1158
f 3905//1159 3907//1159 3906//1159
f 3906//1159 3907//1159 3908//1159
f 3906//1160 3908//1160 3891//1160
f 3891//1160 3908//1160 3893//1160
f 3814//1161 3813//1161 3907//1161
f 3907//1162 3813//1162 3819//1162
f 3907//1163 3819//1163 3909//1163
f 3895//1164 3893//1164 3909//1164
f 3909//1165 3893//1165 3908//1165
f 3909//1166 3908//1166 3907//1166
f 3894//1167 3896//1167 3910//1167
f 3910//1168 3896//1168 3911//1168
f 3910//1169 3911//1169 3912//1169
f 3912//1170 3911//1170 2046//1170
f 3912//1171 2046//1171 2048//1171
f 3911//1172 2041//1172 2046//1172
f 3912//1173 2048//1173 3913//1173
f 3913//1174 2048//1174 2049//1174
f 3913//1175 2049//1175 3914//1175
f 3914//1176 2049//1176 2050//1176
f 3914//1177 2050//1177 3915//1177
f 3915//1178 2050//1178 2052//1178
f 3915//1179 2052//1179 3916//1179
f 3916//1180 2052//1180 2053//1180
f 3916//1181 2053//1181 3917//1181
f 3917//1182 2053//1182 3918//1182
f 3917//1183 3918//1183 3919//1183
f 3919//1184 3918//1184 3920//1184
f 3919//1185 3920//1185 3884//1185
f 3884//1186 3920//1186 3882//1186
f 2053//1187 2054//1187 3918//1187
f 3918//1188 2054//1188 2055//1188
f 3918//1189 2055//1189 3921//1189
f 3918//1190 3921//1190 3920//1190
f 3920//1191 3921//1191 3922//1191
f 3920//1192 3922//1192 3882//1192
f 3882//1193 3922//1193 3880//1193
f 3892//1194 3894//1194 3923//1194
f 3923//1195 3894//1195 3910//1195
f 3923//1196 3910//1196 3913//1196
f 3913//1197 3910//1197 3912//1197
f 3890//1198 3892//1198 3924//1198
f 3924//1199 3892//1199 3923//1199
f 3924//1200 3923//1200 3914//1200
f 3914//1201 3923//1201 3913//1201
f 3888//1202 3890//1202 3925//1202
f 3925//1203 3890//1203 3924//1203
f 3925//1204 3924//1204 3915//1204
f 3915//1205 3924//1205 3914//1205
f 3919//1206 3884//1206 3886//1206
f 3886//1207 3888//1207 3926//1207
f 3926//1208 3888//1208 3925//1208
f 3926//1209 3925//1209 3916//1209
f 3916//1210 3925//1210 3915//1210
f 3917//1211 3919//1211 3926//1211
f 3926//1212 3919//1212 3886//1212
f 3917//1213 3926//1213 3916//1213
f 1919//1214 3927//1214 3928//1214
f 3928//1215 3927//1215 3929//1215
f 3928//1216 3929//1216 3930//1216
f 3930//1217 3929//1217 3931//1217
f 3930//1218 3931//1218 3932//1218
f 3932//1219 3931//1219 3933//1219
f 3932//1220 3933//1220 3934//1220
f 3934//1221 3933//1221 3935//1221
f 3934//1222 3935//1222 3936//1222
f 3936//1223 3935//1223 3937//1223
f 3936//1224 3937//1224 3938//1224
f 3938//1225 3937//1225 3939//1225
f 3938//1226 3939//1226 3940//1226
f 3940//1227 3939//1227 3941//1227
f 3940//1228 3941//1228 3942//1228
f 3927//1229 3943//1229 3929//1229
f 3929//1230 3943//1230 3944//1230
f 3929//1231 3944//1231 3931//1231
f 3931//1232 3944//1232 3945//1232
f 3931//1233 3945//1233 3933//1233
f 3933//1234 3945//1234 3946//1234
f 3933//1235 3946//1235 3935//1235
f 3935//1236 3946//1236 3947//1236
f 3935//1237 3947//1237 3937//1237
f 3937//1238 3947//1238 3948//1238
f 3937//1239 3948//1239 3939//1239
f 3939//1240 3948//1240 3949//1240
f 3939//1241 3949//1241 3941//1241
f 3943//1242 3950//1242 3944//1242
f 3940//1243 3942//1243 3951//1243
f 3951//1244 3942//1244 1255//1244
f 1255//1245 3952//1245 3951//1245
f 3951//1246 3952//1246 3953//1246
f 3951//1247 3953//1247 3940//1247
f 3940//1248 3953//1248 3938//1248
f 1892//1249 1891//1249 1919//1249
f 1919//1250 1891//1250 3927//1250
f 3927//1251 1891//1251 1890//1251
f 3927//1252 1890//1252 3954//1252
f 3954//1253 1890//1253 3955//1253
f 3954//1254 3955//1254 3956//1254
f 1890//1255 1889//1255 3955//1255
f 3955//1256 1889//1256 3957//1256
f 3957//1249 1889//1249 1888//1249
f 3956//1257 3958//1257 3954//1257
f 3954//1258 3958//1258 3943//1258
f 3954//1259 3943//1259 3927//1259
f 3958//1260 3950//1260 3943//1260
f 3958//1261 3956//1261 3959//1261
f 3959//1262 3956//1262 3960//1262
f 3959//1263 3960//1263 3961//1263
f 3961//1264 3960//1264 3962//1264
f 3961//1265 3962//1265 3963//1265
f 3963//1266 3962//1266 3964//1266
f 3963//1267 3964//1267 3965//1267
f 3965//1268 3964//1268 3966//1268
f 3965//1269 3966//1269 3967//1269
f 3967//1270 3966//1270 3968//1270
f 3967//1271 3968//1271 3969//1271
f 3969//1272 3968//1272 3970//1272
f 3969//1273 3970//1273 3971//1273
f 3971//1274 3970//1274 3972//1274
f 3971//1275 3972//1275 3973//1275
f 3973//1276 3972//1276 3974//1276
f 3973//1277 3974//1277 3975//1277
f 3956//1278 3955//1278 3960//1278
f 3960//1279 3955//1279 3976//1279
f 3960//1280 3976//1280 3962//1280
f 3962//1281 3976//1281 3977//1281
f 3962//1282 3977//1282 3964//1282
f 3964//1283 3977//1283 3978//1283
f 3964//1284 3978//1284 3966//1284
f 3966//1285 3978//1285 3979//1285
f 3966//1286 3979//1286 3968//1286
f 3968//1287 3979//1287 3980//1287
f 3968//1288 3980//1288 3970//1288
f 3970//1289 3980//1289 3981//1289
f 3970//1290 3981//1290 3972//1290
f 3972//1291 3981//1291 3982//1291
f 3972//1292 3982//1292 3974//1292
f 3974//1293 3982//1293 3983//1293
f 3974//1294 3983//1294 3975//1294
f 3955//1295 3957//1295 3976//1295
f 1908//1 3984//1 1883//1
f 1883//1 3984//1 3957//1
f 1883//1 3957//1 1884//1
f 1884//1 3957//1 1885//1
f 1885//1 3957//1 1886//1
f 1886//1 3957//1 1887//1
f 1887//1 3957//1 1888//1
f 1918//812 1919//812 3985//812
f 3985//1296 1919//1296 3928//1296
f 3985//1297 3928//1297 3986//1297
f 3986//1298 3928//1298 3930//1298
f 3986//1299 3930//1299 3987//1299
f 3987//1300 3930//1300 3988//1300
f 3987//810 3988//810 3989//810
f 3989//810 3988//810 3990//810
f 3989//809 3990//809 3991//809
f 3991//809 3990//809 3992//809
f 3991//807 3992//807 3993//807
f 3993//807 3992//807 3994//807
f 3993//1301 3994//1301 3952//1301
f 3952//1302 3994//1302 3953//1302
f 3953//1303 3994//1303 3938//1303
f 3938//1304 3994//1304 3992//1304
f 3938//1305 3992//1305 3936//1305
f 3936//1306 3992//1306 3990//1306
f 3936//1307 3990//1307 3934//1307
f 3934//1308 3990//1308 3988//1308
f 3934//1309 3988//1309 3932//1309
f 3932//1310 3988//1310 3930//1310
f 1255//1311 1254//1311 3952//1311
f 3952//1312 1254//1312 3993//1312
f 3993//806 1254//806 3995//806
f 3995//806 1254//806 3996//806
f 3995//807 3996//807 3997//807
f 3997//807 3996//807 3998//807
f 3997//809 3998//809 3999//809
f 3999//809 3998//809 4000//809
f 3999//810 4000//810 4001//810
f 4001//810 4000//810 4002//810
f 4001//811 4002//811 4003//811
f 4003//811 4002//811 4004//811
f 4003//812 4004//812 1918//812
f 4003//812 1918//812 3985//812
f 4001//811 4003//811 3985//811
f 4001//811 3985//811 3987//811
f 3987//811 3985//811 3986//811
f 3999//810 4001//810 3987//810
f 3999//810 3987//810 3989//810
f 3997//809 3999//809 3989//809
f 3997//809 3989//809 3991//809
f 3995//807 3997//807 3991//807
f 3995//807 3991//807 3993//807
f 1255//1313 3942//1313 1414//1313
f 1414//1314 3942//1314 4005//1314
f 1414//1315 4005//1315 4006//1315
f 4006//1316 4005//1316 4007//1316
f 4006//1317 4007//1317 4008//1317
f 4008//1318 4007//1318 4009//1318
f 4008//1318 4009//1318 4010//1318
f 4010//1319 4009//1319 4011//1319
f 4010//1319 4011//1319 4012//1319
f 4012//1320 4011//1320 4013//1320
f 4012//1320 4013//1320 4014//1320
f 4014//1321 4013//1321 4015//1321
f 4014//1322 4015//1322 4016//1322
f 4016//1323 4015//1323 4017//1323
f 4016//1323 4017//1323 4018//1323
f 4018//1324 4017//1324 3950//1324
f 4018//1325 3950//1325 4019//1325
f 3942//1326 3941//1326 4005//1326
f 4005//1327 3941//1327 4007//1327
f 3941//1328 3949//1328 4007//1328
f 4007//1329 3949//1329 4009//1329
f 3949//1330 3948//1330 4009//1330
f 4009//1331 3948//1331 4011//1331
f 3948//1332 3947//1332 4011//1332
f 4011//1333 3947//1333 3946//1333
f 4011//1334 3946//1334 4013//1334
f 4013//1335 3946//1335 4015//1335
f 3946//1336 3945//1336 4015//1336
f 4015//1337 3945//1337 4017//1337
f 3945//1338 3944//1338 4017//1338
f 4017//1339 3944//1339 3950//1339
f 4018//1340 4019//1340 4020//1340
f 4020//1341 4019//1341 4021//1341
f 4020//1342 4021//1342 4022//1342
f 4022//1343 4021//1343 4023//1343
f 4022//1344 4023//1344 4024//1344
f 4024//1345 4023//1345 4025//1345
f 4024//1346 4025//1346 4026//1346
f 4026//1347 4025//1347 4027//1347
f 4026//1348 4027//1348 4028//1348
f 4028//1349 4027//1349 2036//1349
f 4028//1350 2036//1350 2037//1350
f 4021//1351 4029//1351 4023//1351
f 4023//1352 4029//1352 4030//1352
f 4023//1345 4030//1345 4025//1345
f 4025//1353 4030//1353 4031//1353
f 4025//1354 4031//1354 4027//1354
f 4027//1355 4031//1355 2035//1355
f 4027//1356 2035//1356 2036//1356
f 4029//1357 4032//1357 4030//1357
f 4030//1358 4032//1358 4033//1358
f 4030//1359 4033//1359 4031//1359
f 4031//1360 4033//1360 2034//1360
f 4031//1361 2034//1361 2035//1361
f 2059//1362 2032//1362 4032//1362
f 4032//1363 2032//1363 4033//1363
f 2032//1364 2033//1364 4033//1364
f 4033//1365 2033//1365 2034//1365
f 4028//1366 2037//1366 4034//1366
f 4034//1367 2037//1367 2038//1367
f 4034//1368 2038//1368 4035//1368
f 4035//1369 2038//1369 2039//1369
f 4035//1370 2039//1370 4036//1370
f 4036//1371 2039//1371 2040//1371
f 4036//1372 2040//1372 1377//1372
f 1377//1373 1378//1373 4036//1373
f 4036//1374 1378//1374 4037//1374
f 4036//1375 4037//1375 4038//1375
f 4038//1376 4037//1376 4039//1376
f 4038//1377 4039//1377 4040//1377
f 4040//1378 4039//1378 4041//1378
f 4040//1379 4041//1379 4042//1379
f 4042//1380 4041//1380 4043//1380
f 4042//1381 4043//1381 4044//1381
f 4044//1382 4043//1382 4014//1382
f 4044//1383 4014//1383 4016//1383
f 1378//1384 1379//1384 4037//1384
f 4037//1385 1379//1385 4045//1385
f 4037//1376 4045//1376 4039//1376
f 4039//1386 4045//1386 4046//1386
f 4039//1387 4046//1387 4041//1387
f 4041//1388 4046//1388 4047//1388
f 4041//1380 4047//1380 4043//1380
f 4043//1389 4047//1389 4012//1389
f 4043//1390 4012//1390 4014//1390
f 1379//1391 1380//1391 4045//1391
f 4045//1392 1380//1392 4048//1392
f 4045//1393 4048//1393 4046//1393
f 4046//1394 4048//1394 4049//1394
f 4046//1388 4049//1388 4047//1388
f 4047//1395 4049//1395 4010//1395
f 4047//1389 4010//1389 4012//1389
f 4048//1396 1380//1396 4050//1396
f 4050//1397 1380//1397 1381//1397
f 4050//1398 1381//1398 4006//1398
f 4006//1399 1381//1399 1414//1399
f 4016//1400 4018//1400 4051//1400
f 4051//1400 4018//1400 4020//1400
f 4051//1401 4020//1401 4052//1401
f 4052//1401 4020//1401 4022//1401
f 4052//1402 4022//1402 4024//1402
f 4016//1383 4051//1383 4044//1383
f 4044//1403 4051//1403 4053//1403
f 4044//1404 4053//1404 4042//1404
f 4042//1405 4053//1405 4054//1405
f 4042//1379 4054//1379 4040//1379
f 4040//1406 4054//1406 4055//1406
f 4040//1377 4055//1377 4038//1377
f 4038//1407 4055//1407 4035//1407
f 4038//1408 4035//1408 4036//1408
f 4053//1409 4051//1409 4052//1409
f 4008//1410 4010//1410 4049//1410
f 4006//1411 4008//1411 4050//1411
f 4050//1411 4008//1411 4049//1411
f 4050//1394 4049//1394 4048//1394
f 4053//1412 4052//1412 4056//1412
f 4056//1412 4052//1412 4024//1412
f 4056//1346 4024//1346 4026//1346
f 4053//1413 4056//1413 4054//1413
f 4054//1414 4056//1414 4057//1414
f 4054//1406 4057//1406 4055//1406
f 4055//1415 4057//1415 4034//1415
f 4055//1416 4034//1416 4035//1416
f 4057//1414 4056//1414 4026//1414
f 4034//1417 4057//1417 4028//1417
f 4028//1418 4057//1418 4026//1418
f 3950//1419 3958//1419 4019//1419
f 4019//1419 3958//1419 4058//1419
f 4019//1420 4058//1420 4021//1420
f 4021//1421 4058//1421 4059//1421
f 4021//1422 4059//1422 4060//1422
f 4021//1423 4060//1423 4029//1423
f 4029//1424 4060//1424 4061//1424
f 4029//1425 4061//1425 4032//1425
f 4032//1426 4061//1426 2060//1426
f 4032//1426 2060//1426 2059//1426
f 4062//1427 3828//1427 4063//1427
f 4063//1428 3828//1428 3831//1428
f 4063//1429 3831//1429 4064//1429
f 4064//1430 3831//1430 3853//1430
f 4064//1431 3853//1431 4065//1431
f 4065//1432 3853//1432 3852//1432
f 4065//1433 3852//1433 4066//1433
f 4066//1434 3852//1434 4067//1434
f 4066//1435 4067//1435 4068//1435
f 4068//1435 4067//1435 4069//1435
f 4068//1436 4069//1436 4070//1436
f 4070//1437 4069//1437 4071//1437
f 4070//1438 4071//1438 4072//1438
f 4072//1439 4071//1439 4073//1439
f 4072//1440 4073//1440 4074//1440
f 4074//1441 4073//1441 4075//1441
f 4074//1442 4075//1442 4076//1442
f 4076//1443 4075//1443 4077//1443
f 4076//1444 4077//1444 2027//1444
f 2027//1445 4077//1445 2026//1445
f 2026//1446 4077//1446 4078//1446
f 2026//1447 4078//1447 2025//1447
f 2025//1448 4078//1448 4079//1448
f 2025//1449 4079//1449 2024//1449
f 2024//1450 4079//1450 4080//1450
f 2024//1451 4080//1451 2023//1451
f 2023//1452 4080//1452 1382//1452
f 1382//1453 4080//1453 1383//1453
f 1383//1454 4080//1454 4081//1454
f 1383//1455 4081//1455 1384//1455
f 1384//1456 4081//1456 4082//1456
f 1384//1457 4082//1457 1385//1457
f 1385//1458 4082//1458 4083//1458
f 1385//1459 4083//1459 1386//1459
f 1386//1460 4083//1460 4084//1460
f 1386//1461 4084//1461 4085//1461
f 4085//1462 4084//1462 4086//1462
f 4085//1462 4086//1462 4087//1462
f 4087//1463 4086//1463 4088//1463
f 4087//1464 4088//1464 4089//1464
f 4089//1465 4088//1465 4069//1465
f 4089//1466 4069//1466 4067//1466
f 3852//1467 3851//1467 4067//1467
f 4067//1468 3851//1468 3850//1468
f 4067//1469 3850//1469 4089//1469
f 4089//1470 3850//1470 3849//1470
f 4089//1471 3849//1471 4087//1471
f 4087//1472 3849//1472 3848//1472
f 4087//1473 3848//1473 4085//1473
f 4085//1474 3848//1474 3846//1474
f 4085//1475 3846//1475 1241//1475
f 1241//1476 3846//1476 1240//1476
f 1241//1477 1386//1477 4085//1477
f 2027//1478 2028//1478 4076//1478
f 4076//1479 2028//1479 4090//1479
f 4076//1480 4090//1480 4074//1480
f 4074//1481 4090//1481 4091//1481
f 4074//1482 4091//1482 4072//1482
f 4072//1483 4091//1483 4092//1483
f 4072//1484 4092//1484 4070//1484
f 4070//1484 4092//1484 4093//1484
f 4070//1485 4093//1485 4068//1485
f 4068//1486 4093//1486 4094//1486
f 4068//1487 4094//1487 4066//1487
f 4066//1487 4094//1487 4065//1487
f 2028//1488 2029//1488 4090//1488
f 4090//1489 2029//1489 4095//1489
f 4090//1490 4095//1490 4091//1490
f 4091//1490 4095//1490 4096//1490
f 4091//1491 4096//1491 4092//1491
f 4092//1492 4096//1492 4097//1492
f 4092//1493 4097//1493 4093//1493
f 4093//1493 4097//1493 4098//1493
f 4093//1494 4098//1494 4094//1494
f 4094//1495 4098//1495 4063//1495
f 4094//1496 4063//1496 4065//1496
f 4065//1496 4063//1496 4064//1496
f 2029//1497 2030//1497 4095//1497
f 4095//1498 2030//1498 2031//1498
f 4095//1499 2031//1499 4099//1499
f 4099//1500 2031//1500 2042//1500
f 4095//1501 4099//1501 4096//1501
f 4096//1502 4099//1502 4100//1502
f 4096//1503 4100//1503 4097//1503
f 4097//1504 4100//1504 4101//1504
f 4097//1505 4101//1505 4098//1505
f 4098//1506 4101//1506 4062//1506
f 4098//1507 4062//1507 4063//1507
f 4086//1508 4084//1508 4102//1508
f 4102//1509 4084//1509 4083//1509
f 4102//1510 4083//1510 4103//1510
f 4103//1511 4083//1511 4082//1511
f 4103//1512 4082//1512 4104//1512
f 4104//1513 4082//1513 4081//1513
f 4104//1514 4081//1514 4079//1514
f 4079//1514 4081//1514 4080//1514
f 4088//1515 4086//1515 4105//1515
f 4105//1516 4086//1516 4102//1516
f 4105//1517 4102//1517 4106//1517
f 4106//1518 4102//1518 4103//1518
f 4106//1519 4103//1519 4107//1519
f 4107//1519 4103//1519 4104//1519
f 4107//1520 4104//1520 4078//1520
f 4078//1520 4104//1520 4079//1520
f 4069//1521 4088//1521 4071//1521
f 4071//1522 4088//1522 4105//1522
f 4071//1523 4105//1523 4073//1523
f 4073//1524 4105//1524 4106//1524
f 4073//1525 4106//1525 4075//1525
f 4075//1526 4106//1526 4107//1526
f 4075//1527 4107//1527 4077//1527
f 4077//1528 4107//1528 4078//1528
f 2061//813 4108//813 1949//813
f 1949//813 4108//813 4109//813
f 1949//813 4109//813 4110//813
f 4110//814 4109//814 4111//814
f 4110//814 4111//814 4112//814
f 4112//815 4111//815 4113//815
f 4112//815 4113//815 4114//815
f 4114//816 4113//816 4115//816
f 4114//816 4115//816 4116//816
f 4116//817 4115//817 4117//817
f 4116//817 4117//817 4118//817
f 4118//818 4117//818 2056//818
f 4118//818 2056//818 4119//818
f 4119//818 2056//818 4120//818
f 4119//817 4120//817 4121//817
f 4121//817 4120//817 4122//817
f 4121//816 4122//816 4123//816
f 4123//816 4122//816 4124//816
f 4123//815 4124//815 4125//815
f 4125//815 4124//815 4126//815
f 4125//814 4126//814 4127//814
f 4127//814 4126//814 4128//814
f 4127//813 4128//813 1948//813
f 1948//813 4128//813 4129//813
f 1948//813 4129//813 4130//813
f 4130//814 4129//814 4131//814
f 4130//814 4131//814 2044//814
f 2044//815 4131//815 2045//815
f 2045//815 4131//815 4132//815
f 2045//816 4132//816 2047//816
f 2047//816 4132//816 4133//816
f 2047//817 4133//817 2051//817
f 2051//817 4133//817 4134//817
f 2051//818 4134//818 2056//818
f 2056//818 4134//818 4135//818
f 2056//818 4135//818 4120//818
f 4120//817 4135//817 4122//817
f 4108//814 2061//814 4136//814
f 4136//814 2061//814 2062//814
f 4136//815 2062//815 4137//815
f 4137//815 2062//815 2063//815
f 4137//816 2063//816 4138//816
f 4138//816 2063//816 2065//816
f 4138//817 2065//817 4139//817
f 4139//817 2065//817 2069//817
f 4139//818 2069//818 2074//818
f 2056//818 4117//818 2074//818
f 2074//818 4117//818 4140//818
f 2074//818 4140//818 4141//818
f 4141//817 4140//817 4142//817
f 4141//817 4142//817 4143//817
f 4143//816 4142//816 4144//816
f 4143//816 4144//816 4145//816
f 4145//815 4144//815 4146//815
f 4145//815 4146//815 4136//815
f 4136//814 4146//814 4108//814
f 2044//814 2043//814 4130//814
f 4130//813 2043//813 1948//813
f 1949//813 4147//813 1948//813
f 1948//813 4147//813 4148//813
f 1948//813 4148//813 4127//813
f 4127//814 4148//814 4125//814
f 4111//814 4109//814 4146//814
f 4146//814 4109//814 4108//814
f 4110//813 4149//813 1949//813
f 1949//813 4149//813 4150//813
f 1949//813 4150//813 4147//813
f 4147//814 4150//814 4151//814
f 4147//814 4151//814 4152//814
f 4152//815 4151//815 4153//815
f 4152//815 4153//815 4123//815
f 4123//816 4153//816 4121//816
f 4110//814 4112//814 4149//814
f 4149//814 4112//814 4154//814
f 4149//814 4154//814 4150//814
f 4150//814 4154//814 4151//814
f 4125//814 4148//814 4152//814
f 4152//814 4148//814 4147//814
f 4129//814 4128//814 4155//814
f 4155//814 4128//814 4126//814
f 4155//815 4126//815 4156//815
f 4156//815 4126//815 4124//815
f 4156//816 4124//816 4157//816
f 4157//816 4124//816 4122//816
f 4157//817 4122//817 4135//817
f 4145//815 4136//815 4137//815
f 4113//815 4111//815 4144//815
f 4144//815 4111//815 4146//815
f 4112//815 4114//815 4154//815
f 4154//815 4114//815 4158//815
f 4154//815 4158//815 4151//815
f 4151//815 4158//815 4153//815
f 4123//815 4125//815 4152//815
f 4132//815 4131//815 4155//815
f 4155//814 4131//814 4129//814
f 4132//815 4155//815 4156//815
f 4145//816 4137//816 4159//816
f 4159//816 4137//816 4138//816
f 4159//817 4138//817 4160//817
f 4160//817 4138//817 4139//817
f 4160//818 4139//818 2074//818
f 4115//816 4113//816 4142//816
f 4142//816 4113//816 4144//816
f 4114//816 4116//816 4158//816
f 4158//816 4116//816 4161//816
f 4158//816 4161//816 4153//816
f 4153//816 4161//816 4121//816
f 4133//816 4132//816 4156//816
f 4133//816 4156//816 4157//816
f 4145//816 4159//816 4143//816
f 4143//817 4159//817 4162//817
f 4143//817 4162//817 4141//817
f 4141//818 4162//818 2074//818
f 4162//817 4159//817 4160//817
f 4117//817 4115//817 4140//817
f 4140//817 4115//817 4142//817
f 4119//817 4121//817 4161//817
f 4119//817 4161//817 4118//817
f 4118//817 4161//817 4116//817
f 4134//817 4133//817 4157//817
f 4134//817 4157//817 4135//817
f 2074//818 4162//818 4160//818
f 1248//1529 2986//1529 1257//1529
f 1257//1529 2986//1529 4163//1529
f 1257//1530 4163//1530 1258//1530
f 1258//1530 4163//1530 4164//1530
f 1258//1531 4164//1531 1411//1531
f 1411//1531 4164//1531 4165//1531
f 1411//1532 4165//1532 1412//1532
f 1412//1532 4165//1532 4166//1532
f 1412//1533 4166//1533 1413//1533
f 1413//1533 4166//1533 4167//1533
f 1413//1534 4167//1534 1254//1534
f 1254//1535 4167//1535 3996//1535
f 3996//1536 4167//1536 4168//1536
f 3996//1536 4168//1536 3998//1536
f 3998//1537 4168//1537 4169//1537
f 3998//1537 4169//1537 4000//1537
f 4000//1538 4169//1538 4170//1538
f 4000//1538 4170//1538 4002//1538
f 4002//1539 4170//1539 4171//1539
f 4002//1539 4171//1539 4004//1539
f 4004//1540 4171//1540 1917//1540
f 4004//1540 1917//1540 1918//1540
f 2986//1541 2984//1541 4163//1541
f 4163//1541 2984//1541 4172//1541
f 4163//1542 4172//1542 4164//1542
f 4164//1542 4172//1542 4173//1542
f 4164//1543 4173//1543 4165//1543
f 4165//1544 4173//1544 4174//1544
f 4165//1545 4174//1545 4166//1545
f 4166//1545 4174//1545 4175//1545
f 4166//1546 4175//1546 4167//1546
f 4167//1546 4175//1546 4168//1546
f 2984//1547 2965//1547 4172//1547
f 4172//1547 2965//1547 4176//1547
f 4172//1548 4176//1548 4173//1548
f 4173//1548 4176//1548 4177//1548
f 4173//1549 4177//1549 4174//1549
f 4174//1550 4177//1550 4178//1550
f 4174//1551 4178//1551 4175//1551
f 4175//1551 4178//1551 4179//1551
f 4175//1552 4179//1552 4168//1552
f 4168//1553 4179//1553 4169//1553
f 2965//1554 2966//1554 4176//1554
f 4176//1555 2966//1555 4180//1555
f 4176//1556 4180//1556 4177//1556
f 4177//1556 4180//1556 4181//1556
f 4177//1557 4181//1557 4178//1557
f 4178//1558 4181//1558 4182//1558
f 4178//1559 4182//1559 4179//1559
f 4179//1559 4182//1559 4183//1559
f 4179//1560 4183//1560 4169//1560
f 4169//1560 4183//1560 4170//1560
f 2966//1561 2968//1561 4180//1561
f 4180//1561 2968//1561 4184//1561
f 4180//1562 4184//1562 4181//1562
f 4181//1562 4184//1562 4185//1562
f 4181//1563 4185//1563 4182//1563
f 4182//1563 4185//1563 4186//1563
f 4182//1564 4186//1564 4183//1564
f 4183//1564 4186//1564 4187//1564
f 4183//1565 4187//1565 4170//1565
f 4170//1565 4187//1565 4171//1565
f 2968//1566 1912//1566 4184//1566
f 4184//1566 1912//1566 1913//1566
f 4184//1567 1913//1567 4185//1567
f 4185//1568 1913//1568 1914//1568
f 4185//1569 1914//1569 4186//1569
f 4186//1569 1914//1569 1915//1569
f 4186//1570 1915//1570 4187//1570
f 4187//1570 1915//1570 1916//1570
f 4187//1571 1916//1571 4171//1571
f 4171//1571 1916//1571 1917//1571
f 4188//818 3975//818 4189//818
f 4189//1572 3975//1572 3983//1572
f 4189//1098 3983//1098 4190//1098
f 4190//1573 3983//1573 3982//1573
f 4190//1574 3982//1574 3981//1574
f 4190//1575 3981//1575 4191//1575
f 4191//1576 3981//1576 3980//1576
f 4191//1577 3980//1577 4192//1577
f 4192//1578 3980//1578 3979//1578
f 4192//1579 3979//1579 4193//1579
f 4193//1580 3979//1580 3978//1580
f 4193//1581 3978//1581 3977//1581
f 4193//1582 3977//1582 4194//1582
f 4194//1583 3977//1583 3976//1583
f 4194//1093 3976//1093 4195//1093
f 4195//1584 3976//1584 3984//1584
f 4195//813 3984//813 4196//813
f 4196//813 3984//813 4197//813
f 4196//814 4197//814 4198//814
f 4198//814 4197//814 4199//814
f 4198//815 4199//815 4200//815
f 4200//815 4199//815 4201//815
f 4200//816 4201//816 4202//816
f 4202//816 4201//816 4203//816
f 4202//817 4203//817 4204//817
f 4204//817 4203//817 4205//817
f 4204//818 4205//818 4188//818
f 3976//1585 3957//1585 3984//1585
f 4204//818 4188//818 4189//818
f 4202//817 4204//817 4189//817
f 4189//817 4190//817 4206//817
f 4206//817 4190//817 4191//817
f 4206//816 4191//816 4207//816
f 4207//816 4191//816 4192//816
f 4207//815 4192//815 4208//815
f 4208//815 4192//815 4193//815
f 4208//814 4193//814 4195//814
f 4195//814 4193//814 4194//814
f 4200//816 4202//816 4206//816
f 4206//817 4202//817 4189//817
f 4200//816 4206//816 4207//816
f 4198//815 4200//815 4207//815
f 4198//815 4207//815 4208//815
f 4196//814 4198//814 4208//814
f 4196//814 4208//814 4195//814
f 1909//1586 4209//1586 4210//1586
f 4210//1586 4209//1586 4211//1586
f 4210//1587 4211//1587 4212//1587
f 4212//1587 4211//1587 4213//1587
f 4212//1588 4213//1588 4214//1588
f 4214//1588 4213//1588 4215//1588
f 4214//1589 4215//1589 4216//1589
f 4216//1589 4215//1589 4217//1589
f 4216//1590 4217//1590 4218//1590
f 4218//1590 4217//1590 4219//1590
f 4218//1591 4219//1591 3984//1591
f 3984//1591 4219//1591 4197//1591
f 4197//1592 4219//1592 4220//1592
f 4197//1592 4220//1592 4199//1592
f 4199//1593 4220//1593 4221//1593
f 4199//1593 4221//1593 4201//1593
f 4201//1594 4221//1594 4222//1594
f 4201//1594 4222//1594 4203//1594
f 4203//1595 4222//1595 4223//1595
f 4203//1595 4223//1595 4205//1595
f 4205//1596 4223//1596 4224//1596
f 4205//1596 4224//1596 4188//1596
f 4209//1597 4225//1597 4211//1597
f 4211//1597 4225//1597 4226//1597
f 4211//1598 4226//1598 4213//1598
f 4213//1598 4226//1598 4227//1598
f 4213//1599 4227//1599 4215//1599
f 4215//1599 4227//1599 4228//1599
f 4215//1600 4228//1600 4217//1600
f 4217//1601 4228//1601 4229//1601
f 4217//1602 4229//1602 4219//1602
f 4219//1602 4229//1602 4220//1602
f 4225//1603 4230//1603 4226//1603
f 4226//1603 4230//1603 4231//1603
f 4226//1604 4231//1604 4227//1604
f 4227//1604 4231//1604 4232//1604
f 4227//1605 4232//1605 4228//1605
f 4228//1605 4232//1605 4233//1605
f 4228//1606 4233//1606 4229//1606
f 4229//1606 4233//1606 4234//1606
f 4229//1607 4234//1607 4220//1607
f 4220//1607 4234//1607 4221//1607
f 4230//1608 4235//1608 4231//1608
f 4231//1608 4235//1608 4236//1608
f 4231//1609 4236//1609 4232//1609
f 4232//1610 4236//1610 4237//1610
f 4232//1611 4237//1611 4233//1611
f 4233//1611 4237//1611 4238//1611
f 4233//1612 4238//1612 4234//1612
f 4234//1612 4238//1612 4239//1612
f 4234//1613 4239//1613 4221//1613
f 4221//1613 4239//1613 4222//1613
f 4235//1614 4240//1614 4236//1614
f 4236//1614 4240//1614 4241//1614
f 4236//1615 4241//1615 4237//1615
f 4237//1615 4241//1615 4242//1615
f 4237//1616 4242//1616 4238//1616
f 4238//1616 4242//1616 4243//1616
f 4238//1617 4243//1617 4239//1617
f 4239//1617 4243//1617 4244//1617
f 4239//1618 4244//1618 4222//1618
f 4222//1618 4244//1618 4223//1618
f 4240//1619 4245//1619 4241//1619
f 4241//1619 4245//1619 4246//1619
f 4241//1620 4246//1620 4242//1620
f 4242//1620 4246//1620 4247//1620
f 4242//1621 4247//1621 4243//1621
f 4243//1621 4247//1621 4248//1621
f 4243//1622 4248//1622 4244//1622
f 4244//1622 4248//1622 4249//1622
f 4244//1623 4249//1623 4223//1623
f 4223//1623 4249//1623 4224//1623
f 2123//887 4250//887 1910//887
f 1910//887 4250//887 4251//887
f 1910//887 4251//887 4252//887
f 4252//886 4251//886 4253//886
f 4252//886 4253//886 4254//886
f 4254//1624 4253//1624 4255//1624
f 4254//1624 4255//1624 4256//1624
f 4256//883 4255//883 4257//883
f 4256//883 4257//883 4258//883
f 4258//882 4257//882 4259//882
f 4258//882 4259//882 4260//882
f 4260//881 4259//881 4245//881
f 4260//881 4245//881 4261//881
f 4261//881 4245//881 4262//881
f 4261//882 4262//882 4263//882
f 4263//882 4262//882 4264//882
f 4263//883 4264//883 4265//883
f 4265//883 4264//883 4266//883
f 4265//1624 4266//1624 4267//1624
f 4267//884 4266//884 4268//884
f 4267//886 4268//886 4269//886
f 4269//886 4268//886 4270//886
f 4269//1625 4270//1625 1909//1625
f 1909//887 4270//887 4271//887
f 1909//1626 4271//1626 4272//1626
f 4272//886 4271//886 4273//886
f 4272//886 4273//886 4274//886
f 4274//1624 4273//1624 4275//1624
f 4274//884 4275//884 4230//884
f 4230//883 4275//883 4235//883
f 4235//883 4275//883 4276//883
f 4235//882 4276//882 4240//882
f 4240//882 4276//882 4277//882
f 4240//881 4277//881 4245//881
f 4245//881 4277//881 4278//881
f 4245//881 4278//881 4279//881
f 4279//882 4278//882 4280//882
f 4279//882 4280//882 4264//882
f 4264//883 4280//883 4266//883
f 4250//886 2123//886 4281//886
f 4281//886 2123//886 2122//886
f 4281//1624 2122//1624 4282//1624
f 4282//1624 2122//1624 2121//1624
f 4282//883 2121//883 4283//883
f 4283//883 2121//883 2127//883
f 4283//882 2127//882 4284//882
f 4284//882 2127//882 2126//882
f 4284//881 2126//881 2125//881
f 4245//881 4259//881 2125//881
f 2125//881 4259//881 4285//881
f 2125//881 4285//881 4286//881
f 4286//882 4285//882 4287//882
f 4286//882 4287//882 4288//882
f 4288//883 4287//883 4289//883
f 4288//883 4289//883 4290//883
f 4290//1624 4289//1624 4291//1624
f 4290//884 4291//884 4281//884
f 4281//886 4291//886 4250//886
f 4230//1624 4225//1624 4274//1624
f 4274//886 4225//886 4292//886
f 4274//886 4292//886 4272//886
f 4272//1625 4292//1625 1909//1625
f 4225//886 4209//886 4292//886
f 4292//887 4209//887 1909//887
f 4269//1626 1909//1626 4293//1626
f 4293//887 1909//887 1910//887
f 4293//1626 1910//1626 4294//1626
f 4294//1626 1910//1626 4295//1626
f 4294//886 4295//886 4296//886
f 4296//886 4295//886 4297//886
f 4296//884 4297//884 4298//884
f 4298//1624 4297//1624 4256//1624
f 4298//883 4256//883 4258//883
f 4253//886 4251//886 4291//886
f 4291//886 4251//886 4250//886
f 4295//1625 1910//1625 4299//1625
f 4299//1626 1910//1626 4252//1626
f 4299//886 4252//886 4254//886
f 4297//886 4295//886 4299//886
f 4297//886 4299//886 4254//886
f 4267//886 4269//886 4293//886
f 4293//886 4294//886 4300//886
f 4300//886 4294//886 4296//886
f 4300//1624 4296//1624 4301//1624
f 4301//1624 4296//1624 4298//1624
f 4301//883 4298//883 4302//883
f 4302//883 4298//883 4258//883
f 4302//882 4258//882 4260//882
f 4271//886 4270//886 4303//886
f 4303//886 4270//886 4268//886
f 4303//1624 4268//1624 4304//1624
f 4304//1624 4268//1624 4266//1624
f 4304//883 4266//883 4280//883
f 4290//1624 4281//1624 4282//1624
f 4255//1624 4253//1624 4289//1624
f 4289//884 4253//884 4291//884
f 4256//884 4297//884 4254//884
f 4265//1624 4267//1624 4300//1624
f 4300//886 4267//886 4293//886
f 4265//1624 4300//1624 4301//1624
f 4271//886 4303//886 4273//886
f 4273//1624 4303//1624 4305//1624
f 4273//1624 4305//1624 4275//1624
f 4275//883 4305//883 4276//883
f 4305//884 4303//884 4304//884
f 4290//883 4282//883 4306//883
f 4306//883 4282//883 4283//883
f 4306//882 4283//882 4307//882
f 4307//882 4283//882 4284//882
f 4307//881 4284//881 2125//881
f 4257//883 4255//883 4287//883
f 4287//883 4255//883 4289//883
f 4263//883 4265//883 4301//883
f 4263//883 4301//883 4302//883
f 4305//883 4304//883 4308//883
f 4308//883 4304//883 4280//883
f 4308//882 4280//882 4278//882
f 4290//883 4306//883 4288//883
f 4288//882 4306//882 4309//882
f 4288//882 4309//882 4286//882
f 4286//881 4309//881 2125//881
f 4309//882 4306//882 4307//882
f 4259//882 4257//882 4285//882
f 4285//882 4257//882 4287//882
f 4261//882 4263//882 4302//882
f 4261//882 4302//882 4260//882
f 4279//882 4264//882 4262//882
f 4277//882 4276//882 4308//882
f 4308//883 4276//883 4305//883
f 4277//882 4308//882 4278//882
f 2125//881 4309//881 4307//881
f 4245//881 4279//881 4262//881
f 3959//1627 4310//1627 3958//1627
f 3958//1628 4310//1628 4311//1628
f 3958//1629 4311//1629 4058//1629
f 4058//1630 4311//1630 4312//1630
f 4058//1631 4312//1631 4059//1631
f 4059//1632 4312//1632 4313//1632
f 4059//1633 4313//1633 4314//1633
f 4314//1634 4313//1634 4315//1634
f 4314//1634 4315//1634 4316//1634
f 4316//1635 4315//1635 4317//1635
f 4316//1635 4317//1635 4318//1635
f 4318//1636 4317//1636 4319//1636
f 4318//1637 4319//1637 4320//1637
f 4320//1638 4319//1638 4321//1638
f 4320//1638 4321//1638 4322//1638
f 4322//1639 4321//1639 4323//1639
f 4322//1640 4323//1640 4324//1640
f 4324//1641 4323//1641 4325//1641
f 4324//1642 4325//1642 4326//1642
f 4326//1643 4325//1643 4327//1643
f 4326//1644 4327//1644 4328//1644
f 4328//1645 4327//1645 4329//1645
f 4328//1646 4329//1646 4330//1646
f 4330//1647 4329//1647 2073//1647
f 4330//1648 2073//1648 2072//1648
f 3959//1649 3961//1649 4310//1649
f 4310//1650 3961//1650 4331//1650
f 4310//1651 4331//1651 4311//1651
f 4311//1651 4331//1651 4332//1651
f 4311//1652 4332//1652 4312//1652
f 4312//1652 4332//1652 4333//1652
f 4312//1653 4333//1653 4313//1653
f 4313//1654 4333//1654 4315//1654
f 3961//1655 3963//1655 4331//1655
f 4331//1656 3963//1656 4334//1656
f 4331//1657 4334//1657 4332//1657
f 4332//1657 4334//1657 4335//1657
f 4332//1658 4335//1658 4333//1658
f 4333//1658 4335//1658 4336//1658
f 4333//1659 4336//1659 4315//1659
f 4315//1660 4336//1660 4317//1660
f 3963//1661 3965//1661 4334//1661
f 4334//1662 3965//1662 4337//1662
f 4334//1663 4337//1663 4335//1663
f 4335//1663 4337//1663 4338//1663
f 4335//1664 4338//1664 4336//1664
f 4336//1664 4338//1664 4339//1664
f 4336//1665 4339//1665 4317//1665
f 4317//1666 4339//1666 4319//1666
f 3965//1667 3967//1667 4337//1667
f 4337//1668 3967//1668 4340//1668
f 4337//1669 4340//1669 4338//1669
f 4338//1669 4340//1669 4341//1669
f 4338//1670 4341//1670 4339//1670
f 4339//1671 4341//1671 4342//1671
f 4339//1672 4342//1672 4319//1672
f 4319//1672 4342//1672 4321//1672
f 3967//1673 3969//1673 4340//1673
f 4340//1674 3969//1674 4343//1674
f 4340//1675 4343//1675 4341//1675
f 4341//1675 4343//1675 4344//1675
f 4341//1676 4344//1676 4342//1676
f 4342//1676 4344//1676 4345//1676
f 4342//1677 4345//1677 4321//1677
f 4321//1677 4345//1677 4323//1677
f 3969//1678 3971//1678 4343//1678
f 4343//1679 3971//1679 4346//1679
f 4343//1680 4346//1680 4344//1680
f 4344//1680 4346//1680 4347//1680
f 4344//1681 4347//1681 4345//1681
f 4345//1681 4347//1681 4348//1681
f 4345//1682 4348//1682 4323//1682
f 4323//1683 4348//1683 4325//1683
f 3971//1684 3973//1684 4346//1684
f 4346//1685 3973//1685 4349//1685
f 4346//1686 4349//1686 4347//1686
f 4347//1687 4349//1687 4348//1687
f 3975//1688 4350//1688 3973//1688
f 3973//1689 4350//1689 4349//1689
f 4349//1690 4351//1690 4348//1690
f 4348//1691 4351//1691 4325//1691
f 4351//1692 4327//1692 4325//1692
f 2072//1693 2071//1693 4330//1693
f 4330//1694 2071//1694 4352//1694
f 4330//1695 4352//1695 4328//1695
f 4328//1696 4352//1696 4353//1696
f 4328//1697 4353//1697 4326//1697
f 4326//1698 4353//1698 4324//1698
f 4352//1699 2071//1699 4354//1699
f 4354//1700 2071//1700 2070//1700
f 4354//1701 2070//1701 4355//1701
f 4355//1702 2070//1702 2068//1702
f 4355//1703 2068//1703 4356//1703
f 4356//1704 2068//1704 2067//1704
f 4356//1705 2067//1705 4357//1705
f 4357//1706 2067//1706 2066//1706
f 4357//1707 2066//1707 4358//1707
f 4358//1708 2066//1708 2064//1708
f 4358//1709 2064//1709 2060//1709
f 2060//1710 4061//1710 4358//1710
f 4358//1711 4061//1711 4359//1711
f 4358//1712 4359//1712 4360//1712
f 4360//1713 4359//1713 4316//1713
f 4360//1714 4316//1714 4318//1714
f 4061//1715 4060//1715 4359//1715
f 4359//1716 4060//1716 4314//1716
f 4359//1717 4314//1717 4316//1717
f 4060//1718 4059//1718 4314//1718
f 4322//1719 4324//1719 4361//1719
f 4361//1720 4324//1720 4353//1720
f 4361//1721 4353//1721 4354//1721
f 4354//1721 4353//1721 4352//1721
f 4320//1722 4322//1722 4362//1722
f 4362//1723 4322//1723 4361//1723
f 4362//1724 4361//1724 4355//1724
f 4355//1725 4361//1725 4354//1725
f 4318//1726 4320//1726 4363//1726
f 4363//1727 4320//1727 4362//1727
f 4363//1728 4362//1728 4356//1728
f 4356//1729 4362//1729 4355//1729
f 4318//1730 4363//1730 4360//1730
f 4360//1731 4363//1731 4357//1731
f 4360//1712 4357//1712 4358//1712
f 4357//1731 4363//1731 4356//1731
f 3984//28 1908//28 4218//28
f 4218//28 1908//28 1906//28
f 4218//27 1906//27 4216//27
f 4216//27 1906//27 1904//27
f 4216//25 1904//25 4214//25
f 4214//25 1904//25 1902//25
f 4214//36 1902//36 4212//36
f 4212//36 1902//36 1900//36
f 4212//23 1900//23 4210//23
f 4210//23 1900//23 1898//23
f 4210//35 1898//35 1909//35
f 1909//35 1898//35 1897//35
f 2117//887 2146//887 2118//887
f 2118//887 2146//887 2147//887
f 2118//886 2147//886 2119//886
f 2119//886 2147//886 2149//886
f 2119//884 2149//884 2120//884
f 2120//885 2149//885 2153//885
f 2120//883 2153//883 2124//883
f 2124//883 2153//883 2159//883
f 2124//882 2159//882 2128//882
f 2128//882 2159//882 2158//882
f 2128//881 2158//881 2129//881
f 2129//881 2158//881 2157//881
f 2129//819 2157//819 2131//819
f 2131//819 2157//819 2160//819
f 2184//881 2155//881 2183//881
f 2183//881 2155//881 2154//881
f 2183//882 2154//882 2181//882
f 2181//882 2154//882 2152//882
f 2181//883 2152//883 2180//883
f 2180//883 2152//883 2151//883
f 2180//885 2151//885 2179//885
f 2179//1624 2151//1624 2150//1624
f 2179//886 2150//886 2177//886
f 2177//886 2150//886 2148//886
f 2177//887 2148//887 2174//887
f 2174//887 2148//887 2145//887
f 2174//848 2145//848 2171//848
f 2171//848 2145//848 2142//848
f 2175//887 2204//887 2176//887
f 2176//887 2204//887 2205//887
f 2176//886 2205//886 2178//886
f 2178//886 2205//886 2207//886
f 2178//884 2207//884 2182//884
f 2182//1624 2207//1624 2211//1624
f 2182//883 2211//883 2185//883
f 2185//883 2211//883 2217//883
f 2185//882 2217//882 2186//882
f 2186//882 2217//882 2216//882
f 2186//881 2216//881 2187//881
f 2187//881 2216//881 2215//881
f 2187//819 2215//819 2189//819
f 2189//819 2215//819 2218//819
f 2242//881 2213//881 2241//881
f 2241//881 2213//881 2212//881
f 2241//882 2212//882 2239//882
f 2239//882 2212//882 2210//882
f 2239//883 2210//883 2238//883
f 2238//883 2210//883 2209//883
f 2238//885 2209//885 2237//885
f 2237//1624 2209//1624 2208//1624
f 2237//886 2208//886 2235//886
f 2235//886 2208//886 2206//886
f 2235//887 2206//887 2232//887
f 2232//887 2206//887 2203//887
f 2232//848 2203//848 2229//848
f 2229//848 2203//848 2200//848
f 2233//887 2262//887 2234//887
f 2234//887 2262//887 2263//887
f 2234//886 2263//886 2236//886
f 2236//886 2263//886 2265//886
f 2236//884 2265//884 2240//884
f 2240//1624 2265//1624 2269//1624
f 2240//883 2269//883 2243//883
f 2243//883 2269//883 2275//883
f 2243//882 2275//882 2244//882
f 2244//882 2275//882 2274//882
f 2244//881 2274//881 2245//881
f 2245//881 2274//881 2273//881
f 2245//819 2273//819 2247//819
f 2247//819 2273//819 2276//819
f 2300//881 2271//881 2299//881
f 2299//881 2271//881 2270//881
f 2299//882 2270//882 2297//882
f 2297//882 2270//882 2268//882
f 2297//883 2268//883 2296//883
f 2296//883 2268//883 2267//883
f 2296//884 2267//884 2295//884
f 2295//1624 2267//1624 2266//1624
f 2295//886 2266//886 2293//886
f 2293//886 2266//886 2264//886
f 2293//887 2264//887 2290//887
f 2290//887 2264//887 2261//887
f 2290//848 2261//848 2287//848
f 2287//848 2261//848 2258//848
f 2291//887 2320//887 2292//887
f 2292//1625 2320//1625 2321//1625
f 2292//886 2321//886 2294//886
f 2294//886 2321//886 2323//886
f 2294//884 2323//884 2298//884
f 2298//1624 2323//1624 2327//1624
f 2298//883 2327//883 2301//883
f 2301//883 2327//883 2333//883
f 2301//882 2333//882 2302//882
f 2302//882 2333//882 2332//882
f 2302//881 2332//881 2303//881
f 2303//881 2332//881 2331//881
f 2303//819 2331//819 2305//819
f 2305//819 2331//819 2334//819
f 2358//881 2329//881 2357//881
f 2357//881 2329//881 2328//881
f 2357//882 2328//882 2355//882
f 2355//882 2328//882 2326//882
f 2355//883 2326//883 2354//883
f 2354//883 2326//883 2325//883
f 2354//885 2325//885 2353//885
f 2353//1624 2325//1624 2324//1624
f 2353//886 2324//886 2351//886
f 2351//886 2324//886 2322//886
f 2351//887 2322//887 2348//887
f 2348//887 2322//887 2319//887
f 2515//1 2542//1 1341//1
f 1341//1 2542//1 1393//1
f 1393//1 2542//1 2603//1
f 1393//1 2603//1 2601//1
f 2601//928 2599//928 1393//928
f 1393//1 2599//1 2931//1
f 2931//1 2599//1 2930//1
f 2930//1 2599//1 2929//1
f 2929//1 2599//1 2597//1
f 2929//1 2597//1 2928//1
f 2928//1 2597//1 2927//1
f 2927//1 2597//1 2926//1
f 2926//1 2597//1 2595//1
f 2926//1 2595//1 2593//1
f 2926//1 2593//1 4364//1
f 4364//1 2593//1 2723//1
f 4364//1 2723//1 4365//1
f 4364//1 4365//1 4366//1
f 4366//1 4365//1 4367//1
f 4366//1 4367//1 4368//1
f 4368//1 4367//1 4369//1
f 4369//929 4367//929 4370//929
f 4370//1 4367//1 4371//1
f 4370//1 4371//1 4372//1
f 4372//1 4371//1 4373//1
f 4373//1 4371//1 4374//1
f 4373//1 4374//1 4375//1
f 4375//1 4376//1 4373//1
f 4373//1 4376//1 4377//1
f 4377//1 4376//1 4378//1
f 2329//819 2358//819 2330//819
f 2330//819 2358//819 2362//819
f 2349//887 2378//887 2350//887
f 2350//887 2378//887 2379//887
f 2350//886 2379//886 2352//886
f 2352//886 2379//886 2381//886
f 2352//884 2381//884 2356//884
f 2356//1624 2381//1624 2385//1624
f 2356//883 2385//883 2359//883
f 2359//883 2385//883 2391//883
f 2359//882 2391//882 2360//882
f 2360//882 2391//882 2390//882
f 2360//881 2390//881 2361//881
f 2361//881 2390//881 2389//881
f 2361//819 2389//819 2363//819
f 2363//819 2389//819 2392//819
f 2416//881 2387//881 2415//881
f 2415//881 2387//881 2386//881
f 2415//882 2386//882 2413//882
f 2413//882 2386//882 2384//882
f 2413//883 2384//883 2412//883
f 2412//883 2384//883 2383//883
f 2412//885 2383//885 2411//885
f 2411//1624 2383//1624 2382//1624
f 2411//886 2382//886 2409//886
f 2409//886 2382//886 2380//886
f 2409//887 2380//887 2406//887
f 2406//887 2380//887 2377//887
f 2406//848 2377//848 2403//848
f 2403//848 2377//848 2374//848
f 2407//887 2436//887 2408//887
f 2408//887 2436//887 2437//887
f 2408//886 2437//886 2410//886
f 2410//886 2437//886 2439//886
f 2410//884 2439//884 2414//884
f 2414//1624 2439//1624 2443//1624
f 2414//883 2443//883 2417//883
f 2417//883 2443//883 2449//883
f 2417//882 2449//882 2418//882
f 2418//882 2449//882 2448//882
f 2418//881 2448//881 2419//881
f 2419//881 2448//881 2447//881
f 2419//819 2447//819 2421//819
f 2421//819 2447//819 2450//819
f 2474//881 2445//881 2473//881
f 2473//881 2445//881 2444//881
f 2473//882 2444//882 2471//882
f 2471//882 2444//882 2442//882
f 2471//883 2442//883 2470//883
f 2470//883 2442//883 2441//883
f 2470//885 2441//885 2469//885
f 2469//1624 2441//1624 2440//1624
f 2469//886 2440//886 2467//886
f 2467//886 2440//886 2438//886
f 2467//887 2438//887 2464//887
f 2464//887 2438//887 2435//887
f 2511//1 2546//1 1330//1
f 1330//1 2546//1 1395//1
f 1395//1 2546//1 2627//1
f 1395//1 2627//1 2625//1
f 2625//1 2623//1 1395//1
f 1395//1 2623//1 2840//1
f 2840//1 2623//1 2841//1
f 2841//1 2623//1 2842//1
f 2842//1 2623//1 2621//1
f 2842//1 2621//1 2843//1
f 2843//1 2621//1 2844//1
f 2844//1 2621//1 2845//1
f 2845//1 2621//1 2619//1
f 2845//1 2619//1 2617//1
f 2845//1 2617//1 4379//1
f 4379//1 2617//1 2746//1
f 4379//1 2746//1 4380//1
f 4379//1 4380//1 4381//1
f 4381//1 4380//1 4382//1
f 4381//1 4382//1 4383//1
f 4383//1 4382//1 4384//1
f 4384//1 4382//1 4385//1
f 4385//1 4382//1 4386//1
f 4385//1 4386//1 4387//1
f 4387//1 4386//1 4388//1
f 4388//1 4386//1 4389//1
f 4388//1 4389//1 4390//1
f 4390//1 4391//1 4388//1
f 4388//1 4391//1 4392//1
f 4392//1 4391//1 4393//1
f 2445//819 2474//819 2446//819
f 2446//819 2474//819 2478//819
f 4394//1732 2475//1732 2821//1732
f 2821//1733 2475//1733 2472//1733
f 2821//1734 2472//1734 2820//1734
f 2820//1735 2472//1735 2468//1735
f 2820//1736 2468//1736 2819//1736
f 2819//1737 2468//1737 2466//1737
f 2819//1738 2466//1738 2818//1738
f 2818//1739 2466//1739 2465//1739
f 2818//1740 2465//1740 2555//1740
f 4394//1741 4395//1741 2475//1741
f 2475//1742 4395//1742 2476//1742
f 2476//1743 4395//1743 4396//1743
f 2476//1744 4396//1744 2477//1744
f 2477//1745 4396//1745 4397//1745
f 2477//819 4397//819 2479//819
f 2479//819 4397//819 4398//819
f 2697//880 4399//880 2698//880
f 2698//880 4399//880 4400//880
f 2698//880 4400//880 4401//880
f 4401//879 4400//879 4402//879
f 4401//879 4402//879 4403//879
f 4403//878 4402//878 4404//878
f 4403//878 4404//878 4405//878
f 4405//1746 4404//1746 4406//1746
f 4405//1746 4406//1746 4407//1746
f 4407//876 4406//876 4408//876
f 4407//876 4408//876 4409//876
f 4409//1747 4408//1747 1819//1747
f 4409//1748 1819//1748 4410//1748
f 4410//1748 1819//1748 4411//1748
f 4410//1749 4411//1749 4412//1749
f 4412//876 4411//876 4413//876
f 4412//1746 4413//1746 4414//1746
f 4414//1746 4413//1746 4415//1746
f 4414//878 4415//878 4416//878
f 4416//1750 4415//1750 4417//1750
f 4416//879 4417//879 4418//879
f 4418//879 4417//879 4419//879
f 4418//880 4419//880 4420//880
f 4420//880 4419//880 4421//880
f 4420//880 4421//880 4422//880
f 4422//879 4421//879 4423//879
f 4422//879 4423//879 4424//879
f 4424//1750 4423//1750 4425//1750
f 4424//878 4425//878 4426//878
f 4426//1746 4425//1746 4427//1746
f 4427//1746 4425//1746 4428//1746
f 4427//876 4428//876 4429//876
f 4429//876 4428//876 4430//876
f 4429//1751 4430//1751 1819//1751
f 1819//1752 4430//1752 4431//1752
f 1819//1753 4431//1753 4432//1753
f 4432//876 4431//876 4433//876
f 4432//876 4433//876 4413//876
f 4413//1746 4433//1746 4415//1746
f 4399//879 2697//879 4434//879
f 4434//879 2697//879 2696//879
f 4434//878 2696//878 4435//878
f 4435//878 2696//878 2694//878
f 4435//1746 2694//1746 4436//1746
f 4436//1746 2694//1746 2693//1746
f 4436//876 2693//876 4437//876
f 4437//1749 2693//1749 2692//1749
f 4437//1748 2692//1748 1818//1748
f 1819//875 4408//875 1818//875
f 1818//1748 4408//1748 4438//1748
f 1818//1748 4438//1748 4439//1748
f 4439//1749 4438//1749 4440//1749
f 4439//876 4440//876 4441//876
f 4441//1746 4440//1746 4442//1746
f 4441//1746 4442//1746 4443//1746
f 4443//878 4442//878 4444//878
f 4443//1750 4444//1750 4434//1750
f 4434//879 4444//879 4399//879
f 4426//1750 4445//1750 4424//1750
f 4424//879 4445//879 4446//879
f 4424//879 4446//879 4422//879
f 4422//880 4446//880 4420//880
f 4445//879 4447//879 4446//879
f 4446//880 4447//880 4420//880
f 4418//880 4420//880 4448//880
f 4448//880 4420//880 2698//880
f 4448//880 2698//880 4449//880
f 4449//880 2698//880 4450//880
f 4449//879 4450//879 4451//879
f 4451//879 4450//879 4452//879
f 4451//1750 4452//1750 4453//1750
f 4453//878 4452//878 4405//878
f 4453//1746 4405//1746 4407//1746
f 4402//879 4400//879 4444//879
f 4444//879 4400//879 4399//879
f 4450//880 2698//880 4454//880
f 4454//880 2698//880 4401//880
f 4454//879 4401//879 4403//879
f 4452//879 4450//879 4454//879
f 4452//879 4454//879 4403//879
f 4416//879 4418//879 4448//879
f 4448//879 4449//879 4455//879
f 4455//879 4449//879 4451//879
f 4455//1750 4451//1750 4456//1750
f 4456//878 4451//878 4453//878
f 4456//1746 4453//1746 4457//1746
f 4457//1746 4453//1746 4407//1746
f 4457//876 4407//876 4409//876
f 4421//879 4419//879 4458//879
f 4458//879 4419//879 4417//879
f 4458//1750 4417//1750 4459//1750
f 4459//878 4417//878 4415//878
f 4459//1746 4415//1746 4433//1746
f 4443//878 4434//878 4435//878
f 4404//878 4402//878 4442//878
f 4442//1750 4402//1750 4444//1750
f 4405//1750 4452//1750 4403//1750
f 4414//1750 4416//1750 4455//1750
f 4455//879 4416//879 4448//879
f 4414//878 4455//878 4456//878
f 4421//879 4458//879 4423//879
f 4423//1750 4458//1750 4460//1750
f 4423//878 4460//878 4425//878
f 4425//1746 4460//1746 4428//1746
f 4460//878 4458//878 4459//878
f 4443//1746 4435//1746 4461//1746
f 4461//1746 4435//1746 4436//1746
f 4461//876 4436//876 4462//876
f 4462//1749 4436//1749 4437//1749
f 4462//1751 4437//1751 1818//1751
f 4406//1746 4404//1746 4440//1746
f 4440//1746 4404//1746 4442//1746
f 4412//1746 4414//1746 4456//1746
f 4412//1746 4456//1746 4457//1746
f 4460//1746 4459//1746 4463//1746
f 4463//1746 4459//1746 4433//1746
f 4463//876 4433//876 4431//876
f 4443//1746 4461//1746 4441//1746
f 4441//876 4461//876 4464//876
f 4441//1749 4464//1749 4439//1749
f 4439//1751 4464//1751 1818//1751
f 4464//1749 4461//1749 4462//1749
f 4408//1749 4406//1749 4438//1749
f 4438//876 4406//876 4440//876
f 4410//876 4412//876 4457//876
f 4410//876 4457//876 4409//876
f 4432//876 4413//876 4411//876
f 4430//1754 4428//1754 4463//1754
f 4463//1746 4428//1746 4460//1746
f 4430//1749 4463//1749 4431//1749
f 1818//1748 4464//1748 4462//1748
f 1819//1755 4432//1755 4411//1755
f 1825//1756 3875//1756 1824//1756
f 1824//1756 3875//1756 4465//1756
f 1824//1757 4465//1757 1823//1757
f 1823//1757 4465//1757 4466//1757
f 1823//1758 4466//1758 1822//1758
f 1822//1759 4466//1759 4467//1759
f 1822//1760 4467//1760 1821//1760
f 1821//1760 4467//1760 4468//1760
f 1821//1761 4468//1761 1820//1761
f 1820//1761 4468//1761 4469//1761
f 1820//1762 4469//1762 1819//1762
f 1819//1762 4469//1762 4429//1762
f 4429//1763 4469//1763 4470//1763
f 4429//1763 4470//1763 4427//1763
f 4427//1764 4470//1764 4471//1764
f 4427//1765 4471//1765 4426//1765
f 4426//1766 4471//1766 4472//1766
f 4426//1766 4472//1766 4445//1766
f 4445//1767 4472//1767 4473//1767
f 4445//1767 4473//1767 4447//1767
f 4447//1768 4473//1768 4474//1768
f 4447//1768 4474//1768 4420//1768
f 3875//1769 3873//1769 4465//1769
f 4465//1769 3873//1769 4475//1769
f 4465//1770 4475//1770 4466//1770
f 4466//1770 4475//1770 4476//1770
f 4466//1771 4476//1771 4467//1771
f 4467//1771 4476//1771 4477//1771
f 4467//1772 4477//1772 4468//1772
f 4468//1772 4477//1772 4478//1772
f 4468//1773 4478//1773 4469//1773
f 4469//1774 4478//1774 4470//1774
f 3873//1775 3860//1775 4475//1775
f 4475//1775 3860//1775 4479//1775
f 4475//1776 4479//1776 4476//1776
f 4476//1776 4479//1776 4480//1776
f 4476//1777 4480//1777 4477//1777
f 4477//1778 4480//1778 4481//1778
f 4477//1779 4481//1779 4478//1779
f 4478//1780 4481//1780 4482//1780
f 4478//1781 4482//1781 4470//1781
f 4470//1781 4482//1781 4471//1781
f 3860//1782 3861//1782 4479//1782
f 4479//1782 3861//1782 4483//1782
f 4479//1783 4483//1783 4480//1783
f 4480//1783 4483//1783 4484//1783
f 4480//1784 4484//1784 4481//1784
f 4481//1784 4484//1784 4485//1784
f 4481//1785 4485//1785 4482//1785
f 4482//1785 4485//1785 4486//1785
f 4482//1786 4486//1786 4471//1786
f 4471//1786 4486//1786 4472//1786
f 3861//1787 3863//1787 4483//1787
f 4483//1787 3863//1787 4487//1787
f 4483//1788 4487//1788 4484//1788
f 4484//1788 4487//1788 4488//1788
f 4484//1789 4488//1789 4485//1789
f 4485//1789 4488//1789 4489//1789
f 4485//1790 4489//1790 4486//1790
f 4486//1790 4489//1790 4490//1790
f 4486//1791 4490//1791 4472//1791
f 4472//1791 4490//1791 4473//1791
f 3863//1792 3865//1792 4487//1792
f 4487//1792 3865//1792 4491//1792
f 4487//1793 4491//1793 4488//1793
f 4488//1793 4491//1793 4492//1793
f 4488//1794 4492//1794 4489//1794
f 4489//1794 4492//1794 4493//1794
f 4489//1795 4493//1795 4490//1795
f 4490//1795 4493//1795 4494//1795
f 4490//1796 4494//1796 4473//1796
f 4473//1796 4494//1796 4474//1796
f 3828//1797 4062//1797 3819//1797
f 3819//1797 4062//1797 3909//1797
f 3909//1798 4062//1798 3895//1798
f 3895//1799 4062//1799 4101//1799
f 3895//1800 4101//1800 3896//1800
f 3896//1801 4101//1801 4100//1801
f 3896//1802 4100//1802 4099//1802
f 2042//1803 2041//1803 4099//1803
f 4099//1804 2041//1804 3911//1804
f 4099//1805 3911//1805 3896//1805
f 3854//2 1788//2 4495//2
f 4495//2 1788//2 1786//2
f 4495//3 1786//3 4496//3
f 4496//3 1786//3 1784//3
f 4496//4 1784//4 4497//4
f 4497//4 1784//4 1782//4
f 4497//847 1782//847 4498//847
f 4498//847 1782//847 1780//847
f 4498//6 1780//6 4499//6
f 4499//6 1780//6 1778//6
f 4499//7 1778//7 1816//7
f 1816//7 1778//7 1777//7
f 2704//875 2689//875 4500//875
f 4500//875 2689//875 2690//875
f 4500//876 2690//876 4501//876
f 4501//876 2690//876 2691//876
f 4501//1806 2691//1806 4502//1806
f 4502//1746 2691//1746 2695//1746
f 4502//878 2695//878 4503//878
f 4503//1750 2695//1750 2699//1750
f 4503//879 2699//879 4504//879
f 4504//879 2699//879 2700//879
f 4504//880 2700//880 4505//880
f 4505//880 2700//880 2701//880
f 4505//819 2701//819 4506//819
f 4506//819 2701//819 2703//819
f 4507//880 2763//880 4508//880
f 4508//880 2763//880 2762//880
f 4508//879 2762//879 4509//879
f 4509//879 2762//879 2760//879
f 4509//1750 2760//1750 4510//1750
f 4510//878 2760//878 2759//878
f 4510//877 2759//877 4511//877
f 4511//877 2759//877 2758//877
f 4511//876 2758//876 4512//876
f 4512//876 2758//876 2756//876
f 4512//875 2756//875 4513//875
f 4513//875 2756//875 2753//875
f 4513//820 2753//820 2925//820
f 2925//820 2753//820 2752//820
f 2769//875 2754//875 4514//875
f 4514//875 2754//875 2755//875
f 4514//876 2755//876 4515//876
f 4515//876 2755//876 2757//876
f 4515//1806 2757//1806 4516//1806
f 4516//1746 2757//1746 2761//1746
f 4516//878 2761//878 4517//878
f 4517//1750 2761//1750 2767//1750
f 4517//879 2767//879 4518//879
f 4518//879 2767//879 2766//879
f 4518//880 2766//880 4519//880
f 4519//880 2766//880 2765//880
f 4519//819 2765//819 4520//819
f 4520//819 2765//819 2768//819
f 4521//880 2786//880 4522//880
f 4522//880 2786//880 2785//880
f 4522//879 2785//879 4523//879
f 4523//879 2785//879 2783//879
f 4523//1750 2783//1750 4524//1750
f 4524//878 2783//878 2782//878
f 4524//1746 2782//1746 4525//1746
f 4525//877 2782//877 2781//877
f 4525//876 2781//876 4526//876
f 4526//876 2781//876 2779//876
f 4526//875 2779//875 4527//875
f 4527//875 2779//875 2776//875
f 4527//820 2776//820 2839//820
f 2839//820 2776//820 2775//820
f 2792//875 2777//875 4528//875
f 4528//875 2777//875 2778//875
f 4528//876 2778//876 4529//876
f 4529//876 2778//876 2780//876
f 4529//1806 2780//1806 4530//1806
f 4530//1746 2780//1746 2784//1746
f 4530//878 2784//878 4531//878
f 4531//1750 2784//1750 2790//1750
f 4531//879 2790//879 4532//879
f 4532//879 2790//879 2789//879
f 4532//880 2789//880 4533//880
f 4533//880 2789//880 2788//880
f 4533//819 2788//819 4534//819
f 4534//819 2788//819 2791//819
f 2712//1807 2710//1807 4535//1807
f 4535//1808 2710//1808 4536//1808
f 4535//1809 4536//1809 4537//1809
f 4537//1810 4536//1810 4538//1810
f 4537//1811 4538//1811 4539//1811
f 4539//1812 4538//1812 4540//1812
f 4539//1813 4540//1813 4541//1813
f 4541//1814 4540//1814 4542//1814
f 4541//1815 4542//1815 4543//1815
f 4543//1816 4542//1816 4544//1816
f 4535//1817 4545//1817 2712//1817
f 2712//1818 4545//1818 2716//1818
f 2716//1819 4545//1819 4546//1819
f 2716//1820 4546//1820 2717//1820
f 4543//820 4544//820 2852//820
f 2852//820 4544//820 2854//820
f 2647//1821 4538//1821 2648//1821
f 2648//1821 4538//1821 4536//1821
f 2648//1822 4536//1822 2710//1822
f 4538//1823 2647//1823 2854//1823
f 2854//1824 2647//1824 2847//1824
f 2854//1825 2847//1825 2853//1825
f 4538//1826 2854//1826 4540//1826
f 4540//1826 2854//1826 4544//1826
f 4540//1827 4544//1827 4542//1827
f 2723//875 2711//875 4365//875
f 4365//875 2711//875 2715//875
f 4365//876 2715//876 4367//876
f 4367//876 2715//876 2714//876
f 4367//1806 2714//1806 4371//1806
f 4371//1746 2714//1746 2713//1746
f 4371//878 2713//878 4374//878
f 4374//1750 2713//1750 2718//1750
f 4374//879 2718//879 4375//879
f 4375//879 2718//879 2719//879
f 4375//880 2719//880 4376//880
f 4376//880 2719//880 2720//880
f 4376//819 2720//819 4378//819
f 4378//819 2720//819 2722//819
f 4373//880 2677//880 4372//880
f 4372//880 2677//880 2676//880
f 4372//879 2676//879 4370//879
f 4370//879 2676//879 2674//879
f 4370//1750 2674//1750 4369//1750
f 4369//878 2674//878 2673//878
f 4369//877 2673//877 4368//877
f 4368//877 2673//877 2672//877
f 4368//876 2672//876 4366//876
f 4366//876 2672//876 2670//876
f 4366//875 2670//875 4364//875
f 4364//875 2670//875 2667//875
f 4364//820 2667//820 2926//820
f 2926//820 2667//820 2666//820
f 2683//875 2668//875 4547//875
f 4547//875 2668//875 2669//875
f 4547//876 2669//876 4548//876
f 4548//876 2669//876 2671//876
f 4548//1806 2671//1806 4549//1806
f 4549//1746 2671//1746 2675//1746
f 4549//878 2675//878 4550//878
f 4550//1750 2675//1750 2681//1750
f 4550//879 2681//879 4551//879
f 4551//879 2681//879 2680//879
f 4551//880 2680//880 4552//880
f 4552//880 2680//880 2679//880
f 4552//819 2679//819 4553//819
f 4553//819 2679//819 2682//819
f 4554//880 2740//880 4555//880
f 4555//880 2740//880 2739//880
f 4555//879 2739//879 4556//879
f 4556//879 2739//879 2737//879
f 4556//1828 2737//1828 4557//1828
f 4557//878 2737//878 2736//878
f 4557//1746 2736//1746 4558//1746
f 4558//877 2736//877 2735//877
f 4558//876 2735//876 4559//876
f 4559//876 2735//876 2733//876
f 4559//875 2733//875 4560//875
f 4560//875 2733//875 2730//875
f 4560//820 2730//820 4561//820
f 4561//820 2730//820 2729//820
f 2746//875 2731//875 4380//875
f 4380//875 2731//875 2732//875
f 4380//876 2732//876 4382//876
f 4382//876 2732//876 2734//876
f 4382//1806 2734//1806 4386//1806
f 4386//1746 2734//1746 2738//1746
f 4386//878 2738//878 4389//878
f 4389//1750 2738//1750 2744//1750
f 4389//879 2744//879 4390//879
f 4390//879 2744//879 2743//879
f 4390//880 2743//880 4391//880
f 4391//880 2743//880 2742//880
f 4391//819 2742//819 4393//819
f 4393//819 2742//819 2745//819
f 4388//880 2809//880 4387//880
f 4387//880 2809//880 2808//880
f 4387//879 2808//879 4385//879
f 4385//879 2808//879 2806//879
f 4385//1750 2806//1750 4384//1750
f 4384//878 2806//878 2805//878
f 4384//877 2805//877 4383//877
f 4383//877 2805//877 2804//877
f 4383//876 2804//876 4381//876
f 4381//876 2804//876 2802//876
f 4381//875 2802//875 4379//875
f 4379//875 2802//875 2799//875
f 4379//820 2799//820 2845//820
f 2845//820 2799//820 2798//820
f 2815//875 2800//875 4562//875
f 4562//875 2800//875 2801//875
f 4562//876 2801//876 4563//876
f 4563//876 2801//876 2803//876
f 4563//1806 2803//1806 4564//1806
f 4564//1746 2803//1746 2807//1746
f 4564//878 2807//878 4565//878
f 4565//1750 2807//1750 2813//1750
f 4565//879 2813//879 4566//879
f 4566//879 2813//879 2812//879
f 4566//880 2812//880 4567//880
f 4567//880 2812//880 2811//880
f 4567//819 2811//819 4568//819
f 4568//819 2811//819 2814//819
f 1816//1829 2902//1829 4499//1829
f 4499//1829 2902//1829 4569//1829
f 4499//1830 4569//1830 4498//1830
f 4498//1831 4569//1831 4570//1831
f 4498//1832 4570//1832 4497//1832
f 4497//1833 4570//1833 4571//1833
f 4497//1834 4571//1834 4496//1834
f 4496//1834 4571//1834 4572//1834
f 4496//1835 4572//1835 4495//1835
f 4495//1835 4572//1835 4573//1835
f 4495//1836 4573//1836 3854//1836
f 3854//1836 4573//1836 4574//1836
f 4574//1837 4573//1837 4575//1837
f 4574//1837 4575//1837 4576//1837
f 4576//1838 4575//1838 4577//1838
f 4576//1838 4577//1838 4578//1838
f 4578//1839 4577//1839 4579//1839
f 4578//1839 4579//1839 4580//1839
f 4580//1840 4579//1840 4581//1840
f 4580//1840 4581//1840 4582//1840
f 4582//1841 4581//1841 1246//1841
f 4582//1842 1246//1842 1247//1842
f 2902//1843 2900//1843 4569//1843
f 4569//1844 2900//1844 4583//1844
f 4569//1845 4583//1845 4570//1845
f 4570//1846 4583//1846 4584//1846
f 4570//1847 4584//1847 4571//1847
f 4571//1847 4584//1847 4585//1847
f 4571//1848 4585//1848 4572//1848
f 4572//1849 4585//1849 4586//1849
f 4572//1850 4586//1850 4573//1850
f 4573//1851 4586//1851 4575//1851
f 2900//1852 2881//1852 4583//1852
f 4583//1853 2881//1853 4587//1853
f 4583//1854 4587//1854 4584//1854
f 4584//1855 4587//1855 4588//1855
f 4584//1856 4588//1856 4585//1856
f 4585//1857 4588//1857 4589//1857
f 4585//1858 4589//1858 4586//1858
f 4586//1859 4589//1859 4590//1859
f 4586//1860 4590//1860 4575//1860
f 4575//1861 4590//1861 4577//1861
f 2881//1862 2882//1862 4587//1862
f 4587//1862 2882//1862 4591//1862
f 4587//1863 4591//1863 4588//1863
f 4588//1863 4591//1863 4592//1863
f 4588//1864 4592//1864 4589//1864
f 4589//1865 4592//1865 4593//1865
f 4589//1866 4593//1866 4590//1866
f 4590//1866 4593//1866 4594//1866
f 4590//1867 4594//1867 4577//1867
f 4577//1868 4594//1868 4579//1868
f 2882//1869 2884//1869 4591//1869
f 4591//1869 2884//1869 4595//1869
f 4591//1870 4595//1870 4592//1870
f 4592//1871 4595//1871 4596//1871
f 4592//1872 4596//1872 4593//1872
f 4593//1872 4596//1872 4597//1872
f 4593//1873 4597//1873 4594//1873
f 4594//1874 4597//1874 4598//1874
f 4594//1875 4598//1875 4579//1875
f 4579//1875 4598//1875 4581//1875
f 2884//1876 1235//1876 4595//1876
f 4595//1876 1235//1876 1242//1876
f 4595//1877 1242//1877 4596//1877
f 4596//1877 1242//1877 1243//1877
f 4596//1878 1243//1878 4597//1878
f 4597//1879 1243//1879 1244//1879
f 4597//1880 1244//1880 4598//1880
f 4598//1880 1244//1880 1245//1880
f 4598//1881 1245//1881 4581//1881
f 4581//1882 1245//1882 1246//1882
f 1247//806 1240//806 4599//806
f 4599//1883 1240//1883 3847//1883
f 4599//1884 3847//1884 4600//1884
f 4600//1885 3847//1885 3843//1885
f 4600//1886 3843//1886 4601//1886
f 4601//1887 3843//1887 3841//1887
f 4601//1888 3841//1888 3839//1888
f 3837//1889 4602//1889 3839//1889
f 3839//1890 4602//1890 4603//1890
f 3839//1891 4603//1891 4604//1891
f 4604//809 4603//809 4605//809
f 4604//809 4605//809 4606//809
f 4606//809 4605//809 4578//809
f 4606//809 4578//809 4580//809
f 3835//1892 4607//1892 3837//1892
f 3837//1893 4607//1893 4608//1893
f 3837//1894 4608//1894 4603//1894
f 4603//810 4608//810 4609//810
f 4603//810 4609//810 4605//810
f 4605//810 4609//810 4576//810
f 4605//810 4576//810 4578//810
f 3835//1895 3833//1895 4607//1895
f 4607//1300 3833//1300 4608//1300
f 3829//1896 4610//1896 3833//1896
f 3833//1897 4610//1897 4611//1897
f 3833//1898 4611//1898 4608//1898
f 4608//811 4611//811 4612//811
f 4608//811 4612//811 4609//811
f 4609//811 4612//811 4574//811
f 4609//811 4574//811 4576//811
f 3827//1899 3854//1899 3829//1899
f 3829//1900 3854//1900 4611//1900
f 3829//1901 4611//1901 4610//1901
f 4611//812 3854//812 4612//812
f 4612//812 3854//812 4574//812
f 4606//807 4580//807 4613//807
f 4613//807 4580//807 4582//807
f 4613//806 4582//806 1247//806
f 4613//806 1247//806 4599//806
f 4606//807 4613//807 4599//807
f 4599//807 4600//807 4604//807
f 4604//807 4600//807 4601//807
f 4604//1902 4601//1902 3839//1902
f 4604//807 4606//807 4599//807
f 3837//1903 4603//1903 4602//1903
f 1338//946 1337//946 2724//946
f 2724//946 1337//946 4614//946
f 2724//945 4614//945 2725//945
f 2725//945 4614//945 4615//945
f 2725//944 4615//944 2726//944
f 2726//943 4615//943 4616//943
f 2726//966 4616//966 2727//966
f 2727//942 4616//942 4617//942
f 2727//940 4617//940 2728//940
f 2728//940 4617//940 4618//940
f 2728//939 4618//939 2729//939
f 2729//939 4618//939 4561//939
f 3011//1904 3009//1904 4619//1904
f 4619//1905 3009//1905 4620//1905
f 4619//1906 4620//1906 4621//1906
f 4621//1907 4620//1907 4622//1907
f 4621//1908 4622//1908 4623//1908
f 4623//1909 4622//1909 4624//1909
f 4623//1910 4624//1910 4625//1910
f 4625//1911 4624//1911 4626//1911
f 4625//1912 4626//1912 4627//1912
f 4627//1913 4626//1913 4628//1913
f 4627//1914 4628//1914 4629//1914
f 4629//1915 4628//1915 4630//1915
f 4629//1916 4630//1916 4631//1916
f 4629//1917 4631//1917 4632//1917
f 4632//1918 4631//1918 4633//1918
f 4632//1919 4633//1919 4634//1919
f 4634//1920 4633//1920 4635//1920
f 4634//1921 4635//1921 4636//1921
f 4636//1921 4635//1921 4637//1921
f 4636//1922 4637//1922 4638//1922
f 4638//1923 4637//1923 4639//1923
f 4638//1924 4639//1924 2933//1924
f 2933//1925 2932//1925 4638//1925
f 4638//1926 2932//1926 4640//1926
f 4638//1927 4640//1927 4636//1927
f 4636//1928 4640//1928 4641//1928
f 4636//1929 4641//1929 4634//1929
f 4634//1930 4641//1930 4642//1930
f 4634//1931 4642//1931 4632//1931
f 4632//1932 4642//1932 4643//1932
f 4632//1933 4643//1933 4629//1933
f 4629//1934 4643//1934 4627//1934
f 2932//1935 2934//1935 4640//1935
f 4640//1936 2934//1936 4644//1936
f 4640//1937 4644//1937 4641//1937
f 4641//1938 4644//1938 4645//1938
f 4641//1939 4645//1939 4642//1939
f 4642//1940 4645//1940 4646//1940
f 4642//1941 4646//1941 4643//1941
f 4643//1941 4646//1941 4647//1941
f 4643//1942 4647//1942 4627//1942
f 4627//1943 4647//1943 4625//1943
f 2934//1944 2935//1944 4644//1944
f 4644//1945 2935//1945 4648//1945
f 4644//1946 4648//1946 4645//1946
f 4645//1946 4648//1946 4649//1946
f 4645//1947 4649//1947 4646//1947
f 4646//1948 4649//1948 4650//1948
f 4646//1949 4650//1949 4647//1949
f 4647//1949 4650//1949 4651//1949
f 4647//1950 4651//1950 4625//1950
f 4625//1951 4651//1951 4623//1951
f 2935//1952 2936//1952 4648//1952
f 4648//1953 2936//1953 4652//1953
f 4648//1954 4652//1954 4649//1954
f 4649//1954 4652//1954 4653//1954
f 4649//1955 4653//1955 4650//1955
f 4650//1955 4653//1955 4654//1955
f 4650//1956 4654//1956 4651//1956
f 4651//1956 4654//1956 4655//1956
f 4651//1957 4655//1957 4623//1957
f 4623//1957 4655//1957 4621//1957
f 2936//1958 2937//1958 4652//1958
f 4652//1959 2937//1959 4656//1959
f 4652//1960 4656//1960 4653//1960
f 4653//1961 4656//1961 4657//1961
f 4653//1962 4657//1962 4654//1962
f 4654//1962 4657//1962 4658//1962
f 4654//1963 4658//1963 4655//1963
f 4655//1963 4658//1963 4659//1963
f 4655//1964 4659//1964 4621//1964
f 4621//1964 4659//1964 4619//1964
f 2937//1965 2938//1965 4656//1965
f 4656//1966 2938//1966 3004//1966
f 4656//1967 3004//1967 4657//1967
f 4657//1968 3004//1968 3006//1968
f 4657//1969 3006//1969 4658//1969
f 4658//1969 3006//1969 3008//1969
f 4658//1970 3008//1970 4659//1970
f 4659//1970 3008//1970 3010//1970
f 4659//1971 3010//1971 4619//1971
f 4619//1971 3010//1971 3011//1971
f 4660//1972 4661//1972 3013//1972
f 3013//1972 4661//1972 4662//1972
f 3013//1972 4662//1972 4663//1972
f 4663//1973 4662//1973 4664//1973
f 4663//1973 4664//1973 4665//1973
f 4665//1974 4664//1974 4666//1974
f 4665//1974 4666//1974 4667//1974
f 4667//1975 4666//1975 4668//1975
f 4667//1975 4668//1975 4669//1975
f 4669//1976 4668//1976 4670//1976
f 4669//1976 4670//1976 4671//1976
f 4671//1977 4670//1977 4672//1977
f 4671//1977 4672//1977 4673//1977
f 4673//1977 4672//1977 4674//1977
f 4673//1976 4674//1976 4675//1976
f 4675//1976 4674//1976 4676//1976
f 4675//1975 4676//1975 4677//1975
f 4677//1975 4676//1975 4678//1975
f 4677//1974 4678//1974 4679//1974
f 4679//1974 4678//1974 4680//1974
f 4679//1973 4680//1973 4681//1973
f 4681//1973 4680//1973 4682//1973
f 4681//1972 4682//1972 3013//1972
f 3013//1978 4682//1978 4683//1978
f 3013//1979 4683//1979 4684//1979
f 4684//1973 4683//1973 4685//1973
f 4684//1973 4685//1973 4686//1973
f 4686//1974 4685//1974 4687//1974
f 4686//1974 4687//1974 4688//1974
f 4688//1975 4687//1975 4689//1975
f 4688//1975 4689//1975 4690//1975
f 4690//1976 4689//1976 4691//1976
f 4690//1976 4691//1976 4692//1976
f 4692//1977 4691//1977 4630//1977
f 4692//1977 4630//1977 4693//1977
f 4693//1977 4630//1977 4694//1977
f 4693//1976 4694//1976 4695//1976
f 4695//1976 4694//1976 4696//1976
f 4695//1975 4696//1975 4697//1975
f 4697//1975 4696//1975 4698//1975
f 4697//1974 4698//1974 4699//1974
f 4699//1974 4698//1974 4700//1974
f 4699//1973 4700//1973 4701//1973
f 4701//1973 4700//1973 4702//1973
f 4701//1972 4702//1972 3009//1972
f 3009//1980 4702//1980 4703//1980
f 3009//1972 4703//1972 4704//1972
f 4704//1973 4703//1973 4705//1973
f 4704//1973 4705//1973 4706//1973
f 4706//1974 4705//1974 4707//1974
f 4706//1974 4707//1974 4708//1974
f 4708//1975 4707//1975 4709//1975
f 4708//1975 4709//1975 4710//1975
f 4710//1976 4709//1976 4711//1976
f 4710//1976 4711//1976 4628//1976
f 4628//1977 4711//1977 4630//1977
f 4630//1977 4711//1977 4712//1977
f 4630//1977 4712//1977 4713//1977
f 4713//1976 4712//1976 4714//1976
f 4713//1976 4714//1976 4715//1976
f 4715//1975 4714//1975 4716//1975
f 4715//1975 4716//1975 4717//1975
f 4717//1974 4716//1974 4718//1974
f 4717//1974 4718//1974 4700//1974
f 4700//1973 4718//1973 4702//1973
f 4661//1973 4660//1973 4719//1973
f 4719//1973 4660//1973 4720//1973
f 4719//1974 4720//1974 4721//1974
f 4721//1974 4720//1974 4722//1974
f 4721//1975 4722//1975 4723//1975
f 4723//1975 4722//1975 4724//1975
f 4723//1976 4724//1976 4725//1976
f 4725//1976 4724//1976 4726//1976
f 4725//1977 4726//1977 4672//1977
f 4630//1977 4727//1977 4672//1977
f 4672//1977 4727//1977 4728//1977
f 4672//1977 4728//1977 4674//1977
f 4674//1976 4728//1976 4676//1976
f 4628//1976 4626//1976 4710//1976
f 4710//1975 4626//1975 4729//1975
f 4710//1975 4729//1975 4708//1975
f 4708//1974 4729//1974 4730//1974
f 4708//1974 4730//1974 4706//1974
f 4706//1973 4730//1973 4731//1973
f 4706//1973 4731//1973 4704//1973
f 4704//1972 4731//1972 3009//1972
f 4626//1975 4624//1975 4729//1975
f 4729//1974 4624//1974 4732//1974
f 4729//1974 4732//1974 4730//1974
f 4730//1973 4732//1973 4733//1973
f 4730//1973 4733//1973 4731//1973
f 4731//1972 4733//1972 3009//1972
f 4624//1974 4622//1974 4732//1974
f 4732//1973 4622//1973 4734//1973
f 4732//1973 4734//1973 4733//1973
f 4733//1972 4734//1972 3009//1972
f 4622//1973 4620//1973 4734//1973
f 4734//1972 4620//1972 3009//1972
f 3013//1972 4735//1972 3009//1972
f 3009//1981 4735//1981 4736//1981
f 3009//1978 4736//1978 4737//1978
f 4737//1973 4736//1973 4738//1973
f 4737//1973 4738//1973 4739//1973
f 4739//1974 4738//1974 4740//1974
f 4739//1974 4740//1974 4697//1974
f 4697//1975 4740//1975 4695//1975
f 4662//1973 4661//1973 4741//1973
f 4741//1973 4661//1973 4719//1973
f 4741//1974 4719//1974 4742//1974
f 4742//1974 4719//1974 4721//1974
f 4742//1975 4721//1975 4743//1975
f 4743//1975 4721//1975 4723//1975
f 4743//1976 4723//1976 4744//1976
f 4744//1976 4723//1976 4725//1976
f 4744//1977 4725//1977 4672//1977
f 4663//1972 4745//1972 3013//1972
f 3013//1972 4745//1972 4746//1972
f 3013//1972 4746//1972 4747//1972
f 4747//1973 4746//1973 4748//1973
f 4747//1973 4748//1973 4749//1973
f 4749//1974 4748//1974 4750//1974
f 4749//1974 4750//1974 4677//1974
f 4677//1975 4750//1975 4675//1975
f 4663//1973 4665//1973 4745//1973
f 4745//1973 4665//1973 4751//1973
f 4745//1973 4751//1973 4746//1973
f 4746//1973 4751//1973 4748//1973
f 4681//1972 3013//1972 4752//1972
f 4752//1972 3013//1972 4747//1972
f 4752//1973 4747//1973 4749//1973
f 4679//1973 4681//1973 4752//1973
f 4679//1973 4752//1973 4749//1973
f 4735//1982 3013//1982 4684//1982
f 4683//1973 4682//1973 4753//1973
f 4753//1973 4682//1973 4680//1973
f 4753//1974 4680//1974 4754//1974
f 4754//1974 4680//1974 4678//1974
f 4754//1975 4678//1975 4755//1975
f 4755//1975 4678//1975 4676//1975
f 4755//1976 4676//1976 4728//1976
f 4684//1973 4686//1973 4735//1973
f 4735//1973 4686//1973 4756//1973
f 4735//1973 4756//1973 4736//1973
f 4736//1973 4756//1973 4738//1973
f 4701//1980 3009//1980 4757//1980
f 4757//1972 3009//1972 4737//1972
f 4757//1973 4737//1973 4739//1973
f 4699//1973 4701//1973 4757//1973
f 4699//1973 4757//1973 4739//1973
f 4705//1973 4703//1973 4718//1973
f 4718//1973 4703//1973 4702//1973
f 4662//1973 4741//1973 4664//1973
f 4664//1974 4741//1974 4758//1974
f 4664//1974 4758//1974 4666//1974
f 4666//1975 4758//1975 4759//1975
f 4666//1975 4759//1975 4668//1975
f 4668//1976 4759//1976 4760//1976
f 4668//1976 4760//1976 4670//1976
f 4670//1977 4760//1977 4672//1977
f 4758//1974 4741//1974 4742//1974
f 4665//1974 4667//1974 4751//1974
f 4751//1974 4667//1974 4761//1974
f 4751//1974 4761//1974 4748//1974
f 4748//1974 4761//1974 4750//1974
f 4677//1974 4679//1974 4749//1974
f 4683//1973 4753//1973 4685//1973
f 4685//1974 4753//1974 4762//1974
f 4685//1974 4762//1974 4687//1974
f 4687//1975 4762//1975 4763//1975
f 4687//1975 4763//1975 4689//1975
f 4689//1976 4763//1976 4764//1976
f 4689//1976 4764//1976 4691//1976
f 4691//1977 4764//1977 4630//1977
f 4762//1974 4753//1974 4754//1974
f 4686//1974 4688//1974 4756//1974
f 4756//1974 4688//1974 4765//1974
f 4756//1974 4765//1974 4738//1974
f 4738//1974 4765//1974 4740//1974
f 4697//1974 4699//1974 4739//1974
f 4717//1974 4700//1974 4698//1974
f 4707//1974 4705//1974 4716//1974
f 4716//1974 4705//1974 4718//1974
f 4758//1975 4742//1975 4766//1975
f 4766//1975 4742//1975 4743//1975
f 4766//1976 4743//1976 4767//1976
f 4767//1976 4743//1976 4744//1976
f 4767//1977 4744//1977 4672//1977
f 4667//1975 4669//1975 4761//1975
f 4761//1975 4669//1975 4768//1975
f 4761//1975 4768//1975 4750//1975
f 4750//1975 4768//1975 4675//1975
f 4762//1975 4754//1975 4769//1975
f 4769//1975 4754//1975 4755//1975
f 4769//1976 4755//1976 4727//1976
f 4727//1976 4755//1976 4728//1976
f 4688//1975 4690//1975 4765//1975
f 4765//1975 4690//1975 4770//1975
f 4765//1975 4770//1975 4740//1975
f 4740//1975 4770//1975 4695//1975
f 4717//1975 4698//1975 4771//1975
f 4771//1975 4698//1975 4696//1975
f 4771//1976 4696//1976 4772//1976
f 4772//1976 4696//1976 4694//1976
f 4772//1977 4694//1977 4630//1977
f 4709//1975 4707//1975 4714//1975
f 4714//1975 4707//1975 4716//1975
f 4758//1975 4766//1975 4759//1975
f 4759//1976 4766//1976 4773//1976
f 4759//1976 4773//1976 4760//1976
f 4760//1977 4773//1977 4672//1977
f 4773//1976 4766//1976 4767//1976
f 4673//1976 4675//1976 4768//1976
f 4673//1976 4768//1976 4671//1976
f 4671//1976 4768//1976 4669//1976
f 4762//1975 4769//1975 4763//1975
f 4763//1976 4769//1976 4774//1976
f 4763//1976 4774//1976 4764//1976
f 4764//1977 4774//1977 4630//1977
f 4774//1976 4769//1976 4727//1976
f 4693//1976 4695//1976 4770//1976
f 4693//1976 4770//1976 4692//1976
f 4692//1976 4770//1976 4690//1976
f 4717//1975 4771//1975 4715//1975
f 4715//1976 4771//1976 4775//1976
f 4715//1976 4775//1976 4713//1976
f 4713//1977 4775//1977 4630//1977
f 4775//1976 4771//1976 4772//1976
f 4711//1976 4709//1976 4712//1976
f 4712//1976 4709//1976 4714//1976
f 4672//1977 4773//1977 4767//1977
f 4630//1977 4774//1977 4727//1977
f 4630//1977 4775//1977 4772//1977
f 3005//1983 2830//1983 4776//1983
f 4776//1984 2830//1984 2829//1984
f 4776//1985 2829//1985 4777//1985
f 4777//1986 2829//1986 2828//1986
f 4777//1987 2828//1987 4778//1987
f 4778//1988 2828//1988 2827//1988
f 4778//1989 2827//1989 4779//1989
f 4779//1990 2827//1990 2826//1990
f 4779//1991 2826//1991 4780//1991
f 4780//1992 2826//1992 2825//1992
f 4780//1993 2825//1993 4781//1993
f 4781//1994 2825//1994 2831//1994
f 4781//1995 2831//1995 4782//1995
f 4781//1996 4782//1996 4783//1996
f 4783//1997 4782//1997 4784//1997
f 4783//1998 4784//1998 4785//1998
f 4785//1999 4784//1999 4786//1999
f 4785//2000 4786//2000 4787//2000
f 4787//2001 4786//2001 4788//2001
f 4787//2002 4788//2002 4789//2002
f 4789//2002 4788//2002 4790//2002
f 4789//2003 4790//2003 4672//2003
f 4672//2004 4726//2004 4789//2004
f 4789//2005 4726//2005 4791//2005
f 4789//2006 4791//2006 4787//2006
f 4787//2007 4791//2007 4792//2007
f 4787//2008 4792//2008 4785//2008
f 4785//2008 4792//2008 4793//2008
f 4785//2009 4793//2009 4783//2009
f 4783//2009 4793//2009 4794//2009
f 4783//2010 4794//2010 4781//2010
f 4781//2011 4794//2011 4780//2011
f 4726//2012 4724//2012 4791//2012
f 4791//2013 4724//2013 4795//2013
f 4791//2014 4795//2014 4792//2014
f 4792//2015 4795//2015 4796//2015
f 4792//2016 4796//2016 4793//2016
f 4793//2017 4796//2017 4797//2017
f 4793//2018 4797//2018 4794//2018
f 4794//2018 4797//2018 4798//2018
f 4794//2019 4798//2019 4780//2019
f 4780//2019 4798//2019 4779//2019
f 4724//2020 4722//2020 4795//2020
f 4795//2021 4722//2021 4799//2021
f 4795//2022 4799//2022 4796//2022
f 4796//2022 4799//2022 4800//2022
f 4796//2023 4800//2023 4797//2023
f 4797//2023 4800//2023 4801//2023
f 4797//2024 4801//2024 4798//2024
f 4798//2025 4801//2025 4802//2025
f 4798//2026 4802//2026 4779//2026
f 4779//2026 4802//2026 4778//2026
f 4722//2027 4720//2027 4799//2027
f 4799//2028 4720//2028 4803//2028
f 4799//2029 4803//2029 4800//2029
f 4800//2029 4803//2029 4804//2029
f 4800//2030 4804//2030 4801//2030
f 4801//2030 4804//2030 4805//2030
f 4801//2031 4805//2031 4802//2031
f 4802//2032 4805//2032 4806//2032
f 4802//2033 4806//2033 4778//2033
f 4778//2033 4806//2033 4777//2033
f 4720//2034 4660//2034 4803//2034
f 4803//2035 4660//2035 4807//2035
f 4803//2036 4807//2036 4804//2036
f 4804//2036 4807//2036 4808//2036
f 4804//2037 4808//2037 4805//2037
f 4805//2037 4808//2037 4809//2037
f 4805//2038 4809//2038 4806//2038
f 4806//2038 4809//2038 4810//2038
f 4806//2039 4810//2039 4777//2039
f 4777//2040 4810//2040 4776//2040
f 4660//2041 3013//2041 4807//2041
f 4807//2042 3013//2042 3015//2042
f 4807//2043 3015//2043 4808//2043
f 4808//2043 3015//2043 3014//2043
f 4808//2044 3014//2044 4809//2044
f 4809//2044 3014//2044 3012//2044
f 4809//2045 3012//2045 4810//2045
f 4810//2045 3012//2045 3007//2045
f 4810//2046 3007//2046 4776//2046
f 4776//2047 3007//2047 3005//2047
f 2933//848 4811//848 2816//848
f 2816//848 4811//848 2817//848
f 4811//34 2933//34 4812//34
f 4812//34 2933//34 4639//34
f 4812//20 4639//20 4813//20
f 4813//20 4639//20 4637//20
f 4813//19 4637//19 4814//19
f 4814//32 4637//32 4635//32
f 4814//18 4635//18 4815//18
f 4815//18 4635//18 4633//18
f 4815//17 4633//17 4816//17
f 4816//17 4633//17 4631//17
f 4816//16 4631//16 4630//16
f 4630//16 4817//16 4816//16
f 4816//2048 4817//2048 4818//2048
f 4816//17 4818//17 4815//17
f 4815//17 4818//17 4819//17
f 4815//41 4819//41 4814//41
f 4814//18 4819//18 4820//18
f 4814//32 4820//32 4813//32
f 4813//19 4820//19 4821//19
f 4813//20 4821//20 4812//20
f 4812//20 4821//20 4822//20
f 4812//34 4822//34 4811//34
f 4823//15 4817//15 4824//15
f 4824//15 4817//15 4630//15
f 4824//15 4630//15 4825//15
f 4825//15 4630//15 4672//15
f 4825//15 4672//15 4826//15
f 4826//15 4672//15 4823//15
f 4823//15 4672//15 4827//15
f 4823//15 4827//15 4817//15
f 4827//14 4672//14 4828//14
f 4828//14 4672//14 4790//14
f 4828//13 4790//13 4829//13
f 4829//13 4790//13 4788//13
f 4829//12 4788//12 4830//12
f 4830//12 4788//12 4786//12
f 4830//2049 4786//2049 4831//2049
f 4831//39 4786//39 4784//39
f 4831//9 4784//9 4832//9
f 4832//9 4784//9 4782//9
f 4832//8 4782//8 2831//8
f 2831//8 4833//8 4832//8
f 4832//8 4833//8 4834//8
f 4832//9 4834//9 4831//9
f 4831//9 4834//9 4835//9
f 4831//39 4835//39 4830//39
f 4830//2049 4835//2049 4836//2049
f 4830//12 4836//12 4829//12
f 4829//44 4836//44 4837//44
f 4829//13 4837//13 4828//13
f 4828//13 4837//13 4838//13
f 4828//2050 4838//2050 4827//2050
f 2833//820 4839//820 2831//820
f 2831//820 4839//820 4833//820
f 2641//1 2639//1 2643//1
f 2643//1 2639//1 2637//1
f 2643//1 2637//1 2635//1
f 2635//1 2633//1 2643//1
f 2643//929 2633//929 2824//929
f 2824//1 2633//1 2832//1
f 2832//1 2633//1 2833//1
f 2833//1 2633//1 2631//1
f 2833//1 2631//1 2629//1
f 2629//1 2815//1 2833//1
f 2833//1 2815//1 4839//1
f 4839//1 2815//1 4562//1
f 4839//1 4562//1 4563//1
f 4564//1 4840//1 4563//1
f 4563//1 4840//1 4841//1
f 4563//1 4841//1 4842//1
f 4565//1 4843//1 4564//1
f 4564//1 4843//1 4844//1
f 4564//1 4844//1 4840//1
f 4843//928 4565//928 4845//928
f 4845//1 4565//1 4566//1
f 4845//1 4566//1 4567//1
f 4568//1 4846//1 4567//1
f 4567//1 4846//1 4845//1
f 4842//1 4839//1 4563//1
f 4847//2051 4848//2051 4849//2051
f 4849//2052 4848//2052 4850//2052
f 4849//2053 4850//2053 4851//2053
f 4851//2054 4850//2054 4852//2054
f 4851//2055 4852//2055 4853//2055
f 4853//2056 4852//2056 4854//2056
f 4854//2057 4852//2057 4855//2057
f 4854//2058 4855//2058 4397//2058
f 4397//2059 4855//2059 4856//2059
f 4397//2059 4856//2059 4398//2059
f 4398//2059 4856//2059 4857//2059
f 4398//2060 4857//2060 4858//2060
f 4858//2061 4857//2061 4859//2061
f 4858//2062 4859//2062 4860//2062
f 4860//2063 4859//2063 4861//2063
f 4860//2064 4861//2064 4862//2064
f 4862//815 4861//815 4863//815
f 4862//2065 4863//2065 4864//2065
f 4864//2066 4863//2066 4865//2066
f 4864//2067 4865//2067 4866//2067
f 4866//2068 4865//2068 4867//2068
f 4866//2069 4867//2069 4868//2069
f 4868//2070 4867//2070 4869//2070
f 4869//818 4867//818 4870//818
f 4869//818 4870//818 4871//818
f 4871//817 4870//817 4848//817
f 4871//2071 4848//2071 4847//2071
f 4847//2072 4872//2072 4871//2072
f 4871//2073 4872//2073 4873//2073
f 4871//2074 4873//2074 4869//2074
f 4869//2075 4873//2075 4874//2075
f 4869//2076 4874//2076 4875//2076
f 4864//2077 4860//2077 4862//2077
f 4854//2078 4397//2078 4876//2078
f 4876//2079 4397//2079 4396//2079
f 4876//2080 4396//2080 4395//2080
f 4876//2081 4395//2081 4877//2081
f 4877//2082 4395//2082 4394//2082
f 4877//2083 4394//2083 2817//2083
f 2817//2084 4394//2084 2821//2084
f 4863//816 4850//816 4878//816
f 4878//816 4850//816 4848//816
f 4878//817 4848//817 4870//817
f 4850//815 4863//815 4852//815
f 4852//815 4863//815 4861//815
f 4852//814 4861//814 4855//814
f 4855//814 4861//814 4856//814
f 4867//817 4865//817 4878//817
f 4878//816 4865//816 4863//816
f 4867//817 4878//817 4870//817
f 4856//814 4861//814 4859//814
f 4857//814 4856//814 4859//814
f 2125//819 2075//819 4245//819
f 4245//819 2075//819 3975//819
f 4245//819 3975//819 4188//819
f 2130//819 3037//819 2125//819
f 2125//819 3037//819 3038//819
f 2125//819 3038//819 3039//819
f 4869//819 4879//819 2130//819
f 2130//819 4879//819 4880//819
f 2130//819 4880//819 3036//819
f 3036//819 4880//819 3035//819
f 3035//819 4880//819 3034//819
f 3034//819 4880//819 4881//819
f 3034//819 4881//819 4882//819
f 4882//819 4881//819 4883//819
f 4883//819 4881//819 4884//819
f 4883//819 4884//819 4869//819
f 4869//819 4884//819 4879//819
f 4875//819 4885//819 4869//819
f 4869//819 4885//819 4886//819
f 4869//819 4886//819 4883//819
f 4883//819 4886//819 4887//819
f 4887//819 4886//819 4846//819
f 4887//819 4846//819 4888//819
f 4888//819 4846//819 2702//819
f 4888//819 2702//819 3022//819
f 3022//819 2702//819 3020//819
f 3020//819 2702//819 2698//819
f 3020//819 2698//819 3018//819
f 3018//819 2698//819 3016//819
f 3016//819 2698//819 2057//819
f 2057//819 2698//819 4420//819
f 2057//819 4420//819 3821//819
f 3821//819 4420//819 3865//819
f 3865//819 4420//819 4474//819
f 3865//819 4474//819 4494//819
f 4875//819 4889//819 4885//819
f 4885//819 4889//819 4890//819
f 4885//819 4890//819 4891//819
f 4892//819 4893//819 4886//819
f 4886//819 4893//819 4894//819
f 4886//819 4894//819 4895//819
f 4895//819 4896//819 4886//819
f 4886//819 4896//819 4897//819
f 4886//819 4897//819 4845//819
f 4845//819 4846//819 4886//819
f 4494//819 4493//819 3865//819
f 3865//819 4493//819 4492//819
f 3865//819 4492//819 4491//819
f 3821//819 3876//819 2057//819
f 2057//819 3876//819 3878//819
f 2057//819 3878//819 2055//819
f 2055//819 3878//819 3921//819
f 3921//819 3878//819 3880//819
f 3921//819 3880//819 3922//819
f 3022//819 3024//819 4888//819
f 4888//819 3024//819 3026//819
f 4888//819 3026//819 4882//819
f 4882//819 3026//819 3034//819
f 3036//819 3037//819 2130//819
f 3039//819 2075//819 2125//819
f 2073//819 4349//819 2075//819
f 2075//819 4349//819 4350//819
f 2075//819 4350//819 3975//819
f 2073//819 4329//819 4349//819
f 4349//819 4329//819 4351//819
f 4351//819 4329//819 4327//819
f 4224//819 4249//819 4188//819
f 4188//819 4249//819 4248//819
f 4188//819 4248//819 4247//819
f 4247//819 4246//819 4188//819
f 4188//819 4246//819 4245//819
f 4889//2085 4875//2085 4898//2085
f 4898//2086 4875//2086 4874//2086
f 4898//2087 4874//2087 4899//2087
f 4899//2088 4874//2088 4873//2088
f 4899//2089 4873//2089 4872//2089
f 4847//2090 4900//2090 4872//2090
f 4872//2091 4900//2091 4901//2091
f 4872//2092 4901//2092 4899//2092
f 4899//2093 4901//2093 4898//2093
f 4900//2094 4847//2094 4902//2094
f 4902//2095 4847//2095 4849//2095
f 4902//2096 4849//2096 4903//2096
f 4902//2097 4903//2097 4904//2097
f 4904//2098 4903//2098 4905//2098
f 4904//2099 4905//2099 4906//2099
f 4906//2100 4905//2100 4907//2100
f 4906//2101 4907//2101 4908//2101
f 4908//2102 4907//2102 4811//2102
f 4908//2103 4811//2103 4822//2103
f 4908//2104 4822//2104 4909//2104
f 4909//2105 4822//2105 4821//2105
f 4909//2106 4821//2106 4910//2106
f 4910//2107 4821//2107 4820//2107
f 4910//2108 4820//2108 4911//2108
f 4911//2109 4820//2109 4819//2109
f 4911//2110 4819//2110 4912//2110
f 4912//2110 4819//2110 4818//2110
f 4912//2111 4818//2111 4817//2111
f 4817//2112 4913//2112 4912//2112
f 4912//2113 4913//2113 4914//2113
f 4912//2114 4914//2114 4911//2114
f 4911//2114 4914//2114 4915//2114
f 4911//2115 4915//2115 4910//2115
f 4910//2115 4915//2115 4916//2115
f 4910//2116 4916//2116 4909//2116
f 4909//2117 4916//2117 4917//2117
f 4909//2118 4917//2118 4908//2118
f 4908//2118 4917//2118 4906//2118
f 4913//2119 4918//2119 4914//2119
f 4914//2120 4918//2120 4919//2120
f 4914//2121 4919//2121 4915//2121
f 4915//2122 4919//2122 4920//2122
f 4915//2123 4920//2123 4916//2123
f 4916//2124 4920//2124 4921//2124
f 4916//2125 4921//2125 4917//2125
f 4917//2126 4921//2126 4922//2126
f 4917//2127 4922//2127 4906//2127
f 4906//2127 4922//2127 4904//2127
f 4918//2128 4923//2128 4919//2128
f 4919//2129 4923//2129 4924//2129
f 4919//2130 4924//2130 4920//2130
f 4920//2131 4924//2131 4925//2131
f 4920//2132 4925//2132 4921//2132
f 4921//2132 4925//2132 4926//2132
f 4921//2133 4926//2133 4922//2133
f 4922//2133 4926//2133 4927//2133
f 4922//2134 4927//2134 4904//2134
f 4904//2134 4927//2134 4902//2134
f 4923//2135 4928//2135 4924//2135
f 4924//2136 4928//2136 4929//2136
f 4924//2137 4929//2137 4925//2137
f 4925//2138 4929//2138 4930//2138
f 4925//2139 4930//2139 4926//2139
f 4926//2139 4930//2139 4931//2139
f 4926//2140 4931//2140 4927//2140
f 4927//2141 4931//2141 4901//2141
f 4927//2142 4901//2142 4902//2142
f 4902//2142 4901//2142 4900//2142
f 4928//2143 4932//2143 4929//2143
f 4929//2144 4932//2144 4933//2144
f 4929//2145 4933//2145 4930//2145
f 4930//2145 4933//2145 4934//2145
f 4930//2146 4934//2146 4931//2146
f 4931//2146 4934//2146 4898//2146
f 4931//2093 4898//2093 4901//2093
f 4932//2147 4885//2147 4933//2147
f 4933//2148 4885//2148 4891//2148
f 4933//2149 4891//2149 4890//2149
f 4933//2150 4890//2150 4934//2150
f 4934//2151 4890//2151 4889//2151
f 4934//2152 4889//2152 4898//2152
f 4849//2153 4851//2153 4903//2153
f 4903//2154 4851//2154 4905//2154
f 4905//2155 4851//2155 4853//2155
f 4905//2156 4853//2156 4854//2156
f 4905//2157 4854//2157 4907//2157
f 4907//2158 4854//2158 4876//2158
f 4907//2159 4876//2159 4877//2159
f 2817//2160 4811//2160 4877//2160
f 4877//2161 4811//2161 4907//2161
f 4935//2162 4936//2162 4827//2162
f 4827//2162 4936//2162 4937//2162
f 4827//2162 4937//2162 4938//2162
f 4938//2163 4937//2163 4939//2163
f 4938//2163 4939//2163 4940//2163
f 4940//2164 4939//2164 4941//2164
f 4940//2164 4941//2164 4942//2164
f 4942//2165 4941//2165 4943//2165
f 4942//2165 4943//2165 4944//2165
f 4944//2166 4943//2166 4945//2166
f 4944//2166 4945//2166 4946//2166
f 4946//2167 4945//2167 4886//2167
f 4946//2167 4886//2167 4947//2167
f 4947//2167 4886//2167 4948//2167
f 4947//2168 4948//2168 4949//2168
f 4949//2166 4948//2166 4950//2166
f 4949//2165 4950//2165 4951//2165
f 4951//2165 4950//2165 4952//2165
f 4951//2164 4952//2164 4953//2164
f 4953//2164 4952//2164 4954//2164
f 4953//2163 4954//2163 4955//2163
f 4955//2163 4954//2163 4956//2163
f 4955//2162 4956//2162 4827//2162
f 4827//2162 4956//2162 4957//2162
f 4827//2162 4957//2162 4958//2162
f 4958//2163 4957//2163 4959//2163
f 4958//2163 4959//2163 4960//2163
f 4960//2164 4959//2164 4961//2164
f 4960//2164 4961//2164 4962//2164
f 4962//2165 4961//2165 4963//2165
f 4962//2165 4963//2165 4964//2165
f 4964//2166 4963//2166 4965//2166
f 4964//2168 4965//2168 4966//2168
f 4966//2167 4965//2167 4885//2167
f 4966//2167 4885//2167 4967//2167
f 4967//2167 4885//2167 4968//2167
f 4967//2166 4968//2166 4969//2166
f 4969//2166 4968//2166 4970//2166
f 4969//2165 4970//2165 4971//2165
f 4971//2165 4970//2165 4972//2165
f 4971//2164 4972//2164 4973//2164
f 4973//2164 4972//2164 4974//2164
f 4973//2163 4974//2163 4975//2163
f 4975//2163 4974//2163 4976//2163
f 4975//2162 4976//2162 4817//2162
f 4817//2162 4976//2162 4977//2162
f 4817//2162 4977//2162 4978//2162
f 4978//2163 4977//2163 4979//2163
f 4978//2163 4979//2163 4980//2163
f 4980//2164 4979//2164 4981//2164
f 4980//2164 4981//2164 4982//2164
f 4982//2165 4981//2165 4983//2165
f 4982//2165 4983//2165 4984//2165
f 4984//2166 4983//2166 4985//2166
f 4984//2166 4985//2166 4932//2166
f 4932//2167 4985//2167 4885//2167
f 4885//2167 4985//2167 4986//2167
f 4885//2167 4986//2167 4987//2167
f 4987//2166 4986//2166 4988//2166
f 4987//2166 4988//2166 4989//2166
f 4989//2165 4988//2165 4990//2165
f 4989//2165 4990//2165 4991//2165
f 4991//2164 4990//2164 4992//2164
f 4991//2164 4992//2164 4974//2164
f 4974//2163 4992//2163 4976//2163
f 4936//2163 4935//2163 4993//2163
f 4993//2163 4935//2163 4994//2163
f 4993//2164 4994//2164 4995//2164
f 4995//2164 4994//2164 4996//2164
f 4995//2165 4996//2165 4997//2165
f 4997//2165 4996//2165 4998//2165
f 4997//2166 4998//2166 4999//2166
f 4999//2168 4998//2168 5000//2168
f 4999//2167 5000//2167 4886//2167
f 4885//2167 5001//2167 4886//2167
f 4886//2167 5001//2167 5002//2167
f 4886//2167 5002//2167 4948//2167
f 4948//2166 5002//2166 4950//2166
f 4932//2166 4928//2166 4984//2166
f 4984//2165 4928//2165 5003//2165
f 4984//2165 5003//2165 4982//2165
f 4982//2164 5003//2164 5004//2164
f 4982//2164 5004//2164 4980//2164
f 4980//2163 5004//2163 5005//2163
f 4980//2163 5005//2163 4978//2163
f 4978//2162 5005//2162 4817//2162
f 4928//2165 4923//2165 5003//2165
f 5003//2164 4923//2164 5006//2164
f 5003//2164 5006//2164 5004//2164
f 5004//2163 5006//2163 5007//2163
f 5004//2163 5007//2163 5005//2163
f 5005//2162 5007//2162 4817//2162
f 4923//2164 4918//2164 5006//2164
f 5006//2163 4918//2163 5008//2163
f 5006//2163 5008//2163 5007//2163
f 5007//2162 5008//2162 4817//2162
f 4918//2163 4913//2163 5008//2163
f 5008//2162 4913//2162 4817//2162
f 4827//2162 5009//2162 4817//2162
f 4817//2162 5009//2162 5010//2162
f 4817//2162 5010//2162 5011//2162
f 5011//2163 5010//2163 5012//2163
f 5011//2163 5012//2163 5013//2163
f 5013//2164 5012//2164 5014//2164
f 5013//2164 5014//2164 4971//2164
f 4971//2165 5014//2165 4969//2165
f 4937//2163 4936//2163 5015//2163
f 5015//2163 4936//2163 4993//2163
f 5015//2164 4993//2164 5016//2164
f 5016//2164 4993//2164 4995//2164
f 5016//2165 4995//2165 5017//2165
f 5017//2165 4995//2165 4997//2165
f 5017//2166 4997//2166 5018//2166
f 5018//2168 4997//2168 4999//2168
f 5018//2167 4999//2167 4886//2167
f 4938//2162 5019//2162 4827//2162
f 4827//2162 5019//2162 5020//2162
f 4827//2162 5020//2162 5021//2162
f 5021//2163 5020//2163 5022//2163
f 5021//2163 5022//2163 5023//2163
f 5023//2164 5022//2164 5024//2164
f 5023//2164 5024//2164 4951//2164
f 4951//2165 5024//2165 4949//2165
f 4938//2163 4940//2163 5019//2163
f 5019//2163 4940//2163 5025//2163
f 5019//2163 5025//2163 5020//2163
f 5020//2163 5025//2163 5022//2163
f 4955//2162 4827//2162 5026//2162
f 5026//2162 4827//2162 5021//2162
f 5026//2163 5021//2163 5023//2163
f 4953//2163 4955//2163 5026//2163
f 4953//2163 5026//2163 5023//2163
f 5009//2162 4827//2162 4958//2162
f 4957//2163 4956//2163 5027//2163
f 5027//2163 4956//2163 4954//2163
f 5027//2164 4954//2164 5028//2164
f 5028//2164 4954//2164 4952//2164
f 5028//2165 4952//2165 5029//2165
f 5029//2165 4952//2165 4950//2165
f 5029//2166 4950//2166 5002//2166
f 4958//2163 4960//2163 5009//2163
f 5009//2163 4960//2163 5030//2163
f 5009//2163 5030//2163 5010//2163
f 5010//2163 5030//2163 5012//2163
f 4975//2162 4817//2162 5031//2162
f 5031//2162 4817//2162 5011//2162
f 5031//2163 5011//2163 5013//2163
f 4973//2163 4975//2163 5031//2163
f 4973//2163 5031//2163 5013//2163
f 4979//2163 4977//2163 4992//2163
f 4992//2163 4977//2163 4976//2163
f 4937//2163 5015//2163 4939//2163
f 4939//2164 5015//2164 5032//2164
f 4939//2164 5032//2164 4941//2164
f 4941//2165 5032//2165 5033//2165
f 4941//2165 5033//2165 4943//2165
f 4943//2166 5033//2166 5034//2166
f 4943//2166 5034//2166 4945//2166
f 4945//2167 5034//2167 4886//2167
f 5032//2164 5015//2164 5016//2164
f 4940//2164 4942//2164 5025//2164
f 5025//2164 4942//2164 5035//2164
f 5025//2164 5035//2164 5022//2164
f 5022//2164 5035//2164 5024//2164
f 4951//2164 4953//2164 5023//2164
f 4957//2163 5027//2163 4959//2163
f 4959//2164 5027//2164 5036//2164
f 4959//2164 5036//2164 4961//2164
f 4961//2165 5036//2165 5037//2165
f 4961//2165 5037//2165 4963//2165
f 4963//2166 5037//2166 5038//2166
f 4963//2166 5038//2166 4965//2166
f 4965//2167 5038//2167 4885//2167
f 5036//2164 5027//2164 5028//2164
f 4960//2164 4962//2164 5030//2164
f 5030//2164 4962//2164 5039//2164
f 5030//2164 5039//2164 5012//2164
f 5012//2164 5039//2164 5014//2164
f 4971//2164 4973//2164 5013//2164
f 4991//2164 4974//2164 4972//2164
f 4981//2164 4979//2164 4990//2164
f 4990//2164 4979//2164 4992//2164
f 5032//2165 5016//2165 5040//2165
f 5040//2165 5016//2165 5017//2165
f 5040//2166 5017//2166 5041//2166
f 5041//2168 5017//2168 5018//2168
f 5041//2167 5018//2167 4886//2167
f 4942//2165 4944//2165 5035//2165
f 5035//2165 4944//2165 5042//2165
f 5035//2165 5042//2165 5024//2165
f 5024//2165 5042//2165 4949//2165
f 5036//2165 5028//2165 5043//2165
f 5043//2165 5028//2165 5029//2165
f 5043//2166 5029//2166 5001//2166
f 5001//2168 5029//2168 5002//2168
f 4962//2165 4964//2165 5039//2165
f 5039//2165 4964//2165 5044//2165
f 5039//2165 5044//2165 5014//2165
f 5014//2165 5044//2165 4969//2165
f 4991//2165 4972//2165 5045//2165
f 5045//2165 4972//2165 4970//2165
f 5045//2166 4970//2166 5046//2166
f 5046//2168 4970//2168 4968//2168
f 5046//2167 4968//2167 4885//2167
f 4983//2165 4981//2165 4988//2165
f 4988//2165 4981//2165 4990//2165
f 5032//2165 5040//2165 5033//2165
f 5033//2166 5040//2166 5047//2166
f 5033//2168 5047//2168 5034//2168
f 5034//2167 5047//2167 4886//2167
f 5047//2168 5040//2168 5041//2168
f 4947//2166 4949//2166 5042//2166
f 4947//2168 5042//2168 4946//2168
f 4946//2166 5042//2166 4944//2166
f 5036//2165 5043//2165 5037//2165
f 5037//2166 5043//2166 5048//2166
f 5037//2166 5048//2166 5038//2166
f 5038//2167 5048//2167 4885//2167
f 5048//2168 5043//2168 5001//2168
f 4967//2166 4969//2166 5044//2166
f 4967//2168 5044//2168 4966//2168
f 4966//2166 5044//2166 4964//2166
f 4991//2165 5045//2165 4989//2165
f 4989//2166 5045//2166 5049//2166
f 4989//2166 5049//2166 4987//2166
f 4987//2167 5049//2167 4885//2167
f 5049//2168 5045//2168 5046//2168
f 4985//2168 4983//2168 4986//2168
f 4986//2166 4983//2166 4988//2166
f 4886//2167 5047//2167 5041//2167
f 4885//2167 5048//2167 5001//2167
f 4885//2167 5049//2167 5046//2167
f 4834//2169 4833//2169 5050//2169
f 5050//2170 4833//2170 5051//2170
f 5050//2171 5051//2171 5052//2171
f 5052//2172 5051//2172 5053//2172
f 5052//2173 5053//2173 5054//2173
f 5054//2174 5053//2174 5055//2174
f 5054//2175 5055//2175 5056//2175
f 5056//2176 5055//2176 5057//2176
f 5056//2177 5057//2177 5058//2177
f 5058//2178 5057//2178 5059//2178
f 5058//2179 5059//2179 5060//2179
f 5060//2180 5059//2180 4897//2180
f 5060//2181 4897//2181 4896//2181
f 5060//2182 4896//2182 5061//2182
f 5061//2182 4896//2182 4895//2182
f 5061//2183 4895//2183 5062//2183
f 5062//2183 4895//2183 4894//2183
f 5062//2184 4894//2184 5063//2184
f 5063//2184 4894//2184 4893//2184
f 5063//2185 4893//2185 5064//2185
f 5064//2185 4893//2185 4892//2185
f 5064//2186 4892//2186 4886//2186
f 4886//2187 5000//2187 5064//2187
f 5064//2188 5000//2188 5065//2188
f 5064//2189 5065//2189 5063//2189
f 5063//2189 5065//2189 5066//2189
f 5063//2190 5066//2190 5062//2190
f 5062//2191 5066//2191 5067//2191
f 5062//2192 5067//2192 5061//2192
f 5061//2192 5067//2192 5068//2192
f 5061//2193 5068//2193 5060//2193
f 5060//2193 5068//2193 5058//2193
f 5000//2194 4998//2194 5065//2194
f 5065//2195 4998//2195 5069//2195
f 5065//2196 5069//2196 5066//2196
f 5066//2196 5069//2196 5070//2196
f 5066//2197 5070//2197 5067//2197
f 5067//2197 5070//2197 5071//2197
f 5067//2198 5071//2198 5068//2198
f 5068//2198 5071//2198 5072//2198
f 5068//2199 5072//2199 5058//2199
f 5058//2199 5072//2199 5056//2199
f 4998//2200 4996//2200 5069//2200
f 5069//2201 4996//2201 5073//2201
f 5069//2202 5073//2202 5070//2202
f 5070//2203 5073//2203 5074//2203
f 5070//2204 5074//2204 5071//2204
f 5071//2205 5074//2205 5075//2205
f 5071//2206 5075//2206 5072//2206
f 5072//2206 5075//2206 5076//2206
f 5072//2207 5076//2207 5056//2207
f 5056//2207 5076//2207 5054//2207
f 4996//2208 4994//2208 5073//2208
f 5073//2209 4994//2209 5077//2209
f 5073//2210 5077//2210 5074//2210
f 5074//2211 5077//2211 5078//2211
f 5074//2212 5078//2212 5075//2212
f 5075//2212 5078//2212 5079//2212
f 5075//2213 5079//2213 5076//2213
f 5076//2214 5079//2214 5080//2214
f 5076//2215 5080//2215 5054//2215
f 5054//2215 5080//2215 5052//2215
f 4994//2216 4935//2216 5077//2216
f 5077//2217 4935//2217 5081//2217
f 5077//2218 5081//2218 5078//2218
f 5078//2219 5081//2219 5082//2219
f 5078//2220 5082//2220 5079//2220
f 5079//2221 5082//2221 5083//2221
f 5079//2222 5083//2222 5080//2222
f 5080//2223 5083//2223 5084//2223
f 5080//2224 5084//2224 5052//2224
f 5052//2225 5084//2225 5050//2225
f 4935//2226 4827//2226 5081//2226
f 5081//2227 4827//2227 4838//2227
f 5081//2228 4838//2228 5082//2228
f 5082//2228 4838//2228 4837//2228
f 5082//2229 4837//2229 5083//2229
f 5083//2230 4837//2230 4836//2230
f 5083//2231 4836//2231 5084//2231
f 5084//2232 4836//2232 4835//2232
f 5084//2233 4835//2233 5050//2233
f 5050//2234 4835//2234 4834//2234
f 4833//875 4839//875 5051//875
f 5051//1748 4839//1748 4842//1748
f 5051//876 4842//876 5053//876
f 5053//876 4842//876 4841//876
f 5053//1746 4841//1746 5055//1746
f 5055//1746 4841//1746 4840//1746
f 5055//878 4840//878 5057//878
f 5057//1750 4840//1750 4844//1750
f 5057//879 4844//879 5059//879
f 5059//879 4844//879 4843//879
f 5059//880 4843//880 4897//880
f 4897//880 4843//880 4845//880
f 2717//819 4546//819 2721//819
f 2721//819 4546//819 5085//819
f 5086//819 5087//819 5088//819
f 5088//819 5087//819 5089//819
f 5090//819 5091//819 5092//819
f 5092//819 5091//819 5093//819
f 5094//819 5095//819 5096//819
f 5096//819 5095//819 5097//819
f 2213//819 2242//819 2214//819
f 2214//819 2242//819 2246//819
f 2271//819 2300//819 2272//819
f 2272//819 2300//819 2304//819
f 5098//819 5099//819 5100//819
f 5100//819 5099//819 5101//819
f 5102//819 5103//819 5104//819
f 5104//819 5103//819 5105//819
f 5106//819 5107//819 5108//819
f 5108//819 5107//819 5109//819
f 2809//819 4388//819 2810//819
f 2810//819 4388//819 4392//819
f 2786//819 4521//819 2787//819
f 2787//819 4521//819 5110//819
f 2677//819 4373//819 2678//819
f 2678//819 4373//819 4377//819
f 5111//819 5112//819 5113//819
f 5113//819 5112//819 5114//819
f 5115//819 5116//819 5117//819
f 5117//819 5116//819 5118//819
f 5119//819 5120//819 5121//819
f 5121//819 5120//819 5122//819
f 2387//819 2416//819 2388//819
f 2388//819 2416//819 2420//819
f 2155//819 2184//819 2156//819
f 2156//819 2184//819 2188//819
f 5123//819 5124//819 5125//819
f 5125//819 5124//819 5126//819
f 5127//819 5128//819 5129//819
f 5129//819 5128//819 5130//819
f 5131//819 5132//819 5133//819
f 5133//819 5132//819 5134//819
f 2740//819 4554//819 2741//819
f 2741//819 4554//819 5135//819
f 2763//819 4507//819 2764//819
f 2764//819 4507//819 5136//819
f 5087//15 5086//15 5137//15
f 5137//15 5086//15 5138//15
f 5091//15 5090//15 5139//15
f 5139//15 5090//15 5140//15
f 5095//15 5094//15 5141//15
f 5141//15 5094//15 5142//15
f 2519//1 2538//1 1349//1
f 1349//1 2538//1 1389//1
f 1389//1 2538//1 2579//1
f 1389//1 2579//1 2577//1
f 2577//928 2575//928 1389//928
f 1389//1 2575//1 2834//1
f 2834//1 2575//1 2835//1
f 2835//1 2575//1 2836//1
f 2836//1 2575//1 2573//1
f 2836//1 2573//1 2837//1
f 2837//1 2573//1 2838//1
f 2838//1 2573//1 2839//1
f 2839//1 2573//1 2571//1
f 2839//1 2571//1 2569//1
f 2839//1 2569//1 4527//1
f 4527//1 2569//1 2769//1
f 4527//1 2769//1 4514//1
f 4527//1 4514//1 4526//1
f 4526//1 4514//1 4515//1
f 4526//1 4515//1 4525//1
f 4525//1 4515//1 4524//1
f 4524//1 4515//1 4523//1
f 4523//1 4515//1 4516//1
f 4523//1 4516//1 4522//1
f 4522//1 4516//1 4521//1
f 4521//1 4516//1 4517//1
f 4521//1 4517//1 4518//1
f 4518//1 4519//1 4521//1
f 4521//1 4519//1 5110//1
f 5110//1 4519//1 4520//1
f 2517//1 2540//1 1345//1
f 1345//1 2540//1 1391//1
f 1391//928 2540//928 2591//928
f 1391//1 2591//1 2589//1
f 2589//1 2587//1 1391//1
f 1391//1 2587//1 2851//1
f 2851//1 2587//1 2850//1
f 2850//1 2587//1 2849//1
f 2849//1 2587//1 2585//1
f 2849//1 2585//1 2848//1
f 2848//1 2585//1 2846//1
f 2846//1 2585//1 2852//1
f 2852//1 2585//1 2583//1
f 2852//1 2583//1 2581//1
f 2852//1 2581//1 4543//1
f 4543//1 2581//1 2792//1
f 4543//1 2792//1 4528//1
f 4543//1 4528//1 4541//1
f 4541//1 4528//1 4529//1
f 4541//1 4529//1 4539//1
f 4539//1 4529//1 4537//1
f 4537//1 4529//1 4535//1
f 4535//1 4529//1 4530//1
f 4535//1 4530//1 4545//1
f 4545//1 4530//1 4546//1
f 4546//1 4530//1 4531//1
f 4546//1 4531//1 4532//1
f 4532//1 4533//1 4546//1
f 4546//1 4533//1 5085//1
f 5085//1 4533//1 4534//1
f 5099//15 5098//15 5143//15
f 5143//15 5098//15 5144//15
f 5103//1 5102//1 5145//1
f 5145//1 5102//1 5146//1
f 5107//1 5106//1 5147//1
f 5147//1 5106//1 5148//1
f 5112//1 5111//1 5149//1
f 5149//1 5111//1 5150//1
f 5116//1 5115//1 5151//1
f 5151//1 5115//1 5152//1
f 5120//1 5119//1 5153//1
f 5153//1 5119//1 5154//1
f 2513//1 2544//1 1336//1
f 1336//1 2544//1 1337//1
f 1337//1 2544//1 2615//1
f 1337//1 2615//1 2613//1
f 2613//1 2611//1 1337//1
f 1337//1 2611//1 4614//1
f 4614//1 2611//1 4615//1
f 4615//1 2611//1 4616//1
f 4616//1 2611//1 2609//1
f 4616//1 2609//1 4617//1
f 4617//1 2609//1 4618//1
f 4618//1 2609//1 4561//1
f 4561//1 2609//1 2607//1
f 4561//1 2607//1 2605//1
f 4561//1 2605//1 4560//1
f 4560//1 2605//1 2683//1
f 4560//1 2683//1 4547//1
f 4560//1 4547//1 4559//1
f 4559//1 4547//1 4548//1
f 4559//1 4548//1 4558//1
f 4558//1 4548//1 4557//1
f 4557//1 4548//1 4556//1
f 4556//1 4548//1 4549//1
f 4556//1 4549//1 4555//1
f 4555//1 4549//1 4554//1
f 4554//1 4549//1 4550//1
f 4554//1 4550//1 4551//1
f 4551//1 4552//1 4554//1
f 4554//1 4552//1 5135//1
f 5135//1 4552//1 4553//1
f 2520//1 2536//1 1353//1
f 1353//1 2536//1 1387//1
f 1387//1 2536//1 2567//1
f 1387//1 2567//1 2565//1
f 2565//1 2563//1 1387//1
f 1387//1 2563//1 2920//1
f 2920//1 2563//1 2921//1
f 2921//1 2563//1 2922//1
f 2922//1 2563//1 2561//1
f 2922//1 2561//1 2923//1
f 2923//1 2561//1 2924//1
f 2924//1 2561//1 2925//1
f 2925//1 2561//1 2559//1
f 2925//1 2559//1 2557//1
f 2925//1 2557//1 4513//1
f 4513//1 2557//1 2704//1
f 4513//1 2704//1 4500//1
f 4513//1 4500//1 4512//1
f 4512//1 4500//1 4501//1
f 4512//1 4501//1 4511//1
f 4511//1 4501//1 4510//1
f 4510//1 4501//1 4509//1
f 4509//1 4501//1 4502//1
f 4509//1 4502//1 4508//1
f 4508//1 4502//1 4507//1
f 4507//1 4502//1 4503//1
f 4507//1 4503//1 4504//1
f 4504//1 4505//1 4507//1
f 4507//1 4505//1 5136//1
f 5136//1 4505//1 4506//1
f 5124//15 5123//15 5155//15
f 5155//15 5123//15 5156//15
f 5128//15 5127//15 5157//15
f 5157//15 5127//15 5158//15
f 5132//15 5131//15 5159//15
f 5159//15 5131//15 5160//15
f 5161//29 5162//29 5163//29
f 5163//29 5162//29 5164//29
f 3064//848 5161//848 3065//848
f 3065//848 5161//848 5163//848
f 3718//819 3713//819 3716//819
f 3716//819 3713//819 3712//819
f 5162//820 3295//820 5164//820
f 5164//820 3295//820 3294//820
f 3294//15 3272//15 5164//15
f 5164//15 3272//15 3275//15
f 5164//15 3275//15 3280//15
f 3273//15 3277//15 3272//15
f 3272//15 3277//15 3275//15
f 3281//15 3285//15 3280//15
f 3280//15 3285//15 3283//15
f 3280//15 3283//15 5164//15
f 5164//15 3283//15 3291//15
f 5164//15 3291//15 3637//15
f 3637//15 3291//15 3639//15
f 3639//15 3291//15 3635//15
f 3637//15 3645//15 5164//15
f 5164//15 3645//15 3653//15
f 5164//15 3653//15 3302//15
f 3651//15 3655//15 3645//15
f 3645//15 3655//15 3653//15
f 3303//15 3307//15 3302//15
f 3302//15 3307//15 3305//15
f 3302//15 3305//15 5164//15
f 5164//15 3305//15 3252//15
f 5164//15 3252//15 3255//15
f 3255//15 3252//15 3257//15
f 3257//15 3252//15 3253//15
f 3255//15 3263//15 5164//15
f 5164//15 3263//15 3621//15
f 5164//15 3621//15 3629//15
f 3619//15 3623//15 3263//15
f 3263//15 3623//15 3621//15
f 3663//15 3667//15 3629//15
f 3629//15 3667//15 3665//15
f 3629//15 3665//15 5164//15
f 5164//15 3665//15 3318//15
f 5164//15 3318//15 3321//15
f 3321//15 3318//15 3323//15
f 3323//15 3318//15 3319//15
f 3321//15 3232//15 5164//15
f 5164//15 3232//15 3235//15
f 5164//15 3235//15 3243//15
f 3233//15 3237//15 3232//15
f 3232//15 3237//15 3235//15
f 3603//15 3607//15 3243//15
f 3243//15 3607//15 3605//15
f 3243//15 3605//15 5164//15
f 5164//15 3605//15 3613//15
f 5164//15 3613//15 3677//15
f 3677//15 3613//15 3679//15
f 3679//15 3613//15 3675//15
f 3677//15 3334//15 5164//15
f 5164//15 3334//15 3337//15
f 5164//15 3337//15 3212//15
f 3335//15 3339//15 3334//15
f 3334//15 3339//15 3337//15
f 3213//15 3217//15 3212//15
f 3212//15 3217//15 3215//15
f 3212//15 3215//15 5164//15
f 5164//15 3215//15 3223//15
f 5164//15 3223//15 3589//15
f 3589//15 3223//15 3591//15
f 3591//15 3223//15 3587//15
f 3589//15 3597//15 5164//15
f 5164//15 3597//15 3689//15
f 5164//15 3689//15 3350//15
f 3687//15 3691//15 3597//15
f 3597//15 3691//15 3689//15
f 3351//15 3355//15 3350//15
f 3350//15 3355//15 3353//15
f 3350//15 3353//15 5164//15
f 5164//15 3353//15 3192//15
f 5164//15 3192//15 3195//15
f 3195//15 3192//15 3197//15
f 3197//15 3192//15 3193//15
f 3195//15 3203//15 5164//15
f 5164//15 3203//15 3573//15
f 5164//15 3573//15 3581//15
f 3571//15 3575//15 3203//15
f 3203//15 3575//15 3573//15
f 3699//15 3703//15 3581//15
f 3581//15 3703//15 3701//15
f 3581//15 3701//15 5164//15
f 5164//15 3701//15 3366//15
f 5164//15 3366//15 3369//15
f 3369//15 3366//15 3371//15
f 3371//15 3366//15 3367//15
f 3369//15 3172//15 5164//15
f 5164//15 3172//15 3175//15
f 5164//15 3175//15 3183//15
f 3173//15 3177//15 3172//15
f 3172//15 3177//15 3175//15
f 3555//15 3559//15 3183//15
f 3183//15 3559//15 3557//15
f 3183//15 3557//15 5164//15
f 5164//15 3557//15 3565//15
f 5164//15 3565//15 3713//15
f 3713//15 3565//15 3715//15
f 3715//15 3565//15 3711//15
f 3713//15 3718//15 5164//15
f 5164//15 3718//15 3721//15
f 5164//15 3721//15 5163//15
f 5163//15 3721//15 3726//15
f 5163//15 3726//15 3729//15
f 3729//15 3726//15 3731//15
f 3731//15 3726//15 3727//15
f 3719//15 3723//15 3718//15
f 3718//15 3723//15 3721//15
f 3729//15 3382//15 5163//15
f 5163//15 3382//15 3385//15
f 5163//15 3385//15 3152//15
f 3383//15 3387//15 3382//15
f 3382//15 3387//15 3385//15
f 3153//15 3157//15 3152//15
f 3152//15 3157//15 3155//15
f 3152//15 3155//15 5163//15
f 5163//15 3155//15 3163//15
f 5163//15 3163//15 3541//15
f 3541//15 3163//15 3543//15
f 3543//15 3163//15 3539//15
f 3541//15 3549//15 5163//15
f 5163//15 3549//15 3741//15
f 5163//15 3741//15 3398//15
f 3739//15 3743//15 3549//15
f 3549//15 3743//15 3741//15
f 3399//15 3403//15 3398//15
f 3398//15 3403//15 3401//15
f 3398//15 3401//15 5163//15
f 5163//15 3401//15 3132//15
f 5163//15 3132//15 3135//15
f 3135//15 3132//15 3137//15
f 3137//15 3132//15 3133//15
f 3135//15 3143//15 5163//15
f 5163//15 3143//15 3525//15
f 5163//15 3525//15 3533//15
f 3523//15 3527//15 3143//15
f 3143//15 3527//15 3525//15
f 3751//15 3755//15 3533//15
f 3533//15 3755//15 3753//15
f 3533//15 3753//15 5163//15
f 5163//15 3753//15 3414//15
f 5163//15 3414//15 3417//15
f 3417//15 3414//15 3419//15
f 3419//15 3414//15 3415//15
f 3417//15 3112//15 5163//15
f 5163//15 3112//15 3115//15
f 5163//15 3115//15 3123//15
f 3113//15 3117//15 3112//15
f 3112//15 3117//15 3115//15
f 3507//15 3511//15 3123//15
f 3123//15 3511//15 3509//15
f 3123//15 3509//15 5163//15
f 5163//15 3509//15 3517//15
f 5163//15 3517//15 3765//15
f 3765//15 3517//15 3767//15
f 3767//15 3517//15 3763//15
f 3765//15 3430//15 5163//15
f 5163//15 3430//15 3433//15
f 5163//15 3433//15 3092//15
f 3431//15 3435//15 3430//15
f 3430//15 3435//15 3433//15
f 3093//15 3097//15 3092//15
f 3092//15 3097//15 3095//15
f 3092//15 3095//15 5163//15
f 5163//15 3095//15 3103//15
f 5163//15 3103//15 3493//15
f 3493//15 3103//15 3495//15
f 3495//15 3103//15 3491//15
f 3493//15 3501//15 5163//15
f 5163//15 3501//15 3777//15
f 5163//15 3777//15 3446//15
f 3775//15 3779//15 3501//15
f 3501//15 3779//15 3777//15
f 3447//15 3451//15 3446//15
f 3446//15 3451//15 3449//15
f 3446//15 3449//15 5163//15
f 5163//15 3449//15 3072//15
f 5163//15 3072//15 3075//15
f 3075//15 3072//15 3077//15
f 3077//15 3072//15 3073//15
f 3075//15 3083//15 5163//15
f 5163//15 3083//15 3477//15
f 5163//15 3477//15 3485//15
f 3475//15 3479//15 3083//15
f 3083//15 3479//15 3477//15
f 3787//15 3791//15 3485//15
f 3485//15 3791//15 3789//15
f 3485//15 3789//15 5163//15
f 5163//15 3789//15 3462//15
f 5163//15 3462//15 3465//15
f 3465//15 3462//15 3467//15
f 3467//15 3462//15 3463//15
f 3465//15 3052//15 5163//15
f 5163//15 3052//15 3055//15
f 5163//15 3055//15 3060//15
f 3053//15 3057//15 3052//15
f 3052//15 3057//15 3055//15
f 3061//15 3063//15 3060//15
f 3060//15 3063//15 3062//15
f 3060//15 3062//15 5163//15
f 5163//15 3062//15 3065//15
f 4823//29 4824//29 5165//29
f 5165//29 4824//29 5166//29
f 4824//820 4825//820 5166//820
f 5166//820 4825//820 5167//820
f 4825//819 4826//819 5167//819
f 5167//819 4826//819 5168//819
f 4826//848 4823//848 5168//848
f 5168//848 4823//848 5165//848
f 5169//15 5170//15 5171//15
f 5171//15 5170//15 5161//15
f 5171//15 5161//15 5166//15
f 5166//15 5161//15 3064//15
f 5166//15 3064//15 3045//15
f 3045//15 3064//15 3044//15
f 5170//15 5172//15 5161//15
f 5161//15 5172//15 5173//15
f 5161//15 5173//15 5174//15
f 5175//15 5176//15 5172//15
f 5172//15 5176//15 5173//15
f 5177//15 5178//15 5174//15
f 5174//15 5178//15 5179//15
f 5174//15 5179//15 5161//15
f 5161//15 5179//15 5180//15
f 5161//15 5180//15 5181//15
f 5181//15 5180//15 5182//15
f 5182//15 5180//15 5183//15
f 5181//15 5184//15 5161//15
f 5161//15 5184//15 5185//15
f 5161//15 5185//15 5186//15
f 5187//15 5188//15 5184//15
f 5184//15 5188//15 5185//15
f 5189//15 5190//15 5186//15
f 5186//15 5190//15 5191//15
f 5186//15 5191//15 5161//15
f 5161//15 5191//15 5192//15
f 5161//15 5192//15 5193//15
f 5193//15 5192//15 5194//15
f 5194//15 5192//15 5195//15
f 5193//15 5196//15 5161//15
f 5161//15 5196//15 5197//15
f 5161//15 5197//15 5198//15
f 5199//15 5200//15 5196//15
f 5196//15 5200//15 5197//15
f 5201//15 5202//15 5198//15
f 5198//15 5202//15 5203//15
f 5198//15 5203//15 5161//15
f 5161//15 5203//15 5204//15
f 5161//15 5204//15 5205//15
f 5205//15 5204//15 5206//15
f 5206//15 5204//15 5207//15
f 5205//15 5208//15 5161//15
f 5161//15 5208//15 5209//15
f 5161//15 5209//15 5210//15
f 5211//15 5212//15 5208//15
f 5208//15 5212//15 5209//15
f 5213//15 5214//15 5210//15
f 5210//15 5214//15 5215//15
f 5210//15 5215//15 5161//15
f 5161//15 5215//15 5216//15
f 5161//15 5216//15 5217//15
f 5217//15 5216//15 5218//15
f 5218//15 5216//15 5219//15
f 5217//15 5220//15 5161//15
f 5161//15 5220//15 5221//15
f 5161//15 5221//15 5222//15
f 5223//15 5224//15 5220//15
f 5220//15 5224//15 5221//15
f 5225//15 5226//15 5222//15
f 5222//15 5226//15 5227//15
f 5222//15 5227//15 5161//15
f 5161//15 5227//15 5228//15
f 5161//15 5228//15 5229//15
f 5229//15 5228//15 5230//15
f 5230//15 5228//15 5231//15
f 5229//15 5232//15 5161//15
f 5161//15 5232//15 5233//15
f 5161//15 5233//15 5234//15
f 5235//15 5236//15 5232//15
f 5232//15 5236//15 5233//15
f 5237//15 5238//15 5234//15
f 5234//15 5238//15 5239//15
f 5234//15 5239//15 5161//15
f 5161//15 5239//15 5240//15
f 5161//15 5240//15 5241//15
f 5241//15 5240//15 5242//15
f 5242//15 5240//15 5243//15
f 5241//15 5244//15 5161//15
f 5161//15 5244//15 5245//15
f 5161//15 5245//15 5246//15
f 5247//15 5248//15 5244//15
f 5244//15 5248//15 5245//15
f 5249//15 5250//15 5246//15
f 5246//15 5250//15 5251//15
f 5246//15 5251//15 5161//15
f 5161//15 5251//15 5252//15
f 5161//15 5252//15 5253//15
f 5253//15 5252//15 5254//15
f 5254//15 5252//15 5255//15
f 5253//15 5256//15 5161//15
f 5161//15 5256//15 5257//15
f 5161//15 5257//15 5258//15
f 5259//15 5260//15 5256//15
f 5256//15 5260//15 5257//15
f 5261//15 5262//15 5258//15
f 5258//15 5262//15 5263//15
f 5258//15 5263//15 5162//15
f 5162//15 5263//15 5264//15
f 5162//15 5264//15 5265//15
f 5265//15 5264//15 5266//15
f 5266//15 5264//15 5267//15
f 5265//15 5268//15 5162//15
f 5162//15 5268//15 5269//15
f 5162//15 5269//15 5270//15
f 5271//15 5272//15 5268//15
f 5268//15 5272//15 5269//15
f 5273//15 5274//15 5270//15
f 5270//15 5274//15 5275//15
f 5270//15 5275//15 5162//15
f 5162//15 5275//15 5276//15
f 5162//15 5276//15 5277//15
f 5277//15 5276//15 5278//15
f 5278//15 5276//15 5279//15
f 5277//15 5280//15 5162//15
f 5162//15 5280//15 5281//15
f 5162//15 5281//15 5282//15
f 5283//15 5284//15 5280//15
f 5280//15 5284//15 5281//15
f 5285//15 5286//15 5282//15
f 5282//15 5286//15 5287//15
f 5282//15 5287//15 5162//15
f 5162//15 5287//15 5288//15
f 5162//15 5288//15 5289//15
f 5289//15 5288//15 5290//15
f 5290//15 5288//15 5291//15
f 5289//15 5292//15 5162//15
f 5162//15 5292//15 5293//15
f 5162//15 5293//15 5294//15
f 5295//15 5296//15 5292//15
f 5292//15 5296//15 5293//15
f 5297//15 5298//15 5294//15
f 5294//15 5298//15 5299//15
f 5294//15 5299//15 5162//15
f 5162//15 5299//15 5300//15
f 5162//15 5300//15 5301//15
f 5301//15 5300//15 5302//15
f 5302//15 5300//15 5303//15
f 5301//15 5304//15 5162//15
f 5162//15 5304//15 5305//15
f 5162//15 5305//15 5306//15
f 5307//15 5308//15 5304//15
f 5304//15 5308//15 5305//15
f 5309//15 5310//15 5306//15
f 5306//15 5310//15 5311//15
f 5306//15 5311//15 5162//15
f 5162//15 5311//15 5312//15
f 5162//15 5312//15 5313//15
f 5313//15 5312//15 5314//15
f 5314//15 5312//15 5315//15
f 5313//15 5316//15 5162//15
f 5162//15 5316//15 5317//15
f 5162//15 5317//15 5318//15
f 5319//15 5320//15 5316//15
f 5316//15 5320//15 5317//15
f 5321//15 5322//15 5318//15
f 5318//15 5322//15 5323//15
f 5318//15 5323//15 5162//15
f 5162//15 5323//15 5324//15
f 5162//15 5324//15 5325//15
f 5325//15 5324//15 5326//15
f 5326//15 5324//15 5327//15
f 5325//15 5328//15 5162//15
f 5162//15 5328//15 5329//15
f 5162//15 5329//15 5330//15
f 5331//15 5332//15 5328//15
f 5328//15 5332//15 5329//15
f 5333//15 5334//15 5330//15
f 5330//15 5334//15 5335//15
f 5330//15 5335//15 5162//15
f 5162//15 5335//15 5336//15
f 5162//15 5336//15 5337//15
f 5337//15 5336//15 5338//15
f 5338//15 5336//15 5339//15
f 5337//15 5340//15 5162//15
f 5162//15 5340//15 5341//15
f 5162//15 5341//15 5342//15
f 5343//15 5344//15 5340//15
f 5340//15 5344//15 5341//15
f 5345//15 5346//15 5342//15
f 5342//15 5346//15 5347//15
f 5342//15 5347//15 5162//15
f 5162//15 5347//15 5348//15
f 5162//15 5348//15 5349//15
f 5349//15 5348//15 5350//15
f 5351//15 5168//15 5349//15
f 5349//15 5168//15 5165//15
f 5349//15 5165//15 5162//15
f 5162//15 5165//15 3295//15
f 3295//15 5165//15 3269//15
f 3295//15 3269//15 3267//15
f 5351//15 5352//15 5168//15
f 5168//15 5352//15 5167//15
f 5167//15 5352//15 5171//15
f 5167//15 5171//15 5166//15
f 3045//15 3049//15 5166//15
f 5166//15 3049//15 3471//15
f 5166//15 3471//15 3459//15
f 3047//15 3470//15 3049//15
f 3049//15 3470//15 3471//15
f 3457//15 3794//15 3459//15
f 3459//15 3794//15 3795//15
f 3459//15 3795//15 5166//15
f 5166//15 3795//15 3785//15
f 5166//15 3785//15 3483//15
f 3483//15 3785//15 3482//15
f 3482//15 3785//15 3487//15
f 3483//15 3473//15 5166//15
f 5166//15 3473//15 3081//15
f 5166//15 3081//15 3069//15
f 3085//15 3080//15 3473//15
f 3473//15 3080//15 3081//15
f 3067//15 3454//15 3069//15
f 3069//15 3454//15 3455//15
f 3069//15 3455//15 5166//15
f 5166//15 3455//15 3443//15
f 5166//15 3443//15 3783//15
f 3783//15 3443//15 3782//15
f 3782//15 3443//15 3441//15
f 3783//15 3773//15 5166//15
f 5166//15 3773//15 3499//15
f 5166//15 3499//15 3489//15
f 3503//15 3498//15 3773//15
f 3773//15 3498//15 3499//15
f 3105//15 3100//15 3489//15
f 3489//15 3100//15 3101//15
f 3489//15 3101//15 5166//15
f 5166//15 3101//15 3089//15
f 5166//15 3089//15 3439//15
f 3439//15 3089//15 3438//15
f 3438//15 3089//15 3087//15
f 3439//15 3427//15 5166//15
f 5166//15 3427//15 3771//15
f 5166//15 3771//15 3761//15
f 3425//15 3770//15 3427//15
f 3427//15 3770//15 3771//15
f 3519//15 3514//15 3761//15
f 3761//15 3514//15 3515//15
f 3761//15 3515//15 5166//15
f 5166//15 3515//15 3505//15
f 5166//15 3505//15 3121//15
f 3121//15 3505//15 3120//15
f 3120//15 3505//15 3125//15
f 3121//15 3109//15 5166//15
f 5166//15 3109//15 3423//15
f 5166//15 3423//15 3411//15
f 3107//15 3422//15 3109//15
f 3109//15 3422//15 3423//15
f 3409//15 3758//15 3411//15
f 3411//15 3758//15 3759//15
f 3411//15 3759//15 5166//15
f 5166//15 3759//15 3749//15
f 5166//15 3749//15 3531//15
f 3531//15 3749//15 3530//15
f 3530//15 3749//15 3535//15
f 3531//15 3521//15 5166//15
f 5166//15 3521//15 3141//15
f 5166//15 3141//15 3129//15
f 3145//15 3140//15 3521//15
f 3521//15 3140//15 3141//15
f 3127//15 3406//15 3129//15
f 3129//15 3406//15 3407//15
f 3129//15 3407//15 5166//15
f 5166//15 3407//15 3395//15
f 5166//15 3395//15 3747//15
f 3747//15 3395//15 3746//15
f 3746//15 3395//15 3393//15
f 3747//15 3737//15 5166//15
f 5166//15 3737//15 3547//15
f 5166//15 3547//15 3537//15
f 3551//15 3546//15 3737//15
f 3737//15 3546//15 3547//15
f 3165//15 3160//15 3537//15
f 3537//15 3160//15 3161//15
f 3537//15 3161//15 5166//15
f 5166//15 3161//15 3149//15
f 5166//15 3149//15 3391//15
f 3391//15 3149//15 3390//15
f 3390//15 3149//15 3147//15
f 3391//15 3379//15 5166//15
f 5166//15 3379//15 3735//15
f 5166//15 3735//15 3709//15
f 3377//15 3734//15 3379//15
f 3379//15 3734//15 3735//15
f 3567//15 3562//15 3709//15
f 3709//15 3562//15 3563//15
f 3709//15 3563//15 5165//15
f 5165//15 3563//15 3553//15
f 5165//15 3553//15 3181//15
f 3181//15 3553//15 3180//15
f 3180//15 3553//15 3185//15
f 3181//15 3169//15 5165//15
f 5165//15 3169//15 3375//15
f 5165//15 3375//15 3363//15
f 3167//15 3374//15 3169//15
f 3169//15 3374//15 3375//15
f 3361//15 3706//15 3363//15
f 3363//15 3706//15 3707//15
f 3363//15 3707//15 5165//15
f 5165//15 3707//15 3697//15
f 5165//15 3697//15 3579//15
f 3579//15 3697//15 3578//15
f 3578//15 3697//15 3583//15
f 3579//15 3569//15 5165//15
f 5165//15 3569//15 3201//15
f 5165//15 3201//15 3189//15
f 3205//15 3200//15 3569//15
f 3569//15 3200//15 3201//15
f 3187//15 3358//15 3189//15
f 3189//15 3358//15 3359//15
f 3189//15 3359//15 5165//15
f 5165//15 3359//15 3347//15
f 5165//15 3347//15 3695//15
f 3695//15 3347//15 3694//15
f 3694//15 3347//15 3345//15
f 3695//15 3685//15 5165//15
f 5165//15 3685//15 3595//15
f 5165//15 3595//15 3585//15
f 3599//15 3594//15 3685//15
f 3685//15 3594//15 3595//15
f 3225//15 3220//15 3585//15
f 3585//15 3220//15 3221//15
f 3585//15 3221//15 5165//15
f 5165//15 3221//15 3209//15
f 5165//15 3209//15 3343//15
f 3343//15 3209//15 3342//15
f 3342//15 3209//15 3207//15
f 3343//15 3331//15 5165//15
f 5165//15 3331//15 3683//15
f 5165//15 3683//15 3673//15
f 3329//15 3682//15 3331//15
f 3331//15 3682//15 3683//15
f 3615//15 3610//15 3673//15
f 3673//15 3610//15 3611//15
f 3673//15 3611//15 5165//15
f 5165//15 3611//15 3601//15
f 5165//15 3601//15 3241//15
f 3241//15 3601//15 3240//15
f 3240//15 3601//15 3245//15
f 3241//15 3229//15 5165//15
f 5165//15 3229//15 3327//15
f 5165//15 3327//15 3315//15
f 3227//15 3326//15 3229//15
f 3229//15 3326//15 3327//15
f 3313//15 3670//15 3315//15
f 3315//15 3670//15 3671//15
f 3315//15 3671//15 5165//15
f 5165//15 3671//15 3661//15
f 5165//15 3661//15 3627//15
f 3627//15 3661//15 3626//15
f 3626//15 3661//15 3631//15
f 3627//15 3617//15 5165//15
f 5165//15 3617//15 3261//15
f 5165//15 3261//15 3249//15
f 3265//15 3260//15 3617//15
f 3617//15 3260//15 3261//15
f 3247//15 3310//15 3249//15
f 3249//15 3310//15 3311//15
f 3249//15 3311//15 5165//15
f 5165//15 3311//15 3299//15
f 5165//15 3299//15 3659//15
f 3659//15 3299//15 3658//15
f 3658//15 3299//15 3297//15
f 3659//15 3649//15 5165//15
f 5165//15 3649//15 3643//15
f 5165//15 3643//15 3633//15
f 3647//15 3642//15 3649//15
f 3649//15 3642//15 3643//15
f 3293//15 3288//15 3633//15
f 3633//15 3288//15 3289//15
f 3633//15 3289//15 5165//15
f 5165//15 3289//15 3269//15
f 5162//15 5161//15 5258//15
f 5165//15 5166//15 3709//15
f 3027//1 3028//1 3026//1
f 3026//1 3028//1 3034//1
f 4846//820 2721//820 2702//820
f 2702//923 2721//923 5085//923
f 2702//924 5085//924 2787//924
f 2787//820 5085//820 2791//820
f 2791//820 5085//820 4534//820
f 4568//820 2810//820 4846//820
f 4846//924 2810//924 4392//924
f 4846//923 4392//923 2741//923
f 2741//820 4392//820 2745//820
f 2745//820 4392//820 4393//820
f 4568//820 2814//820 2810//820
f 2741//2235 5135//2235 4846//2235
f 4846//923 5135//923 2678//923
f 4846//923 2678//923 4377//923
f 4553//820 2682//820 5135//820
f 5135//820 2682//820 2678//820
f 4378//820 2722//820 4377//820
f 4377//820 2722//820 2721//820
f 4377//820 2721//820 4846//820
f 2787//820 5110//820 2702//820
f 2702//820 5110//820 2764//820
f 2702//923 2764//923 5136//923
f 4520//820 2768//820 5110//820
f 5110//820 2768//820 2764//820
f 4506//820 2703//820 5136//820
f 5136//820 2703//820 2702//820
f 5147//819 5148//819 5160//819
f 5160//819 5148//819 5159//819
f 5129//1 5130//1 5353//1
f 5353//1 5130//1 5354//1
f 4881//15 4880//15 5355//15
f 5355//15 4880//15 5356//15
f 5353//819 5354//819 5356//819
f 5356//819 5354//819 5355//819
f 5121//15 5122//15 5357//15
f 5357//15 5122//15 5358//15
f 5125//1 5126//1 5359//1
f 5359//1 5126//1 5360//1
f 5359//819 5360//819 5358//819
f 5358//819 5360//819 5357//819
f 2130//848 2330//848 4869//848
f 4869//848 2330//848 2362//848
f 4869//848 2362//848 2388//848
f 2388//848 2362//848 2392//848
f 2392//848 2362//848 2363//848
f 2131//848 2156//848 2130//848
f 2130//848 2156//848 2188//848
f 2130//848 2188//848 2214//848
f 2214//848 2188//848 2218//848
f 2218//848 2188//848 2189//848
f 2131//848 2160//848 2156//848
f 2214//848 2246//848 2130//848
f 2130//848 2246//848 2272//848
f 2130//848 2272//848 2304//848
f 2247//848 2276//848 2246//848
f 2246//848 2276//848 2272//848
f 2305//848 2334//848 2304//848
f 2304//848 2334//848 2330//848
f 2304//2236 2330//2236 2130//2236
f 2388//2236 2420//2236 4869//2236
f 4869//2237 2420//2237 4868//2237
f 4868//848 2420//848 2446//848
f 4868//848 2446//848 2478//848
f 2421//848 2450//848 2420//848
f 2420//848 2450//848 2446//848
f 2479//848 4858//848 2478//848
f 2478//848 4858//848 4860//848
f 2478//848 4860//848 4864//848
f 2479//848 4398//848 4858//848
f 4864//848 4866//848 2478//848
f 2478//848 4866//848 4868//848
f 5153//819 5154//819 5142//819
f 5142//819 5154//819 5141//819
f 5088//1 5089//1 5361//1
f 5361//1 5089//1 5362//1
f 4888//848 5106//848 4887//848
f 4887//2236 5106//2236 5108//2236
f 4887//2237 5108//2237 5093//2237
f 5093//848 5108//848 5363//848
f 5363//848 5108//848 5364//848
f 5365//848 5089//848 4888//848
f 4888//926 5089//926 5087//926
f 4888//2236 5087//2236 5111//2236
f 5111//848 5087//848 5150//848
f 5150//848 5087//848 5137//848
f 5365//848 5362//848 5089//848
f 5111//848 5113//848 4888//848
f 4888//2237 5113//2237 5134//2237
f 4888//2236 5134//2236 5132//2236
f 5366//848 5367//848 5113//848
f 5113//848 5367//848 5134//848
f 5159//848 5148//848 5132//848
f 5132//848 5148//848 5106//848
f 5132//848 5106//848 4888//848
f 5093//848 5091//848 4887//848
f 4887//848 5091//848 5115//848
f 4887//2236 5115//2236 5117//2236
f 5139//848 5152//848 5091//848
f 5091//848 5152//848 5115//848
f 5368//848 5369//848 5117//848
f 5117//848 5369//848 4887//848
f 4888//15 4882//15 5365//15
f 5365//15 4882//15 5370//15
f 4883//820 5131//820 4882//820
f 4882//820 5131//820 5133//820
f 4882//820 5133//820 5114//820
f 5114//820 5133//820 5371//820
f 5371//820 5133//820 5372//820
f 5373//820 5118//820 4883//820
f 4883//820 5118//820 5116//820
f 4883//820 5116//820 5090//820
f 5090//820 5116//820 5140//820
f 5140//820 5116//820 5151//820
f 5373//820 5374//820 5118//820
f 5090//820 5092//820 4883//820
f 4883//820 5092//820 5109//820
f 4883//924 5109//924 5107//924
f 5375//820 5376//820 5092//820
f 5092//820 5376//820 5109//820
f 5147//820 5160//820 5107//820
f 5107//820 5160//820 5131//820
f 5107//925 5131//925 4883//925
f 5114//820 5112//820 4882//820
f 4882//820 5112//820 5086//820
f 4882//820 5086//820 5088//820
f 5149//820 5138//820 5112//820
f 5112//820 5138//820 5086//820
f 5361//820 5370//820 5088//820
f 5088//820 5370//820 4882//820
f 5361//819 5362//819 5370//819
f 5370//819 5362//819 5365//819
f 5108//15 5109//15 5364//15
f 5364//15 5109//15 5376//15
f 5092//1 5093//1 5375//1
f 5375//1 5093//1 5363//1
f 5375//819 5363//819 5376//819
f 5376//819 5363//819 5364//819
f 5117//15 5118//15 5368//15
f 5368//15 5118//15 5374//15
f 4883//1 4887//1 5373//1
f 5373//1 4887//1 5369//1
f 5368//819 5374//819 5369//819
f 5369//819 5374//819 5373//819
f 5113//15 5114//15 5366//15
f 5366//15 5114//15 5371//15
f 5133//1 5134//1 5372//1
f 5372//1 5134//1 5367//1
f 5372//819 5367//819 5371//819
f 5371//819 5367//819 5366//819
f 5145//819 5146//819 5158//819
f 5158//819 5146//819 5157//819
f 5100//1 5101//1 5377//1
f 5377//1 5101//1 5378//1
f 5377//819 5378//819 5156//819
f 5156//819 5378//819 5155//819
f 4879//820 5094//820 4880//820
f 4880//820 5094//820 5096//820
f 4880//820 5096//820 5105//820
f 5105//820 5096//820 5379//820
f 5379//820 5096//820 5380//820
f 5381//820 5098//820 4879//820
f 4879//820 5098//820 5100//820
f 4879//820 5100//820 5123//820
f 5123//820 5100//820 5156//820
f 5156//820 5100//820 5377//820
f 5381//820 5144//820 5098//820
f 5123//923 5125//923 4879//923
f 4879//820 5125//820 5122//820
f 4879//820 5122//820 5120//820
f 5359//820 5358//820 5125//820
f 5125//820 5358//820 5122//820
f 5153//820 5142//820 5120//820
f 5120//820 5142//820 5094//820
f 5120//924 5094//924 4879//924
f 5105//820 5103//820 4880//820
f 4880//820 5103//820 5127//820
f 4880//820 5127//820 5129//820
f 5145//820 5158//820 5103//820
f 5103//820 5158//820 5127//820
f 5353//820 5356//820 5129//820
f 5129//820 5356//820 4880//820
f 4879//1 4884//1 5381//1
f 5381//1 4884//1 5382//1
f 4881//848 5119//848 4884//848
f 4884//848 5119//848 5121//848
f 4884//2236 5121//2236 5126//2236
f 5126//848 5121//848 5360//848
f 5360//848 5121//848 5357//848
f 5355//848 5130//848 4881//848
f 4881//848 5130//848 5128//848
f 4881//2236 5128//2236 5102//2236
f 5102//848 5128//848 5146//848
f 5146//848 5128//848 5157//848
f 5355//848 5354//848 5130//848
f 5102//848 5104//848 4881//848
f 4881//848 5104//848 5097//848
f 4881//848 5097//848 5095//848
f 5383//848 5384//848 5104//848
f 5104//848 5384//848 5097//848
f 5141//848 5154//848 5095//848
f 5095//848 5154//848 5119//848
f 5095//2238 5119//2238 4881//2238
f 5126//848 5124//848 4884//848
f 4884//848 5124//848 5101//848
f 4884//848 5101//848 5099//848
f 5155//848 5378//848 5124//848
f 5124//848 5378//848 5101//848
f 5143//848 5382//848 5099//848
f 5099//848 5382//848 4884//848
f 5143//819 5144//819 5382//819
f 5382//819 5144//819 5381//819
f 5104//15 5105//15 5383//15
f 5383//15 5105//15 5379//15
f 5096//1 5097//1 5380//1
f 5380//1 5097//1 5384//1
f 5380//819 5384//819 5379//819
f 5379//819 5384//819 5383//819
f 5149//819 5150//819 5138//819
f 5138//819 5150//819 5137//819
f 5151//819 5152//819 5140//819
f 5140//819 5152//819 5139//819
f 2116//848 2144//848 2117//848
f 2117//848 2144//848 2146//848
f 2231//848 2260//848 2233//848
f 2233//848 2260//848 2262//848
f 2173//848 2202//848 2175//848
f 2175//848 2202//848 2204//848
f 2464//848 2435//848 2461//848
f 2461//848 2435//848 2432//848
f 2405//848 2434//848 2407//848
f 2407//848 2434//848 2436//848
f 2347//848 2376//848 2349//848
f 2349//848 2376//848 2378//848
f 2348//848 2319//848 2345//848
f 2345//848 2319//848 2316//848
f 2289//848 2318//848 2291//848
f 2291//848 2318//848 2320//848
f 5385//15 5386//15 5387//15
f 5387//15 5386//15 5388//15
f 5169//848 5385//848 5170//848
f 5170//848 5385//848 5387//848
f 5389//820 5175//820 5390//820
f 5390//820 5175//820 5172//820
f 5391//15 5389//15 5392//15
f 5392//15 5389//15 5390//15
f 5393//820 5391//820 5394//820
f 5394//820 5391//820 5392//820
f 5395//848 5396//848 5397//848
f 5397//848 5396//848 5398//848
f 5399//15 5395//15 5400//15
f 5400//15 5395//15 5397//15
f 5401//820 5399//820 5402//820
f 5402//820 5399//820 5400//820
f 5386//848 5403//848 5388//848
f 5388//848 5403//848 5404//848
f 5404//819 5400//819 5388//819
f 5388//819 5400//819 5170//819
f 5388//819 5170//819 5387//819
f 5404//819 5402//819 5400//819
f 5400//819 5397//819 5170//819
f 5170//819 5397//819 5172//819
f 5172//819 5397//819 5392//819
f 5172//819 5392//819 5390//819
f 5397//819 5398//819 5392//819
f 5392//819 5398//819 5394//819
f 5395//819 5399//819 5396//819
f 5396//819 5399//819 5401//819
f 5169//819 5171//819 5385//819
f 5385//819 5171//819 5405//819
f 5385//819 5405//819 5403//819
f 5403//819 5386//819 5385//819
f 5406//820 5189//820 5407//820
f 5407//820 5189//820 5186//820
f 5408//15 5406//15 5409//15
f 5409//15 5406//15 5407//15
f 5410//820 5408//820 5411//820
f 5411//820 5408//820 5409//820
f 5412//848 5413//848 5414//848
f 5414//848 5413//848 5415//848
f 5416//15 5412//15 5417//15
f 5417//15 5412//15 5414//15
f 5188//848 5416//848 5185//848
f 5185//848 5416//848 5417//848
f 5417//819 5414//819 5185//819
f 5185//819 5414//819 5409//819
f 5185//819 5409//819 5186//819
f 5186//819 5409//819 5407//819
f 5414//819 5415//819 5409//819
f 5409//819 5415//819 5411//819
f 5412//819 5416//819 5413//819
f 5413//819 5416//819 5418//819
f 5413//819 5418//819 5419//819
f 5419//819 5418//819 5420//819
f 5188//819 5187//819 5416//819
f 5416//819 5187//819 5418//819
f 5421//820 5207//820 5422//820
f 5422//820 5207//820 5204//820
f 5423//15 5421//15 5424//15
f 5424//15 5421//15 5422//15
f 5425//820 5423//820 5426//820
f 5426//820 5423//820 5424//820
f 5427//848 5428//848 5429//848
f 5429//848 5428//848 5430//848
f 5431//15 5427//15 5432//15
f 5432//15 5427//15 5429//15
f 5202//848 5431//848 5203//848
f 5203//848 5431//848 5432//848
f 5432//819 5429//819 5203//819
f 5203//819 5429//819 5424//819
f 5203//819 5424//819 5204//819
f 5204//819 5424//819 5422//819
f 5429//819 5430//819 5424//819
f 5424//819 5430//819 5426//819
f 5427//819 5431//819 5428//819
f 5428//819 5431//819 5433//819
f 5428//819 5433//819 5434//819
f 5434//819 5433//819 5435//819
f 5202//819 5201//819 5431//819
f 5431//819 5201//819 5433//819
f 5436//820 5223//820 5437//820
f 5437//820 5223//820 5220//820
f 5438//15 5436//15 5439//15
f 5439//15 5436//15 5437//15
f 5440//820 5438//820 5441//820
f 5441//820 5438//820 5439//820
f 5442//848 5443//848 5444//848
f 5444//848 5443//848 5445//848
f 5446//15 5442//15 5447//15
f 5447//15 5442//15 5444//15
f 5218//848 5446//848 5217//848
f 5217//848 5446//848 5447//848
f 5447//819 5444//819 5217//819
f 5217//819 5444//819 5439//819
f 5217//819 5439//819 5220//819
f 5220//819 5439//819 5437//819
f 5444//819 5445//819 5439//819
f 5439//819 5445//819 5441//819
f 5442//819 5446//819 5443//819
f 5443//819 5446//819 5448//819
f 5443//819 5448//819 5449//819
f 5449//819 5448//819 5450//819
f 5218//819 5219//819 5446//819
f 5446//819 5219//819 5448//819
f 5451//820 5237//820 5452//820
f 5452//820 5237//820 5234//820
f 5453//15 5451//15 5454//15
f 5454//15 5451//15 5452//15
f 5455//820 5453//820 5456//820
f 5456//820 5453//820 5454//820
f 5457//848 5458//848 5459//848
f 5459//848 5458//848 5460//848
f 5461//15 5457//15 5462//15
f 5462//15 5457//15 5459//15
f 5236//848 5461//848 5233//848
f 5233//848 5461//848 5462//848
f 5462//819 5459//819 5233//819
f 5233//819 5459//819 5454//819
f 5233//819 5454//819 5234//819
f 5234//819 5454//819 5452//819
f 5459//819 5460//819 5454//819
f 5454//819 5460//819 5456//819
f 5457//819 5461//819 5458//819
f 5458//819 5461//819 5463//819
f 5458//819 5463//819 5464//819
f 5464//819 5463//819 5465//819
f 5236//819 5235//819 5461//819
f 5461//819 5235//819 5463//819
f 5466//820 5255//820 5467//820
f 5467//820 5255//820 5252//820
f 5468//15 5466//15 5469//15
f 5469//15 5466//15 5467//15
f 5470//820 5468//820 5471//820
f 5471//820 5468//820 5469//820
f 5472//848 5473//848 5474//848
f 5474//848 5473//848 5475//848
f 5476//15 5472//15 5477//15
f 5477//15 5472//15 5474//15
f 5250//848 5476//848 5251//848
f 5251//848 5476//848 5477//848
f 5477//819 5474//819 5251//819
f 5251//819 5474//819 5469//819
f 5251//819 5469//819 5252//819
f 5252//819 5469//819 5467//819
f 5474//819 5475//819 5469//819
f 5469//819 5475//819 5471//819
f 5472//819 5476//819 5473//819
f 5473//819 5476//819 5478//819
f 5473//819 5478//819 5479//819
f 5479//819 5478//819 5480//819
f 5250//819 5249//819 5476//819
f 5476//819 5249//819 5478//819
f 5481//820 5271//820 5482//820
f 5482//820 5271//820 5268//820
f 5483//15 5481//15 5484//15
f 5484//15 5481//15 5482//15
f 5485//820 5483//820 5486//820
f 5486//820 5483//820 5484//820
f 5487//848 5488//848 5489//848
f 5489//848 5488//848 5490//848
f 5491//15 5487//15 5492//15
f 5492//15 5487//15 5489//15
f 5266//848 5491//848 5265//848
f 5265//848 5491//848 5492//848
f 5492//819 5489//819 5265//819
f 5265//819 5489//819 5484//819
f 5265//819 5484//819 5268//819
f 5268//819 5484//819 5482//819
f 5489//819 5490//819 5484//819
f 5484//819 5490//819 5486//819
f 5487//819 5491//819 5488//819
f 5488//819 5491//819 5493//819
f 5488//819 5493//819 5494//819
f 5494//819 5493//819 5495//819
f 5266//819 5267//819 5491//819
f 5491//819 5267//819 5493//819
f 5496//820 5285//820 5497//820
f 5497//820 5285//820 5282//820
f 5498//15 5496//15 5499//15
f 5499//15 5496//15 5497//15
f 5500//820 5498//820 5501//820
f 5501//820 5498//820 5499//820
f 5502//848 5503//848 5504//848
f 5504//848 5503//848 5505//848
f 5506//15 5502//15 5507//15
f 5507//15 5502//15 5504//15
f 5284//848 5506//848 5281//848
f 5281//848 5506//848 5507//848
f 5507//819 5504//819 5281//819
f 5281//819 5504//819 5499//819
f 5281//819 5499//819 5282//819
f 5282//819 5499//819 5497//819
f 5504//819 5505//819 5499//819
f 5499//819 5505//819 5501//819
f 5502//819 5506//819 5503//819
f 5503//819 5506//819 5508//819
f 5503//819 5508//819 5509//819
f 5509//819 5508//819 5510//819
f 5284//819 5283//819 5506//819
f 5506//819 5283//819 5508//819
f 5511//820 5303//820 5512//820
f 5512//820 5303//820 5300//820
f 5513//15 5511//15 5514//15
f 5514//15 5511//15 5512//15
f 5515//820 5513//820 5516//820
f 5516//820 5513//820 5514//820
f 5517//848 5518//848 5519//848
f 5519//848 5518//848 5520//848
f 5521//15 5517//15 5522//15
f 5522//15 5517//15 5519//15
f 5298//848 5521//848 5299//848
f 5299//848 5521//848 5522//848
f 5522//819 5519//819 5299//819
f 5299//819 5519//819 5514//819
f 5299//819 5514//819 5300//819
f 5300//819 5514//819 5512//819
f 5519//819 5520//819 5514//819
f 5514//819 5520//819 5516//819
f 5517//819 5521//819 5518//819
f 5518//819 5521//819 5523//819
f 5518//819 5523//819 5524//819
f 5524//819 5523//819 5525//819
f 5298//819 5297//819 5521//819
f 5521//819 5297//819 5523//819
f 5526//820 5319//820 5527//820
f 5527//820 5319//820 5316//820
f 5528//15 5526//15 5529//15
f 5529//15 5526//15 5527//15
f 5530//820 5528//820 5531//820
f 5531//820 5528//820 5529//820
f 5532//848 5533//848 5534//848
f 5534//848 5533//848 5535//848
f 5536//15 5532//15 5537//15
f 5537//15 5532//15 5534//15
f 5314//848 5536//848 5313//848
f 5313//848 5536//848 5537//848
f 5537//819 5534//819 5313//819
f 5313//819 5534//819 5529//819
f 5313//819 5529//819 5316//819
f 5316//819 5529//819 5527//819
f 5534//819 5535//819 5529//819
f 5529//819 5535//819 5531//819
f 5532//819 5536//819 5533//819
f 5533//819 5536//819 5538//819
f 5533//819 5538//819 5539//819
f 5539//819 5538//819 5540//819
f 5314//819 5315//819 5536//819
f 5536//819 5315//819 5538//819
f 5541//820 5333//820 5542//820
f 5542//820 5333//820 5330//820
f 5543//15 5541//15 5544//15
f 5544//15 5541//15 5542//15
f 5545//820 5543//820 5546//820
f 5546//820 5543//820 5544//820
f 5547//848 5548//848 5549//848
f 5549//848 5548//848 5550//848
f 5551//15 5547//15 5552//15
f 5552//15 5547//15 5549//15
f 5332//848 5551//848 5329//848
f 5329//848 5551//848 5552//848
f 5552//819 5549//819 5329//819
f 5329//819 5549//819 5544//819
f 5329//819 5544//819 5330//819
f 5330//819 5544//819 5542//819
f 5549//819 5550//819 5544//819
f 5544//819 5550//819 5546//819
f 5547//819 5551//819 5548//819
f 5548//819 5551//819 5553//819
f 5548//819 5553//819 5554//819
f 5554//819 5553//819 5555//819
f 5332//819 5331//819 5551//819
f 5551//819 5331//819 5553//819
f 5556//820 5350//820 5557//820
f 5557//820 5350//820 5348//820
f 5558//15 5556//15 5559//15
f 5559//15 5556//15 5557//15
f 5560//820 5558//820 5561//820
f 5561//820 5558//820 5559//820
f 5562//848 5563//848 5564//848
f 5564//848 5563//848 5565//848
f 5566//15 5562//15 5567//15
f 5567//15 5562//15 5564//15
f 5568//820 5566//820 5569//820
f 5569//820 5566//820 5567//820
f 5570//848 5571//848 5572//848
f 5572//848 5571//848 5573//848
f 5574//15 5570//15 5575//15
f 5575//15 5570//15 5572//15
f 5346//848 5574//848 5347//848
f 5347//848 5574//848 5575//848
f 5575//819 5572//819 5347//819
f 5347//819 5572//819 5567//819
f 5347//819 5567//819 5564//819
f 5572//819 5573//819 5567//819
f 5567//819 5573//819 5569//819
f 5565//819 5559//819 5564//819
f 5564//819 5559//819 5348//819
f 5564//819 5348//819 5347//819
f 5565//819 5561//819 5559//819
f 5559//819 5557//819 5348//819
f 5570//819 5574//819 5571//819
f 5571//819 5574//819 5576//819
f 5571//819 5576//819 5577//819
f 5577//819 5576//819 5578//819
f 5346//819 5345//819 5574//819
f 5574//819 5345//819 5576//819
f 5558//819 5560//819 5556//819
f 5556//819 5560//819 5579//819
f 5556//819 5579//819 5349//819
f 5349//819 5350//819 5556//819
f 5562//819 5566//819 5563//819
f 5563//819 5566//819 5568//819
f 5580//820 5339//820 5581//820
f 5581//820 5339//820 5336//820
f 5582//15 5580//15 5583//15
f 5583//15 5580//15 5581//15
f 5584//820 5582//820 5585//820
f 5585//820 5582//820 5583//820
f 5586//848 5587//848 5588//848
f 5588//848 5587//848 5589//848
f 5590//15 5586//15 5591//15
f 5591//15 5586//15 5588//15
f 5334//848 5590//848 5335//848
f 5335//848 5590//848 5591//848
f 5591//819 5588//819 5335//819
f 5335//819 5588//819 5583//819
f 5335//819 5583//819 5336//819
f 5336//819 5583//819 5581//819
f 5588//819 5589//819 5583//819
f 5583//819 5589//819 5585//819
f 5543//819 5545//819 5541//819
f 5541//819 5545//819 5587//819
f 5541//819 5587//819 5590//819
f 5590//819 5587//819 5586//819
f 5334//819 5333//819 5590//819
f 5590//819 5333//819 5541//819
f 5592//820 5321//820 5593//820
f 5593//820 5321//820 5318//820
f 5594//15 5592//15 5595//15
f 5595//15 5592//15 5593//15
f 5596//820 5594//820 5597//820
f 5597//820 5594//820 5595//820
f 5598//848 5599//848 5600//848
f 5600//848 5599//848 5601//848
f 5602//15 5598//15 5603//15
f 5603//15 5598//15 5600//15
f 5320//848 5602//848 5317//848
f 5317//848 5602//848 5603//848
f 5603//819 5600//819 5317//819
f 5317//819 5600//819 5595//819
f 5317//819 5595//819 5318//819
f 5318//819 5595//819 5593//819
f 5600//819 5601//819 5595//819
f 5595//819 5601//819 5597//819
f 5528//819 5530//819 5526//819
f 5526//819 5530//819 5599//819
f 5526//819 5599//819 5602//819
f 5602//819 5599//819 5598//819
f 5320//819 5319//819 5602//819
f 5602//819 5319//819 5526//819
f 5604//820 5307//820 5605//820
f 5605//820 5307//820 5304//820
f 5606//15 5604//15 5607//15
f 5607//15 5604//15 5605//15
f 5608//820 5606//820 5609//820
f 5609//820 5606//820 5607//820
f 5610//848 5611//848 5612//848
f 5612//848 5611//848 5613//848
f 5614//15 5610//15 5615//15
f 5615//15 5610//15 5612//15
f 5302//848 5614//848 5301//848
f 5301//848 5614//848 5615//848
f 5615//819 5612//819 5301//819
f 5301//819 5612//819 5607//819
f 5301//819 5607//819 5304//819
f 5304//819 5607//819 5605//819
f 5612//819 5613//819 5607//819
f 5607//819 5613//819 5609//819
f 5513//819 5515//819 5511//819
f 5511//819 5515//819 5611//819
f 5511//819 5611//819 5614//819
f 5614//819 5611//819 5610//819
f 5302//819 5303//819 5614//819
f 5614//819 5303//819 5511//819
f 5616//820 5291//820 5617//820
f 5617//820 5291//820 5288//820
f 5618//15 5616//15 5619//15
f 5619//15 5616//15 5617//15
f 5620//820 5618//820 5621//820
f 5621//820 5618//820 5619//820
f 5622//848 5623//848 5624//848
f 5624//848 5623//848 5625//848
f 5626//15 5622//15 5627//15
f 5627//15 5622//15 5624//15
f 5286//848 5626//848 5287//848
f 5287//848 5626//848 5627//848
f 5627//819 5624//819 5287//819
f 5287//819 5624//819 5619//819
f 5287//819 5619//819 5288//819
f 5288//819 5619//819 5617//819
f 5624//819 5625//819 5619//819
f 5619//819 5625//819 5621//819
f 5498//819 5500//819 5496//819
f 5496//819 5500//819 5623//819
f 5496//819 5623//819 5626//819
f 5626//819 5623//819 5622//819
f 5286//819 5285//819 5626//819
f 5626//819 5285//819 5496//819
f 5628//820 5273//820 5629//820
f 5629//820 5273//820 5270//820
f 5630//15 5628//15 5631//15
f 5631//15 5628//15 5629//15
f 5632//820 5630//820 5633//820
f 5633//820 5630//820 5631//820
f 5634//848 5635//848 5636//848
f 5636//848 5635//848 5637//848
f 5638//15 5634//15 5639//15
f 5639//15 5634//15 5636//15
f 5272//848 5638//848 5269//848
f 5269//848 5638//848 5639//848
f 5639//819 5636//819 5269//819
f 5269//819 5636//819 5631//819
f 5269//819 5631//819 5270//819
f 5270//819 5631//819 5629//819
f 5636//819 5637//819 5631//819
f 5631//819 5637//819 5633//819
f 5483//819 5485//819 5481//819
f 5481//819 5485//819 5635//819
f 5481//819 5635//819 5638//819
f 5638//819 5635//819 5634//819
f 5272//819 5271//819 5638//819
f 5638//819 5271//819 5481//819
f 5640//820 5259//820 5641//820
f 5641//820 5259//820 5256//820
f 5642//15 5640//15 5643//15
f 5643//15 5640//15 5641//15
f 5644//820 5642//820 5645//820
f 5645//820 5642//820 5643//820
f 5646//848 5647//848 5648//848
f 5648//848 5647//848 5649//848
f 5650//15 5646//15 5651//15
f 5651//15 5646//15 5648//15
f 5254//848 5650//848 5253//848
f 5253//848 5650//848 5651//848
f 5651//819 5648//819 5253//819
f 5253//819 5648//819 5643//819
f 5253//819 5643//819 5256//819
f 5256//819 5643//819 5641//819
f 5648//819 5649//819 5643//819
f 5643//819 5649//819 5645//819
f 5468//819 5470//819 5466//819
f 5466//819 5470//819 5647//819
f 5466//819 5647//819 5650//819
f 5650//819 5647//819 5646//819
f 5254//819 5255//819 5650//819
f 5650//819 5255//819 5466//819
f 5652//820 5243//820 5653//820
f 5653//820 5243//820 5240//820
f 5654//15 5652//15 5655//15
f 5655//15 5652//15 5653//15
f 5656//820 5654//820 5657//820
f 5657//820 5654//820 5655//820
f 5658//848 5659//848 5660//848
f 5660//848 5659//848 5661//848
f 5662//15 5658//15 5663//15
f 5663//15 5658//15 5660//15
f 5238//848 5662//848 5239//848
f 5239//848 5662//848 5663//848
f 5663//819 5660//819 5239//819
f 5239//819 5660//819 5655//819
f 5239//819 5655//819 5240//819
f 5240//819 5655//819 5653//819
f 5660//819 5661//819 5655//819
f 5655//819 5661//819 5657//819
f 5453//819 5455//819 5451//819
f 5451//819 5455//819 5659//819
f 5451//819 5659//819 5662//819
f 5662//819 5659//819 5658//819
f 5238//819 5237//819 5662//819
f 5662//819 5237//819 5451//819
f 5664//820 5225//820 5665//820
f 5665//820 5225//820 5222//820
f 5666//15 5664//15 5667//15
f 5667//15 5664//15 5665//15
f 5668//820 5666//820 5669//820
f 5669//820 5666//820 5667//820
f 5670//848 5671//848 5672//848
f 5672//848 5671//848 5673//848
f 5674//15 5670//15 5675//15
f 5675//15 5670//15 5672//15
f 5224//848 5674//848 5221//848
f 5221//848 5674//848 5675//848
f 5675//819 5672//819 5221//819
f 5221//819 5672//819 5667//819
f 5221//819 5667//819 5222//819
f 5222//819 5667//819 5665//819
f 5672//819 5673//819 5667//819
f 5667//819 5673//819 5669//819
f 5438//819 5440//819 5436//819
f 5436//819 5440//819 5671//819
f 5436//819 5671//819 5674//819
f 5674//819 5671//819 5670//819
f 5224//819 5223//819 5674//819
f 5674//819 5223//819 5436//819
f 5676//820 5211//820 5677//820
f 5677//820 5211//820 5208//820
f 5678//15 5676//15 5679//15
f 5679//15 5676//15 5677//15
f 5680//820 5678//820 5681//820
f 5681//820 5678//820 5679//820
f 5682//848 5683//848 5684//848
f 5684//848 5683//848 5685//848
f 5686//15 5682//15 5687//15
f 5687//15 5682//15 5684//15
f 5206//848 5686//848 5205//848
f 5205//848 5686//848 5687//848
f 5687//819 5684//819 5205//819
f 5205//819 5684//819 5679//819
f 5205//819 5679//819 5208//819
f 5208//819 5679//819 5677//819
f 5684//819 5685//819 5679//819
f 5679//819 5685//819 5681//819
f 5423//819 5425//819 5421//819
f 5421//819 5425//819 5683//819
f 5421//819 5683//819 5686//819
f 5686//819 5683//819 5682//819
f 5206//819 5207//819 5686//819
f 5686//819 5207//819 5421//819
f 5688//820 5195//820 5689//820
f 5689//820 5195//820 5192//820
f 5690//15 5688//15 5691//15
f 5691//15 5688//15 5689//15
f 5692//820 5690//820 5693//820
f 5693//820 5690//820 5691//820
f 5694//848 5695//848 5696//848
f 5696//848 5695//848 5697//848
f 5698//15 5694//15 5699//15
f 5699//15 5694//15 5696//15
f 5190//848 5698//848 5191//848
f 5191//848 5698//848 5699//848
f 5699//819 5696//819 5191//819
f 5191//819 5696//819 5691//819
f 5191//819 5691//819 5192//819
f 5192//819 5691//819 5689//819
f 5696//819 5697//819 5691//819
f 5691//819 5697//819 5693//819
f 5408//819 5410//819 5406//819
f 5406//819 5410//819 5695//819
f 5406//819 5695//819 5698//819
f 5698//819 5695//819 5694//819
f 5190//819 5189//819 5698//819
f 5698//819 5189//819 5406//819
f 5700//820 5177//820 5701//820
f 5701//820 5177//820 5174//820
f 5702//15 5700//15 5703//15
f 5703//15 5700//15 5701//15
f 5704//820 5702//820 5705//820
f 5705//820 5702//820 5703//820
f 5706//848 5707//848 5708//848
f 5708//848 5707//848 5709//848
f 5710//15 5706//15 5711//15
f 5711//15 5706//15 5708//15
f 5176//848 5710//848 5173//848
f 5173//848 5710//848 5711//848
f 5711//819 5708//819 5173//819
f 5173//819 5708//819 5703//819
f 5173//819 5703//819 5174//819
f 5174//819 5703//819 5701//819
f 5708//819 5709//819 5703//819
f 5703//819 5709//819 5705//819
f 5391//819 5393//819 5389//819
f 5389//819 5393//819 5707//819
f 5389//819 5707//819 5710//819
f 5710//819 5707//819 5706//819
f 5176//819 5175//819 5710//819
f 5710//819 5175//819 5389//819
f 5418//820 5187//820 5712//820
f 5712//820 5187//820 5184//820
f 5420//15 5418//15 5713//15
f 5713//15 5418//15 5712//15
f 5419//820 5420//820 5714//820
f 5714//820 5420//820 5713//820
f 5715//848 5716//848 5717//848
f 5717//848 5716//848 5718//848
f 5719//15 5715//15 5720//15
f 5720//15 5715//15 5717//15
f 5182//848 5719//848 5181//848
f 5181//848 5719//848 5720//848
f 5720//819 5717//819 5181//819
f 5181//819 5717//819 5713//819
f 5181//819 5713//819 5184//819
f 5184//819 5713//819 5712//819
f 5717//819 5718//819 5713//819
f 5713//819 5718//819 5714//819
f 5715//819 5719//819 5716//819
f 5716//819 5719//819 5721//819
f 5716//819 5721//819 5722//819
f 5722//819 5721//819 5723//819
f 5182//819 5183//819 5719//819
f 5719//819 5183//819 5721//819
f 5433//820 5201//820 5724//820
f 5724//820 5201//820 5198//820
f 5435//15 5433//15 5725//15
f 5725//15 5433//15 5724//15
f 5434//820 5435//820 5726//820
f 5726//820 5435//820 5725//820
f 5727//848 5728//848 5729//848
f 5729//848 5728//848 5730//848
f 5731//15 5727//15 5732//15
f 5732//15 5727//15 5729//15
f 5200//848 5731//848 5197//848
f 5197//848 5731//848 5732//848
f 5732//819 5729//819 5197//819
f 5197//819 5729//819 5725//819
f 5197//819 5725//819 5198//819
f 5198//819 5725//819 5724//819
f 5729//819 5730//819 5725//819
f 5725//819 5730//819 5726//819
f 5727//819 5731//819 5728//819
f 5728//819 5731//819 5733//819
f 5728//819 5733//819 5734//819
f 5734//819 5733//819 5735//819
f 5200//819 5199//819 5731//819
f 5731//819 5199//819 5733//819
f 5448//820 5219//820 5736//820
f 5736//820 5219//820 5216//820
f 5450//15 5448//15 5737//15
f 5737//15 5448//15 5736//15
f 5449//820 5450//820 5738//820
f 5738//820 5450//820 5737//820
f 5739//848 5740//848 5741//848
f 5741//848 5740//848 5742//848
f 5743//15 5739//15 5744//15
f 5744//15 5739//15 5741//15
f 5214//848 5743//848 5215//848
f 5215//848 5743//848 5744//848
f 5744//819 5741//819 5215//819
f 5215//819 5741//819 5737//819
f 5215//819 5737//819 5216//819
f 5216//819 5737//819 5736//819
f 5741//819 5742//819 5737//819
f 5737//819 5742//819 5738//819
f 5739//819 5743//819 5740//819
f 5740//819 5743//819 5745//819
f 5740//819 5745//819 5746//819
f 5746//819 5745//819 5747//819
f 5214//819 5213//819 5743//819
f 5743//819 5213//819 5745//819
f 5463//820 5235//820 5748//820
f 5748//820 5235//820 5232//820
f 5465//15 5463//15 5749//15
f 5749//15 5463//15 5748//15
f 5464//820 5465//820 5750//820
f 5750//820 5465//820 5749//820
f 5751//848 5752//848 5753//848
f 5753//848 5752//848 5754//848
f 5755//15 5751//15 5756//15
f 5756//15 5751//15 5753//15
f 5230//848 5755//848 5229//848
f 5229//848 5755//848 5756//848
f 5756//819 5753//819 5229//819
f 5229//819 5753//819 5749//819
f 5229//819 5749//819 5232//819
f 5232//819 5749//819 5748//819
f 5753//819 5754//819 5749//819
f 5749//819 5754//819 5750//819
f 5751//819 5755//819 5752//819
f 5752//819 5755//819 5757//819
f 5752//819 5757//819 5758//819
f 5758//819 5757//819 5759//819
f 5230//819 5231//819 5755//819
f 5755//819 5231//819 5757//819
f 5478//820 5249//820 5760//820
f 5760//820 5249//820 5246//820
f 5480//15 5478//15 5761//15
f 5761//15 5478//15 5760//15
f 5479//820 5480//820 5762//820
f 5762//820 5480//820 5761//820
f 5763//848 5764//848 5765//848
f 5765//848 5764//848 5766//848
f 5767//15 5763//15 5768//15
f 5768//15 5763//15 5765//15
f 5248//848 5767//848 5245//848
f 5245//848 5767//848 5768//848
f 5768//819 5765//819 5245//819
f 5245//819 5765//819 5761//819
f 5245//819 5761//819 5246//819
f 5246//819 5761//819 5760//819
f 5765//819 5766//819 5761//819
f 5761//819 5766//819 5762//819
f 5763//819 5767//819 5764//819
f 5764//819 5767//819 5769//819
f 5764//819 5769//819 5770//819
f 5770//819 5769//819 5771//819
f 5248//819 5247//819 5767//819
f 5767//819 5247//819 5769//819
f 5493//820 5267//820 5772//820
f 5772//820 5267//820 5264//820
f 5495//15 5493//15 5773//15
f 5773//15 5493//15 5772//15
f 5494//820 5495//820 5774//820
f 5774//820 5495//820 5773//820
f 5775//848 5776//848 5777//848
f 5777//848 5776//848 5778//848
f 5779//15 5775//15 5780//15
f 5780//15 5775//15 5777//15
f 5262//848 5779//848 5263//848
f 5263//848 5779//848 5780//848
f 5780//819 5777//819 5263//819
f 5263//819 5777//819 5773//819
f 5263//819 5773//819 5264//819
f 5264//819 5773//819 5772//819
f 5777//819 5778//819 5773//819
f 5773//819 5778//819 5774//819
f 5775//819 5779//819 5776//819
f 5776//819 5779//819 5781//819
f 5776//819 5781//819 5782//819
f 5782//819 5781//819 5783//819
f 5262//819 5261//819 5779//819
f 5779//819 5261//819 5781//819
f 5508//820 5283//820 5784//820
f 5784//820 5283//820 5280//820
f 5510//15 5508//15 5785//15
f 5785//15 5508//15 5784//15
f 5509//820 5510//820 5786//820
f 5786//820 5510//820 5785//820
f 5787//848 5788//848 5789//848
f 5789//848 5788//848 5790//848
f 5791//15 5787//15 5792//15
f 5792//15 5787//15 5789//15
f 5278//848 5791//848 5277//848
f 5277//848 5791//848 5792//848
f 5792//819 5789//819 5277//819
f 5277//819 5789//819 5785//819
f 5277//819 5785//819 5280//819
f 5280//819 5785//819 5784//819
f 5789//819 5790//819 5785//819
f 5785//819 5790//819 5786//819
f 5787//819 5791//819 5788//819
f 5788//819 5791//819 5793//819
f 5788//819 5793//819 5794//819
f 5794//819 5793//819 5795//819
f 5278//819 5279//819 5791//819
f 5791//819 5279//819 5793//819
f 5523//820 5297//820 5796//820
f 5796//820 5297//820 5294//820
f 5525//15 5523//15 5797//15
f 5797//15 5523//15 5796//15
f 5524//820 5525//820 5798//820
f 5798//820 5525//820 5797//820
f 5799//848 5800//848 5801//848
f 5801//848 5800//848 5802//848
f 5803//15 5799//15 5804//15
f 5804//15 5799//15 5801//15
f 5296//848 5803//848 5293//848
f 5293//848 5803//848 5804//848
f 5804//819 5801//819 5293//819
f 5293//819 5801//819 5797//819
f 5293//819 5797//819 5294//819
f 5294//819 5797//819 5796//819
f 5801//819 5802//819 5797//819
f 5797//819 5802//819 5798//819
f 5799//819 5803//819 5800//819
f 5800//819 5803//819 5805//819
f 5800//819 5805//819 5806//819
f 5806//819 5805//819 5807//819
f 5296//819 5295//819 5803//819
f 5803//819 5295//819 5805//819
f 5538//820 5315//820 5808//820
f 5808//820 5315//820 5312//820
f 5540//15 5538//15 5809//15
f 5809//15 5538//15 5808//15
f 5539//820 5540//820 5810//820
f 5810//820 5540//820 5809//820
f 5811//848 5812//848 5813//848
f 5813//848 5812//848 5814//848
f 5815//15 5811//15 5816//15
f 5816//15 5811//15 5813//15
f 5310//848 5815//848 5311//848
f 5311//848 5815//848 5816//848
f 5816//819 5813//819 5311//819
f 5311//819 5813//819 5809//819
f 5311//819 5809//819 5312//819
f 5312//819 5809//819 5808//819
f 5813//819 5814//819 5809//819
f 5809//819 5814//819 5810//819
f 5811//819 5815//819 5812//819
f 5812//819 5815//819 5817//819
f 5812//819 5817//819 5818//819
f 5818//819 5817//819 5819//819
f 5310//819 5309//819 5815//819
f 5815//819 5309//819 5817//819
f 5553//820 5331//820 5820//820
f 5820//820 5331//820 5328//820
f 5555//15 5553//15 5821//15
f 5821//15 5553//15 5820//15
f 5554//820 5555//820 5822//820
f 5822//820 5555//820 5821//820
f 5823//848 5824//848 5825//848
f 5825//848 5824//848 5826//848
f 5827//15 5823//15 5828//15
f 5828//15 5823//15 5825//15
f 5326//848 5827//848 5325//848
f 5325//848 5827//848 5828//848
f 5828//819 5825//819 5325//819
f 5325//819 5825//819 5821//819
f 5325//819 5821//819 5328//819
f 5328//819 5821//819 5820//819
f 5825//819 5826//819 5821//819
f 5821//819 5826//819 5822//819
f 5823//819 5827//819 5824//819
f 5824//819 5827//819 5829//819
f 5824//819 5829//819 5830//819
f 5830//819 5829//819 5831//819
f 5326//819 5327//819 5827//819
f 5827//819 5327//819 5829//819
f 5576//820 5345//820 5832//820
f 5832//820 5345//820 5342//820
f 5578//15 5576//15 5833//15
f 5833//15 5576//15 5832//15
f 5577//820 5578//820 5834//820
f 5834//820 5578//820 5833//820
f 5835//848 5836//848 5837//848
f 5837//848 5836//848 5838//848
f 5839//15 5835//15 5840//15
f 5840//15 5835//15 5837//15
f 5344//848 5839//848 5341//848
f 5341//848 5839//848 5840//848
f 5840//819 5837//819 5341//819
f 5341//819 5837//819 5833//819
f 5341//819 5833//819 5342//819
f 5342//819 5833//819 5832//819
f 5837//819 5838//819 5833//819
f 5833//819 5838//819 5834//819
f 5835//819 5839//819 5836//819
f 5836//819 5839//819 5841//819
f 5836//819 5841//819 5842//819
f 5842//819 5841//819 5843//819
f 5344//819 5343//819 5839//819
f 5839//819 5343//819 5841//819
f 5841//820 5343//820 5844//820
f 5844//820 5343//820 5340//820
f 5843//15 5841//15 5845//15
f 5845//15 5841//15 5844//15
f 5842//820 5843//820 5846//820
f 5846//820 5843//820 5845//820
f 5847//848 5848//848 5849//848
f 5849//848 5848//848 5850//848
f 5851//15 5847//15 5852//15
f 5852//15 5847//15 5849//15
f 5338//848 5851//848 5337//848
f 5337//848 5851//848 5852//848
f 5852//819 5849//819 5337//819
f 5337//819 5849//819 5845//819
f 5337//819 5845//819 5340//819
f 5340//819 5845//819 5844//819
f 5849//819 5850//819 5845//819
f 5845//819 5850//819 5846//819
f 5582//819 5584//819 5580//819
f 5580//819 5584//819 5848//819
f 5580//819 5848//819 5851//819
f 5851//819 5848//819 5847//819
f 5338//819 5339//819 5851//819
f 5851//819 5339//819 5580//819
f 5829//820 5327//820 5853//820
f 5853//820 5327//820 5324//820
f 5831//15 5829//15 5854//15
f 5854//15 5829//15 5853//15
f 5830//820 5831//820 5855//820
f 5855//820 5831//820 5854//820
f 5856//848 5857//848 5858//848
f 5858//848 5857//848 5859//848
f 5860//15 5856//15 5861//15
f 5861//15 5856//15 5858//15
f 5322//848 5860//848 5323//848
f 5323//848 5860//848 5861//848
f 5861//819 5858//819 5323//819
f 5323//819 5858//819 5854//819
f 5323//819 5854//819 5324//819
f 5324//819 5854//819 5853//819
f 5858//819 5859//819 5854//819
f 5854//819 5859//819 5855//819
f 5594//819 5596//819 5592//819
f 5592//819 5596//819 5857//819
f 5592//819 5857//819 5860//819
f 5860//819 5857//819 5856//819
f 5322//819 5321//819 5860//819
f 5860//819 5321//819 5592//819
f 5817//820 5309//820 5862//820
f 5862//820 5309//820 5306//820
f 5819//15 5817//15 5863//15
f 5863//15 5817//15 5862//15
f 5818//820 5819//820 5864//820
f 5864//820 5819//820 5863//820
f 5865//848 5866//848 5867//848
f 5867//848 5866//848 5868//848
f 5869//15 5865//15 5870//15
f 5870//15 5865//15 5867//15
f 5308//848 5869//848 5305//848
f 5305//848 5869//848 5870//848
f 5870//819 5867//819 5305//819
f 5305//819 5867//819 5863//819
f 5305//819 5863//819 5306//819
f 5306//819 5863//819 5862//819
f 5867//819 5868//819 5863//819
f 5863//819 5868//819 5864//819
f 5606//819 5608//819 5604//819
f 5604//819 5608//819 5866//819
f 5604//819 5866//819 5869//819
f 5869//819 5866//819 5865//819
f 5308//819 5307//819 5869//819
f 5869//819 5307//819 5604//819
f 5805//820 5295//820 5871//820
f 5871//820 5295//820 5292//820
f 5807//15 5805//15 5872//15
f 5872//15 5805//15 5871//15
f 5806//820 5807//820 5873//820
f 5873//820 5807//820 5872//820
f 5874//848 5875//848 5876//848
f 5876//848 5875//848 5877//848
f 5878//15 5874//15 5879//15
f 5879//15 5874//15 5876//15
f 5290//848 5878//848 5289//848
f 5289//848 5878//848 5879//848
f 5879//819 5876//819 5289//819
f 5289//819 5876//819 5872//819
f 5289//819 5872//819 5292//819
f 5292//819 5872//819 5871//819
f 5876//819 5877//819 5872//819
f 5872//819 5877//819 5873//819
f 5618//819 5620//819 5616//819
f 5616//819 5620//819 5875//819
f 5616//819 5875//819 5878//819
f 5878//819 5875//819 5874//819
f 5290//819 5291//819 5878//819
f 5878//819 5291//819 5616//819
f 5793//820 5279//820 5880//820
f 5880//820 5279//820 5276//820
f 5795//15 5793//15 5881//15
f 5881//15 5793//15 5880//15
f 5794//820 5795//820 5882//820
f 5882//820 5795//820 5881//820
f 5883//848 5884//848 5885//848
f 5885//848 5884//848 5886//848
f 5887//15 5883//15 5888//15
f 5888//15 5883//15 5885//15
f 5274//848 5887//848 5275//848
f 5275//848 5887//848 5888//848
f 5888//819 5885//819 5275//819
f 5275//819 5885//819 5881//819
f 5275//819 5881//819 5276//819
f 5276//819 5881//819 5880//819
f 5885//819 5886//819 5881//819
f 5881//819 5886//819 5882//819
f 5630//819 5632//819 5628//819
f 5628//819 5632//819 5884//819
f 5628//819 5884//819 5887//819
f 5887//819 5884//819 5883//819
f 5274//819 5273//819 5887//819
f 5887//819 5273//819 5628//819
f 5781//820 5261//820 5889//820
f 5889//820 5261//820 5258//820
f 5783//15 5781//15 5890//15
f 5890//15 5781//15 5889//15
f 5782//820 5783//820 5891//820
f 5891//820 5783//820 5890//820
f 5892//848 5893//848 5894//848
f 5894//848 5893//848 5895//848
f 5896//15 5892//15 5897//15
f 5897//15 5892//15 5894//15
f 5898//820 5896//820 5899//820
f 5899//820 5896//820 5897//820
f 5900//848 5901//848 5902//848
f 5902//848 5901//848 5903//848
f 5904//15 5900//15 5905//15
f 5905//15 5900//15 5902//15
f 5906//820 5904//820 5907//820
f 5907//820 5904//820 5905//820
f 5908//848 5909//848 5910//848
f 5910//848 5909//848 5911//848
f 5912//15 5908//15 5913//15
f 5913//15 5908//15 5910//15
f 5260//848 5912//848 5257//848
f 5257//848 5912//848 5913//848
f 5913//819 5910//819 5257//819
f 5257//819 5910//819 5905//819
f 5257//819 5905//819 5902//819
f 5910//819 5911//819 5905//819
f 5905//819 5911//819 5907//819
f 5257//819 5902//819 5897//819
f 5897//819 5902//819 5903//819
f 5897//819 5903//819 5899//819
f 5257//819 5897//819 5258//819
f 5258//819 5897//819 5894//819
f 5258//819 5894//819 5890//819
f 5890//819 5894//819 5895//819
f 5890//819 5895//819 5891//819
f 5890//819 5889//819 5258//819
f 5642//819 5644//819 5640//819
f 5640//819 5644//819 5909//819
f 5640//819 5909//819 5912//819
f 5912//819 5909//819 5908//819
f 5260//819 5259//819 5912//819
f 5912//819 5259//819 5640//819
f 5900//819 5904//819 5901//819
f 5901//819 5904//819 5906//819
f 5769//820 5247//820 5914//820
f 5914//820 5247//820 5244//820
f 5771//15 5769//15 5915//15
f 5915//15 5769//15 5914//15
f 5770//820 5771//820 5916//820
f 5916//820 5771//820 5915//820
f 5917//848 5918//848 5919//848
f 5919//848 5918//848 5920//848
f 5921//15 5917//15 5922//15
f 5922//15 5917//15 5919//15
f 5242//848 5921//848 5241//848
f 5241//848 5921//848 5922//848
f 5922//819 5919//819 5241//819
f 5241//819 5919//819 5915//819
f 5241//819 5915//819 5244//819
f 5244//819 5915//819 5914//819
f 5919//819 5920//819 5915//819
f 5915//819 5920//819 5916//819
f 5654//819 5656//819 5652//819
f 5652//819 5656//819 5918//819
f 5652//819 5918//819 5921//819
f 5921//819 5918//819 5917//819
f 5242//819 5243//819 5921//819
f 5921//819 5243//819 5652//819
f 5757//820 5231//820 5923//820
f 5923//820 5231//820 5228//820
f 5759//15 5757//15 5924//15
f 5924//15 5757//15 5923//15
f 5758//820 5759//820 5925//820
f 5925//820 5759//820 5924//820
f 5926//848 5927//848 5928//848
f 5928//848 5927//848 5929//848
f 5930//15 5926//15 5931//15
f 5931//15 5926//15 5928//15
f 5226//848 5930//848 5227//848
f 5227//848 5930//848 5931//848
f 5931//819 5928//819 5227//819
f 5227//819 5928//819 5924//819
f 5227//819 5924//819 5228//819
f 5228//819 5924//819 5923//819
f 5928//819 5929//819 5924//819
f 5924//819 5929//819 5925//819
f 5666//819 5668//819 5664//819
f 5664//819 5668//819 5927//819
f 5664//819 5927//819 5930//819
f 5930//819 5927//819 5926//819
f 5226//819 5225//819 5930//819
f 5930//819 5225//819 5664//819
f 5745//820 5213//820 5932//820
f 5932//820 5213//820 5210//820
f 5747//15 5745//15 5933//15
f 5933//15 5745//15 5932//15
f 5746//820 5747//820 5934//820
f 5934//820 5747//820 5933//820
f 5935//848 5936//848 5937//848
f 5937//848 5936//848 5938//848
f 5939//15 5935//15 5940//15
f 5940//15 5935//15 5937//15
f 5212//848 5939//848 5209//848
f 5209//848 5939//848 5940//848
f 5940//819 5937//819 5209//819
f 5209//819 5937//819 5933//819
f 5209//819 5933//819 5210//819
f 5210//819 5933//819 5932//819
f 5937//819 5938//819 5933//819
f 5933//819 5938//819 5934//819
f 5678//819 5680//819 5676//819
f 5676//819 5680//819 5936//819
f 5676//819 5936//819 5939//819
f 5939//819 5936//819 5935//819
f 5212//819 5211//819 5939//819
f 5939//819 5211//819 5676//819
f 5733//820 5199//820 5941//820
f 5941//820 5199//820 5196//820
f 5735//15 5733//15 5942//15
f 5942//15 5733//15 5941//15
f 5734//820 5735//820 5943//820
f 5943//820 5735//820 5942//820
f 5944//848 5945//848 5946//848
f 5946//848 5945//848 5947//848
f 5948//15 5944//15 5949//15
f 5949//15 5944//15 5946//15
f 5194//848 5948//848 5193//848
f 5193//848 5948//848 5949//848
f 5949//819 5946//819 5193//819
f 5193//819 5946//819 5942//819
f 5193//819 5942//819 5196//819
f 5196//819 5942//819 5941//819
f 5946//819 5947//819 5942//819
f 5942//819 5947//819 5943//819
f 5690//819 5692//819 5688//819
f 5688//819 5692//819 5945//819
f 5688//819 5945//819 5948//819
f 5948//819 5945//819 5944//819
f 5194//819 5195//819 5948//819
f 5948//819 5195//819 5688//819
f 5721//820 5183//820 5950//820
f 5950//820 5183//820 5180//820
f 5723//15 5721//15 5951//15
f 5951//15 5721//15 5950//15
f 5722//820 5723//820 5952//820
f 5952//820 5723//820 5951//820
f 5953//848 5954//848 5955//848
f 5955//848 5954//848 5956//848
f 5957//15 5953//15 5958//15
f 5958//15 5953//15 5955//15
f 5178//848 5957//848 5179//848
f 5179//848 5957//848 5958//848
f 5958//819 5955//819 5179//819
f 5179//819 5955//819 5951//819
f 5179//819 5951//819 5180//819
f 5180//819 5951//819 5950//819
f 5955//819 5956//819 5951//819
f 5951//819 5956//819 5952//819
f 5702//819 5704//819 5700//819
f 5700//819 5704//819 5954//819
f 5700//819 5954//819 5957//819
f 5957//819 5954//819 5953//819
f 5178//819 5177//819 5957//819
f 5957//819 5177//819 5700//819
f 5352//29 5351//29 5959//29
f 5959//29 5351//29 5960//29
f 5171//848 5352//848 5405//848
f 5405//848 5352//848 5959//848
f 5898//819 5893//819 5896//819
f 5896//819 5893//819 5892//819
f 5351//820 5349//820 5960//820
f 5960//820 5349//820 5579//820
f 5579//15 5560//15 5960//15
f 5960//15 5560//15 5563//15
f 5960//15 5563//15 5568//15
f 5561//15 5565//15 5560//15
f 5560//15 5565//15 5563//15
f 5569//15 5573//15 5568//15
f 5568//15 5573//15 5571//15
f 5568//15 5571//15 5960//15
f 5960//15 5571//15 5577//15
f 5960//15 5577//15 5836//15
f 5836//15 5577//15 5838//15
f 5838//15 5577//15 5834//15
f 5836//15 5842//15 5960//15
f 5960//15 5842//15 5848//15
f 5960//15 5848//15 5584//15
f 5846//15 5850//15 5842//15
f 5842//15 5850//15 5848//15
f 5585//15 5589//15 5584//15
f 5584//15 5589//15 5587//15
f 5584//15 5587//15 5960//15
f 5960//15 5587//15 5545//15
f 5960//15 5545//15 5548//15
f 5548//15 5545//15 5550//15
f 5550//15 5545//15 5546//15
f 5548//15 5554//15 5960//15
f 5960//15 5554//15 5824//15
f 5960//15 5824//15 5830//15
f 5822//15 5826//15 5554//15
f 5554//15 5826//15 5824//15
f 5855//15 5859//15 5830//15
f 5830//15 5859//15 5857//15
f 5830//15 5857//15 5960//15
f 5960//15 5857//15 5596//15
f 5960//15 5596//15 5599//15
f 5599//15 5596//15 5601//15
f 5601//15 5596//15 5597//15
f 5599//15 5530//15 5960//15
f 5960//15 5530//15 5533//15
f 5960//15 5533//15 5539//15
f 5531//15 5535//15 5530//15
f 5530//15 5535//15 5533//15
f 5810//15 5814//15 5539//15
f 5539//15 5814//15 5812//15
f 5539//15 5812//15 5960//15
f 5960//15 5812//15 5818//15
f 5960//15 5818//15 5866//15
f 5866//15 5818//15 5868//15
f 5868//15 5818//15 5864//15
f 5866//15 5608//15 5960//15
f 5960//15 5608//15 5611//15
f 5960//15 5611//15 5515//15
f 5609//15 5613//15 5608//15
f 5608//15 5613//15 5611//15
f 5516//15 5520//15 5515//15
f 5515//15 5520//15 5518//15
f 5515//15 5518//15 5960//15
f 5960//15 5518//15 5524//15
f 5960//15 5524//15 5800//15
f 5800//15 5524//15 5802//15
f 5802//15 5524//15 5798//15
f 5800//15 5806//15 5960//15
f 5960//15 5806//15 5875//15
f 5960//15 5875//15 5620//15
f 5873//15 5877//15 5806//15
f 5806//15 5877//15 5875//15
f 5621//15 5625//15 5620//15
f 5620//15 5625//15 5623//15
f 5620//15 5623//15 5960//15
f 5960//15 5623//15 5500//15
f 5960//15 5500//15 5503//15
f 5503//15 5500//15 5505//15
f 5505//15 5500//15 5501//15
f 5503//15 5509//15 5960//15
f 5960//15 5509//15 5788//15
f 5960//15 5788//15 5794//15
f 5786//15 5790//15 5509//15
f 5509//15 5790//15 5788//15
f 5882//15 5886//15 5794//15
f 5794//15 5886//15 5884//15
f 5794//15 5884//15 5960//15
f 5960//15 5884//15 5632//15
f 5960//15 5632//15 5635//15
f 5635//15 5632//15 5637//15
f 5637//15 5632//15 5633//15
f 5635//15 5485//15 5960//15
f 5960//15 5485//15 5488//15
f 5960//15 5488//15 5494//15
f 5486//15 5490//15 5485//15
f 5485//15 5490//15 5488//15
f 5774//15 5778//15 5494//15
f 5494//15 5778//15 5776//15
f 5494//15 5776//15 5960//15
f 5960//15 5776//15 5782//15
f 5960//15 5782//15 5893//15
f 5893//15 5782//15 5895//15
f 5895//15 5782//15 5891//15
f 5893//15 5898//15 5960//15
f 5960//15 5898//15 5901//15
f 5960//15 5901//15 5959//15
f 5959//15 5901//15 5906//15
f 5959//15 5906//15 5909//15
f 5909//15 5906//15 5911//15
f 5911//15 5906//15 5907//15
f 5899//15 5903//15 5898//15
f 5898//15 5903//15 5901//15
f 5909//15 5644//15 5959//15
f 5959//15 5644//15 5647//15
f 5959//15 5647//15 5470//15
f 5645//15 5649//15 5644//15
f 5644//15 5649//15 5647//15
f 5471//15 5475//15 5470//15
f 5470//15 5475//15 5473//15
f 5470//15 5473//15 5959//15
f 5959//15 5473//15 5479//15
f 5959//15 5479//15 5764//15
f 5764//15 5479//15 5766//15
f 5766//15 5479//15 5762//15
f 5764//15 5770//15 5959//15
f 5959//15 5770//15 5918//15
f 5959//15 5918//15 5656//15
f 5916//15 5920//15 5770//15
f 5770//15 5920//15 5918//15
f 5657//15 5661//15 5656//15
f 5656//15 5661//15 5659//15
f 5656//15 5659//15 5959//15
f 5959//15 5659//15 5455//15
f 5959//15 5455//15 5458//15
f 5458//15 5455//15 5460//15
f 5460//15 5455//15 5456//15
f 5458//15 5464//15 5959//15
f 5959//15 5464//15 5752//15
f 5959//15 5752//15 5758//15
f 5750//15 5754//15 5464//15
f 5464//15 5754//15 5752//15
f 5925//15 5929//15 5758//15
f 5758//15 5929//15 5927//15
f 5758//15 5927//15 5959//15
f 5959//15 5927//15 5668//15
f 5959//15 5668//15 5671//15
f 5671//15 5668//15 5673//15
f 5673//15 5668//15 5669//15
f 5671//15 5440//15 5959//15
f 5959//15 5440//15 5443//15
f 5959//15 5443//15 5449//15
f 5441//15 5445//15 5440//15
f 5440//15 5445//15 5443//15
f 5738//15 5742//15 5449//15
f 5449//15 5742//15 5740//15
f 5449//15 5740//15 5959//15
f 5959//15 5740//15 5746//15
f 5959//15 5746//15 5936//15
f 5936//15 5746//15 5938//15
f 5938//15 5746//15 5934//15
f 5936//15 5680//15 5959//15
f 5959//15 5680//15 5683//15
f 5959//15 5683//15 5425//15
f 5681//15 5685//15 5680//15
f 5680//15 5685//15 5683//15
f 5426//15 5430//15 5425//15
f 5425//15 5430//15 5428//15
f 5425//15 5428//15 5959//15
f 5959//15 5428//15 5434//15
f 5959//15 5434//15 5728//15
f 5728//15 5434//15 5730//15
f 5730//15 5434//15 5726//15
f 5728//15 5734//15 5959//15
f 5959//15 5734//15 5945//15
f 5959//15 5945//15 5692//15
f 5943//15 5947//15 5734//15
f 5734//15 5947//15 5945//15
f 5693//15 5697//15 5692//15
f 5692//15 5697//15 5695//15
f 5692//15 5695//15 5959//15
f 5959//15 5695//15 5410//15
f 5959//15 5410//15 5413//15
f 5413//15 5410//15 5415//15
f 5415//15 5410//15 5411//15
f 5413//15 5419//15 5959//15
f 5959//15 5419//15 5716//15
f 5959//15 5716//15 5722//15
f 5714//15 5718//15 5419//15
f 5419//15 5718//15 5716//15
f 5952//15 5956//15 5722//15
f 5722//15 5956//15 5954//15
f 5722//15 5954//15 5959//15
f 5959//15 5954//15 5704//15
f 5959//15 5704//15 5707//15
f 5707//15 5704//15 5709//15
f 5709//15 5704//15 5705//15
f 5707//15 5393//15 5959//15
f 5959//15 5393//15 5396//15
f 5959//15 5396//15 5401//15
f 5394//15 5398//15 5393//15
f 5393//15 5398//15 5396//15
f 5402//15 5404//15 5401//15
f 5401//15 5404//15 5403//15
f 5401//15 5403//15 5959//15
f 5959//15 5403//15 5405//15
o sticker
v -0.537974 12.683433 0.408316
v -0.537974 22.410522 0.408316
v -0.537974 12.683433 0.227615
v -0.537974 22.410522 0.227615
v 14.136113 12.683433 0.408316
v 14.136113 22.410522 0.408316
v 14.136113 12.683433 0.227615
v 14.136113 22.410522 0.227615
vn -1.0000 -0.0000 -0.0000
vn -0.0000 -0.0000 -1.0000
vn 1.0000 -0.0000 -0.0000
vn -0.0000 -0.0000 1.0000
vn -0.0000 -1.0000 -0.0000
vn -0.0000 1.0000 -0.0000
vt 0.375000 0.000000
vt 0.625000 0.000000
vt 0.625000 0.250000
vt 0.375000 0.250000
vt 0.625000 0.500000
vt 0.375000 0.500000
vt 0.625000 0.750000
vt 0.375000 0.750000
vt 0.625000 1.000000
vt 0.375000 1.000000
vt 0.125000 0.500000
vt 0.125000 0.750000
vt 0.875000 0.500000
vt 0.875000 0.750000
s 0
f 5961/1/2239 5962/2/2239 5964/3/2239 5963/4/2239
f 5963/4/2240 5964/3/2240 5968/5/2240 5967/6/2240
f 5967/6/2241 5968/5/2241 5966/7/2241 5965/8/2241
f 5965/8/2242 5966/7/2242 5962/9/2242 5961/10/2242
f 5963/11/2243 5967/6/2243 5965/8/2243 5961/12/2243
f 5968/5/2244 5964/13/2244 5962/14/2244 5966/7/2244
