# Blender 5.2.1 LTS
# www.blender.org
mtllib Untitled.mtl
o Finished_back_v2.2
v -24.084339 4.800521 -23.018513
v -24.528391 4.800521 -23.076260
v -24.340389 4.800521 -23.318264
v -23.897390 -9.237481 -13.875261
v -23.706390 -8.649484 -13.875261
v -25.007389 -8.349478 -13.875261
v -24.705391 -9.649478 -13.875261
v -24.472389 -9.621478 -13.875261
v -24.057390 -9.410478 -13.875261
v -23.706390 4.000523 -13.875263
v -23.706390 18.050522 -13.875265
v -25.007389 9.730523 -13.875265
v -23.706390 4.800523 -13.875263
v -24.207399 4.800523 -13.875263
v -24.207399 4.000523 -13.875263
v -24.672600 4.800521 -23.576260
v -24.340389 4.000521 -23.318264
v -24.528391 4.000521 -23.076260
v -24.084339 4.000521 -23.018513
v -23.706390 18.850521 -13.875265
v -24.207399 32.100525 -13.875269
v -24.207399 18.850521 -13.875265
v -24.207399 18.050522 -13.875265
v -24.672600 4.000521 -23.576260
v -41.757389 -8.349478 -13.875261
v -42.957390 -9.649478 -13.875261
v -24.084339 18.850521 -23.018517
v -34.838390 -5.319482 -13.875263
v -34.237400 -5.036480 -13.875263
v -35.209400 -4.178477 -13.875263
v -34.740391 -3.907481 -13.875263
v -24.528391 18.050522 -23.076263
v -36.785389 -5.197478 -13.875263
v -36.154400 -5.402481 -13.875263
v -36.274391 -4.111483 -13.875263
v -35.491390 -5.444481 -13.875263
v -24.084339 18.050522 -23.018517
v -33.725399 -4.613477 -13.875263
v -33.335400 -4.076472 -13.875263
v -34.319389 -3.329478 -13.875263
v -33.090401 -3.458482 -13.875263
v -34.207390 -2.799474 -13.875263
v -33.007389 -2.799474 -13.875263
v -24.528391 18.850521 -23.076263
v -24.340389 18.850521 -23.318268
v -38.286400 -3.131476 -13.875263
v -38.121399 -3.775484 -13.875263
v -37.050400 -3.157475 -13.875263
v -36.706390 -3.784476 -13.875263
v -37.801399 -4.357483 -13.875263
v -24.672600 18.850521 -23.576263
v -37.346390 -4.841473 -13.875263
v -24.340389 32.100525 -23.318268
v -34.740391 -1.691485 -13.875263
v -34.237400 -0.562478 -13.875263
v -35.209400 -1.420480 -13.875263
v -24.340389 18.050522 -23.318268
v -35.747391 -1.363479 -13.875263
v -35.491390 -0.154477 -13.875263
v -24.672600 18.050522 -23.576263
v -34.319389 -2.269479 -13.875263
v -33.090401 -2.140475 -13.875263
v -36.154400 -0.196477 -13.875263
v -34.838390 -0.279475 -13.875263
v -33.335400 -1.522475 -13.875263
v -33.725399 -0.985480 -13.875263
v -36.785389 -0.401479 -13.875263
v -36.490391 -1.651479 -13.875263
v -33.107399 -8.581479 -23.403263
v -33.107399 -8.800481 -23.200260
v -33.107399 0.950522 -18.576260
v -33.107399 -9.016479 -22.648266
v -37.346390 -0.757476 -13.875263
v -37.801399 -1.241475 -13.875263
v -37.050400 -2.441485 -13.875263
v -38.121399 -1.823474 -13.875263
v -38.286400 -2.467472 -13.875263
v -42.957390 2.350523 -13.875263
v -41.757389 3.550523 -13.875263
v -61.507401 3.550523 -13.875263
v -61.507401 2.350523 -13.875263
v -24.207399 32.900524 -13.875269
v -25.007389 42.498524 -13.875269
v -23.706390 32.100525 -13.875269
v -37.907391 -8.019480 -23.576260
v -37.907391 0.950522 -18.576260
v -37.907391 -8.313478 -23.532253
v -37.907391 -8.691484 -23.301266
v -37.907391 -8.949483 -22.942265
v -37.907391 -9.016479 -22.648266
v -23.706390 32.900524 -13.875269
v -24.207399 46.150524 -13.875271
v -24.207399 46.950523 -13.875271
v -25.007389 58.882526 -13.875273
v -23.706390 46.950523 -13.875271
v -23.706390 46.150524 -13.875271
v -24.207399 60.200527 -13.875273
v -23.706390 60.200527 -13.875273
v -24.207399 61.000523 -13.875273
v -23.706390 61.000523 -13.875273
v -25.007389 73.350525 -13.875275
v -138.707397 28.350521 -22.076263
v -136.107407 72.350525 -22.076271
v -142.407394 28.350521 -22.076263
v -23.822390 74.346527 -13.875275
v -23.706390 74.154816 -13.875275
v -24.113150 74.650528 -13.875275
v -45.007401 74.650528 -13.875275
v -46.307400 73.350525 -13.875275
v -45.007401 76.850525 -13.875275
v -46.307400 76.550529 -13.875275
v -138.707397 28.350521 -13.975273
v -142.407394 28.350521 -13.975273
v -141.207397 27.350521 -13.975273
v -138.707397 27.350521 -13.975273
v -45.365391 77.618530 -13.875275
v -45.084400 77.235527 -13.875275
v -45.563400 77.747528 -13.875275
v -46.008400 77.851524 -13.875275
v -137.107407 76.550529 -13.875275
v -137.406403 77.851524 -13.875275
v -140.457397 -9.649478 -13.875261
v -141.657394 -8.349478 -13.875261
v -158.709396 -9.649478 -13.875261
v -158.407394 -8.349478 -13.875261
v -159.335495 32.100525 -22.895592
v -159.707397 32.100525 -13.875269
v -159.207397 32.100525 -13.875269
v -159.357407 -9.410478 -13.875261
v -159.517395 -9.237481 -13.875261
v -158.942398 -9.621478 -13.875261
v -159.707397 -8.649484 -13.875261
v -159.707397 4.000523 -13.875263
v -158.886398 32.900524 -23.076263
v -159.207397 32.900524 -13.875269
v -140.457397 2.350523 -13.875263
v -158.642197 32.900524 -23.576263
v -158.974396 32.900524 -23.318268
v -146.337402 -5.036480 -13.875263
v -145.825394 -4.613477 -13.875263
v -146.593399 -3.645478 -13.875263
v -158.642197 32.100525 -23.576263
v -158.974396 32.100525 -23.318268
v -158.886398 32.100525 -23.076263
v -145.435394 -4.076472 -13.875263
v -146.330399 -2.979480 -13.875263
v -145.190399 -3.458482 -13.875263
v -145.107407 -2.799474 -13.875263
v -146.353394 -2.438480 -13.875263
v -159.707397 46.150524 -13.875271
v -159.335495 32.900524 -22.895592
v -159.707397 32.900524 -13.875269
v -145.190399 -2.140475 -13.875263
v -145.435394 -1.522475 -13.875263
v -146.593399 -1.953479 -13.875263
v -145.825394 -0.985480 -13.875263
v -146.337402 -0.562478 -13.875263
v -147.144394 -1.497480 -13.875263
v -141.657394 3.550523 -13.875263
v -121.907402 2.350523 -13.875263
v -121.907402 3.550523 -13.875263
v -146.938400 -5.319482 -13.875263
v -147.144394 -4.101479 -13.875263
v -150.221405 -1.823474 -13.875263
v -150.386398 -2.467472 -13.875263
v -149.105392 -2.265483 -13.875263
v -149.018402 -3.492480 -13.875263
v -149.196396 -2.799474 -13.875263
v -150.386398 -3.131476 -13.875263
v -131.646393 62.561527 -23.576267
v -131.646393 62.561527 -23.176273
v -131.646393 42.498524 -23.576267
v -132.268402 46.950523 -23.076267
v -158.642197 46.950523 -23.576267
v -132.268402 46.950523 -23.576267
v -132.268402 46.150524 -23.076267
v -132.268402 46.150524 -23.576267
v -158.642197 46.150524 -23.576267
v -44.507401 19.350521 -13.975273
v -44.507401 20.350510 -22.076263
v -44.507401 19.350521 -22.076263
v -44.507401 20.350510 -13.975273
v -42.207390 19.350521 -13.975273
v -42.207390 19.350521 -22.076263
v -41.007401 20.350510 -13.975273
v -42.207390 12.850513 -13.975271
v -41.007401 12.850513 -13.975271
v -33.107399 -9.310475 -18.576260
v -37.907391 -9.310475 -18.576260
v -24.528391 32.900524 -23.076263
v -51.046391 32.900524 -23.076263
v -24.672600 32.900524 -23.576263
v -25.007389 73.350525 -14.876274
v -24.528391 32.100525 -23.076263
v -24.672600 32.100525 -23.576263
v -51.046391 32.100525 -23.576263
v -51.046391 32.100525 -23.076263
v -24.084339 32.100525 -23.018517
v -26.007401 -7.349483 -14.876261
v -41.757389 -7.349483 -14.876261
v -41.757389 -8.349478 -14.876261
v -35.491390 -5.444481 -17.076260
v -31.507401 -7.349484 -17.076260
v -34.838390 -5.319482 -17.076260
v -24.340389 32.900524 -23.318268
v -24.084339 32.900524 -23.018517
v -24.340389 46.150524 -23.318272
v -39.807400 -7.349484 -22.076260
v -39.807400 0.450520 -22.076260
v -41.757389 -7.349484 -22.076260
v -39.807400 -7.349484 -17.076260
v -145.507401 -9.016479 -22.648266
v -24.528391 46.950523 -23.076267
v -24.528391 46.150524 -23.076267
v -51.046391 46.950523 -23.576267
v -24.672600 46.950523 -23.576267
v -51.046391 46.950523 -23.076267
v -158.993195 -8.653272 -23.296284
v -159.155899 -8.531012 -23.105846
v -158.974396 -8.630918 -23.318264
v -159.169296 -8.504117 -23.090153
v -159.311401 -8.197482 -22.923725
v -159.335495 -7.998594 -22.895588
v -158.656601 -8.155282 -23.565098
v -158.671799 -8.193830 -23.553295
v -158.642197 -7.954649 -23.576260
v -158.810501 -8.501657 -23.445583
v -158.886398 46.150524 -23.076267
v -158.407394 -8.349478 -14.876261
v -158.407394 73.350525 -14.876274
v -158.407394 26.114521 -13.875267
v -158.886398 46.950523 -23.076267
v -158.974396 46.950523 -23.318272
v -159.335495 46.950523 -22.895596
v -158.974396 46.150524 -23.318272
v -159.335495 46.150524 -22.895596
v -159.207397 46.950523 -13.875271
v -159.707397 46.950523 -13.875271
v -159.207397 46.150524 -13.875271
v -132.268402 60.200527 -23.576267
v -132.268402 60.200527 -23.076267
v -132.268402 61.000523 -23.076267
v -132.268402 61.000523 -23.576267
v -159.161804 -8.525375 -23.098850
v -158.347397 -9.016479 -22.648266
v -143.607407 -7.349484 -22.076260
v -141.657394 -7.349484 -22.076260
v -143.607407 0.450520 -22.076260
v -46.064400 77.788528 -15.563271
v -45.637390 77.694527 -15.529282
v -45.344391 77.226524 -17.211281
v -45.515400 77.391525 -17.231277
v -90.801399 43.118523 -23.427273
v -91.707397 41.599522 -23.427273
v -91.707397 42.999523 -23.427273
v -92.613403 43.118523 -23.427273
v -93.457397 43.468525 -23.176273
v -92.613403 43.118523 -23.176273
v -90.801399 43.118523 -23.176273
v -90.054398 43.428524 -23.427273
v -90.355392 46.137524 -23.427273
v -90.377533 46.094933 -23.427273
v -90.353279 46.185402 -23.427273
v -90.355392 46.137524 -23.410915
v -90.603394 45.863525 -23.677273
v -150.221405 -3.775484 -13.875263
v -149.901398 -4.357483 -13.875263
v -149.446396 -4.841473 -13.875263
v -148.528397 -4.014484 -13.875263
v -147.847397 -4.235478 -13.875263
v -148.885406 -5.197478 -13.875263
v -148.254395 -5.402481 -13.875263
v -147.591400 -5.444481 -13.875263
v -148.885406 -0.401479 -13.875263
v -149.446396 -0.757476 -13.875263
v -148.374405 -1.487475 -13.875263
v -149.901398 -1.241475 -13.875263
v -146.938400 -0.279475 -13.875263
v -147.847397 -1.363479 -13.875263
v -148.254395 -0.196477 -13.875263
v -147.591400 -0.154477 -13.875263
v -159.207397 4.800523 -13.875263
v -46.307400 76.550529 -14.876274
v -46.307400 73.350525 -14.876274
v -159.207397 4.000523 -13.875263
v -159.207397 18.850521 -13.875265
v -159.707397 18.850521 -13.875265
v -45.156391 77.209526 -15.509277
v -159.207397 18.050522 -13.875265
v -159.707397 18.050522 -13.875265
v -159.707397 4.800523 -13.875263
v -159.207397 60.200527 -13.875273
v -45.089390 76.711525 -16.220276
v -158.407394 73.350525 -13.875275
v -24.340389 46.950523 -23.318272
v -24.084339 46.950523 -23.018520
v -159.223602 74.650528 -13.875275
v -138.407394 74.650528 -13.875275
v -137.107407 73.350525 -13.875275
v -138.407394 76.850525 -13.875275
v -138.162399 77.505524 -13.875275
v -137.883408 77.722527 -13.875275
v -138.296402 77.307526 -13.875275
v -159.707397 60.200527 -13.875273
v -159.207397 61.000523 -13.875273
v -159.707397 61.000523 -13.875273
v -24.084339 60.200527 -23.018520
v -159.707397 74.144394 -13.875275
v -24.672600 46.150524 -23.576267
v -51.046391 46.150524 -23.576267
v -51.046391 46.150524 -23.076267
v -24.084339 46.150524 -23.018520
v -137.803406 74.046524 -23.284271
v -138.102402 74.200531 -23.096275
v -137.961395 74.204529 -23.089272
v -138.102402 74.304527 -22.863281
v -138.102402 74.345528 -22.611275
v -42.957390 -9.165481 -20.576260
v -140.457397 -9.165481 -20.576260
v -42.957390 -7.349484 -20.576260
v -51.646400 47.971523 -23.576267
v -51.646400 30.661518 -23.576263
v -51.646400 30.661518 -23.176270
v -51.046391 32.900524 -23.576263
v -41.757389 3.550523 -16.276264
v -51.646400 62.561527 -23.176273
v -24.528391 61.000523 -23.076267
v -24.528391 60.200527 -23.076267
v -33.107399 -8.019480 -23.576260
v -33.107399 0.950520 -23.576260
v -33.189388 1.571523 -18.576260
v -24.084339 61.000523 -23.018520
v -24.340389 61.000523 -23.318272
v -24.340389 60.200527 -23.318272
v -24.672600 60.200527 -23.576267
v -51.046391 61.000523 -23.076267
v -24.672600 61.000523 -23.576267
v -51.046391 61.000523 -23.576267
v -24.672600 73.346527 -23.576271
v -51.046391 60.200527 -23.076267
v -37.907391 0.950520 -23.576260
v -39.666389 1.524521 -22.076260
v -39.666389 1.524523 -17.076260
v -90.432404 45.765522 -23.376270
v -90.970398 45.227524 -23.376270
v -91.069397 45.397522 -23.677273
v -33.725399 -4.613477 -17.076260
v -34.237400 -5.036480 -17.076260
v -91.069397 46.133522 -23.897274
v -91.338387 45.863525 -23.897274
v -33.335400 -4.076472 -17.076260
v -31.507401 0.450522 -17.076260
v -33.007389 -2.799474 -17.076260
v -33.090401 -3.458482 -17.076260
v -90.432404 46.500523 -23.677273
v -90.970398 46.500523 -23.897274
v -90.603394 47.137524 -23.677273
v -91.706398 45.765522 -23.897274
v -91.706398 46.500523 -23.977261
v -34.207390 -2.799475 -17.376263
v -34.319389 -3.329479 -17.376263
v -35.209400 -4.178477 -17.376263
v -34.600391 -3.792480 -17.376263
v -35.929390 -4.223482 -17.376263
v -37.096390 -2.981484 -17.376263
v -92.343391 46.868523 -23.897274
v -92.073387 47.137524 -23.897274
v -92.441399 46.500523 -23.897274
v -92.343391 46.133522 -23.897274
v -92.809387 45.863525 -23.677273
v -92.979401 46.500523 -23.677273
v -92.979401 45.765522 -23.376270
v -92.441399 45.227524 -23.376270
v -92.073387 45.863525 -23.897274
v -92.343391 45.397522 -23.677273
v -91.706398 45.227524 -23.677273
v -90.558403 69.526527 -18.076271
v -88.171387 65.281525 -18.076271
v -90.176826 69.781570 -18.076271
v -91.707397 69.297531 -18.076271
v -89.793404 64.340530 -18.076271
v -92.225418 69.400764 -18.076271
v -93.621391 64.340530 -18.076271
v -89.520393 70.296524 -18.076271
v -89.323952 70.567184 -18.076271
v -90.758400 71.203529 -18.076271
v -90.393387 71.627525 -18.076271
v -90.004402 69.896805 -18.076271
v -91.243401 70.923531 -18.076271
v -91.069397 46.868523 -23.897274
v -89.520393 70.296524 -22.076271
v -91.338387 47.137524 -23.897274
v -91.069397 47.603523 -23.677273
v -95.243393 65.281525 -18.076271
v -92.856392 69.526527 -18.076271
v -158.707199 73.637329 -23.525787
v -138.102402 73.938530 -23.372276
v -158.700897 73.627701 -23.530647
v -92.316872 69.418999 -18.076271
v -137.402405 73.645531 -23.530281
v -138.102402 73.599525 -23.543282
v -137.254395 73.497528 -23.564278
v -92.984398 69.636528 -18.076271
v -92.346397 70.993530 -18.076271
v -91.613403 70.853531 -18.076271
v -91.519386 69.356529 -18.076271
v -90.780403 69.497528 -18.076271
v -138.102402 73.346527 -23.576271
v -138.097397 75.067528 -22.639275
v -137.103394 73.828529 -23.576271
v -137.496399 75.383530 -23.410278
v -137.103394 75.294525 -23.535278
v -137.466400 75.074524 -23.518265
v -137.354401 74.740524 -23.555275
v -94.481400 71.151527 -18.076271
v -96.682411 68.238525 -18.076271
v -94.272652 70.839211 -18.076271
v -96.708397 68.238525 -18.076271
v -96.327400 66.689529 -18.076271
v -93.830399 70.177528 -18.076271
v -137.504395 74.553528 -23.492271
v -94.030167 70.476418 -18.076271
v -137.659393 74.709526 -23.413277
v -93.619392 70.038528 -18.076271
v -92.921387 71.468529 -18.076271
v -96.708397 68.238525 -22.076271
v -94.496391 71.246529 -18.076271
v -94.496391 71.246529 -22.076271
v -93.830399 70.177528 -22.076271
v -94.030167 70.476418 -22.076271
v -90.235397 46.500523 -23.376270
v -93.059387 46.137524 -23.427273
v -93.059387 46.188534 -23.427273
v -93.031158 46.083183 -23.427273
v -93.038223 46.096783 -23.422031
v -93.059387 46.179714 -23.423656
v -137.916397 74.987526 -23.166275
v -93.176392 46.500523 -23.376270
v -137.974396 75.105530 -23.067276
v -91.706398 45.030525 -23.376270
v -137.741394 75.050529 -23.358276
v -90.432404 47.236523 -23.376270
v -90.970398 47.774525 -23.376270
v -91.706398 47.971523 -23.376270
v -91.706398 47.774525 -23.677273
v -143.607407 0.450522 -17.076260
v -143.607407 -7.349484 -17.076260
v -157.407394 72.350525 -14.876274
v -136.107407 72.350525 -14.876274
v -137.107407 73.350525 -14.876274
v -145.507401 -8.019480 -23.576260
v -145.507401 0.950522 -18.576260
v -145.507401 0.950520 -23.576260
v -144.163406 2.525522 -17.076260
v -143.748398 1.524523 -17.076260
v -143.748398 1.524521 -22.076260
v -145.825394 -4.613477 -17.076260
v -146.337402 -5.036480 -17.076260
v -146.938400 -5.319482 -17.076260
v -136.107407 75.550529 -22.076271
v -136.107407 75.550529 -14.876274
v -145.107407 -2.799474 -17.076260
v -145.190399 -3.458482 -17.076260
v -145.435394 -4.076472 -17.076260
v -137.107407 76.550529 -14.876274
v -158.878403 73.922859 -23.392845
v -158.974396 73.989128 -23.318275
v -159.201401 74.225380 -23.052551
v -159.199997 74.223778 -23.054214
v -158.642197 73.346527 -23.576271
v -145.190399 -2.140475 -17.076260
v -159.347397 74.345528 -22.611275
v -159.440094 74.424057 -20.361946
v -145.435394 -1.522475 -17.076260
v -149.105392 -3.333484 -17.376263
v -148.930405 -3.651477 -17.376263
v -146.700394 -1.806481 -17.376263
v -145.825394 -0.985480 -17.076260
v -146.337402 -0.562478 -17.076260
v -24.084419 72.883560 -23.018616
v -24.084810 73.533684 -23.019081
v -146.353394 -2.438480 -17.376263
v -24.084339 72.636711 -23.018524
v -146.938400 -0.279475 -17.076260
v -24.340389 74.005775 -23.318275
v -45.312389 74.120529 -23.196281
v -24.084869 74.232330 -23.019150
v -146.486404 -3.498479 -17.376263
v -24.083401 74.259529 -22.983276
v -146.307404 -2.799475 -17.376263
v -24.380289 73.979996 -23.349251
v -24.669870 73.356369 -23.574150
v -24.637381 73.578110 -23.548920
v -24.375191 73.985321 -23.345306
v -23.822390 74.346527 -16.682411
v -23.931360 74.460457 -19.319382
v -140.457397 2.350521 -22.076260
v -121.907402 2.350523 -15.876263
v -24.067390 74.345528 -22.611275
v -142.407394 3.550521 -22.076260
v -141.657394 3.550521 -22.076260
v -35.657391 4.600512 -22.076260
v -34.583389 4.459522 -22.076260
v -41.007401 20.350510 -22.076263
v -51.046391 60.200527 -23.576267
v -45.312389 74.345528 -22.611275
v -45.312389 73.346527 -23.576271
v -45.312389 73.717529 -23.496277
v -144.823395 3.384520 -22.076260
v -144.163406 2.525520 -22.076260
v -146.210403 2.647523 -18.576260
v -146.707397 3.028511 -23.576260
v -146.210403 2.647521 -23.576260
v -145.829407 2.150520 -23.576260
v -51.646400 62.561527 -23.576267
v -145.682404 4.044521 -22.076260
v -92.017670 47.854713 -23.427273
v -92.107048 47.830753 -23.427273
v -92.069397 47.852524 -23.427273
v -92.030540 47.854172 -23.422832
v -92.099617 47.840004 -23.416187
v -92.441399 47.774525 -23.376270
v -92.719963 47.450382 -23.427273
v -92.697403 47.489525 -23.427273
v -92.658112 47.512234 -23.427273
v -92.663017 47.511463 -23.422626
v -92.717979 47.462643 -23.415775
v -92.716072 47.457123 -23.424076
v -92.343391 47.603523 -23.677273
v -92.809387 47.137524 -23.677273
v -92.979401 47.236523 -23.376270
v -61.507401 3.550523 -15.876263
v -141.207397 3.550521 -22.076260
v -121.907402 3.550523 -15.876263
v -93.035278 46.903362 -23.427273
v -93.059387 46.813255 -23.427273
v -93.059387 46.861523 -23.427273
v -93.059387 46.861523 -23.407482
v -42.207390 3.550521 -22.076260
v -88.135391 24.554520 -22.076263
v -93.083344 46.848194 -23.376270
v -91.706398 47.236523 -23.897274
v -96.547394 43.036522 -23.176273
v -102.812401 45.037525 -23.176273
v -95.951393 44.049522 -23.176273
v -95.172394 43.034523 -23.176273
v -92.613403 49.880524 -23.176273
v -89.957397 49.530525 -23.176273
v -93.457397 49.530525 -23.176273
v -94.738403 48.249523 -23.176273
v -94.182404 48.974522 -23.176273
v -95.172394 49.964523 -23.176273
v -95.951393 48.949524 -23.176273
v -96.802399 49.672523 -23.176273
v -95.807404 50.883522 -23.176273
v -96.440399 47.767525 -23.176273
v -96.607399 46.499523 -23.176273
v -102.812401 47.961525 -23.176273
v -96.440399 45.231525 -23.176273
v -98.864403 50.257523 -23.176273
v -93.066399 52.346523 -23.176273
v -92.975403 51.233524 -23.176273
v -94.533386 51.795525 -23.176273
v -94.157387 50.743523 -23.176273
v -97.550400 52.114525 -23.176273
v -98.525398 55.385525 -23.176273
v -95.898399 53.435524 -23.176273
v -93.960403 54.283524 -23.176273
v -95.993393 56.847523 -23.176273
v -79.457397 46.499523 -23.176273
v -81.098396 52.624523 -23.176273
v -83.045387 55.161526 -23.176273
v -79.875397 49.670525 -23.176273
v -83.923393 48.752525 -23.176273
v -84.771393 50.690525 -23.176273
v -81.359398 50.786522 -23.176273
v -88.242393 49.964523 -23.176273
v -87.323387 50.599522 -23.176273
v -87.463387 48.949524 -23.176273
v -86.548393 25.561520 -22.076263
v -86.368393 26.015511 -22.076263
v -82.821404 53.318523 -23.176273
v -86.092392 52.342522 -23.176273
v -84.889397 55.385525 -23.176273
v -86.836403 25.165520 -22.076263
v -87.212387 24.854519 -22.076263
v -85.582397 57.108524 -23.176273
v -88.622398 24.585510 -22.076263
v -87.654404 24.645519 -22.076263
v -88.534393 51.594524 -23.176273
v -89.257401 50.743523 -23.176273
v -87.796387 53.597523 -23.176273
v -87.421387 56.847523 -23.176273
v -89.500397 24.997520 -22.076263
v -89.087387 24.736519 -22.076263
v -89.766403 54.367523 -23.176273
v -88.537392 58.332523 -23.176273
v -91.707397 58.750523 -23.176273
v -97.575394 62.561527 -23.176273
v -86.548393 25.561520 -16.076263
v -86.368393 26.015511 -16.076263
v -88.135391 24.554520 -16.076263
v -90.801399 49.880524 -23.176273
v -91.707397 49.999523 -23.176273
v -89.232391 48.974522 -23.176273
v -91.506393 52.498524 -23.176273
v -91.707397 51.399525 -23.176273
v -88.622398 24.585510 -16.076263
v -93.169403 57.604527 -23.176273
v -86.836403 25.165520 -16.076263
v -90.245399 57.604527 -23.176273
v -91.869400 54.601521 -23.176273
v -89.087387 24.736519 -16.076263
v -89.961403 52.242523 -23.176273
v -90.439392 51.233524 -23.176273
v -86.307404 26.500519 -16.076263
v -86.368393 26.985519 -16.076263
v -87.212387 24.854519 -16.076263
v -87.654404 24.645519 -16.076263
v -36.154400 -5.402483 -17.076260
v -89.835403 25.354519 -22.076263
v -36.785389 -5.197478 -17.076260
v -90.070396 25.782520 -22.076263
v -90.192398 26.256519 -22.076263
v -37.346390 -4.841475 -17.076260
v -37.801399 -4.357483 -17.076260
v -89.835403 25.354519 -16.076263
v -89.500397 24.997520 -16.076263
v -90.070396 25.782520 -16.076263
v -140.457397 -7.349484 -20.576260
v -145.507401 -8.581479 -23.403263
v -140.457397 -7.349484 -22.076260
v -42.957390 2.350521 -22.076260
v -38.121399 -3.775484 -17.076260
v -38.286400 -3.131476 -17.076260
v -39.807400 0.450522 -17.076260
v -61.507401 2.350523 -15.876263
v -141.207397 3.550523 -16.276264
v -141.207397 27.350521 -22.076263
v -138.707397 27.350521 -22.076263
v -36.428391 -4.014484 -17.376263
v -36.830391 -3.651477 -17.376263
v -83.045387 37.837524 -23.176270
v -81.098396 40.374523 -23.176273
v -79.875397 43.328522 -23.176273
v -89.793404 64.340530 -22.076271
v -86.836403 27.835518 -22.076263
v -86.307404 26.500519 -22.076263
v -86.368393 26.985519 -22.076263
v -86.548393 27.439518 -22.076263
v -87.212387 28.146519 -22.076263
v -33.090401 -2.140475 -17.076260
v -33.335400 -1.522475 -17.076260
v -88.622398 28.415520 -22.076263
v -88.135391 28.446518 -22.076263
v -91.707397 64.009529 -22.076271
v -87.654404 28.355518 -22.076263
v -89.087387 28.264519 -22.076263
v -86.548393 27.439518 -16.076263
v -86.836403 27.835518 -16.076263
v -87.212387 28.146519 -16.076263
v -35.566391 -1.352473 -17.376263
v -35.044399 -1.497480 -17.376263
v -34.386391 -2.100478 -17.376263
v -34.600391 -1.806481 -17.376263
v -47.307400 72.350525 -22.076271
v -26.007401 72.350525 -22.076271
v -34.838390 -0.279475 -17.076260
v -34.237400 -0.562478 -17.076260
v -32.063400 2.525522 -17.076260
v -33.725399 -0.985480 -17.076260
v -32.723400 3.384522 -17.076260
v -26.007401 72.350525 -14.876274
v -45.982399 73.675529 -23.520271
v -46.311390 73.346527 -23.576271
v -35.491390 -0.154477 -17.076260
v -36.154400 -0.196477 -17.076260
v -45.716400 73.941528 -23.379265
v -45.539391 74.118530 -23.211281
v -37.346390 -0.757476 -17.076260
v -37.801399 -1.241475 -17.076260
v -38.121399 -1.823474 -17.076260
v -92.856392 69.526527 -22.076271
v -45.419399 74.238525 -23.027275
v -89.043404 73.034531 -20.776276
v -88.957397 72.350525 -20.776276
v -90.254387 72.723526 -20.776276
v -90.254387 72.723526 -18.076271
v -90.231400 72.163528 -20.776276
v -45.312389 74.304527 -22.863281
v -90.254387 71.977524 -18.076271
v -90.503403 71.475525 -20.776276
v -90.503403 73.225525 -20.776276
v -93.148392 71.980530 -20.776276
v -93.148392 72.720528 -20.776276
v -93.195396 72.162529 -18.076271
v -92.792397 71.331528 -20.776276
v -45.353390 74.553528 -22.863281
v -45.341400 75.213524 -22.706276
v -45.323391 74.334526 -22.727264
v -90.903397 73.616524 -20.776276
v -89.702393 74.233528 -20.776276
v -91.428398 73.812531 -20.776276
v -90.857399 74.965530 -20.776276
v -89.297394 73.675529 -20.776276
v -90.503403 73.225525 -18.076271
v -45.431400 74.966530 -23.064278
v -45.473400 75.365524 -22.994278
v -90.233398 74.672531 -20.776276
v -91.008392 75.010529 -23.576271
v -91.534393 75.095528 -20.776276
v -94.264397 73.362526 -20.776276
v -93.932404 73.966530 -20.776276
v -24.672600 -7.953876 -23.576260
v -93.460403 74.469528 -20.776276
v -92.878403 74.838524 -20.776276
v -92.792397 73.369530 -20.776276
v -92.167397 73.765526 -20.776276
v -33.189388 1.571521 -23.576260
v -34.307400 3.028511 -23.576260
v -33.810390 2.647521 -23.576260
v -88.977386 42.470524 -23.176273
v -90.054398 43.428524 -23.176273
v -86.612396 43.326523 -23.176273
v -33.429390 2.150520 -23.576260
v -80.602386 45.037525 -23.176273
v -81.359398 42.212524 -23.176273
v -83.839394 44.558525 -23.176273
v -84.610397 42.588524 -23.176273
v -34.886391 3.268511 -23.576260
v -35.507389 3.350510 -23.576260
v -36.128399 3.268511 -23.576260
v -40.231400 4.000521 -23.576260
v -83.605392 46.661522 -23.176273
v -80.602386 47.961525 -23.176273
v -37.825390 1.571521 -23.576260
v -37.585388 2.150520 -23.576260
v -85.861397 47.858524 -23.176273
v -86.974403 47.767525 -23.176273
v -86.412399 49.325523 -23.176273
v -85.708397 46.298523 -23.176273
v -85.964394 44.753525 -23.176273
v -86.825394 46.636524 -23.176273
v -88.266403 46.952515 -23.176273
v -36.707390 3.028511 -23.576260
v -37.204399 2.647521 -23.576260
v -91.707397 42.999523 -23.176273
v -94.738403 44.749523 -23.176273
v -94.182404 44.024525 -23.176273
v -95.088387 45.593525 -23.176273
v -95.207397 46.499523 -23.176273
v -88.326393 47.405525 -23.176273
v -95.088387 47.405525 -23.176273
v -88.676392 48.249523 -23.176273
v -87.087387 66.689529 -22.076271
v -88.171387 65.281525 -22.076271
v -86.707397 68.238525 -22.076271
v -137.103394 75.924530 -22.981277
v -137.360397 75.750526 -23.191277
v -137.405396 75.875526 -22.970276
v -91.707397 64.009529 -18.076271
v -87.087387 66.689529 -18.076271
v -137.604401 75.626526 -23.175278
v -86.732384 68.238525 -22.076271
v -96.327400 66.689529 -22.076271
v -137.103394 75.555527 -23.414276
v -93.621391 64.340530 -22.076271
v -95.243393 65.281525 -22.076271
v -93.071404 74.738525 -23.576271
v -93.643387 74.303528 -23.576271
v -89.050110 70.976906 -18.076271
v -88.885307 71.392746 -18.076271
v -137.677399 75.751526 -22.924278
v -90.903397 71.084526 -20.776276
v -137.922394 75.511528 -22.827278
v -94.513947 71.314865 -18.076271
v -92.663399 73.506531 -18.076271
v -96.708397 75.550529 -18.076271
v -93.102386 72.902527 -18.076271
v -88.952766 73.478516 -18.076271
v -88.729683 72.173645 -18.076271
v -90.903397 73.616524 -18.076271
v -91.428398 73.812531 -18.076271
v -91.988403 73.823524 -18.076271
v -93.932404 70.734528 -20.776276
v -94.264397 71.338524 -20.776276
v -94.435387 72.005524 -20.776276
v -94.710403 72.300529 -18.076271
v -94.683403 72.165054 -18.076271
v -94.710403 72.300529 -22.076271
v -94.683403 72.435997 -18.076271
v -88.957397 72.350525 -23.576271
v -36.274391 -1.487475 -17.376263
v -36.830391 -1.947480 -17.376263
v -37.005390 -2.265483 -17.376263
v -38.286400 -2.467472 -17.076260
v -36.785389 -0.401479 -17.076260
v -35.657391 4.600512 -17.076260
v -131.646393 30.661518 -23.576263
v -46.309391 74.574524 -23.576271
v -89.051399 71.638527 -23.576271
v -46.311390 75.010529 -23.576271
v -89.326393 70.974525 -23.576271
v -89.051399 73.064529 -23.576271
v -89.328392 73.730530 -23.576271
v -93.087387 69.972527 -23.576271
v -92.424400 69.695526 -23.576271
v -91.712387 69.600525 -23.576271
v -90.999397 69.693527 -23.576271
v -89.764397 70.404526 -23.576271
v -90.335403 69.967529 -23.576271
v -93.656387 70.410530 -23.576271
v -90.341393 74.737526 -23.576271
v -89.768387 74.300529 -23.576271
v -94.457397 72.359528 -23.576271
v -94.092392 70.982529 -23.576271
v -94.481400 71.151527 -22.076271
v -94.361397 73.071526 -23.576271
v -137.350403 77.788528 -15.563271
v -86.707397 75.550529 -18.076271
v -86.707397 75.550529 -22.076271
v -47.307400 75.550529 -22.076271
v -145.589401 1.571521 -23.576260
v -147.286407 3.268511 -23.576260
v -150.307404 -8.019480 -23.576260
v -150.307404 0.950520 -23.576260
v -149.604401 2.647521 -23.576260
v -149.985397 2.150520 -23.576260
v -158.642197 4.000521 -23.576260
v -150.225403 1.571521 -23.576260
v -149.107407 3.028511 -23.576260
v -148.528397 3.268511 -23.576260
v -147.907394 3.350510 -23.576260
v -158.642197 4.800521 -23.576260
v -158.642197 18.050522 -23.576263
v -141.657394 3.550523 -16.276264
v -132.268402 32.100525 -23.576263
v -132.268402 32.900524 -23.576263
v -158.642197 18.850521 -23.576263
v -142.407394 3.550523 -16.276264
v -146.707397 3.028512 -18.576260
v -145.829407 2.150521 -18.576260
v -145.589401 1.571523 -18.576260
v -158.642197 60.200527 -23.576267
v -87.654404 28.355518 -16.076263
v -86.707397 68.238525 -18.076271
v -88.622398 28.415520 -16.076263
v -88.135391 28.446518 -16.076263
v -89.087387 28.264519 -16.076263
v -89.500397 28.003521 -22.076263
v -131.646393 30.661518 -23.176270
v -91.707397 34.249523 -23.176270
v -88.933403 71.151527 -22.076271
v -88.885307 71.392746 -22.076271
v -89.050110 70.976906 -22.076271
v -88.729683 72.173645 -22.076271
v -88.704391 72.300529 -22.076271
v -88.710098 72.329117 -22.076271
v -90.070396 27.218521 -22.076263
v -89.835403 27.646519 -22.076263
v -90.192398 26.744518 -22.076263
v -89.500397 28.003521 -16.076263
v -89.835403 27.646519 -16.076263
v -90.070396 27.218521 -16.076263
v -90.192398 26.744518 -16.076263
v -90.192398 26.256519 -16.076263
v -84.889397 37.613525 -23.427269
v -85.582397 35.890522 -23.427269
v -87.421387 36.151524 -23.427269
v -88.537392 34.666523 -23.427269
v -88.925423 73.409485 -22.076271
v -88.933403 73.449524 -22.076271
v -88.952766 73.478516 -22.076271
v -83.045387 37.837524 -23.427269
v -82.821404 39.680523 -23.427273
v -150.225403 1.571523 -18.576260
v -87.607391 42.115524 -23.427273
v -87.516403 39.563522 -23.427273
v -88.881393 41.203522 -23.427273
v -81.359398 42.212524 -23.427273
v -81.098396 40.374523 -23.427273
v -85.864403 40.884525 -23.427273
v -144.823395 3.384522 -17.076260
v -95.993393 36.151524 -23.427269
v -93.169403 35.394524 -23.427269
v -94.877403 34.666523 -23.427269
v -142.407394 21.050522 -16.276268
v -138.083405 76.438530 -20.014275
v -137.806396 76.765526 -20.066277
v -137.804398 76.747528 -20.128281
v -137.509399 76.895531 -20.161278
v -141.207397 21.050522 -16.276268
v -145.682404 4.044521 -17.076260
v -146.683395 4.459522 -17.076260
v -147.591400 -0.154477 -17.076260
v -146.683395 4.459522 -22.076260
v -137.196396 76.952530 -20.167274
v -147.757401 4.600512 -22.076260
v -141.657394 -7.349483 -14.876261
v -137.611404 76.880524 -20.092278
v -150.307404 0.950522 -18.576260
v -138.198395 76.010529 -19.861275
v -151.766403 1.524523 -17.076260
v -151.766403 1.524521 -22.076260
v -151.907394 0.450520 -22.076260
v -147.591400 -5.444481 -17.076260
v -137.586395 77.549530 -17.244278
v -148.885406 -5.197478 -17.076260
v -151.907394 -7.349484 -17.076260
v -148.254395 -5.402483 -17.076260
v -91.008392 75.555527 -23.414276
v -91.008392 75.771530 -23.224281
v -46.311390 75.709526 -23.291275
v -89.584396 70.177528 -18.076271
v -88.933403 71.151527 -18.076271
v -86.732384 68.238525 -18.076271
v -138.065399 77.233528 -17.212265
v -137.294403 77.598526 -17.241264
v -138.263397 76.869530 -17.082275
v -89.297394 71.025528 -20.776276
v -89.043404 71.666527 -20.776276
v -138.181396 77.059525 -17.190277
v -88.933403 73.449524 -18.076271
v -88.710098 72.329117 -18.076271
v -137.539398 77.772530 -15.526276
v -138.105392 77.446526 -15.522278
v -137.766403 77.699524 -15.529282
v -88.925423 73.409485 -18.076271
v -88.704391 72.300529 -18.076271
v -45.719391 74.553528 -23.372276
v -46.189400 74.764526 -23.575272
v -45.913391 75.093529 -23.502281
v -45.875401 74.807526 -23.492271
v -45.549400 74.924530 -23.240265
v -42.957390 -7.349484 -22.076260
v -45.424400 75.417526 -22.794281
v -45.556400 75.289528 -23.177277
v -34.886391 3.268512 -18.576260
v -33.810390 2.647523 -18.576260
v -33.582390 4.044521 -22.076260
v -47.307400 72.350525 -14.876274
v -47.307400 75.550529 -14.876274
v -32.723400 3.384520 -22.076260
v -37.825390 1.571523 -18.576260
v -36.707390 3.028512 -18.576260
v -36.128399 3.268512 -18.576260
v -90.245399 35.394524 -23.427269
v -91.707397 34.249523 -23.427269
v -90.348396 40.652523 -23.427273
v -89.454391 38.715523 -23.427273
v -91.908386 40.500523 -23.427273
v -91.545387 38.397522 -23.427273
v -93.648392 38.631523 -23.427273
v -92.975403 41.766525 -23.427273
v -90.439392 41.766525 -23.427273
v -37.732391 4.044521 -22.076260
v -36.731400 4.459522 -22.076260
v -41.007401 3.550521 -22.076260
v -39.251400 2.525520 -22.076260
v -38.591400 3.384520 -22.076260
v -93.453392 40.756523 -23.427273
v -95.618401 39.401524 -23.427273
v -94.880386 41.404522 -23.427273
v -96.091393 42.399525 -23.427273
v -97.322403 40.656525 -23.427273
v -85.582397 35.890522 -23.176270
v -87.421387 36.151524 -23.176270
v -84.889397 37.613525 -23.176270
v -88.537392 34.666523 -23.176270
v -82.821404 39.680523 -23.176273
v -90.348396 40.652523 -23.176273
v -88.881393 41.203522 -23.176273
v -90.439392 41.766525 -23.176273
v -89.257401 42.255524 -23.427273
v -89.257401 42.255524 -23.176273
v -88.977386 42.470524 -23.427273
v -87.607391 42.115524 -23.176273
v -34.583389 4.459522 -17.076260
v -86.612396 43.326523 -23.427273
v -33.429390 2.150521 -18.576260
v -85.864403 40.884525 -23.176273
v -87.516403 39.563522 -23.176273
v -89.454391 38.715523 -23.176273
v -94.877403 34.666523 -23.176270
v -32.063400 2.525520 -22.076260
v -93.169403 35.394524 -23.176270
v -90.245399 35.394524 -23.176270
v -95.993393 36.151524 -23.176270
v -97.832397 35.890522 -23.176270
v -35.507389 3.350512 -18.576260
v -91.545387 38.397522 -23.176273
v -93.453392 40.756523 -23.176273
v -91.908386 40.500523 -23.176273
v -91.707397 41.599522 -23.176273
v -94.157387 42.255524 -23.176273
v -92.975403 41.766525 -23.176273
v -91.707397 75.430527 -23.486275
v -91.474403 75.261528 -23.547264
v -92.406387 75.288528 -23.532265
v -94.880386 41.404522 -23.176273
v -94.157387 42.255524 -23.427273
v -91.474403 75.352524 -23.518265
v -96.091393 42.399525 -23.176273
v -95.618401 39.401524 -23.176273
v -97.322403 40.656525 -23.176273
v -93.648392 38.631523 -23.176273
v -92.406387 75.663528 -23.316277
v -91.707397 75.839531 -23.136276
v -92.406387 75.924530 -22.981277
v -91.008392 75.924530 -22.981277
v -98.525398 37.613525 -23.176270
v -94.182404 44.024525 -23.427273
v -93.457397 43.468525 -23.427273
v -98.643387 42.308525 -23.427273
v -95.088387 45.593525 -23.427273
v -96.607399 46.499523 -23.427273
v -95.207397 46.499523 -23.427273
v -96.440399 45.231525 -23.427273
v -95.951393 44.049522 -23.427273
v -94.738403 44.749523 -23.427273
v -95.172394 43.034523 -23.427273
v -46.218399 76.952530 -20.167274
v -158.642197 61.000523 -23.576267
v -97.832397 35.890522 -23.427269
v -100.369400 37.837524 -23.427269
v -98.525398 37.613525 -23.427269
v -102.055397 42.212524 -23.427273
v -100.593399 39.680523 -23.427273
v -102.316399 40.374523 -23.427273
v -98.714394 42.470524 -23.427273
v -96.547394 43.036522 -23.427273
v -102.812401 45.037525 -23.427273
v -103.957397 46.499523 -23.427273
v -102.812401 47.961525 -23.427273
v -103.539398 49.670525 -23.427273
v -102.316399 52.624523 -23.427273
v -102.055397 50.786522 -23.427273
v -103.539398 43.328522 -23.427273
v -24.340389 -8.578810 -23.318264
v -24.261560 -8.519567 -23.225979
v -24.632401 -8.863481 -23.091267
v -24.372990 -8.604788 -23.343578
v -100.593399 53.318523 -23.427273
v -100.369400 55.161526 -23.427273
v -98.525398 55.385525 -23.427273
v -97.832397 57.108524 -23.427273
v -25.067390 -9.016479 -22.648266
v -100.593399 39.680523 -23.176273
v -100.369400 37.837524 -23.176270
v -102.055397 42.212524 -23.176273
v -102.316399 40.374523 -23.176273
v -103.539398 43.328522 -23.176273
v -98.643387 42.308525 -23.176273
v -98.714394 42.470524 -23.176273
v -146.980392 -4.023489 -17.376263
v -147.309402 -4.178477 -17.376263
v -148.528397 -4.014484 -17.376263
v -148.029404 -4.223482 -17.376263
v -149.901398 -4.357483 -17.076260
v -150.221405 -3.775484 -17.076260
v -150.386398 -3.131476 -17.076260
v -34.307400 3.028512 -18.576260
v -46.311390 75.380524 -23.505264
v -45.763390 75.520531 -23.241264
v -33.582390 4.044521 -17.076260
v -46.123390 75.905525 -22.980278
v -37.585388 2.150521 -18.576260
v -37.204399 2.647523 -18.576260
v -36.731400 4.459522 -17.076260
v -45.566391 75.607529 -22.872276
v -39.251400 2.525522 -17.076260
v -45.744400 75.754524 -22.929276
v -45.944389 75.855530 -22.964272
v -45.512390 75.548531 -22.842278
v -45.675400 75.706528 -22.906265
v -90.558403 69.526527 -22.076271
v -90.780403 69.497528 -22.076271
v -91.707397 69.297531 -22.076271
v -90.176826 69.781570 -22.076271
v -46.087391 75.898529 -22.977264
v -45.871399 75.825531 -22.952278
v -89.323952 70.567184 -22.076271
v -90.004402 69.896805 -22.076271
v -89.584396 70.177528 -22.076271
v -24.504971 -8.500722 -23.446079
v -91.534393 69.605530 -20.776276
v -24.645281 -8.189290 -23.555050
v -92.222397 69.649529 -20.776276
v -91.519386 69.356529 -22.076271
v -92.225418 69.400764 -22.076271
v -31.507401 -7.349484 -22.076260
v -26.007401 -7.349484 -22.076260
v -31.507401 0.450520 -22.076260
v -92.984398 69.636528 -22.076271
v -93.619392 70.038528 -22.076271
v -92.316872 69.418999 -22.076271
v -93.460403 70.231529 -20.776276
v -24.658051 -8.156914 -23.564968
v -24.084339 -7.989724 -23.018513
v -24.252850 -8.502133 -23.215786
v -24.108709 -8.191313 -23.047039
v -24.257690 -8.515914 -23.221447
v -96.708397 75.550529 -22.076271
v -94.272652 70.839211 -22.076271
v -96.682411 68.238525 -22.076271
v -157.407394 72.350525 -22.076271
v -25.007389 -8.349478 -14.876261
v -150.386398 -2.467472 -17.076260
v -151.907394 0.450522 -17.076260
v -149.446396 -4.841475 -17.076260
v -149.196396 -2.799475 -17.376263
v -158.974396 61.000523 -23.318272
v -158.886398 61.000523 -23.076267
v -159.335495 61.000523 -22.895596
v -159.335495 72.480270 -22.895599
v -159.335495 60.200527 -22.895596
v -158.886398 60.200527 -23.076267
v -158.974396 60.200527 -23.318272
v -147.309402 -1.420480 -17.376263
v -147.847397 -1.363479 -17.376263
v -148.374405 -1.487475 -17.376263
v -148.681396 -1.682483 -17.376263
v -149.105392 -2.265483 -17.376263
v -150.221405 -1.823474 -17.076260
v -149.901398 -1.241475 -17.076260
v -149.446396 -0.757476 -17.076260
v -96.440399 47.767525 -23.427273
v -95.951393 48.949524 -23.427273
v -95.088387 47.405525 -23.427273
v -147.757401 4.600512 -17.076260
v -95.172394 49.964523 -23.427273
v -94.182404 48.974522 -23.427273
v -94.738403 48.249523 -23.427273
v -94.157387 50.743523 -23.427273
v -98.804398 50.410522 -23.427273
v -96.802399 49.672523 -23.427273
v -98.864403 50.257523 -23.427273
v -148.254395 -0.196477 -17.076260
v -150.691406 3.384522 -17.076260
v -148.885406 -0.401479 -17.076260
v -91.869400 54.601521 -23.427273
v -93.066399 52.346523 -23.427273
v -93.960403 54.283524 -23.427273
v -94.877403 58.332523 -23.427273
v -95.993393 56.847523 -23.427273
v -92.975403 51.233524 -23.427273
v -91.707397 51.399525 -23.427273
v -92.613403 49.880524 -23.427273
v -95.807404 50.883522 -23.427273
v -97.550400 52.114525 -23.427273
v -95.898399 53.435524 -23.427273
v -94.533386 51.795525 -23.427273
v -91.707397 58.750523 -23.427273
v -93.169403 57.604527 -23.427273
v -93.457397 49.530525 -23.427273
v -94.877403 58.332523 -23.176273
v -98.804398 50.410522 -23.176273
v -103.957397 46.499523 -23.176273
v -103.539398 49.670525 -23.176273
v -102.316399 52.624523 -23.176273
v -97.832397 57.108524 -23.176273
v -100.369400 55.161526 -23.176273
v -100.593399 53.318523 -23.176273
v -81.359398 50.786522 -23.427273
v -82.821404 53.318523 -23.427273
v -81.098396 52.624523 -23.427273
v -102.055397 50.786522 -23.176273
v -86.974403 47.767525 -23.427273
v -88.326393 47.405525 -23.427273
v -87.463387 48.949524 -23.427273
v -88.242393 49.964523 -23.427273
v -89.232391 48.974522 -23.427273
v -87.323387 50.599522 -23.427273
v -88.534393 51.594524 -23.427273
v -86.092392 52.342522 -23.427273
v -86.412399 49.325523 -23.427273
v -84.771393 50.690525 -23.427273
v -83.045387 55.161526 -23.427273
v -79.875397 49.670525 -23.427273
v -84.889397 55.385525 -23.427273
v -87.796387 53.597523 -23.427273
v -85.582397 57.108524 -23.427273
v -88.537392 58.332523 -23.427273
v -87.421387 56.847523 -23.427273
v -90.245399 57.604527 -23.427273
v -90.801399 49.880524 -23.427273
v -89.257401 50.743523 -23.427273
v -89.957397 49.530525 -23.427273
v -91.707397 49.999523 -23.427273
v -89.961403 52.242523 -23.427273
v -91.506393 52.498524 -23.427273
v -89.766403 54.367523 -23.427273
v -90.439392 51.233524 -23.427273
v -79.457397 46.499523 -23.427273
v -83.923393 48.752525 -23.427273
v -37.732391 4.044521 -17.076260
v -38.591400 3.384522 -17.076260
v -88.676392 48.249523 -23.427273
v -41.757389 3.550521 -22.076260
v -158.886398 4.000521 -23.076260
v -158.886398 4.800521 -23.076260
v -80.602386 47.961525 -23.427273
v -80.602386 45.037525 -23.427273
v -42.207390 3.550523 -16.276264
v -42.207390 12.850513 -16.276268
v -46.311390 75.924530 -22.981277
v -45.542400 76.687531 -20.112274
v -45.196400 76.529526 -18.540276
v -45.246399 76.209526 -19.983276
v -45.810390 76.883530 -20.093277
v -45.912399 76.897530 -20.161278
v -148.528397 3.268512 -18.576260
v -147.907394 3.350512 -18.576260
v -149.832397 4.044521 -22.076260
v -148.831406 4.459522 -22.076260
v -151.351395 2.525520 -22.076260
v -157.407394 -7.349484 -22.076260
v -150.691406 3.384520 -22.076260
v -149.985397 2.150521 -18.576260
v -149.604401 2.647523 -18.576260
v -149.107407 3.028512 -18.576260
v -45.197399 76.997528 -17.116264
v -149.832397 4.044521 -17.076260
v -147.286407 3.268512 -18.576260
v -148.831406 4.459522 -17.076260
v -46.120399 77.598526 -17.241264
v -158.643494 73.354446 -23.575241
v -94.083397 73.734528 -23.576271
v -159.335602 72.798264 -22.895477
v -159.335907 73.246140 -22.895065
v -159.335800 74.268280 -22.895195
v -159.335907 73.999054 -22.895119
v -159.202606 74.225998 -23.051147
v -145.507401 -8.949483 -22.942265
v -41.007401 3.550523 -16.276264
v -41.007401 12.850513 -16.276268
v -31.648390 1.524521 -22.076260
v -31.648390 1.524523 -17.076260
v -83.839394 44.558525 -23.427273
v -85.861397 47.858524 -23.427273
v -88.266403 46.952515 -23.427273
v -91.940392 75.090530 -23.576271
v -86.825394 46.636524 -23.427273
v -92.406387 75.010529 -23.576271
v -91.613182 45.120285 -23.376270
v -91.707397 45.099522 -23.365261
v -91.739510 45.103783 -23.376270
v -91.176392 45.216522 -23.365261
v -91.176392 45.216522 -23.376270
v -92.808403 45.654522 -23.365261
v -90.606392 45.654522 -23.365261
v -93.059387 46.861523 -23.365261
v -92.407387 45.286522 -23.365261
v -90.355392 46.137524 -23.365261
v -90.606392 45.654522 -23.376270
v -90.355392 46.137524 -23.376270
v -92.808403 45.654522 -23.376270
v -92.407387 45.286522 -23.376270
v -92.315323 45.257603 -23.376270
v -92.852928 45.740223 -23.376270
v -93.059387 46.733074 -23.376270
v -90.331398 46.680523 -23.376270
v -90.331398 46.680523 -23.365261
v -91.007393 47.712524 -23.365261
v -91.526398 47.875523 -23.365261
v -90.495392 47.199524 -23.365261
v -92.238403 47.782524 -23.365261
v -92.808403 47.344524 -23.365261
v -91.007393 47.712524 -23.376270
v -91.526398 47.875523 -23.376270
v -90.515091 47.225254 -23.376270
v -90.586243 47.290543 -23.376270
v -90.466301 47.107445 -23.376270
v -91.622726 47.871445 -23.376270
v -92.208412 47.794945 -23.376270
v -92.788696 47.370243 -23.376270
v -92.319832 47.730545 -23.376270
v -92.995171 46.972942 -23.376270
v -93.059387 46.861523 -23.376270
v -158.886398 18.850521 -23.076263
v -158.886398 18.050522 -23.076263
v -45.714390 77.509529 -17.242271
v -45.800400 77.560524 -17.111275
v -151.351395 2.525522 -17.076260
v -45.141399 76.830528 -17.060265
v -94.513947 71.314865 -22.076271
v -94.683403 72.165054 -22.076271
v -94.683403 72.435997 -22.076271
v -90.233398 70.028526 -20.776276
v -89.702393 70.467529 -20.776276
v -79.875397 43.328522 -23.427273
v -85.964394 44.753525 -23.427273
v -85.708397 46.298523 -23.427273
v -84.610397 42.588524 -23.427273
v -83.605392 46.661522 -23.427273
v -90.857399 69.735527 -20.776276
v -145.507401 -9.310475 -18.576260
v -150.307404 -9.310475 -18.576260
v -141.657394 -8.349478 -14.876261
v -150.307404 -8.581479 -23.403263
v -150.307404 -8.800481 -23.200260
v -150.307404 -9.016479 -22.648266
v -158.782394 -8.863481 -23.091267
v -151.907394 -7.349484 -22.076260
v -157.407394 -7.349483 -14.876261
v -159.335495 4.000521 -22.895588
v -159.335495 4.800521 -22.895588
v -158.974396 4.800521 -23.318264
v -158.974396 4.000521 -23.318264
v -141.207397 21.050522 -13.975273
v -142.407394 21.050522 -13.975273
v -159.335495 18.850521 -22.895592
v -159.335495 18.050522 -22.895592
v -158.974396 18.850521 -23.318268
v -158.974396 18.050522 -23.318268
v -132.268402 32.900524 -23.076263
v -132.268402 32.100525 -23.076263
v -91.428398 70.888527 -20.776276
v -92.878403 69.862526 -20.776276
v -92.167397 70.935524 -20.776276
vn -0.0000 -1.0000 -0.0000
vn -0.0000 -0.0000 1.0000
vn -0.0000 1.0000 -0.0000
vn 0.9994 -0.0000 -0.0349
vn 0.6134 -0.0000 -0.7898
vn 0.9991 -0.0000 -0.0413
vn 0.7604 -0.0000 -0.6495
vn -1.0000 -0.0000 -0.0000
vn 1.0000 -0.0000 -0.0000
vn -0.9994 -0.0000 -0.0349
vn -0.9992 -0.0000 -0.0412
vn -0.0000 -0.0000 -1.0000
vn -0.0000 -0.9750 -0.2222
vn -0.7602 0.0008 -0.6497
vn -0.7625 -0.0053 -0.6470
vn -0.7602 -0.0000 -0.6497
vn -0.7628 -0.0047 -0.6466
vn -0.7605 -0.0002 -0.6493
vn -0.7604 -0.0000 -0.6495
vn -0.6134 0.0002 -0.7898
vn -0.6135 0.0001 -0.7897
vn -0.6134 -0.0000 -0.7898
vn -0.6134 0.0001 -0.7897
vn -0.6136 0.0003 -0.7896
vn -0.7603 -0.0000 -0.6496
vn -0.9498 -0.3069 -0.0603
vn -0.9495 -0.3080 -0.0605
vn -0.9492 -0.3089 -0.0605
vn -0.7363 -0.6718 -0.0803
vn -0.7350 -0.6733 -0.0805
vn -0.7344 -0.6736 -0.0831
vn -0.1190 -0.9900 -0.0763
vn 0.2252 0.9734 -0.0432
vn 0.2202 0.9746 -0.0416
vn 0.2179 0.9751 -0.0410
vn 0.6948 0.7149 -0.0779
vn 0.6912 0.7183 -0.0795
vn 0.6969 0.7130 -0.0770
vn 0.3831 0.9237 -0.0000
vn 0.1302 0.9915 -0.0000
vn -0.3833 0.9236 -0.0000
vn -0.1302 0.9915 -0.0000
vn 0.9990 -0.0441 -0.0000
vn 0.8873 -0.4612 -0.0000
vn 0.8161 -0.2187 -0.5349
vn 0.8161 -0.2188 -0.5349
vn 0.8162 -0.2189 -0.5347
vn 0.8055 0.5909 -0.0449
vn 0.2274 0.9728 -0.0439
vn 0.5451 0.8368 -0.0512
vn 0.6893 0.7200 -0.0803
vn 0.9793 0.1973 -0.0462
vn 0.9795 0.1963 -0.0460
vn 0.9791 0.1978 -0.0463
vn 0.9795 0.1959 -0.0459
vn 0.0089 0.7805 -0.6251
vn 0.4046 0.9026 -0.1468
vn -0.0000 -0.9974 -0.0719
vn -0.0001 -0.9974 -0.0719
vn -0.0001 -0.9974 -0.0720
vn 0.0001 -0.9974 -0.0719
vn -0.9914 -0.1309 -0.0000
vn 0.6135 0.0001 -0.7897
vn 0.6126 0.0001 -0.7904
vn -0.9915 0.1302 -0.0000
vn 0.5978 -0.5978 -0.5342
vn 0.2757 -0.2747 -0.9212
vn 0.2757 -0.2753 -0.9210
vn 0.2757 -0.2752 -0.9210
vn 0.2756 -0.2756 -0.9209
vn 0.3763 -0.1010 -0.9210
vn 0.3764 -0.1013 -0.9209
vn 0.3764 -0.1012 -0.9209
vn 0.3766 -0.1016 -0.9208
vn 0.3765 0.1011 -0.9209
vn 0.3766 0.1011 -0.9209
vn 0.3765 0.1012 -0.9209
vn 0.1004 -0.3767 -0.9209
vn 0.1003 -0.3768 -0.9208
vn 0.0793 -0.0790 -0.9937
vn -0.9784 0.2067 -0.0000
vn 0.1080 -0.0291 -0.9937
vn 0.8091 -0.5876 -0.0000
vn -0.0790 0.0793 -0.9937
vn 0.9296 -0.3685 -0.0000
vn 0.1880 -0.9822 -0.0000
vn 0.4260 -0.9047 -0.0000
vn -0.1081 0.0288 -0.9937
vn -0.8549 0.5188 -0.0000
vn -0.1081 -0.0289 -0.9937
vn -0.3765 -0.1006 -0.9209
vn -0.3766 -0.1005 -0.9209
vn -0.5984 -0.5984 -0.5328
vn -0.0792 -0.0792 -0.9937
vn -0.2753 -0.2753 -0.9211
vn -0.0289 -0.1081 -0.9937
vn -0.1005 -0.3766 -0.9209
vn -0.1005 -0.3765 -0.9209
vn -0.1006 -0.3766 -0.9209
vn 0.2181 -0.8173 -0.5333
vn 0.2185 -0.8167 -0.5342
vn 0.2182 -0.8171 -0.5336
vn 0.0288 -0.1081 -0.9937
vn 0.1005 -0.3766 -0.9209
vn 0.1080 0.0291 -0.9937
vn 0.3763 0.1012 -0.9209
vn 0.6368 -0.7711 -0.0000
vn 0.0791 0.0791 -0.9937
vn 0.2756 0.2756 -0.9209
vn 0.2757 0.2756 -0.9209
vn -0.0027 0.9131 -0.4076
vn -0.0024 0.9150 -0.4035
vn -0.0056 0.9131 -0.4076
vn 0.0001 0.4499 -0.8931
vn 0.0008 0.4505 -0.8928
vn -0.0130 0.4503 -0.8928
vn -0.0129 0.4498 -0.8930
vn 0.0032 0.2269 -0.9739
vn -0.0001 0.1277 -0.9918
vn -0.0090 0.1293 -0.9916
vn -0.0087 0.1293 -0.9916
vn -0.9595 -0.0043 -0.2818
vn -0.0592 0.7240 -0.6873
vn 0.0444 0.5544 -0.8311
vn -0.0224 0.0464 0.9987
vn -0.1795 0.0463 -0.9827
vn -0.2263 0.3017 -0.9262
vn -0.1422 -0.0164 -0.9897
vn -0.3827 -0.0043 -0.9239
vn -0.4248 0.0360 -0.9046
vn -0.4247 0.0371 -0.9046
vn -0.4251 0.0397 -0.9043
vn -0.8765 -0.4814 -0.0000
vn 0.8314 0.5557 -0.0000
vn -0.7293 -0.6842 -0.0000
vn 0.8161 -0.2188 -0.5348
vn 0.8159 -0.2188 -0.5352
vn 0.8164 -0.2192 -0.5343
vn -0.5526 -0.0419 -0.8324
vn -0.8867 -0.4624 -0.0015
vn -0.3802 -0.0787 0.9215
vn -0.8167 -0.2188 -0.5340
vn -0.8163 -0.2195 -0.5344
vn -0.8168 -0.2187 -0.5339
vn -0.9445 0.0221 -0.3277
vn -0.8168 -0.2188 -0.5338
vn -0.8165 -0.2189 -0.5342
vn -0.8163 -0.2195 -0.5342
vn -0.8163 -0.2196 -0.5343
vn -0.8176 -0.2182 -0.5328
vn -0.9328 -0.2174 -0.2874
vn -0.2179 -0.8166 -0.5345
vn -0.2187 -0.8172 -0.5333
vn -0.2181 -0.8169 -0.5340
vn -0.7552 0.1617 -0.6353
vn -0.2191 -0.8173 -0.5329
vn 0.2185 -0.8165 -0.5344
vn -0.7606 0.0391 -0.6480
vn -0.7086 -0.0286 -0.7051
vn -0.7269 -0.0644 -0.6837
vn 0.8157 0.2190 -0.5354
vn 0.8163 0.2186 -0.5347
vn 0.8159 0.2189 -0.5352
vn 0.8165 0.2186 -0.5344
vn 0.5971 0.5971 -0.5356
vn -0.4662 -0.0153 -0.8845
vn 0.2189 0.8162 -0.5346
vn 0.2184 0.8159 -0.5354
vn 0.2188 0.8163 -0.5346
vn 0.2192 0.8164 -0.5343
vn -0.4253 0.0435 -0.9040
vn -0.4970 -0.0708 -0.8649
vn 0.9238 0.3830 -0.0000
vn 0.0001 0.7475 -0.6642
vn -0.0006 0.7163 -0.6978
vn -0.0006 0.7189 -0.6951
vn -0.0006 0.7191 -0.6949
vn 0.0006 0.4224 -0.9064
vn -0.0000 0.1280 -0.9918
vn 0.9922 0.1250 -0.0000
vn 0.9922 0.1249 -0.0000
vn 0.6369 -0.7709 -0.0000
vn -0.0000 0.9994 -0.0349
vn 0.9296 0.3685 -0.0000
vn 0.8091 0.5876 -0.0000
vn 0.6369 0.7709 -0.0000
vn 0.9992 0.0005 -0.0406
vn 0.9992 0.0002 -0.0411
vn -0.8765 -0.4813 0.0066
vn 0.9992 0.0002 -0.0410
vn 0.9915 0.1302 -0.0000
vn 0.4260 0.9047 -0.0000
vn 0.0008 0.7968 -0.6042
vn 0.0008 0.7968 -0.6043
vn -0.9300 0.3673 -0.0130
vn 0.9992 0.0001 -0.0410
vn -0.9687 0.2481 0.0064
vn -0.9919 -0.1264 -0.0130
vn 0.9922 -0.1249 -0.0000
vn 0.9922 -0.1250 -0.0000
vn 0.6131 -0.0000 -0.7900
vn 0.6137 0.0001 -0.7895
vn 0.6120 -0.0000 -0.7908
vn -0.8963 -0.4435 -0.0000
vn -0.9991 -0.0425 -0.0000
vn 0.9991 -0.0001 -0.0415
vn 0.8556 0.5177 -0.0000
vn 0.7227 0.6912 -0.0000
vn -0.0000 0.2108 -0.9775
vn -0.0000 0.2097 -0.9778
vn -0.0000 0.2096 -0.9778
vn -0.6084 -0.7937 -0.0000
vn -0.6084 -0.7936 -0.0000
vn -0.7936 -0.6084 -0.0000
vn -0.0000 0.0005 -1.0000
vn -0.0423 0.9991 -0.0005
vn -0.1029 0.7870 0.6083
vn -0.4672 0.8071 -0.3609
vn -0.2189 0.8163 -0.5345
vn -0.2188 0.8163 -0.5346
vn -0.2187 0.8163 -0.5347
vn -0.2188 0.8165 -0.5343
vn -0.2189 0.8167 -0.5340
vn -0.2188 0.8164 -0.5345
vn -0.2188 0.8164 -0.5344
vn -0.4840 0.6306 0.6067
vn -0.8658 0.5004 -0.0025
vn -0.7911 0.4107 -0.4533
vn -0.4676 0.8075 -0.3595
vn -0.5977 0.5977 -0.5342
vn -0.5978 0.5988 -0.5330
vn -0.5982 0.5984 -0.5330
vn -0.5983 0.5987 -0.5326
vn -0.5964 0.5975 -0.5360
vn -0.5978 0.5977 -0.5342
vn -0.5952 0.5971 -0.5378
vn -0.5964 0.5974 -0.5361
vn -0.8169 0.2185 -0.5338
vn -0.8170 0.2185 -0.5337
vn -0.8166 0.2180 -0.5344
vn 0.0002 -0.0000 -1.0000
vn -0.8665 0.4992 -0.0000
vn -0.8171 0.2187 -0.5334
vn -0.8170 0.2187 -0.5335
vn -0.8170 0.2187 -0.5336
vn 0.0290 0.1080 -0.9937
vn 0.1011 0.3764 -0.9209
vn 0.1012 0.3765 -0.9209
vn 0.1011 0.3765 -0.9209
vn 0.1013 0.3766 -0.9208
vn -0.2191 0.8160 -0.5349
vn -0.0291 0.1080 -0.9937
vn -0.1014 0.3760 -0.9210
vn -0.1012 0.3764 -0.9209
vn -0.1013 0.3763 -0.9209
vn -0.1011 0.3765 -0.9209
vn -0.2752 0.2760 -0.9209
vn -0.2753 0.2753 -0.9211
vn -0.2753 0.2758 -0.9210
vn -0.2752 0.2763 -0.9208
vn -0.3766 0.1003 -0.9209
vn -0.3767 0.1005 -0.9209
vn -0.3767 0.1004 -0.9209
vn 0.9296 -0.3686 -0.0000
vn 0.1859 -0.9826 -0.0000
vn -0.0635 -0.9980 -0.0000
vn 0.6374 -0.7705 -0.0000
vn 0.8087 -0.5882 -0.0000
vn -0.3089 -0.9511 -0.0000
vn 0.4275 -0.9040 -0.0000
vn -0.0632 -0.9980 -0.0000
vn -0.7292 -0.6843 -0.0000
vn -0.5342 -0.8453 -0.0000
vn -0.5342 -0.8454 -0.0000
vn -0.8766 -0.4813 -0.0000
vn 0.0003 -0.5214 -0.8533
vn -0.3090 -0.9511 -0.0000
vn -0.8763 -0.4818 -0.0000
vn -0.7286 -0.6850 -0.0000
vn -0.5358 -0.8443 -0.0000
vn 0.6702 0.7422 0.0045
vn 0.3863 0.9223 0.0086
vn 0.9296 0.3686 -0.0000
vn 0.8087 0.5882 -0.0000
vn 0.9922 0.1247 -0.0000
vn 0.9922 0.1248 -0.0000
vn 0.6374 0.7705 -0.0000
vn 0.9922 -0.1248 -0.0000
vn 0.9922 -0.1247 -0.0000
vn 0.0008 0.7967 -0.6043
vn 0.0218 0.2107 -0.9773
vn -0.0000 0.2093 -0.9778
vn -0.0000 0.1678 -0.9858
vn -0.0018 0.1133 -0.9936
vn 0.1880 0.9822 -0.0000
vn -0.0632 0.9980 -0.0000
vn -0.5712 -0.8208 0.0041
vn 0.0024 0.4665 -0.8845
vn 0.0007 0.4446 -0.8957
vn 0.0983 0.5942 -0.7983
vn 0.0434 0.6645 -0.7460
vn -0.7286 0.6849 -0.0000
vn -0.7286 0.6850 -0.0000
vn -0.8763 0.4818 -0.0000
vn -0.0019 0.5959 -0.8030
vn -0.0019 0.5967 -0.8025
vn -0.0019 0.5962 -0.8028
vn -0.0019 0.5971 -0.8021
vn 0.5557 0.8314 -0.0000
vn 0.0297 0.8283 -0.5595
vn -0.9992 -0.0410 -0.0000
vn -0.0009 0.8753 -0.4836
vn 0.0008 0.9743 -0.2253
vn -0.9297 0.3680 0.0173
vn -0.9298 0.3676 0.0174
vn -0.9294 0.3686 0.0172
vn -0.0000 0.9870 -0.1606
vn -0.9293 0.3691 0.0171
vn -1.0000 -0.0000 -0.0085
vn -0.8958 -0.4444 -0.0000
vn 0.9998 -0.0000 0.0174
vn 0.8766 0.4809 0.0175
vn 0.9890 0.0170 -0.1469
vn 0.5766 0.8064 -0.1312
vn 0.9266 0.1575 -0.3416
vn -0.6990 -0.7151 -0.0000
vn 0.9604 0.0478 -0.2745
vn -0.1886 -0.9820 -0.0056
vn -0.1558 0.8458 -0.5102
vn -0.4160 0.7526 -0.5104
vn 0.9747 -0.2234 -0.0000
vn -0.9747 -0.2234 -0.0000
vn 0.0147 0.7611 -0.6485
vn 0.7924 -0.6100 -0.0000
vn 0.5018 -0.8650 -0.0000
vn 0.1704 -0.9854 -0.0000
vn -0.1704 -0.9854 -0.0000
vn -0.5018 -0.8650 -0.0000
vn -0.2545 0.5634 -0.7860
vn -0.7924 -0.6100 -0.0000
vn -0.3395 0.5716 -0.7470
vn -0.1898 0.4130 -0.8908
vn 0.0179 0.0279 -0.9994
vn -0.0940 0.0784 -0.9925
vn -0.0009 0.0014 -1.0000
vn -0.0009 0.0020 -1.0000
vn -0.0009 0.0011 -1.0000
vn -0.4278 0.7533 -0.4995
vn -0.6990 0.7151 0.0060
vn -0.7578 0.6524 -0.0058
vn -0.7057 0.5306 -0.4695
vn -0.9329 0.2641 -0.2447
vn -0.6892 0.4142 -0.5945
vn -0.6564 0.4444 -0.6096
vn 0.9922 -0.1247 -0.0085
vn -0.7544 0.2512 -0.6064
vn 0.9301 0.3672 -0.0086
vn 0.6369 0.7709 -0.0087
vn 0.8766 -0.4809 0.0175
vn -0.3498 -0.9368 -0.0000
vn 0.5351 -0.8446 0.0173
vn 0.4251 -0.9051 -0.0087
vn 0.8089 -0.5879 -0.0088
vn 0.0635 -0.9978 0.0172
vn -0.0196 -0.9998 -0.0000
vn 0.9807 0.1955 -0.0000
vn 0.9807 0.1954 -0.0000
vn 0.9807 -0.1955 -0.0000
vn 0.9807 -0.1954 -0.0000
vn -0.5037 0.2410 -0.8296
vn -0.3090 0.9511 -0.0000
vn -0.9687 0.2482 -0.0000
vn 0.9920 -0.1261 0.0064
vn 0.8753 -0.4816 -0.0443
vn 0.1872 -0.9817 -0.0344
vn -0.5358 0.8443 -0.0000
vn -0.5003 0.8659 -0.0000
vn -0.5353 0.8446 0.0063
vn -0.8082 0.5887 -0.0130
vn 0.0054 -0.0000 -1.0000
vn 0.0628 0.9977 -0.0257
vn -0.0624 0.9981 -0.0000
vn -0.0011 -0.0000 -1.0000
vn -0.9687 -0.2481 -0.0000
vn -0.0000 0.9993 -0.0373
vn -0.9238 -0.3829 -0.0000
vn 0.4275 0.9040 -0.0000
vn -0.0635 0.9980 -0.0000
vn -0.3089 0.9511 -0.0000
vn 0.1859 0.9826 -0.0000
vn -0.5342 0.8454 -0.0000
vn -0.5342 0.8453 -0.0000
vn -0.0001 -0.0000 1.0000
vn 0.0002 -0.0000 1.0000
vn -0.9684 -0.2492 -0.0000
vn -0.9684 -0.2493 -0.0000
vn -0.8766 0.4813 -0.0000
vn -0.9684 0.2492 -0.0000
vn -0.9684 0.2493 -0.0000
vn -0.7292 0.6843 -0.0000
vn 0.6093 0.7930 -0.0000
vn 0.7930 0.6092 -0.0000
vn 0.7930 0.6093 -0.0000
vn -0.7630 0.6137 -0.2029
vn -0.4560 0.8506 -0.2619
vn -0.4533 0.8323 -0.3190
vn 0.3830 0.9238 -0.0000
vn -0.4373 0.8407 -0.3193
vn -0.1747 0.9230 -0.3430
vn -0.1714 0.9237 -0.3427
vn -0.1659 0.9248 -0.3423
vn -0.1626 0.9255 -0.3421
vn -0.9398 0.3050 -0.1543
vn -0.7629 0.5998 -0.2413
vn -0.7263 0.6365 -0.2597
vn -0.4760 0.6816 -0.5557
vn -0.1798 0.9823 -0.0522
vn 0.9914 -0.1309 -0.0000
vn -0.9994 0.0008 -0.0355
vn -0.9993 0.0033 -0.0369
vn -0.9993 0.0055 -0.0382
vn -0.2055 0.9531 -0.2221
vn -0.9690 0.2210 -0.1102
vn -0.0002 0.6605 -0.7509
vn -0.9233 -0.3840 0.0027
vn -0.5498 0.8149 -0.1835
vn -0.7650 0.6208 -0.1712
vn -0.5174 0.8341 -0.1914
vn -0.1593 0.9629 -0.2179
vn -0.9694 0.2272 -0.0929
vn -0.9336 0.3418 -0.1076
vn -0.9807 0.1955 -0.0000
vn -0.8315 0.5357 -0.1467
vn -0.8314 0.5556 -0.0000
vn -0.8314 0.5557 -0.0000
vn -0.9967 0.0681 -0.0443
vn 0.8093 -0.5874 -0.0000
vn -0.8316 -0.5554 -0.0000
vn -0.9807 -0.1955 -0.0000
vn 0.9297 0.3683 -0.0000
vn -0.9807 0.1954 -0.0000
vn -0.9916 0.1295 0.0011
vn -0.9922 0.1247 -0.0000
vn -0.9920 0.1263 0.0003
vn -0.1632 0.9797 -0.1164
vn -0.9297 0.3684 -0.0010
vn -0.9914 0.1309 0.0015
vn -0.1080 0.9863 -0.1251
vn -0.9239 0.3826 0.0026
vn -0.9920 -0.1262 0.0003
vn -0.9922 -0.1247 -0.0000
vn -0.9916 -0.1291 0.0011
vn -0.9914 -0.1305 0.0014
vn -0.5523 0.8254 -0.1171
vn -0.5946 0.7931 -0.1318
vn -0.9297 -0.3684 -0.0013
vn 0.9296 -0.3684 -0.0000
vn 0.9297 -0.3684 -0.0000
vn -0.9807 -0.1958 -0.0000
vn -0.5979 0.7998 -0.0534
vn -0.3028 0.9461 -0.1145
vn -0.0921 0.9949 -0.0402
vn -0.9687 -0.2482 -0.0000
vn -0.6132 0.7884 -0.0495
vn -0.3055 0.9515 -0.0348
vn 0.9999 -0.0000 -0.0131
vn 0.9294 0.3690 0.0063
vn 0.8766 0.4810 -0.0128
vn 0.6035 0.7973 -0.0045
vn -0.5003 -0.8658 -0.0045
vn -0.2676 -0.9634 -0.0169
vn -0.1053 -0.9943 0.0169
vn -0.8084 -0.5885 -0.0130
vn -0.8082 -0.5887 -0.0130
vn -0.8083 -0.5887 -0.0130
vn 0.6822 0.0117 -0.7311
vn -0.8084 -0.5884 -0.0130
vn -0.9784 -0.2067 0.0087
vn 0.0083 -0.0000 -1.0000
vn 0.1848 -0.0099 -0.9827
vn 0.2391 0.1147 -0.9642
vn 0.8157 -0.5782 -0.0186
vn 0.3281 0.0606 -0.9427
vn 0.6375 -0.7705 0.0032
vn 0.4586 0.0124 -0.8885
vn 0.1681 -0.0003 -0.9858
vn 0.3614 -0.9323 0.0158
vn 0.2733 -0.1676 -0.9472
vn 0.6112 0.0016 -0.7914
vn 0.3091 -0.2444 -0.9191
vn 0.9234 0.2500 -0.2913
vn 0.8680 0.1730 -0.4655
vn 0.8123 0.1143 -0.5719
vn 0.9922 0.0731 -0.1010
vn -0.1309 -0.9914 -0.0000
vn 0.1974 0.8580 -0.4741
vn -0.3829 -0.9238 -0.0000
vn 0.8012 -0.1621 -0.5761
vn 0.8374 -0.1031 -0.5368
vn 0.7790 0.1532 -0.6080
vn 0.8061 0.1191 -0.5796
vn 0.9557 -0.0493 -0.2901
vn -0.2344 0.9452 -0.2274
vn 0.9238 -0.3829 -0.0000
vn 0.6084 -0.7936 -0.0000
vn 0.3829 -0.9238 -0.0000
vn 0.6088 -0.7933 -0.0000
vn -0.5000 0.8660 -0.0000
vn 0.3827 -0.9239 -0.0000
vn -0.7069 0.7073 -0.0000
vn -0.3516 0.9361 -0.0000
vn 0.3823 -0.9240 -0.0000
vn 0.6090 -0.7932 -0.0000
vn -0.5821 0.8131 -0.0000
vn -0.7726 0.6348 -0.0000
vn -0.7727 0.6348 -0.0000
vn -0.8660 0.5000 -0.0000
vn 0.6245 -0.7810 -0.0000
vn 0.4009 -0.9161 -0.0000
vn 0.7933 -0.6088 -0.0000
vn -0.1304 -0.9915 -0.0000
vn 0.2589 0.9659 -0.0000
vn -0.3827 -0.9239 -0.0000
vn 0.1309 -0.9914 -0.0000
vn -0.2589 0.9659 -0.0000
vn 0.1304 -0.9915 -0.0000
vn 0.1504 -0.9886 -0.0000
vn 0.1635 0.9865 -0.0000
vn -0.0970 0.9953 -0.0000
vn 0.1306 -0.9914 -0.0000
vn -0.3823 -0.9240 -0.0000
vn -0.1306 -0.9914 -0.0000
vn -0.0055 0.3327 -0.9430
vn 0.4135 0.9105 -0.0000
vn -0.0292 0.3032 -0.9525
vn 0.6348 0.7726 -0.0000
vn 0.6348 0.7727 -0.0000
vn -0.5930 -0.8052 -0.0000
vn -0.1106 -0.9939 -0.0000
vn -0.3640 -0.9314 -0.0000
vn 0.0319 0.6498 -0.7594
vn -0.0443 0.4986 -0.8657
vn -0.0407 0.6599 -0.7502
vn -0.0324 0.6498 -0.7594
vn -0.0403 0.7882 -0.6141
vn 0.0152 0.8461 -0.5328
vn -0.0000 0.8768 -0.4808
vn -0.0000 0.9393 -0.3431
vn -0.0000 0.9393 -0.3432
vn 0.6606 -0.7458 -0.0855
vn 0.6607 -0.7458 -0.0854
vn -0.0000 -0.9452 -0.3264
vn 0.7069 0.7073 -0.0000
vn 0.5000 0.8660 -0.0000
vn -0.6088 -0.7933 -0.0000
vn 0.8660 0.5000 -0.0000
vn -0.9239 -0.3825 -0.0000
vn 0.9989 0.0294 -0.0359
vn -0.7933 -0.6088 -0.0000
vn 0.9993 -0.0035 -0.0380
vn 0.9994 -0.0007 -0.0355
vn 0.9993 -0.0034 -0.0377
vn -0.9159 -0.4014 -0.0000
vn -0.9159 -0.4015 -0.0000
vn -0.7810 -0.6245 -0.0000
vn 0.1418 0.1866 -0.9722
vn 0.5565 0.2822 -0.7815
vn 0.3035 0.7126 -0.6325
vn 0.2557 0.5271 -0.8104
vn 0.5703 0.1503 -0.8075
vn 0.6536 0.0604 -0.7544
vn 0.3063 0.4158 -0.8563
vn 0.7936 -0.6084 -0.0000
vn -0.3830 0.9238 -0.0000
vn -0.9238 0.3830 -0.0000
vn 0.8167 0.4773 -0.3242
vn -0.7930 0.6093 -0.0000
vn 0.7102 0.4988 -0.4968
vn 0.6442 0.5926 -0.4836
vn 0.6739 0.5224 -0.5225
vn 0.4507 0.7008 -0.5530
vn 0.5034 0.0220 -0.8638
vn 0.2541 0.6942 -0.6735
vn 0.3734 0.0936 -0.9229
vn 0.4727 0.7030 0.5314
vn 0.0702 -0.0624 -0.9956
vn 0.1162 -0.1111 -0.9870
vn 0.2833 0.7141 0.6401
vn 0.0909 0.5511 0.8295
vn 0.0001 -0.0000 1.0000
vn 0.0044 -0.6798 -0.7334
vn 0.0030 -0.6998 -0.7144
vn -0.1293 0.9916 0.0064
vn -0.0016 -0.3309 -0.9437
vn 0.1322 0.9912 0.0067
vn -0.1955 0.9807 -0.0000
vn -0.0625 -0.9980 -0.0000
vn -0.5349 -0.8449 -0.0000
vn 0.7292 0.6843 -0.0073
vn 0.0004 -0.0555 -0.9985
vn 0.6100 0.7924 0.0080
vn 0.7602 -0.0000 -0.6497
vn 0.7602 -0.0002 -0.6497
vn 0.7953 0.6062 0.0083
vn 0.6134 -0.0005 -0.7898
vn -0.0022 -0.9312 -0.3644
vn -0.0035 -0.2942 -0.9557
vn 0.8763 0.4817 -0.0074
vn 0.1190 -0.9900 -0.0763
vn -0.0000 -0.9974 -0.0720
vn -0.3788 -0.9255 0.0056
vn 0.1037 0.3020 -0.9476
vn -0.0134 0.0902 -0.9958
vn -0.6064 -0.7951 0.0049
vn -0.6372 -0.7707 -0.0034
vn -0.7916 -0.6110 0.0040
vn -0.8093 -0.5874 -0.0026
vn -0.4250 -0.9052 -0.0046
vn -0.0008 0.2849 -0.9586
vn -0.0000 0.1885 -0.9821
vn 0.7322 -0.6764 -0.0804
vn 0.7319 -0.6766 -0.0805
vn 0.7321 -0.6764 -0.0805
vn 0.0477 0.2846 -0.9575
vn 0.9493 -0.3084 -0.0604
vn 0.9492 -0.3087 -0.0604
vn 0.9176 -0.3930 -0.0599
vn 0.1464 0.0317 0.9887
vn 0.9924 -0.1130 -0.0492
vn -0.9283 0.3669 -0.0596
vn -0.9133 0.4008 -0.0721
vn -0.8342 0.5471 -0.0699
vn -0.9709 0.2357 -0.0422
vn 0.9858 0.1680 -0.0000
vn -0.8272 0.5598 -0.0487
vn -0.4262 0.9046 0.0002
vn -0.2610 0.9650 -0.0252
vn -0.6375 0.7703 -0.0127
vn -0.0624 0.9980 0.0067
vn -0.7286 -0.6849 -0.0000
vn -0.7283 0.6852 0.0065
vn -0.7603 -0.0000 -0.6495
vn 0.9858 -0.1680 -0.0000
vn 0.6085 0.7935 -0.0000
vn 0.8131 0.5821 -0.0000
vn -0.5353 -0.8446 0.0067
vn -0.9240 -0.3823 -0.0000
vn -0.7933 -0.6089 -0.0000
vn -0.1054 -0.9944 -0.0000
vn 0.9915 -0.1302 -0.0000
vn 0.9915 -0.1303 -0.0000
vn 0.9237 0.3830 -0.0000
vn 0.9915 0.1303 -0.0000
vn 0.2290 -0.9734 -0.0000
vn 0.5362 -0.8441 -0.0000
vn 0.7935 0.6085 -0.0000
vn -0.9914 -0.1306 -0.0000
vn 0.3831 -0.9237 -0.0000
vn 0.7935 -0.6085 -0.0000
vn 0.9237 -0.3830 -0.0000
vn -0.9914 0.1306 -0.0000
vn 0.6085 -0.7935 -0.0000
vn -0.7933 0.6088 -0.0000
vn -0.7933 0.6089 -0.0000
vn -0.9240 0.3823 -0.0000
vn 0.7727 -0.6348 -0.0000
vn 0.7726 -0.6348 -0.0000
vn 0.8761 0.4821 0.0001
vn -0.2729 -0.9620 -0.0000
vn 0.9685 0.2488 -0.0128
vn -0.1504 0.9886 -0.0000
vn -0.1307 0.9914 -0.0000
vn -0.9310 0.3651 -0.0000
vn -0.9309 0.3652 -0.0000
vn -0.9310 0.3650 -0.0000
vn -0.3827 0.9239 -0.0000
vn 0.5000 -0.8660 -0.0000
vn -0.9914 0.1307 -0.0000
vn -0.8054 0.5927 -0.0000
vn -0.9239 0.3825 -0.0000
vn 0.3516 -0.9361 -0.0000
vn -0.2527 0.9675 -0.0000
vn -0.6088 0.7933 -0.0000
vn 0.5821 -0.8131 -0.0000
vn 0.9659 0.2588 -0.0000
vn -0.9914 -0.1307 -0.0000
vn -0.6245 0.7810 -0.0000
vn -0.4009 0.9161 -0.0000
vn 0.7069 -0.7073 -0.0000
vn 0.8660 -0.5000 -0.0000
vn 0.9659 -0.2588 -0.0000
vn 0.7933 0.6088 -0.0000
vn 0.9239 0.3825 -0.0000
vn 0.9914 0.1307 -0.0000
vn 0.9161 0.4009 -0.0000
vn -0.6093 0.7930 -0.0000
vn -0.9237 -0.3831 -0.0000
vn -0.6085 -0.7935 -0.0000
vn -0.7935 -0.6085 -0.0000
vn -0.7935 -0.6086 -0.0000
vn 0.9241 0.3823 -0.0000
vn -0.8134 -0.5817 -0.0000
vn -0.8660 -0.5000 -0.0000
vn 0.7810 0.6245 -0.0000
vn -0.7069 -0.7073 -0.0000
vn 0.6088 0.7933 -0.0000
vn -0.6348 -0.7726 -0.0000
vn -0.6348 -0.7727 -0.0000
vn -0.2589 -0.9659 -0.0000
vn 0.5930 0.8052 -0.0000
vn 0.3640 0.9314 -0.0000
vn -0.5000 -0.8660 -0.0000
vn 0.3827 0.9239 -0.0000
vn -0.3831 -0.9237 -0.0000
vn 0.1302 -0.9915 -0.0000
vn -0.1302 -0.9915 -0.0000
vn 0.0970 -0.9953 -0.0000
vn 0.1106 0.9939 -0.0000
vn -0.1635 -0.9865 -0.0000
vn -0.4135 -0.9105 -0.0000
vn -0.1298 0.9915 -0.0000
vn 0.1298 0.9915 -0.0000
vn 0.2589 -0.9659 -0.0000
vn 0.1307 0.9914 -0.0000
vn -0.9659 -0.2588 -0.0000
vn 0.9914 -0.1307 -0.0000
vn 0.6646 0.7472 -0.0000
vn -0.9105 0.4135 -0.0000
vn 0.7291 0.6843 -0.0128
vn 0.6702 0.7422 -0.0000
vn 0.0962 0.9339 -0.3444
vn 0.0858 0.8187 -0.5678
vn 0.3863 0.9224 -0.0000
vn 0.3086 0.9511 -0.0128
vn 0.9365 0.3311 -0.1156
vn -0.1872 0.9822 -0.0128
vn 0.7285 -0.6845 -0.0258
vn -0.0000 0.8462 -0.5328
vn -0.1872 -0.9822 -0.0128
vn 0.0004 0.5452 -0.8383
vn 0.0003 0.8217 -0.5699
vn -0.6375 -0.7703 -0.0129
vn 0.8583 0.4939 -0.1393
vn 0.1778 0.9820 -0.0644
vn 0.8457 0.4957 -0.1975
vn 0.8560 0.4751 -0.2037
vn 0.1729 0.9250 -0.3384
vn 0.3363 0.8808 -0.3334
vn 0.5004 0.8107 -0.3040
vn 0.5455 0.7823 -0.3006
vn 0.7227 0.6406 -0.2593
vn 0.2067 0.9180 -0.3385
vn 0.4648 0.6897 -0.5552
vn 0.9994 -0.0016 -0.0343
vn 0.8794 0.4525 -0.1481
vn 0.8591 0.4894 -0.1496
vn -0.0006 0.7252 -0.6885
vn -0.0000 0.9765 -0.2156
vn 0.0001 0.9142 -0.4053
vn -0.9992 -0.0001 -0.0412
vn -0.0000 0.7888 -0.6146
vn 0.0007 0.4991 -0.8665
vn -0.6086 0.0016 -0.7935
vn -0.6110 0.0008 -0.7916
vn -0.6099 -0.0001 -0.7925
vn -0.0004 0.1610 -0.9870
vn -0.0000 0.1279 -0.9918
vn -0.0009 0.0006 -1.0000
vn -0.7603 -0.0001 -0.6495
vn -0.7604 0.0001 -0.6495
vn -0.9992 0.0004 -0.0409
vn -0.9992 0.0002 -0.0409
vn 0.0001 0.9157 -0.4018
vn 0.0001 0.4206 -0.9072
vn -0.0013 0.9649 -0.2625
vn -0.0013 0.9649 -0.2626
vn -0.0013 0.9649 -0.2628
vn -0.7593 0.0026 -0.6507
vn -0.7597 0.0027 -0.6502
vn -0.7586 0.0032 -0.6516
vn -0.7587 0.0006 -0.6514
vn -0.0004 0.7611 -0.6486
vn -0.6137 -0.0004 -0.7896
vn -0.6078 0.0006 -0.7941
vn -0.6105 0.0011 -0.7920
vn -0.0000 0.9936 -0.1125
vn -0.0000 0.9937 -0.1125
vn -0.0002 -0.7815 -0.6239
vn -0.0000 -0.8121 -0.5836
vn -0.9991 -0.0006 -0.0419
vn -0.9991 -0.0004 -0.0418
vn -0.0004 -0.2942 -0.9557
vn -0.0000 -0.1480 -0.9890
vn -0.7229 0.6910 -0.0000
vn 0.4517 -0.8885 -0.0809
vn 0.2537 -0.9636 -0.0837
vn 0.7318 -0.6768 -0.0805
vn 0.9491 -0.3090 -0.0604
vn 0.9312 -0.3645 -0.0000
vn 0.9939 -0.1106 -0.0000
vn 0.8054 -0.5927 -0.0000
vn -0.9659 0.2588 -0.0000
vn 0.9886 0.1504 -0.0000
vn -0.9952 -0.0976 -0.0000
vn -0.9361 -0.3516 -0.0000
vn -0.9913 -0.1313 -0.0000
vn 0.0230 0.2683 -0.9631
vn -0.2142 -0.9768 -0.0000
vn 0.9914 0.1306 -0.0000
vn 0.5354 -0.8445 -0.0067
vn 0.3786 -0.9255 0.0070
vn 0.1030 -0.7888 -0.6060
vn 0.2152 -0.9766 -0.0006
vn 0.2151 -0.9766 -0.0003
vn 0.2151 -0.9766 -0.0006
vn 0.2152 -0.9766 -0.0000
vn 0.1692 -0.9853 -0.0228
vn 0.6093 -0.7930 -0.0000
vn 0.6097 -0.7926 -0.0000
vn 0.6093 -0.7929 -0.0000
vn 0.8873 -0.4611 -0.0000
vn 0.8874 -0.4609 -0.0000
vn 0.8872 -0.4614 -0.0000
vn -0.6761 -0.7368 -0.0000
vn -0.2996 -0.9541 -0.0000
vn -0.2413 -0.9032 0.3550
vn -0.2414 -0.9032 0.3548
vn -0.2413 -0.9033 0.3546
vn -0.8873 -0.4612 -0.0000
vn -0.3803 -0.0794 0.9214
vn -0.3799 -0.0790 0.9217
vn -0.3800 -0.0790 0.9216
vn 0.2996 0.9541 -0.0000
vn 0.2997 0.9540 -0.0000
vn 0.6017 0.6554 0.4566
vn 0.7077 0.7065 -0.0000
vn 0.7076 0.7066 -0.0007
vn 0.7076 0.7067 -0.0005
vn 0.7077 0.7065 -0.0008
vn 0.9535 0.3014 -0.0013
vn 0.9536 0.3012 -0.0011
vn 0.9535 0.3013 -0.0006
vn 0.9536 0.3010 -0.0000
vn 0.7364 0.3048 -0.6040
vn -0.0423 0.9991 -0.0000
vn -0.1029 0.7873 0.6079
vn -0.1028 0.7874 0.6078
vn -0.4849 0.6309 0.6057
vn -0.4848 0.6305 0.6062
vn -0.4850 0.6307 0.6059
vn -0.4846 0.6303 0.6065
vn -0.7903 0.4110 -0.4545
vn -0.7903 0.4108 -0.4546
vn -0.7903 0.4107 -0.4547
vn -0.7904 0.4103 -0.4549
vn -0.4668 0.8076 -0.3604
vn 0.2065 0.9540 -0.2172
vn 0.2085 0.9535 -0.2175
vn 0.2028 0.9549 -0.2168
vn 0.2008 0.9554 -0.2165
vn -0.7930 0.6092 -0.0000
vn 0.2076 0.9499 -0.2335
vn 0.2218 0.9694 -0.1050
vn 0.5101 0.8601 0.0001
vn 0.4676 0.8754 -0.1223
vn 0.1636 0.9796 -0.1164
vn 0.6066 0.7860 -0.1192
vn 0.9524 0.2981 -0.0636
vn 0.9826 0.1822 -0.0350
vn 0.8506 0.5227 -0.0561
vn -0.0855 -0.9962 0.0142
vn -0.0268 0.1563 -0.9873
vn 0.9989 0.0208 -0.0414
vn 0.1877 -0.9818 -0.0287
vn 0.9530 0.2881 -0.0940
vn 0.5078 0.8377 -0.2010
vn 0.5691 0.7975 -0.2002
vn 0.6940 0.6978 -0.1770
vn 0.9663 0.2562 0.0248
vn 0.9667 0.2548 0.0253
vn 0.9678 0.2501 0.0272
vn 0.9967 0.0617 -0.0530
vn -0.9686 -0.2487 -0.0000
vn -0.9685 -0.2489 -0.0000
vn 0.9683 0.2482 0.0279
vn 0.9917 -0.1265 -0.0220
vn 0.9910 -0.1316 -0.0239
vn 0.9907 -0.1336 -0.0247
vn 0.9919 -0.1250 -0.0214
vn 0.0005 0.0280 -0.9996
vn 0.7292 -0.6843 -0.0071
vn 0.9222 -0.3867 0.0082
vn 0.8763 -0.4817 -0.0073
vn 0.7910 -0.6117 0.0080
vn 0.6053 -0.7959 0.0076
vn -0.0009 0.0004 -1.0000
vn -0.0009 0.0022 -1.0000
vn 0.0001 0.1563 -0.9877
vn -0.6372 0.7707 -0.0032
vn -0.6077 0.7941 0.0048
vn -0.7929 0.6093 0.0039
vn -0.8093 0.5874 -0.0023
vn 0.9239 -0.3825 -0.0000
vn -0.4250 0.9052 -0.0042
vn -0.9865 0.1635 -0.0000
vn -0.3815 0.9244 0.0055
vn -0.5557 0.8314 -0.0000
vn 0.0001 -0.9974 -0.0720
vn -0.0044 -0.6798 -0.7334
vn -0.0004 -0.0555 -0.9985
vn 0.0035 -0.2942 -0.9557
vn 0.0035 -0.2940 -0.9558
vn 0.0022 -0.9312 -0.3644
vn -0.7318 -0.6767 -0.0805
vn -0.9489 -0.3097 -0.0606
vn -0.7650 -0.0073 -0.6440
vn -0.9177 -0.3927 -0.0598
vn -0.4517 -0.8885 -0.0809
vn -0.2537 -0.9636 -0.0837
vn -0.6606 -0.7459 -0.0855
vn -0.6605 -0.7459 -0.0855
vn 0.0016 -0.3309 -0.9437
vn -0.9923 -0.1134 -0.0491
vn -0.0030 -0.6998 -0.7144
vn -0.0031 -0.6998 -0.7143
vn 0.1874 -0.9823 -0.0000
vn 0.4258 -0.9048 -0.0000
vn -0.3497 0.9366 -0.0225
vn -0.1859 0.9826 -0.0000
vn -0.4998 0.8658 0.0230
vn -0.1886 0.9820 -0.0052
vn 0.0638 0.9979 -0.0058
vn 0.3088 0.9511 -0.0067
vn 0.5355 0.8445 -0.0068
vn 0.3855 0.9227 0.0075
vn 0.1954 0.9807 -0.0000
vn 0.1955 0.9807 -0.0000
vn -0.3098 -0.9508 -0.0000
vn 0.5351 0.8446 0.0173
vn 0.1876 0.9822 -0.0087
vn 0.0635 0.9978 0.0173
s 1
f 1//1 2//1 3//1
f 4//2 5//2 6//2
f 7//2 8//2 6//2
f 8//2 9//2 6//2
f 4//2 6//2 9//2
f 5//2 10//2 6//2
f 11//2 12//2 13//2
f 14//2 12//2 15//2
f 6//2 15//2 12//2
f 2//1 16//1 3//1
f 10//2 15//2 6//2
f 17//3 18//3 19//3
f 20//2 21//2 22//2
f 22//2 21//2 12//2
f 23//2 22//2 12//2
f 11//2 23//2 12//2
f 14//2 13//2 12//2
f 17//3 24//3 18//3
f 6//2 25//2 7//2
f 7//2 25//2 26//2
f 27//1 20//1 22//1
f 28//2 29//2 30//2
f 31//2 30//2 29//2
f 22//4 23//4 32//4
f 33//2 34//2 35//2
f 28//2 30//2 36//2
f 35//2 34//2 30//2
f 11//3 37//3 23//3
f 29//2 38//2 31//2
f 38//2 39//2 31//2
f 40//2 31//2 39//2
f 39//2 41//2 40//2
f 42//2 40//2 41//2
f 42//2 41//2 43//2
f 22//1 44//1 27//1
f 45//1 27//1 44//1
f 46//2 47//2 48//2
f 49//2 48//2 47//2
f 47//2 50//2 49//2
f 32//4 44//4 22//4
f 45//1 44//1 51//1
f 50//2 52//2 49//2
f 35//2 49//2 52//2
f 52//2 33//2 35//2
f 36//2 30//2 34//2
f 53//5 45//5 51//5
f 54//2 55//2 56//2
f 57//3 32//3 37//3
f 32//3 23//3 37//3
f 58//2 56//2 59//2
f 57//3 60//3 32//3
f 37//6 11//6 1//6
f 61//2 42//2 62//2
f 57//7 37//7 3//7
f 1//7 3//7 37//7
f 16//5 60//5 3//5
f 60//5 57//5 3//5
f 63//2 58//2 59//2
f 59//2 56//2 64//2
f 61//2 65//2 54//2
f 64//2 56//2 55//2
f 65//2 61//2 62//2
f 66//2 54//2 65//2
f 55//2 54//2 66//2
f 43//2 62//2 42//2
f 63//2 67//2 58//2
f 68//2 58//2 67//2
f 69//8 70//8 71//8
f 72//8 71//8 70//8
f 73//2 74//2 68//2
f 67//2 73//2 68//2
f 75//2 68//2 74//2
f 75//2 74//2 76//2
f 46//2 75//2 77//2
f 76//2 77//2 75//2
f 75//2 46//2 48//2
f 25//2 78//2 26//2
f 25//2 79//2 78//2
f 79//2 80//2 78//2
f 81//2 78//2 80//2
f 21//2 82//2 83//2
f 20//2 84//2 21//2
f 83//2 12//2 21//2
f 85//9 86//9 87//9
f 88//9 87//9 86//9
f 89//9 88//9 86//9
f 90//9 89//9 86//9
f 91//2 83//2 82//2
f 92//2 93//2 83//2
f 83//2 93//2 94//2
f 95//2 94//2 93//2
f 92//2 83//2 96//2
f 91//2 96//2 83//2
f 97//2 94//2 98//2
f 95//2 98//2 94//2
f 99//2 94//2 97//2
f 100//2 101//2 99//2
f 102//2 103//2 104//2
f 105//2 101//2 106//2
f 107//2 101//2 105//2
f 100//2 106//2 101//2
f 94//2 99//2 101//2
f 107//2 108//2 101//2
f 109//2 101//2 108//2
f 110//2 111//2 108//2
f 109//2 108//2 111//2
f 112//2 113//2 114//2
f 112//2 114//2 115//2
f 116//2 111//2 117//2
f 118//2 111//2 116//2
f 119//2 111//2 118//2
f 110//2 117//2 111//2
f 120//2 111//2 121//2
f 119//2 121//2 111//2
f 122//2 123//2 124//2
f 125//2 124//2 123//2
f 126//3 127//3 128//3
f 129//2 125//2 130//2
f 131//2 125//2 129//2
f 132//2 130//2 125//2
f 124//2 125//2 131//2
f 133//2 132//2 125//2
f 134//10 128//10 135//10
f 122//2 136//2 123//2
f 137//1 134//1 138//1
f 139//2 140//2 141//2
f 142//3 143//3 144//3
f 140//2 145//2 141//2
f 146//2 141//2 145//2
f 145//2 147//2 146//2
f 146//2 147//2 148//2
f 146//2 148//2 149//2
f 150//11 151//11 152//11
f 148//2 153//2 149//2
f 153//2 154//2 149//2
f 155//2 149//2 154//2
f 154//2 156//2 155//2
f 156//2 157//2 155//2
f 158//2 155//2 157//2
f 138//1 134//1 151//1
f 152//1 151//1 135//1
f 135//1 151//1 134//1
f 123//2 136//2 159//2
f 144//3 143//3 126//3
f 144//3 126//3 128//3
f 160//2 161//2 136//2
f 159//2 136//2 161//2
f 144//10 128//10 134//10
f 162//2 139//2 163//2
f 164//2 165//2 166//2
f 167//2 168//2 169//2
f 170//9 171//9 172//9
f 173//1 174//1 175//1
f 176//8 173//8 175//8
f 176//8 175//8 177//8
f 177//3 178//3 176//3
f 179//8 180//8 181//8
f 182//2 179//2 183//2
f 181//1 184//1 179//1
f 180//8 179//8 182//8
f 182//2 183//2 185//2
f 186//2 187//2 183//2
f 188//8 71//8 72//8
f 189//9 90//9 86//9
f 190//1 191//1 192//1
f 71//12 188//12 189//12
f 94//8 193//8 83//8
f 190//4 82//4 21//4
f 190//4 21//4 194//4
f 194//3 53//3 195//3
f 196//3 197//3 195//3
f 21//3 198//3 194//3
f 194//3 198//3 53//3
f 198//3 21//3 84//3
f 20//6 27//6 198//6
f 84//6 20//6 198//6
f 199//2 200//2 201//2
f 27//7 45//7 53//7
f 27//7 53//7 198//7
f 202//2 203//2 204//2
f 51//5 195//5 53//5
f 192//1 205//1 190//1
f 82//1 190//1 206//1
f 205//1 206//1 190//1
f 206//1 91//1 82//1
f 6//3 201//3 25//3
f 205//7 207//7 206//7
f 208//2 209//2 210//2
f 208//3 210//3 211//3
f 212//13 89//13 90//13
f 213//4 93//4 92//4
f 213//4 92//4 214//4
f 215//1 216//1 217//1
f 218//14 219//15 220//16
f 199//3 203//3 200//3
f 200//3 211//3 210//3
f 219//15 221//17 220//16
f 221//17 222//18 220//16
f 223//19 220//16 222//18
f 224//20 225//21 226//22
f 220//23 226//22 225//21
f 220//23 225//21 227//24
f 173//12 176//12 228//12
f 229//9 230//9 231//9
f 174//1 232//1 233//1
f 173//1 232//1 174//1
f 234//1 233//1 232//1
f 178//3 235//3 228//3
f 228//3 176//3 178//3
f 235//22 178//22 138//22
f 137//22 138//22 178//22
f 228//12 232//12 173//12
f 236//11 151//11 150//11
f 237//1 238//1 234//1
f 237//1 234//1 232//1
f 150//3 239//3 236//3
f 228//3 236//3 239//3
f 235//3 236//3 228//3
f 236//25 235//25 151//25
f 235//25 138//25 151//25
f 228//10 239//10 237//10
f 228//10 237//10 232//10
f 240//8 241//8 242//8
f 240//8 242//8 243//8
f 132//26 221//27 130//28
f 219//29 129//30 244//31
f 245//32 124//32 131//32
f 246//2 247//2 248//2
f 249//33 118//34 250//35
f 250//36 251//37 252//38
f 253//12 254//12 255//12
f 256//39 257//39 258//39
f 255//40 256//40 258//40
f 259//41 260//41 253//41
f 259//42 253//42 255//42
f 261//12 262//12 263//12
f 264//43 261//43 263//43
f 264//44 262//44 261//44
f 263//45 262//46 265//47
f 169//2 266//2 167//2
f 266//2 267//2 167//2
f 267//2 268//2 167//2
f 269//2 167//2 268//2
f 162//2 163//2 270//2
f 268//2 271//2 269//2
f 271//2 272//2 269//2
f 270//2 269//2 272//2
f 272//2 273//2 270//2
f 162//2 270//2 273//2
f 141//2 163//2 139//2
f 274//2 275//2 276//2
f 277//2 164//2 166//2
f 158//2 278//2 279//2
f 279//2 280//2 276//2
f 276//2 275//2 166//2
f 277//2 166//2 275//2
f 168//2 166//2 165//2
f 169//2 168//2 165//2
f 274//2 276//2 280//2
f 280//2 279//2 281//2
f 278//2 281//2 279//2
f 278//2 158//2 157//2
f 231//2 282//2 125//2
f 283//8 284//8 111//8
f 285//2 125//2 282//2
f 133//2 125//2 285//2
f 286//2 231//2 287//2
f 117//48 288//48 116//48
f 289//2 231//2 286//2
f 118//34 249//33 119//49
f 290//2 291//2 289//2
f 291//2 282//2 289//2
f 282//2 231//2 289//2
f 127//2 287//2 231//2
f 116//50 250//50 118//50
f 128//2 127//2 231//2
f 135//2 128//2 231//2
f 116//51 251//37 250//36
f 237//2 292//2 238//2
f 152//2 135//2 150//2
f 239//2 150//2 135//2
f 117//52 293//53 288//54
f 239//2 231//2 237//2
f 135//2 231//2 239//2
f 231//2 294//2 237//2
f 292//2 237//2 294//2
f 117//52 110//55 293//53
f 216//1 295//1 213//1
f 213//1 217//1 216//1
f 93//1 213//1 296//1
f 295//1 296//1 213//1
f 297//2 294//2 298//2
f 299//2 120//2 298//2
f 300//2 298//2 120//2
f 296//1 95//1 93//1
f 301//2 120//2 302//2
f 303//2 120//2 301//2
f 121//2 302//2 120//2
f 300//2 120//2 303//2
f 238//2 292//2 304//2
f 292//2 294//2 305//2
f 306//2 305//2 294//2
f 296//7 295//7 307//7
f 299//2 298//2 294//2
f 297//2 308//2 294//2
f 207//3 309//3 214//3
f 310//3 311//3 309//3
f 306//2 294//2 308//2
f 207//3 214//3 312//3
f 92//3 312//3 214//3
f 312//3 92//3 96//3
f 313//56 314//56 315//56
f 315//57 316//57 317//57
f 96//6 206//6 312//6
f 91//6 206//6 96//6
f 312//7 206//7 207//7
f 309//5 207//5 192//5
f 205//5 192//5 207//5
f 310//9 215//9 217//9
f 310//9 217//9 311//9
f 25//9 201//9 200//9
f 318//58 319//58 90//59
f 214//3 309//3 311//3
f 318//58 90//59 189//60
f 189//60 26//60 318//58
f 26//8 320//8 318//8
f 321//8 322//8 323//8
f 196//9 324//9 191//9
f 196//9 191//9 197//9
f 194//3 195//3 197//3
f 324//1 192//1 191//1
f 217//12 213//12 311//12
f 214//12 311//12 213//12
f 325//9 79//9 200//9
f 191//12 190//12 197//12
f 194//12 197//12 190//12
f 26//8 78//8 320//8
f 212//61 90//59 319//58
f 323//8 326//8 321//8
f 327//4 97//4 328//4
f 329//8 69//8 71//8
f 329//8 71//8 330//8
f 71//62 331//62 330//62
f 332//1 327//1 333//1
f 328//3 97//3 307//3
f 328//3 307//3 334//3
f 335//3 328//3 334//3
f 307//7 295//7 334//7
f 335//5 334//5 216//5
f 295//5 216//5 334//5
f 327//1 336//1 337//1
f 333//1 327//1 337//1
f 338//1 337//1 336//1
f 339//63 333//64 337//5
f 189//12 86//12 71//12
f 328//12 340//12 327//12
f 86//9 85//9 341//9
f 342//65 209//65 343//65
f 307//6 98//6 296//6
f 95//6 296//6 98//6
f 344//66 345//66 265//66
f 346//66 265//66 345//66
f 347//2 348//2 203//2
f 203//2 348//2 204//2
f 349//67 265//68 350//69
f 211//2 203//2 202//2
f 346//70 350//69 265//68
f 347//2 203//2 351//2
f 352//2 353//2 203//2
f 351//2 203//2 354//2
f 265//71 349//72 355//73
f 356//74 355//73 349//72
f 354//2 203//2 353//2
f 357//75 355//76 356//77
f 346//78 358//78 350//79
f 350//80 359//80 349//80
f 40//81 360//81 361//81
f 359//82 356//82 349//82
f 362//2 363//2 364//2
f 363//2 361//2 364//2
f 360//2 365//2 361//2
f 39//83 38//83 351//83
f 347//83 351//83 38//83
f 359//84 366//84 367//84
f 351//85 354//85 41//85
f 351//85 41//85 39//85
f 204//86 28//86 36//86
f 204//86 36//86 202//86
f 348//87 29//87 204//87
f 359//88 368//88 366//88
f 40//89 361//89 363//89
f 359//90 369//90 368//90
f 369//91 370//92 368//92
f 370//92 371//92 368//92
f 372//93 370//93 373//93
f 359//94 374//94 369//94
f 375//95 370//95 374//95
f 369//95 374//95 370//95
f 359//96 358//96 374//96
f 376//97 375//98 374//97
f 374//97 358//99 376//97
f 346//100 345//101 376//102
f 377//2 378//2 379//2
f 358//103 359//103 350//103
f 380//2 381//2 377//2
f 380//2 382//2 383//2
f 376//104 358//78 346//78
f 384//2 385//2 386//2
f 387//2 386//2 385//2
f 379//2 388//2 386//2
f 386//2 389//2 379//2
f 356//105 359//105 390//105
f 390//106 357//75 356//77
f 391//107 384//107 388//107
f 392//108 390//108 359//108
f 357//109 390//109 393//109
f 392//110 393//109 390//109
f 314//111 316//112 315//113
f 394//2 383//2 395//2
f 396//114 397//115 398//114
f 399//2 395//2 383//2
f 382//2 399//2 383//2
f 400//116 401//117 397//115
f 402//118 401//118 400//118
f 403//2 399//2 404//2
f 405//2 404//2 399//2
f 382//2 406//2 405//2
f 389//2 405//2 406//2
f 407//2 389//2 406//2
f 399//2 382//2 405//2
f 401//119 402//120 408//121
f 315//122 317//122 409//122
f 313//123 397//123 314//123
f 313//124 400//124 397//124
f 410//125 408//125 402//125
f 400//126 410//126 402//126
f 411//127 412//127 413//127
f 400//128 414//128 410//128
f 415//2 416//2 417//2
f 415//2 418//2 416//2
f 416//2 419//2 420//2
f 414//129 400//129 421//129
f 417//2 416//2 422//2
f 422//2 416//2 420//2
f 420//2 419//2 395//2
f 421//130 423//131 414//132
f 424//2 425//2 422//2
f 403//2 404//2 424//2
f 426//1 416//1 418//1
f 427//133 428//133 417//133
f 420//134 429//134 422//134
f 424//135 422//135 430//135
f 431//45 344//136 264//137
f 431//45 264//137 263//45
f 431//45 263//45 265//47
f 262//46 264//137 344//136
f 262//46 344//136 265//47
f 355//138 431//45 265//47
f 313//139 423//139 400//139
f 432//12 433//12 434//12
f 434//140 435//140 432//140
f 435//141 436//141 432//141
f 436//8 433//8 432//8
f 434//142 433//143 371//144
f 315//145 409//145 437//145
f 435//146 372//147 438//148
f 372//147 435//146 434//142
f 372//147 434//142 371//144
f 435//146 438//148 436//149
f 371//144 433//143 438//148
f 436//149 438//148 433//143
f 370//150 372//147 371//144
f 375//93 373//93 370//93
f 439//151 437//151 409//151
f 376//152 440//153 375//154
f 437//155 439//155 441//155
f 440//153 373//156 375//154
f 376//102 345//101 440//157
f 423//158 313//158 315//158
f 423//159 315//159 437//159
f 441//160 423//160 437//160
f 357//161 442//162 355//163
f 442//162 431//164 355//163
f 357//165 393//165 442//165
f 443//165 442//165 393//165
f 423//166 421//166 400//166
f 444//167 443//168 393//169
f 445//170 444//167 393//169
f 423//131 441//171 414//132
f 441//172 413//172 414//172
f 446//9 447//9 248//9
f 448//2 449//2 450//2
f 451//8 452//8 453//8
f 454//173 455//173 456//173
f 457//2 458//2 447//2
f 448//1 103//1 449//1
f 459//2 447//2 458//2
f 460//9 461//9 103//9
f 449//9 103//9 461//9
f 446//2 462//2 447//2
f 447//2 463//2 464//2
f 299//9 450//9 465//9
f 466//174 467//174 397//174
f 468//175 314//176 469//177
f 457//2 447//2 464//2
f 401//117 398//114 397//115
f 463//2 447//2 462//2
f 396//178 466//178 397//178
f 470//179 401//119 408//121
f 471//180 153//181 462//180
f 458//182 457//182 139//182
f 472//183 473//183 317//183
f 139//182 457//182 140//182
f 145//83 140//83 464//83
f 471//2 462//2 446//2
f 471//184 474//184 153//184
f 475//2 476//2 477//2
f 307//3 97//3 98//3
f 478//2 474//2 446//2
f 471//2 446//2 474//2
f 100//1 99//1 332//1
f 327//1 332//1 99//1
f 327//4 99//4 97//4
f 478//185 156//185 474//185
f 479//186 156//186 478//186
f 100//6 480//187 481//188
f 474//184 154//184 153//184
f 482//189 155//189 477//189
f 100//6 332//6 483//190
f 455//2 454//2 479//2
f 446//2 455//2 479//2
f 479//2 478//2 446//2
f 446//191 248//191 455//191
f 456//191 455//191 248//191
f 479//192 484//192 157//192
f 157//186 156//186 479//186
f 485//193 486//193 487//194
f 145//85 464//85 147//85
f 463//85 147//85 464//85
f 462//180 153//181 148//181
f 333//7 485//7 483//7
f 141//195 146//195 488//195
f 100//6 481//188 489//196
f 487//196 489//196 481//188
f 488//197 146//197 490//197
f 481//7 480//7 485//7
f 480//7 483//7 485//7
f 332//7 333//7 483//7
f 490//198 146//198 482//198
f 457//83 464//83 140//83
f 148//199 147//199 462//200
f 463//200 462//200 147//199
f 487//7 481//7 485//7
f 491//201 333//64 492//202
f 493//5 491//201 492//202
f 494//203 333//64 491//201
f 485//5 333//64 494//203
f 339//63 492//202 333//64
f 474//185 156//185 154//185
f 482//204 149//204 155//204
f 149//205 482//205 146//205
f 101//8 193//8 94//8
f 495//6 100//6 496//6
f 497//1 498//1 136//1
f 483//190 480//187 100//6
f 100//6 489//196 499//206
f 107//183 496//183 108//183
f 500//2 456//2 501//2
f 499//206 496//6 100//6
f 106//6 100//6 495//6
f 495//207 105//207 106//207
f 105//208 495//208 107//208
f 496//208 107//208 495//208
f 502//2 503//2 504//2
f 328//3 335//3 340//3
f 505//3 340//3 335//3
f 336//12 327//12 340//12
f 499//183 506//183 496//183
f 507//209 508//210 339//211
f 340//9 505//9 338//9
f 340//9 338//9 336//9
f 509//2 510//2 500//2
f 248//2 501//2 456//2
f 247//2 501//2 248//2
f 456//2 500//2 510//2
f 511//212 512//213 513//213
f 514//214 511//214 513//214
f 326//8 515//8 321//8
f 516//2 509//2 104//2
f 500//2 104//2 509//2
f 517//215 518//215 519//215
f 519//216 520//216 517//216
f 521//217 520//217 519//217
f 521//218 519//218 518//218
f 445//219 518//220 517//221
f 445//219 517//221 444//222
f 520//223 521//224 444//222
f 517//221 520//223 444//222
f 522//225 444//222 521//224
f 518//220 522//225 521//224
f 522//225 518//220 445//219
f 523//215 524//215 525//215
f 526//226 524//226 527//226
f 524//227 523//227 528//227
f 524//228 528//228 527//228
f 526//229 525//229 524//229
f 529//230 530//230 525//231
f 522//232 529//230 525//231
f 526//233 522//232 525//231
f 527//234 522//232 526//233
f 531//235 522//232 527//234
f 528//236 523//237 527//234
f 531//235 527//234 523//237
f 532//3 533//3 534//3
f 438//238 530//239 371//240
f 535//241 536//241 537//241
f 537//242 538//242 535//242
f 538//8 537//8 536//8
f 535//243 530//239 536//244
f 531//243 530//239 535//243
f 533//2 539//2 540//2
f 541//245 531//243 538//245
f 535//243 538//245 531//243
f 538//245 536//244 541//245
f 438//238 541//245 536//244
f 536//244 530//239 438//238
f 392//246 359//246 542//246
f 393//247 392//248 445//249
f 543//12 544//12 545//12
f 542//250 445//249 392//248
f 545//12 546//12 543//12
f 445//219 529//251 522//225
f 359//252 367//252 542//252
f 367//253 529//254 542//255
f 547//12 548//12 549//12
f 529//254 445//256 542//255
f 531//235 523//237 530//230
f 550//12 551//12 548//12
f 549//12 548//12 551//12
f 523//237 525//231 530//230
f 552//12 553//12 554//12
f 552//12 554//12 555//12
f 553//12 556//12 554//12
f 530//257 529//258 367//259
f 366//260 530//257 367//259
f 556//12 557//12 558//12
f 559//12 545//12 544//12
f 558//12 560//12 556//12
f 368//261 371//262 366//263
f 371//262 530//262 366//263
f 561//12 562//12 563//12
f 555//12 563//12 564//12
f 555//12 564//12 552//12
f 565//12 566//12 567//12
f 568//12 567//12 569//12
f 566//12 569//12 567//12
f 323//12 570//12 326//12
f 571//12 572//12 326//12
f 571//12 326//12 573//12
f 574//12 575//12 576//12
f 577//12 578//12 579//12
f 580//2 181//2 581//2
f 181//2 180//2 581//2
f 576//12 575//12 582//12
f 575//12 583//12 582//12
f 584//12 582//12 583//12
f 585//2 539//2 580//2
f 586//2 539//2 585//2
f 326//12 572//12 587//12
f 588//2 533//2 540//2
f 540//2 539//2 589//2
f 578//12 577//12 590//12
f 577//12 591//12 590//12
f 583//12 592//12 584//12
f 593//12 584//12 592//12
f 594//2 533//2 595//2
f 588//2 595//2 533//2
f 593//12 592//12 596//12
f 326//12 587//12 597//12
f 598//12 599//12 597//12
f 600//264 580//264 581//264
f 600//264 581//264 601//264
f 602//265 540//265 589//265
f 603//12 548//12 604//12
f 605//12 550//12 548//12
f 604//12 548//12 547//12
f 606//12 607//12 561//12
f 564//12 563//12 562//12
f 540//266 602//266 588//266
f 608//266 588//266 602//266
f 569//12 609//12 568//12
f 585//267 610//267 586//267
f 609//12 611//12 612//12
f 600//268 610//268 580//268
f 585//268 580//268 610//268
f 595//269 588//269 613//269
f 608//269 613//269 588//269
f 562//12 561//12 607//12
f 590//12 591//12 614//12
f 606//12 614//12 615//12
f 615//12 614//12 591//12
f 615//12 607//12 606//12
f 601//2 616//2 613//2
f 616//2 617//2 613//2
f 593//12 596//12 611//12
f 596//12 612//12 611//12
f 612//12 568//12 609//12
f 586//267 610//267 618//267
f 326//12 597//12 599//12
f 28//87 204//87 29//87
f 348//182 347//182 29//182
f 613//2 608//2 600//2
f 618//2 610//2 608//2
f 618//2 608//2 602//2
f 618//2 602//2 619//2
f 602//265 589//265 619//265
f 354//200 353//200 41//200
f 619//270 589//270 618//270
f 586//270 618//270 589//270
f 38//182 29//182 347//182
f 202//271 36//271 620//271
f 589//2 539//2 586//2
f 594//2 621//2 533//2
f 620//2 622//2 211//2
f 623//2 624//2 533//2
f 202//2 620//2 211//2
f 211//2 622//2 625//2
f 211//2 625//2 626//2
f 610//2 600//2 608//2
f 627//272 621//272 628//272
f 594//272 628//272 621//272
f 628//273 594//274 613//273
f 594//274 595//274 613//273
f 627//275 629//275 623//275
f 627//275 623//275 621//275
f 320//2 630//2 318//2
f 87//276 88//276 631//276
f 497//2 632//2 633//2
f 626//2 634//2 211//2
f 634//2 635//2 211//2
f 636//2 211//2 635//2
f 633//1 637//1 497//1
f 160//9 498//9 534//9
f 160//9 534//9 161//9
f 160//1 136//1 498//1
f 534//3 533//3 638//3
f 639//2 533//2 640//2
f 209//8 208//8 636//8
f 641//2 361//2 642//2
f 364//2 361//2 641//2
f 211//8 636//8 208//8
f 620//277 33//277 622//277
f 643//12 644//12 323//12
f 644//12 645//12 323//12
f 180//2 646//2 647//2
f 634//278 626//278 47//278
f 626//278 50//278 47//278
f 50//279 626//279 52//279
f 625//279 52//279 626//279
f 33//280 52//280 625//280
f 33//280 625//280 622//280
f 648//2 180//2 649//2
f 649//2 180//2 650//2
f 650//2 180//2 647//2
f 641//281 642//281 49//281
f 647//2 646//2 651//2
f 581//2 180//2 648//2
f 641//282 35//282 364//282
f 652//2 353//2 352//2
f 652//2 352//2 653//2
f 653//184 65//184 652//184
f 654//2 655//2 656//2
f 657//2 646//2 655//2
f 651//2 646//2 657//2
f 656//2 655//2 646//2
f 658//2 654//2 656//2
f 617//283 649//283 659//283
f 650//283 659//283 649//283
f 647//284 660//284 659//284
f 647//284 659//284 650//284
f 616//285 648//286 649//286
f 616//285 649//286 617//285
f 660//287 647//287 661//287
f 651//287 661//287 647//287
f 581//288 648//288 616//289
f 494//193 486//193 485//193
f 662//2 365//2 663//2
f 664//2 665//2 365//2
f 365//2 642//2 361//2
f 663//2 365//2 665//2
f 664//2 365//2 360//2
f 666//2 504//2 667//2
f 489//290 487//194 486//193
f 668//2 669//2 670//2
f 671//2 352//2 669//2
f 670//2 672//2 668//2
f 62//180 353//180 652//180
f 62//184 652//184 65//184
f 66//185 65//185 671//185
f 55//186 66//186 669//186
f 667//1 673//1 666//1
f 507//291 674//291 508//291
f 492//292 339//211 508//210
f 507//293 675//293 674//293
f 508//294 493//294 492//294
f 59//295 64//295 676//295
f 668//295 676//295 64//295
f 59//296 676//296 63//296
f 677//296 63//296 676//296
f 54//297 663//297 665//297
f 668//192 64//192 669//192
f 678//298 508//298 674//298
f 508//299 491//299 493//299
f 508//300 678//300 486//300
f 678//301 679//301 486//301
f 73//302 680//303 681//303
f 76//304 681//304 682//304
f 494//305 491//306 486//307
f 508//308 486//307 491//306
f 395//309 683//309 420//309
f 679//310 684//310 486//310
f 685//12 686//12 687//12
f 688//311 687//311 689//311
f 486//312 690//312 489//312
f 690//313 499//313 489//313
f 691//314 689//315 692//316
f 499//317 690//317 506//317
f 692//316 387//318 691//314
f 688//319 689//319 691//319
f 687//320 688//320 693//320
f 694//321 695//321 696//321
f 697//322 694//322 425//322
f 698//323 699//323 506//323
f 690//324 700//324 506//324
f 701//12 702//12 693//12
f 703//12 704//12 701//12
f 687//12 693//12 705//12
f 688//320 706//320 693//320
f 699//325 707//325 708//325
f 693//326 706//326 701//326
f 698//327 707//327 699//327
f 709//12 701//12 704//12
f 702//12 701//12 709//12
f 710//328 704//328 711//328
f 712//12 713//12 695//12
f 714//12 329//12 330//12
f 24//12 714//12 330//12
f 715//12 716//12 717//12
f 718//12 717//12 716//12
f 716//12 711//12 718//12
f 704//12 703//12 711//12
f 703//12 718//12 711//12
f 330//12 719//12 24//12
f 573//12 326//12 570//12
f 645//12 570//12 323//12
f 720//12 24//12 721//12
f 722//12 723//12 724//12
f 721//12 24//12 725//12
f 725//12 24//12 719//12
f 726//12 727//12 728//12
f 729//12 728//12 727//12
f 720//12 730//12 24//12
f 730//12 731//12 24//12
f 732//12 733//12 731//12
f 728//12 734//12 726//12
f 726//12 734//12 735//12
f 576//12 735//12 574//12
f 574//12 735//12 734//12
f 736//12 733//12 737//12
f 738//12 739//12 740//12
f 739//12 579//12 740//12
f 578//12 740//12 579//12
f 741//12 742//12 743//12
f 743//12 723//12 744//12
f 741//12 743//12 738//12
f 739//12 738//12 743//12
f 732//12 745//12 733//12
f 745//12 746//12 733//12
f 746//12 737//12 733//12
f 723//12 259//12 744//12
f 258//12 257//12 744//12
f 747//12 744//12 259//12
f 748//12 744//12 749//12
f 257//12 749//12 744//12
f 742//12 724//12 723//12
f 723//12 743//12 742//12
f 24//12 731//12 733//12
f 733//12 736//12 341//12
f 747//12 258//12 744//12
f 748//12 750//12 744//12
f 744//12 751//12 752//12
f 751//12 744//12 750//12
f 753//12 550//12 754//12
f 754//12 550//12 605//12
f 752//12 751//12 754//12
f 753//12 754//12 751//12
f 180//2 666//2 755//2
f 755//2 756//2 180//2
f 85//12 453//12 341//12
f 757//2 755//2 666//2
f 758//329 759//329 760//329
f 761//2 380//2 383//2
f 381//2 380//2 761//2
f 378//2 377//2 381//2
f 762//2 379//2 378//2
f 394//2 395//2 419//2
f 759//330 763//330 760//330
f 762//331 755//331 764//331
f 765//332 419//332 416//332
f 766//333 759//333 758//333
f 378//334 756//334 755//334
f 378//334 755//334 762//334
f 378//335 381//335 646//335
f 378//335 646//335 756//335
f 381//336 761//336 656//336
f 381//336 656//336 646//336
f 761//337 383//337 767//337
f 761//337 767//337 656//337
f 383//338 394//338 768//338
f 383//338 768//338 767//338
f 766//339 411//339 759//339
f 394//340 419//340 765//340
f 394//340 765//340 768//340
f 411//341 763//341 759//341
f 766//342 412//342 411//342
f 646//2 180//2 756//2
f 170//1 515//1 599//1
f 414//343 412//343 410//343
f 414//344 413//344 412//344
f 412//345 769//346 770//347
f 407//2 379//2 389//2
f 388//2 384//2 386//2
f 771//2 772//2 387//2
f 691//2 387//2 772//2
f 760//348 763//348 773//348
f 692//349 774//349 386//349
f 386//350 387//350 692//350
f 773//351 763//351 775//351
f 775//352 439//352 409//352
f 696//2 776//2 425//2
f 404//2 425//2 424//2
f 411//353 441//353 775//353
f 777//2 778//2 779//2
f 775//354 441//354 439//354
f 695//355 779//355 696//355
f 411//356 775//356 763//356
f 694//357 696//357 425//357
f 697//358 425//358 404//358
f 779//359 695//359 717//359
f 688//2 780//2 706//2
f 772//2 781//2 691//2
f 701//326 706//326 782//326
f 782//360 783//360 701//360
f 703//360 701//360 783//360
f 777//2 784//2 778//2
f 777//361 717//361 718//361
f 784//362 777//362 718//362
f 779//363 717//363 777//363
f 784//364 718//364 703//364
f 784//365 703//365 783//365
f 324//12 310//12 192//12
f 694//12 697//12 785//12
f 785//12 786//12 694//12
f 786//12 787//12 694//12
f 695//12 694//12 787//12
f 310//12 309//12 192//12
f 321//12 215//12 310//12
f 324//12 196//12 322//12
f 322//12 196//12 51//12
f 195//12 51//12 196//12
f 310//12 324//12 321//12
f 322//12 321//12 324//12
f 787//12 712//12 695//12
f 216//12 215//12 335//12
f 215//12 321//12 335//12
f 505//12 335//12 321//12
f 788//366 789//366 790//367
f 788//368 790//369 791//368
f 339//12 337//12 507//12
f 515//12 792//12 675//12
f 337//12 515//12 507//12
f 338//12 515//12 337//12
f 793//2 794//2 365//2
f 662//2 793//2 365//2
f 411//370 413//370 441//370
f 795//2 365//2 794//2
f 796//2 682//2 636//2
f 635//2 796//2 636//2
f 681//2 636//2 682//2
f 675//12 507//12 515//12
f 338//12 505//12 515//12
f 321//12 515//12 505//12
f 681//2 680//2 636//2
f 680//2 797//2 343//2
f 343//2 636//2 680//2
f 677//2 676//2 798//2
f 343//65 209//65 636//65
f 63//371 677//371 797//371
f 76//372 682//372 796//372
f 77//372 76//372 796//372
f 365//373 795//373 75//373
f 68//374 795//374 794//374
f 793//375 662//375 68//375
f 73//376 797//376 680//376
f 67//376 797//376 73//376
f 43//180 353//180 62//180
f 799//12 322//12 51//12
f 30//377 31//377 362//377
f 363//378 362//378 31//378
f 40//379 363//379 31//379
f 800//380 675//12 792//12
f 364//381 35//381 30//381
f 30//382 362//382 364//382
f 42//81 360//81 40//81
f 801//12 792//12 515//12
f 802//383 800//380 792//12
f 801//12 515//12 803//12
f 41//200 353//200 43//200
f 804//12 802//383 792//12
f 664//384 360//384 42//384
f 620//277 34//277 33//277
f 804//12 805//12 802//383
f 620//271 36//271 34//271
f 806//12 807//12 170//12
f 170//12 808//12 515//12
f 809//12 515//12 808//12
f 803//12 515//12 810//12
f 810//12 515//12 811//12
f 809//12 811//12 515//12
f 808//12 170//12 807//12
f 715//12 717//12 713//12
f 717//12 695//12 713//12
f 812//12 806//12 170//12
f 791//2 778//2 788//2
f 789//2 788//2 418//2
f 415//2 776//2 418//2
f 813//12 802//383 814//12
f 418//2 788//2 778//2
f 776//2 789//2 418//2
f 710//12 802//383 813//12
f 805//12 814//12 802//383
f 791//2 779//2 778//2
f 789//2 776//2 696//2
f 776//2 427//2 425//2
f 417//2 425//2 427//2
f 422//2 425//2 417//2
f 789//2 696//2 791//2
f 779//2 791//2 696//2
f 418//8 778//8 426//8
f 170//12 410//12 815//12
f 816//12 170//12 815//12
f 817//367 776//367 415//367
f 816//12 812//12 170//12
f 818//12 815//12 410//12
f 121//385 119//385 819//385
f 453//12 85//12 451//12
f 778//2 784//2 820//2
f 782//2 780//2 820//2
f 821//1 822//1 820//1
f 778//1 820//1 461//1
f 733//12 513//12 512//12
f 514//12 513//12 733//12
f 514//12 733//12 823//12
f 823//12 733//12 453//12
f 733//12 341//12 453//12
f 733//12 512//12 824//12
f 825//12 226//12 826//12
f 827//12 828//12 829//12
f 830//12 829//12 828//12
f 827//12 829//12 831//12
f 832//12 831//12 829//12
f 832//12 829//12 833//12
f 829//12 733//12 833//12
f 824//12 833//12 733//12
f 226//12 829//12 826//12
f 830//12 826//12 829//12
f 834//12 835//12 16//12
f 60//12 16//12 835//12
f 501//8 247//8 836//8
f 837//12 838//12 799//12
f 172//12 799//12 838//12
f 51//12 839//12 799//12
f 501//1 840//1 500//1
f 799//12 839//12 837//12
f 178//12 172//12 137//12
f 512//213 511//212 841//212
f 142//12 837//12 839//12
f 842//214 511//214 514//214
f 170//12 172//12 175//12
f 843//386 842//386 823//386
f 514//386 823//386 842//386
f 177//12 175//12 172//12
f 174//12 844//12 175//12
f 177//12 172//12 178//12
f 838//12 137//12 172//12
f 661//387 651//387 845//387
f 657//387 845//387 651//387
f 821//9 846//9 757//9
f 654//388 847//388 848//388
f 654//388 848//388 655//388
f 847//389 654//389 849//389
f 658//389 849//389 654//389
f 657//390 655//390 848//390
f 658//391 850//391 849//392
f 764//2 755//2 757//2
f 661//2 845//2 627//2
f 627//2 628//2 661//2
f 628//2 613//2 661//2
f 600//2 601//2 613//2
f 617//2 659//2 613//2
f 659//2 660//2 613//2
f 660//2 661//2 613//2
f 601//289 581//288 616//289
f 848//2 627//2 845//2
f 847//2 627//2 848//2
f 849//2 629//2 847//2
f 657//390 848//390 845//390
f 851//12 852//12 323//12
f 322//3 799//3 323//3
f 851//3 323//3 799//3
f 853//393 854//393 855//393
f 757//2 666//2 821//2
f 856//394 857//394 858//394
f 623//395 629//396 624//395
f 859//2 860//2 102//2
f 767//2 102//2 860//2
f 850//2 658//2 767//2
f 859//2 102//2 861//2
f 656//2 767//2 658//2
f 860//2 850//2 767//2
f 849//2 862//2 863//2
f 849//2 863//2 864//2
f 849//2 864//2 865//2
f 849//2 865//2 866//2
f 627//2 847//2 629//2
f 866//2 629//2 849//2
f 863//397 860//397 864//397
f 859//397 864//397 860//397
f 861//398 865//399 864//399
f 861//398 864//399 859//398
f 865//8 861//8 866//8
f 624//8 866//8 861//8
f 849//392 850//391 862//392
f 863//400 862//400 850//400
f 863//400 850//400 860//400
f 866//396 624//395 629//396
f 867//12 868//12 869//12
f 868//12 870//12 869//12
f 871//2 872//2 873//2
f 868//12 867//12 874//12
f 867//12 875//12 874//12
f 841//12 511//12 876//12
f 511//12 842//12 876//12
f 842//12 843//12 876//12
f 452//12 876//12 843//12
f 877//12 878//12 879//12
f 880//12 881//12 875//12
f 843//62 823//62 452//62
f 823//62 453//62 452//62
f 456//173 510//173 454//173
f 878//12 877//12 882//12
f 874//12 875//12 881//12
f 883//401 509//401 516//401
f 883//402 454//402 509//403
f 510//403 509//403 454//402
f 884//12 885//12 886//12
f 840//8 887//8 500//8
f 501//1 836//1 840//1
f 888//404 889//404 890//404
f 891//405 890//405 889//405
f 159//3 161//3 638//3
f 836//3 159//3 638//3
f 638//2 892//2 836//2
f 892//2 887//2 836//2
f 891//406 760//406 890//406
f 883//2 484//2 454//2
f 893//2 484//2 883//2
f 894//2 895//2 893//2
f 896//407 894//407 516//407
f 893//407 516//407 894//407
f 773//408 890//408 760//408
f 883//401 516//401 893//401
f 897//409 758//410 891//411
f 891//411 758//410 760//412
f 896//40 898//40 894//40
f 639//9 892//9 533//9
f 888//413 775//413 409//413
f 888//414 890//414 775//414
f 836//8 899//8 159//8
f 890//415 773//415 775//415
f 889//416 900//416 891//416
f 534//3 638//3 161//3
f 897//417 891//417 900//417
f 826//418 830//418 901//418
f 317//419 902//420 409//421
f 903//65 904//65 905//65
f 876//12 452//12 901//12
f 906//2 447//2 459//2
f 906//86 459//86 162//86
f 907//422 897//422 900//422
f 908//2 909//2 910//2
f 888//423 409//423 902//423
f 911//424 912//424 913//424
f 317//419 298//10 902//420
f 705//425 805//425 804//425
f 388//2 762//2 914//2
f 379//2 762//2 388//2
f 915//2 771//2 916//2
f 916//2 771//2 385//2
f 385//2 914//2 916//2
f 916//2 914//2 762//2
f 385//2 771//2 387//2
f 764//1 757//1 846//1
f 764//1 846//1 916//1
f 907//426 889//426 917//426
f 889//427 888//427 917//427
f 889//428 907//428 900//428
f 918//429 897//429 907//429
f 902//430 919//430 888//430
f 920//12 689//12 921//12
f 919//431 922//431 888//431
f 915//432 854//432 853//432
f 922//433 917//433 888//433
f 855//434 771//435 853//434
f 915//435 853//434 771//435
f 764//331 916//331 762//331
f 300//436 919//436 902//436
f 384//437 391//437 385//437
f 873//438 872//438 780//438
f 780//438 872//438 923//438
f 902//420 298//10 300//10
f 923//439 872//439 871//439
f 780//440 871//440 873//440
f 857//441 856//441 781//432
f 858//200 924//199 856//200
f 921//442 686//443 792//444
f 819//445 918//445 907//445
f 920//446 921//446 801//446
f 801//447 921//442 792//444
f 819//448 907//448 925//448
f 803//449 920//449 801//449
f 792//450 686//451 685//452
f 804//453 792//450 685//452
f 907//454 917//454 926//454
f 926//455 927//455 907//455
f 685//456 705//456 804//456
f 702//12 705//12 693//12
f 705//12 685//12 687//12
f 921//12 689//12 686//12
f 771//457 855//458 854//458
f 924//459 858//459 857//459
f 781//199 856//200 924//199
f 923//2 820//2 780//2
f 923//2 928//2 820//2
f 927//460 926//460 302//460
f 907//461 927//461 925//461
f 928//2 924//2 820//2
f 924//2 929//2 820//2
f 846//2 929//2 781//2
f 796//8 635//8 46//8
f 925//462 121//462 819//462
f 634//463 46//463 635//463
f 46//463 634//463 47//463
f 301//464 302//464 926//464
f 302//465 925//465 927//465
f 365//466 75//466 48//466
f 642//467 365//467 48//467
f 48//468 49//468 642//468
f 49//469 35//469 641//469
f 653//185 671//185 65//185
f 671//186 669//186 66//186
f 56//470 663//470 54//470
f 663//471 58//471 662//471
f 663//472 56//472 58//472
f 664//473 61//474 54//475
f 930//476 679//476 678//476
f 665//477 664//473 54//475
f 61//478 664//478 42//478
f 55//192 669//192 64//192
f 63//371 797//371 67//371
f 796//8 46//8 77//8
f 802//383 931//479 800//380
f 802//480 932//480 933//480
f 802//481 933//481 931//481
f 68//482 75//482 795//482
f 930//483 674//483 800//483
f 794//484 793//484 68//484
f 678//485 674//485 930//485
f 674//486 675//486 800//486
f 662//487 58//487 68//487
f 933//488 800//488 931//488
f 930//489 933//489 934//489
f 800//490 933//490 930//490
f 681//303 74//302 73//302
f 76//304 74//304 681//304
f 320//8 78//8 633//8
f 935//8 320//8 633//8
f 699//491 708//491 936//491
f 325//9 200//9 210//9
f 707//492 937//492 708//492
f 707//493 934//493 937//493
f 700//494 698//494 506//494
f 938//495 731//495 730//495
f 690//496 486//496 684//496
f 720//497 938//497 730//497
f 939//213 720//213 721//213
f 725//214 939//214 721//214
f 930//498 934//498 698//498
f 707//499 698//499 934//499
f 698//500 684//500 679//500
f 930//501 698//501 679//501
f 684//502 698//502 700//502
f 667//2 504//2 940//2
f 700//503 690//503 684//503
f 503//2 940//2 504//2
f 822//2 821//2 666//2
f 941//2 284//2 942//2
f 940//2 943//2 667//2
f 944//418 86//418 736//418
f 341//418 736//418 86//418
f 101//1 109//1 193//1
f 944//504 736//504 737//504
f 945//505 746//505 745//505
f 941//1 666//1 673//1
f 732//506 946//506 745//506
f 108//183 496//183 506//183
f 869//12 870//12 947//12
f 947//12 948//12 885//12
f 948//12 947//12 870//12
f 886//12 885//12 948//12
f 949//12 879//12 950//12
f 878//12 950//12 879//12
f 951//12 949//12 952//12
f 952//12 949//12 950//12
f 952//12 953//12 951//12
f 954//12 256//12 254//12
f 955//12 254//12 253//12
f 253//12 260//12 955//12
f 956//2 957//2 504//2
f 958//2 959//2 960//2
f 961//12 962//12 963//12
f 964//12 963//12 965//12
f 961//12 951//12 953//12
f 953//12 962//12 961//12
f 965//12 963//12 962//12
f 24//3 733//3 18//3
f 874//507 643//507 966//507
f 874//507 966//507 868//507
f 867//508 869//508 967//508
f 867//508 967//508 968//508
f 969//509 870//509 868//509
f 719//62 330//62 331//62
f 867//510 968//510 970//510
f 966//509 969//509 868//509
f 879//511 971//511 972//511
f 973//512 974//512 975//512
f 976//513 722//513 975//513
f 976//513 975//513 974//513
f 877//514 879//514 972//514
f 877//514 972//514 977//514
f 978//40 503//40 798//40
f 724//515 979//515 977//516
f 875//510 867//510 970//510
f 725//214 980//214 939//214
f 875//517 970//517 727//517
f 875//517 727//517 880//517
f 502//40 798//40 503//40
f 981//518 982//518 878//518
f 981//518 878//518 882//518
f 980//386 725//386 331//386
f 719//386 331//386 725//386
f 982//519 983//519 878//519
f 643//520 874//520 644//520
f 881//520 644//520 874//520
f 978//407 940//407 503//407
f 886//521 852//521 984//521
f 886//521 948//521 852//521
f 985//403 943//403 672//403
f 947//3 885//3 986//3
f 947//3 986//3 987//3
f 986//522 885//522 884//522
f 986//522 884//522 988//522
f 984//523 989//523 886//523
f 732//524 731//524 946//524
f 990//524 946//524 731//524
f 987//525 967//525 947//525
f 869//525 947//525 967//525
f 731//495 938//495 990//495
f 870//526 969//526 948//526
f 852//526 948//526 969//526
f 983//519 950//519 878//519
f 952//527 950//527 991//527
f 983//527 991//527 950//527
f 951//528 992//528 993//528
f 949//529 951//529 993//529
f 949//529 993//529 971//529
f 879//511 949//511 971//511
f 973//512 955//512 974//512
f 951//528 961//528 992//528
f 973//530 994//530 254//530
f 973//530 254//530 955//530
f 995//531 954//531 996//531
f 994//532 996//532 954//532
f 994//532 954//532 254//532
f 997//533 998//533 999//533
f 1000//534 992//534 963//534
f 961//534 963//534 992//534
f 995//531 1001//531 954//531
f 1002//535 998//535 997//535
f 1000//536 963//536 964//537
f 1000//536 964//537 1003//537
f 962//538 1004//538 1005//538
f 962//538 1005//538 965//538
f 953//539 952//539 1006//539
f 991//539 1006//539 952//539
f 1006//540 1004//540 962//540
f 1006//540 962//540 953//540
f 997//541 1007//541 1008//541
f 997//542 999//542 1007//542
f 967//12 983//12 982//12
f 912//543 911//543 997//543
f 643//12 323//12 966//12
f 969//12 966//12 323//12
f 997//544 1008//544 912//544
f 971//12 973//12 972//12
f 975//12 722//12 972//12
f 975//12 972//12 973//12
f 977//12 972//12 722//12
f 724//12 977//12 722//12
f 981//12 729//12 970//12
f 982//12 981//12 968//12
f 727//12 970//12 729//12
f 1009//545 1008//545 1007//545
f 970//12 968//12 981//12
f 968//12 967//12 982//12
f 852//12 851//12 984//12
f 987//12 986//12 991//12
f 852//12 969//12 323//12
f 1010//546 912//546 1008//546
f 991//12 983//12 987//12
f 988//12 1006//12 986//12
f 1009//547 1010//547 1008//547
f 967//12 987//12 983//12
f 993//12 994//12 971//12
f 973//12 971//12 994//12
f 993//12 992//12 996//12
f 996//12 994//12 993//12
f 996//12 992//12 995//12
f 1000//12 995//12 992//12
f 543//12 546//12 1003//12
f 1003//12 546//12 1000//12
f 995//12 1000//12 546//12
f 988//12 1011//12 1004//12
f 991//12 986//12 1006//12
f 1004//12 1006//12 988//12
f 1012//12 1013//12 1001//12
f 256//12 1001//12 1013//12
f 255//12 254//12 256//12
f 1001//12 256//12 954//12
f 965//12 1014//12 964//12
f 1015//12 1016//12 1017//12
f 1018//12 1015//12 1019//12
f 1020//12 1012//12 1019//12
f 1016//12 1015//12 1018//12
f 1020//12 1019//12 1015//12
f 1021//12 1019//12 1012//12
f 1001//12 1021//12 1012//12
f 1009//548 1022//548 1010//549
f 175//12 240//12 170//12
f 240//12 243//12 170//12
f 243//12 1023//12 170//12
f 461//2 942//2 283//2
f 782//2 820//2 783//2
f 942//1 461//1 820//1
f 783//2 820//2 784//2
f 410//12 170//12 408//12
f 1023//12 408//12 170//12
f 768//2 765//2 102//2
f 1024//12 1025//12 1026//12
f 1026//12 884//12 1024//12
f 886//12 1024//12 884//12
f 470//12 408//12 1023//12
f 240//12 175//12 844//12
f 1027//12 1028//12 1029//12
f 1025//12 1029//12 1028//12
f 1028//12 1026//12 1025//12
f 1030//12 1031//12 1014//12
f 1031//12 964//12 1014//12
f 1032//12 1033//12 1034//12
f 1033//12 1035//12 1034//12
f 1036//12 1037//12 1035//12
f 1027//12 1038//12 1032//12
f 1029//12 1038//12 1027//12
f 1033//12 1032//12 1038//12
f 1039//550 1040//550 1041//550
f 1042//551 1039//550 1041//550
f 1043//12 1044//12 1045//12
f 1046//12 1045//12 1044//12
f 1037//12 1036//12 1043//12
f 72//552 1041//552 1047//552
f 1044//12 1043//12 1036//12
f 1034//12 1035//12 1037//12
f 1026//553 1028//553 1048//553
f 1026//553 1048//553 1011//553
f 1011//554 988//554 1026//554
f 884//554 1026//554 988//554
f 1024//555 989//555 1049//555
f 989//523 1024//523 886//523
f 941//2 673//2 284//2
f 193//2 284//2 673//2
f 1048//556 1028//556 1027//556
f 1048//556 1027//556 1050//556
f 1029//557 1051//557 1052//557
f 699//558 108//558 506//558
f 1049//555 1025//555 1024//555
f 1049//559 1051//559 1029//559
f 1049//559 1029//559 1025//559
f 699//560 293//561 108//562
f 1014//563 1053//564 1054//564
f 1014//563 1054//564 1030//563
f 111//8 284//8 109//8
f 1014//565 965//565 1053//565
f 1005//565 1053//565 965//565
f 193//1 109//1 284//1
f 293//561 110//4 108//562
f 488//2 490//2 1055//2
f 1056//2 1055//2 490//2
f 490//2 482//2 476//2
f 476//2 1057//2 490//2
f 1057//2 1058//2 490//2
f 1056//2 490//2 1058//2
f 1059//2 1060//2 909//2
f 1060//2 1061//2 909//2
f 1062//497 938//497 720//497
f 720//213 939//213 1062//213
f 802//566 1063//566 932//566
f 937//567 932//567 1064//567
f 943//401 1065//401 672//401
f 938//12 86//12 990//12
f 1062//12 86//12 938//12
f 946//12 990//12 86//12
f 939//12 86//12 1062//12
f 980//12 86//12 939//12
f 331//12 86//12 980//12
f 71//12 86//12 331//12
f 913//568 1066//568 1064//568
f 913//569 1064//569 1063//569
f 937//570 934//570 933//570
f 943//401 940//401 1065//401
f 937//571 933//571 932//571
f 940//407 978//407 1065//407
f 1064//572 932//572 1063//572
f 944//504 737//504 1067//504
f 746//573 1068//573 737//573
f 1067//573 737//573 1068//573
f 746//505 945//505 1068//505
f 945//506 745//506 946//506
f 1069//574 957//574 956//574
f 1069//42 798//42 957//42
f 502//42 957//42 798//42
f 342//575 343//575 959//575
f 708//576 1070//576 936//576
f 959//577 1071//577 960//577
f 937//578 1064//578 1070//578
f 1071//575 959//575 343//575
f 1064//579 1072//579 1070//579
f 86//12 944//12 1067//12
f 86//12 1067//12 1068//12
f 86//12 1068//12 945//12
f 86//12 945//12 946//12
f 708//580 937//580 1070//580
f 1073//581 1072//581 1064//581
f 772//2 915//2 846//2
f 915//2 916//2 846//2
f 846//2 820//2 929//2
f 936//582 1070//582 1074//582
f 846//2 781//2 772//2
f 781//2 924//2 688//2
f 928//2 688//2 924//2
f 688//2 691//2 781//2
f 780//2 688//2 928//2
f 782//2 706//2 780//2
f 1064//583 1066//583 1073//583
f 846//9 821//9 820//9
f 923//439 871//439 928//439
f 928//440 871//440 780//440
f 772//432 854//432 915//432
f 1072//584 1075//584 1070//584
f 771//457 854//458 772//457
f 857//441 781//432 929//432
f 857//459 929//459 924//459
f 1075//585 1074//585 1070//585
f 1076//2 1077//2 1078//2
f 1077//2 1076//2 1079//2
f 1066//586 1080//586 1073//586
f 1073//587 1081//587 1072//587
f 1081//588 1075//588 1072//588
f 385//437 391//437 1082//437
f 1081//589 1073//589 1080//589
f 1083//2 1084//2 391//590
f 70//591 69//591 1041//591
f 1082//394 391//590 1084//2
f 1041//592 69//592 1085//592
f 1041//592 1085//592 1042//592
f 808//593 1086//593 809//593
f 1087//594 1085//594 69//594
f 807//595 1088//595 808//595
f 1077//2 1089//2 1078//2
f 1078//2 1089//2 1090//2
f 380//596 377//596 1076//596
f 406//597 1090//597 1089//597
f 1091//2 1092//2 1093//2
f 403//598 424//598 1094//598
f 1095//2 683//2 1094//2
f 1094//2 683//2 1096//2
f 812//599 785//599 1097//599
f 1098//600 329//600 714//600
f 812//601 1097//601 806//601
f 1099//7 1100//7 1039//7
f 1101//7 1100//7 1099//7
f 1102//602 1040//603 1100//7
f 1039//7 1100//7 1040//603
f 816//604 785//604 812//604
f 1042//605 1085//5 1039//5
f 1085//5 1087//5 1039//5
f 714//5 1039//5 1087//5
f 1098//5 714//5 1087//5
f 429//309 420//309 683//309
f 70//606 1041//606 72//606
f 1087//607 69//607 1098//607
f 329//607 1098//607 69//607
f 429//2 683//2 1095//2
f 426//8 778//8 1103//8
f 817//134 415//134 1104//134
f 417//134 1104//134 415//134
f 9//550 1041//550 1040//550
f 416//1 426//1 1105//1
f 1092//3 1091//3 203//3
f 1092//3 203//3 199//3
f 765//332 416//332 1105//332
f 1104//133 417//133 428//133
f 430//134 422//134 429//134
f 1095//135 424//135 430//135
f 816//608 786//608 785//608
f 430//2 429//2 1095//2
f 1047//609 8//609 7//609
f 1106//2 104//2 103//2
f 817//2 1104//2 428//2
f 765//2 1105//2 426//2
f 1093//9 203//9 1091//9
f 7//610 188//610 1047//610
f 188//610 72//610 1047//610
f 813//611 704//611 710//611
f 710//612 998//612 1002//612
f 999//613 998//613 710//613
f 709//614 813//614 814//614
f 702//615 709//615 814//615
f 805//616 702//616 814//616
f 702//617 805//617 705//617
f 704//618 813//618 709//618
f 1063//619 710//619 911//619
f 710//620 1063//620 802//620
f 1040//621 1102//622 9//623
f 997//624 911//624 710//624
f 5//625 4//625 1100//626
f 5//627 1100//627 1101//627
f 997//628 710//628 1002//628
f 211//3 200//3 203//3
f 201//2 1107//2 199//2
f 188//610 7//610 26//60
f 26//60 189//60 188//610
f 1099//629 5//629 1101//629
f 1107//3 201//3 6//3
f 1108//2 1109//2 1061//2
f 1059//2 909//2 1110//2
f 449//2 461//2 450//2
f 465//2 450//2 461//2
f 162//86 273//86 906//86
f 273//271 910//271 906//271
f 919//630 303//630 922//630
f 162//87 459//87 458//87
f 303//631 926//631 917//631
f 1110//280 908//280 268//280
f 303//632 917//632 922//632
f 303//633 919//633 300//633
f 168//634 475//634 1111//634
f 301//635 926//635 303//635
f 1055//636 1056//636 163//636
f 925//637 302//637 121//637
f 141//638 1055//638 163//638
f 299//9 465//9 120//9
f 1023//1 243//1 242//1
f 844//3 241//3 240//3
f 266//463 169//463 1060//463
f 270//639 1056//639 1058//639
f 1059//640 1110//640 268//279
f 1112//1 1113//1 1114//1
f 141//641 488//641 1055//641
f 1114//25 1115//642 1112//25
f 1116//3 1117//3 1118//3
f 910//2 909//2 906//2
f 908//2 1110//2 909//2
f 1116//25 1118//25 234//25
f 233//25 234//25 1118//25
f 242//1 1113//1 1023//1
f 1112//1 1023//1 1113//1
f 1118//3 1117//3 844//3
f 241//3 844//3 1117//3
f 844//22 174//22 1118//22
f 174//22 233//22 1118//22
f 1113//12 242//12 1117//12
f 241//12 1117//12 242//12
f 1116//11 234//11 304//11
f 238//11 304//11 234//11
f 1117//3 1116//3 292//3
f 482//2 477//2 476//2
f 475//2 477//2 1119//2
f 475//2 1119//2 1120//2
f 475//2 1120//2 1121//2
f 475//2 1121//2 1122//2
f 1123//2 1111//2 1122//2
f 1124//2 1109//2 1108//2
f 1125//2 1109//2 1124//2
f 1124//372 1108//372 165//372
f 304//3 292//3 1116//3
f 292//10 305//10 1117//10
f 1122//268 166//268 1123//268
f 1126//2 1109//2 1125//2
f 1061//8 165//8 1108//8
f 475//2 1122//2 1111//2
f 479//2 454//2 484//2
f 1127//12 1128//12 1129//12
f 1016//12 1127//12 1129//12
f 1129//12 1017//12 1016//12
f 484//2 893//2 895//2
f 894//2 1130//2 895//2
f 1128//12 1131//12 1132//12
f 1132//12 1133//12 1128//12
f 1131//12 1134//12 1132//12
f 1133//12 1129//12 1128//12
f 1135//12 1136//12 1137//12
f 1138//2 1139//2 1140//2
f 1140//2 903//2 1126//2
f 1141//12 1142//12 1143//12
f 1046//12 1144//12 1145//12
f 1145//12 1045//12 1046//12
f 280//296 895//296 1138//296
f 1146//12 1147//12 1148//12
f 1149//12 1136//12 1150//12
f 1151//12 1143//12 1152//12
f 1153//12 1154//12 1144//12
f 1140//371 280//371 1138//371
f 166//643 1111//643 1123//643
f 1152//12 1149//12 1151//12
f 1150//12 1151//12 1149//12
f 1135//12 1150//12 1136//12
f 256//39 1013//39 257//39
f 1012//644 749//644 1013//644
f 257//644 1013//644 749//644
f 543//645 1003//645 1031//645
f 964//645 1031//645 1003//645
f 1119//646 477//646 158//646
f 1019//647 545//647 559//647
f 1019//647 559//647 1018//647
f 1021//559 546//559 545//559
f 1021//559 545//559 1019//648
f 279//649 1120//649 1119//649
f 753//650 751//651 1129//650
f 1017//651 1129//650 751//651
f 1020//652 1015//652 750//652
f 1020//652 750//652 748//652
f 750//191 1015//191 1017//653
f 750//191 1017//653 751//653
f 279//654 276//654 1120//654
f 1121//655 276//655 1122//655
f 749//656 1012//656 1020//656
f 749//656 1020//656 748//656
f 559//657 557//657 1016//657
f 559//657 1016//657 1018//657
f 1125//304 1124//304 277//304
f 164//304 277//304 1124//304
f 1021//555 1001//555 546//555
f 995//555 546//555 1001//555
f 165//372 164//372 1124//372
f 1155//658 547//658 549//658
f 277//302 1126//302 1125//303
f 1133//659 1132//659 551//659
f 1133//659 551//659 550//659
f 1129//660 1133//660 550//660
f 1129//660 550//660 753//660
f 557//661 556//661 1016//661
f 549//662 551//662 1132//662
f 549//662 1132//662 1155//662
f 1109//2 1126//2 903//2
f 909//2 1061//2 1109//2
f 905//8 909//8 1109//8
f 1128//663 553//664 552//663
f 1128//663 552//663 1131//663
f 1109//65 903//65 905//65
f 1127//665 556//665 553//665
f 1127//665 553//665 1128//665
f 1127//661 1016//661 556//661
f 554//666 1136//666 1149//667
f 554//666 1149//667 555//667
f 476//668 475//668 167//668
f 1137//669 1136//669 554//669
f 168//670 167//670 475//670
f 568//671 1141//671 1143//671
f 168//643 1111//643 166//643
f 598//672 1153//672 1156//672
f 1137//673 560//674 1157//673
f 1137//673 1157//673 1135//675
f 1153//672 1144//672 1156//672
f 554//669 560//669 1137//669
f 1144//676 1046//676 1156//676
f 1045//677 1145//677 566//677
f 569//677 566//677 1145//677
f 1032//9 1034//9 558//9
f 1032//9 558//9 544//9
f 1158//678 1159//678 1035//678
f 1158//678 1035//678 1033//678
f 565//679 1150//679 1135//679
f 1036//680 1035//680 1160//680
f 1159//680 1160//680 1035//680
f 561//681 563//681 1152//681
f 1146//574 1134//574 564//574
f 1054//682 543//682 1030//682
f 1031//682 1030//682 543//682
f 552//683 564//683 1131//683
f 1134//683 1131//683 564//683
f 1152//684 563//684 555//684
f 1152//684 555//684 1149//684
f 544//685 1050//685 1032//685
f 1027//685 1032//685 1050//685
f 1052//557 1038//557 1029//557
f 1052//686 1158//686 1033//686
f 1052//686 1033//686 1038//686
f 567//687 1151//687 1150//687
f 567//687 1150//687 565//687
f 1046//676 1161//676 1156//676
f 1143//688 1151//688 567//688
f 1143//688 567//688 568//688
f 1046//683 1162//683 1161//683
f 566//689 1163//689 1043//689
f 566//689 1043//689 1045//689
f 1164//12 1165//12 1166//12
f 1157//679 565//679 1135//679
f 1037//690 1043//690 1163//690
f 1037//690 1163//690 1167//690
f 1046//683 1044//683 1162//683
f 1167//691 558//691 1037//691
f 1034//691 1037//691 558//691
f 1160//663 1162//663 1044//663
f 1160//663 1044//663 1036//663
f 1168//12 1169//12 1170//12
f 1171//12 1170//12 1172//12
f 1160//12 1159//12 171//12
f 1159//12 1158//12 171//12
f 1052//12 851//12 1158//12
f 171//12 1158//12 851//12
f 1052//12 1051//12 851//12
f 1173//12 1174//12 1175//12
f 1176//12 1173//12 1177//12
f 1178//12 1166//12 1165//12
f 1164//12 1166//12 1179//12
f 1177//12 1173//12 1175//12
f 1050//12 1053//12 1048//12
f 1053//12 1005//12 1048//12
f 1054//12 1053//12 1050//12
f 1048//12 1005//12 1011//12
f 1180//12 1178//12 1165//12
f 984//12 851//12 989//12
f 989//12 851//12 1049//12
f 1051//12 1049//12 851//12
f 1181//12 1175//12 1174//12
f 1005//12 1004//12 1011//12
f 1178//12 1180//12 1182//12
f 1183//12 1182//12 1184//12
f 1184//12 1182//12 1180//12
f 1184//12 1185//12 1183//12
f 558//12 1167//12 560//12
f 1186//12 1187//12 1188//12
f 1155//12 1132//12 1134//12
f 558//12 557//12 544//12
f 543//12 1054//12 544//12
f 554//12 556//12 560//12
f 1050//12 544//12 1054//12
f 559//12 544//12 557//12
f 1155//12 1134//12 1148//12
f 1146//12 1148//12 1134//12
f 1188//12 1187//12 1172//12
f 1189//12 1148//12 1147//12
f 1156//12 1161//12 599//12
f 1190//12 1191//12 1192//12
f 1174//12 1190//12 1181//12
f 1141//12 1192//12 1191//12
f 1141//12 1191//12 1142//12
f 1152//12 1143//12 1142//12
f 1157//12 560//12 1167//12
f 1167//12 1163//12 1157//12
f 565//12 1157//12 1163//12
f 566//12 565//12 1163//12
f 1192//12 1181//12 1190//12
f 1162//12 171//12 1161//12
f 1187//12 1186//12 1193//12
f 1171//12 1172//12 1187//12
f 1147//12 1193//12 1186//12
f 1186//12 1189//12 1147//12
f 1154//12 1153//12 1185//12
f 1183//12 1185//12 1153//12
f 1145//12 1144//12 1154//12
f 1178//692 572//692 1166//692
f 573//693 1179//693 1166//693
f 573//693 1166//693 571//693
f 103//2 102//2 765//2
f 426//2 103//2 765//2
f 598//12 1156//12 599//12
f 599//12 1161//12 171//12
f 1179//694 573//694 1194//694
f 574//695 1195//695 1177//695
f 574//695 1177//695 575//695
f 1069//574 956//574 1196//574
f 956//696 960//696 1196//696
f 960//696 1197//696 1196//696
f 579//692 1170//692 1171//692
f 579//692 1171//692 577//692
f 985//403 672//403 670//403
f 1169//697 754//697 1198//697
f 605//698 1188//698 1172//698
f 1198//699 754//699 605//700
f 1198//699 605//700 1172//700
f 1069//2 1196//2 677//2
f 798//2 1069//2 677//2
f 978//2 798//2 676//2
f 1196//2 1197//2 677//2
f 1065//2 978//2 676//2
f 672//2 1065//2 668//2
f 676//2 668//2 1065//2
f 1168//701 1170//701 579//701
f 1176//702 740//702 578//702
f 1176//702 578//702 1173//702
f 571//692 1166//692 572//692
f 1197//2 1071//2 797//2
f 343//2 797//2 1071//2
f 797//2 677//2 1197//2
f 1164//703 576//703 582//703
f 1164//703 582//703 1165//703
f 1071//577 1197//577 960//577
f 583//704 575//704 1175//704
f 1177//704 1175//704 575//704
f 1165//705 582//705 584//705
f 1165//705 584//705 1180//705
f 959//2 958//2 342//2
f 1178//706 1182//706 587//706
f 1178//706 587//706 572//706
f 1171//706 1187//706 591//706
f 1171//706 591//706 577//706
f 1174//707 1173//708 590//707
f 578//708 590//707 1173//708
f 593//709 1185//709 1184//709
f 1175//710 1181//710 592//710
f 1175//710 592//710 583//710
f 596//711 592//711 1192//711
f 1181//711 1192//711 592//711
f 1184//712 1180//712 593//712
f 584//712 593//712 1180//712
f 958//2 1199//2 342//2
f 210//2 209//2 1199//2
f 1182//713 1183//713 597//713
f 1182//713 597//713 587//713
f 605//698 548//698 1188//698
f 1188//714 548//714 603//714
f 1188//714 603//714 1186//714
f 547//658 1155//658 1148//658
f 604//715 547//715 1148//715
f 604//715 1148//715 1189//715
f 1186//716 603//716 604//716
f 1186//716 604//716 1189//716
f 561//681 1152//681 1142//681
f 1191//717 606//717 561//717
f 1191//717 561//717 1142//717
f 612//671 1141//671 568//671
f 596//718 1192//718 1141//718
f 596//718 1141//718 612//718
f 956//2 504//2 960//2
f 562//574 1146//574 564//574
f 18//12 1200//12 2//12
f 1191//719 1190//719 606//719
f 614//719 606//719 1190//719
f 1201//1 834//1 2//1
f 1190//720 1174//720 614//720
f 590//720 614//720 1174//720
f 607//721 1147//721 1146//721
f 607//721 1146//721 562//721
f 209//2 342//2 1199//2
f 1187//407 1193//407 615//407
f 1187//407 615//407 591//407
f 1193//722 1147//722 607//722
f 1193//722 607//722 615//722
f 611//1 609//1 1154//1
f 611//1 1154//1 1185//1
f 593//709 611//709 1185//709
f 569//723 1145//723 609//723
f 1154//723 609//723 1145//723
f 1183//724 1153//724 598//724
f 1183//724 598//724 597//724
f 726//8 735//8 1202//8
f 726//8 1202//8 1203//8
f 1202//725 735//725 576//725
f 645//726 1194//726 570//726
f 1194//694 573//694 570//694
f 260//727 723//727 976//727
f 1204//8 1205//8 539//8
f 724//728 742//728 979//728
f 958//2 960//2 504//2
f 167//729 269//729 476//729
f 1057//730 476//730 269//730
f 1206//731 1022//731 1066//731
f 1066//732 913//732 1206//732
f 1058//733 1057//733 269//733
f 1061//463 1060//463 169//463
f 269//734 270//734 1058//734
f 1059//278 267//278 266//278
f 1060//278 1059//278 266//278
f 699//735 936//735 1207//735
f 1059//640 268//279 267//279
f 270//736 163//736 1056//736
f 271//277 908//277 272//277
f 910//277 272//277 908//277
f 910//271 273//271 272//271
f 458//87 139//87 162//87
f 271//280 268//280 908//280
f 157//192 484//192 278//192
f 278//295 484//295 281//295
f 895//295 281//295 484//295
f 895//296 280//296 281//296
f 274//371 280//371 1140//371
f 1122//737 276//737 166//737
f 1206//738 912//738 1010//738
f 279//739 1119//739 158//739
f 911//740 913//740 1063//740
f 1121//654 1120//654 276//654
f 912//741 1206//741 913//741
f 275//376 274//376 1126//376
f 1140//376 1126//376 274//376
f 1010//549 1022//548 1206//548
f 277//302 275//302 1126//302
f 1061//8 169//8 165//8
f 158//742 477//742 155//742
f 1207//743 1208//743 1209//743
f 1210//744 1211//744 1022//744
f 1074//745 1207//745 936//745
f 699//746 1207//746 1209//746
f 1211//747 1066//747 1022//747
f 876//418 901//418 830//418
f 1211//748 1081//748 1080//748
f 1207//749 1081//749 1211//749
f 876//504 830//504 828//504
f 1207//750 1075//750 1081//750
f 1212//506 831//506 832//506
f 1074//751 1075//751 1207//751
f 833//524 1213//524 832//524
f 1211//752 1080//752 1066//752
f 1210//753 1207//753 1211//753
f 898//2 896//2 104//2
f 896//2 516//2 104//2
f 1106//2 1214//2 104//2
f 898//2 104//2 1215//2
f 699//754 1209//754 1208//754
f 733//3 829//3 1200//3
f 903//575 1216//575 904//575
f 1215//2 104//2 1214//2
f 1106//2 1217//2 904//2
f 1218//2 1106//2 1216//2
f 1106//2 1218//2 1214//2
f 16//1 2//1 834//1
f 942//1 820//1 822//1
f 1219//573 828//573 1220//573
f 827//573 1220//573 828//573
f 827//505 831//505 1220//505
f 1221//505 1220//505 831//505
f 828//504 1219//504 876//504
f 831//506 1212//506 1221//506
f 1207//755 1222//755 1208//755
f 1212//524 832//524 1213//524
f 1214//696 1218//696 1223//696
f 833//495 824//495 1213//495
f 1224//495 1213//495 824//495
f 1225//574 1215//574 1223//574
f 1224//497 824//497 841//497
f 512//497 841//497 824//497
f 1225//42 898//42 1215//42
f 251//756 1222//756 1207//756
f 1214//574 1223//574 1215//574
f 326//1 599//1 515//1
f 599//1 171//1 170//1
f 305//1 306//1 1114//1
f 1113//1 305//1 1114//1
f 1113//10 1117//10 305//10
f 469//174 397//174 467//174
f 397//757 469//177 314//176
f 450//2 230//2 448//2
f 1022//758 897//758 1226//758
f 298//183 317//183 473//183
f 461//1 460//1 778//1
f 460//2 103//2 1103//2
f 103//1 448//1 1106//1
f 472//317 317//317 316//317
f 316//112 314//111 468//759
f 1022//548 1009//548 897//548
f 1114//11 306//11 1115//760
f 758//761 1009//761 1007//761
f 999//762 766//762 1007//762
f 1227//763 467//764 396//765
f 120//1 283//1 111//1
f 767//2 768//2 102//2
f 401//766 1227//766 398//766
f 1162//12 1160//12 171//12
f 1227//767 401//119 470//179
f 412//345 770//347 1228//768
f 1229//769 1230//770 467//642
f 758//548 897//548 1009//548
f 1231//771 1232//772 472//772
f 1226//758 897//758 918//758
f 426//2 1103//2 103//2
f 316//112 468//759 1233//773
f 999//774 412//774 766//774
f 472//775 316//776 1231//776
f 1233//777 1231//776 316//776
f 1112//25 1115//642 467//642
f 1115//642 1229//769 467//642
f 1230//770 1232//778 467//642
f 469//779 467//642 1232//778
f 468//780 469//779 1232//778
f 1231//770 1233//781 1232//778
f 468//780 1232//778 1233//781
f 1103//1 778//1 460//1
f 1007//782 766//782 758//782
f 466//783 396//765 467//764
f 398//784 1227//763 396//765
f 1227//763 470//785 467//764
f 1112//22 467//764 470//785
f 1023//22 1112//22 470//785
f 465//1 283//1 120//1
f 465//2 461//2 283//2
f 918//786 819//786 1226//787
f 631//788 88//788 1234//788
f 229//2 448//2 230//2
f 1234//789 88//789 89//789
f 1234//13 89//13 212//13
f 1115//760 306//11 1229//790
f 320//3 935//3 632//3
f 1229//790 306//11 1230//791
f 935//2 633//2 632//2
f 306//11 1232//772 1230//791
f 472//772 306//11 473//11
f 212//8 452//8 1234//8
f 1234//8 452//8 631//8
f 451//8 631//8 452//8
f 1232//772 306//11 472//772
f 631//792 451//792 87//792
f 451//793 85//793 87//793
f 319//2 318//2 630//2
f 320//3 632//3 630//3
f 297//183 298//183 473//183
f 632//9 497//9 630//9
f 308//11 473//11 306//11
f 319//9 630//9 122//9
f 136//9 122//9 630//9
f 230//1 450//1 294//1
f 299//1 294//1 450//1
f 447//3 247//3 246//3
f 294//9 231//9 230//9
f 297//794 473//794 308//794
f 246//9 248//9 447//9
f 8//795 1041//795 9//795
f 80//3 79//3 1204//3
f 8//796 1047//796 1041//796
f 81//1 637//1 78//1
f 4//797 9//623 1102//622
f 1102//798 1100//626 4//625
f 1235//2 1236//2 325//2
f 504//9 1236//9 958//9
f 80//3 1204//3 532//3
f 533//3 532//3 539//3
f 193//2 673//2 1107//2
f 5//6 1099//6 10//6
f 19//6 10//6 1099//6
f 667//2 1237//2 1092//2
f 1199//9 325//9 210//9
f 19//7 1099//7 17//7
f 1039//7 17//7 1099//7
f 1199//1 958//1 325//1
f 1235//1 325//1 958//1
f 24//5 17//5 714//5
f 1039//5 714//5 17//5
f 325//3 1204//3 79//3
f 671//2 653//2 352//2
f 1238//2 669//2 352//2
f 670//2 669//2 1238//2
f 25//9 200//9 79//9
f 184//2 181//2 539//2
f 352//191 1093//191 1237//191
f 352//191 1237//191 1238//191
f 1201//12 2//12 1200//12
f 203//9 1093//9 352//9
f 11//6 13//6 1//6
f 1200//3 18//3 733//3
f 181//2 580//2 539//2
f 667//8 1092//8 673//8
f 199//8 673//8 1092//8
f 199//2 1107//2 673//2
f 1204//3 539//3 532//3
f 6//8 12//8 1107//8
f 193//8 1107//8 83//8
f 12//8 83//8 1107//8
f 13//1 14//1 1//1
f 2//1 1//1 14//1
f 2//4 14//4 15//4
f 2//4 15//4 18//4
f 10//3 19//3 15//3
f 18//3 15//3 19//3
f 498//1 497//1 637//1
f 633//1 78//1 637//1
f 81//8 80//8 532//8
f 81//8 532//8 637//8
f 637//2 532//2 534//2
f 637//2 534//2 498//2
f 670//173 1238//173 1237//173
f 985//173 670//173 1237//173
f 1235//9 958//9 1236//9
f 187//9 1236//9 185//9
f 985//2 667//2 943//2
f 985//2 1237//2 667//2
f 1093//2 1092//2 1237//2
f 184//8 539//8 1205//8
f 1239//799 728//799 729//799
f 1239//800 734//800 728//800
f 882//801 729//801 981//801
f 727//802 726//802 1203//802
f 1195//803 574//803 734//803
f 1240//804 741//804 738//804
f 1176//805 738//805 740//805
f 752//697 754//697 1169//697
f 744//806 752//806 1169//806
f 744//806 1169//806 1241//806
f 710//807 1242//807 999//807
f 739//701 1168//701 579//701
f 1243//808 743//808 744//808
f 1243//809 1168//809 739//809
f 1243//809 739//809 743//809
f 255//40 258//40 747//40
f 723//41 260//41 259//41
f 722//727 976//727 723//727
f 255//42 747//42 259//42
f 716//810 715//810 769//810
f 1244//811 716//811 769//811
f 1245//812 1246//812 1247//812
f 1246//813 1245//814 1248//815
f 1249//816 1248//815 1245//814
f 1244//817 1242//817 711//817
f 186//8 183//8 1205//8
f 1250//2 1251//2 1252//2
f 1253//2 1251//2 1250//2
f 1246//2 1248//2 1253//2
f 1251//2 1253//2 1248//2
f 1254//2 1252//2 1251//2
f 185//2 183//2 187//2
f 1249//818 1255//819 1251//820
f 1249//818 1251//820 1248//818
f 1236//2 1205//2 325//2
f 1204//2 325//2 1205//2
f 1205//1 1236//1 187//1
f 1205//1 187//1 186//1
f 1255//821 1256//822 1254//44
f 1255//821 1254//44 1251//823
f 1250//824 1257//824 1258//824
f 1250//824 1258//824 1253//824
f 1258//825 1259//825 1253//825
f 1259//826 1247//827 1246//828
f 1259//826 1246//828 1253//826
f 1250//829 1260//829 1257//829
f 1252//830 1261//831 1250//832
f 504//2 957//2 502//2
f 1256//43 1262//43 1263//43
f 1256//43 1263//43 1254//43
f 1264//2 1265//2 1266//2
f 1265//2 1267//2 1266//2
f 1267//2 1268//2 1266//2
f 1263//2 1266//2 1268//2
f 1263//2 1268//2 1252//2
f 1263//2 1252//2 1254//2
f 185//9 1236//9 504//9
f 1264//833 1269//833 1270//834
f 1264//833 1270//834 1265//834
f 1266//835 1271//835 1272//835
f 182//3 185//3 504//3
f 1269//836 1264//837 1272//838
f 1266//839 1272//838 1264//837
f 1266//840 1263//841 1273//842
f 1262//843 1273//842 1263//841
f 1273//844 1271//844 1266//844
f 1270//845 1274//845 1265//845
f 60//3 835//3 32//3
f 1274//217 1275//217 1267//846
f 1274//217 1267//846 1265//847
f 183//1 179//1 184//1
f 1276//848 1268//849 1277//850
f 1267//851 1277//850 1268//849
f 1205//8 183//8 184//8
f 1260//832 1250//832 1261//831
f 1278//242 1279//242 1252//242
f 1280//1 839//1 44//1
f 1252//852 1268//853 1278//854
f 1276//855 1278//854 1268//853
f 1280//12 44//12 1281//12
f 32//12 1281//12 44//12
f 1275//856 1277//856 1267//856
f 1279//8 1261//8 1252//8
f 504//2 666//2 180//2
f 431//2 1256//2 344//2
f 180//3 182//3 504//3
f 942//8 666//8 941//8
f 822//8 666//8 942//8
f 1022//857 1226//858 1282//859
f 1220//12 1221//12 1219//12
f 876//12 1219//12 1221//12
f 876//12 1221//12 1212//12
f 876//12 1212//12 1213//12
f 876//12 1213//12 1224//12
f 1224//12 841//12 876//12
f 1210//860 1022//857 1282//859
f 1139//577 1218//861 1216//861
f 1226//862 1283//862 1282//862
f 1283//863 249//863 250//863
f 252//864 1282//864 1283//864
f 1218//696 1139//696 1223//696
f 252//865 1283//865 250//865
f 249//866 1283//866 1226//866
f 1223//2 1138//2 1225//2
f 1139//2 1138//2 1223//2
f 1130//2 1225//2 1138//2
f 1284//2 1140//2 1139//2
f 903//2 1140//2 1284//2
f 1138//2 895//2 1130//2
f 898//40 1130//40 894//40
f 1225//42 1130//42 898//42
f 288//867 1222//867 116//867
f 1222//868 288//868 1285//868
f 1216//861 1284//577 1139//577
f 288//869 293//869 1285//869
f 1284//575 1216//575 903//575
f 116//870 1222//870 251//870
f 231//9 125//9 229//9
f 711//871 1242//871 710//871
f 1244//872 999//872 1242//872
f 699//873 1208//873 1285//873
f 716//874 1244//874 711//874
f 1208//875 1222//875 1285//875
f 252//876 1210//876 1282//876
f 252//877 1207//877 1210//877
f 1207//878 252//878 251//878
f 815//879 787//880 816//881
f 699//882 1285//882 293//882
f 776//367 817//367 1286//367
f 1286//883 428//883 776//884
f 427//884 776//884 428//883
f 428//2 1286//2 817//2
f 786//885 816//881 787//880
f 818//886 787//887 815//888
f 819//786 249//787 1226//787
f 790//367 789//366 1287//367
f 249//385 819//385 119//385
f 790//369 1288//369 791//368
f 1288//8 1287//8 791//8
f 789//8 791//8 1287//8
f 284//2 283//2 942//2
f 790//590 1287//590 1288//590
f 818//886 712//889 787//887
f 412//890 818//890 410//890
f 1245//2 440//2 1249//2
f 1256//2 1255//2 344//2
f 1249//2 345//2 1255//2
f 344//2 1255//2 345//2
f 1260//2 1261//2 438//2
f 345//2 1249//2 440//2
f 1245//2 1247//2 440//2
f 1258//2 1257//2 373//2
f 372//2 373//2 1257//2
f 1257//2 1260//2 372//2
f 1258//2 373//2 1259//2
f 1247//2 1259//2 440//2
f 373//2 440//2 1259//2
f 438//2 372//2 1260//2
f 444//2 1270//2 443//2
f 770//891 715//891 713//891
f 431//2 1262//2 1256//2
f 818//892 1228//892 712//892
f 713//893 712//893 1228//893
f 1269//2 443//2 1270//2
f 1269//2 1272//2 443//2
f 1228//894 770//894 713//894
f 1271//2 442//2 1272//2
f 442//2 443//2 1272//2
f 769//895 715//895 770//895
f 1271//2 1273//2 442//2
f 431//2 442//2 1262//2
f 1273//2 1262//2 442//2
f 818//896 412//345 1228//768
f 522//2 1275//2 444//2
f 1270//2 444//2 1274//2
f 531//2 1276//590 522//2
f 1274//2 444//2 1275//2
f 1244//897 769//346 412//345
f 1277//2 522//2 1276//590
f 1275//2 522//2 1277//2
f 412//898 999//898 1244//898
f 1279//2 541//393 1261//2
f 438//2 1261//2 541//393
f 1289//899 1290//899 810//899
f 1279//2 1278//2 541//393
f 531//2 541//393 1278//2
f 531//2 1278//2 1276//590
f 1289//900 810//900 811//900
f 810//901 1290//901 803//901
f 1203//12 1202//12 1194//12
f 1164//12 1179//12 1202//12
f 881//12 880//12 1291//12
f 1194//12 1291//12 1203//12
f 1194//12 1202//12 1179//12
f 976//12 974//12 260//12
f 1292//12 1293//12 1239//12
f 1239//12 1294//12 1292//12
f 979//12 1292//12 1294//12
f 1294//12 882//12 979//12
f 877//12 979//12 882//12
f 1203//12 1291//12 880//12
f 1239//12 1293//12 1295//12
f 1290//902 920//902 803//902
f 1240//12 1176//12 1195//12
f 1195//12 1295//12 1240//12
f 1177//12 1195//12 1176//12
f 1198//12 1170//12 1169//12
f 1169//12 1168//12 1241//12
f 1240//12 1295//12 1293//12
f 1084//435 385//435 1082//435
f 1243//12 1241//12 1168//12
f 1198//12 1172//12 1170//12
f 974//12 955//12 260//12
f 881//903 1291//903 644//903
f 645//903 644//903 1291//903
f 1202//725 576//725 1164//725
f 1291//726 1194//726 645//726
f 741//804 1240//804 1293//804
f 1296//904 1289//904 811//904
f 1293//905 1292//905 741//905
f 742//905 741//905 1292//905
f 1296//906 811//906 809//906
f 979//728 742//728 1292//728
f 877//516 977//516 979//515
f 729//799 1294//799 1239//799
f 882//801 1294//801 729//801
f 727//802 1203//802 880//802
f 377//907 1079//907 1076//907
f 1239//800 1295//800 734//800
f 1295//803 1195//803 734//803
f 1297//908 212//61 319//58
f 1297//12 1298//12 452//12
f 1240//805 738//805 1176//805
f 1297//8 452//8 212//8
f 1243//808 744//808 1241//808
f 497//9 136//9 630//9
f 247//3 447//3 899//3
f 899//8 836//8 247//8
f 1299//8 123//8 899//8
f 1297//908 122//908 1298//610
f 319//58 122//908 1297//908
f 123//8 159//8 899//8
f 1300//9 901//9 1301//9
f 825//9 901//9 1300//9
f 826//9 901//9 825//9
f 1302//9 1301//9 901//9
f 1300//909 1301//909 1303//909
f 224//910 226//910 825//910
f 825//911 1300//911 224//912
f 905//8 1304//8 909//8
f 245//610 1302//610 1298//610
f 1302//913 1303//913 1301//913
f 225//912 224//912 1300//911
f 229//2 1299//2 1305//2
f 899//2 1305//2 1299//2
f 899//3 909//3 1305//3
f 447//3 909//3 899//3
f 447//2 906//2 909//2
f 1298//9 1302//9 901//9
f 1304//3 1217//3 909//3
f 901//12 452//12 1298//12
f 124//610 1298//610 122//908
f 245//610 1298//610 124//610
f 229//3 125//3 1299//3
f 123//3 1299//3 125//3
f 1106//9 1305//9 1217//9
f 132//11 133//11 223//11
f 1305//3 909//3 1217//3
f 1306//11 223//11 133//11
f 130//914 244//31 129//30
f 1304//2 905//2 1217//2
f 905//2 904//2 1217//2
f 244//915 130//28 221//27
f 244//916 221//17 219//15
f 221//917 132//917 222//917
f 129//918 1303//918 131//918
f 1303//919 245//919 131//919
f 219//920 218//921 1303//920
f 129//920 219//920 1303//920
f 227//922 225//922 1300//922
f 222//923 132//923 223//923
f 1303//552 1302//552 245//552
f 1303//924 218//925 220//924
f 1303//924 220//924 227//924
f 1300//924 1303//924 227//924
f 285//10 282//10 1200//10
f 1200//3 1306//3 285//3
f 1216//2 1106//2 904//2
f 291//11 290//11 1307//11
f 1201//1 282//1 1307//1
f 1308//1 1201//1 1307//1
f 291//1 1307//1 282//1
f 282//10 1201//10 1200//10
f 1308//1 834//1 1201//1
f 1306//3 1200//3 1309//3
f 829//3 1309//3 1200//3
f 133//3 285//3 1306//3
f 1309//25 220//16 223//19
f 1309//25 223//19 1306//25
f 829//22 226//22 1309//22
f 220//23 1309//22 226//22
f 638//9 533//9 892//9
f 840//2 836//2 887//2
f 104//8 500//8 887//8
f 621//2 623//2 533//2
f 51//1 44//1 839//1
f 1281//3 32//3 835//3
f 533//2 624//2 640//2
f 1310//9 892//9 114//9
f 639//9 114//9 892//9
f 1311//8 113//8 887//8
f 1310//2 114//2 1311//2
f 113//2 1311//2 114//2
f 887//1 892//1 1310//1
f 887//1 1310//1 1311//1
f 1312//11 287//11 127//11
f 1313//11 1307//11 290//11
f 286//1 287//1 1312//1
f 289//3 1313//3 290//3
f 448//2 229//2 1305//2
f 448//9 1305//9 1106//9
f 127//11 126//11 1312//11
f 286//1 1312//1 1280//1
f 289//10 286//10 1280//10
f 1314//1 1280//1 1312//1
f 143//25 1314//25 126//25
f 1312//25 126//25 1314//25
f 1314//22 143//22 142//22
f 289//10 1280//10 1281//10
f 1314//1 839//1 1280//1
f 142//22 839//22 1314//22
f 1315//3 1313//3 1281//3
f 289//3 1281//3 1313//3
f 1281//3 835//3 1315//3
f 1307//25 1313//25 1308//25
f 1315//25 1308//25 1313//25
f 1315//22 835//22 1308//22
f 834//22 1308//22 835//22
f 640//2 861//2 102//2
f 134//1 137//1 1316//1
f 144//3 1317//3 142//3
f 837//8 1317//8 838//8
f 1316//8 838//8 1317//8
f 171//9 851//9 172//9
f 799//9 172//9 851//9
f 838//1 1316//1 137//1
f 837//3 142//3 1317//3
f 134//12 1316//12 144//12
f 1317//12 144//12 1316//12
f 102//9 112//9 115//9
f 102//9 115//9 640//9
f 113//8 104//8 887//8
f 639//1 640//1 114//1
f 115//1 114//1 640//1
f 102//3 104//3 113//3
f 102//3 113//3 112//3
f 861//2 640//2 624//2
f 1077//926 407//926 406//926
f 377//907 379//907 1079//907
f 1077//927 1079//927 407//927
f 379//927 407//927 1079//927
f 1084//435 914//435 385//435
f 1083//907 914//907 1084//907
f 774//12 1296//12 1318//12
f 692//12 1290//12 774//12
f 689//12 920//12 692//12
f 689//12 687//12 686//12
f 1290//12 692//12 920//12
f 1289//12 774//12 1290//12
f 1296//12 774//12 1289//12
f 386//928 774//928 1318//928
f 1318//929 405//929 389//929
f 1318//930 389//930 386//930
f 914//907 1083//907 388//907
f 388//107 1083//107 391//107
f 1296//931 809//931 1086//931
f 1088//932 1086//932 808//932
f 1319//933 1088//933 807//933
f 1078//596 380//596 1076//596
f 1319//934 806//934 1097//934
f 1319//935 807//935 806//935
f 380//936 1078//936 1090//936
f 395//937 399//937 683//937
f 1096//938 399//938 1094//938
f 1095//598 1094//598 424//598
f 1096//937 683//937 399//937
f 403//938 1094//938 399//938
f 1088//12 1319//12 1320//12
f 697//12 1320//12 1319//12
f 1319//12 1097//12 697//12
f 785//12 697//12 1097//12
f 1320//12 1318//12 1088//12
f 1086//12 1088//12 1318//12
f 1296//12 1086//12 1318//12
f 697//939 404//939 1320//939
f 1320//940 404//940 405//940
f 1318//941 1320//941 405//941
f 1090//936 382//936 380//936
f 1090//597 406//597 382//597
f 406//926 1089//926 1077//926
o Finished_front_v2.2
v -30.974001 -2.382088 -14.091343
v -32.555000 -2.558087 -14.091343
v -31.160999 -3.110087 -14.091343
v -34.169998 -5.499087 -15.891346
v -33.856998 -3.491088 -15.891346
v -33.293999 -5.444089 -15.891346
v -35.032001 -5.335087 -15.891346
v -34.584000 -3.353088 -15.891346
v -35.825001 -4.961087 -15.891346
v -156.796997 46.943913 -11.091351
v -157.279999 46.943913 -11.591351
v -157.037994 46.943913 -11.124356
v -30.478001 -1.567088 -15.891346
v -30.478001 -2.445088 -15.891346
v -32.462002 -2.006087 -15.891346
v -156.796997 47.743912 -11.091351
v -156.959000 47.743912 -11.104351
v -157.279999 47.743912 -11.591351
v -32.646000 -2.723087 -15.891346
v -31.719000 -4.703087 -15.891346
v -33.153000 -3.263087 -15.891346
v -32.459999 -5.173090 -15.891346
v -157.796005 47.743912 -12.056355
v -157.755005 47.743912 -11.816357
v -33.668999 -3.479087 -14.091343
v -157.733002 46.943913 -11.738354
v -157.796005 46.943913 -12.056355
v -44.610001 34.603912 -8.091352
v -47.042000 24.483913 -8.091351
v -44.610001 -7.548088 -8.091345
v -47.110001 25.001915 -8.091351
v -47.042000 -7.548088 -8.091345
v -47.310001 25.483913 -8.091351
v -157.554993 46.943913 -11.439358
v -157.266998 46.943913 -11.208355
v -157.500000 46.943913 -17.891354
v -48.042000 26.215912 -8.091351
v -157.488998 47.743912 -11.375355
v -157.266998 47.743912 -11.208355
v -49.042000 26.483913 -8.091351
v -47.983002 38.517914 -8.091352
v -47.639000 38.696915 -8.091352
v -48.242001 38.483913 -8.091352
v -47.326000 39.104912 -8.091352
v -47.242001 39.483913 -8.091352
v -44.610001 75.443916 -8.091358
v -44.608002 75.800919 -8.091358
v -157.554993 60.993916 -11.439360
v -157.733002 60.993916 -11.738356
v -157.266998 60.993916 -11.208357
v -157.037994 60.993916 -11.124357
v -156.796997 60.993916 -11.091352
v -131.757996 38.483913 -8.091352
v -157.796005 60.993916 -12.056356
v -130.957993 26.483913 -8.091351
v -132.464996 38.776913 -8.091352
v -135.389999 26.411915 -8.091351
v -132.136993 38.567913 -8.091352
v -132.623993 38.983913 -8.091352
v -132.371994 25.897915 -8.091351
v -132.757996 39.483913 -8.091352
v -132.889999 25.001915 -8.091351
v -132.957993 -7.548088 -8.091345
v -132.957993 24.483913 -8.091351
v -135.389999 -7.548088 -8.091345
v -136.457001 60.993916 -11.091352
v -136.389999 75.443916 -9.058358
v -136.457001 61.793911 -11.091352
v -135.389999 75.443916 -8.091358
v -24.000000 -6.856091 -19.092350
v -39.250000 -6.556089 -19.092350
v -24.299999 -6.556089 -19.092350
v -24.299999 73.143921 -19.092361
v -136.457001 60.993916 -11.591352
v -136.457001 61.793911 -11.591352
v -135.643997 75.101921 -8.124359
v -45.599998 76.343910 -19.092361
v -45.299999 73.443924 -19.092361
v -45.599998 73.143921 -19.092361
v -146.977005 -4.859089 -14.091343
v -146.854004 -3.272089 -14.091343
v -147.656998 -4.539087 -14.091343
v -90.000000 71.640930 -19.092361
v -89.248001 71.841919 -19.092361
v -89.502998 70.540924 -19.092361
v -90.166000 70.498924 -19.092361
v -91.419998 70.906914 -19.092361
v -90.751999 71.841919 -19.092361
v -90.819000 70.623924 -19.092361
v -88.872002 70.745918 -19.092361
v -147.253998 -2.881087 -14.091343
v -147.503006 -2.379088 -14.091343
v -148.679001 -3.451089 -14.091343
v -89.248001 74.445915 -19.092361
v -88.310997 75.185921 -19.092361
v -88.697998 73.895905 -19.092361
v -87.856003 74.701904 -19.092361
v -87.536003 74.119904 -19.092361
v -148.237000 -4.060089 -14.091343
v -148.237000 -4.060089 -11.091343
v -88.497002 73.143921 -19.092361
v -87.371002 72.811920 -19.092361
v -87.371002 73.475914 -19.092361
v -148.955994 -2.752088 -11.091343
v -148.679001 -3.451089 -11.091343
v -88.872002 75.541916 -19.092361
v -87.856003 71.585915 -19.092361
v -88.310997 71.101921 -19.092361
v -88.697998 72.391914 -19.092361
v -87.536003 72.167931 -19.092361
v -149.440002 -2.876087 -15.891346
v -149.117004 -3.692087 -12.891346
v -149.440002 -2.876087 -12.891346
v -148.955994 -2.752088 -14.091343
v -155.699997 -6.556089 -12.891344
v -91.931999 71.329918 -19.092361
v -91.302002 72.391914 -19.092361
v -149.050003 -2.006087 -14.091343
v -92.650002 73.143921 -19.092361
v -91.502998 73.143921 -19.092361
v -92.567001 72.484924 -19.092361
v -92.321999 71.866920 -19.092361
v -142.796005 -0.718087 -15.891346
v -142.578003 -1.567088 -15.891346
v -144.746002 -1.289088 -15.891346
v -144.561996 -2.006087 -15.891346
v -144.561996 -1.818088 -14.091343
v -145.768997 -0.533088 -15.891346
v -144.559998 1.160912 -15.891346
v -145.253006 -0.749088 -15.891346
v -143.819000 0.690912 -15.891346
v -91.302002 73.895905 -19.092361
v -92.567001 73.802910 -19.092361
v -92.321999 74.420914 -19.092361
v -146.143997 -0.509088 -15.891346
v -145.393997 1.431912 -15.891346
v -146.684006 -0.659088 -15.891346
v -147.132004 1.322912 -15.891346
v -91.931999 74.957916 -19.092361
v -90.751999 74.445915 -19.092361
v -145.589996 -0.591088 -14.091343
v -91.419998 75.380920 -19.092361
v -35.153999 -2.881087 -15.891346
v -36.500999 -4.402091 -15.891346
v -34.414001 -3.433087 -14.091343
v -33.293999 -5.444089 -12.891346
v -32.459999 -5.173089 -12.891346
v -24.299999 -6.556089 -12.891344
v -34.169998 -5.499087 -12.891346
v -40.049999 -6.556089 -12.891344
v -33.388000 -4.953087 -14.091343
v -32.673000 -4.720089 -11.091343
v -32.673000 -4.720089 -14.091343
v -91.302002 72.391914 -13.088356
v -88.697998 72.391914 -13.088356
v -90.751999 71.841919 -13.088356
v -48.060001 25.050915 -8.591351
v -47.923000 25.129913 -8.384350
v -48.183998 25.341915 -8.487350
v -91.502998 73.143921 -13.088356
v -91.302002 73.895905 -13.088356
v -47.542000 24.483913 -8.225350
v -47.792999 24.818913 -8.384350
v -47.908001 24.483913 -8.591351
v -90.751999 74.445915 -13.088356
v -90.000000 74.646904 -13.088356
v -47.743000 25.233913 -8.225350
v -89.248001 74.445915 -13.088356
v -91.340599 76.343910 -12.891357
v -90.819000 75.663910 -12.891357
v -91.419998 75.380920 -12.891357
v -91.931999 74.957916 -12.891357
v -92.321999 74.420914 -12.891357
v -101.767998 76.343910 -12.891357
v -47.896000 25.629913 -8.175350
v -92.650002 73.143921 -12.891357
v -92.567001 73.802910 -12.891357
v -47.994999 24.764912 -8.712349
v -92.567001 72.484924 -12.891357
v -48.292000 25.782913 -8.225350
v -48.591999 26.165913 -8.125351
v -48.474998 25.465912 -8.591351
v -45.599998 76.343910 -12.891357
v -48.681000 25.832912 -8.304352
v -89.502998 75.746910 -12.891357
v -90.819000 75.663910 -19.092361
v -90.166000 75.788910 -12.891357
v -90.166000 75.788910 -19.092361
v -89.502998 75.746910 -19.092361
v -134.399994 76.343910 -19.092361
v -43.542999 60.993916 -11.091352
v -43.542999 61.793911 -11.091352
v -43.610001 75.443916 -9.058358
v -43.542999 60.993916 -11.591352
v -43.542999 61.793911 -11.591352
v -34.138000 -5.000087 -11.091343
v -34.138000 -5.000087 -14.091343
v -32.037998 -4.318089 -14.091343
v -32.993999 -3.162088 -14.091343
v -35.032001 -5.335087 -12.891346
v -35.825001 -4.961087 -12.891346
v -34.876999 -4.859089 -14.091343
v -35.556999 -4.539087 -14.091343
v -34.876999 -4.859089 -11.091343
v -31.523001 -3.769088 -14.091343
v -30.974001 -1.630088 -14.091343
v -32.462002 -1.818088 -14.091343
v -36.137001 -4.060089 -14.091343
v -36.137001 -4.060089 -11.091343
v -35.450001 -2.006087 -14.091343
v -35.334000 -1.458089 -14.091343
v -36.855999 -1.260088 -14.091343
v -35.403000 -2.379088 -14.091343
v -36.578999 -3.451089 -14.091343
v -35.042999 -3.033087 -14.091343
v -43.542999 75.443916 -11.091354
v -30.695999 -0.718087 -15.891346
v -32.646000 -1.289088 -15.891346
v -31.118000 0.050913 -15.891346
v -31.523001 -0.243088 -14.091343
v -31.160999 -0.902088 -14.091343
v -31.523001 -0.243088 -11.091343
v -30.478001 -1.567088 -12.891346
v -30.695999 -0.718087 -12.891346
v -32.037998 0.305912 -14.091343
v -32.736000 -1.124088 -14.091343
v -24.299999 73.143921 -12.891357
v -31.118000 0.050913 -12.891346
v -32.037998 0.305912 -11.091343
v -32.673000 0.707912 -14.091343
v -31.719000 0.690912 -12.891346
v -43.536999 74.240921 -11.091354
v -43.536999 75.443916 -11.091354
v -43.504002 75.239914 -12.056358
v -43.493999 76.933914 -12.322357
v -43.520000 75.095924 -11.585358
v -43.532001 74.781914 -11.258354
v -43.536999 74.468910 -11.117355
v -135.100006 77.043915 -17.891357
v -135.100006 73.843910 -18.691360
v -135.100006 73.843910 -17.891357
v -90.000000 74.646904 -19.092361
v -23.202999 74.493919 -11.124359
v -23.202999 74.935921 -11.372361
v -134.699997 76.643921 -19.092361
v -140.750000 -6.556089 -19.092350
v -156.000000 -6.856091 -19.092350
v -155.699997 -6.556089 -19.092350
v -132.957993 -8.547088 -9.056345
v -132.699005 -8.513088 -9.057344
v -132.957993 -8.428088 -8.615343
v -155.699997 73.143921 -19.092361
v -134.699997 73.443924 -19.092361
v -134.399994 73.143921 -19.092361
v -132.610001 -7.935086 -8.242346
v -132.957993 -7.923089 -8.164343
v -132.723007 -8.096089 -8.299345
v -136.468002 74.781914 -11.258354
v -136.462997 74.468910 -11.117355
v -136.462997 75.443916 -11.091354
v -132.763000 -7.548088 -8.110346
v -132.574997 -7.548088 -8.167345
v -136.479996 75.095924 -11.585358
v -132.957993 -8.210088 -8.350344
v -132.623001 -8.435088 -8.776346
v -136.462997 74.240921 -11.091354
v -136.457001 75.443916 -11.091354
v -77.847000 2.416443 -11.891346
v -77.842003 11.483912 -11.891348
v -77.847000 11.483912 -11.891348
v -77.847000 5.500913 -12.611347
v -60.349998 4.343912 -17.891346
v -60.349998 4.343912 -18.891346
v -72.599998 4.343912 -14.891346
v -60.349998 3.143912 -18.891346
v -119.650002 3.143912 -18.891346
v -119.650002 4.343912 -18.891346
v -136.264999 75.443916 -8.638359
v -136.304001 -7.548088 -8.685343
v -136.254395 75.443916 -8.603360
v -102.203003 5.500913 -12.611347
v -102.203003 2.416443 -11.891346
v -77.842003 11.483912 -13.391348
v -77.847000 11.540912 -13.391348
v -77.847000 11.483912 -13.391348
v -77.847000 11.540912 -13.473341
v -135.559998 75.443916 -8.135590
v -135.559998 75.443916 -8.136017
v -135.880997 75.101921 -8.220360
v -136.241592 75.443916 -8.603360
v -136.391006 75.443916 -9.056358
v -136.298004 75.443916 -8.688358
v -136.272003 75.839920 -8.619358
v -72.599998 31.343910 -14.891350
v -72.599998 4.343912 -12.891346
v -136.087006 75.443916 -8.372356
v -135.881302 75.443916 -8.219170
v -135.882004 75.443916 -8.219357
v -136.175995 75.443916 -8.505360
v -85.207001 25.790909 -14.891350
v -85.207001 25.790909 -18.691353
v -84.872002 26.147911 -18.691353
v -84.872002 26.147911 -14.891350
v -84.637001 26.575909 -14.891350
v -77.842003 25.483913 -11.891350
v -77.842003 25.483910 -13.391350
v -22.546000 -8.747087 -17.891346
v -23.599991 -7.256088 -17.891346
v -22.271000 -8.530089 -17.891346
v -22.047001 -8.145088 -17.891346
v -22.999001 -8.857088 -17.891346
v -22.000000 -7.857090 -17.891346
v -84.637001 26.575909 -18.691353
v -48.042000 24.483913 -11.891350
v -49.042000 25.483913 -11.891350
v -102.157997 11.540912 -13.391348
v -39.250000 -6.556089 -17.891346
v -146.143997 -0.509088 -14.091343
v -143.218002 0.050913 -15.891346
v -146.270004 1.486913 -15.891346
v -23.794001 -7.062089 -19.034344
v -39.250000 -7.008088 -19.057346
v -144.835999 -1.124088 -14.091343
v -39.250000 -7.256088 -18.691349
v -23.603001 -7.253089 -18.725346
v -39.250000 -7.171088 -18.932346
v -143.261002 -0.902088 -14.091343
v -143.074005 -1.630088 -14.091343
v -144.138000 0.305912 -14.091343
v -143.623001 -0.243088 -14.091343
v -144.654999 -2.558087 -14.091343
v -143.074005 -2.382088 -14.091343
v -143.623001 -0.243088 -11.091343
v -142.796005 -0.718087 -12.891346
v -146.977005 0.846912 -14.091343
v -147.656998 0.526913 -14.091343
v -146.514008 -0.579088 -14.091343
v -146.998993 -0.859088 -14.091343
v -145.093994 -0.850088 -14.091343
v -22.497000 -8.359089 -12.042345
v -144.772995 0.707912 -14.091343
v -145.488007 0.940912 -14.091343
v -146.238007 0.987912 -14.091343
v -143.218002 0.050913 -12.891346
v -143.819000 0.690912 -12.891346
v -144.559998 1.160912 -12.891346
v -139.949997 4.343912 -12.891346
v -22.823999 -8.568088 -12.046343
v -23.202999 -8.652088 -12.056345
v -23.016001 -8.502089 -11.598345
v -23.202999 -8.507089 -11.571344
v -43.609001 75.443916 -9.056358
v -22.747000 -8.511088 -11.858347
v -22.238001 -7.911088 -12.048342
v -22.204000 -7.653089 -12.056345
v -22.349001 -7.653089 -11.571344
v -22.464001 -8.138087 -11.624346
v -43.758419 75.443916 -8.603360
v -43.745609 75.443916 -8.603360
v -43.735001 75.443916 -8.638359
v -43.702000 75.443916 -8.688358
v -43.728001 75.839920 -8.619358
v -43.834999 75.101921 -8.472359
v -43.755001 75.443916 -8.572357
v -43.824001 75.443916 -8.505360
v -48.762001 25.530914 -8.712349
v -49.042000 25.483913 -9.091351
v -48.783001 25.449913 -9.091351
v -49.042000 25.617912 -8.591351
v -43.912998 75.443916 -8.372356
v -44.118000 75.443916 -8.219357
v -44.118999 75.443916 -8.220360
v -48.783001 25.449913 -11.891350
v -48.438999 25.270912 -11.891350
v -49.042000 25.776913 -8.384350
v -49.042000 25.983913 -8.225350
v -45.599998 73.143921 -12.891357
v -44.900002 77.043915 -17.891357
v -43.299999 75.443916 -17.891357
v -44.900002 73.843910 -17.891357
v -130.957993 25.617912 -8.591351
v -45.066002 73.677917 -19.014359
v -45.094002 76.849915 -19.034355
v -44.903000 73.840919 -18.725357
v -22.500000 32.893913 -17.891350
v -23.599991 42.795914 -17.891354
v -22.500000 33.693913 -17.891350
v -22.719999 32.893913 -11.591349
v -22.204000 32.893913 -12.056353
v -44.355999 75.101921 -8.124359
v -44.608002 75.991920 -8.110359
v -43.327999 77.877914 -17.891357
v -43.546001 78.300919 -17.891357
v -43.723000 78.459930 -17.891357
v -44.112999 78.625931 -17.891357
v -43.299999 77.643921 -17.891357
v -147.132004 1.322912 -12.891346
v -155.699997 46.943913 -12.891354
v -146.270004 1.486913 -12.891346
v -145.393997 1.431912 -12.891346
v -31.719000 0.690912 -15.891346
v -32.459999 1.160912 -15.891346
v -149.117004 -0.320088 -15.891346
v -148.600998 0.389912 -15.891346
v -147.143005 -0.979088 -15.891346
v -147.925003 0.948913 -15.891346
v -147.434006 -1.458089 -15.891346
v -149.440002 -1.136088 -15.891346
v -147.550003 -2.006087 -15.891346
v -147.526001 -1.819088 -14.091343
v -147.363998 -1.283088 -14.091343
v -35.825001 0.948913 -15.891346
v -35.032001 1.322912 -15.891346
v -34.584000 -0.659088 -15.891346
v -35.403000 -1.633088 -15.891346
v -37.016998 -0.320088 -15.891346
v -35.153999 -1.131088 -15.891346
v -36.500999 0.389912 -15.891346
v -35.425999 -2.193088 -15.891346
v -37.450001 -2.006087 -15.891346
v -34.754002 -0.740088 -14.091343
v -148.955994 -1.260088 -14.091343
v -148.237000 0.047912 -14.091343
v -33.153000 -0.749088 -15.891346
v -33.856998 -0.521088 -15.891346
v -33.293999 1.431912 -15.891346
v -34.169998 1.486913 -15.891346
v -32.459999 1.160912 -12.891346
v -148.679001 -0.561088 -14.091343
v -149.440002 -1.136088 -12.891346
v -149.550003 -2.006087 -15.891346
v -149.550003 -2.006087 -12.891346
v -149.117004 -0.320088 -12.891346
v -148.955994 -1.260088 -11.091343
v -33.311001 -0.649087 -14.091343
v -34.043999 -0.509088 -14.091343
v -149.050003 -2.006087 -11.091343
v -147.925003 0.948913 -12.891346
v -35.556999 0.526913 -14.091343
v -36.137001 0.047912 -14.091343
v -34.876999 0.846912 -14.091343
v -148.600998 0.389912 -12.891346
v -36.578999 -0.561088 -14.091343
v -35.042999 -0.979088 -14.091343
v -146.977005 0.846912 -11.091343
v -33.388000 0.940912 -14.091343
v -34.138000 0.987912 -14.091343
v -32.673000 0.707912 -11.091343
v -34.138000 0.987912 -11.091343
v -33.293999 1.431912 -12.891346
v -34.169998 1.486913 -12.891346
v -34.876999 0.846912 -11.091343
v -35.556999 0.526913 -11.091343
v -35.825001 0.948913 -12.891346
v -40.049999 4.343912 -12.891346
v -35.032001 1.322912 -12.891346
v -31.160999 -3.110087 -11.091343
v -23.202999 -7.653089 -11.091341
v -30.974001 -2.382088 -11.091343
v -31.523001 -3.769088 -11.091343
v -30.974001 -1.630088 -11.091343
v -32.037998 -4.318089 -11.091343
v -33.388000 -4.953087 -11.091343
v -43.542999 -7.653089 -11.091341
v -35.556999 -4.539087 -11.091343
v -47.247002 78.140930 -13.768356
v -132.753006 78.140930 -13.768356
v -47.247002 77.646919 -11.440361
v -43.542999 -7.619088 -11.091341
v -23.202999 4.793913 -11.091343
v -31.160999 -0.902088 -11.091343
v -43.542999 4.793913 -11.091343
v -36.137001 0.047912 -11.091343
v -102.203003 11.540912 -13.473341
v -33.388000 0.940912 -11.091343
v -87.495003 25.647911 -18.691353
v -85.207001 28.796909 -18.691353
v -87.053001 25.438911 -18.691353
v -86.571999 25.347908 -18.691353
v -87.871002 25.958908 -18.691353
v -85.620003 29.057911 -18.691353
v -88.158997 26.354908 -18.691353
v -86.571999 29.239910 -18.691353
v -86.084999 25.378910 -18.691353
v -85.620003 25.529911 -18.691353
v -86.084999 25.378910 -14.891350
v -22.500000 4.793911 -17.891346
v -22.500000 5.593912 -17.891346
v -107.400002 4.343912 -14.891346
v -86.571999 25.347908 -14.891350
v -22.000000 18.843910 -17.891350
v -22.000000 5.593912 -17.891346
v -22.500000 18.843910 -17.891350
v -87.053001 25.438911 -14.891350
v -88.158997 26.354908 -14.891350
v -87.871002 25.958908 -14.891350
v -88.338997 26.808910 -14.891350
v -85.620003 25.529911 -14.891350
v -22.204000 5.593912 -12.056347
v -87.495003 25.647911 -14.891350
v -22.719999 5.593912 -11.591343
v -102.157997 25.483910 -13.391350
v -102.157997 25.483913 -11.891350
v -22.719999 4.793913 -11.591343
v -22.267000 4.793913 -11.738346
v -22.445000 4.793913 -11.439350
v -22.204000 4.793913 -12.056347
v -22.733000 4.793913 -11.208347
v -22.000000 4.793911 -17.891346
v -23.041000 4.793913 -11.104343
v -130.957993 25.983913 -8.225350
v -136.244995 75.443916 -8.572357
v -136.244995 75.101921 -8.572357
v -102.203003 11.540912 -11.891348
v -135.774002 75.817924 -8.167358
v -135.880997 75.443916 -8.220360
v -119.650002 4.343912 -17.891346
v -131.957993 -7.681089 -11.891344
v -60.349998 3.143912 -17.891346
v -119.650002 3.143912 -17.891346
v -107.400002 4.343912 -12.891346
v -157.001007 75.443916 -17.891357
v -156.796997 75.239914 -12.056358
v -136.699997 75.443916 -17.891357
v -138.750000 3.143912 -17.891346
v -156.399994 73.843910 -17.891357
v -134.934006 73.677917 -19.014359
v -156.233994 73.677917 -19.014359
v -135.100006 77.043915 -18.691360
v -134.945999 76.889915 -19.002357
v -135.029007 73.772919 -18.916359
v -135.886993 78.625931 -17.891357
v -136.365005 78.380920 -17.891357
v -135.699005 78.644920 -17.891357
v -136.699997 77.643921 -17.891357
v -136.671997 77.877914 -17.891357
v -146.238007 0.987912 -11.091343
v -136.089996 78.563904 -17.877357
v -136.457001 78.296921 -17.865356
v -143.261002 -3.110087 -11.091343
v -143.074005 -2.382088 -11.091343
v -143.623001 -3.769088 -11.091343
v -144.138000 -4.318089 -11.091343
v -136.457001 -7.619088 -11.091341
v -136.457001 -7.653089 -11.091341
v -134.399994 76.343910 -12.891357
v -134.399994 73.143921 -12.891357
v -132.757996 75.957924 -8.119358
v -22.267000 32.893913 -11.738352
v -22.445000 32.893913 -11.439356
v -22.733000 32.893913 -11.208353
v -22.000000 32.893913 -17.891350
v -23.041000 32.893913 -11.104349
v -22.719999 33.693913 -11.591349
v -132.753006 77.646919 -11.440361
v -22.445000 33.693913 -11.439356
v -22.302000 33.693913 -11.665354
v -22.204000 33.693913 -12.056353
v -22.000000 33.693913 -17.891350
v -45.014999 76.928925 -18.969360
v -22.808001 33.693913 -11.176356
v -23.041000 33.693913 -11.104349
v -44.300999 78.644920 -17.891357
v -22.000000 46.943913 -17.891354
v -23.202999 33.693913 -11.091349
v -22.712999 -7.653089 -11.219347
v -44.905998 77.037918 -18.759361
v -22.778999 -8.127089 -11.319345
v -131.618301 78.525269 -16.094360
v -131.893997 78.516830 -15.967361
v -48.382710 78.525269 -16.094360
v -23.202999 -8.348088 -11.372347
v -132.598999 78.469551 -15.257355
v -132.753006 78.452255 -14.997650
v -132.268005 78.497444 -15.676361
v -23.202999 -7.906088 -11.124346
v -131.893997 78.295815 -15.967361
v -131.618301 78.304779 -16.094360
v -132.268005 78.275330 -15.676361
v -132.753006 78.227524 -14.997650
v -132.598999 78.245804 -15.257355
v -48.382710 78.304779 -16.094360
v -132.753006 78.443924 -14.872361
v -132.753006 77.925911 -12.198357
v -44.035999 -8.507089 -11.571344
v -144.772995 -4.720089 -11.091343
v -145.488007 -4.953087 -11.091343
v -146.238007 -5.000087 -11.091343
v -39.250000 -7.256088 -17.891346
v -143.074005 -1.630088 -11.091343
v -41.250000 -8.727088 -14.191347
v -156.796997 -7.653089 -11.091341
v -147.656998 -4.539087 -11.091343
v -146.977005 -4.859089 -11.091343
v -143.261002 -0.902088 -11.091343
v -144.138000 0.305912 -11.091343
v -144.772995 0.707912 -11.091343
v -145.488007 0.940912 -11.091343
v -136.457001 4.793913 -11.091343
v -41.250000 -8.857088 -17.891346
v -156.796997 4.793913 -11.091343
v -40.049999 -6.556089 -17.891346
v -148.237000 0.047912 -11.091343
v -148.679001 -0.561088 -11.091343
v -147.656998 0.526913 -11.091343
v -41.250000 -6.556089 -14.191347
v -41.250000 3.143912 -17.891346
v -139.949997 4.343912 -17.891346
v -138.750000 3.143912 -12.891346
v -43.838001 -8.348088 -11.372347
v -136.457001 5.593912 -11.091343
v -136.457001 5.593912 -11.591343
v -136.457001 4.793913 -11.591343
v -44.509998 -8.652088 -12.056345
v -43.542999 78.296921 -17.865356
v -43.416000 78.108917 -17.861359
v -43.811001 78.507904 -17.874359
v -44.196999 78.638916 -17.887360
v -43.577000 -7.878089 -11.083345
v -44.401001 78.443924 -14.872361
v -43.912998 78.308914 -14.873360
v -44.013000 78.359924 -14.838356
v -43.643002 78.089920 -14.862358
v -43.652000 -8.071089 -11.189348
v -43.646000 78.098930 -14.892357
v -43.542999 32.893913 -11.591349
v -23.202999 32.893913 -11.091349
v -43.542999 33.693913 -11.091349
v -43.542999 33.693913 -11.591349
v -44.102001 77.845917 -12.204362
v -43.523998 77.167931 -12.286362
v -43.733002 77.581924 -12.258354
v -23.599991 59.179913 -17.891354
v -22.500000 47.743912 -17.891354
v -135.802994 78.638916 -17.887360
v -135.598999 78.443924 -14.872361
v -136.567993 77.688919 -14.932358
v -43.609001 77.390930 -12.256355
v -136.354004 78.098930 -14.892357
v -136.087006 78.308914 -14.873360
v -135.987000 78.359924 -14.838356
v -43.837002 77.086914 -10.472359
v -43.553001 76.429924 -10.660358
v -43.667999 76.878914 -10.559357
v -136.356995 78.089920 -14.862358
v -135.996002 77.791931 -12.214355
v -43.605999 75.830910 -9.119358
v -136.505997 76.933914 -12.322357
v -136.266998 77.581924 -12.258354
v -44.153999 77.299904 -10.405357
v -43.931999 76.467918 -8.796355
v -22.500000 46.943913 -17.891354
v -136.389999 -7.548088 -9.058344
v -22.204000 46.943913 -12.056355
v -22.000000 47.743912 -17.891354
v -22.204000 47.743912 -12.056355
v -22.719999 47.743912 -11.591351
v -22.267000 46.943913 -11.738354
v -23.202999 46.943913 -11.091351
v -43.542999 46.943913 -11.091351
v -156.796997 5.593912 -11.091343
v -23.041000 46.943913 -11.104351
v -22.733000 46.943913 -11.208355
v -22.445000 46.943913 -11.439358
v -22.302000 47.743912 -11.665356
v -22.719999 46.943913 -11.591351
v -22.445000 47.743912 -11.439358
v -22.808001 47.743912 -11.176357
v -23.041000 47.743912 -11.104351
v -157.500000 5.593912 -17.891346
v -156.399994 -7.256088 -17.891346
v -157.500000 4.793911 -17.891346
v -158.000000 4.793911 -17.891346
v -157.796005 4.793913 -12.056347
v -43.542999 47.743912 -11.591351
v -157.279999 4.793913 -11.591343
v -22.445000 60.993916 -11.439360
v -157.279999 5.593912 -11.591343
v -157.796005 5.593912 -12.056347
v -23.202999 47.743912 -11.091351
v -43.542999 47.743912 -11.091351
v -23.041000 60.993916 -11.104353
v -156.959000 4.793913 -11.104343
v -156.959000 5.593912 -11.104343
v -22.445000 5.593912 -11.439350
v -22.302000 5.593912 -11.665348
v -135.391998 76.497910 -8.374359
v -132.757996 76.400925 -8.291360
v -132.753006 76.497910 -8.374359
v -132.753006 76.284348 -8.291360
v -132.757996 39.483913 -8.291354
v -132.753006 76.400925 -8.291360
v -132.753006 76.716904 -8.690356
v -132.753006 76.904930 -9.357357
v -132.753006 77.391914 -10.418358
v -22.808001 5.593912 -11.176350
v -23.041000 5.593912 -11.104343
v -140.750000 -7.008088 -19.057346
v -140.750000 -6.556089 -17.891346
v -140.750000 -7.139091 -18.974346
v -140.750000 -7.256088 -18.691349
v -140.750000 -7.256088 -17.891346
v -23.202999 5.593912 -11.091343
v -139.949997 -6.556089 -17.891346
v -138.750000 -8.857088 -17.891346
v -43.542999 4.793913 -11.591343
v -139.949997 -6.556089 -12.891344
v -22.733000 18.843914 -11.208349
v -138.750000 -6.556089 -14.191347
v -22.445000 18.843914 -11.439352
v -22.204000 18.843914 -12.056349
v -135.490005 -8.652088 -12.056345
v -138.750000 -8.727088 -14.191347
v -132.957993 -8.680088 -12.856348
v -43.542999 5.593912 -11.591343
v -43.542999 18.843914 -11.091345
v -43.542999 5.593912 -11.091343
v -135.457993 -8.618088 -11.089342
v -135.964005 -8.507089 -11.571344
v -23.041000 18.843914 -11.104345
v -22.500000 19.643909 -17.891350
v -22.000000 19.643909 -17.891350
v -102.157997 11.540912 -11.891348
v -107.400002 31.343910 -12.891350
v -22.719999 18.843914 -11.591345
v -130.957993 25.483913 -11.891350
v -136.332001 76.871910 -10.538357
v -135.509003 77.925911 -12.198357
v -131.957993 24.483913 -11.891350
v -136.496002 75.239914 -12.056358
v -136.393997 75.830910 -9.119358
v -136.119995 77.122910 -10.458359
v -135.449997 77.391914 -10.418358
v -135.837997 77.309914 -10.420357
v -131.457993 25.349915 -11.891350
v -132.578003 24.483913 -8.175350
v -132.283997 -7.548088 -8.362345
v -135.391998 76.716904 -8.690356
v -135.798996 76.634918 -8.718357
v -136.360992 76.028931 -8.988358
v -130.957993 25.483913 -9.091351
v -131.744003 25.087914 -11.891350
v -135.593002 76.077904 -8.157356
v -135.783997 75.942917 -8.184357
v -43.608002 75.805931 -9.058358
v -44.195000 -8.432087 -8.896345
v -135.957001 -8.484089 -11.077341
v -44.610001 -8.547088 -9.056345
v -136.423004 -7.878089 -11.083345
v -43.743999 -8.047089 -9.045343
v -43.903000 -8.254086 -9.043344
v -136.348007 -8.071089 -11.189348
v -136.322998 -8.118089 -11.078348
v -43.542999 46.943913 -11.591351
v -136.162003 -8.348088 -11.372347
v -136.199005 -8.135088 -9.044344
v -22.000000 60.993916 -17.891354
v -23.603001 73.840919 -18.725357
v -135.389999 -8.547088 -9.056345
v -135.623993 -8.520088 -9.049345
v -22.267000 60.993916 -11.738356
v -135.830002 -8.440088 -9.005346
v -22.204000 60.993916 -12.056356
v -23.202999 60.993916 -11.091352
v -135.389999 -8.506088 -8.804346
v -136.313004 -7.930089 -9.047346
v -43.542999 32.893913 -11.091349
v -43.610001 -7.548088 -9.058344
v -43.639000 75.957924 -8.910358
v -43.721001 76.028931 -8.702358
v -22.719999 19.643913 -11.591347
v -22.204000 19.643913 -12.056351
v -22.267000 18.843914 -11.738348
v -43.722000 76.209930 -8.875359
v -43.845001 76.119904 -8.543358
v -22.445000 19.643913 -11.439354
v -22.302000 19.643913 -11.665352
v -22.808001 19.643913 -11.176353
v -44.209000 76.366920 -8.378356
v -44.011002 76.167931 -8.385357
v -23.041000 19.643913 -11.104347
v -44.201000 76.634918 -8.718357
v -23.202999 19.643913 -11.091347
v -23.202999 18.843914 -11.091345
v -44.216000 75.942917 -8.184357
v -44.022999 75.891914 -8.289357
v -44.405998 76.250916 -8.227360
v -44.226002 75.817924 -8.167358
v -44.608002 76.347916 -8.254356
v -43.542999 19.643913 -11.091347
v -43.542999 19.643913 -11.591347
v -43.542999 18.843914 -11.591345
v -157.266998 4.793913 -11.208347
v -157.554993 4.793913 -11.439350
v -157.733002 4.793913 -11.738346
v -157.651001 -7.653089 -11.571344
v -44.042000 -8.295089 -8.759344
v -44.132000 -8.201088 -8.528345
v -43.807999 -7.939086 -8.648344
v -157.755005 5.593912 -11.816349
v -157.488998 5.593912 -11.375347
v -158.000000 5.593912 -17.891346
v -157.266998 5.593912 -11.208347
v -43.757999 -7.778089 -8.627344
v -44.051998 -7.778089 -8.297346
v -136.457001 18.843914 -11.091345
v -156.796997 18.843914 -11.091345
v -43.687000 -7.548088 -8.723345
v -43.946999 -7.548088 -8.351343
v -157.037994 18.843914 -11.124350
v -44.235001 -7.548088 -8.164343
v -44.248001 -7.776086 -8.190344
v -44.379002 -8.095087 -8.298347
v -44.432999 -7.851089 -8.161344
v -44.278999 -8.434089 -8.769346
v -136.457001 19.643913 -11.091347
v -136.457001 19.643913 -11.591347
v -136.457001 18.843914 -11.591345
v -135.391998 76.347916 -8.254356
v -135.391998 76.084930 -8.137360
v -136.149002 76.400925 -8.829357
v -136.320007 75.993904 -8.806358
v -156.796997 19.643913 -11.091347
v -47.042000 -8.680088 -12.856348
v -48.042000 -8.680088 -12.856348
v -47.372002 -8.613088 -12.529346
v -48.042000 -8.455089 -12.271341
v -41.250000 -6.556089 -12.891344
v -47.272999 -8.519089 -9.035345
v -47.042000 -8.547088 -9.056345
v -131.923996 24.742912 -9.091351
v -131.957993 24.483913 -9.091351
v -47.814999 -8.288089 -12.097345
v -131.457993 25.349915 -9.091351
v -48.042000 -8.171088 -12.019342
v -48.030998 -7.798089 -11.898348
v -48.042000 -7.934089 -11.924341
v -48.042000 -7.681089 -11.891344
v -131.688995 25.214912 -8.832352
v -131.744003 25.087914 -9.091351
v -44.610001 -7.923089 -8.164343
v -44.610001 -8.296088 -8.427343
v -135.389999 -7.920086 -8.171343
v -135.389999 -8.243089 -8.372343
v -135.389999 -8.402088 -8.571344
v -44.610001 -8.428088 -8.615343
v -135.917007 -8.303088 -8.713343
v -47.495998 -8.439087 -9.060343
v -47.331001 -8.434089 -8.731344
v -47.500000 -8.310088 -8.644346
v -47.612999 -8.283089 -8.745344
v -136.169006 -7.999086 -8.680345
v -135.742996 -8.294088 -8.536344
v -136.080002 -7.794086 -8.425344
v -136.108002 -7.548088 -8.404346
v -135.602005 -7.852087 -8.169344
v -135.835999 -7.548088 -8.196344
v -135.972000 -7.939086 -8.381346
v -135.912003 -8.106089 -8.451345
v -136.153000 76.039917 -8.491360
v -135.569000 76.410919 -8.327358
v -135.841003 76.346924 -8.399357
v -135.988998 76.167931 -8.385357
v -146.270004 -5.499087 -12.891346
v -37.016998 -3.692087 -15.891346
v -37.340000 -2.876087 -15.891346
v -156.796997 -8.652088 -12.056345
v -37.340000 -2.876087 -12.891346
v -37.016998 -3.692087 -12.891346
v -156.796997 -7.906088 -11.124346
v -131.992004 24.483913 -8.832352
v -132.091995 24.483913 -8.591351
v -132.130005 24.797913 -8.487350
v -132.251007 24.483913 -8.384350
v -132.406998 24.871914 -8.225350
v -158.000000 60.993916 -17.891354
v -157.500000 60.993916 -17.891354
v -156.399994 59.179913 -17.891354
v -157.500000 61.793911 -17.891354
v -158.000000 61.793911 -17.891354
v -132.167007 25.181915 -8.304352
v -157.279999 60.993916 -11.591352
v -131.940002 25.050915 -8.591351
v -131.759995 25.285915 -8.591351
v -157.279999 61.793911 -11.591352
v -157.796005 61.793911 -12.056356
v -156.796997 61.793911 -11.091352
v -136.457001 47.743912 -11.091351
v -132.466003 25.354912 -8.125351
v -157.733002 61.793911 -11.738356
v -157.554993 61.793911 -11.439360
v -157.266998 61.793911 -11.208357
v -131.828003 25.991913 -8.125351
v -131.408005 26.165913 -8.125351
v -131.319000 25.832912 -8.304352
v -157.117004 61.793911 -11.144354
v -131.238007 25.530914 -8.712349
v -131.216995 25.449913 -9.091351
v -47.242001 39.483913 -8.291354
v -47.326000 39.104912 -8.291354
v -48.242001 38.483913 -8.291354
v -47.535000 38.776913 -8.291354
v -47.742001 38.617912 -8.291354
v -72.599998 31.343910 -12.891350
v -44.971001 73.772919 -18.916359
v -87.536003 72.167931 -12.891357
v -87.371002 72.811920 -12.891357
v -47.731998 78.497444 -15.676361
v -47.401001 78.469551 -15.257355
v -47.242001 76.013924 -8.114357
v -48.106998 78.516830 -15.967361
v -47.247002 78.452255 -14.997650
v -47.247002 78.443924 -14.872361
v -48.106998 78.295815 -15.967361
v -87.856003 71.585915 -12.891357
v -47.731998 78.275330 -15.676361
v -47.401001 78.245804 -15.257355
v -47.247002 78.227524 -14.997650
v -23.766001 73.677917 -19.014359
v -22.500000 60.993916 -17.891354
v -22.500000 61.793911 -17.891354
v -23.599991 73.843910 -17.891357
v -44.491001 77.925911 -12.198357
v -47.247002 77.925911 -12.198357
v -47.247002 77.391914 -10.418358
v -44.549999 77.391914 -10.418358
v -22.719999 60.993916 -11.591352
v -22.733000 60.993916 -11.208357
v -36.578999 -3.451089 -11.091343
v -157.733002 18.843914 -11.738348
v -36.500999 -4.402089 -12.891346
v -36.855999 -2.752088 -14.091343
v -36.855999 -2.752088 -11.091343
v -157.500000 18.843910 -17.891350
v -41.250000 3.143912 -12.891346
v -157.796005 18.843914 -12.056349
v -158.000000 18.843910 -17.891350
v -37.340000 -1.136088 -15.891346
v -157.266998 18.843914 -11.208349
v -37.450001 -2.006087 -12.891346
v -37.340000 -1.136088 -12.891346
v -156.397003 73.840919 -18.725357
v -156.397003 -7.253089 -18.725346
v -156.399994 26.411911 -17.891350
v -36.950001 -2.006087 -14.091343
v -158.000000 19.643909 -17.891350
v -158.000000 32.893913 -17.891350
v -157.500000 19.643909 -17.891350
v -37.016998 -0.320088 -12.891346
v -157.796005 19.643913 -12.056351
v -47.966000 -7.931087 -9.078344
v -47.851002 -8.136088 -9.070345
v -157.279999 19.643913 -11.591347
v -47.293999 -7.994086 -8.251345
v -47.042000 -7.920086 -8.171343
v -157.279999 18.843914 -11.591345
v -47.276001 -7.548088 -8.119345
v -47.495998 -7.548088 -8.200346
v -47.480000 -7.777086 -8.225344
v -156.959000 19.643913 -11.104347
v -157.554993 18.843914 -11.439352
v -47.042000 -8.402088 -8.571344
v -47.042000 -8.243089 -8.372343
v -157.266998 19.643913 -11.208351
v -157.488998 19.643913 -11.375351
v -48.042000 -7.548088 -9.091345
v -131.707993 25.782913 -8.225350
v -47.993999 -7.777086 -8.898344
v -47.966000 -7.548088 -8.708345
v -47.884998 -7.939086 -8.733343
v -132.018005 25.544914 -8.225350
v -131.524994 25.465912 -8.591351
v -47.814999 -7.811089 -8.524343
v -47.771000 -7.548088 -8.417345
v -47.571999 -8.107088 -8.459345
v -90.166000 70.498924 -12.891357
v -84.872002 28.439911 -18.691353
v -84.637001 28.011909 -18.691353
v -84.514999 27.537910 -18.691353
v -84.514999 27.049911 -18.691353
v -84.872002 28.439911 -14.891350
v -84.637001 28.011909 -14.891350
v -85.620003 29.057911 -14.891350
v -85.207001 28.796909 -14.891350
v -84.514999 27.537910 -14.891350
v -84.514999 27.049911 -14.891350
v -107.400002 31.343910 -14.891350
v -131.957993 -7.934089 -11.924341
v -86.084999 29.208908 -18.691353
v -131.957993 -8.535089 -12.371347
v -88.338997 26.808910 -18.691353
v -88.400002 27.293911 -18.691353
v -88.338997 27.778912 -18.691353
v -88.158997 28.232910 -18.691353
v -88.338997 27.778912 -14.891350
v -47.242001 76.400925 -8.291360
v -47.247002 76.400925 -8.291360
v -47.247002 76.284348 -8.291360
v -44.608002 76.716904 -8.690356
v -44.608002 76.497910 -8.374359
v -47.247002 76.497910 -8.374359
v -47.247002 76.716904 -8.690356
v -47.247002 76.904930 -9.357357
v -156.328995 73.772919 -18.916359
v -155.699997 73.143921 -12.891357
v -158.000000 74.444916 -17.891357
v -157.649994 75.204918 -17.891357
v -157.233994 75.415916 -17.891357
v -157.809006 75.031914 -17.891357
v -157.953003 74.732918 -17.891357
v -157.582993 74.843918 -12.043358
v -157.001007 -8.857088 -17.891346
v -157.796005 74.240921 -12.056358
v -157.175995 75.155914 -12.046355
v -156.246002 -7.102089 -19.002346
v -157.755005 19.643913 -11.816353
v -36.500999 0.389912 -12.891346
v -40.049999 4.343912 -17.891346
v -36.950001 -2.006087 -11.091343
v -36.855999 -1.260088 -11.091343
v -36.578999 -0.561088 -11.091343
v -136.457001 33.693913 -11.091349
v -136.457001 32.893913 -11.091349
v -136.457001 33.693913 -11.591349
v -136.457001 32.893913 -11.591349
v -156.796997 33.693913 -11.091349
v -136.457001 46.943913 -11.091351
v -22.245001 61.793911 -11.816359
v -22.391001 61.793911 -11.515356
v -22.719999 61.793911 -11.591352
v -22.577999 61.793911 -11.310354
v -22.204000 61.793911 -12.056356
v -22.000000 61.793911 -17.891354
v -22.808001 61.793911 -11.176359
v -23.202999 61.793911 -11.091352
v -23.638000 73.805916 -18.857361
v -157.453995 -8.747087 -17.891346
v -157.729004 -8.530089 -17.891346
v -22.999001 75.443916 -17.891357
v -22.546000 75.334930 -17.891357
v -22.271000 75.117905 -17.891357
v -22.047001 74.732918 -17.891357
v -22.000000 74.444916 -17.891357
v -131.957993 -8.680088 -12.856348
v -132.494995 -8.538089 -12.398348
v -131.957993 -8.375089 -12.172342
v -132.184998 -8.288089 -12.097345
v -138.750000 -6.556089 -12.891344
v -23.202999 75.239914 -12.056358
v -132.957993 -8.646088 -11.891344
v -22.204000 74.240921 -12.056358
v -22.823999 75.155914 -12.046355
v -86.571999 29.239910 -14.891350
v -87.053001 29.148911 -18.691353
v -87.871002 28.628910 -18.691353
v -87.495003 28.939911 -18.691353
v -87.871002 28.628910 -14.891350
v -86.084999 29.208908 -14.891350
v -88.158997 28.232910 -14.891350
v -88.400002 27.293911 -14.891350
v -87.053001 29.148911 -14.891350
v -87.495003 28.939911 -14.891350
v -131.757996 38.483913 -8.291354
v -132.673996 39.104912 -8.291354
v -132.016998 38.517914 -8.291354
v -132.464996 38.776913 -8.291354
v -157.500000 32.893913 -17.891350
v -157.500000 33.693913 -17.891350
v -158.000000 33.693913 -17.891350
v -158.000000 46.943913 -17.891354
v -157.796005 32.893913 -12.056353
v -157.279999 32.893913 -11.591349
v -157.279999 33.693913 -11.591349
v -157.796005 33.693913 -12.056353
v -156.796997 32.893913 -11.091349
v -157.037994 32.893913 -11.124353
v -158.000000 -7.857090 -17.891346
v -157.796005 -7.653089 -12.056345
v -157.953003 -8.145088 -17.891346
v -157.582993 -8.256087 -12.043344
v -157.703995 74.240921 -11.688354
v -157.761993 -7.911088 -12.048342
v -156.796997 74.240921 -11.091354
v -157.050003 74.240921 -11.124359
v -157.389008 74.240921 -11.295357
v -156.796997 -8.348088 -11.372347
v -156.796997 -8.559089 -11.688341
v -157.287003 -7.653089 -11.219347
v -157.296005 -8.518085 -12.043344
v -156.983994 -8.502089 -11.598345
v -157.253006 -8.511088 -11.858347
v -157.220993 -8.127089 -11.319345
v -157.535995 -8.138087 -11.624346
v -157.733002 32.893913 -11.738352
v -156.796997 75.198914 -11.804359
v -156.796997 75.094910 -11.571358
v -156.796997 74.730904 -11.219360
v -157.270996 74.664917 -11.319359
v -156.959000 33.693913 -11.104349
v -157.266998 32.893913 -11.208353
v -157.554993 32.893913 -11.439356
v -156.796997 74.935921 -11.372361
v -157.761993 74.498924 -12.048355
v -157.647003 74.427910 -11.598358
v -157.488998 33.693913 -11.375353
v -157.755005 33.693913 -11.816355
v -157.266998 33.693913 -11.208353
v -157.654999 74.696915 -11.858360
v -157.281998 74.979919 -11.624359
v -136.457001 47.743912 -11.591351
v -136.457001 46.943913 -11.591351
v -91.931999 71.329918 -12.891357
v -30.695999 -3.294088 -15.891346
v -31.118000 -4.063089 -15.891346
v -31.719000 -4.703087 -12.891346
v -31.118000 -4.063089 -12.891346
v -30.478001 -2.445088 -12.891346
v -30.695999 -3.294088 -12.891346
v -89.502998 70.540924 -12.891357
v -91.419998 70.906914 -12.891357
v -88.310997 75.185921 -12.891357
v -88.697998 73.895905 -13.088356
v -90.000000 71.640930 -13.088356
v -89.248001 71.841919 -13.088356
v -132.251007 -8.255089 -9.066343
v -22.238001 74.498924 -12.048355
v -22.429001 74.240921 -11.471359
v -22.245001 74.240921 -11.804359
v -22.353001 74.427910 -11.598358
v -131.957993 -7.548088 -9.091345
v -131.968994 -7.798089 -11.898348
v -22.832001 74.240921 -11.171355
v -23.202999 74.240921 -11.091354
v -132.065002 -8.100088 -11.983347
v -22.497000 74.946915 -12.042358
v -22.344999 74.696915 -11.858360
v -132.091995 -8.048088 -9.074343
v -23.202999 75.094910 -11.571358
v -22.718000 74.979919 -11.624359
v -22.729000 74.664917 -11.319359
v -23.202999 74.730904 -11.219360
v -23.202999 75.198914 -11.804359
v -142.578003 -2.445088 -12.891346
v -142.578003 -2.445088 -15.891346
v -142.796005 -3.294088 -12.891346
v -142.578003 -1.567088 -12.891346
v -48.175999 24.983913 -11.891350
v -48.042000 24.483913 -9.091351
v -132.384003 -8.296088 -8.773344
v -132.186005 -8.145088 -8.891344
v -132.087006 -7.746088 -8.645346
v -146.270004 -5.499087 -15.891346
v -146.143997 -3.503089 -15.891346
v -145.393997 -5.444089 -15.891346
v -145.768997 -3.479087 -15.891346
v -144.559998 -5.173090 -15.891346
v -132.067001 -7.548088 -8.637346
v -132.369995 -7.883085 -8.369345
v -132.477005 -8.106089 -8.421343
v -90.819000 70.623924 -12.891357
v -88.872002 70.745918 -12.891357
v -88.310997 71.101921 -12.891357
v -92.321999 71.866920 -12.891357
v -88.497002 73.143921 -13.088356
v -87.856003 74.701904 -12.891357
v -143.218002 -4.063089 -15.891346
v -143.819000 -4.703087 -15.891346
v -144.746002 -2.723087 -15.891346
v -145.253006 -3.263087 -15.891346
v -147.132004 -5.335087 -15.891346
v -142.796005 -3.294088 -15.891346
v -146.684006 -3.353088 -15.891346
v -146.328995 -3.468089 -14.091343
v -144.559998 -5.173089 -12.891346
v -143.819000 -4.703087 -12.891346
v -143.218002 -4.063089 -12.891346
v -145.393997 -5.444089 -12.891346
v -144.772995 -4.720089 -14.091343
v -145.488007 -4.953087 -14.091343
v -144.138000 -4.318089 -14.091343
v -145.093994 -3.162088 -14.091343
v -146.238007 -5.000087 -14.091343
v -145.768997 -3.479087 -14.091343
v -143.261002 -3.110087 -14.091343
v -143.623001 -3.769088 -14.091343
v -148.600998 -4.402091 -15.891346
v -149.117004 -3.692087 -15.891346
v -147.143005 -3.033087 -15.891346
v -147.434006 -2.554089 -15.891346
v -147.925003 -4.961087 -15.891346
v -147.132004 -5.335087 -12.891346
v -148.600998 -4.402089 -12.891346
v -147.925003 -4.961087 -12.891346
v -48.334999 25.190914 -9.091351
v -157.500000 47.743912 -17.891354
v -158.000000 47.743912 -17.891354
v -48.175999 24.983913 -9.091351
v -47.477001 24.902912 -8.175350
v -48.076000 24.742912 -9.091351
v -48.146999 25.000912 -8.832352
v -87.371002 73.475914 -12.891357
v -87.536003 74.119904 -12.891357
v -88.872002 75.541916 -12.891357
vn -0.0000 -0.0000 1.0000
vn -0.0000 -0.0000 -1.0000
vn -0.0000 1.0000 -0.0000
vn -0.0000 -1.0000 -0.0000
vn -0.3080 0.9510 0.0258
vn -0.9994 -0.0000 0.0349
vn 0.0001 -0.0000 1.0000
vn -0.6011 0.0009 0.7991
vn -0.8563 -0.0016 0.5165
vn -0.8585 -0.0017 0.5129
vn -0.8571 -0.0016 0.5151
vn -0.8592 -0.0018 0.5116
vn -0.6257 -0.0000 0.7801
vn -0.3444 -0.0000 0.9388
vn -0.1357 -0.0000 0.9908
vn -0.9857 -0.0000 0.1684
vn 0.0062 0.0005 1.0000
vn -0.9809 0.0005 0.1943
vn -0.3199 -0.0005 0.9474
vn -0.9995 -0.0000 0.0329
vn 0.0029 0.0002 1.0000
vn -1.0000 -0.0000 -0.0000
vn -0.1288 -0.0000 0.9917
vn 0.8093 0.5874 -0.0000
vn 0.9297 0.3684 -0.0000
vn -0.9298 -0.3680 -0.0000
vn 0.9921 0.1251 -0.0000
vn 0.9922 0.1250 -0.0000
vn -0.9683 -0.2485 0.0260
vn -0.3861 -0.9224 0.0087
vn 0.1864 0.9821 0.0260
vn 0.3090 -0.9511 -0.0000
vn -0.3098 0.9508 -0.0000
vn -0.6324 -0.4853 0.6038
vn 0.9661 -0.2582 -0.0000
vn -0.6941 -0.1906 0.6941
vn -0.5401 -0.2791 0.7940
vn -0.5406 -0.3077 0.7830
vn -0.6369 0.7709 -0.0000
vn -0.7800 -0.3261 0.5341
vn -0.1863 -0.1936 0.9632
vn -0.1844 -0.1850 0.9653
vn -0.1911 -0.1911 0.9628
vn -0.1850 -0.1844 0.9653
vn -0.1936 -0.1863 0.9632
vn -0.0341 -0.2774 0.9601
vn -0.0454 -0.1696 0.9845
vn -0.3077 -0.5406 0.7830
vn -0.4768 -0.5323 0.6995
vn -0.2291 -0.6762 0.7002
vn -0.1880 0.9822 -0.0000
vn 0.0632 0.9980 -0.0000
vn 0.9995 -0.0000 0.0329
vn 1.0000 -0.0000 -0.0000
vn -0.0625 0.9980 -0.0000
vn 0.0627 -0.9980 -0.0000
vn -0.1869 -0.9824 -0.0000
vn -0.4266 -0.9045 -0.0000
vn 0.4258 0.9048 -0.0000
vn 0.1874 0.9823 -0.0000
vn -0.6373 -0.7706 -0.0000
vn -0.8088 0.5879 -0.0130
vn -0.7288 0.6843 0.0260
vn -0.4251 0.9051 -0.0132
vn 0.6368 0.7710 -0.0000
vn 0.5366 0.8438 -0.0132
vn 0.8760 0.4822 -0.0133
vn 0.6376 0.7700 0.0257
vn 0.0616 0.9980 -0.0131
vn -0.8765 -0.4815 -0.0000
vn -0.7293 -0.6842 -0.0000
vn 0.8767 0.4811 -0.0000
vn 0.9686 0.2487 -0.0000
vn -0.5349 -0.8449 -0.0000
vn -0.0002 -0.0000 1.0000
vn 0.9994 -0.0004 0.0348
vn 0.9994 -0.0002 0.0349
vn 0.9994 -0.0008 0.0347
vn 0.9994 -0.0013 0.0350
vn 0.9994 -0.0013 0.0348
vn 0.9994 -0.0009 0.0334
vn -0.0002 0.4107 0.9118
vn -0.0016 0.7213 0.6926
vn 0.1267 -0.9577 0.2584
vn 0.1820 -0.4393 0.8797
vn -0.9994 -0.0015 0.0350
vn -0.9994 -0.0009 0.0335
vn -0.9994 -0.0015 0.0346
vn 0.0952 -0.1902 0.9771
vn 0.2042 -0.2428 0.9483
vn 0.2839 -0.2071 0.9362
vn -0.9994 -0.0008 0.0347
vn 0.2304 -0.7515 0.6182
vn 0.2700 -0.7572 0.5947
vn 0.2651 -0.7588 0.5949
vn 0.2694 -0.7574 0.5948
vn 0.0814 -0.5421 0.8364
vn -1.0000 -0.0000 0.0010
vn 0.0002 -0.0000 1.0000
vn -0.0000 -1.0000 -0.0001
vn 0.0070 -1.0000 -0.0000
vn 0.0098 -1.0000 -0.0001
vn -0.9584 0.0005 0.2854
vn -0.9573 0.0003 0.2891
vn -0.9572 0.0003 0.2894
vn -0.0000 0.2273 0.9738
vn 0.0003 -0.0000 1.0000
vn -0.0033 -1.0000 -0.0000
vn -0.0026 -1.0000 -0.0000
vn -0.0021 -1.0000 -0.0000
vn -0.2541 -0.0001 0.9672
vn -0.2541 -0.0000 0.9672
vn -0.0000 1.0000 -0.0001
vn 0.0097 -1.0000 0.0005
vn -0.8325 -0.0413 0.5525
vn -0.8339 -0.0412 0.5504
vn -0.8336 -0.0414 0.5508
vn 0.0020 -1.0000 0.0001
vn 0.0039 -1.0000 0.0005
vn 0.0029 -1.0000 -0.0000
vn 0.0061 -1.0000 0.0001
vn 0.7292 -0.6843 -0.0000
vn 0.8766 -0.4813 -0.0000
vn -0.0638 -0.9976 -0.0258
vn -0.1464 -0.9892 -0.0000
vn 0.2676 -0.9635 -0.0000
vn 0.0005 -0.2706 -0.9627
vn -0.9300 -0.3672 -0.0128
vn 0.0001 -1.0000 -0.0010
vn 0.0001 -1.0000 -0.0026
vn 0.0002 -1.0000 -0.0036
vn -0.0005 -0.9431 -0.3326
vn 0.0025 -0.8499 -0.5269
vn -0.7293 -0.6841 -0.0000
vn 0.5000 -0.8660 -0.0087
vn -0.4628 -0.8864 -0.0088
vn 0.8638 -0.5015 0.0481
vn 0.8633 -0.5023 0.0480
vn 0.8646 -0.5002 0.0482
vn -0.7287 -0.6843 0.0262
vn -0.7278 -0.6853 0.0258
vn -0.7281 -0.6850 0.0259
vn -0.7288 -0.6842 0.0263
vn 0.1858 -0.9822 0.0261
vn 0.7290 0.6845 -0.0000
vn 0.7290 0.6846 -0.0000
vn 0.5356 0.8445 -0.0000
vn 0.2151 -0.9757 0.0418
vn 0.2358 -0.9709 0.0409
vn 0.6186 -0.7839 0.0534
vn 0.0668 -0.9560 0.2858
vn -0.0099 -1.0000 -0.0003
vn -0.0070 -1.0000 0.0001
vn -0.0099 -1.0000 -0.0000
vn 0.2049 -0.9518 0.2281
vn 0.1784 -0.9595 0.2178
vn 0.9862 -0.1610 0.0387
vn 0.9908 -0.1293 0.0392
vn 0.9516 -0.1166 0.2845
vn 0.9035 -0.2521 0.3466
vn -0.0000 1.0000 -0.0002
vn -0.0000 1.0000 -0.0003
vn 0.5378 -0.8423 0.0358
vn 0.5376 -0.8420 0.0454
vn 0.5378 -0.8422 0.0369
vn 0.5379 -0.8423 0.0351
vn 0.8650 -0.4994 0.0483
vn 0.8322 -0.0412 0.5530
vn 0.8325 -0.0410 0.5524
vn 0.8304 -0.0413 0.5557
vn 0.8508 -0.4893 0.1915
vn 0.6953 0.0468 0.7171
vn 0.6959 0.0468 0.7167
vn 0.6950 0.0469 0.7175
vn -0.1271 -0.9685 0.2140
vn -0.1302 -0.9915 -0.0000
vn -0.1850 -0.9492 0.2544
vn -0.3011 -0.9290 0.2152
vn -0.0005 -1.0000 -0.0000
vn -0.0003 -1.0000 0.0002
vn -0.0003 -1.0000 0.0001
vn 0.6940 0.0470 0.7184
vn -0.4616 -0.8871 -0.0000
vn -0.0810 -0.6072 0.7904
vn -0.0075 -0.8030 0.5959
vn 0.0168 -0.7929 0.6091
vn -0.0048 -0.4725 0.8813
vn -0.4076 -0.6934 0.5942
vn -0.2319 -0.4117 0.8813
vn -0.0000 -0.9659 0.2589
vn 0.3191 -0.0032 -0.9477
vn 1.0000 0.0002 -0.0044
vn 1.0000 -0.0000 -0.0036
vn 1.0000 0.0007 -0.0061
vn 0.2530 0.0950 0.9628
vn 0.9994 -0.0000 0.0349
vn -0.8067 0.0585 0.5881
vn -0.1869 0.9824 -0.0000
vn 0.0627 0.9980 -0.0000
vn 0.3090 0.9510 -0.0000
vn 0.3090 0.9511 -0.0000
vn 0.9783 -0.2070 0.0085
vn 0.8542 -0.5189 -0.0337
vn 0.9572 -0.2893 -0.0091
vn -0.9921 0.1247 -0.0130
vn 0.5719 -0.8203 0.0089
vn -0.9683 0.2485 0.0262
vn 0.6375 -0.7700 0.0256
vn 0.6376 -0.7700 0.0256
vn 0.6372 -0.7703 0.0257
vn 0.9777 -0.2070 0.0345
vn 0.9986 -0.0410 -0.0343
vn 0.8958 -0.4443 0.0089
vn 0.7574 -0.6521 0.0339
vn 0.9922 0.1250 0.0002
vn 0.9296 0.3675 0.0261
vn -0.9921 0.1255 -0.0000
vn -0.9921 0.1254 -0.0000
vn -0.9298 0.3680 -0.0000
vn 0.9297 -0.3684 -0.0000
vn 0.1864 -0.9821 0.0259
vn -0.1876 -0.9822 -0.0129
vn -0.3080 -0.9510 0.0258
vn -0.6368 -0.7709 -0.0131
vn 0.9922 -0.1250 -0.0000
vn 0.9921 -0.1251 -0.0000
vn -0.9301 -0.3672 -0.0128
vn -0.4266 0.9045 -0.0000
vn -0.8089 0.5879 -0.0000
vn 0.8546 -0.5192 -0.0089
vn 0.3094 -0.9508 -0.0136
vn 0.4258 -0.9048 -0.0000
vn 0.6371 -0.7704 0.0258
vn 0.1874 -0.9823 -0.0000
vn -0.3098 -0.9508 -0.0000
vn -0.0625 -0.9980 -0.0000
vn 0.6368 -0.7710 -0.0000
vn -0.6373 0.7706 -0.0000
vn -0.5349 0.8449 -0.0000
vn -0.0000 0.9782 0.2076
vn -0.9686 -0.2488 -0.0000
vn -0.0000 0.1413 0.9900
vn 0.0635 -0.9980 -0.0000
vn 0.5342 -0.8453 -0.0000
vn -0.1859 -0.9826 -0.0000
vn -0.8087 -0.5882 -0.0000
vn -0.9296 -0.3685 -0.0000
vn -0.9296 -0.3686 -0.0000
vn -0.4275 -0.9040 -0.0000
vn -0.6374 -0.7706 -0.0000
vn 0.3089 -0.9511 -0.0000
vn -0.0000 -0.7930 0.6092
vn -0.0000 -0.7071 0.7071
vn -0.6966 -0.0000 0.7174
vn -0.6961 -0.0001 0.7180
vn -0.6949 -0.0000 0.7191
vn -0.2513 -0.0618 0.9659
vn -0.2516 -0.0600 0.9660
vn -0.2513 -0.0617 0.9659
vn 0.0061 -1.0000 -0.0000
vn -0.0000 1.0000 0.0003
vn -0.3689 0.1861 0.9107
vn -0.6948 -0.0000 0.7192
vn -0.6950 -0.0003 0.7190
vn -0.0000 0.9994 0.0349
vn -0.0000 0.3163 -0.9487
vn -0.8938 0.0114 -0.4483
vn -0.9536 -0.0000 -0.3009
vn -0.7180 -0.0001 -0.6960
vn -0.3416 0.0022 -0.9398
vn -0.3162 -0.0000 -0.9487
vn -0.4916 0.6991 0.5192
vn -0.1599 0.3125 -0.9364
vn -0.9686 0.2488 -0.0000
vn 0.0105 0.0008 0.9999
vn -0.0000 0.6352 -0.7723
vn 0.6754 -0.2365 0.6985
vn 0.6709 -0.2412 0.7012
vn 0.6731 -0.2389 0.6999
vn -0.0003 0.8961 -0.4439
vn 0.6512 -0.6910 0.3139
vn -0.0002 0.8877 -0.4605
vn 0.4852 -0.6983 0.5263
vn 0.4853 -0.6983 0.5263
vn 0.6707 -0.2413 0.7014
vn -0.0000 0.9978 0.0664
vn 0.1103 -0.7765 0.6204
vn 0.4853 -0.6982 0.5263
vn 0.2681 -0.6784 0.6841
vn 0.1445 -0.4842 0.8629
vn 0.4184 -0.0000 0.9083
vn 0.6141 -0.0000 0.7893
vn 0.6141 -0.0000 0.7892
vn 0.7847 -0.0000 0.6199
vn 0.8601 -0.0000 0.5101
vn -0.0000 0.9975 0.0703
vn 0.9581 -0.0000 0.2864
vn -0.0001 0.9975 0.0702
vn -0.0000 0.9975 0.0702
vn 0.0001 0.9975 0.0703
vn 0.2508 -0.1252 0.9599
vn 0.3014 -0.2368 0.9236
vn 1.0000 0.0001 -0.0000
vn -0.0000 -0.1294 0.9916
vn -0.0000 -0.9581 0.2864
vn -0.0000 -0.9994 0.0351
vn -0.0009 -0.6085 -0.7935
vn -0.8765 -0.4814 -0.0000
vn -0.0015 -0.0772 -0.9970
vn 0.6368 -0.7711 -0.0000
vn 0.8093 -0.5874 -0.0000
vn -0.0000 -0.7812 0.6242
vn 0.8287 0.5596 -0.0094
vn 0.3957 0.4404 0.8059
vn 0.6169 0.7855 0.0494
vn 0.3404 0.7997 -0.4947
vn 0.1051 0.4003 0.9103
vn 0.0669 0.6624 -0.7462
vn 0.2289 -0.0000 0.9735
vn 0.6542 0.3371 -0.6771
vn 0.9994 -0.0004 0.0349
vn 0.9994 -0.0000 0.0348
vn 0.0549 0.9962 0.0681
vn 0.5255 0.6741 0.5191
vn 0.0012 -0.4893 0.8721
vn 0.2661 0.9612 0.0728
vn 0.2228 0.8095 -0.5432
vn 0.3178 0.9446 0.0826
vn 0.6166 0.7838 0.0734
vn 0.6154 0.7848 0.0736
vn 0.6185 0.7823 0.0731
vn 0.6197 0.7814 0.0729
vn 0.6168 0.7687 0.1693
vn 0.5883 0.7897 0.1740
vn 0.5892 0.7890 0.1741
vn 0.5878 0.7901 0.1740
vn 0.9917 0.1187 0.0497
vn 0.9916 0.1194 0.0498
vn 0.9616 0.2695 0.0513
vn 0.7001 -0.6609 -0.2703
vn 0.5897 0.7886 0.1742
vn 0.9916 0.1195 0.0498
vn 0.9350 0.3463 0.0766
vn 0.8225 0.5580 0.1101
vn -0.1310 0.6058 0.7848
vn -0.0670 0.6616 -0.7468
vn -0.0549 0.9962 0.0682
vn -0.5110 0.3118 -0.8010
vn 0.8897 0.4413 0.1168
vn -0.8886 0.4555 0.0537
vn -0.8879 0.4560 0.0610
vn -0.8896 0.4527 0.0602
vn 0.4557 0.2871 -0.8426
vn -0.6198 0.7819 0.0670
vn -0.5198 0.6066 0.6015
vn -0.2229 0.8096 -0.5430
vn 0.5874 0.7704 0.2477
vn 0.9907 0.1162 0.0704
vn 0.9690 0.2253 0.1017
vn -0.5851 0.8076 0.0740
vn -0.9920 0.1188 0.0424
vn -0.8872 0.4586 0.0496
vn -0.8874 0.4583 0.0492
vn -0.5878 0.7897 0.1758
vn -0.5877 0.7892 0.1783
vn -0.5878 0.7901 0.1738
vn -0.5881 0.7909 0.1692
vn 0.9286 0.3315 0.1670
vn -0.2659 0.9605 0.0818
vn 0.9994 0.0008 0.0352
vn 0.9994 0.0005 0.0337
vn -0.2495 0.9651 0.0793
vn 0.8215 0.5354 0.1962
vn -0.9353 0.3333 0.1186
vn 0.7997 0.5666 0.1988
vn 0.5758 0.7775 0.2526
vn 0.5720 0.7581 0.3131
vn 0.5744 0.7568 0.3120
vn 0.5673 0.7608 0.3152
vn 0.8450 0.0007 0.5347
vn 0.0800 -0.0000 0.9968
vn 0.2953 0.0006 0.9554
vn 0.5867 -0.0000 0.8098
vn 0.6257 -0.0017 0.7801
vn 0.9700 -0.0000 0.2431
vn 0.9809 -0.0015 0.1943
vn 0.8593 -0.0000 0.5115
vn 0.3199 -0.0000 0.9474
vn -0.0800 -0.0000 0.9968
vn 0.8593 0.0012 0.5115
vn 0.9809 -0.0039 0.1943
vn -0.0000 0.6502 0.7598
vn -0.0000 0.6508 0.7593
vn 1.0000 -0.0001 -0.0000
vn -0.0000 -0.9994 0.0352
vn -0.2524 -0.9667 0.0423
vn -0.2549 -0.9658 0.0469
vn -0.2573 -0.9651 0.0477
vn -0.0000 -0.2589 0.9659
vn -0.9967 0.0683 0.0434
vn -0.9365 0.3353 0.1030
vn -0.8871 0.4463 0.1177
vn -0.6207 0.7652 0.1707
vn -0.2659 0.9424 0.2031
vn -0.1914 0.9624 0.1929
vn -0.9994 -0.0002 0.0341
vn -0.9994 -0.0000 0.0348
vn -0.9994 -0.0006 0.0349
vn -0.9994 -0.0004 0.0349
vn -0.0000 0.9817 0.1902
vn -0.9994 -0.0002 0.0350
vn -0.9994 -0.0019 0.0354
vn -0.0008 -0.6092 0.7931
vn -0.7788 0.5896 0.2140
vn -0.6186 0.7477 0.2412
vn -0.1995 0.9367 0.2876
vn -0.2636 0.9255 0.2719
vn 0.2901 0.0003 0.9570
vn 0.0970 -0.0000 0.9953
vn 0.5567 0.0003 0.8307
vn -0.5577 0.7880 0.2608
vn -0.0000 0.9578 0.2873
vn -0.0000 0.9315 0.3639
vn -0.5534 0.7699 0.3180
vn -0.9905 0.1157 0.0745
vn -0.1725 0.0472 0.9839
vn 0.9679 0.2211 0.1192
vn 0.9659 0.2274 0.1237
vn 0.9672 0.2236 0.1209
vn 0.9650 0.2300 0.1259
vn 0.9995 -0.0025 0.0327
vn -0.0000 -0.5512 0.8344
vn -0.0013 -0.2280 0.9737
vn 0.9158 -0.1516 -0.3719
vn 0.5893 -0.8059 0.0576
vn -0.2582 -0.9652 0.0425
vn 0.2517 -0.9669 0.0421
vn 0.2521 -0.9668 0.0422
vn 0.2521 -0.9668 0.0421
vn -0.2284 -0.0000 0.9736
vn 0.9228 -0.3827 0.0439
vn 0.8150 -0.5777 0.0461
vn -0.9225 -0.3834 0.0443
vn -0.9225 -0.3833 0.0455
vn -0.9225 -0.3833 0.0450
vn -0.9158 -0.1516 -0.3719
vn -0.5972 -0.8008 0.0458
vn -0.6125 -0.7880 0.0624
vn -0.7917 -0.6093 0.0432
vn -0.8412 -0.5394 -0.0388
vn -0.1134 -0.9928 0.0385
vn -0.3590 -0.9332 0.0156
vn -0.2584 -0.9654 0.0363
vn -0.1085 -0.9812 0.1596
vn -0.0000 -0.9870 0.1606
vn -0.9226 -0.3837 0.0400
vn 0.9910 -0.1289 0.0372
vn 0.7926 -0.6084 0.0408
vn 0.9880 0.1415 0.0616
vn 0.8887 0.4067 0.2115
vn 0.9995 -0.0025 0.0318
vn 0.9369 0.1109 0.3315
vn 0.9613 -0.0646 0.2678
vn 0.9648 0.0176 0.2624
vn 0.9695 -0.0013 0.2450
vn 0.9968 0.0582 0.0551
vn 0.8001 0.5483 0.2435
vn 0.7868 0.5631 0.2526
vn 0.7633 0.4937 0.4167
vn 0.8339 -0.0411 0.5504
vn 0.6052 0.5831 0.5419
vn 0.5538 0.6476 0.5234
vn 0.5173 0.3490 0.7814
vn 0.4163 0.3726 0.8294
vn 0.4923 0.0785 0.8669
vn -0.0052 0.1352 0.9908
vn -0.0831 0.1028 0.9912
vn 0.3304 0.2972 0.8958
vn 0.8198 0.3980 0.4116
vn 0.6556 0.5443 0.5233
vn 0.7467 0.1893 0.6376
vn 0.7489 0.0617 0.6598
vn 0.7011 0.1014 0.7058
vn 0.2513 -0.0617 0.9659
vn -0.8592 0.0012 0.5116
vn 0.5377 -0.8417 0.0490
vn -0.9809 -0.0039 0.1943
vn 0.5724 -0.8034 0.1642
vn 0.3248 -0.8251 0.4623
vn 0.6507 -0.5804 0.4897
vn 0.7623 -0.5827 0.2817
vn 0.7621 -0.5830 0.2817
vn 0.7574 -0.5870 0.2860
vn 0.7623 -0.5828 0.2814
vn 0.9646 -0.2575 0.0577
vn 0.7114 -0.3036 0.6338
vn 0.9374 -0.3114 0.1557
vn 0.9543 -0.2031 0.2193
vn 0.9436 -0.2477 0.2195
vn 0.8196 -0.0128 0.5728
vn 0.8196 -0.0115 0.5728
vn 0.8196 -0.0139 0.5728
vn 0.5403 -0.1257 0.8321
vn 0.4790 -0.0126 0.8777
vn 0.6127 -0.4649 0.6391
vn 0.4724 -0.4896 0.7329
vn 0.3749 -0.3894 0.8413
vn 0.5693 -0.7367 0.3649
vn 0.3646 -0.6365 0.6797
vn 0.7342 -0.1816 0.6541
vn -0.0016 0.6247 0.7808
vn 0.0134 0.4064 0.9136
vn 0.0058 0.3619 0.9322
vn -0.0000 0.6513 0.7588
vn -0.0034 0.0716 0.9974
vn -0.8814 0.3856 0.2727
vn -0.0000 -0.9796 0.2007
vn -0.0816 -0.9302 0.3578
vn -0.1690 -0.9851 0.0313
vn -0.0000 -0.9994 0.0350
vn 0.9915 -0.1301 -0.0000
vn 0.9424 -0.3339 0.0194
vn 0.2525 -0.9667 0.0423
vn 0.0679 -0.7626 0.6433
vn 0.6755 -0.7374 -0.0000
vn -0.0847 -0.6613 0.7453
vn 0.1629 -0.3088 0.9371
vn 0.9234 -0.1429 0.3562
vn -0.5969 -0.1037 0.7955
vn 0.6600 -0.7204 0.2131
vn 0.0450 -0.5757 0.8164
vn 0.2773 -0.7241 0.6315
vn 0.2183 -0.9673 0.1291
vn -0.0031 -0.5439 0.8392
vn -0.0005 -0.5283 0.8490
vn 0.2448 -0.7935 0.5571
vn 0.2747 -0.7696 0.5764
vn 0.0050 -0.7812 0.6242
vn -0.0031 -0.1911 0.9816
vn 0.1697 -0.4537 0.8749
vn 0.0610 -0.1907 0.9797
vn -0.0000 -0.2102 0.9776
vn 0.1896 -0.1219 0.9743
vn 0.1972 -0.1098 0.9742
vn -0.6396 -0.7667 0.0555
vn -0.6387 -0.7521 0.1625
vn 0.1032 -0.9603 0.2591
vn -0.3410 -0.9394 0.0349
vn -0.1171 -0.9925 0.0347
vn -0.8733 -0.4848 0.0492
vn -0.4832 -0.8375 0.2551
vn -0.4396 -0.8591 0.2622
vn -0.7199 -0.6286 0.2942
vn -0.2846 -0.8999 0.3304
vn -0.2800 -0.9008 0.3319
vn -0.2790 -0.9010 0.3323
vn -0.2927 -0.8962 0.3333
vn -0.2903 -0.8988 0.3286
vn -0.8489 -0.4684 0.2450
vn -0.9910 -0.1290 0.0372
vn -0.9794 -0.1960 0.0479
vn -0.9573 -0.1866 0.2207
vn -0.9748 0.0152 0.2225
vn -0.9126 -0.2698 0.3073
vn -0.9713 -0.0145 0.2372
vn -0.9694 0.0218 0.2444
vn -0.9692 0.0216 0.2454
vn -0.9712 0.0310 0.2364
vn -0.8370 -0.2451 0.4892
vn -0.8120 -0.1408 0.5664
vn -0.9693 0.0210 0.2450
vn -0.0581 -0.2099 0.9760
vn -0.2282 -0.0896 0.9695
vn -0.4341 -0.2575 0.8633
vn -0.6018 -0.1357 0.7870
vn -0.7363 -0.3784 0.5610
vn -0.6871 -0.4766 0.5484
vn -0.8854 0.4151 0.2092
vn -0.5697 -0.1812 0.8016
vn -0.1594 -0.5216 0.8382
vn -0.3066 -0.5642 0.7666
vn -0.9698 0.2214 0.1023
vn -0.7778 0.5796 0.2430
vn -0.2478 -0.4489 0.8586
vn -0.5946 0.7389 0.3169
vn -0.2696 -0.5874 0.7630
vn -0.6582 -0.5956 0.4604
vn -0.8308 -0.0414 0.5551
vn -0.1174 -0.8483 0.5164
vn -0.8405 0.3753 0.3908
vn -0.5000 -0.6876 0.5265
vn -0.1996 0.7950 0.5728
vn -0.6654 0.5141 0.5412
vn -0.7069 0.6122 0.3543
vn -0.3922 0.3884 0.8338
vn -0.3912 0.3887 0.8342
vn -0.3915 0.3887 0.8341
vn -0.3923 0.3884 0.8338
vn -0.1012 0.0709 0.9923
vn -0.0702 0.1289 0.9892
vn -0.0992 0.6216 0.7770
vn -0.3258 0.4484 0.8323
vn -0.1038 0.4581 0.8828
vn -0.2261 0.3959 0.8900
vn -0.8709 0.2455 0.4258
vn 0.0013 -0.2280 0.9737
vn -0.1093 -0.2573 0.9601
vn 0.9832 -0.1290 0.1291
vn -0.8304 -0.0413 0.5557
vn -0.8304 -0.0414 0.5556
vn -0.6751 0.1368 0.7249
vn -0.5967 0.0610 0.8001
vn -0.5969 0.0611 0.8000
vn -0.5967 0.0612 0.8001
vn -0.5970 0.0611 0.7999
vn 0.8866 -0.4625 -0.0000
vn -0.2401 -0.4180 0.8762
vn -0.6705 0.0504 0.7402
vn -0.2513 -0.0601 0.9660
vn -0.2518 -0.0586 0.9660
vn -0.1943 0.9103 0.3655
vn -0.2079 0.9087 0.3619
vn -0.5854 0.6386 0.4995
vn -0.2450 0.7969 0.5523
vn -0.3307 0.7218 0.6080
vn 0.9236 -0.0151 0.3832
vn -0.0000 0.8219 0.5696
vn 0.6836 -0.0241 0.7295
vn 0.7886 -0.1053 0.6058
vn 0.5385 -0.0000 0.8426
vn 0.6157 -0.2899 0.7328
vn 0.7574 -0.3394 0.5578
vn 0.7418 -0.6509 0.1616
vn 0.5885 -0.4507 0.6712
vn 0.7337 -0.5621 0.3817
vn 0.8382 -0.4373 0.3257
vn 0.7002 -0.2511 0.6684
vn 0.4544 -0.1270 0.8817
vn 0.9461 0.0681 0.3165
vn 0.7461 -0.5462 0.3807
vn -0.0800 0.0010 0.9968
vn 0.1040 -0.2501 0.9626
vn 0.1041 -0.2567 0.9609
vn 0.1081 -0.2557 0.9607
vn 0.0048 -0.4725 0.8813
vn 0.1776 -0.4287 0.8858
vn 0.1850 -0.9492 0.2544
vn 0.1271 -0.9685 0.2140
vn 0.1302 -0.9915 -0.0000
vn 0.3745 -0.9023 0.2136
vn 0.5077 0.0269 0.8611
vn 0.5981 -0.0016 0.8014
vn -0.4214 0.8099 0.4081
vn 0.8249 0.2013 0.5281
vn -0.7823 0.6001 -0.1668
vn -0.6091 0.7931 0.0004
vn -0.2512 0.9375 -0.2410
vn 0.5649 0.7622 0.3162
vn -0.1302 0.9915 -0.0000
vn -0.9763 0.2164 -0.0000
vn -0.8433 0.5374 -0.0000
vn 0.7188 -0.0017 -0.6952
vn 0.6349 0.0007 -0.7726
vn 0.1033 0.0107 -0.9946
vn 1.0000 0.0009 -0.0069
vn 0.9412 0.0075 -0.3377
vn 0.8884 -0.0040 -0.4590
vn 0.1288 -0.0000 0.9917
vn -0.0015 0.0006 1.0000
vn -0.0000 0.9978 0.0665
vn -0.4184 -0.0000 0.9083
vn -0.6131 -0.0000 0.7900
vn -0.6130 -0.0000 0.7900
vn -0.6130 -0.0000 0.7901
vn -0.7847 -0.0000 0.6199
vn -0.8601 -0.0000 0.5101
vn 0.9571 -0.0000 0.2899
vn 0.9572 -0.0000 0.2893
vn 0.9570 -0.0000 0.2900
vn 0.0001 0.9975 0.0702
vn -0.0001 0.9975 0.0703
vn 0.2712 0.0001 -0.9625
vn 0.1914 0.9624 0.1929
vn 0.1938 0.9618 0.1932
vn 0.1981 0.9608 0.1938
vn 0.2005 0.9603 0.1942
vn 0.1972 0.9372 0.2877
vn 0.1998 0.9365 0.2882
vn 0.2050 0.9351 0.2891
vn 0.2076 0.9344 0.2896
vn 0.1994 0.9097 0.3642
vn 0.2059 0.9090 0.3625
vn 0.2015 0.9095 0.3636
vn -1.0000 0.0001 -0.0000
vn 0.0017 0.3750 0.9270
vn -0.9298 -0.3681 -0.0000
vn -0.8089 -0.5879 -0.0000
vn -1.0000 -0.0000 -0.0036
vn -0.9921 -0.1254 -0.0000
vn -0.9298 0.3681 -0.0000
vn -0.0000 -0.9655 0.2605
vn -0.5785 -0.8154 0.0202
vn -0.8721 -0.4893 -0.0030
vn -0.9136 -0.4066 0.0096
vn -0.6494 -0.7598 0.0304
vn -0.2413 -0.2040 0.9488
vn -0.1141 -0.2777 0.9539
vn -0.3428 -0.1256 0.9310
vn -0.1853 -0.2720 0.9443
vn 0.1400 -0.9886 -0.0552
vn -0.2484 -0.7593 0.6015
vn -0.2484 -0.7570 0.6043
vn -0.2484 -0.7599 0.6007
vn -0.6012 0.0009 0.7991
vn -0.2484 -0.7568 0.6046
vn -0.3494 -0.8524 0.3889
vn -0.0897 -0.9542 0.2853
vn -0.1137 -0.5249 0.8435
vn -0.0051 -0.9581 0.2864
vn -0.0031 -0.5763 0.8173
vn 0.0077 -0.5283 0.8490
vn 0.0016 -0.8184 0.5746
vn -0.0029 -0.7813 0.6242
vn -0.9809 -0.1942 0.0135
vn 0.3832 -0.9236 -0.0000
vn -0.9956 -0.0939 0.0045
vn 0.2588 -0.9658 0.0122
vn 0.2215 -0.7623 0.6082
vn -0.9800 -0.0415 0.1945
vn -0.0068 -0.8044 0.5940
vn -0.8593 -0.4746 0.1907
vn 0.1093 -0.2573 0.9601
vn -0.8952 -0.3977 0.2010
vn 0.1396 -0.7001 0.7002
vn 0.3369 -0.3302 0.8818
vn -0.7840 -0.6205 0.0161
vn 0.2588 -0.1049 0.9602
vn -0.9809 -0.1942 0.0136
vn 0.5946 -0.3963 0.6996
vn 0.2352 -0.3063 0.9224
vn 0.2348 -0.3064 0.9225
vn 0.2278 -0.3106 0.9228
vn 0.2274 -0.3110 0.9228
vn 0.4326 -0.5636 0.7037
vn 0.4321 -0.5637 0.7040
vn 0.4276 -0.5663 0.7046
vn -0.6135 -0.7072 0.3515
vn 0.4312 -0.5637 0.7045
vn 0.4257 -0.5677 0.7046
vn -0.4398 -0.6928 0.5715
vn -0.8932 -0.1825 0.4109
vn 0.1035 -0.2514 0.9623
vn 0.1048 -0.2593 0.9601
vn -0.9026 -0.0239 0.4298
vn 0.3144 -0.9146 0.2543
vn -0.7116 -0.2635 0.6513
vn 0.5877 -0.7673 0.2567
vn 0.2687 0.0057 0.9632
vn 0.2158 0.0007 0.9764
vn 0.2158 -0.0283 0.9760
vn -0.7816 -0.3389 0.5237
vn -0.2810 -0.6343 0.7202
vn 0.1522 -0.0880 0.9844
vn -0.6422 -0.1943 0.7416
vn 0.5341 -0.1277 0.8357
vn 0.2201 -0.1719 0.9602
vn -0.4117 -0.4480 0.7936
vn -0.6144 -0.1279 0.7786
vn -0.6941 -0.5644 0.4468
vn -0.2869 -0.6989 0.6552
vn -0.5873 -0.6490 0.4836
vn 0.7292 0.6843 -0.0000
vn -0.8307 -0.0005 0.5567
vn 0.8766 0.4813 -0.0000
vn 0.9684 0.2492 -0.0000
vn 0.9684 0.2493 -0.0000
vn 0.5342 0.8453 -0.0000
vn 0.9684 -0.2493 -0.0000
vn 0.9684 -0.2492 -0.0000
vn -0.0000 -0.1293 0.9916
vn 0.0005 -0.9333 0.3590
vn -0.9922 0.1248 -0.0000
vn -0.0044 0.4159 0.9094
vn 0.1900 0.0972 0.9770
vn 0.1952 -0.0011 0.9808
vn 0.2953 0.3583 0.8857
vn 0.2079 0.9087 0.3619
vn 0.2006 0.8052 0.5580
vn 0.2544 0.7566 0.6023
vn 0.2117 0.6218 0.7540
vn 0.1920 0.6131 0.7663
vn 0.0016 0.6247 0.7808
vn -0.0000 0.6501 0.7598
vn -0.0000 0.6503 0.7597
vn -0.0000 0.6498 0.7601
vn -0.0000 0.7180 -0.6961
vn -0.0000 0.7180 -0.6960
vn -0.0001 1.0000 -0.0000
vn -0.0001 1.0000 -0.0011
vn -0.0000 1.0000 -0.0025
vn -0.0000 1.0000 -0.0036
vn -0.0000 0.9537 -0.3009
vn 0.0004 0.9421 -0.3353
vn -0.0020 0.1425 -0.9898
vn 0.0004 0.1135 -0.9935
vn -0.0002 0.3434 -0.9392
vn -0.0000 0.8642 0.5031
vn -0.7353 0.6759 0.0501
vn -0.1192 0.9918 0.0453
vn -0.4519 0.8910 0.0441
vn -0.0013 -0.3425 -0.9395
vn 0.0015 -0.0772 -0.9970
vn 0.0009 -0.8782 -0.4783
vn -0.0015 -0.9241 -0.3821
vn 0.0002 -0.5352 -0.8447
vn -0.8780 -0.0000 -0.4786
vn -0.0001 -1.0000 -0.0010
vn -0.0001 -1.0000 -0.0026
vn -0.0002 -1.0000 -0.0036
vn 0.7751 -0.0001 -0.6319
vn -0.0045 -0.9581 0.2864
vn -0.0057 -0.9558 0.2940
vn -0.0000 0.9666 -0.2563
vn 0.1440 0.0005 -0.9896
vn 0.0020 0.1425 -0.9898
vn -0.0076 -0.9577 0.2878
vn -0.0000 -0.9551 0.2961
vn -0.0598 -0.7367 0.6735
vn -0.0008 -0.3721 0.9282
vn -0.0000 -0.4902 0.8716
vn -0.0000 -0.9994 0.0349
vn 0.2337 0.9714 0.0409
vn 0.2622 -0.9644 0.0340
vn 0.2504 -0.9679 0.0225
vn 0.2151 0.9757 0.0416
vn -0.9922 -0.1248 -0.0000
vn -0.8999 0.4335 0.0487
vn -0.9296 0.3685 -0.0000
vn -0.9296 0.3686 -0.0000
vn -0.1859 0.9826 -0.0000
vn -0.6374 0.7706 -0.0000
vn 0.0635 0.9980 -0.0000
vn -0.8087 0.5882 -0.0000
vn 0.3089 0.9511 -0.0000
vn 0.3088 0.9511 -0.0000
vn -0.4275 0.9040 -0.0000
vn 0.9577 -0.0000 0.2877
vn 0.9763 0.2163 -0.0000
vn 0.2164 0.9763 -0.0000
vn 0.1283 0.9775 -0.1673
vn 0.4988 0.8627 0.0836
vn 0.5374 0.8433 -0.0000
vn 0.7931 0.6091 -0.0000
vn 0.8379 0.5339 0.1135
vn 0.9624 0.2580 -0.0846
vn -0.8635 -0.5024 0.0451
vn -0.9701 -0.0000 0.2426
vn -0.9862 -0.1610 0.0387
vn -0.2358 -0.9709 0.0424
vn -0.1634 -0.0000 0.9866
vn -0.1294 -0.0009 0.9916
vn -0.3925 0.0026 0.9198
vn -0.9809 0.0015 0.1943
vn -0.0015 -0.7820 0.6233
vn 0.0126 -0.8314 0.5555
vn -0.0000 -0.8316 0.5553
vn 0.0114 -0.8315 0.5554
vn -0.2527 -0.0023 0.9675
vn -0.2508 -0.1252 0.9599
vn -0.2580 -0.9651 0.0448
vn -0.1748 -0.9546 0.2412
vn 0.0010 -0.9695 0.2450
vn -0.0012 -0.4893 0.8721
vn 0.0138 -0.8316 0.5552
vn -0.2558 -0.9620 0.0958
vn -0.2681 -0.6784 0.6841
vn -0.1935 -0.9530 0.2331
vn -0.6257 0.0003 0.7801
vn -0.6952 -0.0023 0.7189
vn -0.8869 -0.4595 0.0474
vn 0.6634 -0.0004 0.7482
vn -0.9908 -0.1295 0.0392
vn 0.5446 0.0005 0.8387
vn -0.9581 -0.0000 0.2864
vn -0.9515 -0.1167 0.2845
vn -0.9035 -0.2521 0.3466
vn -0.3199 -0.0003 0.9474
vn -0.6709 -0.2411 0.7013
vn -0.6754 -0.2365 0.6985
vn -0.6731 -0.2389 0.6999
vn -0.6733 -0.7376 0.0514
vn -0.6187 -0.7842 0.0474
vn -0.6630 -0.7263 0.1816
vn -0.1445 -0.4842 0.8629
vn -0.3014 -0.2368 0.9236
vn -0.6257 -0.0007 0.7801
vn -0.8571 -0.0017 0.5151
vn -0.8584 -0.0017 0.5129
vn -0.8592 -0.0001 0.5116
vn 0.0002 0.9132 0.4076
vn -0.1252 0.2508 0.9599
vn -0.2368 0.3014 0.9236
vn -0.0000 0.1133 0.9936
vn 0.0012 0.2528 0.9675
vn -0.0000 0.5981 0.8014
vn 0.0004 0.7813 0.6242
vn 0.0016 0.7213 0.6926
vn -0.0034 0.4107 0.9118
vn 0.0017 0.9563 0.2923
vn -0.0000 0.9870 0.1606
vn -0.9862 0.1609 0.0387
vn -0.9908 0.1294 0.0392
vn -0.9632 0.1194 0.2408
vn -0.9499 0.1606 0.2681
vn -0.8869 0.4595 0.0474
vn -0.7803 0.0032 0.6254
vn -0.7785 -0.0634 0.6244
vn -0.6683 0.2262 0.7087
vn -0.4436 0.1733 0.8793
vn -0.4504 0.0010 0.8928
vn -0.2152 0.9757 0.0416
vn -0.2098 0.9651 0.1570
vn -0.3419 0.8581 0.3830
vn -0.9312 0.2387 0.2756
vn -0.6072 0.7926 0.0559
vn -0.8876 0.4603 0.0202
vn -0.2515 0.9141 0.3180
vn -0.5981 0.7819 0.1759
vn -0.2457 0.7573 0.6051
vn -0.6841 0.6770 0.2717
vn -0.2992 0.6583 0.6907
vn -0.6984 0.4865 0.5249
vn -0.6974 0.4859 0.5268
vn -0.6983 0.4864 0.5251
vn -0.2447 0.5799 0.7771
vn -0.6973 0.4859 0.5270
vn 0.9666 -0.0000 -0.2563
vn 0.8505 -0.0005 -0.5260
vn 0.6257 0.0003 0.7801
vn 0.2527 -0.0023 0.9675
vn 0.3199 -0.0003 0.9474
vn 0.6952 -0.0023 0.7189
vn 0.0001 1.0000 -0.0049
vn -0.0000 1.0000 -0.0020
vn 0.0001 1.0000 -0.0069
vn 0.5356 -0.8445 -0.0000
vn -0.7293 0.6842 -0.0000
vn 0.7290 -0.6845 -0.0000
vn 0.9686 -0.2487 -0.0000
vn -0.0000 0.9420 0.3356
vn -0.8765 0.4815 -0.0000
vn 0.8767 -0.4811 -0.0000
vn 0.7290 -0.6846 -0.0000
vn 0.0632 -0.9980 -0.0000
vn -0.4260 -0.9047 -0.0000
vn -0.6369 -0.7709 -0.0000
vn 0.9866 -0.0001 0.1629
vn 0.9857 -0.0000 0.1684
vn 0.9861 -0.0002 0.1661
vn 0.5358 0.8443 -0.0000
vn 0.5358 0.8444 -0.0000
vn 0.7286 0.6849 -0.0000
vn -0.9661 -0.2582 -0.0000
vn 0.3753 0.0001 0.9269
vn 0.7817 -0.0005 0.6237
vn 0.9746 0.0004 0.2240
vn -0.2582 0.9661 -0.0000
vn 0.9585 -0.0000 0.2853
vn 0.8196 -0.0003 0.5729
vn -0.9922 0.1250 -0.0000
vn 0.1911 -0.0002 0.9816
vn 0.9661 0.2582 -0.0000
vn 0.7071 0.7071 -0.0000
vn -0.8091 -0.5876 -0.0000
vn -0.0271 -0.7791 0.6263
vn 0.6146 -0.7885 0.0220
vn 0.9908 0.1293 0.0392
vn 0.9862 0.1610 0.0387
vn 0.7388 -0.0001 0.6739
vn 0.9870 -0.0002 0.1606
vn 0.8997 0.0012 0.4364
vn 0.8753 -0.0005 0.4836
vn 0.8750 -0.0273 0.4834
vn 0.9956 -0.0939 0.0045
vn 0.9794 0.1241 0.1593
vn 0.9321 0.2355 0.2751
vn 0.9313 0.2385 0.2753
vn 0.9322 0.2351 0.2753
vn 0.5967 -0.1036 0.7957
vn 0.2104 -0.0000 0.9776
vn 0.2108 -0.0000 0.9775
vn 0.5034 0.0006 0.8641
vn 0.0002 -0.6637 0.7480
vn 0.5971 0.0032 0.8021
vn 0.0657 -0.5477 0.8341
vn -0.0000 -0.7793 0.6266
vn 0.2694 -0.4721 0.8394
vn 0.8650 0.5006 -0.0345
vn -0.2164 -0.2001 0.9556
vn 0.8633 0.5023 0.0480
vn 0.8638 0.5015 0.0481
vn 0.8646 0.5002 0.0482
vn 0.9517 -0.3066 0.0143
vn 0.9659 -0.2582 0.0192
vn 0.8650 0.4994 0.0483
vn 0.8380 -0.5454 0.0175
vn 0.5376 0.8420 0.0454
vn 0.6186 0.7839 0.0534
vn 0.2515 0.9141 0.3181
vn 0.5244 0.8246 0.2122
vn -0.8666 -0.4464 0.2229
vn -0.4852 -0.6983 0.5263
vn 0.6974 0.4859 0.5268
vn 0.6983 0.4864 0.5252
vn 0.6973 0.4859 0.5270
vn 0.2345 0.2691 0.9341
vn 0.5918 0.1337 0.7949
vn -0.4853 -0.6983 0.5262
vn -0.6788 -0.6835 0.2686
vn 0.6657 0.2148 0.7147
vn -0.6707 -0.2414 0.7014
vn 0.6984 0.4865 0.5249
vn 0.6910 0.6512 0.3139
vn 0.9312 0.2387 0.2756
vn 0.2097 0.9651 0.1570
vn 0.3419 0.8581 0.3830
vn 0.2457 0.7573 0.6051
vn 0.2992 0.6583 0.6907
vn 0.2447 0.5799 0.7771
vn -0.0017 0.9563 0.2923
vn 0.3481 0.3488 0.8702
vn 0.2091 0.1265 0.9697
vn -0.9744 -0.0000 0.2247
vn -0.9572 0.0003 0.2896
vn -0.9585 0.0003 0.2853
vn -0.0002 0.9132 0.4076
vn -0.2292 -0.0003 0.9734
vn -0.6195 -0.0003 0.7850
vn -0.7071 0.0008 0.7071
vn -0.8740 -0.0000 0.4859
vn -0.9809 -0.0000 0.1946
vn -0.1188 -0.0000 0.9929
vn -0.3754 0.0001 0.9268
vn 0.6913 -0.4956 0.5257
vn 0.8894 -0.3786 0.2562
vn 0.9668 -0.1070 0.2321
vn 0.9541 -0.2501 0.1650
vn -0.8091 0.5876 -0.0000
vn 0.7932 -0.6085 0.0239
vn 0.7917 -0.6048 0.0861
vn 0.6673 -0.7167 0.2026
vn 0.7071 -0.7071 -0.0000
vn 0.4989 -0.8601 0.1061
vn 0.4988 -0.8602 0.1058
vn 0.4984 -0.8606 0.1051
vn 0.4979 -0.8609 0.1043
vn 0.2582 -0.9661 -0.0000
vn 0.7808 -0.1038 0.6161
vn 0.7230 -0.4659 0.5101
vn 0.7322 -0.2015 0.6507
vn 0.3974 -0.3850 0.8330
vn -0.4260 0.9047 -0.0000
vn 0.4263 -0.7441 0.5143
vn 0.2642 -0.7591 0.5949
vn 0.4771 -0.5713 0.6678
vn 0.5497 -0.1582 0.8203
vn 0.5358 -0.8443 -0.0000
vn 0.4923 -0.2083 0.8451
vn 0.7299 -0.5021 0.4639
vn 0.7286 -0.6849 -0.0000
vn -0.1880 -0.9822 -0.0000
vn 0.7907 -0.0003 0.6123
vn 0.7850 -0.0003 0.6194
vn 0.7874 -0.0004 0.6164
vn 0.9238 0.0002 0.3829
vn 0.9915 -0.0015 0.1302
vn 0.7930 -0.0004 0.6092
vn 0.9724 -0.0000 0.2335
vn -0.7071 0.7071 -0.0000
vn 0.8763 -0.4818 -0.0000
vn 0.1302 -0.9909 0.0346
vn 0.4993 -0.8657 0.0370
vn 0.0032 -0.7723 0.6353
vn -0.0024 -0.9132 0.4076
vn -0.2582 -0.9661 -0.0000
vn 0.0107 -0.9654 0.2605
vn 0.0961 -0.9655 0.2420
vn 0.8763 0.4818 -0.0000
vn -0.0008 0.3721 0.9282
vn 0.0002 0.1294 0.9916
vn -0.0004 0.7813 0.6242
vn 0.0027 0.9418 -0.3362
vn 0.3497 0.9368 -0.0091
vn -0.0026 0.7761 -0.6306
vn 0.6986 0.7147 0.0338
vn 0.2676 0.9635 0.0088
vn -0.0639 0.9976 -0.0260
vn 0.3090 -0.9510 -0.0000
vn -0.8765 0.4814 -0.0000
vn -0.7293 0.6841 -0.0000
vn -0.7288 0.6842 0.0260
vn -0.4250 0.9051 -0.0132
vn -0.3861 0.9224 -0.0000
vn 0.0196 0.9998 -0.0000
vn 0.8958 0.4444 -0.0089
vn 0.8546 0.5192 0.0089
vn 0.9986 0.0411 0.0343
vn 0.9778 0.2069 -0.0345
vn 0.5716 0.8199 -0.0340
vn -0.9921 -0.1255 -0.0000
vn 0.6368 0.7711 -0.0000
vn -0.6952 0.0003 0.7189
vn -0.8202 -0.0002 0.5721
vn -0.3455 0.0002 0.9384
vn -0.6074 -0.0001 0.7944
vn -0.5005 -0.8657 -0.0061
vn -0.9421 -0.0006 -0.3352
vn -0.7180 -0.0000 -0.6960
vn -0.3435 -0.0001 -0.9391
vn -0.1440 0.0005 -0.9896
vn -0.7373 -0.6756 -0.0000
vn -0.2163 -0.0267 0.9760
vn -0.2160 -0.0280 0.9760
vn -0.2158 -0.0283 0.9760
vn -0.2163 -0.0264 0.9760
vn -0.5489 -0.0146 0.8358
vn -0.5265 -0.3031 0.7943
vn -0.5002 -0.2091 0.8403
vn -0.2589 0.0010 0.9659
vn -0.2581 -0.0749 0.9632
vn -0.2410 -0.1000 0.9654
vn -0.8484 -0.0352 0.5283
vn -0.9659 0.0008 0.2589
vn -0.9494 -0.1844 0.2544
vn -0.9659 -0.2589 -0.0000
vn -0.9912 -0.1301 0.0242
vn -0.7866 -0.6042 0.1277
vn -0.7930 -0.6091 0.0121
vn -0.4736 -0.8193 0.3232
vn -0.4648 -0.8284 0.3128
vn -0.7071 -0.7071 -0.0000
vn 0.9687 -0.2482 -0.0000
vn -0.9661 0.2582 -0.0000
vn 0.9687 0.2482 -0.0000
vn -0.9922 -0.1250 -0.0000
vn 0.2582 0.9661 -0.0000
vn -0.9161 -0.3801 0.1275
vn -0.9236 -0.3833 -0.0000
vn -0.6800 -0.4113 0.6070
vn -0.8532 -0.3554 0.3817
vn -0.9684 -0.1271 0.2144
vn -0.8671 -0.4509 0.2115
vn -0.8238 -0.4663 0.3225
vn -0.8622 -0.3343 0.3806
s 1
f 1321//942 1322//942 1323//942
f 1324//943 1325//943 1326//943
f 1327//943 1328//943 1324//943
f 1329//943 1328//943 1327//943
f 1330//944 1331//944 1332//944
f 1333//943 1334//943 1335//943
f 1336//945 1337//945 1338//945
f 1339//943 1340//943 1341//943
f 1342//943 1326//943 1341//943
f 1325//943 1341//943 1326//943
f 1343//945 1338//945 1344//945
f 1345//946 1341//946 1325//946
f 1346//944 1331//944 1347//944
f 1348//942 1349//942 1350//942
f 1348//942 1351//942 1349//942
f 1352//942 1350//942 1349//942
f 1351//942 1348//942 1353//942
f 1354//944 1331//944 1346//944
f 1355//944 1331//944 1354//944
f 1356//944 1347//944 1331//944
f 1357//942 1353//942 1348//942
f 1344//945 1338//945 1358//945
f 1359//945 1358//945 1338//945
f 1356//947 1331//947 1338//947
f 1360//942 1357//942 1348//942
f 1355//944 1332//944 1331//944
f 1360//942 1348//942 1361//942
f 1338//945 1337//945 1359//945
f 1362//942 1361//942 1348//942
f 1361//942 1363//942 1360//942
f 1364//942 1348//942 1365//942
f 1362//942 1348//942 1364//942
f 1366//948 1365//942 1348//942
f 1367//948 1365//942 1366//948
f 1359//949 1368//949 1358//949
f 1344//950 1358//951 1369//952
f 1358//951 1368//953 1369//952
f 1368//954 1359//954 1370//954
f 1359//955 1371//955 1370//955
f 1372//956 1371//956 1336//956
f 1363//942 1373//942 1360//942
f 1343//957 1344//957 1374//957
f 1375//942 1360//942 1373//942
f 1376//942 1377//942 1378//942
f 1378//942 1377//942 1373//942
f 1379//942 1377//942 1376//942
f 1377//942 1380//942 1373//942
f 1381//958 1377//942 1379//942
f 1375//942 1373//942 1380//942
f 1382//942 1380//942 1377//942
f 1383//942 1384//942 1385//942
f 1369//959 1374//959 1344//959
f 1377//942 1385//942 1384//942
f 1359//960 1337//960 1371//960
f 1384//942 1382//942 1377//942
f 1386//961 1387//961 1388//961
f 1389//962 1377//942 1381//958
f 1390//943 1391//943 1392//943
f 1393//943 1390//943 1392//943
f 1394//963 1386//963 1388//963
f 1394//963 1388//963 1395//963
f 1377//964 1389//964 1396//964
f 1397//943 1398//943 1399//943
f 1393//943 1399//943 1398//943
f 1400//942 1401//942 1402//942
f 1403//943 1404//943 1405//943
f 1406//943 1403//943 1405//943
f 1407//943 1408//943 1409//943
f 1410//943 1405//943 1404//943
f 1411//942 1412//942 1413//942
f 1414//943 1415//943 1416//943
f 1417//943 1418//943 1416//943
f 1419//965 1413//965 1420//965
f 1421//943 1416//943 1418//943
f 1422//943 1421//943 1423//943
f 1424//966 1425//966 1413//966
f 1417//943 1416//943 1415//943
f 1426//943 1415//943 1414//943
f 1427//943 1428//943 1429//943
f 1411//942 1419//942 1401//942
f 1402//942 1401//942 1419//942
f 1413//942 1419//942 1411//942
f 1427//943 1429//943 1430//943
f 1422//943 1430//943 1421//943
f 1421//943 1430//943 1429//943
f 1418//943 1423//943 1421//943
f 1431//967 1432//967 1433//967
f 1434//966 1424//966 1413//966
f 1432//943 1435//943 1433//943
f 1408//943 1436//943 1437//943
f 1424//968 1434//969 1438//969
f 1439//943 1440//943 1441//943
f 1440//943 1437//943 1441//943
f 1436//943 1442//943 1437//943
f 1403//943 1409//943 1408//943
f 1443//943 1444//943 1445//943
f 1408//943 1407//943 1436//943
f 1442//943 1441//943 1437//943
f 1446//943 1445//943 1444//943
f 1404//943 1429//943 1428//943
f 1445//970 1446//970 1447//970
f 1403//943 1406//943 1409//943
f 1428//943 1410//943 1404//943
f 1448//943 1449//943 1450//943
f 1450//943 1451//943 1445//943
f 1452//943 1440//943 1453//943
f 1439//943 1453//943 1440//943
f 1453//943 1454//943 1452//943
f 1455//943 1456//943 1448//943
f 1457//943 1458//943 1455//943
f 1452//943 1459//943 1460//943
f 1459//943 1452//943 1454//943
f 1461//971 1448//971 1450//971
f 1462//943 1460//943 1459//943
f 1463//943 1328//943 1464//943
f 1329//943 1464//943 1328//943
f 1325//943 1324//943 1328//943
f 1465//972 1325//972 1328//972
f 1466//973 1326//973 1467//973
f 1468//943 1466//943 1467//943
f 1466//943 1468//943 1469//943
f 1468//943 1470//943 1469//943
f 1471//974 1472//974 1473//974
f 1474//943 1475//943 1476//943
f 1477//975 1478//975 1479//975
f 1480//943 1475//943 1474//943
f 1440//976 1481//976 1480//976
f 1482//977 1483//977 1484//977
f 1485//943 1486//943 1481//943
f 1478//978 1487//978 1479//978
f 1488//943 1480//943 1486//943
f 1489//943 1490//943 1491//943
f 1492//943 1493//943 1494//943
f 1492//943 1494//943 1491//943
f 1487//979 1495//979 1479//979
f 1491//980 1462//980 1492//980
f 1496//943 1494//943 1497//943
f 1497//943 1494//943 1493//943
f 1498//981 1483//981 1478//981
f 1494//943 1496//943 1499//943
f 1487//982 1353//983 1495//984
f 1353//983 1357//985 1495//984
f 1357//985 1500//986 1495//984
f 1500//987 1357//987 1501//987
f 1357//988 1360//988 1501//988
f 1500//989 1479//989 1495//989
f 1479//990 1500//990 1502//990
f 1397//945 1503//945 1489//945
f 1500//991 1504//991 1502//991
f 1489//943 1503//943 1505//943
f 1506//992 1490//992 1507//992
f 1506//992 1507//992 1508//992
f 1507//993 1505//993 1508//993
f 1509//993 1508//993 1505//993
f 1494//945 1510//945 1489//945
f 1511//994 1512//994 1513//994
f 1511//995 1514//995 1515//995
f 1511//995 1515//995 1512//995
f 1516//996 1471//996 1517//996
f 1518//942 1519//942 1473//942
f 1473//942 1345//942 1471//942
f 1342//973 1467//973 1326//973
f 1324//997 1326//997 1469//997
f 1466//997 1469//997 1326//997
f 1469//943 1470//943 1520//943
f 1520//998 1327//998 1469//998
f 1520//943 1470//943 1521//943
f 1520//999 1521//999 1329//999
f 1522//1000 1523//1000 1524//1000
f 1522//1001 1524//1001 1517//1001
f 1345//942 1465//942 1517//942
f 1517//942 1471//942 1345//942
f 1327//998 1324//998 1469//998
f 1520//999 1329//999 1327//999
f 1329//1002 1521//1002 1464//1002
f 1519//1003 1322//1003 1339//1003
f 1518//942 1525//942 1519//942
f 1519//1004 1339//1004 1341//1004
f 1526//942 1527//942 1321//942
f 1341//1005 1345//1005 1519//1005
f 1345//942 1473//942 1519//942
f 1322//942 1519//942 1525//942
f 1522//942 1517//942 1465//942
f 1528//1006 1529//1006 1523//1006
f 1530//942 1531//942 1532//942
f 1533//942 1534//942 1535//942
f 1523//942 1522//942 1465//942
f 1528//942 1523//942 1535//942
f 1465//942 1535//942 1523//942
f 1535//1007 1465//1007 1328//1007
f 1533//1008 1535//1008 1463//1008
f 1463//1009 1535//1009 1328//1009
f 1536//994 1513//994 1512//994
f 1345//1010 1325//1010 1465//1010
f 1537//943 1538//943 1539//943
f 1540//1011 1541//1011 1542//1011
f 1543//943 1544//943 1468//943
f 1540//1012 1542//1012 1545//1012
f 1540//942 1546//942 1541//942
f 1544//1013 1537//1013 1539//1013
f 1543//1014 1333//1014 1537//1014
f 1544//1014 1543//1014 1537//1014
f 1333//995 1543//995 1334//995
f 1547//943 1468//943 1544//943
f 1544//943 1548//943 1547//943
f 1545//1015 1549//1015 1550//1015
f 1551//943 1547//943 1548//943
f 1512//942 1552//1016 1536//942
f 1536//942 1552//1016 1553//942
f 1554//1017 1555//1018 1556//1019
f 1557//1020 1553//1021 1558//1022
f 1558//995 1553//995 1552//995
f 1559//963 1560//963 1561//963
f 1556//1019 1553//1021 1557//1020
f 1462//943 1506//943 1460//943
f 1562//943 1509//943 1414//943
f 1426//943 1414//943 1509//943
f 1562//943 1460//943 1506//943
f 1506//943 1508//943 1562//943
f 1563//1023 1557//1023 1558//1023
f 1509//943 1562//943 1508//943
f 1564//1024 1556//1024 1557//1024
f 1565//943 1397//943 1510//943
f 1566//943 1567//943 1568//943
f 1569//1025 1570//1025 1571//1025
f 1568//943 1567//943 1572//943
f 1573//943 1510//943 1574//943
f 1572//943 1573//943 1574//943
f 1573//943 1565//943 1510//943
f 1575//1026 1576//1026 1577//1026
f 1578//1027 1579//1028 1580//1029
f 1576//1030 1581//1030 1383//1030
f 1576//1031 1575//1031 1581//1031
f 1575//1032 1582//1032 1581//1032
f 1583//1033 1578//1027 1580//1029
f 1571//1034 1577//1034 1584//1034
f 1571//1035 1585//1036 1577//1037
f 1577//1038 1576//1038 1584//1038
f 1586//1039 1580//1039 1579//1039
f 1388//961 1387//961 1587//961
f 1580//942 1586//1040 1587//942
f 1388//942 1587//942 1586//1040
f 1587//1041 1387//1042 1580//1043
f 1588//942 1589//942 1590//942
f 1588//963 1590//963 1591//963
f 1592//944 1593//944 1594//944
f 1595//943 1596//943 1597//943
f 1593//943 1595//943 1597//943
f 1598//1044 1599//1045 1600//1046
f 1601//1047 1602//1047 1591//1047
f 1603//942 1604//1048 1605//942
f 1604//963 1606//963 1605//963
f 1605//944 1590//944 1589//944
f 1605//944 1589//944 1603//944
f 1389//1049 1607//1050 1608//1051
f 1389//1052 1608//1053 1609//1053
f 1606//963 1591//963 1605//963
f 1591//963 1590//963 1605//963
f 1600//1054 1610//944 1598//944
f 1611//1055 1387//1042 1612//945
f 1611//1055 1580//1043 1387//1042
f 1598//945 1612//945 1387//1042
f 1613//1056 1612//1057 1598//1058
f 1614//995 1615//995 1594//995
f 1616//1059 1617//1060 1618//1061
f 1619//1062 1617//1060 1616//1059
f 1620//1063 1621//1063 1622//1063
f 1620//943 1623//943 1594//943
f 1623//943 1624//943 1594//943
f 1589//963 1625//963 1603//963
f 1603//942 1626//942 1604//1048
f 1622//1063 1623//1063 1620//1063
f 1627//943 1628//943 1629//943
f 1630//943 1629//943 1628//943
f 1631//943 1628//943 1627//943
f 1632//943 1630//943 1628//943
f 1623//1064 1622//1064 1633//1064
f 1634//942 1635//942 1589//942
f 1626//963 1603//963 1625//963
f 1604//945 1636//945 1606//945
f 1637//944 1468//944 1392//944
f 1448//1065 1461//1065 1455//1065
f 1461//1066 1638//1066 1455//1066
f 1457//1067 1455//1067 1638//1067
f 1449//943 1448//943 1456//943
f 1451//943 1450//943 1449//943
f 1639//943 1445//943 1451//943
f 1443//943 1445//943 1639//943
f 1640//943 1456//943 1455//943
f 1390//1068 1641//1068 1642//1068
f 1643//1069 1445//1069 1447//1069
f 1628//1070 1644//1071 1645//1072
f 1645//1073 1644//1073 1646//1073
f 1645//1074 1646//1074 1641//1074
f 1647//942 1447//942 1648//942
f 1649//942 1643//942 1650//942
f 1650//942 1643//942 1647//942
f 1447//942 1647//942 1643//942
f 1651//942 1652//942 1447//942
f 1650//1075 1653//1012 1649//1075
f 1443//1013 1639//1013 1654//1013
f 1655//942 1656//942 1657//942
f 1657//1076 1658//1076 1457//1076
f 1659//1077 1461//1077 1450//1077
f 1660//1078 1629//1079 1630//1080
f 1643//1081 1659//1082 1450//1083
f 1643//942 1649//942 1659//942
f 1445//1084 1643//1081 1450//1083
f 1661//942 1662//942 1461//942
f 1461//942 1659//942 1661//942
f 1649//942 1661//942 1659//942
f 1657//942 1638//942 1663//942
f 1461//942 1662//942 1638//942
f 1657//1085 1457//1085 1638//1085
f 1664//1086 1639//1087 1665//1086
f 1654//1013 1639//1013 1664//1013
f 1449//1088 1666//1088 1451//1088
f 1665//1088 1451//1088 1666//1088
f 1665//1086 1639//1087 1451//1087
f 1667//943 1654//943 1664//943
f 1631//1089 1668//1089 1669//1089
f 1631//1090 1627//1090 1668//1090
f 1627//1091 1629//1091 1668//1091
f 1669//1092 1670//1092 1671//1092
f 1672//1093 1513//1094 1553//1095
f 1670//1096 1669//1096 1668//1096
f 1670//1097 1668//1097 1673//1097
f 1674//1098 1630//1098 1632//1098
f 1632//1099 1675//1099 1674//1099
f 1536//945 1553//1095 1513//1094
f 1676//1100 1674//1100 1675//1100
f 1676//1101 1677//1101 1674//1101
f 1678//1054 1679//1102 1680//1103
f 1668//1104 1629//1105 1660//1106
f 1660//1106 1673//1107 1668//1104
f 1681//945 1680//945 1513//1094
f 1681//945 1513//1094 1672//1093
f 1630//1080 1674//1108 1660//1078
f 1680//1109 1682//1110 1678//1111
f 1677//1112 1660//1112 1674//1112
f 1683//1113 1684//1114 1685//1115
f 1686//1116 1687//1116 1688//1116
f 1635//945 1687//945 1625//945
f 1684//944 1679//1102 1678//1054
f 1684//944 1678//1054 1685//944
f 1687//1117 1635//1117 1688//1117
f 1687//1118 1686//1118 1689//1118
f 1686//1119 1688//1119 1502//1119
f 1690//1120 1691//1121 1692//1122
f 1690//1120 1692//1122 1685//945
f 1685//1115 1692//1123 1683//1113
f 1693//1124 1694//1124 1688//1124
f 1688//1117 1635//1117 1693//1117
f 1695//1125 1504//1125 1696//1125
f 1686//1126 1504//1126 1695//1126
f 1686//1127 1695//1127 1689//1127
f 1504//1128 1501//1128 1696//1128
f 1393//945 1547//945 1697//945
f 1502//1129 1504//1129 1686//1129
f 1500//1130 1501//1130 1504//1130
f 1698//943 1699//943 1700//943
f 1625//942 1589//942 1635//942
f 1701//1131 1687//1131 1689//1131
f 1702//1132 1398//1132 1703//1132
f 1698//1133 1700//1134 1704//1135
f 1393//945 1697//945 1399//945
f 1705//943 1706//943 1707//943
f 1708//944 1709//944 1705//944
f 1692//1122 1691//1121 1366//945
f 1366//1136 1710//1136 1692//1136
f 1708//1137 1705//1137 1707//1137
f 1365//1138 1367//1138 1711//1138
f 1712//943 1698//943 1713//943
f 1714//943 1713//943 1698//943
f 1715//943 1714//943 1698//943
f 1716//943 1699//943 1698//943
f 1716//943 1698//943 1712//943
f 1717//943 1718//943 1719//943
f 1719//1139 1640//1139 1458//1139
f 1719//1140 1720//1140 1640//1140
f 1456//1140 1640//1140 1720//1140
f 1551//1086 1548//1086 1539//1086
f 1539//1013 1548//1013 1544//1013
f 1720//943 1718//943 1666//943
f 1721//1088 1722//1088 1551//1088
f 1539//1086 1721//1086 1551//1086
f 1663//942 1638//942 1662//942
f 1720//1141 1449//1142 1456//1142
f 1666//1141 1449//1142 1720//1141
f 1539//943 1538//943 1721//943
f 1335//943 1538//943 1333//943
f 1537//943 1333//943 1538//943
f 1723//943 1724//943 1725//943
f 1724//943 1726//943 1725//943
f 1725//943 1727//943 1723//943
f 1728//943 1723//943 1727//943
f 1727//943 1729//943 1728//943
f 1729//1143 1727//1143 1730//1143
f 1727//1144 1725//1144 1658//1144
f 1727//1145 1731//1145 1730//1145
f 1527//970 1538//970 1335//970
f 1335//1146 1322//1146 1527//1146
f 1658//1147 1725//1147 1457//1147
f 1339//1148 1322//1148 1335//1148
f 1726//943 1458//943 1457//943
f 1640//943 1455//943 1458//943
f 1457//943 1725//943 1726//943
f 1732//943 1733//943 1734//943
f 1735//943 1736//943 1737//943
f 1737//943 1738//943 1734//943
f 1739//943 1740//943 1735//943
f 1730//942 1438//942 1412//942
f 1737//1149 1734//1150 1741//1151
f 1663//942 1655//942 1657//942
f 1739//1152 1531//1152 1530//1152
f 1735//1153 1531//1153 1739//1153
f 1731//942 1742//942 1730//942
f 1413//942 1412//942 1434//942
f 1531//1154 1735//1154 1737//1154
f 1658//1155 1731//1155 1727//1155
f 1739//1156 1530//1156 1533//1156
f 1434//942 1412//942 1438//942
f 1742//942 1438//942 1730//942
f 1658//942 1743//942 1731//942
f 1533//1157 1463//1157 1739//1157
f 1744//943 1745//943 1746//943
f 1722//943 1744//943 1746//943
f 1721//943 1744//943 1722//943
f 1747//943 1746//943 1745//943
f 1721//943 1538//943 1744//943
f 1745//943 1734//943 1747//943
f 1733//943 1747//943 1734//943
f 1746//1142 1748//1142 1722//1142
f 1749//942 1731//942 1743//942
f 1742//942 1731//942 1749//942
f 1722//1088 1748//1088 1551//1088
f 1750//1158 1751//1159 1752//1158
f 1750//1158 1728//1159 1751//1159
f 1723//1160 1728//1160 1753//1160
f 1750//1160 1753//1160 1728//1160
f 1749//1161 1754//1161 1742//1161
f 1527//942 1541//942 1546//942
f 1546//942 1545//942 1755//942
f 1322//942 1321//942 1527//942
f 1541//942 1527//942 1526//942
f 1540//942 1545//942 1546//942
f 1752//943 1435//943 1750//943
f 1752//943 1433//943 1435//943
f 1756//1162 1734//1162 1745//1162
f 1750//943 1718//943 1753//943
f 1755//1163 1756//1163 1745//1163
f 1755//1164 1745//1164 1744//1164
f 1757//968 1424//968 1438//969
f 1546//1165 1755//1165 1744//1165
f 1546//1084 1744//1084 1538//1084
f 1742//1166 1754//1167 1438//1166
f 1527//1168 1546//1168 1538//1168
f 1458//1139 1717//1139 1719//1139
f 1458//1169 1726//1169 1758//1169
f 1458//1169 1758//1169 1717//1169
f 1759//942 1760//942 1741//942
f 1761//942 1759//942 1741//942
f 1753//1170 1762//1170 1723//1170
f 1763//942 1532//942 1531//942
f 1764//1171 1531//1171 1737//1171
f 1756//1172 1741//1172 1734//1172
f 1765//1173 1656//1173 1655//1173
f 1723//1170 1762//1170 1724//1170
f 1764//1174 1737//1149 1741//1151
f 1718//943 1762//943 1753//943
f 1655//1175 1663//1175 1765//1175
f 1489//943 1507//943 1490//943
f 1489//943 1491//943 1494//943
f 1505//943 1507//943 1489//943
f 1755//942 1766//942 1756//942
f 1550//942 1755//942 1545//942
f 1550//942 1766//942 1755//942
f 1767//942 1756//942 1766//942
f 1550//1176 1768//1176 1766//1176
f 1766//1177 1769//1177 1767//1177
f 1748//943 1770//943 1547//943
f 1551//943 1748//943 1547//943
f 1771//943 1547//943 1770//943
f 1746//1142 1770//1142 1748//1142
f 1771//1140 1770//1140 1747//1140
f 1746//1140 1747//1140 1770//1140
f 1761//1175 1767//1175 1772//1175
f 1767//1175 1769//1175 1772//1175
f 1761//1173 1772//1173 1759//1173
f 1759//1173 1772//1173 1773//1173
f 1773//1178 1760//1178 1759//1178
f 1774//1179 1732//1179 1738//1179
f 1774//943 1775//943 1776//943
f 1764//942 1741//942 1760//942
f 1760//942 1763//942 1764//942
f 1741//942 1756//942 1761//942
f 1767//942 1761//942 1756//942
f 1776//1139 1771//1139 1733//1139
f 1733//1139 1771//1139 1747//1139
f 1774//1169 1776//1169 1732//1169
f 1776//1169 1733//1169 1732//1169
f 1777//942 1778//942 1779//942
f 1780//942 1778//942 1777//942
f 1781//963 1526//963 1779//963
f 1473//1180 1472//1180 1782//1180
f 1783//974 1472//974 1471//974
f 1516//996 1783//996 1471//996
f 1782//942 1472//942 1778//942
f 1784//942 1778//942 1516//942
f 1524//1000 1523//1000 1785//1000
f 1524//1001 1516//1001 1517//1001
f 1786//1181 1787//1181 1788//1181
f 1783//942 1516//942 1778//942
f 1524//942 1784//942 1516//942
f 1785//942 1784//942 1524//942
f 1523//1006 1529//1006 1785//1006
f 1529//942 1789//942 1785//942
f 1790//942 1781//942 1778//942
f 1781//942 1790//942 1791//942
f 1542//942 1791//942 1790//942
f 1542//942 1790//942 1549//942
f 1321//963 1779//963 1526//963
f 1781//1182 1791//1182 1526//1182
f 1541//1182 1526//1182 1791//1182
f 1542//1011 1541//1011 1791//1011
f 1542//1012 1549//1012 1545//1012
f 1768//1015 1550//1015 1549//1015
f 1772//942 1792//942 1773//942
f 1760//1178 1773//1178 1793//1178
f 1591//1183 1606//1183 1794//1183
f 1795//1176 1766//1176 1768//1176
f 1796//943 1797//943 1798//943
f 1799//943 1798//943 1797//943
f 1800//943 1801//943 1796//943
f 1802//943 1803//943 1800//943
f 1804//943 1799//943 1797//943
f 1805//943 1804//943 1797//943
f 1768//942 1549//942 1790//942
f 1766//1177 1795//1177 1769//1177
f 1792//942 1772//942 1769//942
f 1795//942 1790//942 1769//942
f 1768//942 1790//942 1795//942
f 1792//942 1769//942 1790//942
f 1804//1184 1806//1184 1799//1184
f 1621//1185 1620//1185 1805//1185
f 1807//943 1628//943 1808//943
f 1594//943 1809//943 1810//943
f 1810//943 1806//943 1594//943
f 1811//943 1812//943 1813//943
f 1814//1186 1798//1186 1810//1186
f 1799//1186 1810//1186 1798//1186
f 1815//1187 1802//1187 1816//1187
f 1800//1187 1816//1187 1802//1187
f 1815//1188 1817//1188 1802//1189
f 1806//943 1818//943 1594//943
f 1806//1184 1810//1184 1799//1184
f 1814//943 1810//943 1809//943
f 1812//945 1819//945 1808//945
f 1796//1190 1798//1190 1820//1190
f 1814//1190 1820//1190 1798//1190
f 1807//1137 1808//1137 1821//1137
f 1800//1002 1796//1002 1816//1191
f 1820//1191 1816//1191 1796//1002
f 1818//943 1620//943 1594//943
f 1805//1192 1806//1192 1804//1192
f 1805//1192 1818//1192 1806//1192
f 1822//942 1604//1048 1626//942
f 1626//945 1625//945 1823//945
f 1620//1185 1818//1185 1805//1185
f 1822//945 1626//945 1823//945
f 1807//1137 1821//1137 1824//1137
f 1815//943 1816//943 1809//943
f 1825//944 1824//944 1826//944
f 1827//944 1824//944 1825//944
f 1828//944 1826//944 1824//944
f 1824//944 1827//944 1807//944
f 1829//944 1807//944 1827//944
f 1790//944 1830//944 1824//944
f 1701//1193 1689//1193 1695//1193
f 1831//1194 1701//1194 1696//1194
f 1832//1195 1833//1196 1619//1197
f 1601//995 1834//995 1602//995
f 1389//1198 1835//1199 1607//1200
f 1809//944 1594//944 1597//944
f 1594//944 1593//944 1597//944
f 1617//1060 1836//1201 1608//1051
f 1617//1060 1608//1051 1607//1050
f 1597//944 1837//944 1809//944
f 1617//1060 1619//1062 1836//1201
f 1600//1054 1832//1202 1610//944
f 1619//1202 1610//944 1832//1202
f 1609//1053 1608//1053 1836//1053
f 1609//1203 1396//1203 1389//1203
f 1602//942 1838//942 1588//942
f 1836//1204 1619//1197 1609//1205
f 1595//945 1839//945 1840//945
f 1619//1197 1833//1196 1609//1205
f 1588//1047 1591//1047 1602//1047
f 1834//942 1838//942 1602//942
f 1841//944 1809//944 1837//944
f 1842//1206 1843//1206 1844//1206
f 1597//963 1596//963 1840//963
f 1597//963 1840//963 1837//963
f 1596//945 1595//945 1840//945
f 1840//943 1845//943 1837//943
f 1561//943 1846//943 1844//943
f 1847//1207 1573//1207 1848//1207
f 1561//943 1844//943 1559//943
f 1849//963 1560//963 1559//963
f 1849//1208 1850//1208 1851//1208
f 1851//1209 1560//1209 1849//1209
f 1850//1210 1847//1210 1851//1210
f 1850//1211 1565//1211 1847//1211
f 1565//1212 1573//1212 1847//1212
f 1794//945 1606//945 1636//945
f 1820//943 1814//943 1809//943
f 1816//943 1820//943 1809//943
f 1591//1183 1794//1183 1601//1183
f 1852//943 1559//943 1853//943
f 1854//943 1559//943 1852//943
f 1855//943 1856//943 1559//943
f 1663//1175 1857//1175 1765//1175
f 1758//943 1762//943 1718//943
f 1658//942 1657//942 1656//942
f 1743//942 1658//942 1656//942
f 1762//1179 1758//1179 1724//1179
f 1726//1179 1724//1179 1758//1179
f 1858//1213 1853//1213 1859//1213
f 1858//1214 1852//1214 1853//1214
f 1860//1215 1861//1215 1652//1215
f 1862//942 1863//942 1864//942
f 1865//942 1864//942 1863//942
f 1866//943 1494//943 1867//943
f 1381//958 1868//1216 1389//962
f 1397//945 1489//945 1510//945
f 1869//944 1708//944 1870//944
f 1709//944 1708//944 1869//944
f 1871//944 1870//944 1708//944
f 1872//944 1705//944 1709//944
f 1873//944 1871//944 1708//944
f 1708//1137 1707//1137 1874//1137
f 1875//1181 1788//1181 1787//1181
f 1876//945 1874//945 1877//945
f 1707//945 1878//945 1874//945
f 1877//945 1874//945 1878//945
f 1879//945 1878//945 1707//945
f 1703//1217 1850//1217 1880//1217
f 1876//945 1881//945 1874//945
f 1881//945 1882//945 1874//945
f 1883//943 1698//943 1854//943
f 1884//1137 1878//1137 1879//1137
f 1510//995 1866//995 1867//995
f 1510//995 1867//995 1574//995
f 1885//945 1874//945 1882//945
f 1676//1218 1886//1219 1677//1220
f 1849//1221 1887//1221 1850//1221
f 1677//1222 1673//1222 1660//1222
f 1880//1223 1850//1223 1887//1223
f 1677//1224 1888//1224 1673//1225
f 1510//945 1494//945 1866//945
f 1677//1220 1886//1219 1888//1226
f 1889//1227 1854//1227 1890//1227
f 1889//1227 1891//1227 1854//1227
f 1892//1228 1671//1228 1670//1228
f 1888//1224 1670//1229 1673//1225
f 1893//1227 1854//1227 1894//1227
f 1895//1227 1890//1227 1854//1227
f 1895//1227 1854//1227 1893//1227
f 1888//1230 1892//1230 1670//1230
f 1888//1231 1896//1231 1892//1231
f 1897//1232 1898//1232 1890//1232
f 1890//1233 1895//1234 1897//1233
f 1899//1234 1897//1233 1895//1234
f 1895//1235 1893//1235 1899//1235
f 1900//1236 1901//1236 1894//1236
f 1889//1232 1890//1232 1898//1232
f 1893//1235 1901//1235 1899//1235
f 1893//1236 1894//1236 1901//1236
f 1786//1237 1902//1237 1787//1237
f 1675//1238 1827//1238 1676//1238
f 1787//1237 1898//1237 1897//1239
f 1787//1237 1897//1239 1899//1237
f 1787//1237 1899//1237 1901//1240
f 1787//1237 1901//1240 1900//1241
f 1896//1242 1886//1242 1778//1242
f 1896//1243 1888//1243 1886//1243
f 1894//995 1903//1244 1900//1244
f 1900//1244 1903//1244 1787//995
f 1903//1244 1904//995 1787//995
f 1784//1245 1896//1245 1778//1245
f 1671//1246 1905//1246 1669//1246
f 1906//942 1865//942 1863//942
f 1907//942 1865//942 1906//942
f 1780//942 1782//942 1778//942
f 1472//942 1783//942 1778//942
f 1392//944 1391//944 1637//944
f 1908//942 1865//942 1907//942
f 1909//943 1628//943 1631//943
f 1910//963 1648//963 1861//963
f 1861//942 1860//942 1864//942
f 1631//1247 1669//1247 1911//1247
f 1420//965 1413//965 1425//965
f 1420//942 1912//942 1913//942
f 1425//942 1912//942 1420//942
f 1641//1248 1646//1248 1642//1248
f 1644//1071 1628//1070 1909//945
f 1424//942 1912//942 1425//942
f 1757//942 1912//942 1424//942
f 1914//942 1913//942 1912//942
f 1914//942 1912//942 1908//942
f 1915//1182 1647//1182 1910//1182
f 1648//1182 1910//1182 1647//1182
f 1647//1011 1915//1249 1653//1249
f 1647//1011 1653//1249 1650//1011
f 1916//1012 1649//1075 1653//1012
f 1390//1250 1642//1250 1391//1250
f 1649//1015 1916//1015 1917//1015
f 1649//1015 1917//1015 1661//1015
f 1644//963 1909//963 1637//963
f 1391//963 1642//963 1637//963
f 1642//963 1646//963 1637//963
f 1644//963 1637//963 1646//963
f 1918//1176 1662//1176 1917//1176
f 1661//1176 1917//1176 1662//1176
f 1917//942 1916//942 1919//942
f 1653//942 1919//942 1916//942
f 1662//1177 1918//1177 1857//1177
f 1662//1177 1857//1177 1663//1177
f 1920//943 1909//943 1631//943
f 1921//942 1857//942 1919//942
f 1918//942 1917//942 1919//942
f 1637//943 1909//943 1922//943
f 1909//943 1920//943 1922//943
f 1923//942 1921//942 1924//942
f 1925//942 1921//942 1923//942
f 1754//942 1921//942 1757//942
f 1765//942 1921//942 1925//942
f 1920//1247 1631//1247 1911//1247
f 1754//1161 1749//1161 1924//1161
f 1757//1167 1438//1166 1754//1167
f 1911//963 1926//963 1920//963
f 1743//1251 1656//1251 1923//1178
f 1925//1178 1923//1178 1656//1251
f 1924//1252 1749//1252 1743//1252
f 1924//1252 1743//1252 1923//1252
f 1927//963 1920//963 1926//963
f 1765//1173 1925//1173 1656//1173
f 1928//943 1837//943 1845//943
f 1468//944 1637//944 1470//944
f 1922//944 1470//944 1637//944
f 1840//945 1929//945 1845//945
f 1928//944 1667//944 1837//944
f 1841//944 1837//944 1667//944
f 1892//1253 1930//1253 1671//1253
f 1919//963 1931//963 1932//963
f 1919//963 1932//963 1933//963
f 1934//1246 1669//1246 1905//1246
f 1935//1254 1936//1254 1713//1254
f 1714//1255 1937//1255 1713//1255
f 1713//1256 1937//1256 1935//1256
f 1715//1257 1937//1257 1714//1257
f 1937//1258 1715//1258 1938//1258
f 1715//1259 1883//1259 1938//1259
f 1789//1260 1939//1260 1784//1260
f 1936//1261 1712//1261 1713//1261
f 1555//1018 1699//1262 1716//1263
f 1883//1264 1940//1264 1938//1264
f 1941//1265 1942//1265 1943//1265
f 1892//1266 1896//1266 1944//1266
f 1940//1267 1941//1267 1937//1267
f 1941//1268 1940//1268 1942//1268
f 1940//1269 1937//1269 1938//1269
f 1945//1270 1935//1271 1937//1272
f 1708//944 1946//944 1947//944
f 1873//944 1708//944 1947//944
f 1945//1270 1937//1272 1941//1273
f 1948//945 1949//945 1885//945
f 1941//1274 1943//1274 1945//1274
f 1950//1275 1943//1276 1942//1277
f 1707//943 1706//943 1879//943
f 1884//943 1879//943 1706//943
f 1716//1278 1712//1278 1951//1279
f 1951//1280 1935//1280 1945//1280
f 1554//1017 1699//1262 1555//1018
f 1951//1281 1945//1281 1943//1281
f 1952//1282 1943//1276 1950//1275
f 1393//963 1392//963 1547//963
f 1716//1278 1951//1279 1555//1283
f 1712//1284 1936//1284 1951//1284
f 1936//1285 1935//1285 1951//1285
f 1706//943 1953//943 1954//943
f 1858//1286 1955//1286 1852//1286
f 1955//1287 1854//1287 1852//1287
f 1955//1288 1956//1288 1854//1288
f 1956//1227 1894//1227 1854//1227
f 1853//943 1559//943 1856//943
f 1855//943 1559//943 1844//943
f 1856//1289 1859//1289 1853//1289
f 1943//1290 1952//1290 1951//1290
f 1957//1291 1859//1292 1856//1293
f 1952//1294 1958//1294 1951//1294
f 1959//1295 1960//1295 1858//1295
f 1961//1296 1960//1296 1959//1296
f 1961//1297 1956//1297 1960//1297
f 1950//1298 1962//1298 1952//1298
f 1963//1299 1555//1299 1951//1299
f 1958//1300 1964//1300 1963//1300
f 1859//1301 1959//1301 1858//1301
f 1856//1302 1855//1302 1957//1302
f 1957//1291 1959//1303 1859//1292
f 1965//1304 1959//1303 1957//1291
f 1961//1305 1959//1306 1965//1307
f 1965//1307 1966//1308 1961//1305
f 1958//1309 1963//1309 1951//1309
f 1960//1310 1956//1310 1858//1310
f 1553//1021 1963//1311 1967//1312
f 1956//1313 1955//1313 1858//1313
f 1963//1311 1553//1021 1555//1018
f 1903//1227 1894//1227 1956//1227
f 1553//1021 1556//1019 1555//1018
f 1958//1314 1952//1314 1962//1314
f 1968//1315 1969//1315 1957//1315
f 1962//1316 1964//1316 1958//1316
f 1962//1317 1950//1317 1970//1317
f 1971//1318 1962//1319 1970//1320
f 1884//943 1706//943 1972//943
f 1954//943 1972//943 1706//943
f 1919//961 1973//961 1931//961
f 1974//944 1884//944 1972//944
f 1975//945 1976//945 1954//945
f 1977//1137 1972//1137 1954//1137
f 1876//1321 1877//1321 1978//1321
f 1719//943 1718//943 1720//943
f 1665//943 1666//943 1667//943
f 1667//943 1666//943 1718//943
f 1717//943 1758//943 1718//943
f 1885//942 1979//942 1980//942
f 1765//942 1857//942 1921//942
f 1918//942 1919//942 1857//942
f 1974//1137 1878//1137 1884//1137
f 1932//945 1931//945 1981//945
f 1885//1322 1882//1322 1979//1322
f 1982//1322 1979//1322 1882//1322
f 1933//944 1921//944 1919//944
f 1881//1323 1983//1323 1882//1323
f 1881//1324 1876//1324 1984//1324
f 1983//1325 1881//1325 1984//1325
f 1974//1326 1877//1326 1878//1326
f 1978//1327 1877//1327 1974//1327
f 1976//945 1985//945 1977//945
f 1977//945 1954//945 1976//945
f 1972//944 1986//944 1974//944
f 1718//943 1750//943 1435//943
f 1986//944 1983//944 1984//944
f 1978//944 1986//944 1984//944
f 1984//1328 1876//1328 1978//1328
f 1972//1137 1977//1137 1986//1137
f 1978//944 1974//944 1986//944
f 1924//942 1921//942 1754//942
f 1987//945 1988//945 1977//945
f 1988//945 1989//945 1977//945
f 1987//945 1977//945 1985//945
f 1990//943 1991//943 1992//943
f 1992//943 1991//943 1993//943
f 1993//944 1994//944 1992//944
f 1995//942 1986//942 1977//942
f 1992//944 1994//944 1996//944
f 1987//1324 1997//1324 1988//1324
f 1998//945 1999//945 1990//945
f 1990//947 1992//947 1998//947
f 1996//947 1998//947 1992//947
f 1912//942 1757//942 1921//942
f 1932//942 1998//942 1933//942
f 1983//944 1986//944 1982//944
f 1979//944 1982//944 1986//944
f 1882//1329 1983//1329 1982//1329
f 2000//945 1977//945 1989//945
f 2001//945 1995//945 2000//945
f 2002//1322 2000//1322 1989//1322
f 2003//944 1921//944 1996//944
f 1933//944 1996//944 1921//944
f 1912//1330 1921//1330 2003//1330
f 1932//945 1981//945 1998//945
f 1998//945 1981//945 2004//945
f 1933//942 1998//942 1996//942
f 1676//1331 1825//1331 1826//1331
f 1676//1332 1827//1332 1825//1332
f 2005//945 1821//945 2006//945
f 2007//1333 2008//1334 2009//1334
f 2006//945 1821//945 1819//945
f 1808//945 1819//945 1821//945
f 2010//942 2008//942 2011//942
f 2012//942 2008//942 2010//942
f 2012//995 2010//995 2009//1244
f 2013//1335 2009//1244 2010//995
f 2013//1335 2010//995 2014//995
f 2013//1335 2014//995 2015//1335
f 1875//995 2015//1335 2014//995
f 1904//995 2015//1335 1875//995
f 1904//995 1875//995 1787//995
f 1821//945 2005//945 2016//945
f 2016//945 2017//945 1821//945
f 2018//1335 2019//995 2020//1335
f 2021//995 2020//1335 2019//995
f 1566//1244 2019//995 2018//1335
f 2022//995 2021//995 2019//995
f 1566//944 1568//944 2019//944
f 2017//945 2023//945 1821//945
f 1828//944 1824//944 1830//944
f 2024//943 2025//943 2022//943
f 2019//943 2024//943 2022//943
f 2026//942 1824//942 1821//942
f 2024//944 2019//944 2027//944
f 1792//944 1790//944 2026//944
f 1824//944 2026//944 1790//944
f 2027//963 1667//963 2024//963
f 2016//1323 2028//1323 2017//1323
f 1845//995 2029//995 2025//995
f 1845//995 1929//995 2029//995
f 2005//1324 2030//1324 2016//1324
f 2031//1326 2006//1326 1819//1326
f 2032//1247 2033//1247 2034//1336
f 1771//943 1776//943 1547//943
f 1775//943 1547//943 1776//943
f 1821//945 2023//945 2035//945
f 1468//963 1547//963 1392//963
f 1808//943 1628//943 1813//943
f 1812//943 1808//943 1813//943
f 2036//942 2037//942 2023//942
f 2032//1337 2038//1338 2039//1339
f 1811//1137 1819//1137 1812//1137
f 2017//1322 2040//1322 2023//1322
f 2028//1325 2016//1325 2030//1325
f 2041//943 1705//943 2042//943
f 2043//942 1823//942 1834//942
f 1813//943 1706//943 2041//943
f 1872//943 2042//943 1705//943
f 2044//963 1809//963 1841//963
f 2043//945 1834//945 1636//945
f 1794//945 1636//945 1834//945
f 1794//995 1834//995 1601//995
f 1604//1048 1822//942 1636//942
f 1705//943 2041//943 1706//943
f 1375//1340 1831//1340 1360//1340
f 2045//944 2031//944 1813//944
f 2043//995 1636//995 1822//995
f 2043//995 1822//995 1823//995
f 1855//1341 1968//1341 1957//1341
f 1823//942 2046//942 1834//942
f 1968//1342 2047//1342 1969//1342
f 1969//1343 1965//1343 1957//1343
f 1969//1344 1966//1344 1965//1344
f 1961//1345 1966//1345 2048//1345
f 2048//1346 1956//1346 1961//1346
f 2046//942 2049//942 1834//942
f 1968//1347 1855//1348 1844//1349
f 1968//1347 1844//1349 2050//1350
f 1968//1347 2050//1350 1583//1033
f 1904//1351 1903//1351 2048//1351
f 1956//1351 2048//1351 1903//1351
f 2051//1352 1580//1029 1611//1353
f 1695//1354 1696//1354 1701//1354
f 1969//1355 2047//1355 2052//1355
f 2052//1356 1966//1356 1969//1356
f 2053//1357 2048//1357 2054//1357
f 1966//1358 2054//1358 2048//1358
f 2055//942 2049//942 2046//942
f 1580//1029 1968//1347 1583//1033
f 1823//945 1625//945 1687//945
f 1581//1359 1582//1359 2056//1359
f 2051//1352 1968//1347 1580//1029
f 1384//1360 1383//1360 1581//1360
f 2057//1361 2056//1361 1582//1361
f 1966//1362 2052//1362 2054//1362
f 2053//1363 2015//1363 1904//1363
f 2053//1363 1904//1363 2048//1363
f 2053//1364 2058//1364 2015//1364
f 2059//1365 2054//1365 2052//1365
f 2051//1366 2060//1366 1968//1366
f 1687//945 2061//945 1823//945
f 2062//942 2049//942 2055//942
f 1838//942 1834//942 2049//942
f 2015//1364 2058//1364 2013//1364
f 1389//1367 2063//1367 2064//1367
f 1963//1368 1964//1369 1967//1370
f 1964//1369 2065//1371 1967//1370
f 1672//1372 1553//1021 1967//1312
f 1892//1373 1944//1373 1930//1373
f 1905//1253 1671//1253 1930//1253
f 1944//1374 1896//1374 1784//1374
f 1944//1375 1784//1375 1939//1375
f 1930//1376 2066//1376 1905//1376
f 2039//1339 2038//1338 2067//1377
f 2066//1378 2068//1379 1905//1380
f 2069//1381 1864//1381 1865//1381
f 2070//1382 1944//1382 1939//1382
f 1919//942 1910//942 1864//942
f 1930//1383 1944//1383 2071//1383
f 2069//1384 2072//1385 2073//1386
f 1986//944 2074//944 1979//944
f 1865//1387 2072//1387 2069//1387
f 1977//945 2000//945 1995//945
f 2075//1388 2039//1388 2067//1388
f 2067//1389 2076//1389 2075//1389
f 2076//1390 2073//1390 2075//1390
f 2073//1391 2072//1391 2075//1391
f 1954//943 1953//943 1975//943
f 2077//943 1975//943 1953//943
f 1860//942 1862//942 1864//942
f 1706//1134 2078//1134 1953//1134
f 2077//1137 1976//1137 1975//1137
f 2038//1392 2079//1392 2080//1392
f 1987//1321 1985//1321 2081//1321
f 2038//1393 2080//1393 2082//1393
f 1985//1327 2083//1327 2081//1327
f 2038//1338 2082//1394 2067//1377
f 1985//1326 1976//1326 2083//1326
f 2084//942 2001//942 2000//942
f 2080//1395 2079//1395 2085//1395
f 1569//1396 2085//1396 2079//1396
f 2086//1397 2069//1384 2073//1386
f 1948//995 2087//995 1946//995
f 1948//995 1946//995 1949//995
f 1874//945 1885//945 1949//945
f 2088//1398 1939//1398 1789//1398
f 2071//1399 1944//1399 2070//1399
f 2089//1400 2065//1400 1964//1400
f 1964//1401 2090//1401 2089//1401
f 2091//945 2041//945 2092//945
f 2045//1137 1813//1137 2041//1137
f 1967//1312 2065//1402 1672//1372
f 1682//1403 2089//1403 2090//1403
f 2065//1404 2089//1404 1682//1404
f 1682//1405 1681//1405 2065//1405
f 1681//1406 1672//1406 2065//1406
f 2093//944 2045//944 2030//944
f 2031//944 2045//944 2093//944
f 1811//944 1813//944 2031//944
f 2028//944 2030//944 2045//944
f 2094//1407 2090//1407 1964//1407
f 2005//1321 2006//1321 2093//1321
f 2006//1327 2031//1327 2093//1327
f 1964//1408 1962//1408 2094//1408
f 2005//1328 2093//1328 2030//1328
f 1819//1137 1811//1137 2031//1137
f 1971//1409 2094//1409 1962//1409
f 1971//1410 2095//1410 2094//1410
f 2096//945 2091//945 2097//945
f 2092//945 2097//945 2091//945
f 2098//945 2091//945 2096//945
f 2042//945 2092//945 2041//945
f 1682//1110 1680//1109 1681//1411
f 2045//1137 2041//1137 2091//1137
f 1685//1111 1678//1111 1682//1110
f 1971//1412 2099//1412 2100//1412
f 2091//945 2098//945 2101//945
f 1971//1413 2102//1413 2099//1413
f 2101//945 2103//945 2091//945
f 2040//944 2045//944 2104//944
f 2028//944 2045//944 2040//944
f 2023//1322 2040//1322 2104//1322
f 2028//1329 2040//1329 2017//1329
f 2099//1414 2105//1414 2106//1414
f 1869//1328 1870//1328 2096//1328
f 2107//1415 2105//1415 2099//1415
f 2105//1416 2108//1416 2106//1416
f 2042//1137 1872//1137 2092//1137
f 2096//1321 2097//1321 1869//1321
f 2107//1417 2108//1417 2105//1417
f 2107//1418 2109//1418 2108//1418
f 1709//1326 2097//1326 2092//1326
f 2110//945 2111//945 2103//945
f 2106//1419 2100//1419 2099//1419
f 2045//944 2112//944 2104//944
f 2036//942 2023//942 2104//942
f 2096//1324 1870//1324 2098//1324
f 2095//1420 2090//1420 2094//1420
f 2095//1421 1971//1421 2100//1421
f 2098//1325 1870//1325 1871//1325
f 2101//1322 1873//1322 1947//1322
f 2101//1322 1947//1322 2103//1322
f 2100//1422 2106//1422 1682//1422
f 1872//1137 1709//1137 2092//1137
f 2098//1323 1871//1323 2101//1323
f 1871//1329 1873//1329 2101//1329
f 1685//1111 1682//1110 1690//1111
f 1869//1327 2097//1327 1709//1327
f 2106//1423 1690//1423 1682//1423
f 2100//1424 1682//1424 2095//1424
f 1947//942 2110//942 2103//942
f 1691//1425 2108//1425 1366//1425
f 1947//942 2087//942 2110//942
f 2113//944 1996//944 2114//944
f 2115//944 2114//944 1996//944
f 1994//944 2115//944 1996//944
f 2113//944 2003//944 1996//944
f 2116//1426 2114//1426 2115//1426
f 1930//1427 2071//1427 2066//1427
f 1994//1428 2116//1428 2115//1428
f 2117//1429 2066//1429 2071//1429
f 2117//1430 2118//1430 2066//1430
f 2119//1431 2118//1431 2117//1431
f 2120//945 1998//945 2121//945
f 1999//945 1998//945 2120//945
f 2122//945 1990//945 1999//945
f 2123//945 2121//945 1998//945
f 2123//945 1998//945 2004//945
f 2071//1432 2119//1433 2117//1434
f 2071//1432 2070//1435 2119//1433
f 2088//1436 2070//1436 1939//1436
f 2119//1437 2124//1437 2125//1437
f 2088//1438 2124//1438 2119//1438
f 1981//942 2126//942 2127//942
f 2088//1439 2128//1439 2124//1439
f 2088//1440 2119//1440 2070//1440
f 2128//1441 2129//1442 2124//1443
f 2004//960 2130//960 2123//960
f 2131//1444 2132//1444 2129//1444
f 2132//1445 2125//1445 2129//1445
f 2118//1446 2119//1446 2125//1446
f 2125//1447 2133//1447 2118//1447
f 2134//1448 2133//1448 2125//1448
f 2118//1449 2135//1449 2066//1449
f 2132//1450 2134//1450 2125//1450
f 1973//961 2136//961 2126//961
f 1931//961 1973//961 2126//961
f 2124//1451 2129//1451 2125//1451
f 2126//963 2136//963 2137//963
f 2126//963 2137//963 2138//963
f 2139//1452 2008//1452 2007//1452
f 2140//1453 1868//1453 2139//1453
f 2139//1454 1868//1454 2008//1454
f 2012//1455 2009//1334 2008//1334
f 2140//1456 1389//1456 1868//1456
f 2141//1457 2060//1457 2142//1457
f 2136//945 2143//945 2137//945
f 2144//1247 2145//1336 1911//1247
f 2144//1458 2146//1458 2145//1458
f 2146//1459 2147//1459 2145//1459
f 2029//943 1926//943 1911//943
f 2029//944 2148//944 1926//944
f 2144//1460 2149//1460 2146//1460
f 2046//945 1823//945 2061//945
f 1911//1247 1934//1461 2144//1247
f 1911//1247 1669//1247 1934//1461
f 2068//1461 2150//1461 1934//1461
f 2144//1247 1934//1461 2150//1461
f 2049//1462 2151//1462 2152//1462
f 2049//1463 2062//1463 2151//1463
f 1905//1380 2068//1379 1934//1464
f 2146//1465 2153//1465 2147//1465
f 2154//1466 2062//1466 2055//1466
f 2153//1467 2155//1467 2147//1467
f 2153//1468 2156//1468 2155//1468
f 2157//1469 2155//1469 2156//1469
f 2156//1470 2158//1470 2157//1470
f 2154//1471 2159//1471 2160//1471
f 2062//1466 2154//1466 2160//1466
f 2161//1472 2162//1472 2133//1472
f 2162//1473 2118//1473 2133//1473
f 2066//1474 2135//1474 2068//1474
f 1584//1475 1576//1475 2163//1475
f 2164//1476 1584//1476 2163//1476
f 2164//963 2085//963 2165//963
f 2166//1477 2135//1477 2162//1477
f 2162//1478 2135//1478 2118//1478
f 2164//1479 2165//1479 1584//1479
f 2163//1480 1576//1480 1383//1480
f 2134//1481 2161//1481 2133//1481
f 2134//1482 1350//1482 2161//1482
f 1383//1483 1385//1483 2163//1483
f 2132//1484 2131//1484 1350//1484
f 1350//1485 2134//1485 2132//1485
f 2067//1486 2082//1486 2076//1486
f 2082//1487 2167//1487 2076//1487
f 2068//1488 2135//1488 2166//1488
f 2146//1489 2149//1489 2168//1489
f 2149//1490 2144//1490 2150//1490
f 2076//1491 2086//1491 2073//1491
f 2168//1492 2169//1492 2170//1492
f 2168//1493 2170//1493 2171//1493
f 2167//1494 2172//1494 2076//1494
f 2080//1495 2173//1496 2082//1497
f 2082//1498 2173//1498 2167//1498
f 2085//1499 2173//1496 2080//1495
f 2172//1500 2086//1500 2076//1500
f 2069//1501 1973//1501 1864//1501
f 2069//1502 2086//1502 1973//1502
f 1599//1503 1973//1503 2086//1503
f 2051//1504 2142//1504 2060//1504
f 2086//1505 2172//1505 1599//1505
f 1613//1506 2142//1506 2051//1506
f 1611//1507 1613//1508 2051//1509
f 2172//1510 2174//1510 1599//1510
f 2174//1511 2175//1511 1599//1511
f 1611//1507 1612//1512 1613//1508
f 1385//1513 2176//1513 2163//1513
f 2176//1514 1385//1514 2177//1514
f 2177//1515 2178//1515 2176//1515
f 2177//1516 2175//1516 2174//1516
f 2174//1517 2172//1517 2178//1517
f 2178//1518 2172//1518 2179//1518
f 2141//1519 2047//1519 2060//1519
f 2178//1520 2177//1520 2174//1520
f 2176//1521 2164//1521 2163//1521
f 2176//1522 2178//1522 2164//1522
f 2047//1523 1968//1523 2060//1523
f 2141//1524 2052//1524 2047//1524
f 2179//1525 2164//1525 2178//1525
f 2141//1526 2059//1526 2052//1526
f 2179//1527 2173//1527 2164//1527
f 2172//1528 2167//1528 2179//1528
f 1598//1058 1610//1529 1613//1056
f 2085//1530 2164//1530 2173//1530
f 2141//1531 2142//1531 2180//1531
f 2173//1532 2179//1532 2167//1532
f 2058//1533 2059//1533 2181//1533
f 2141//1534 2180//1534 2182//1534
f 2180//1535 2183//1535 2182//1535
f 2182//1536 2183//1537 2064//1538
f 2063//1539 2182//1536 2064//1538
f 1389//1540 2140//1540 2063//1540
f 1389//1541 2064//1541 1835//1541
f 2181//1542 2139//1542 2007//1542
f 2181//1543 2182//1543 2063//1543
f 2181//1544 2063//1544 2140//1544
f 2181//1545 2140//1545 2139//1545
f 1613//1546 2180//1546 2142//1546
f 2091//945 2103//945 2111//945
f 2045//942 2091//942 2112//942
f 2111//942 2112//942 2091//942
f 2036//944 2104//944 2112//944
f 1920//943 1927//943 1922//943
f 1435//943 2184//943 2027//943
f 2027//944 2019//944 1435//944
f 1568//944 1435//944 2019//944
f 1464//943 2185//943 1463//943
f 2185//943 2186//943 1463//943
f 1739//943 1463//943 2186//943
f 2039//1246 2187//1246 2032//1246
f 2188//943 2189//943 1470//943
f 1874//942 1949//942 1708//942
f 1946//942 1708//942 1949//942
f 2087//944 1947//944 1946//944
f 2033//1247 2032//1247 2187//1247
f 1865//1547 2190//1547 2072//1547
f 1912//1245 2190//1245 1865//1245
f 1360//1340 1831//1340 1696//1340
f 1360//1548 1696//1548 1501//1548
f 2151//1549 2191//1549 2152//1549
f 1613//1056 1619//1550 1616//1551
f 1616//1552 2064//1552 1613//1552
f 1835//1553 2064//1554 1618//1555
f 2064//1554 1616//1556 1618//1555
f 2151//1557 2062//1557 2160//1557
f 2183//1558 2180//1558 1613//1558
f 2183//1559 1613//1559 2064//1559
f 1619//1550 1613//1056 1610//1529
f 1607//1200 1835//1199 1617//1560
f 1618//1561 1617//1560 1835//1199
f 2053//1562 2054//1562 2059//1562
f 2053//1563 2059//1563 2058//1563
f 2059//1564 2141//1564 2182//1564
f 2007//1565 2058//1565 2181//1565
f 2059//1566 2182//1566 2181//1566
f 2192//1567 2191//1567 2193//1567
f 2058//1568 2007//1568 2013//1568
f 2009//1568 2013//1568 2007//1568
f 2194//1569 2193//1569 2195//1569
f 2194//1570 2192//1570 2193//1570
f 2057//1571 2194//1571 2056//1571
f 2196//943 2197//943 2198//943
f 1846//943 2198//943 2199//943
f 2200//943 1846//943 2199//943
f 2197//943 2199//943 2198//943
f 2193//1572 2201//1572 2195//1572
f 2197//947 2202//947 2199//947
f 2203//1573 2193//1573 2159//1573
f 2193//1574 2160//1574 2159//1574
f 2196//944 1374//944 2197//944
f 2204//1575 2201//1575 2203//1575
f 2205//945 2206//945 2199//945
f 2203//1576 2159//1576 2204//1576
f 2205//947 2199//947 2202//947
f 2151//1577 2160//1577 2193//1577
f 2201//1578 2193//1578 2203//1578
f 1388//945 2207//945 1395//945
f 2202//944 1372//944 1394//944
f 1336//942 2208//942 1372//942
f 1368//944 2202//944 1369//944
f 1374//944 1369//944 2202//944
f 2202//944 2197//944 1374//944
f 2195//1579 2201//1579 2209//1579
f 2191//1580 2151//1580 2193//1580
f 1394//942 1395//942 2202//942
f 1368//944 1370//944 2202//944
f 1371//944 2202//944 1370//944
f 1371//944 1372//944 2202//944
f 1386//944 1394//944 1372//944
f 2159//1581 2154//1581 2204//1581
f 1371//1582 1337//1582 1336//1582
f 2210//945 2205//945 2211//945
f 2206//945 2205//945 2210//945
f 2212//945 2211//945 2205//945
f 2200//945 2199//945 2206//945
f 1375//1583 2213//1584 2214//1585
f 2214//1586 2215//1586 1831//1586
f 2216//945 2205//945 2207//945
f 2216//945 2212//945 2205//945
f 1395//942 2205//942 2202//942
f 2205//945 1395//945 2207//945
f 2215//1587 2214//1587 2213//1587
f 1687//1131 1701//1131 2061//1131
f 2217//1588 2061//1588 1701//1588
f 2217//1589 2218//1589 2061//1589
f 2046//1590 2061//1590 2218//1590
f 2218//1591 2217//1591 2154//1591
f 2106//1592 2108//1592 1691//1592
f 2219//942 2010//942 2220//942
f 1690//1593 2106//1593 1691//1593
f 1362//1594 2221//1594 1361//1594
f 1682//1595 2090//1595 2095//1595
f 2220//942 2010//942 2222//942
f 2222//942 2010//942 2223//942
f 1362//1596 1364//1596 2222//1596
f 2222//1597 2223//1597 1362//1597
f 1362//1598 2223//1598 2221//1598
f 2102//1599 1971//1318 1970//1320
f 1361//1600 2221//1600 1363//1600
f 1364//1601 1365//1601 2219//1601
f 1364//1601 2219//1601 2220//1601
f 2220//1602 2222//1602 1364//1602
f 2224//943 1697//943 1775//943
f 1883//943 1715//943 1698//943
f 1880//1603 2225//1603 1702//1603
f 1702//1604 1703//1604 1880//1604
f 1980//944 1979//944 2074//944
f 1885//942 1980//942 1948//942
f 2074//942 1986//942 1995//942
f 1513//994 1980//994 2001//994
f 1980//994 1513//994 1948//994
f 1397//963 1399//963 1503//963
f 1397//1605 1703//1605 1398//1605
f 1704//1135 1887//1606 1698//1133
f 1704//1607 2225//1607 1880//1607
f 1880//1608 1887//1608 1704//1608
f 1980//995 2074//995 1995//995
f 1980//995 1995//995 2001//995
f 1399//963 1697//963 1503//963
f 1366//1609 1348//1609 1710//1609
f 2226//943 2227//943 1697//943
f 2228//1227 2229//1227 1883//1227
f 2001//994 1511//994 1513//994
f 2230//963 2219//963 1365//963
f 2230//1610 1365//1610 1711//1610
f 1891//1227 2231//1611 1883//1227
f 2231//1611 2228//1227 1883//1227
f 2229//1227 2232//1227 1883//1227
f 1940//1227 1883//1227 2232//1227
f 2233//1227 1940//1227 2232//1227
f 1902//1612 2234//1612 2231//1612
f 1902//1612 2231//1612 1891//1612
f 2226//943 1697//943 2235//943
f 2236//1613 2228//1613 2234//1614
f 2231//1615 2234//1614 2228//1613
f 2237//1616 2229//1616 2236//1616
f 2228//1616 2236//1616 2229//1616
f 2229//1617 2237//1617 2232//1617
f 2238//1617 2232//1617 2237//1617
f 1684//1618 2088//1619 1679//1620
f 1902//1237 1786//1237 2234//1621
f 2236//1237 2234//1621 1786//1237
f 2237//1237 2236//1237 1786//1237
f 2238//1622 2237//1237 1786//1237
f 2232//963 2238//963 2233//963
f 2233//963 2238//963 1786//963
f 1641//1623 1390//1623 2239//1623
f 2240//943 1953//943 2241//943
f 2077//943 1953//943 2240//943
f 2242//943 2241//943 1953//943
f 1940//1624 2243//1625 1942//1626
f 1950//1627 1942//1626 2243//1625
f 1940//1351 2233//1351 2243//1351
f 2244//1351 2243//1351 2233//1351
f 2245//1363 2246//1363 2244//1363
f 2233//963 1786//963 2244//963
f 2243//1628 2246//1629 1950//1630
f 2246//1629 1970//1631 1950//1630
f 1970//1632 2246//1633 2102//1634
f 2243//1363 2244//1363 2246//1363
f 2245//963 2244//963 1788//1635
f 1786//963 1788//1635 2244//963
f 2240//944 2247//944 2083//944
f 1997//944 2247//944 2248//944
f 2002//944 2248//944 2247//944
f 2084//944 2002//944 2247//944
f 2081//944 2247//944 1997//944
f 2230//1636 1711//1636 2109//1636
f 2186//1637 2185//1637 2188//967
f 2189//967 2188//967 2185//1637
f 2126//942 1981//942 1931//942
f 1534//965 2249//965 1528//965
f 2120//950 2121//951 2250//952
f 1470//943 2251//943 1521//943
f 1470//943 2189//943 2251//943
f 1534//966 2252//966 2253//966
f 1534//966 2253//966 2249//966
f 1528//942 1535//942 1534//942
f 2252//942 1534//942 1533//942
f 1521//1002 2251//1002 1464//1002
f 2185//1638 1464//1638 2189//1638
f 2251//1638 2189//1638 1464//1638
f 2122//943 2254//943 1990//943
f 2148//963 2255//963 1926//963
f 2256//947 2257//947 1999//947
f 1732//943 1734//943 1738//943
f 1736//943 1738//943 1737//943
f 1736//943 1735//943 2258//943
f 2186//943 1740//943 1739//943
f 2258//943 1735//943 1740//943
f 2123//955 2130//955 2259//955
f 2188//943 1470//943 2260//943
f 1470//943 1775//943 2260//943
f 2261//943 2260//943 1775//943
f 2262//1639 2263//1639 2264//1639
f 1991//943 1990//943 2264//943
f 1531//942 1764//942 1763//942
f 1532//942 2265//942 1530//942
f 2252//942 1533//942 2265//942
f 1530//942 2265//942 1533//942
f 2266//943 2267//943 2264//943
f 2266//943 2264//943 2268//943
f 1740//1640 2186//1640 2260//1640
f 2188//1640 2260//1640 2186//1640
f 2122//943 2257//943 2254//943
f 2268//943 2264//943 2254//943
f 2254//943 2264//943 1990//943
f 2261//1159 2258//1159 2260//1159
f 2258//1159 1740//1159 2260//1159
f 1736//1160 2258//1160 2269//1641
f 2261//1641 2269//1641 2258//1160
f 2122//947 1999//947 2257//947
f 2270//945 2266//945 2268//945
f 2256//944 2254//944 2257//944
f 2150//1642 2068//1642 2166//1642
f 2168//1643 2153//1643 2146//1643
f 2271//1644 2156//1644 2272//1644
f 2153//1645 2272//1645 2156//1645
f 2273//947 2268//947 2254//947
f 2168//1646 2272//1646 2153//1646
f 2274//1647 2275//1647 1352//1647
f 2276//944 2127//944 2138//944
f 2273//942 2276//942 2137//942
f 2126//944 2138//944 2127//944
f 1352//1648 2277//1648 2274//1648
f 2130//944 2127//944 2276//944
f 2277//1649 2278//1649 2279//1649
f 2279//1650 2274//1650 2277//1650
f 1981//956 2127//956 2130//956
f 2004//1582 1981//1582 2130//1582
f 2280//945 2273//945 2143//945
f 2259//944 2276//944 2281//944
f 2282//1651 2169//1651 2168//1651
f 2250//952 2121//951 2281//953
f 2282//1652 2170//1653 2169//1654
f 2281//1655 2121//1655 2123//1655
f 2123//954 2259//954 2281//954
f 2276//947 2273//947 2254//947
f 2282//1652 2283//1656 2170//1653
f 2149//1657 2282//1657 2168//1657
f 2149//1658 2150//1658 2282//1658
f 2283//1659 2275//1659 2274//1659
f 2250//944 2276//944 2256//944
f 2254//944 2256//944 2276//944
f 2250//944 2281//944 2276//944
f 1999//957 2120//957 2256//957
f 2120//959 2250//959 2256//959
f 2166//1660 2282//1660 2150//1660
f 2162//1661 2161//1661 2275//1661
f 2275//1662 2283//1662 2162//1662
f 2275//1480 2161//1480 1350//1480
f 2275//1483 1350//1483 1352//1483
f 2166//1663 2162//1663 2282//1663
f 2284//945 2273//945 2280//945
f 2285//945 2273//945 2284//945
f 2137//945 2143//945 2273//945
f 2162//1664 2283//1664 2282//1664
f 2138//942 2137//942 2276//942
f 2286//1665 2156//1665 2271//1665
f 2154//1666 2055//1666 2218//1666
f 2156//1667 2286//1667 2158//1667
f 2046//1668 2218//1668 2055//1668
f 2215//1669 2287//1669 2217//1669
f 2286//1670 2288//1670 2289//1670
f 1701//1671 2215//1671 2217//1671
f 2272//1672 2290//1672 2271//1672
f 1375//1583 2214//1585 1831//1673
f 2288//1674 2271//1674 2290//1674
f 1831//1675 2215//1675 1701//1675
f 2291//1676 2209//1676 2201//1676
f 2168//1677 2171//1677 2290//1677
f 1380//1678 2209//1678 2291//1678
f 2288//1679 2286//1665 2271//1665
f 2201//1680 2204//1680 2291//1680
f 2291//1681 2287//1682 2213//1683
f 2213//1683 2287//1682 2215//1684
f 2291//1685 2204//1686 2287//1687
f 2290//1688 2272//1688 2168//1688
f 2292//1689 2217//1690 2287//1687
f 2290//1691 2279//1691 2293//1691
f 2204//1686 2292//1689 2287//1687
f 2293//1692 2288//1692 2290//1692
f 2213//1584 1380//1693 2291//1694
f 2294//1695 2288//1695 2293//1695
f 2292//1696 2154//1696 2217//1696
f 2295//1697 2279//1697 2290//1697
f 2204//1698 2154//1698 2292//1698
f 1382//1699 2056//1699 2195//1699
f 1384//1700 1581//1700 2056//1700
f 1382//1701 1384//1701 2056//1701
f 2288//1702 2294//1702 2289//1702
f 2274//1703 2295//1703 2283//1703
f 2209//1704 1380//1704 1382//1704
f 2294//1705 2293//1705 2279//1705
f 2056//1706 2194//1706 2195//1706
f 2195//1707 2209//1707 1382//1707
f 2274//1708 2279//1708 2295//1708
f 2279//1709 2278//1709 2294//1709
f 1615//995 1614//995 2224//995
f 2044//943 2296//943 2224//943
f 2295//1710 2290//1710 2171//1710
f 2170//1711 2283//1711 2295//1711
f 2295//1712 2171//1712 2170//1712
f 1797//943 2297//943 2298//943
f 1797//943 2298//943 2299//943
f 1797//943 2299//943 2300//943
f 1621//943 1797//943 1622//943
f 1633//943 1622//943 1797//943
f 2300//943 1633//943 1797//943
f 2301//1713 2297//1713 1797//1713
f 1484//1714 2289//1714 2294//1714
f 2297//1715 2301//1715 2298//1715
f 2302//1715 2298//1715 2301//1715
f 2299//1716 2298//1716 2302//1717
f 1797//1718 2303//1718 2304//1718
f 1797//1713 2304//1713 2301//1713
f 2305//1717 2299//1716 2302//1717
f 2299//995 2305//995 2300//995
f 2306//995 2300//995 2305//995
f 2300//1719 2306//1720 1633//1719
f 1624//1720 1633//1719 2306//1720
f 1624//1064 1623//1064 1633//1064
f 2302//943 2301//943 1614//943
f 2303//943 1614//943 2304//943
f 2304//943 1614//943 2301//943
f 2302//943 1614//943 2305//943
f 2305//943 1614//943 2306//943
f 2306//943 1614//943 1624//943
f 1614//943 1594//943 1624//943
f 2307//944 2224//944 1614//944
f 2308//1721 2157//1721 2158//1721
f 2309//943 1800//943 1803//943
f 1621//943 1805//943 1797//943
f 2147//1722 2310//1722 2145//1722
f 1803//943 1802//943 2311//943
f 1803//943 2311//943 2312//943
f 1803//943 2312//943 2313//943
f 2313//943 2314//943 1803//943
f 1632//943 1628//943 1829//943
f 1807//943 1829//943 1628//943
f 1706//943 1813//943 1628//943
f 2315//1723 2313//1723 2312//1723
f 2109//1724 2316//1724 2230//1724
f 2219//963 2230//963 2316//963
f 1367//1725 2108//1725 1711//1725
f 1366//1726 2108//1726 1367//1726
f 2108//1727 2109//1727 1711//1727
f 1586//1040 2207//942 1388//942
f 2317//942 2318//942 2316//942
f 2219//942 2316//942 2318//942
f 2246//1633 2319//1728 2102//1634
f 2319//1729 2320//1729 2102//1729
f 2321//1568 2320//1568 2322//1568
f 2319//1568 2322//1568 2320//1568
f 2320//1730 2099//1730 2102//1730
f 2099//1731 2320//1731 2107//1731
f 2320//1732 2109//1732 2107//1732
f 2320//1733 2316//1733 2109//1733
f 2317//1734 2316//1735 2321//1736
f 2320//1333 2321//1736 2316//1735
f 1847//1737 1848//1738 1851//1737
f 2246//1364 2245//1364 2319//1364
f 2322//1364 2319//1364 2245//1364
f 2323//1635 2318//963 2322//963
f 2317//963 2321//963 2318//963
f 2321//963 2322//963 2318//963
f 2322//963 2245//963 2323//1635
f 1788//1635 2323//1635 2245//963
f 1560//1739 2262//1740 1561//1741
f 1846//1742 1561//1741 2262//1740
f 2324//1743 1560//1743 1851//1743
f 1574//945 1867//945 1572//945
f 2325//945 1572//945 1867//945
f 2200//943 2326//943 1846//943
f 2318//942 2010//942 2219//942
f 2324//1738 1851//1737 1848//1738
f 1560//1744 2324//1744 2262//1744
f 1573//1745 1572//1745 1848//1745
f 1565//1746 1703//1746 1397//1746
f 1565//1747 1850//1747 1703//1747
f 2327//943 2328//943 1846//943
f 2328//943 1842//943 1846//943
f 1842//943 1844//943 1846//943
f 2327//943 1846//943 2329//943
f 2330//943 2329//943 1846//943
f 2326//943 2330//943 1846//943
f 2014//1748 2010//1748 2323//1748
f 2327//1749 2329//1749 2331//1749
f 2025//1247 2033//1247 2332//1247
f 1991//943 2022//943 2332//943
f 2206//947 2333//947 2200//947
f 1842//1750 2328//1750 2334//1750
f 2328//1751 2327//1751 2334//1751
f 2335//1752 1567//1752 2018//1752
f 1566//1753 2018//1753 1567//1753
f 2285//945 2336//945 2273//945
f 2336//945 2270//945 2273//945
f 2268//945 2273//945 2270//945
f 2337//943 2269//943 1775//943
f 2269//943 2261//943 1775//943
f 2259//944 2130//944 2276//944
f 1470//995 1922//995 2338//995
f 2267//947 2266//947 2270//947
f 2269//1170 2337//1170 1736//1170
f 1738//1170 1736//1170 2337//1170
f 2337//1179 1774//1179 1738//1179
f 1927//963 1926//963 2255//963
f 1529//965 1528//965 2249//965
f 2249//942 1789//942 1529//942
f 2253//942 1789//942 2249//942
f 1784//942 1785//942 1789//942
f 1789//994 1792//994 2088//994
f 2339//942 1789//942 2253//942
f 2340//942 1792//942 2339//942
f 2341//942 1792//942 2340//942
f 1532//1161 1763//1161 2341//1161
f 1532//1161 2341//1161 2340//1161
f 2253//969 2252//969 2339//969
f 2265//969 2339//969 2252//969
f 2339//1166 2265//1166 1532//1166
f 2339//1166 1532//1166 2340//1166
f 2341//1252 1760//1252 1793//1252
f 1763//1252 1760//1252 2341//1252
f 1793//942 1773//942 1792//942
f 1792//942 1789//942 2339//942
f 1793//942 1792//942 2341//942
f 2342//961 2343//961 1973//961
f 1973//961 2343//961 2136//961
f 2344//963 2345//963 2343//963
f 2344//963 2343//963 2342//963
f 2081//944 2083//944 2247//944
f 2077//944 2240//944 2083//944
f 1987//1328 2081//1328 1997//1328
f 1988//1325 1997//1325 2248//1325
f 2346//945 2344//945 2342//945
f 2077//1137 2083//1137 1976//1137
f 2000//1322 2002//1322 2084//1322
f 2248//1329 2002//1329 1989//1329
f 2248//1323 1989//1323 1988//1323
f 1973//961 1387//961 2342//961
f 2208//961 2347//961 1387//961
f 2348//945 2349//945 2350//945
f 2351//945 2350//945 2349//945
f 2352//945 2348//945 2350//945
f 2353//945 2352//945 2241//945
f 2350//945 2241//945 2352//945
f 2346//942 2342//942 2347//942
f 2350//1137 2240//1137 2241//1137
f 2247//1137 2240//1137 2350//1137
f 2354//945 2355//945 2350//945
f 2351//945 2354//945 2350//945
f 1512//945 1515//945 2355//945
f 1511//942 2001//942 2084//942
f 2347//961 2342//961 1387//961
f 1568//995 1572//995 1718//995
f 1568//995 1718//995 1435//995
f 2021//1754 2263//1754 2335//1754
f 2350//945 2355//945 1515//945
f 2021//1755 2335//1755 2020//1755
f 2335//1756 2018//1756 2020//1756
f 2247//942 2350//942 1514//942
f 1515//942 1514//942 2350//942
f 1511//944 2084//944 1514//944
f 2247//944 1514//944 2084//944
f 2335//1757 2263//1757 2262//1757
f 2242//1134 1953//1134 2078//1134
f 1991//1639 2264//1639 2263//1639
f 2022//945 1991//1758 2021//1759
f 2263//1760 2021//1759 1991//1758
f 2241//943 2242//943 2353//943
f 2025//943 2332//943 2022//943
f 1641//1761 2239//1761 2356//1761
f 2357//943 2358//943 1991//943
f 2359//943 2360//943 2242//943
f 2242//943 2360//943 2361//943
f 2242//943 2361//943 2362//943
f 2242//943 2362//943 2363//943
f 2242//943 2363//943 2353//943
f 1911//1247 2145//1336 2364//1336
f 2158//1721 1838//1721 2308//1721
f 2145//1246 2310//1762 2364//1763
f 2359//943 2242//943 1699//943
f 1704//1764 2078//1764 2356//1764
f 2158//942 1588//942 1838//942
f 1911//1247 2364//1336 2033//1247
f 1704//1742 1700//1742 2078//1742
f 2242//1742 2078//1742 1700//1742
f 2034//1336 2033//1247 2364//1336
f 1393//1765 2239//1765 1390//1765
f 1393//1766 1398//1766 2239//1766
f 2364//1763 2310//1762 2365//1767
f 2364//1763 2365//1767 2034//1768
f 1700//943 1699//943 2242//943
f 2239//1207 1398//1207 1702//1207
f 2366//1769 2367//1769 2365//1769
f 2033//943 2029//943 1911//943
f 2029//944 2368//944 2148//944
f 2366//1770 2155//1770 2157//1770
f 2366//1771 2157//1771 2308//1771
f 1699//1206 2369//1206 2359//1206
f 2370//1247 1569//1772 2038//1461
f 2363//1137 2371//1137 2353//1137
f 2370//1247 2038//1461 2032//1247
f 2359//1773 2372//1773 2360//1773
f 2034//1336 2370//1247 2032//1247
f 2034//1774 2365//1774 2370//1774
f 1570//1775 2370//1775 2365//1775
f 2359//1776 2369//1776 2372//1776
f 2311//1777 1817//1777 2312//1777
f 2329//1778 2330//1778 2331//1778
f 2315//1779 2314//1780 2313//1780
f 2326//947 2200//947 2333//947
f 1802//1189 1817//1188 2311//1189
f 2373//1781 1803//1781 2374//1781
f 1797//943 1796//943 1801//943
f 1801//943 1800//943 2309//943
f 1803//943 2314//943 2375//943
f 1803//943 2375//943 2376//943
f 1803//943 2376//943 2374//943
f 2375//1782 2377//1782 2376//1782
f 2309//1783 1803//1783 2378//1783
f 2373//1783 2378//1783 1803//1783
f 2314//1784 2379//1784 2375//1784
f 1801//1718 2303//1718 1797//1718
f 2378//1785 2303//1785 2309//1786
f 1801//1786 2309//1786 2303//1785
f 1634//942 1589//942 2158//942
f 2315//943 2380//943 2307//943
f 1809//943 2307//943 1817//943
f 2312//1723 2380//1723 2315//1723
f 1815//943 1809//943 1817//943
f 1634//963 2158//963 2286//963
f 1817//1777 2380//1777 2312//1777
f 2315//943 2307//943 2379//943
f 2314//1780 2315//1779 2379//1779
f 2381//943 2382//943 2307//943
f 2382//943 2377//943 2307//943
f 2376//1787 2382//1787 2381//1787
f 2376//1787 2381//1787 2374//1787
f 2373//943 2381//943 2307//943
f 2381//1781 2373//1781 2374//1781
f 2376//1782 2377//1782 2382//1782
f 2338//943 1922//943 1927//943
f 2377//1784 2375//1784 2379//1784
f 2378//943 1614//943 2303//943
f 2307//943 1614//943 2373//943
f 2377//943 2379//943 2307//943
f 1775//995 1470//995 2338//995
f 2378//943 2373//943 1614//943
f 1774//943 2337//943 1775//943
f 2224//944 2307//944 2044//944
f 2037//945 2035//945 2023//945
f 2380//943 1817//943 2307//943
f 2026//942 1821//942 2035//942
f 2037//994 2088//994 1792//994
f 1363//944 2221//944 1373//944
f 2383//944 1373//944 2221//944
f 1792//995 2026//995 2035//995
f 1792//995 2035//995 2037//995
f 1809//963 2044//963 2307//963
f 1680//1788 1679//1620 2088//1619
f 1841//943 1667//943 2044//943
f 1667//943 1718//943 2044//943
f 2384//1789 2011//1789 1381//1789
f 2383//1790 1378//1790 1373//1790
f 2383//1791 2385//1791 1378//1791
f 1378//1792 2385//1792 2386//1792
f 1376//1793 1378//1793 2386//1793
f 1379//1794 1376//1794 2386//1794
f 1379//1795 2386//1795 2384//1795
f 2384//1796 1381//1796 1379//1796
f 1381//995 2011//995 1868//995
f 2037//994 2036//994 2088//994
f 2384//942 2385//942 2011//942
f 2010//942 2011//942 2383//942
f 2386//942 2385//942 2384//942
f 2387//943 2264//943 2267//943
f 2388//943 2264//943 2387//943
f 2389//943 2390//943 2388//943
f 2267//944 2391//944 2387//944
f 2387//947 2392//947 2388//947
f 2393//945 2394//945 2388//945
f 2338//944 1592//944 1775//944
f 2343//942 2395//942 2136//942
f 2396//1582 2280//1582 2143//1582
f 2143//942 2136//942 2395//942
f 2397//947 2398//947 1993//947
f 2399//943 2397//943 1991//943
f 1993//943 1991//943 2397//943
f 2358//943 2399//943 1991//943
f 1991//943 2332//943 2357//943
f 2358//1797 2400//1797 2399//1797
f 2401//1798 2333//1798 2206//1798
f 2402//1799 2397//1799 2399//1799
f 2332//1800 2187//1800 2357//1800
f 2332//1247 2033//1247 2187//1247
f 2216//1801 2207//1801 2403//1801
f 1865//942 1908//942 1912//942
f 2216//1802 2403//1802 2404//1802
f 2216//1803 2405//1803 2212//1803
f 2406//1373 2075//1373 2072//1373
f 2401//1804 2206//1804 2210//1804
f 2407//1805 2039//1805 2075//1805
f 2407//1806 2075//1807 2406//1808
f 1839//945 1927//945 2255//945
f 1912//1809 2003//1809 2408//1809
f 2190//1810 1912//1810 2408//1810
f 2357//1811 2187//1811 2409//1811
f 2187//1812 2407//1812 2410//1812
f 2039//1813 2407//1813 2187//1813
f 1839//943 1592//943 1927//943
f 2072//1814 2190//1814 2406//1814
f 2407//1806 2406//1808 2410//1815
f 2187//1816 2411//1816 2409//1816
f 2410//1817 2406//1817 2412//1817
f 1615//944 1775//944 1592//944
f 1592//944 1594//944 1615//944
f 2338//943 1927//943 1592//943
f 2187//1818 2410//1818 2411//1818
f 1840//945 1839//945 1929//945
f 1593//995 1592//995 1839//995
f 1593//995 1839//995 1595//995
f 2255//945 1929//945 1839//945
f 1588//942 2158//942 1589//942
f 1994//947 1993//947 2398//947
f 2408//1819 2113//1819 2114//1819
f 2114//1820 2116//1820 2408//1820
f 2399//1821 2400//1821 2402//1821
f 1683//1822 1692//1822 2131//1822
f 2398//1823 2397//1823 2402//1823
f 2131//1824 2129//1824 1683//1824
f 1994//1825 2398//1825 2116//1825
f 2398//1826 2402//1826 2116//1826
f 2402//1827 2413//1827 2116//1827
f 2003//1828 2113//1828 2408//1828
f 1694//942 1693//942 1634//942
f 2408//1829 2116//1830 2413//1831
f 2409//1832 2400//1832 2358//1832
f 2358//1833 2357//1833 2409//1833
f 2411//1834 2400//1834 2409//1834
f 2190//1835 2412//1835 2406//1835
f 2190//1836 2408//1836 2412//1836
f 2405//1837 2211//1837 2212//1837
f 2414//1838 2336//950 2285//1839
f 2401//1840 2210//1840 2211//1840
f 1583//1841 2415//1841 2416//1841
f 2391//957 2270//957 2336//957
f 2280//960 2396//960 2284//960
f 2404//1842 2403//1842 2417//1842
f 2395//956 2396//956 2143//956
f 2392//944 2396//944 2395//944
f 2392//944 2395//944 2345//944
f 2343//944 2345//944 2395//944
f 2417//1843 2418//1843 2404//1843
f 2392//942 2345//942 2393//942
f 2344//942 2393//942 2345//942
f 2393//945 2344//945 2346//945
f 2346//945 2419//945 2393//945
f 2403//1844 1586//1844 1579//1844
f 2050//1206 1844//1206 1843//1206
f 2420//944 2392//944 2421//944
f 2414//944 2421//944 2392//944
f 2391//944 2414//944 2392//944
f 2392//944 2387//944 2391//944
f 1578//1845 2417//1845 2403//1845
f 2270//947 2391//947 2267//947
f 2422//1846 2417//1846 1578//1846
f 2416//1847 2422//1847 1583//1847
f 2422//1848 1578//1848 1583//1848
f 2414//1838 2285//1839 2421//953
f 1578//1849 2403//1849 1579//1849
f 2421//1655 2285//1655 2284//1655
f 2284//954 2420//954 2421//954
f 2403//942 2207//942 1586//1040
f 2391//959 2336//959 2414//959
f 2415//1850 1583//1850 2050//1850
f 2050//1851 1843//1851 2415//1851
f 2423//1852 2330//1852 2326//1852
f 2326//1853 2333//1853 2423//1853
f 2420//944 2396//944 2392//944
f 2284//955 2396//955 2420//955
f 2333//1854 2401//1854 2423//1854
f 2401//1855 2424//1855 2423//1855
f 2330//1856 2423//1856 2331//1856
f 2211//1857 2405//1857 2401//1857
f 2393//945 2425//945 2426//945
f 2393//945 2419//945 2427//945
f 2425//945 2393//945 2427//945
f 2401//1858 2405//1858 2424//1858
f 2388//947 2392//947 2393//947
f 2405//1859 2418//1859 2424//1859
f 2426//945 2394//945 2393//945
f 2389//945 2388//945 2394//945
f 2404//1860 2418//1860 2405//1860
f 2216//1861 2404//1861 2405//1861
f 1843//1862 1842//1862 2334//1862
f 2334//1863 2415//1863 1843//1863
f 2334//1864 2416//1864 2415//1864
f 2424//1865 2428//1865 2423//1865
f 2390//943 1356//943 2388//943
f 2327//1866 2331//1866 2334//1866
f 2331//1867 2423//1867 2428//1867
f 2334//1868 2429//1868 2416//1868
f 2334//1869 2331//1869 2429//1869
f 1347//959 2426//959 1346//959
f 2422//1870 2416//1870 2429//1870
f 2331//1871 2428//1871 2429//1871
f 2418//1872 2422//1872 2429//1872
f 1354//949 2425//949 2427//949
f 2428//1873 2424//1874 2429//1875
f 2418//1876 2417//1876 2422//1876
f 2418//1877 2429//1875 2424//1874
f 1346//1838 2426//950 2425//1839
f 2078//1134 1706//1134 1645//1134
f 1628//1134 1645//1134 1706//1134
f 2078//1878 1645//1878 2356//1878
f 1645//1879 1641//1879 2356//1879
f 1338//945 2430//945 1336//945
f 2430//942 1338//942 2431//942
f 2431//944 1331//944 1330//944
f 1829//1137 1675//1137 1632//1137
f 2213//1584 1375//1583 1380//1693
f 1779//942 1778//942 1781//942
f 1829//1137 1827//1137 1675//1137
f 2432//943 2044//943 1718//943
f 1790//1322 1778//1322 1830//1322
f 2011//995 2008//995 1868//995
f 1886//1880 1826//1880 1828//1880
f 2385//942 2383//942 2011//942
f 1778//1881 1886//1881 1830//1881
f 1886//1882 1828//1882 1830//1882
f 1886//1883 1676//1883 1826//1883
f 2221//942 2223//942 2010//942
f 2433//943 2434//943 1339//943
f 1340//943 1339//943 2434//943
f 1342//943 1341//943 1340//943
f 1334//943 2433//943 1339//943
f 1339//943 1335//943 1334//943
f 1849//1884 1698//1885 1887//1886
f 2435//1887 1467//1887 1340//1887
f 1782//1888 1780//1888 1518//1888
f 1525//1888 1518//1888 1780//1888
f 1473//1180 1782//1180 1518//1180
f 1467//943 2435//943 1468//943
f 2436//943 1468//943 2435//943
f 1898//1237 1787//1237 1902//1237
f 1323//942 1322//942 1525//942
f 2436//1889 2435//1889 2434//1889
f 1467//1887 1342//1887 1340//1887
f 1334//995 1543//995 2437//995
f 2438//1890 2433//1890 1334//1890
f 2438//1890 1334//1890 2437//1890
f 2014//1891 2323//1891 1788//1891
f 1777//1892 1323//1892 1780//1892
f 1525//1892 1780//1892 1323//1892
f 1323//1215 1777//1215 1779//1215
f 1323//1215 1779//1215 1321//1215
f 2438//1893 2436//1893 2433//1893
f 2434//1893 2433//1893 2436//1893
f 1340//1894 2434//1889 2435//1889
f 1883//1227 1854//1227 1891//1227
f 2438//943 2437//943 1468//943
f 1543//943 1468//943 2437//943
f 2436//943 2438//943 1468//943
f 1898//942 1902//942 1889//942
f 1891//942 1889//942 1902//942
f 1559//943 1854//943 1698//943
f 1698//1885 1849//1884 1559//944
f 2318//1748 2323//1748 2010//1748
f 1788//1891 1875//1891 2014//1891
f 1494//943 1499//943 1718//943
f 2221//942 2010//942 2383//942
f 1406//1895 1405//1895 2439//1895
f 1410//973 2439//973 1405//973
f 1409//1896 2440//1896 1407//1896
f 2440//1897 1436//1897 1407//1897
f 1509//1142 1505//1142 1426//1142
f 2348//1898 2352//1899 2371//1900
f 2441//1901 1415//1902 1426//1902
f 1417//1903 1415//1903 2441//1903
f 2110//994 2087//994 2088//994
f 2087//994 1948//994 2088//994
f 1513//994 2088//994 1948//994
f 2036//994 2110//994 2088//994
f 2036//995 2112//995 2111//995
f 2036//995 2111//995 2110//995
f 2442//1904 1416//1904 1421//1904
f 2131//1905 1692//1905 1710//1905
f 2128//1906 1684//1906 1683//1906
f 2128//1907 2088//1907 1684//1907
f 2443//1908 2444//1908 1403//1908
f 2088//1619 1513//1909 1680//1788
f 1683//1910 2129//1442 2128//1441
f 1496//1911 1497//1911 1439//1911
f 2131//1912 1710//1912 1350//1912
f 1437//1913 1480//1913 1474//1913
f 1615//943 2224//943 1775//943
f 1693//942 1635//942 1634//942
f 1476//1914 1408//1914 1474//1914
f 1437//1914 1474//1914 1408//1914
f 1440//1913 1480//1913 1437//1913
f 1442//1915 1436//1915 2432//1915
f 2310//1916 2366//1916 2365//1916
f 2445//1917 2365//1917 2367//1917
f 2371//1918 2363//1918 2446//1918
f 2363//1919 2362//1919 2446//1919
f 2351//1920 2349//1920 2447//1920
f 2448//1921 2348//1898 2371//1900
f 2447//1922 2349//1922 2348//1922
f 2448//1923 2447//1923 2348//1923
f 2447//1924 2448//1924 2449//1924
f 1838//1925 2450//1925 2451//1925
f 2448//1926 2371//1926 2446//1926
f 2446//1927 2449//1928 2448//1929
f 2308//1930 1838//1930 2451//1930
f 2355//1931 2354//1931 2452//1932
f 2354//1933 2351//1933 2452//1933
f 2453//1932 2355//1931 2452//1932
f 2366//1934 2147//1934 2155//1934
f 2352//1137 2353//1137 2371//1137
f 2452//1935 2351//1935 2447//1935
f 2454//1936 2367//1936 2366//1936
f 2310//1937 2147//1937 2366//1937
f 2366//1938 2308//1938 2454//1938
f 2446//1939 2455//1939 2456//1939
f 2451//1940 2454//1940 2308//1940
f 2152//995 2450//995 2049//995
f 2361//1941 2455//1942 2362//1943
f 2451//1944 2457//1944 2454//1944
f 1838//995 2049//995 2450//995
f 2451//1945 2450//1945 2457//1945
f 2446//1946 2362//1943 2455//1942
f 2367//1947 2454//1947 2457//1947
f 2372//1948 2455//1948 2361//1948
f 2372//1949 2361//1949 2360//1949
f 2372//1950 2458//1950 2459//1950
f 2459//1951 2455//1951 2372//1951
f 2413//1952 2402//1952 2400//1952
f 2412//1953 2413//1953 2411//1953
f 2449//1954 2459//1955 2460//1956
f 2452//1957 2460//1957 2461//1957
f 2452//1958 2447//1958 2460//1958
f 2410//1959 2412//1953 2411//1953
f 2400//1960 2411//1960 2413//1960
f 2447//1961 2449//1961 2460//1961
f 2408//1829 2413//1831 2412//1962
f 2459//1955 2449//1954 2456//1963
f 2456//1964 2455//1964 2459//1964
f 1845//943 2025//943 2024//943
f 1845//943 2024//943 1928//943
f 2449//1928 2446//1927 2456//1965
f 2368//995 2029//995 1929//995
f 1667//963 1928//963 2024//963
f 2033//995 2025//995 2029//995
f 2369//1966 2462//1966 2372//1966
f 2255//943 2148//943 2368//943
f 2462//1967 2458//1967 2372//1967
f 2463//995 2464//995 1444//995
f 2463//1890 2465//1890 2464//1890
f 2463//943 2466//943 2027//943
f 2465//943 2463//943 2027//943
f 2458//1968 1564//1968 2459//1968
f 1564//1969 2460//1969 2459//1969
f 1667//943 2027//943 2466//943
f 2466//943 1654//943 1667//943
f 1667//943 1664//943 1665//943
f 1929//943 2255//943 2368//943
f 1444//1014 1443//1014 1654//1014
f 1444//1014 1654//1014 2466//1014
f 1444//995 2466//995 2463//995
f 2461//1970 2460//1970 1564//1970
f 1915//942 1910//942 1919//942
f 1861//942 1864//942 1910//942
f 1864//961 1973//961 1919//961
f 1554//1971 1556//1971 2462//1971
f 2452//1972 2461//1972 1563//1972
f 1563//1973 2453//1973 2452//1973
f 1599//1974 1387//1974 1973//1974
f 2453//942 1552//1016 2355//942
f 1832//1975 1600//1046 1599//1045
f 1598//1044 1387//1976 1599//1045
f 2458//1977 2462//1977 1556//1977
f 1385//964 1377//964 1396//964
f 2177//1978 1385//1978 1396//1978
f 1634//942 2467//942 1694//942
f 2286//963 2468//963 1634//963
f 2347//963 2208//963 2430//963
f 2347//963 2430//963 2431//963
f 2208//945 1336//945 2430//945
f 1331//942 2431//942 1338//942
f 1330//944 2347//944 2431//944
f 1867//943 1494//943 1718//943
f 2278//1979 1482//1979 2294//1979
f 1386//942 1372//942 2208//942
f 1482//1980 1484//1980 2294//1980
f 1833//1981 1832//1981 1599//1981
f 2208//961 1387//961 1386//961
f 2286//1982 2289//1982 2468//1982
f 1352//1983 1349//1983 2277//1983
f 2177//1984 1396//1984 1609//1984
f 2469//1985 2470//1985 2471//1985
f 2470//1986 2457//1986 2471//1986
f 1653//942 1915//942 1919//942
f 2472//943 2473//943 2474//943
f 2474//943 2475//943 2476//943
f 2450//1987 2477//1987 2471//1987
f 2450//1988 2471//1988 2457//1988
f 1493//1989 1459//1989 1454//1989
f 2457//1990 2445//1990 2367//1990
f 1493//1989 1492//1989 1459//1989
f 1452//976 1481//976 1440//976
f 2457//1991 2470//1991 2445//1991
f 2470//1992 2469//1992 2445//1992
f 1452//1993 1460//1993 1481//1993
f 1453//1911 1439//1911 1497//1911
f 2469//1994 1585//1995 2445//1996
f 1585//1995 1570//1997 2445//1996
f 1485//1993 1481//1993 1460//1993
f 1453//1779 1497//1779 1454//1779
f 1493//1779 1454//1779 1497//1779
f 1486//1998 1485//1998 1460//1998
f 2477//1999 2057//1999 2471//1999
f 1492//980 1462//980 1459//980
f 2471//2000 2478//2000 2479//2000
f 2471//2001 2057//2001 2478//2001
f 1577//2002 2479//2002 2478//2002
f 1506//2003 1462//2003 1490//2003
f 1491//2003 1490//2003 1462//2003
f 1562//1998 1486//1998 1460//1998
f 2479//2004 1585//2004 2469//2004
f 1577//1037 1585//1036 2479//2005
f 2480//943 2296//943 2044//943
f 2481//943 2482//943 2224//943
f 2439//943 2481//943 2224//943
f 2235//943 1697//943 2224//943
f 2478//2006 1575//2006 1577//2006
f 2439//1895 2296//1895 1406//1895
f 1547//943 1775//943 1697//943
f 2482//943 2235//943 2224//943
f 2057//2007 1582//2007 2478//2007
f 2481//2008 1410//2008 2482//2008
f 1428//2008 2482//2008 1410//2008
f 1582//2009 1575//2009 2478//2009
f 2469//2010 2471//2010 2479//2010
f 2481//973 2439//973 1410//973
f 1428//2011 1427//2011 2482//2011
f 2480//2012 1409//2012 1406//2012
f 2480//2012 1406//2012 2296//2012
f 2480//1896 2440//1896 1409//1896
f 2440//1897 2432//1897 1436//1897
f 2296//943 2439//943 2224//943
f 2480//943 2044//943 2440//943
f 1718//943 2483//943 2432//943
f 2483//943 1718//943 1499//943
f 2440//943 2044//943 2432//943
f 2057//2013 2477//2014 2192//2015
f 2191//2016 2192//2016 2477//2016
f 2484//1904 2442//1904 1421//1904
f 2191//2017 2477//2017 2152//2017
f 2192//2015 2194//2018 2057//2013
f 2450//2019 2152//2019 2477//2019
f 1569//1772 2079//1772 2038//1461
f 1404//2020 2444//2020 1429//2020
f 2235//2021 1427//2021 1430//2021
f 2370//2022 1570//2022 1569//2022
f 2235//2011 2482//2011 1427//2011
f 2365//2023 2445//2023 1570//2023
f 1404//1908 1403//1908 2444//1908
f 2165//2024 1571//2024 1584//2024
f 2165//2025 2085//2025 1571//2025
f 1486//2026 1562//2026 1414//2026
f 1571//2027 2085//2027 1569//2027
f 1570//2028 1585//2028 1571//2028
f 1417//2029 2485//2029 1418//2029
f 2461//2030 1557//2030 1563//2030
f 1557//1846 2461//1846 1564//1846
f 1444//943 2464//943 1446//943
f 1558//1844 1552//1844 2453//1844
f 1558//2031 2453//2031 1563//2031
f 2486//943 2487//943 2488//943
f 2489//943 2488//943 2487//943
f 2487//943 2476//943 2489//943
f 2490//943 2473//943 2472//943
f 2491//943 2486//943 2488//943
f 2488//943 1446//943 2464//943
f 2464//943 2491//943 2488//943
f 1564//2032 2458//2032 1556//2032
f 1554//1851 2462//1851 2369//1851
f 1552//1016 1512//942 2355//942
f 1699//1206 1554//1206 2369//1206
f 2490//943 2492//943 2473//943
f 1704//2033 2239//2033 2225//2033
f 2239//1737 1702//1737 2225//1737
f 2475//943 2474//943 2473//943
f 2489//943 2476//943 2475//943
f 2493//2034 2492//2034 1401//2034
f 2239//2035 1704//2035 2356//2035
f 2492//2036 1411//2036 1401//2036
f 2473//2037 2492//2037 2493//2037
f 2473//2038 2493//2038 2475//2038
f 2494//943 2495//943 2027//943
f 2496//943 2027//943 2495//943
f 2494//943 2027//943 2497//943
f 2498//974 2499//974 1906//974
f 2498//1180 1906//1180 1863//1180
f 2498//1180 1863//1180 2500//1180
f 2500//942 2501//942 2498//942
f 2487//1887 2495//1887 2476//1887
f 2494//1887 2476//1887 2495//1887
f 1906//974 2499//974 1907//974
f 1400//1001 1908//1001 2502//1001
f 1907//996 2499//996 1908//996
f 2502//996 1908//996 2499//996
f 2476//973 2494//2039 2497//973
f 2502//942 2499//942 2503//942
f 2501//942 2503//942 2498//942
f 2497//997 2184//997 2474//997
f 2472//997 2474//997 2184//997
f 2474//973 2476//973 2497//973
f 1862//2040 1860//2040 2504//1892
f 1862//2040 2504//1892 2505//1892
f 2504//1215 1860//1215 1652//1215
f 2500//1888 1863//2041 2505//1888
f 1862//2041 2505//1888 1863//2041
f 2496//1889 2495//1889 2486//1894
f 1652//963 1861//963 1648//963
f 2491//1890 2464//1890 2465//1890
f 2465//943 2027//943 2496//943
f 2504//942 1652//942 1651//942
f 1648//942 1447//942 1652//942
f 2505//942 2504//942 1651//942
f 1651//942 2501//942 2505//942
f 2500//942 2505//942 2501//942
f 1651//1146 1447//1146 1446//1146
f 1651//1148 1446//1148 2488//1148
f 2465//1893 2496//1893 2491//1893
f 2486//1893 2491//1893 2496//1893
f 2495//1889 2487//1894 2486//1894
f 1401//942 1400//942 2493//942
f 2501//1003 1651//1003 2488//1003
f 2501//2042 2488//2042 2489//2042
f 2503//2043 2501//2043 2489//2043
f 2503//2044 2489//2044 2475//2044
f 2475//2045 2493//2045 2503//2045
f 2499//942 2498//942 2503//942
f 2503//942 2493//942 2502//942
f 2493//942 1400//942 2502//942
f 1751//943 1729//943 1431//943
f 2506//943 2507//943 2508//943
f 2509//943 1431//943 1729//943
f 1751//943 1728//943 1729//943
f 2490//943 2510//943 2492//943
f 2510//943 2506//943 2508//943
f 2509//943 2508//943 2507//943
f 1431//943 2509//943 2507//943
f 2508//943 2492//943 2510//943
f 2509//2046 1412//2046 1411//2046
f 2508//2047 2509//2047 1411//2047
f 2509//2048 1730//2048 1412//2048
f 1729//2049 1730//2049 2509//2049
f 2508//2050 1411//2050 2492//2050
f 1433//2051 1752//2051 1751//1640
f 2472//998 2184//998 2490//998
f 1433//2051 1751//1640 1431//1640
f 1432//1638 2507//1638 2506//1638
f 1432//967 1431//967 2507//967
f 2511//943 2184//943 1435//943
f 2497//943 2027//943 2184//943
f 2490//998 2184//998 2511//998
f 2512//1002 2506//1002 2513//1002
f 2512//1638 1432//1638 2506//1638
f 1914//1000 1400//1000 1913//1000
f 1402//1000 1913//1000 1400//1000
f 1420//2052 1913//2052 1419//1006
f 1402//1006 1419//1006 1913//2052
f 1400//1001 1914//1001 1908//1001
f 2510//999 2490//999 2513//999
f 2513//999 2490//999 2511//999
f 2506//1002 2510//1002 2513//1002
f 2513//943 1435//943 2512//943
f 1432//943 2512//943 1435//943
f 2511//943 1435//943 2513//943
f 1609//1205 1833//1196 2175//2053
f 2175//2054 1833//2054 1599//2054
f 1482//2055 2278//2055 2277//2055
f 2175//2056 2177//2056 1609//2056
f 1710//1609 1348//1609 1350//1609
f 2514//2057 1688//2057 1694//2057
f 2324//2058 2335//2058 2262//2058
f 2324//2059 1848//2059 2335//2059
f 1848//2060 1567//2060 2335//2060
f 1846//1639 2262//1639 2198//1639
f 2264//1639 2198//1639 2262//1639
f 1848//2061 1572//2061 1567//2061
f 2515//943 2516//943 2198//943
f 2196//943 2198//943 2516//943
f 2264//943 1356//943 2198//943
f 2517//2062 1694//2062 2467//2062
f 2515//943 2198//943 1356//943
f 2264//943 2388//943 1356//943
f 1343//947 2196//947 2516//947
f 1351//2063 2518//2064 1349//2065
f 2518//2064 1351//2063 1487//2066
f 2518//2067 1483//2067 1482//2067
f 1572//995 2325//995 1718//995
f 1487//2068 1478//2068 2518//2068
f 2390//944 1347//944 1356//944
f 1483//2069 2518//2069 1478//2069
f 1482//2070 2277//2070 1349//2070
f 2518//2071 1482//2071 1349//2071
f 2325//943 1867//943 1718//943
f 1487//2072 1351//2072 1353//2072
f 1374//947 2196//947 1343//947
f 1498//2073 1484//2073 1483//2073
f 2390//947 2389//947 2394//947
f 1347//947 2390//947 2394//947
f 2289//2074 1484//2074 2468//2074
f 2515//947 1356//947 1338//947
f 1338//945 1343//945 2515//945
f 2516//945 2515//945 1343//945
f 1484//2075 1498//2075 2468//2075
f 2394//957 2426//957 1347//957
f 2468//2076 2467//2076 1634//2076
f 2519//2077 2467//2077 2468//2077
f 1355//954 1354//954 2427//954
f 1332//1582 2419//1582 2346//1582
f 2346//956 1330//956 1332//956
f 2346//942 2347//942 1330//942
f 2520//2078 2514//2078 2517//2078
f 2425//1839 1354//953 1346//1838
f 1694//2079 2517//2079 2514//2079
f 1355//955 2427//955 1332//955
f 1688//2080 2514//2080 1479//2080
f 2427//960 2419//960 1332//960
f 1479//2081 1502//2081 1688//2081
f 1416//2082 2442//2082 1414//2082
f 1503//943 1697//943 2521//943
f 2521//995 2227//995 1423//995
f 1422//995 1423//995 2227//995
f 2227//943 2521//943 1697//943
f 2227//2083 2226//2083 1430//2083
f 2227//2083 1430//2083 1422//2083
f 2444//943 2443//943 1475//943
f 1476//943 1475//943 2443//943
f 1429//2084 1475//2084 1421//2084
f 2484//2084 1421//2084 1475//2084
f 2522//2085 2521//2085 1423//2085
f 1430//2021 2226//2021 2235//2021
f 1429//2020 2444//2020 1475//2020
f 1488//943 2442//943 1480//943
f 1486//2026 1414//2026 1488//2026
f 1481//943 1486//943 1480//943
f 1505//943 1503//943 2523//943
f 1426//1142 1505//1142 2523//1142
f 2523//943 1503//943 2441//943
f 1426//1902 2523//1901 2441//1901
f 2441//943 1503//943 2485//943
f 2485//1903 1417//1903 2441//1903
f 2522//943 1503//943 2521//943
f 2485//943 1503//943 2522//943
f 1418//2029 2485//2029 2522//2029
f 1423//2085 1418//2085 2522//2085
f 2442//2082 1488//2082 1414//2082
f 2484//943 1480//943 2442//943
f 1475//943 1480//943 2484//943
f 1499//1188 1441//1188 2483//1188
f 1442//1188 2483//1188 1441//1188
f 1441//2086 1499//2086 1439//2086
f 1496//2086 1439//2086 1499//2086
f 2443//2087 1403//2087 1476//2087
f 1476//2087 1403//2087 1408//2087
f 1442//1915 2432//1915 2483//1915
f 2520//2088 2517//2088 2519//2088
f 2517//2089 2467//2089 2519//2089
f 1478//2090 1477//2090 1498//2090
f 1477//2091 2520//2091 1498//2091
f 1498//2092 2519//2092 2468//2092
f 1498//2093 2520//2093 2519//2093
f 1477//2094 1479//2094 2514//2094
f 1477//2095 2514//2095 2520//2095
o sticker
v -134.543213 28.444191 -7.556164
v -134.543213 74.358604 -7.556168
v -134.543213 28.444191 -8.195180
v -134.543213 74.358604 -8.195183
v -45.966366 28.444191 -7.556164
v -45.966366 74.358604 -7.556168
v -45.966366 28.444191 -8.195180
v -45.966366 74.358604 -8.195183
vn -1.0000 -0.0000 -0.0000
vn -0.0000 -0.0000 -1.0000
vn 1.0000 -0.0000 -0.0000
vn -0.0000 -0.0000 1.0000
vn -0.0000 -1.0000 -0.0000
vn -0.0000 1.0000 -0.0000
s 1
f 2524//2096 2525//2096 2527//2096 2526//2096
f 2526//2097 2527//2097 2531//2097 2530//2097
f 2530//2098 2531//2098 2529//2098 2528//2098
f 2528//2099 2529//2099 2525//2099 2524//2099
f 2526//2100 2530//2100 2528//2100 2524//2100
f 2531//2101 2527//2101 2525//2101 2529//2101
